time_s,robot_id,robot_name,key,protocol,pwm_left,pwm_right,sonic_angle_deg,sonic_distance_cm,reason
0.0,r01,r01,e,"$0,0,0,0,0,0,0,0,0#",0,0,7,369,init
0.0,r02,r02,e,"$0,0,0,0,0,0,0,0,0#",0,0,2,387,init
0.0,r03,r03,e,"$0,0,0,0,0,0,0,0,0#",0,0,3,349,init
0.0,r04,r04,e,"$0,0,0,0,0,0,0,0,0#",0,0,-2,406,init
0.0,r05,r05,e,"$0,0,0,0,0,0,0,0,0#",0,0,-2,368,init
0.0,r06,r06,e,"$0,0,0,0,0,0,0,0,0#",0,0,-2,330,init
0.0,r07,r07,e,"$0,0,0,0,0,0,0,0,0#",0,0,0,-1,init
0.2,r01,r01,d,"$4,0,0,0,0,0,0,0,0#",7000,5000,10,367,adaptive_split_to_bypass_target
0.2,r02,r02,e,"$0,0,0,0,0,0,0,0,0#",0,0,2,387,adaptive_split_to_bypass_target
0.2,r03,r03,d,"$4,0,0,0,0,0,0,0,0#",7000,5000,6,347,adaptive_split_to_bypass_target
0.2,r04,r04,e,"$0,0,0,0,0,0,0,0,0#",0,0,-2,406,adaptive_split_to_bypass_target
0.2,r05,r05,e,"$0,0,0,0,0,0,0,0,0#",0,0,-2,368,adaptive_split_to_bypass_target
0.2,r06,r06,a,"$3,0,0,0,0,0,0,0,0#",4000,7000,-6,328,adaptive_split_to_bypass_target
0.2,r07,r07,a,"$3,0,0,0,0,0,0,0,0#",5000,7000,0,-1,adaptive_split_to_bypass_target
0.4,r01,r01,w,"$1,0,0,0,0,0,0,0,0#",12000,11000,11,362,cached_adaptive_split
0.4,r02,r02,d,"$4,0,0,0,0,0,0,0,0#",7000,5000,6,385,adaptive_split_to_bypass_target
0.4,r03,r03,w,"$1,0,0,0,0,0,0,0,0#",12000,11000,8,343,adaptive_split_to_bypass_target
0.4,r04,r04,e,"$0,0,0,0,0,0,0,0,0#",0,0,-2,406,cached_adaptive_split
0.4,r05,r05,a,"$3,0,0,0,0,0,0,0,0#",5000,7000,-5,366,cached_adaptive_split
0.4,r06,r06,w,"$1,0,0,0,0,0,0,0,0#",11000,12000,-8,324,cached_adaptive_split
0.4,r07,r07,w,"$1,0,0,0,0,0,0,0,0#",11000,12000,0,-1,cached_adaptive_split
0.6,r01,r01,w,"$1,0,0,0,0,0,0,0,0#",17000,16000,12,356,cached_adaptive_split
0.6,r02,r02,w,"$1,0,0,0,0,0,0,0,0#",12000,11000,8,381,cached_adaptive_split
0.6,r03,r03,w,"$1,0,0,0,0,0,0,0,0#",17000,16000,10,336,cached_adaptive_split
0.6,r04,r04,d,"$4,0,0,0,0,0,0,0,0#",8000,4000,3,404,cached_adaptive_split
0.6,r05,r05,w,"$1,0,0,0,0,0,0,0,0#",11000,12000,-7,362,cached_adaptive_split
0.6,r06,r06,w,"$1,0,0,0,0,0,0,0,0#",16000,17000,-9,317,cached_adaptive_split
0.6,r07,r07,w,"$1,0,0,0,0,0,0,0,0#",16000,17000,0,-1,cached_adaptive_split
0.8,r01,r01,w,"$1,0,0,0,0,0,0,0,0#",16000,16000,13,350,cached_adaptive_split
0.8,r02,r02,w,"$1,0,0,0,0,0,0,0,0#",17000,16000,8,374,cached_adaptive_split
0.8,r03,r03,w,"$1,0,0,0,0,0,0,0,0#",17000,16000,11,330,cached_adaptive_split
0.8,r04,r04,w,"$1,0,0,0,0,0,0,0,0#",12000,11000,6,400,cached_adaptive_split
0.8,r05,r05,w,"$1,0,0,0,0,0,0,0,0#",16000,17000,-8,355,cached_adaptive_split
0.8,r06,r06,w,"$1,0,0,0,0,0,0,0,0#",16000,17000,-10,311,cached_adaptive_split
0.8,r07,r07,w,"$1,0,0,0,0,0,0,0,0#",16000,16000,-10,407,cached_adaptive_split
1.0,r01,r01,w,"$1,0,0,0,0,0,0,0,0#",16000,16000,13,344,adaptive_split_to_bypass_target
1.0,r02,r02,w,"$1,0,0,0,0,0,0,0,0#",16000,16000,9,368,adaptive_split_to_bypass_target
1.0,r03,r03,w,"$1,0,0,0,0,0,0,0,0#",16000,16000,11,324,adaptive_split_to_bypass_target
1.0,r04,r04,w,"$1,0,0,0,0,0,0,0,0#",17000,16000,7,394,adaptive_split_to_bypass_target
1.0,r05,r05,w,"$1,0,0,0,0,0,0,0,0#",16000,17000,-8,349,adaptive_split_to_bypass_target
1.0,r06,r06,w,"$1,0,0,0,0,0,0,0,0#",16000,16000,-10,305,adaptive_split_to_bypass_target
1.0,r07,r07,w,"$1,0,0,0,0,0,0,0,0#",16000,16000,-10,400,adaptive_split_to_bypass_target
1.2,r01,r01,w,"$1,0,0,0,0,0,0,0,0#",16000,16000,13,338,cached_adaptive_split
1.2,r02,r02,w,"$1,0,0,0,0,0,0,0,0#",16000,16000,9,362,cached_adaptive_split
1.2,r03,r03,w,"$1,0,0,0,0,0,0,0,0#",16000,16000,11,318,cached_adaptive_split
1.2,r04,r04,w,"$1,0,0,0,0,0,0,0,0#",17000,16000,8,387,cached_adaptive_split
1.2,r05,r05,w,"$1,0,0,0,0,0,0,0,0#",16000,16000,-9,343,cached_adaptive_split
1.2,r06,r06,w,"$1,0,0,0,0,0,0,0,0#",16000,16000,-10,299,cached_adaptive_split
1.2,r07,r07,w,"$1,0,0,0,0,0,0,0,0#",16000,16000,-10,394,cached_adaptive_split
1.4,r01,r01,w,"$1,0,0,0,0,0,0,0,0#",16000,16000,13,331,cached_adaptive_split
1.4,r02,r02,w,"$1,0,0,0,0,0,0,0,0#",16000,16000,9,356,cached_adaptive_split
1.4,r03,r03,w,"$1,0,0,0,0,0,0,0,0#",16000,16000,11,312,cached_adaptive_split
1.4,r04,r04,w,"$1,0,0,0,0,0,0,0,0#",16000,16000,8,381,cached_adaptive_split
1.4,r05,r05,w,"$1,0,0,0,0,0,0,0,0#",16000,16000,-9,337,cached_adaptive_split
1.4,r06,r06,w,"$1,0,0,0,0,0,0,0,0#",16000,16000,-10,293,cached_adaptive_split
1.4,r07,r07,w,"$1,0,0,0,0,0,0,0,0#",16000,16000,-11,388,cached_adaptive_split
1.6,r01,r01,w,"$1,0,0,0,0,0,0,0,0#",16000,16000,13,325,cached_adaptive_split
1.6,r02,r02,w,"$1,0,0,0,0,0,0,0,0#",16000,16000,9,350,cached_adaptive_split
1.6,r03,r03,w,"$1,0,0,0,0,0,0,0,0#",16000,16000,11,306,cached_adaptive_split
1.6,r04,r04,w,"$1,0,0,0,0,0,0,0,0#",16000,16000,8,375,cached_adaptive_split
1.6,r05,r05,w,"$1,0,0,0,0,0,0,0,0#",16000,16000,-9,331,cached_adaptive_split
1.6,r06,r06,w,"$1,0,0,0,0,0,0,0,0#",16000,16000,-10,287,cached_adaptive_split
1.6,r07,r07,w,"$1,0,0,0,0,0,0,0,0#",16000,16000,-11,382,cached_adaptive_split
1.8,r01,r01,w,"$1,0,0,0,0,0,0,0,0#",16000,16000,14,319,adaptive_split_to_bypass_target
1.8,r02,r02,w,"$1,0,0,0,0,0,0,0,0#",16000,16000,9,343,adaptive_split_to_bypass_target
1.8,r03,r03,w,"$1,0,0,0,0,0,0,0,0#",16000,16000,12,299,adaptive_split_to_bypass_target
1.8,r04,r04,w,"$1,0,0,0,0,0,0,0,0#",16000,16000,9,369,adaptive_split_to_bypass_target
1.8,r05,r05,w,"$1,0,0,0,0,0,0,0,0#",16000,16000,-9,324,adaptive_split_to_bypass_target
1.8,r06,r06,w,"$1,0,0,0,0,0,0,0,0#",16000,16000,-10,280,adaptive_split_to_bypass_target
1.8,r07,r07,w,"$1,0,0,0,0,0,0,0,0#",16000,16000,-11,376,adaptive_split_to_bypass_target
2.0,r01,r01,w,"$1,0,0,0,0,0,0,0,0#",16000,16000,14,313,cached_adaptive_split
2.0,r02,r02,w,"$1,0,0,0,0,0,0,0,0#",16000,16000,9,337,cached_adaptive_split
2.0,r03,r03,w,"$1,0,0,0,0,0,0,0,0#",16000,16000,12,293,cached_adaptive_split
2.0,r04,r04,w,"$1,0,0,0,0,0,0,0,0#",16000,16000,9,363,cached_adaptive_split
2.0,r05,r05,w,"$1,0,0,0,0,0,0,0,0#",16000,16000,-9,318,cached_adaptive_split
2.0,r06,r06,w,"$1,0,0,0,0,0,0,0,0#",16000,16000,-11,274,cached_adaptive_split
2.0,r07,r07,w,"$1,0,0,0,0,0,0,0,0#",16000,16000,-11,369,cached_adaptive_split
2.2,r01,r01,w,"$1,0,0,0,0,0,0,0,0#",16000,16000,14,307,cached_adaptive_split
2.2,r02,r02,w,"$1,0,0,0,0,0,0,0,0#",16000,16000,10,331,cached_adaptive_split
2.2,r03,r03,w,"$1,0,0,0,0,0,0,0,0#",16000,16000,12,287,cached_adaptive_split
2.2,r04,r04,w,"$1,0,0,0,0,0,0,0,0#",16000,16000,9,357,cached_adaptive_split
2.2,r05,r05,w,"$1,0,0,0,0,0,0,0,0#",16000,16000,-9,312,cached_adaptive_split
2.2,r06,r06,w,"$1,0,0,0,0,0,0,0,0#",16000,16000,-11,268,cached_adaptive_split
2.2,r07,r07,w,"$1,0,0,0,0,0,0,0,0#",16000,16000,-11,363,cached_adaptive_split
2.4,r01,r01,w,"$1,0,0,0,0,0,0,0,0#",16000,16000,14,301,cached_adaptive_split
2.4,r02,r02,w,"$1,0,0,0,0,0,0,0,0#",16000,16000,10,325,cached_adaptive_split
2.4,r03,r03,w,"$1,0,0,0,0,0,0,0,0#",16000,16000,12,281,cached_adaptive_split
2.4,r04,r04,w,"$1,0,0,0,0,0,0,0,0#",16000,16000,9,351,cached_adaptive_split
2.4,r05,r05,w,"$1,0,0,0,0,0,0,0,0#",16000,16000,-9,306,cached_adaptive_split
2.4,r06,r06,w,"$1,0,0,0,0,0,0,0,0#",16000,16000,-11,262,cached_adaptive_split
2.4,r07,r07,w,"$1,0,0,0,0,0,0,0,0#",16000,16000,-11,357,cached_adaptive_split
2.6,r01,r01,w,"$1,0,0,0,0,0,0,0,0#",16000,16000,15,294,adaptive_split_to_bypass_target
2.6,r02,r02,w,"$1,0,0,0,0,0,0,0,0#",16000,16000,10,319,adaptive_split_to_bypass_target
2.6,r03,r03,w,"$1,0,0,0,0,0,0,0,0#",16000,16000,12,275,adaptive_split_to_bypass_target
2.6,r04,r04,w,"$1,0,0,0,0,0,0,0,0#",16000,16000,9,344,adaptive_split_to_bypass_target
2.6,r05,r05,w,"$1,0,0,0,0,0,0,0,0#",16000,16000,-10,300,adaptive_split_to_bypass_target
2.6,r06,r06,w,"$1,0,0,0,0,0,0,0,0#",16000,16000,-11,256,adaptive_split_to_bypass_target
2.6,r07,r07,w,"$1,0,0,0,0,0,0,0,0#",16000,16000,-11,351,adaptive_split_to_bypass_target
2.8,r01,r01,w,"$1,0,0,0,0,0,0,0,0#",16000,16000,15,288,cached_adaptive_split
2.8,r02,r02,w,"$1,0,0,0,0,0,0,0,0#",16000,16000,10,312,cached_adaptive_split
2.8,r03,r03,w,"$1,0,0,0,0,0,0,0,0#",16000,16000,13,269,cached_adaptive_split
2.8,r04,r04,w,"$1,0,0,0,0,0,0,0,0#",16000,16000,9,338,cached_adaptive_split
2.8,r05,r05,w,"$1,0,0,0,0,0,0,0,0#",16000,16000,-10,294,cached_adaptive_split
2.8,r06,r06,w,"$1,0,0,0,0,0,0,0,0#",16000,16000,-11,249,cached_adaptive_split
2.8,r07,r07,w,"$1,0,0,0,0,0,0,0,0#",16000,16000,-12,345,cached_adaptive_split
3.0,r01,r01,w,"$1,0,0,0,0,0,0,0,0#",16000,16000,15,282,cached_adaptive_split
3.0,r02,r02,w,"$1,0,0,0,0,0,0,0,0#",16000,16000,10,306,cached_adaptive_split
3.0,r03,r03,w,"$1,0,0,0,0,0,0,0,0#",16000,16000,13,262,cached_adaptive_split
3.0,r04,r04,w,"$1,0,0,0,0,0,0,0,0#",16000,16000,9,332,cached_adaptive_split
3.0,r05,r05,w,"$1,0,0,0,0,0,0,0,0#",16000,16000,-10,287,cached_adaptive_split
3.0,r06,r06,w,"$1,0,0,0,0,0,0,0,0#",16000,16000,-12,243,cached_adaptive_split
3.0,r07,r07,w,"$1,0,0,0,0,0,0,0,0#",16000,16000,-12,338,cached_adaptive_split
3.2,r01,r01,w,"$1,0,0,0,0,0,0,0,0#",16000,16000,15,276,cached_adaptive_split
3.2,r02,r02,w,"$1,0,0,0,0,0,0,0,0#",16000,16000,10,300,cached_adaptive_split
3.2,r03,r03,w,"$1,0,0,0,0,0,0,0,0#",16000,16000,13,256,cached_adaptive_split
3.2,r04,r04,w,"$1,0,0,0,0,0,0,0,0#",16000,16000,9,326,cached_adaptive_split
3.2,r05,r05,w,"$1,0,0,0,0,0,0,0,0#",16000,16000,-10,281,cached_adaptive_split
3.2,r06,r06,w,"$1,0,0,0,0,0,0,0,0#",16000,16000,-12,237,cached_adaptive_split
3.2,r07,r07,w,"$1,0,0,0,0,0,0,0,0#",16000,16000,-12,332,cached_adaptive_split
3.4,r01,r01,w,"$1,0,0,0,0,0,0,0,0#",16000,16000,16,270,adaptive_split_to_bypass_target
3.4,r02,r02,w,"$1,0,0,0,0,0,0,0,0#",16000,16000,11,294,adaptive_split_to_bypass_target
3.4,r03,r03,w,"$1,0,0,0,0,0,0,0,0#",16000,16000,13,250,adaptive_split_to_bypass_target
3.4,r04,r04,w,"$1,0,0,0,0,0,0,0,0#",16000,16000,9,320,adaptive_split_to_bypass_target
3.4,r05,r05,w,"$1,0,0,0,0,0,0,0,0#",16000,16000,-10,275,adaptive_split_to_bypass_target
3.4,r06,r06,w,"$1,0,0,0,0,0,0,0,0#",16000,16000,-12,231,adaptive_split_to_bypass_target
3.4,r07,r07,w,"$1,0,0,0,0,0,0,0,0#",16000,16000,-12,326,adaptive_split_to_bypass_target
3.6,r01,r01,w,"$1,0,0,0,0,0,0,0,0#",16000,16000,16,264,cached_adaptive_split
3.6,r02,r02,w,"$1,0,0,0,0,0,0,0,0#",16000,16000,11,288,cached_adaptive_split
3.6,r03,r03,w,"$1,0,0,0,0,0,0,0,0#",16000,16000,14,244,cached_adaptive_split
3.6,r04,r04,w,"$1,0,0,0,0,0,0,0,0#",16000,16000,10,314,cached_adaptive_split
3.6,r05,r05,w,"$1,0,0,0,0,0,0,0,0#",16000,16000,-11,269,cached_adaptive_split
3.6,r06,r06,w,"$1,0,0,0,0,0,0,0,0#",16000,16000,-12,225,cached_adaptive_split
3.6,r07,r07,w,"$1,0,0,0,0,0,0,0,0#",16000,16000,-12,320,cached_adaptive_split
3.8,r01,r01,w,"$1,0,0,0,0,0,0,0,0#",16000,16000,16,258,cached_adaptive_split
3.8,r02,r02,w,"$1,0,0,0,0,0,0,0,0#",16000,16000,11,281,cached_adaptive_split
3.8,r03,r03,w,"$1,0,0,0,0,0,0,0,0#",16000,16000,14,238,cached_adaptive_split
3.8,r04,r04,w,"$1,0,0,0,0,0,0,0,0#",16000,16000,10,308,cached_adaptive_split
3.8,r05,r05,w,"$1,0,0,0,0,0,0,0,0#",16000,16000,-11,263,cached_adaptive_split
3.8,r06,r06,w,"$1,0,0,0,0,0,0,0,0#",16000,16000,-13,218,cached_adaptive_split
3.8,r07,r07,w,"$1,0,0,0,0,0,0,0,0#",16000,16000,-13,314,cached_adaptive_split
4.0,r01,r01,w,"$1,0,0,0,0,0,0,0,0#",16000,16000,17,251,cached_adaptive_split
4.0,r02,r02,w,"$1,0,0,0,0,0,0,0,0#",16000,16000,11,275,cached_adaptive_split
4.0,r03,r03,w,"$1,0,0,0,0,0,0,0,0#",16000,16000,14,231,cached_adaptive_split
4.0,r04,r04,w,"$1,0,0,0,0,0,0,0,0#",16000,16000,10,301,cached_adaptive_split
4.0,r05,r05,w,"$1,0,0,0,0,0,0,0,0#",16000,16000,-11,256,cached_adaptive_split
4.0,r06,r06,w,"$1,0,0,0,0,0,0,0,0#",16000,16000,-13,212,cached_adaptive_split
4.0,r07,r07,w,"$1,0,0,0,0,0,0,0,0#",16000,16000,-13,308,cached_adaptive_split
4.2,r01,r01,w,"$1,0,0,0,0,0,0,0,0#",16000,16000,17,245,adaptive_split_to_bypass_target
4.2,r02,r02,w,"$1,0,0,0,0,0,0,0,0#",16000,16000,11,269,adaptive_split_to_bypass_target
4.2,r03,r03,w,"$1,0,0,0,0,0,0,0,0#",16000,16000,15,225,adaptive_split_to_bypass_target
4.2,r04,r04,w,"$1,0,0,0,0,0,0,0,0#",16000,16000,10,295,adaptive_split_to_bypass_target
4.2,r05,r05,w,"$1,0,0,0,0,0,0,0,0#",16000,16000,-11,250,adaptive_split_to_bypass_target
4.2,r06,r06,w,"$1,0,0,0,0,0,0,0,0#",16000,16000,-13,206,adaptive_split_to_bypass_target
4.2,r07,r07,w,"$1,0,0,0,0,0,0,0,0#",16000,16000,-13,301,adaptive_split_to_bypass_target
4.4,r01,r01,w,"$1,0,0,0,0,0,0,0,0#",16000,16000,17,239,adaptive_split_to_bypass_target
4.4,r02,r02,w,"$1,0,0,0,0,0,0,0,0#",16000,16000,12,263,adaptive_split_to_bypass_target
4.4,r03,r03,w,"$1,0,0,0,0,0,0,0,0#",16000,16000,15,219,adaptive_split_to_bypass_target
4.4,r04,r04,w,"$1,0,0,0,0,0,0,0,0#",16000,16000,10,289,adaptive_split_to_bypass_target
4.4,r05,r05,w,"$1,0,0,0,0,0,0,0,0#",16000,17000,-12,244,adaptive_split_to_bypass_target
4.4,r06,r06,w,"$1,0,0,0,0,0,0,0,0#",16000,17000,-14,200,adaptive_split_to_bypass_target
4.4,r07,r07,w,"$1,0,0,0,0,0,0,0,0#",16000,16000,-13,295,adaptive_split_to_bypass_target
4.6,r01,r01,w,"$1,0,0,0,0,0,0,0,0#",16000,16000,18,233,cached_adaptive_split
4.6,r02,r02,w,"$1,0,0,0,0,0,0,0,0#",16000,16000,12,257,cached_adaptive_split
4.6,r03,r03,w,"$1,0,0,0,0,0,0,0,0#",16000,16000,15,213,cached_adaptive_split
4.6,r04,r04,w,"$1,0,0,0,0,0,0,0,0#",16000,16000,11,283,cached_adaptive_split
4.6,r05,r05,w,"$1,0,0,0,0,0,0,0,0#",16000,17000,-14,238,cached_adaptive_split
4.6,r06,r06,w,"$1,0,0,0,0,0,0,0,0#",16000,17000,-16,194,cached_adaptive_split
4.6,r07,r07,w,"$1,0,0,0,0,0,0,0,0#",16000,16000,-14,289,cached_adaptive_split
4.8,r01,r01,w,"$1,0,0,0,0,0,0,0,0#",16000,16000,18,227,cached_adaptive_split
4.8,r02,r02,w,"$1,0,0,0,0,0,0,0,0#",16000,16000,12,250,cached_adaptive_split
4.8,r03,r03,w,"$1,0,0,0,0,0,0,0,0#",16000,16000,16,207,cached_adaptive_split
4.8,r04,r04,w,"$1,0,0,0,0,0,0,0,0#",16000,16000,11,277,cached_adaptive_split
4.8,r05,r05,w,"$1,0,0,0,0,0,0,0,0#",16000,17000,-14,232,cached_adaptive_split
4.8,r06,r06,w,"$1,0,0,0,0,0,0,0,0#",16000,17000,-16,188,cached_adaptive_split
4.8,r07,r07,w,"$1,0,0,0,0,0,0,0,0#",16000,16000,-14,283,cached_adaptive_split
5.0,r01,r01,w,"$1,0,0,0,0,0,0,0,0#",16000,16000,18,221,adaptive_split_to_bypass_target
5.0,r02,r02,w,"$1,0,0,0,0,0,0,0,0#",16000,16000,12,244,adaptive_split_to_bypass_target
5.0,r03,r03,w,"$1,0,0,0,0,0,0,0,0#",16000,16000,16,201,adaptive_split_to_bypass_target
5.0,r04,r04,w,"$1,0,0,0,0,0,0,0,0#",16000,16000,11,271,adaptive_split_to_bypass_target
5.0,r05,r05,w,"$1,0,0,0,0,0,0,0,0#",16000,16000,-15,225,adaptive_split_to_bypass_target
5.0,r06,r06,w,"$1,0,0,0,0,0,0,0,0#",16000,16000,-17,181,adaptive_split_to_bypass_target
5.0,r07,r07,w,"$1,0,0,0,0,0,0,0,0#",16000,16000,-14,277,adaptive_split_to_bypass_target
5.2,r01,r01,w,"$1,0,0,0,0,0,0,0,0#",16000,17000,18,215,adaptive_split_to_bypass_target
5.2,r02,r02,w,"$1,0,0,0,0,0,0,0,0#",16000,17000,12,238,adaptive_split_to_bypass_target
5.2,r03,r03,w,"$1,0,0,0,0,0,0,0,0#",16000,17000,16,194,adaptive_split_to_bypass_target
5.2,r04,r04,w,"$1,0,0,0,0,0,0,0,0#",16000,16000,11,264,adaptive_split_to_bypass_target
5.2,r05,r05,d,"$4,0,0,0,0,0,0,0,0#",18000,14000,-10,219,adaptive_split_to_bypass_target
5.2,r06,r06,d,"$4,0,0,0,0,0,0,0,0#",18000,14000,-12,175,adaptive_split_to_bypass_target
5.2,r07,r07,w,"$1,0,0,0,0,0,0,0,0#",17000,16000,-13,271,adaptive_split_to_bypass_target
5.4,r01,r01,w,"$1,0,0,0,0,0,0,0,0#",16000,17000,18,209,cached_adaptive_split
5.4,r02,r02,w,"$1,0,0,0,0,0,0,0,0#",16000,16000,12,232,cached_adaptive_split
5.4,r03,r03,w,"$1,0,0,0,0,0,0,0,0#",16000,17000,16,188,cached_adaptive_split
5.4,r04,r04,w,"$1,0,0,0,0,0,0,0,0#",16000,16000,12,258,cached_adaptive_split
5.4,r05,r05,d,"$4,0,0,0,0,0,0,0,0#",19000,13000,-3,213,cached_adaptive_split
5.4,r06,r06,d,"$4,0,0,0,0,0,0,0,0#",19000,13000,-4,169,cached_adaptive_split
5.4,r07,r07,w,"$1,0,0,0,0,0,0,0,0#",17000,16000,-12,264,cached_adaptive_split
5.6,r01,r01,w,"$1,0,0,0,0,0,0,0,0#",16000,16000,19,203,cached_adaptive_split
5.6,r02,r02,w,"$1,0,0,0,0,0,0,0,0#",16000,16000,12,226,cached_adaptive_split
5.6,r03,r03,w,"$1,0,0,0,0,0,0,0,0#",16000,17000,16,182,cached_adaptive_split
5.6,r04,r04,w,"$1,0,0,0,0,0,0,0,0#",16000,16000,12,252,cached_adaptive_split
5.6,r05,r05,d,"$4,0,0,0,0,0,0,0,0#",19000,14000,4,207,cached_adaptive_split
5.6,r06,r06,d,"$4,0,0,0,0,0,0,0,0#",19000,13000,4,163,cached_adaptive_split
5.6,r07,r07,w,"$1,0,0,0,0,0,0,0,0#",17000,16000,-12,258,cached_adaptive_split
5.8,r01,r01,w,"$1,0,0,0,0,0,0,0,0#",16000,16000,19,197,adaptive_split_to_bypass_target
5.8,r02,r02,w,"$1,0,0,0,0,0,0,0,0#",16000,16000,13,219,adaptive_split_to_bypass_target
5.8,r03,r03,w,"$1,0,0,0,0,0,0,0,0#",16000,16000,16,176,adaptive_split_to_bypass_target
5.8,r04,r04,w,"$1,0,0,0,0,0,0,0,0#",16000,16000,12,246,adaptive_split_to_bypass_target
5.8,r05,r05,d,"$4,0,0,0,0,0,0,0,0#",18000,14000,10,201,adaptive_split_to_bypass_target
5.8,r06,r06,d,"$4,0,0,0,0,0,0,0,0#",18000,14000,10,158,adaptive_split_to_bypass_target
5.8,r07,r07,w,"$1,0,0,0,0,0,0,0,0#",17000,16000,-12,252,adaptive_split_to_bypass_target
6.0,r01,r01,w,"$1,0,0,0,0,0,0,0,0#",16000,16000,19,191,cached_adaptive_split
6.0,r02,r02,w,"$1,0,0,0,0,0,0,0,0#",16000,16000,13,213,cached_adaptive_split
6.0,r03,r03,w,"$1,0,0,0,0,0,0,0,0#",16000,16000,16,170,cached_adaptive_split
6.0,r04,r04,w,"$1,0,0,0,0,0,0,0,0#",16000,16000,12,240,cached_adaptive_split
6.0,r05,r05,d,"$4,0,0,0,0,0,0,0,0#",17000,15000,13,195,cached_adaptive_split
6.0,r06,r06,d,"$4,0,0,0,0,0,0,0,0#",18000,15000,15,152,cached_adaptive_split
6.0,r07,r07,w,"$1,0,0,0,0,0,0,0,0#",16000,16000,-12,246,cached_adaptive_split
6.2,r01,r01,w,"$1,0,0,0,0,0,0,0,0#",16000,16000,20,184,cached_adaptive_split
6.2,r02,r02,w,"$1,0,0,0,0,0,0,0,0#",16000,16000,13,207,cached_adaptive_split
6.2,r03,r03,w,"$1,0,0,0,0,0,0,0,0#",16000,16000,17,164,cached_adaptive_split
6.2,r04,r04,w,"$1,0,0,0,0,0,0,0,0#",16000,16000,13,234,cached_adaptive_split
6.2,r05,r05,w,"$1,0,0,0,0,0,0,0,0#",17000,16000,15,190,cached_adaptive_split
6.2,r06,r06,d,"$4,0,0,0,0,0,0,0,0#",17000,15000,18,146,cached_adaptive_split
6.2,r07,r07,w,"$1,0,0,0,0,0,0,0,0#",16000,16000,-12,240,cached_adaptive_split
6.4,r01,r01,w,"$1,0,0,0,0,0,0,0,0#",16000,16000,20,178,cached_adaptive_split
6.4,r02,r02,w,"$1,0,0,0,0,0,0,0,0#",16000,16000,13,201,cached_adaptive_split
6.4,r03,r03,w,"$1,0,0,0,0,0,0,0,0#",16000,16000,17,157,cached_adaptive_split
6.4,r04,r04,w,"$1,0,0,0,0,0,0,0,0#",16000,16000,13,228,cached_adaptive_split
6.4,r05,r05,w,"$1,0,0,0,0,0,0,0,0#",17000,16000,16,184,cached_adaptive_split
6.4,r06,r06,w,"$1,0,0,0,0,0,0,0,0#",17000,16000,20,141,cached_adaptive_split
6.4,r07,r07,w,"$1,0,0,0,0,0,0,0,0#",16000,16000,-12,233,cached_adaptive_split
6.6,r01,r01,w,"$1,0,0,0,0,0,0,0,0#",16000,16000,21,172,adaptive_split_to_bypass_target
6.6,r02,r02,w,"$1,0,0,0,0,0,0,0,0#",16000,16000,14,195,adaptive_split_to_bypass_target
6.6,r03,r03,w,"$1,0,0,0,0,0,0,0,0#",16000,16000,18,151,adaptive_split_to_bypass_target
6.6,r04,r04,w,"$1,0,0,0,0,0,0,0,0#",16000,16000,13,221,adaptive_split_to_bypass_target
6.6,r05,r05,w,"$1,0,0,0,0,0,0,0,0#",17000,16000,17,178,adaptive_split_to_bypass_target
6.6,r06,r06,w,"$1,0,0,0,0,0,0,0,0#",17000,16000,21,135,adaptive_split_to_bypass_target
6.6,r07,r07,w,"$1,0,0,0,0,0,0,0,0#",16000,16000,-12,227,adaptive_split_to_bypass_target
6.8,r01,r01,w,"$1,0,0,0,0,0,0,0,0#",16000,16000,22,166,cached_adaptive_split
6.8,r02,r02,w,"$1,0,0,0,0,0,0,0,0#",16000,16000,14,188,cached_adaptive_split
6.8,r03,r03,w,"$1,0,0,0,0,0,0,0,0#",16000,16000,18,145,cached_adaptive_split
6.8,r04,r04,w,"$1,0,0,0,0,0,0,0,0#",11000,10000,14,217,cached_adaptive_split; completion_unstuck
6.8,r05,r05,w,"$1,0,0,0,0,0,0,0,0#",16000,16000,18,172,cached_adaptive_split
6.8,r06,r06,w,"$1,0,0,0,0,0,0,0,0#",17000,16000,23,130,cached_adaptive_split
6.8,r07,r07,w,"$1,0,0,0,0,0,0,0,0#",16000,16000,-13,221,cached_adaptive_split
7.0,r01,r01,w,"$1,0,0,0,0,0,0,0,0#",16000,16000,22,160,cached_adaptive_split
7.0,r02,r02,w,"$1,0,0,0,0,0,0,0,0#",16000,16000,15,182,cached_adaptive_split
7.0,r03,r03,w,"$1,0,0,0,0,0,0,0,0#",16000,16000,19,139,cached_adaptive_split
7.0,r04,r04,w,"$1,0,0,0,0,0,0,0,0#",16000,17000,14,211,cached_adaptive_split
7.0,r05,r05,w,"$1,0,0,0,0,0,0,0,0#",16000,16000,19,167,adaptive_split_to_bypass_target
7.0,r06,r06,w,"$1,0,0,0,0,0,0,0,0#",16000,16000,24,124,adaptive_split_to_bypass_target
7.0,r07,r07,w,"$1,0,0,0,0,0,0,0,0#",16000,16000,-13,215,cached_adaptive_split
7.2,r01,r01,w,"$1,0,0,0,0,0,0,0,0#",16000,16000,23,154,cached_adaptive_split
7.2,r02,r02,w,"$1,0,0,0,0,0,0,0,0#",16000,16000,15,176,cached_adaptive_split
7.2,r03,r03,w,"$1,0,0,0,0,0,0,0,0#",16000,16000,20,133,cached_adaptive_split
7.2,r04,r04,w,"$1,0,0,0,0,0,0,0,0#",16000,16000,14,205,cached_adaptive_split
7.2,r05,r05,w,"$1,0,0,0,0,0,0,0,0#",16000,16000,19,161,cached_adaptive_split
7.2,r06,r06,w,"$1,0,0,0,0,0,0,0,0#",16000,16000,24,119,cached_adaptive_split
7.2,r07,r07,w,"$1,0,0,0,0,0,0,0,0#",16000,16000,-13,209,cached_adaptive_split
7.4,r01,r01,w,"$1,0,0,0,0,0,0,0,0#",16000,16000,24,148,adaptive_split_to_bypass_target
7.4,r02,r02,w,"$1,0,0,0,0,0,0,0,0#",16000,16000,15,170,adaptive_split_to_bypass_target
7.4,r03,r03,w,"$1,0,0,0,0,0,0,0,0#",16000,16000,20,127,adaptive_split_to_bypass_target
7.4,r04,r04,w,"$1,0,0,0,0,0,0,0,0#",16000,16000,14,199,adaptive_split_to_bypass_target
7.4,r05,r05,w,"$1,0,0,0,0,0,0,0,0#",16000,16000,20,155,adaptive_split_to_bypass_target
7.4,r06,r06,w,"$1,0,0,0,0,0,0,0,0#",16000,16000,25,113,adaptive_split_to_bypass_target
7.4,r07,r07,w,"$1,0,0,0,0,0,0,0,0#",16000,16000,-14,202,adaptive_split_to_bypass_target
7.6,r01,r01,w,"$1,0,0,0,0,0,0,0,0#",16000,16000,24,142,cached_adaptive_split
7.6,r02,r02,w,"$1,0,0,0,0,0,0,0,0#",16000,16000,16,164,cached_adaptive_split
7.6,r03,r03,w,"$1,0,0,0,0,0,0,0,0#",16000,16000,21,121,cached_adaptive_split
7.6,r04,r04,w,"$1,0,0,0,0,0,0,0,0#",16000,16000,15,193,cached_adaptive_split
7.6,r05,r05,w,"$1,0,0,0,0,0,0,0,0#",16000,16000,20,149,cached_adaptive_split
7.6,r06,r06,w,"$1,0,0,0,0,0,0,0,0#",16000,16000,26,108,cached_adaptive_split
7.6,r07,r07,w,"$1,0,0,0,0,0,0,0,0#",16000,16000,-14,196,cached_adaptive_split
7.8,r01,r01,w,"$1,0,0,0,0,0,0,0,0#",16000,16000,25,136,cached_adaptive_split
7.8,r02,r02,w,"$1,0,0,0,0,0,0,0,0#",16000,16000,16,158,cached_adaptive_split
7.8,r03,r03,w,"$1,0,0,0,0,0,0,0,0#",16000,16000,22,114,cached_adaptive_split
7.8,r04,r04,w,"$1,0,0,0,0,0,0,0,0#",16000,16000,15,187,cached_adaptive_split
7.8,r05,r05,w,"$1,0,0,0,0,0,0,0,0#",16000,16000,21,143,cached_adaptive_split
7.8,r06,r06,w,"$1,0,0,0,0,0,0,0,0#",16000,16000,28,102,cached_adaptive_split
7.8,r07,r07,w,"$1,0,0,0,0,0,0,0,0#",16000,16000,-14,190,cached_adaptive_split
8.0,r01,r01,w,"$1,0,0,0,0,0,0,0,0#",16000,16000,26,131,cached_adaptive_split
8.0,r02,r02,w,"$1,0,0,0,0,0,0,0,0#",16000,16000,17,151,cached_adaptive_split
8.0,r03,r03,w,"$1,0,0,0,0,0,0,0,0#",16000,16000,23,108,cached_adaptive_split
8.0,r04,r04,w,"$1,0,0,0,0,0,0,0,0#",16000,16000,16,181,cached_adaptive_split
8.0,r05,r05,w,"$1,0,0,0,0,0,0,0,0#",16000,16000,22,138,cached_adaptive_split
8.0,r06,r06,w,"$1,0,0,0,0,0,0,0,0#",16000,16000,29,97,cached_adaptive_split
8.0,r07,r07,w,"$1,0,0,0,0,0,0,0,0#",16000,16000,-15,184,cached_adaptive_split
8.2,r01,r01,w,"$1,0,0,0,0,0,0,0,0#",16000,16000,27,125,adaptive_split_to_bypass_target
8.2,r02,r02,w,"$1,0,0,0,0,0,0,0,0#",16000,16000,17,145,adaptive_split_to_bypass_target
8.2,r03,r03,w,"$1,0,0,0,0,0,0,0,0#",16000,16000,24,102,adaptive_split_to_bypass_target
8.2,r04,r04,w,"$1,0,0,0,0,0,0,0,0#",16000,16000,16,174,adaptive_split_to_bypass_target
8.2,r05,r05,w,"$1,0,0,0,0,0,0,0,0#",16000,16000,23,132,adaptive_split_to_bypass_target
8.2,r06,r06,w,"$1,0,0,0,0,0,0,0,0#",16000,16000,30,91,adaptive_split_to_bypass_target
8.2,r07,r07,w,"$1,0,0,0,0,0,0,0,0#",16000,16000,-15,178,adaptive_split_to_bypass_target
8.4,r01,r01,w,"$1,0,0,0,0,0,0,0,0#",16000,16000,28,119,cached_adaptive_split
8.4,r02,r02,w,"$1,0,0,0,0,0,0,0,0#",16000,16000,18,139,cached_adaptive_split
8.4,r03,r03,w,"$1,0,0,0,0,0,0,0,0#",16000,16000,25,96,cached_adaptive_split
8.4,r04,r04,w,"$1,0,0,0,0,0,0,0,0#",16000,16000,16,168,cached_adaptive_split
8.4,r05,r05,w,"$1,0,0,0,0,0,0,0,0#",16000,16000,23,126,cached_adaptive_split
8.4,r06,r06,w,"$1,0,0,0,0,0,0,0,0#",16000,16000,31,86,cached_adaptive_split
8.4,r07,r07,w,"$1,0,0,0,0,0,0,0,0#",16000,16000,-16,172,cached_adaptive_split
8.6,r01,r01,w,"$1,0,0,0,0,0,0,0,0#",16000,16000,29,113,cached_adaptive_split
8.6,r02,r02,w,"$1,0,0,0,0,0,0,0,0#",16000,16000,19,133,cached_adaptive_split
8.6,r03,r03,w,"$1,0,0,0,0,0,0,0,0#",16000,16000,26,90,cached_adaptive_split
8.6,r04,r04,w,"$1,0,0,0,0,0,0,0,0#",11000,10000,17,164,cached_adaptive_split; completion_unstuck
8.6,r05,r05,w,"$1,0,0,0,0,0,0,0,0#",16000,16000,24,120,cached_adaptive_split
8.6,r06,r06,w,"$1,0,0,0,0,0,0,0,0#",16000,16000,33,80,cached_adaptive_split
8.6,r07,r07,w,"$1,0,0,0,0,0,0,0,0#",16000,16000,-16,165,cached_adaptive_split
8.8,r01,r01,w,"$1,0,0,0,0,0,0,0,0#",16000,16000,30,107,cached_adaptive_split
8.8,r02,r02,w,"$1,0,0,0,0,0,0,0,0#",16000,16000,19,127,cached_adaptive_split
8.8,r03,r03,w,"$1,0,0,0,0,0,0,0,0#",16000,16000,27,84,cached_adaptive_split
8.8,r04,r04,w,"$1,0,0,0,0,0,0,0,0#",16000,17000,17,158,cached_adaptive_split
8.8,r05,r05,w,"$1,0,0,0,0,0,0,0,0#",16000,16000,25,115,cached_adaptive_split
8.8,r06,r06,w,"$1,0,0,0,0,0,0,0,0#",11000,11000,34,77,cached_adaptive_split
8.8,r07,r07,w,"$1,0,0,0,0,0,0,0,0#",16000,16000,-16,159,cached_adaptive_split
9.0,r01,r01,w,"$1,0,0,0,0,0,0,0,0#",16000,16000,31,101,adaptive_split_to_bypass_target
9.0,r02,r02,w,"$1,0,0,0,0,0,0,0,0#",16000,16000,20,121,adaptive_split_to_bypass_target
9.0,r03,r03,w,"$1,0,0,0,0,0,0,0,0#",16000,16000,28,78,adaptive_split_to_bypass_target
9.0,r04,r04,w,"$1,0,0,0,0,0,0,0,0#",16000,16000,17,152,adaptive_split_to_bypass_target
9.0,r05,r05,w,"$1,0,0,0,0,0,0,0,0#",11000,11000,26,111,adaptive_split_to_bypass_target
9.0,r06,r06,a,"$3,0,0,0,0,0,0,0,0#",4000,10000,22,75,adaptive_split_to_bypass_target
9.0,r07,r07,w,"$1,0,0,0,0,0,0,0,0#",16000,16000,-17,153,adaptive_split_to_bypass_target
9.2,r01,r01,w,"$1,0,0,0,0,0,0,0,0#",16000,16000,32,96,cached_adaptive_split
9.2,r02,r02,w,"$1,0,0,0,0,0,0,0,0#",16000,16000,21,114,cached_adaptive_split
9.2,r03,r03,w,"$1,0,0,0,0,0,0,0,0#",16000,16000,29,72,cached_adaptive_split
9.2,r04,r04,w,"$1,0,0,0,0,0,0,0,0#",16000,16000,18,146,cached_adaptive_split
9.2,r05,r05,w,"$1,0,0,0,0,0,0,0,0#",11000,11000,26,107,cached_adaptive_split
9.2,r06,r06,w,"$1,0,0,0,0,0,0,0,0#",10000,10000,22,71,cached_adaptive_split
9.2,r07,r07,w,"$1,0,0,0,0,0,0,0,0#",16000,16000,-17,147,cached_adaptive_split
9.4,r01,r01,w,"$1,0,0,0,0,0,0,0,0#",16000,16000,33,90,cached_adaptive_split
9.4,r02,r02,w,"$1,0,0,0,0,0,0,0,0#",16000,16000,21,108,cached_adaptive_split
9.4,r03,r03,w,"$1,0,0,0,0,0,0,0,0#",16000,16000,31,66,cached_adaptive_split
9.4,r04,r04,w,"$1,0,0,0,0,0,0,0,0#",16000,16000,18,140,cached_adaptive_split
9.4,r05,r05,w,"$1,0,0,0,0,0,0,0,0#",11000,11000,27,103,cached_adaptive_split
9.4,r06,r06,d,"$4,0,0,0,0,0,0,0,0#",13000,8000,31,67,cached_adaptive_split
9.4,r07,r07,w,"$1,0,0,0,0,0,0,0,0#",16000,16000,-18,141,cached_adaptive_split
9.6,r01,r01,w,"$1,0,0,0,0,0,0,0,0#",16000,16000,35,85,cached_adaptive_split
9.6,r02,r02,w,"$1,0,0,0,0,0,0,0,0#",16000,16000,22,102,cached_adaptive_split
9.6,r03,r03,w,"$1,0,0,0,0,0,0,0,0#",16000,16000,33,61,cached_adaptive_split
9.6,r04,r04,w,"$1,0,0,0,0,0,0,0,0#",16000,16000,19,134,cached_adaptive_split
9.6,r05,r05,w,"$1,0,0,0,0,0,0,0,0#",11000,11000,28,100,cached_adaptive_split
9.6,r06,r06,d,"$4,0,0,0,0,0,0,0,0#",12000,9000,36,64,cached_adaptive_split
9.6,r07,r07,w,"$1,0,0,0,0,0,0,0,0#",16000,16000,-19,135,cached_adaptive_split
9.8,r01,r01,w,"$1,0,0,0,0,0,0,0,0#",16000,16000,36,79,adaptive_split_to_bypass_target
9.8,r02,r02,w,"$1,0,0,0,0,0,0,0,0#",16000,16000,23,96,adaptive_split_to_bypass_target
9.8,r03,r03,w,"$1,0,0,0,0,0,0,0,0#",16000,16000,34,55,adaptive_split_to_bypass_target
9.8,r04,r04,w,"$1,0,0,0,0,0,0,0,0#",11000,11000,19,130,adaptive_split_to_bypass_target
9.8,r05,r05,w,"$1,0,0,0,0,0,0,0,0#",11000,11000,29,96,adaptive_split_to_bypass_target
9.8,r06,r06,w,"$1,0,0,0,0,0,0,0,0#",11000,10000,38,60,adaptive_split_to_bypass_target
9.8,r07,r07,w,"$1,0,0,0,0,0,0,0,0#",16000,16000,-19,129,adaptive_split_to_bypass_target
10.0,r01,r01,d,"$4,0,0,0,0,0,0,0,0#",17000,8000,51,76,cached_adaptive_split
10.0,r02,r02,w,"$1,0,0,0,0,0,0,0,0#",16000,16000,24,90,cached_adaptive_split
10.0,r03,r03,w,"$1,0,0,0,0,0,0,0,0#",16000,16000,36,49,cached_adaptive_split
10.0,r04,r04,w,"$1,0,0,0,0,0,0,0,0#",11000,11000,20,126,cached_adaptive_split
10.0,r05,r05,w,"$1,0,0,0,0,0,0,0,0#",11000,11000,29,92,cached_adaptive_split
10.0,r06,r06,w,"$1,0,0,0,0,0,0,0,0#",11000,10000,41,57,cached_adaptive_split
10.0,r07,r07,w,"$1,0,0,0,0,0,0,0,0#",16000,16000,-20,122,cached_adaptive_split
10.2,r01,r01,d,"$4,0,0,0,0,0,0,0,0#",20000,9000,73,73,adaptive_split_to_bypass_target
10.2,r02,r02,w,"$1,0,0,0,0,0,0,0,0#",17000,16000,26,84,adaptive_split_to_bypass_target
10.2,r03,r03,w,"$1,0,0,0,0,0,0,0,0#",16000,16000,39,44,adaptive_split_to_bypass_target
10.2,r04,r04,w,"$1,0,0,0,0,0,0,0,0#",11000,11000,20,122,adaptive_split_to_bypass_target
10.2,r05,r05,w,"$1,0,0,0,0,0,0,0,0#",11000,11000,30,88,adaptive_split_to_bypass_target
10.2,r06,r06,d,"$0,2,0,0,0,0,0,0,0#",10000,-4000,55,55,adaptive_split_to_bypass_target
10.2,r07,r07,w,"$1,0,0,0,0,0,0,0,0#",16000,16000,-21,116,adaptive_split_to_bypass_target
10.4,r01,r01,d,"$4,0,0,0,0,0,0,0,0#",20000,16000,83,72,cached_adaptive_split
10.4,r02,r02,w,"$1,0,0,0,0,0,0,0,0#",17000,16000,27,78,cached_adaptive_split
10.4,r03,r03,w,"$1,0,0,0,0,0,0,0,0#",16000,16000,41,38,cached_adaptive_split
10.4,r04,r04,w,"$1,0,0,0,0,0,0,0,0#",11000,11000,21,118,cached_adaptive_split
10.4,r05,r05,w,"$1,0,0,0,0,0,0,0,0#",11000,11000,31,85,cached_adaptive_split
10.4,r06,r06,w,"$1,0,0,0,0,0,0,0,0#",11000,10000,57,52,cached_adaptive_split
10.4,r07,r07,w,"$1,0,0,0,0,0,0,0,0#",16000,16000,-21,110,cached_adaptive_split
10.6,r01,r01,w,"$1,0,0,0,0,0,0,0,0#",20000,19000,89,71,adaptive_split_to_bypass_target
10.6,r02,r02,d,"$4,0,0,0,0,0,0,0,0#",15000,6000,42,74,adaptive_split_to_bypass_target
10.6,r03,r03,w,"$1,0,0,0,0,0,0,0,0#",16000,16000,44,33,adaptive_split_to_bypass_target
10.6,r04,r04,w,"$1,0,0,0,0,0,0,0,0#",11000,11000,21,114,adaptive_split_to_bypass_target
10.6,r05,r05,w,"$1,0,0,0,0,0,0,0,0#",11000,11000,32,81,adaptive_split_to_bypass_target
10.6,r06,r06,d,"$0,2,0,0,0,0,0,0,0#",10000,-4000,72,51,adaptive_split_to_bypass_target
10.6,r07,r07,w,"$1,0,0,0,0,0,0,0,0#",16000,16000,-22,104,adaptive_split_to_bypass_target
10.8,r01,r01,a,"$3,0,0,0,0,0,0,0,0#",10000,18000,80,70,cached_adaptive_split
10.8,r02,r02,d,"$4,0,0,0,0,0,0,0,0#",20000,5000,67,71,cached_adaptive_split
10.8,r03,r03,w,"$1,0,0,0,0,0,0,0,0#",16000,16000,47,28,cached_adaptive_split
10.8,r04,r04,w,"$1,0,0,0,0,0,0,0,0#",11000,11000,22,110,cached_adaptive_split
10.8,r05,r05,w,"$1,0,0,0,0,0,0,0,0#",16000,16000,34,75,cached_adaptive_split
10.8,r06,r06,w,"$1,0,0,0,0,0,0,0,0#",11000,10000,75,49,cached_adaptive_split
10.8,r07,r07,w,"$1,0,0,0,0,0,0,0,0#",16000,16000,-23,98,cached_adaptive_split
11.0,r01,r01,a,"$3,0,0,0,0,0,0,0,0#",6000,20000,62,68,path_to_final_target
11.0,r02,r02,d,"$4,0,0,0,0,0,0,0,0#",20000,4000,91,71,path_to_final_target
11.0,r03,r03,w,"$1,0,0,0,0,0,0,0,0#",16000,16000,50,24,path_to_final_target
11.0,r04,r04,w,"$1,0,0,0,0,0,0,0,0#",16000,16000,23,103,path_to_final_target
11.0,r05,r05,w,"$1,0,0,0,0,0,0,0,0#",10000,11000,34,71,path_to_final_target
11.0,r06,r06,a,"$3,0,0,0,0,0,0,0,0#",10000,18000,66,45,path_to_final_target
11.0,r07,r07,a,"$3,0,0,0,0,0,0,0,0#",15000,17000,-27,92,path_to_final_target
11.2,r01,r01,a,"$3,0,0,0,0,0,0,0,0#",13000,19000,56,65,cached_path_to_final_target
11.2,r02,r02,d,"$4,0,0,0,0,0,0,0,0#",18000,12000,103,71,cached_path_to_final_target
11.2,r03,r03,w,"$1,0,0,0,0,0,0,0,0#",16000,16000,53,20,cached_path_to_final_target
11.2,r04,r04,w,"$1,0,0,0,0,0,0,0,0#",11000,10000,24,100,cached_path_to_final_target; completion_unstuck
11.2,r05,r05,d,"$4,0,0,0,0,0,0,0,0#",9000,4000,46,70,cached_path_to_final_target
11.2,r06,r06,a,"$3,0,0,0,0,0,0,0,0#",11000,20000,57,40,cached_path_to_final_target
11.2,r07,r07,w,"$1,0,0,0,0,0,0,0,0#",16000,17000,-30,86,cached_path_to_final_target
11.4,r01,r01,a,"$3,0,0,0,0,0,0,0,0#",15000,18000,55,61,path_to_final_target
11.4,r02,r02,a,"$3,0,0,0,0,0,0,0,0#",17000,19000,103,71,path_to_final_target
11.4,r03,r03,w,"$1,0,0,0,0,0,0,0,0#",16000,16000,57,17,path_to_final_target
11.4,r04,r04,w,"$1,0,0,0,0,0,0,0,0#",16000,17000,25,93,path_to_final_target
11.4,r05,r05,w,"$1,0,0,0,0,0,0,0,0#",10000,11000,46,66,path_to_final_target
11.4,r06,r06,a,"$3,0,0,0,0,0,0,0,0#",7000,12000,52,37,path_to_final_target
11.4,r07,r07,w,"$1,0,0,0,0,0,0,0,0#",16000,17000,-33,81,path_to_final_target
11.6,r01,r01,w,"$1,0,0,0,0,0,0,0,0#",16000,17000,56,58,cached_path_to_final_target
11.6,r02,r02,a,"$3,0,0,0,0,0,0,0,0#",15000,20000,96,71,cached_path_to_final_target
11.6,r03,r03,w,"$1,0,0,0,0,0,0,0,0#",16000,16000,61,15,cached_path_to_final_target
11.6,r04,r04,w,"$1,0,0,0,0,0,0,0,0#",11000,10000,26,89,cached_path_to_final_target; completion_unstuck
11.6,r05,r05,d,"$4,0,0,0,0,0,0,0,0#",9000,4000,59,65,cached_path_to_final_target
11.6,r06,r06,a,"$3,0,0,0,0,0,0,0,0#",14000,17000,51,32,cached_path_to_final_target
11.6,r07,r07,w,"$1,0,0,0,0,0,0,0,0#",16000,17000,-35,75,cached_path_to_final_target
11.8,r01,r01,w,"$1,0,0,0,0,0,0,0,0#",16000,17000,58,56,cached_path_to_final_target
11.8,r02,r02,a,"$3,0,0,0,0,0,0,0,0#",4000,20000,75,69,cached_path_to_final_target
11.8,r03,r03,w,"$1,0,0,0,0,0,0,0,0#",16000,16000,66,15,cached_path_to_final_target
11.8,r04,r04,w,"$1,0,0,0,0,0,0,0,0#",16000,17000,27,83,cached_path_to_final_target
11.8,r05,r05,w,"$1,0,0,0,0,0,0,0,0#",10000,11000,60,62,cached_path_to_final_target
11.8,r06,r06,w,"$1,0,0,0,0,0,0,0,0#",16000,17000,52,27,cached_path_to_final_target
11.8,r07,r07,w,"$1,0,0,0,0,0,0,0,0#",16000,16000,-36,69,cached_path_to_final_target
12.0,r01,r01,w,"$1,0,0,0,0,0,0,0,0#",16000,16000,61,53,cached_path_to_final_target
12.0,r02,r02,a,"$3,0,0,0,0,0,0,0,0#",6000,20000,57,66,cached_path_to_final_target
12.0,r03,r03,w,"$1,0,0,0,0,0,0,0,0#",16000,16000,71,16,cached_path_to_final_target
12.0,r04,r04,w,"$1,0,0,0,0,0,0,0,0#",11000,10000,28,80,cached_path_to_final_target; completion_unstuck
12.0,r05,r05,d,"$4,0,0,0,0,0,0,0,0#",8000,4000,68,61,cached_path_to_final_target
12.0,r06,r06,w,"$1,0,0,0,0,0,0,0,0#",16000,17000,55,22,cached_path_to_final_target
12.0,r07,r07,w,"$1,0,0,0,0,0,0,0,0#",16000,16000,-38,64,cached_path_to_final_target
12.2,r01,r01,d,"$4,0,0,0,0,0,0,0,0#",20000,13000,77,53,path_to_final_target
12.2,r02,r02,a,"$3,0,0,0,0,0,0,0,0#",13000,19000,50,62,path_to_final_target
12.2,r03,r03,d,"$4,0,0,0,0,0,0,0,0#",20000,14000,90,18,path_to_final_target
12.2,r04,r04,d,"$4,0,0,0,0,0,0,0,0#",10000,4000,41,78,path_to_final_target
12.2,r05,r05,a,"$3,0,0,0,0,0,0,0,0#",9000,12000,66,58,path_to_final_target
12.2,r06,r06,w,"$1,0,0,0,0,0,0,0,0#",16000,17000,57,18,path_to_final_target
12.2,r07,r07,w,"$1,0,0,0,0,0,0,0,0#",16000,16000,-40,59,path_to_final_target
12.4,r01,r01,d,"$4,0,0,0,0,0,0,0,0#",20000,16000,90,55,cached_path_to_final_target
12.4,r02,r02,d,"$4,0,0,0,0,0,0,0,0#",17000,15000,56,59,cached_path_to_final_target
12.4,r03,r03,d,"$4,0,0,0,0,0,0,0,0#",20000,18000,100,21,cached_path_to_final_target
12.4,r04,r04,d,"$0,2,0,0,0,0,0,0,0#",6000,-8000,59,78,cached_path_to_final_target
12.4,r05,r05,d,"$4,0,0,0,0,0,0,0,0#",8000,4000,74,57,cached_path_to_final_target
12.4,r06,r06,w,"$1,0,0,0,0,0,0,0,0#",16000,17000,59,14,cached_path_to_final_target
12.4,r07,r07,w,"$1,0,0,0,0,0,0,0,0#",16000,16000,-43,54,cached_path_to_final_target
12.6,r01,r01,w,"$1,0,0,0,0,0,0,0,0#",20000,19000,96,57,cached_path_to_final_target
12.6,r02,r02,d,"$4,0,0,0,0,0,0,0,0#",20000,11000,76,57,cached_path_to_final_target
12.6,r03,r03,w,"$1,0,0,0,0,0,0,0,0#",20000,20000,106,23,cached_path_to_final_target
12.6,r04,r04,d,"$0,2,0,0,0,0,0,0,0#",10000,-4000,74,77,cached_path_to_final_target
12.6,r05,r05,a,"$3,0,0,0,0,0,0,0,0#",4000,6000,70,56,cached_path_to_final_target
12.6,r06,r06,d,"$4,0,0,0,0,0,0,0,0#",20000,13000,74,12,cached_path_to_final_target
12.6,r07,r07,w,"$1,0,0,0,0,0,0,0,0#",16000,16000,-45,49,cached_path_to_final_target
12.8,r01,r01,w,"$1,0,0,0,0,0,0,0,0#",20000,20000,100,60,cached_path_to_final_target
12.8,r02,r02,d,"$4,0,0,0,0,0,0,0,0#",20000,17000,87,57,cached_path_to_final_target
12.8,r03,r03,w,"$1,0,0,0,0,0,0,0,0#",19000,20000,109,26,cached_path_to_final_target
12.8,r04,r04,s,"$2,0,0,0,0,0,0,0,0#",-4000,-4000,74,77,cached_path_to_final_target
12.8,r05,r05,s,"$2,0,0,0,0,0,0,0,0#",-4000,-4000,72,56,cached_path_to_final_target
12.8,r06,r06,d,"$4,0,0,0,0,0,0,0,0#",20000,16000,89,13,cached_path_to_final_target
12.8,r07,r07,w,"$1,0,0,0,0,0,0,0,0#",16000,16000,-47,44,cached_path_to_final_target
13.0,r01,r01,a,"$3,0,0,0,0,0,0,0,0#",10000,20000,89,61,path_to_final_target
13.0,r02,r02,w,"$1,0,0,0,0,0,0,0,0#",20000,19000,92,58,path_to_final_target
13.0,r03,r03,w,"$1,0,0,0,0,0,0,0,0#",19000,20000,111,28,path_to_final_target
13.0,r04,r04,d,"$4,0,0,0,0,0,0,0,0#",7000,4000,80,77,path_to_final_target
13.0,r05,r05,d,"$0,2,0,0,0,0,0,0,0#",10000,-4000,87,56,path_to_final_target
13.0,r06,r06,w,"$1,0,0,0,0,0,0,0,0#",20000,20000,96,16,path_to_final_target
13.0,r07,r07,w,"$1,0,0,0,0,0,0,0,0#",16000,16000,-50,40,path_to_final_target
13.2,r01,r01,a,"$3,0,0,0,0,0,0,0,0#",6000,12000,82,62,cached_path_to_final_target
13.2,r02,r02,a,"$3,0,0,0,0,0,0,0,0#",10000,18000,83,58,cached_path_to_final_target
13.2,r03,r03,a,"$3,0,0,0,0,0,0,0,0#",18000,20000,113,29,cached_path_to_final_target
13.2,r04,r04,a,"$0,1,0,0,0,0,0,0,0#",-4000,4000,76,77,cached_path_to_final_target
13.2,r05,r05,s,"$2,0,0,0,0,0,0,0,0#",-4000,-4000,89,56,cached_path_to_final_target
13.2,r06,r06,a,"$3,0,0,0,0,0,0,0,0#",10000,19000,89,19,cached_path_to_final_target
13.2,r07,r07,w,"$1,0,0,0,0,0,0,0,0#",16000,16000,-53,36,cached_path_to_final_target
13.4,r01,r01,d,"$4,0,0,0,0,0,0,0,0#",16000,13000,89,62,cached_path_to_final_target
13.4,r02,r02,a,"$3,0,0,0,0,0,0,0,0#",9000,20000,71,56,cached_path_to_final_target
13.4,r03,r03,a,"$3,0,0,0,0,0,0,0,0#",18000,20000,114,30,cached_path_to_final_target
13.4,r04,r04,d,"$4,0,0,0,0,0,0,0,0#",8000,4000,86,76,cached_path_to_final_target
13.4,r05,r05,a,"$0,1,0,0,0,0,0,0,0#",-4000,7000,79,56,cached_path_to_final_target
13.4,r06,r06,w,"$1,0,0,0,0,0,0,0,0#",20000,20000,96,22,cached_path_to_final_target
13.4,r07,r07,w,"$1,0,0,0,0,0,0,0,0#",16000,16000,-56,32,cached_path_to_final_target
13.6,r01,r01,d,"$4,0,0,0,0,0,0,0,0#",20000,18000,99,63,cached_path_to_final_target
13.6,r02,r02,a,"$3,0,0,0,0,0,0,0,0#",14000,18000,68,55,cached_path_to_final_target
13.6,r03,r03,w,"$1,0,0,0,0,0,0,0,0#",19000,20000,116,30,cached_path_to_final_target
13.6,r04,r04,a,"$0,1,0,0,0,0,0,0,0#",-4000,4000,82,76,cached_path_to_final_target
13.6,r05,r05,a,"$0,1,0,0,0,0,0,0,0#",-4000,16000,57,53,cached_path_to_final_target
13.6,r06,r06,w,"$1,0,0,0,0,0,0,0,0#",20000,20000,102,25,cached_path_to_final_target
13.6,r07,r07,a,"$3,0,0,0,0,0,0,0,0#",12000,20000,-73,31,cached_path_to_final_target
13.8,r01,r01,w,"$1,0,0,0,0,0,0,0,0#",20000,20000,103,65,path_to_final_target
13.8,r02,r02,a,"$3,0,0,0,0,0,0,0,0#",15000,17000,68,54,path_to_final_target
13.8,r03,r03,w,"$1,0,0,0,0,0,0,0,0#",19000,20000,117,31,path_to_final_target
13.8,r04,r04,a,"$3,0,0,0,0,0,0,0,0#",-8000,-5000,76,77,path_to_final_target
13.8,r05,r05,a,"$3,0,0,0,0,0,0,0,0#",6000,14000,47,50,path_to_final_target
13.8,r06,r06,a,"$3,0,0,0,0,0,0,0,0#",18000,20000,103,27,path_to_final_target
13.8,r07,r07,a,"$3,0,0,0,0,0,0,0,0#",15000,20000,-88,32,path_to_final_target
14.0,r01,r01,w,"$1,0,0,0,0,0,0,0,0#",20000,20000,106,66,cached_path_to_final_target
14.0,r02,r02,d,"$4,0,0,0,0,0,0,0,0#",20000,14000,82,55,cached_path_to_final_target
14.0,r03,r03,w,"$1,0,0,0,0,0,0,0,0#",19000,20000,118,32,cached_path_to_final_target
14.0,r04,r04,s,"$2,0,0,0,0,0,0,0,0#",-7000,-6000,74,79,cached_path_to_final_target
14.0,r05,r05,d,"$4,0,0,0,0,0,0,0,0#",9000,7000,51,48,cached_path_to_final_target
14.0,r06,r06,a,"$3,0,0,0,0,0,0,0,0#",18000,20000,105,29,cached_path_to_final_target
14.0,r07,r07,w,"$1,0,0,0,0,0,0,0,0#",19000,20000,-96,34,cached_path_to_final_target
14.2,r01,r01,w,"$1,0,0,0,0,0,0,0,0#",19000,20000,107,67,cached_path_to_final_target
14.2,r02,r02,d,"$4,0,0,0,0,0,0,0,0#",20000,17000,93,57,cached_path_to_final_target
14.2,r03,r03,w,"$1,0,0,0,0,0,0,0,0#",19000,20000,120,34,cached_path_to_final_target
14.2,r04,r04,s,"$2,0,0,0,0,0,0,0,0#",-6000,-6000,73,80,cached_path_to_final_target
14.2,r05,r05,d,"$4,0,0,0,0,0,0,0,0#",14000,4000,67,46,cached_path_to_final_target
14.2,r06,r06,a,"$3,0,0,0,0,0,0,0,0#",18000,20000,106,31,cached_path_to_final_target
14.2,r07,r07,w,"$1,0,0,0,0,0,0,0,0#",20000,20000,-100,38,cached_path_to_final_target
14.4,r01,r01,w,"$1,0,0,0,0,0,0,0,0#",19000,20000,109,68,cached_path_to_final_target
14.4,r02,r02,w,"$1,0,0,0,0,0,0,0,0#",20000,19000,99,60,cached_path_to_final_target
14.4,r03,r03,w,"$1,0,0,0,0,0,0,0,0#",19000,20000,121,37,cached_path_to_final_target
14.4,r04,r04,a,"$0,1,0,0,0,0,0,0,0#",-5000,4000,60,80,cached_path_to_final_target
14.4,r05,r05,w,"$1,0,0,0,0,0,0,0,0#",15000,14000,72,43,cached_path_to_final_target
14.4,r06,r06,a,"$3,0,0,0,0,0,0,0,0#",18000,20000,107,31,cached_path_to_final_target
14.4,r07,r07,w,"$1,0,0,0,0,0,0,0,0#",20000,19000,-102,41,cached_path_to_final_target
14.6,r01,r01,w,"$1,0,0,0,0,0,0,0,0#",19000,20000,110,68,path_to_final_target
14.6,r02,r02,w,"$1,0,0,0,0,0,0,0,0#",20000,20000,102,62,path_to_final_target
14.6,r03,r03,w,"$1,0,0,0,0,0,0,0,0#",19000,20000,122,40,path_to_final_target
14.6,r04,r04,a,"$0,1,0,0,0,0,0,0,0#",-4000,12000,42,78,path_to_final_target
14.6,r05,r05,a,"$3,0,0,0,0,0,0,0,0#",9000,17000,63,40,path_to_final_target
14.6,r06,r06,a,"$3,0,0,0,0,0,0,0,0#",18000,20000,108,32,path_to_final_target
14.6,r07,r07,w,"$1,0,0,0,0,0,0,0,0#",20000,19000,-103,45,path_to_final_target
14.8,r01,r01,w,"$1,0,0,0,0,0,0,0,0#",19000,20000,110,69,cached_path_to_final_target
14.8,r02,r02,w,"$1,0,0,0,0,0,0,0,0#",19000,20000,104,65,cached_path_to_final_target
14.8,r03,r03,w,"$1,0,0,0,0,0,0,0,0#",19000,20000,123,44,cached_path_to_final_target
14.8,r04,r04,a,"$3,0,0,0,0,0,0,0,0#",8000,14000,35,74,cached_path_to_final_target
14.8,r05,r05,a,"$3,0,0,0,0,0,0,0,0#",9000,20000,51,35,cached_path_to_final_target
14.8,r06,r06,a,"$3,0,0,0,0,0,0,0,0#",18000,20000,110,31,cached_path_to_final_target
14.8,r07,r07,w,"$1,0,0,0,0,0,0,0,0#",20000,19000,-105,48,cached_path_to_final_target
15.0,r01,r01,w,"$1,0,0,0,0,0,0,0,0#",19000,20000,112,70,cached_path_to_final_target
15.0,r02,r02,w,"$1,0,0,0,0,0,0,0,0#",19000,20000,105,67,cached_path_to_final_target
15.0,r03,r03,w,"$1,0,0,0,0,0,0,0,0#",19000,20000,124,49,cached_path_to_final_target
15.0,r04,r04,a,"$3,0,0,0,0,0,0,0,0#",15000,18000,33,68,cached_path_to_final_target
15.0,r05,r05,a,"$3,0,0,0,0,0,0,0,0#",14000,19000,47,31,cached_path_to_final_target
15.0,r06,r06,a,"$3,0,0,0,0,0,0,0,0#",18000,20000,111,31,cached_path_to_final_target
15.0,r07,r07,w,"$1,0,0,0,0,0,0,0,0#",20000,19000,-106,50,cached_path_to_final_target
15.2,r01,r01,w,"$1,0,0,0,0,0,0,0,0#",19000,20000,113,71,cached_path_to_final_target
15.2,r02,r02,w,"$1,0,0,0,0,0,0,0,0#",19000,20000,106,68,cached_path_to_final_target
15.2,r03,r03,w,"$1,0,0,0,0,0,0,0,0#",19000,20000,125,54,cached_path_to_final_target
15.2,r04,r04,w,"$1,0,0,0,0,0,0,0,0#",16000,17000,33,63,cached_path_to_final_target
15.2,r05,r05,d,"$4,0,0,0,0,0,0,0,0#",17000,13000,56,27,cached_path_to_final_target
15.2,r06,r06,w,"$1,0,0,0,0,0,0,0,0#",19000,20000,112,31,cached_path_to_final_target
15.2,r07,r07,w,"$1,0,0,0,0,0,0,0,0#",20000,19000,-107,52,cached_path_to_final_target
15.4,r01,r01,w,"$1,0,0,0,0,0,0,0,0#",19000,20000,114,73,path_to_final_target
15.4,r02,r02,w,"$1,0,0,0,0,0,0,0,0#",19000,20000,107,69,path_to_final_target
15.4,r03,r03,w,"$1,0,0,0,0,0,0,0,0#",19000,20000,126,59,path_to_final_target
15.4,r04,r04,w,"$1,0,0,0,0,0,0,0,0#",16000,17000,34,57,path_to_final_target
15.4,r05,r05,d,"$4,0,0,0,0,0,0,0,0#",20000,11000,77,25,path_to_final_target
15.4,r06,r06,w,"$1,0,0,0,0,0,0,0,0#",19000,20000,113,32,path_to_final_target
15.4,r07,r07,w,"$1,0,0,0,0,0,0,0,0#",20000,19000,-108,54,path_to_final_target
15.6,r01,r01,w,"$1,0,0,0,0,0,0,0,0#",19000,20000,115,75,cached_path_to_final_target
15.6,r02,r02,w,"$1,0,0,0,0,0,0,0,0#",19000,20000,108,70,cached_path_to_final_target
15.6,r03,r03,w,"$1,0,0,0,0,0,0,0,0#",19000,20000,127,64,cached_path_to_final_target
15.6,r04,r04,w,"$1,0,0,0,0,0,0,0,0#",16000,17000,35,51,cached_path_to_final_target
15.6,r05,r05,d,"$4,0,0,0,0,0,0,0,0#",20000,18000,88,25,cached_path_to_final_target
15.6,r06,r06,w,"$1,0,0,0,0,0,0,0,0#",19000,20000,115,34,cached_path_to_final_target
15.6,r07,r07,w,"$1,0,0,0,0,0,0,0,0#",20000,19000,-109,55,cached_path_to_final_target
15.8,r01,r01,w,"$1,0,0,0,0,0,0,0,0#",19000,20000,116,77,cached_path_to_final_target
15.8,r02,r02,w,"$1,0,0,0,0,0,0,0,0#",19000,20000,109,71,cached_path_to_final_target
15.8,r03,r03,w,"$1,0,0,0,0,0,0,0,0#",19000,20000,128,70,cached_path_to_final_target
15.8,r04,r04,w,"$1,0,0,0,0,0,0,0,0#",16000,17000,37,45,cached_path_to_final_target
15.8,r05,r05,w,"$1,0,0,0,0,0,0,0,0#",20000,20000,94,27,cached_path_to_final_target
15.8,r06,r06,w,"$1,0,0,0,0,0,0,0,0#",19000,20000,116,37,cached_path_to_final_target
15.8,r07,r07,w,"$1,0,0,0,0,0,0,0,0#",20000,19000,-110,56,cached_path_to_final_target
16.0,r01,r01,w,"$1,0,0,0,0,0,0,0,0#",19000,20000,117,80,cached_path_to_final_target
16.0,r02,r02,w,"$1,0,0,0,0,0,0,0,0#",19000,20000,110,71,cached_path_to_final_target
16.0,r03,r03,d,"$4,0,0,0,0,0,0,0,0#",18000,10000,140,74,cached_path_to_final_target
16.0,r04,r04,w,"$1,0,0,0,0,0,0,0,0#",16000,16000,39,39,cached_path_to_final_target
16.0,r05,r05,w,"$1,0,0,0,0,0,0,0,0#",19000,20000,97,30,cached_path_to_final_target
16.0,r06,r06,w,"$1,0,0,0,0,0,0,0,0#",19000,20000,117,41,cached_path_to_final_target
16.0,r07,r07,w,"$1,0,0,0,0,0,0,0,0#",20000,19000,-111,57,cached_path_to_final_target
16.2,r01,r01,d,"$4,0,0,0,0,0,0,0,0#",18000,14000,125,83,path_to_final_target
16.2,r02,r02,w,"$1,0,0,0,0,0,0,0,0#",19000,20000,110,72,path_to_final_target
16.2,r03,r03,d,"$4,0,0,0,0,0,0,0,0#",20000,11000,47,71,path_to_final_target
16.2,r04,r04,w,"$1,0,0,0,0,0,0,0,0#",16000,16000,42,34,path_to_final_target
16.2,r05,r05,a,"$3,0,0,0,0,0,0,0,0#",18000,20000,98,33,path_to_final_target
16.2,r06,r06,w,"$1,0,0,0,0,0,0,0,0#",19000,20000,118,45,path_to_final_target
16.2,r07,r07,w,"$1,0,0,0,0,0,0,0,0#",20000,19000,-112,57,path_to_final_target
16.4,r01,r01,d,"$4,0,0,0,0,0,0,0,0#",17000,15000,129,87,cached_path_to_final_target
16.4,r02,r02,w,"$1,0,0,0,0,0,0,0,0#",19000,20000,111,73,cached_path_to_final_target
16.4,r03,r03,w,"$1,0,0,0,0,0,0,0,0#",17000,16000,51,68,cached_path_to_final_target
16.4,r04,r04,d,"$4,0,0,0,0,0,0,0,0#",19000,9000,57,30,cached_path_to_final_target
16.4,r05,r05,a,"$3,0,0,0,0,0,0,0,0#",18000,20000,99,37,cached_path_to_final_target
16.4,r06,r06,w,"$1,0,0,0,0,0,0,0,0#",19000,20000,119,49,cached_path_to_final_target
16.4,r07,r07,w,"$1,0,0,0,0,0,0,0,0#",20000,19000,-113,58,cached_path_to_final_target
16.6,r01,r01,w,"$1,0,0,0,0,0,0,0,0#",17000,16000,132,91,cached_path_to_final_target
16.6,r02,r02,w,"$1,0,0,0,0,0,0,0,0#",19000,20000,112,74,cached_path_to_final_target
16.6,r03,r03,a,"$3,0,0,0,0,0,0,0,0#",15000,18000,50,64,cached_path_to_final_target
16.6,r04,r04,d,"$4,0,0,0,0,0,0,0,0#",20000,11000,78,27,cached_path_to_final_target
16.6,r05,r05,a,"$3,0,0,0,0,0,0,0,0#",18000,20000,100,39,cached_path_to_final_target
16.6,r06,r06,w,"$1,0,0,0,0,0,0,0,0#",19000,20000,120,54,cached_path_to_final_target
16.6,r07,r07,w,"$1,0,0,0,0,0,0,0,0#",20000,19000,-114,59,cached_path_to_final_target
16.8,r01,r01,w,"$1,0,0,0,0,0,0,0,0#",17000,16000,135,96,cached_path_to_final_target
16.8,r02,r02,w,"$1,0,0,0,0,0,0,0,0#",19000,20000,114,76,cached_path_to_final_target
16.8,r03,r03,a,"$3,0,0,0,0,0,0,0,0#",15000,18000,48,61,cached_path_to_final_target
16.8,r04,r04,d,"$4,0,0,0,0,0,0,0,0#",20000,18000,89,27,cached_path_to_final_target
16.8,r05,r05,a,"$3,0,0,0,0,0,0,0,0#",18000,20000,101,42,cached_path_to_final_target
16.8,r06,r06,w,"$1,0,0,0,0,0,0,0,0#",19000,20000,121,59,cached_path_to_final_target
16.8,r07,r07,w,"$1,0,0,0,0,0,0,0,0#",20000,19000,-115,61,cached_path_to_final_target
17.0,r01,r01,w,"$1,0,0,0,0,0,0,0,0#",16000,16000,136,100,path_to_final_target
17.0,r02,r02,w,"$1,0,0,0,0,0,0,0,0#",19000,20000,114,78,path_to_final_target
17.0,r03,r03,a,"$3,0,0,0,0,0,0,0,0#",15000,17000,47,58,path_to_final_target
17.0,r04,r04,w,"$1,0,0,0,0,0,0,0,0#",20000,20000,93,27,path_to_final_target
17.0,r05,r05,a,"$3,0,0,0,0,0,0,0,0#",18000,20000,102,43,path_to_final_target
17.0,r06,r06,w,"$1,0,0,0,0,0,0,0,0#",19000,20000,122,64,path_to_final_target
17.0,r07,r07,w,"$1,0,0,0,0,0,0,0,0#",20000,19000,-116,63,path_to_final_target
17.2,r01,r01,w,"$1,0,0,0,0,0,0,0,0#",16000,16000,138,105,cached_path_to_final_target
17.2,r02,r02,w,"$1,0,0,0,0,0,0,0,0#",19000,20000,115,81,cached_path_to_final_target
17.2,r03,r03,w,"$1,0,0,0,0,0,0,0,0#",16000,17000,48,55,cached_path_to_final_target
17.2,r04,r04,w,"$1,0,0,0,0,0,0,0,0#",19000,20000,95,29,cached_path_to_final_target
17.2,r05,r05,w,"$1,0,0,0,0,0,0,0,0#",19000,20000,103,45,cached_path_to_final_target
17.2,r06,r06,w,"$1,0,0,0,0,0,0,0,0#",19000,20000,8,68,cached_path_to_final_target
17.2,r07,r07,w,"$1,0,0,0,0,0,0,0,0#",20000,19000,-117,66,cached_path_to_final_target
17.4,r01,r01,w,"$1,0,0,0,0,0,0,0,0#",16000,16000,139,110,cached_path_to_final_target
17.4,r02,r02,a,"$3,0,0,0,0,0,0,0,0#",14000,20000,106,82,cached_path_to_final_target
17.4,r03,r03,w,"$1,0,0,0,0,0,0,0,0#",16000,17000,50,52,cached_path_to_final_target
17.4,r04,r04,w,"$1,0,0,0,0,0,0,0,0#",19000,20000,97,31,cached_path_to_final_target
17.4,r05,r05,w,"$1,0,0,0,0,0,0,0,0#",19000,20000,104,45,cached_path_to_final_target
17.4,r06,r06,d,"$4,0,0,0,0,0,0,0,0#",19000,11000,19,62,cached_path_to_final_target
17.4,r07,r07,w,"$1,0,0,0,0,0,0,0,0#",20000,19000,-118,69,cached_path_to_final_target
17.6,r01,r01,w,"$1,0,0,0,0,0,0,0,0#",16000,16000,65,114,cached_path_to_final_target
17.6,r02,r02,a,"$3,0,0,0,0,0,0,0,0#",17000,20000,103,83,cached_path_to_final_target
17.6,r03,r03,d,"$4,0,0,0,0,0,0,0,0#",20000,11000,64,51,cached_path_to_final_target
17.6,r04,r04,a,"$3,0,0,0,0,0,0,0,0#",18000,20000,98,34,cached_path_to_final_target
17.6,r05,r05,w,"$1,0,0,0,0,0,0,0,0#",19000,20000,105,46,cached_path_to_final_target
17.6,r06,r06,d,"$4,0,0,0,0,0,0,0,0#",19000,13000,29,57,cached_path_to_final_target
17.6,r07,r07,w,"$1,0,0,0,0,0,0,0,0#",20000,19000,-8,65,cached_path_to_final_target
17.8,r01,r01,w,"$1,0,0,0,0,0,0,0,0#",16000,16000,67,112,path_to_final_target
17.8,r02,r02,d,"$4,0,0,0,0,0,0,0,0#",17000,12000,113,85,path_to_final_target
17.8,r03,r03,d,"$4,0,0,0,0,0,0,0,0#",20000,13000,82,53,path_to_final_target
17.8,r04,r04,a,"$3,0,0,0,0,0,0,0,0#",18000,20000,98,38,path_to_final_target
17.8,r05,r05,w,"$1,0,0,0,0,0,0,0,0#",19000,20000,107,46,path_to_final_target
17.8,r06,r06,d,"$4,0,0,0,0,0,0,0,0#",18000,15000,34,53,path_to_final_target
17.8,r07,r07,a,"$3,0,0,0,0,0,0,0,0#",12000,19000,-18,59,path_to_final_target
18.0,r01,r01,w,"$1,0,0,0,0,0,0,0,0#",16000,16000,69,111,cached_path_to_final_target
18.0,r02,r02,d,"$4,0,0,0,0,0,0,0,0#",20000,10000,127,89,cached_path_to_final_target
18.0,r03,r03,d,"$4,0,0,0,0,0,0,0,0#",20000,18000,91,55,cached_path_to_final_target
18.0,r04,r04,a,"$3,0,0,0,0,0,0,0,0#",18000,20000,99,41,cached_path_to_final_target
18.0,r05,r05,w,"$1,0,0,0,0,0,0,0,0#",19000,20000,108,45,cached_path_to_final_target
18.0,r06,r06,w,"$1,0,0,0,0,0,0,0,0#",17000,16000,38,48,cached_path_to_final_target
18.0,r07,r07,a,"$3,0,0,0,0,0,0,0,0#",15000,18000,-24,53,cached_path_to_final_target
18.2,r01,r01,w,"$1,0,0,0,0,0,0,0,0#",16000,16000,71,110,cached_path_to_final_target
18.2,r02,r02,d,"$4,0,0,0,0,0,0,0,0#",18000,14000,134,93,cached_path_to_final_target
18.2,r03,r03,w,"$1,0,0,0,0,0,0,0,0#",20000,20000,96,56,cached_path_to_final_target
18.2,r04,r04,a,"$3,0,0,0,0,0,0,0,0#",18000,20000,100,43,cached_path_to_final_target
18.2,r05,r05,w,"$1,0,0,0,0,0,0,0,0#",19000,20000,109,45,cached_path_to_final_target
18.2,r06,r06,w,"$1,0,0,0,0,0,0,0,0#",17000,16000,41,44,cached_path_to_final_target
18.2,r07,r07,w,"$1,0,0,0,0,0,0,0,0#",16000,17000,-28,47,cached_path_to_final_target
18.4,r01,r01,w,"$1,0,0,0,0,0,0,0,0#",16000,16000,73,109,cached_path_to_final_target
18.4,r02,r02,w,"$1,0,0,0,0,0,0,0,0#",17000,16000,138,98,cached_path_to_final_target
18.4,r03,r03,w,"$1,0,0,0,0,0,0,0,0#",19000,20000,98,58,cached_path_to_final_target
18.4,r04,r04,a,"$3,0,0,0,0,0,0,0,0#",18000,20000,101,45,cached_path_to_final_target
18.4,r05,r05,w,"$1,0,0,0,0,0,0,0,0#",19000,20000,110,46,cached_path_to_final_target
18.4,r06,r06,w,"$1,0,0,0,0,0,0,0,0#",17000,16000,44,41,cached_path_to_final_target
18.4,r07,r07,w,"$1,0,0,0,0,0,0,0,0#",16000,17000,-31,42,cached_path_to_final_target
18.6,r01,r01,w,"$1,0,0,0,0,0,0,0,0#",16000,16000,76,109,path_to_final_target
18.6,r02,r02,w,"$1,0,0,0,0,0,0,0,0#",17000,16000,141,103,path_to_final_target
18.6,r03,r03,w,"$1,0,0,0,0,0,0,0,0#",19000,20000,99,59,path_to_final_target
18.6,r04,r04,w,"$1,0,0,0,0,0,0,0,0#",19000,20000,102,47,path_to_final_target
18.6,r05,r05,w,"$1,0,0,0,0,0,0,0,0#",19000,20000,111,47,path_to_final_target
18.6,r06,r06,w,"$1,0,0,0,0,0,0,0,0#",16000,16000,47,38,path_to_final_target
18.6,r07,r07,w,"$1,0,0,0,0,0,0,0,0#",16000,17000,-34,36,path_to_final_target
18.8,r01,r01,w,"$1,0,0,0,0,0,0,0,0#",16000,16000,78,109,cached_path_to_final_target
18.8,r02,r02,w,"$1,0,0,0,0,0,0,0,0#",17000,16000,142,108,cached_path_to_final_target
18.8,r03,r03,w,"$1,0,0,0,0,0,0,0,0#",19000,20000,100,60,cached_path_to_final_target
18.8,r04,r04,w,"$1,0,0,0,0,0,0,0,0#",19000,20000,103,48,cached_path_to_final_target
18.8,r05,r05,w,"$1,0,0,0,0,0,0,0,0#",19000,20000,112,49,cached_path_to_final_target
18.8,r06,r06,w,"$1,0,0,0,0,0,0,0,0#",16000,16000,50,36,cached_path_to_final_target
18.8,r07,r07,w,"$1,0,0,0,0,0,0,0,0#",16000,17000,-36,31,cached_path_to_final_target
19.0,r01,r01,w,"$1,0,0,0,0,0,0,0,0#",16000,16000,80,109,cached_path_to_final_target
19.0,r02,r02,w,"$1,0,0,0,0,0,0,0,0#",16000,16000,66,109,cached_path_to_final_target
19.0,r03,r03,w,"$1,0,0,0,0,0,0,0,0#",19000,20000,101,60,cached_path_to_final_target
19.0,r04,r04,w,"$1,0,0,0,0,0,0,0,0#",19000,20000,104,48,cached_path_to_final_target
19.0,r05,r05,w,"$1,0,0,0,0,0,0,0,0#",19000,20000,113,51,cached_path_to_final_target
19.0,r06,r06,w,"$1,0,0,0,0,0,0,0,0#",16000,16000,54,34,cached_path_to_final_target
19.0,r07,r07,w,"$1,0,0,0,0,0,0,0,0#",16000,16000,-39,25,cached_path_to_final_target
19.2,r01,r01,w,"$1,0,0,0,0,0,0,0,0#",16000,16000,83,108,cached_path_to_final_target
19.2,r02,r02,w,"$1,0,0,0,0,0,0,0,0#",16000,16000,68,107,cached_path_to_final_target
19.2,r03,r03,w,"$1,0,0,0,0,0,0,0,0#",19000,20000,102,60,cached_path_to_final_target
19.2,r04,r04,w,"$1,0,0,0,0,0,0,0,0#",19000,20000,105,49,cached_path_to_final_target
19.2,r05,r05,w,"$1,0,0,0,0,0,0,0,0#",19000,20000,114,54,cached_path_to_final_target
19.2,r06,r06,d,"$4,0,0,0,0,0,0,0,0#",20000,11000,70,34,cached_path_to_final_target
19.2,r07,r07,w,"$1,0,0,0,0,0,0,0,0#",16000,16000,-42,21,cached_path_to_final_target
19.4,r01,r01,w,"$1,0,0,0,0,0,0,0,0#",16000,16000,85,108,path_to_final_target
19.4,r02,r02,w,"$1,0,0,0,0,0,0,0,0#",16000,16000,70,106,path_to_final_target
19.4,r03,r03,a,"$3,0,0,0,0,0,0,0,0#",18000,20000,102,60,path_to_final_target
19.4,r04,r04,w,"$1,0,0,0,0,0,0,0,0#",19000,20000,108,49,path_to_final_target
19.4,r05,r05,w,"$1,0,0,0,0,0,0,0,0#",19000,20000,115,57,path_to_final_target
19.4,r06,r06,d,"$4,0,0,0,0,0,0,0,0#",20000,14000,87,36,path_to_final_target
19.4,r07,r07,w,"$1,0,0,0,0,0,0,0,0#",16000,16000,-45,16,path_to_final_target
19.6,r01,r01,w,"$1,0,0,0,0,0,0,0,0#",16000,16000,87,108,cached_path_to_final_target
19.6,r02,r02,w,"$1,0,0,0,0,0,0,0,0#",16000,16000,73,106,cached_path_to_final_target
19.6,r03,r03,w,"$1,0,0,0,0,0,0,0,0#",19000,20000,103,59,cached_path_to_final_target
19.6,r04,r04,w,"$1,0,0,0,0,0,0,0,0#",19000,20000,110,49,cached_path_to_final_target
19.6,r05,r05,w,"$1,0,0,0,0,0,0,0,0#",19000,20000,116,61,cached_path_to_final_target
19.6,r06,r06,w,"$1,0,0,0,0,0,0,0,0#",20000,19000,96,38,cached_path_to_final_target
19.6,r07,r07,w,"$1,0,0,0,0,0,0,0,0#",16000,16000,-49,13,cached_path_to_final_target
19.8,r01,r01,w,"$1,0,0,0,0,0,0,0,0#",16000,16000,90,108,cached_path_to_final_target
19.8,r02,r02,w,"$1,0,0,0,0,0,0,0,0#",16000,16000,75,105,cached_path_to_final_target
19.8,r03,r03,w,"$1,0,0,0,0,0,0,0,0#",19000,20000,103,58,cached_path_to_final_target
19.8,r04,r04,w,"$1,0,0,0,0,0,0,0,0#",19000,20000,112,49,cached_path_to_final_target
19.8,r05,r05,w,"$1,0,0,0,0,0,0,0,0#",19000,20000,117,65,cached_path_to_final_target
19.8,r06,r06,w,"$1,0,0,0,0,0,0,0,0#",20000,20000,100,40,cached_path_to_final_target
19.8,r07,r07,a,"$3,0,0,0,0,0,0,0,0#",6000,15000,-64,12,cached_path_to_final_target
20.0,r01,r01,w,"$1,0,0,0,0,0,0,0,0#",16000,16000,92,108,cached_path_to_final_target
20.0,r02,r02,w,"$1,0,0,0,0,0,0,0,0#",16000,16000,77,105,cached_path_to_final_target
20.0,r03,r03,w,"$1,0,0,0,0,0,0,0,0#",19000,20000,104,57,cached_path_to_final_target
20.0,r04,r04,w,"$1,0,0,0,0,0,0,0,0#",19000,20000,114,50,cached_path_to_final_target
20.0,r05,r05,w,"$1,0,0,0,0,0,0,0,0#",19000,20000,118,69,cached_path_to_final_target
20.0,r06,r06,w,"$1,0,0,0,0,0,0,0,0#",19000,20000,102,41,cached_path_to_final_target
20.0,r07,r07,w,"$1,0,0,0,0,0,0,0,0#",16000,16000,-69,13,cached_path_to_final_target
20.2,r01,r01,w,"$1,0,0,0,0,0,0,0,0#",16000,16000,95,107,path_to_final_target
20.2,r02,r02,w,"$1,0,0,0,0,0,0,0,0#",16000,16000,80,105,path_to_final_target
20.2,r03,r03,w,"$1,0,0,0,0,0,0,0,0#",19000,20000,105,57,path_to_final_target
20.2,r04,r04,w,"$1,0,0,0,0,0,0,0,0#",19000,20000,116,52,path_to_final_target
20.2,r05,r05,w,"$1,0,0,0,0,0,0,0,0#",19000,20000,119,73,path_to_final_target
20.2,r06,r06,a,"$3,0,0,0,0,0,0,0,0#",18000,20000,104,42,path_to_final_target
20.2,r07,r07,d,"$4,0,0,0,0,0,0,0,0#",19000,12000,-65,13,path_to_final_target
20.4,r01,r01,w,"$1,0,0,0,0,0,0,0,0#",16000,16000,20,102,cached_path_to_final_target
20.4,r02,r02,w,"$1,0,0,0,0,0,0,0,0#",16000,16000,82,105,cached_path_to_final_target
20.4,r03,r03,w,"$1,0,0,0,0,0,0,0,0#",19000,20000,-23,55,cached_path_to_final_target
20.4,r04,r04,w,"$1,0,0,0,0,0,0,0,0#",19000,20000,118,55,cached_path_to_final_target
20.4,r05,r05,w,"$1,0,0,0,0,0,0,0,0#",19000,20000,16,75,cached_path_to_final_target
20.4,r06,r06,a,"$3,0,0,0,0,0,0,0,0#",18000,20000,105,43,cached_path_to_final_target
20.4,r07,r07,d,"$4,0,0,0,0,0,0,0,0#",18000,15000,-66,13,cached_path_to_final_target
20.6,r01,r01,w,"$1,0,0,0,0,0,0,0,0#",16000,16000,21,96,cached_path_to_final_target
20.6,r02,r02,w,"$1,0,0,0,0,0,0,0,0#",16000,16000,85,105,cached_path_to_final_target
20.6,r03,r03,a,"$3,0,0,0,0,0,0,0,0#",11000,20000,-36,50,cached_path_to_final_target
20.6,r04,r04,w,"$1,0,0,0,0,0,0,0,0#",19000,20000,119,58,cached_path_to_final_target
20.6,r05,r05,d,"$4,0,0,0,0,0,0,0,0#",19000,12000,28,70,cached_path_to_final_target
20.6,r06,r06,a,"$3,0,0,0,0,0,0,0,0#",18000,20000,106,43,cached_path_to_final_target
20.6,r07,r07,a,"$3,0,0,0,0,0,0,0,0#",15000,20000,-81,14,cached_path_to_final_target
20.8,r01,r01,w,"$1,0,0,0,0,0,0,0,0#",16000,16000,22,90,cached_path_to_final_target
20.8,r02,r02,w,"$1,0,0,0,0,0,0,0,0#",16000,16000,87,105,cached_path_to_final_target
20.8,r03,r03,a,"$3,0,0,0,0,0,0,0,0#",14000,18000,-44,45,cached_path_to_final_target
20.8,r04,r04,w,"$1,0,0,0,0,0,0,0,0#",19000,20000,120,61,cached_path_to_final_target
20.8,r05,r05,d,"$4,0,0,0,0,0,0,0,0#",18000,14000,35,66,cached_path_to_final_target
20.8,r06,r06,a,"$3,0,0,0,0,0,0,0,0#",18000,20000,107,43,cached_path_to_final_target
20.8,r07,r07,a,"$3,0,0,0,0,0,0,0,0#",17000,20000,-96,17,cached_path_to_final_target
21.0,r01,r01,w,"$1,0,0,0,0,0,0,0,0#",16000,16000,23,84,path_to_final_target
21.0,r02,r02,w,"$1,0,0,0,0,0,0,0,0#",16000,16000,90,105,path_to_final_target
21.0,r03,r03,w,"$1,0,0,0,0,0,0,0,0#",16000,17000,-49,40,path_to_final_target
21.0,r04,r04,w,"$1,0,0,0,0,0,0,0,0#",19000,20000,120,65,path_to_final_target
21.0,r05,r05,w,"$1,0,0,0,0,0,0,0,0#",17000,16000,39,62,path_to_final_target
21.0,r06,r06,a,"$3,0,0,0,0,0,0,0,0#",18000,20000,108,42,path_to_final_target
21.0,r07,r07,w,"$1,0,0,0,0,0,0,0,0#",20000,20000,-103,19,path_to_final_target
21.2,r01,r01,w,"$1,0,0,0,0,0,0,0,0#",16000,16000,24,78,cached_path_to_final_target
21.2,r02,r02,w,"$1,0,0,0,0,0,0,0,0#",16000,16000,92,105,cached_path_to_final_target
21.2,r03,r03,a,"$3,0,0,0,0,0,0,0,0#",10000,20000,-68,37,cached_path_to_final_target
21.2,r04,r04,w,"$1,0,0,0,0,0,0,0,0#",19000,20000,119,69,cached_path_to_final_target
21.2,r05,r05,w,"$1,0,0,0,0,0,0,0,0#",17000,16000,42,58,cached_path_to_final_target
21.2,r06,r06,a,"$3,0,0,0,0,0,0,0,0#",18000,20000,109,41,cached_path_to_final_target
21.2,r07,r07,w,"$1,0,0,0,0,0,0,0,0#",20000,19000,-107,21,cached_path_to_final_target
21.4,r01,r01,w,"$1,0,0,0,0,0,0,0,0#",16000,16000,25,72,cached_path_to_final_target
21.4,r02,r02,w,"$1,0,0,0,0,0,0,0,0#",16000,16000,95,105,cached_path_to_final_target
21.4,r03,r03,a,"$3,0,0,0,0,0,0,0,0#",14000,20000,-86,34,cached_path_to_final_target
21.4,r04,r04,w,"$1,0,0,0,0,0,0,0,0#",19000,20000,119,73,cached_path_to_final_target
21.4,r05,r05,w,"$1,0,0,0,0,0,0,0,0#",17000,16000,44,54,cached_path_to_final_target
21.4,r06,r06,w,"$1,0,0,0,0,0,0,0,0#",19000,20000,110,41,cached_path_to_final_target
21.4,r07,r07,d,"$4,0,0,0,0,0,0,0,0#",20000,18000,-110,22,cached_path_to_final_target
21.6,r01,r01,w,"$1,0,0,0,0,0,0,0,0#",16000,16000,27,66,cached_path_to_final_target
21.6,r02,r02,w,"$1,0,0,0,0,0,0,0,0#",16000,16000,97,105,cached_path_to_final_target
21.6,r03,r03,w,"$1,0,0,0,0,0,0,0,0#",19000,20000,-94,32,cached_path_to_final_target
21.6,r04,r04,w,"$1,0,0,0,0,0,0,0,0#",19000,20000,119,77,cached_path_to_final_target
21.6,r05,r05,w,"$1,0,0,0,0,0,0,0,0#",16000,16000,47,51,cached_path_to_final_target
21.6,r06,r06,w,"$1,0,0,0,0,0,0,0,0#",19000,20000,111,42,cached_path_to_final_target
21.6,r07,r07,d,"$4,0,0,0,0,0,0,0,0#",20000,18000,-112,23,cached_path_to_final_target
21.8,r01,r01,w,"$1,0,0,0,0,0,0,0,0#",16000,16000,28,60,path_to_final_target
21.8,r02,r02,w,"$1,0,0,0,0,0,0,0,0#",16000,16000,21,100,path_to_final_target
21.8,r03,r03,w,"$1,0,0,0,0,0,0,0,0#",20000,19000,-97,30,path_to_final_target
21.8,r04,r04,w,"$1,0,0,0,0,0,0,0,0#",19000,20000,119,81,path_to_final_target
21.8,r05,r05,w,"$1,0,0,0,0,0,0,0,0#",16000,16000,50,49,path_to_final_target
21.8,r06,r06,a,"$3,0,0,0,0,0,0,0,0#",12000,16000,109,43,path_to_final_target
21.8,r07,r07,d,"$4,0,0,0,0,0,0,0,0#",20000,18000,-114,23,path_to_final_target
22.0,r01,r01,w,"$1,0,0,0,0,0,0,0,0#",16000,16000,30,54,cached_path_to_final_target
22.0,r02,r02,w,"$1,0,0,0,0,0,0,0,0#",16000,16000,22,94,cached_path_to_final_target
22.0,r03,r03,d,"$4,0,0,0,0,0,0,0,0#",20000,18000,-98,29,cached_path_to_final_target
22.0,r04,r04,d,"$4,0,0,0,0,0,0,0,0#",19000,13000,34,84,cached_path_to_final_target
22.0,r05,r05,d,"$4,0,0,0,0,0,0,0,0#",20000,11000,66,48,cached_path_to_final_target
22.0,r06,r06,w,"$1,0,0,0,0,0,0,0,0#",8000,9000,109,43,cached_path_to_final_target
22.0,r07,r07,d,"$4,0,0,0,0,0,0,0,0#",20000,18000,-115,22,cached_path_to_final_target
22.2,r01,r01,w,"$1,0,0,0,0,0,0,0,0#",16000,16000,32,48,cached_path_to_final_target
22.2,r02,r02,w,"$1,0,0,0,0,0,0,0,0#",16000,16000,23,88,cached_path_to_final_target
22.2,r03,r03,d,"$4,0,0,0,0,0,0,0,0#",20000,18000,-98,29,cached_path_to_final_target
22.2,r04,r04,d,"$4,0,0,0,0,0,0,0,0#",17000,15000,38,79,cached_path_to_final_target
22.2,r05,r05,w,"$1,0,0,0,0,0,0,0,0#",16000,16000,69,48,cached_path_to_final_target
22.2,r06,r06,w,"$1,0,0,0,0,0,0,0,0#",14000,15000,110,45,cached_path_to_final_target
22.2,r07,r07,d,"$4,0,0,0,0,0,0,0,0#",20000,18000,-117,22,cached_path_to_final_target
22.4,r01,r01,w,"$1,0,0,0,0,0,0,0,0#",16000,16000,34,43,cached_path_to_final_target
22.4,r02,r02,w,"$1,0,0,0,0,0,0,0,0#",16000,16000,24,82,cached_path_to_final_target
22.4,r03,r03,d,"$4,0,0,0,0,0,0,0,0#",20000,18000,-98,29,cached_path_to_final_target
22.4,r04,r04,w,"$1,0,0,0,0,0,0,0,0#",17000,16000,40,75,cached_path_to_final_target
22.4,r05,r05,d,"$4,0,0,0,0,0,0,0,0#",20000,14000,86,49,cached_path_to_final_target
22.4,r06,r06,w,"$1,0,0,0,0,0,0,0,0#",19000,20000,-45,42,cached_path_to_final_target
22.4,r07,r07,d,"$4,0,0,0,0,0,0,0,0#",20000,18000,-118,23,cached_path_to_final_target
22.6,r01,r01,w,"$1,0,0,0,0,0,0,0,0#",16000,16000,36,37,path_to_final_target
22.6,r02,r02,w,"$1,0,0,0,0,0,0,0,0#",16000,16000,25,76,path_to_final_target
22.6,r03,r03,d,"$4,0,0,0,0,0,0,0,0#",20000,17000,-97,30,path_to_final_target
22.6,r04,r04,w,"$1,0,0,0,0,0,0,0,0#",16000,16000,42,71,path_to_final_target
22.6,r05,r05,w,"$1,0,0,0,0,0,0,0,0#",20000,19000,93,51,path_to_final_target
22.6,r06,r06,a,"$3,0,0,0,0,0,0,0,0#",10000,20000,-63,38,path_to_final_target
22.6,r07,r07,w,"$1,0,0,0,0,0,0,0,0#",20000,19000,-119,25,path_to_final_target
22.8,r01,r01,w,"$1,0,0,0,0,0,0,0,0#",16000,16000,39,32,cached_path_to_final_target
22.8,r02,r02,w,"$1,0,0,0,0,0,0,0,0#",16000,16000,27,70,cached_path_to_final_target
22.8,r03,r03,d,"$4,0,0,0,0,0,0,0,0#",20000,7000,-82,30,cached_path_to_final_target
22.8,r04,r04,w,"$1,0,0,0,0,0,0,0,0#",16000,17000,44,68,cached_path_to_final_target
22.8,r05,r05,w,"$1,0,0,0,0,0,0,0,0#",20000,20000,97,52,cached_path_to_final_target
22.8,r06,r06,a,"$3,0,0,0,0,0,0,0,0#",13000,20000,-82,34,cached_path_to_final_target
22.8,r07,r07,w,"$1,0,0,0,0,0,0,0,0#",20000,19000,-121,27,cached_path_to_final_target
23.0,r01,r01,w,"$1,0,0,0,0,0,0,0,0#",16000,16000,42,27,cached_path_to_final_target
23.0,r02,r02,w,"$1,0,0,0,0,0,0,0,0#",16000,16000,28,64,cached_path_to_final_target
23.0,r03,r03,d,"$4,0,0,0,0,0,0,0,0#",20000,7000,-67,29,cached_path_to_final_target
23.0,r04,r04,w,"$1,0,0,0,0,0,0,0,0#",16000,17000,45,65,cached_path_to_final_target
23.0,r05,r05,w,"$1,0,0,0,0,0,0,0,0#",19000,20000,100,54,cached_path_to_final_target
23.0,r06,r06,w,"$1,0,0,0,0,0,0,0,0#",19000,20000,-91,32,cached_path_to_final_target
23.0,r07,r07,w,"$1,0,0,0,0,0,0,0,0#",20000,19000,-122,31,cached_path_to_final_target
23.2,r01,r01,w,"$1,0,0,0,0,0,0,0,0#",16000,16000,45,23,cached_path_to_final_target
23.2,r02,r02,w,"$1,0,0,0,0,0,0,0,0#",16000,16000,30,58,cached_path_to_final_target
23.2,r03,r03,d,"$4,0,0,0,0,0,0,0,0#",19000,13000,-63,28,cached_path_to_final_target
23.2,r04,r04,w,"$1,0,0,0,0,0,0,0,0#",16000,16000,47,62,cached_path_to_final_target
23.2,r05,r05,w,"$1,0,0,0,0,0,0,0,0#",19000,20000,101,54,cached_path_to_final_target
23.2,r06,r06,w,"$1,0,0,0,0,0,0,0,0#",20000,19000,-95,31,cached_path_to_final_target
23.2,r07,r07,a,"$3,0,0,0,0,0,0,0,0#",12000,19000,-134,35,cached_path_to_final_target
23.4,r01,r01,w,"$1,0,0,0,0,0,0,0,0#",16000,16000,49,19,path_to_final_target
23.4,r02,r02,w,"$1,0,0,0,0,0,0,0,0#",16000,16000,32,52,path_to_final_target
23.4,r03,r03,a,"$3,0,0,0,0,0,0,0,0#",16000,19000,-73,28,path_to_final_target
23.4,r04,r04,w,"$1,0,0,0,0,0,0,0,0#",16000,16000,50,59,path_to_final_target
23.4,r05,r05,w,"$1,0,0,0,0,0,0,0,0#",19000,20000,102,55,path_to_final_target
23.4,r06,r06,d,"$4,0,0,0,0,0,0,0,0#",19000,9000,-85,30,path_to_final_target
23.4,r07,r07,a,"$3,0,0,0,0,0,0,0,0#",15000,18000,-140,40,path_to_final_target
23.6,r01,r01,w,"$1,0,0,0,0,0,0,0,0#",16000,16000,53,16,cached_path_to_final_target
23.6,r02,r02,w,"$1,0,0,0,0,0,0,0,0#",16000,16000,34,47,cached_path_to_final_target
23.6,r03,r03,a,"$3,0,0,0,0,0,0,0,0#",15000,20000,-90,30,cached_path_to_final_target
23.6,r04,r04,w,"$1,0,0,0,0,0,0,0,0#",16000,16000,53,57,cached_path_to_final_target
23.6,r05,r05,w,"$1,0,0,0,0,0,0,0,0#",19000,20000,103,54,cached_path_to_final_target
23.6,r06,r06,d,"$4,0,0,0,0,0,0,0,0#",20000,4000,-63,28,cached_path_to_final_target
23.6,r07,r07,d,"$4,0,0,0,0,0,0,0,0#",20000,15000,-134,46,cached_path_to_final_target
23.8,r01,r01,w,"$1,0,0,0,0,0,0,0,0#",16000,16000,57,14,cached_path_to_final_target
23.8,r02,r02,w,"$1,0,0,0,0,0,0,0,0#",16000,16000,36,41,cached_path_to_final_target
23.8,r03,r03,w,"$1,0,0,0,0,0,0,0,0#",19000,20000,-98,32,cached_path_to_final_target
23.8,r04,r04,w,"$1,0,0,0,0,0,0,0,0#",16000,16000,55,55,cached_path_to_final_target
23.8,r05,r05,w,"$1,0,0,0,0,0,0,0,0#",19000,20000,104,54,cached_path_to_final_target
23.8,r06,r06,d,"$4,0,0,0,0,0,0,0,0#",20000,11000,-55,24,cached_path_to_final_target
23.8,r07,r07,d,"$4,0,0,0,0,0,0,0,0#",20000,16000,-129,51,cached_path_to_final_target
24.0,r01,r01,w,"$1,0,0,0,0,0,0,0,0#",17000,16000,63,14,adaptive_split_to_bypass_target
24.0,r02,r02,w,"$1,0,0,0,0,0,0,0,0#",16000,16000,38,36,adaptive_split_to_bypass_target
24.0,r03,r03,w,"$1,0,0,0,0,0,0,0,0#",20000,20000,-103,35,adaptive_split_to_bypass_target
24.0,r04,r04,w,"$1,0,0,0,0,0,0,0,0#",16000,16000,59,53,adaptive_split_to_bypass_target
24.0,r05,r05,a,"$3,0,0,0,0,0,0,0,0#",18000,20000,104,53,adaptive_split_to_bypass_target
24.0,r06,r06,w,"$1,0,0,0,0,0,0,0,0#",17000,16000,-59,21,adaptive_split_to_bypass_target
24.0,r07,r07,a,"$3,0,0,0,0,0,0,0,0#",13000,16000,-135,56,adaptive_split_to_bypass_target
24.2,r01,r01,d,"$4,0,0,0,0,0,0,0,0#",20000,13000,83,15,adaptive_split_to_bypass_target
24.2,r02,r02,w,"$1,0,0,0,0,0,0,0,0#",16000,16000,41,31,adaptive_split_to_bypass_target
24.2,r03,r03,w,"$1,0,0,0,0,0,0,0,0#",20000,19000,-107,37,adaptive_split_to_bypass_target
24.2,r04,r04,d,"$4,0,0,0,0,0,0,0,0#",20000,12000,75,52,adaptive_split_to_bypass_target
24.2,r05,r05,w,"$1,0,0,0,0,0,0,0,0#",19000,20000,105,52,adaptive_split_to_bypass_target
24.2,r06,r06,a,"$3,0,0,0,0,0,0,0,0#",12000,20000,-76,20,adaptive_split_to_bypass_target
24.2,r07,r07,a,"$3,0,0,0,0,0,0,0,0#",10000,20000,-150,61,adaptive_split_to_bypass_target
24.4,r01,r01,d,"$4,0,0,0,0,0,0,0,0#",20000,17000,97,17,cached_adaptive_split
24.4,r02,r02,w,"$1,0,0,0,0,0,0,0,0#",16000,16000,44,26,cached_adaptive_split
24.4,r03,r03,w,"$1,0,0,0,0,0,0,0,0#",20000,19000,-110,38,cached_adaptive_split
24.4,r04,r04,d,"$4,0,0,0,0,0,0,0,0#",20000,16000,89,52,cached_adaptive_split
24.4,r05,r05,w,"$1,0,0,0,0,0,0,0,0#",19000,20000,106,52,cached_adaptive_split
24.4,r06,r06,a,"$3,0,0,0,0,0,0,0,0#",15000,20000,-93,22,cached_adaptive_split
24.4,r07,r07,a,"$3,0,0,0,0,0,0,0,0#",14000,18000,-157,67,cached_adaptive_split
24.6,r01,r01,w,"$1,0,0,0,0,0,0,0,0#",20000,20000,104,20,cached_adaptive_split
24.6,r02,r02,w,"$1,0,0,0,0,0,0,0,0#",16000,16000,47,22,cached_adaptive_split
24.6,r03,r03,w,"$1,0,0,0,0,0,0,0,0#",20000,19000,-112,40,cached_adaptive_split
24.6,r04,r04,w,"$1,0,0,0,0,0,0,0,0#",20000,19000,96,53,cached_adaptive_split
24.6,r05,r05,w,"$1,0,0,0,0,0,0,0,0#",19000,20000,106,52,cached_adaptive_split
24.6,r06,r06,w,"$1,0,0,0,0,0,0,0,0#",19000,20000,-101,26,cached_adaptive_split
24.6,r07,r07,a,"$3,0,0,0,0,0,0,0,0#",15000,17000,-161,73,cached_adaptive_split
24.8,r01,r01,w,"$1,0,0,0,0,0,0,0,0#",19000,20000,108,21,cached_adaptive_split
24.8,r02,r02,w,"$1,0,0,0,0,0,0,0,0#",16000,16000,51,18,cached_adaptive_split
24.8,r03,r03,w,"$1,0,0,0,0,0,0,0,0#",20000,19000,-114,41,cached_adaptive_split
24.8,r04,r04,w,"$1,0,0,0,0,0,0,0,0#",20000,20000,100,54,cached_adaptive_split
24.8,r05,r05,w,"$1,0,0,0,0,0,0,0,0#",19000,20000,107,53,cached_adaptive_split
24.8,r06,r06,w,"$1,0,0,0,0,0,0,0,0#",20000,19000,-106,30,cached_adaptive_split
24.8,r07,r07,w,"$1,0,0,0,0,0,0,0,0#",16000,17000,-163,79,cached_adaptive_split
25.0,r01,r01,a,"$3,0,0,0,0,0,0,0,0#",18000,20000,109,23,adaptive_split_to_bypass_target
25.0,r02,r02,w,"$1,0,0,0,0,0,0,0,0#",16000,16000,55,15,adaptive_split_to_bypass_target
25.0,r03,r03,w,"$1,0,0,0,0,0,0,0,0#",20000,19000,-115,41,adaptive_split_to_bypass_target
25.0,r04,r04,w,"$1,0,0,0,0,0,0,0,0#",19000,20000,102,54,adaptive_split_to_bypass_target
25.0,r05,r05,w,"$1,0,0,0,0,0,0,0,0#",19000,20000,-32,47,adaptive_split_to_bypass_target
25.0,r06,r06,w,"$1,0,0,0,0,0,0,0,0#",20000,19000,-109,34,adaptive_split_to_bypass_target
25.0,r07,r07,w,"$1,0,0,0,0,0,0,0,0#",16000,17000,-164,85,adaptive_split_to_bypass_target
25.2,r01,r01,a,"$3,0,0,0,0,0,0,0,0#",17000,20000,109,23,cached_adaptive_split
25.2,r02,r02,w,"$1,0,0,0,0,0,0,0,0#",16000,16000,60,14,cached_adaptive_split
25.2,r03,r03,w,"$1,0,0,0,0,0,0,0,0#",20000,19000,-116,43,cached_adaptive_split
25.2,r04,r04,w,"$1,0,0,0,0,0,0,0,0#",19000,20000,103,53,cached_adaptive_split
25.2,r05,r05,a,"$3,0,0,0,0,0,0,0,0#",8000,20000,-51,43,cached_adaptive_split
25.2,r06,r06,w,"$1,0,0,0,0,0,0,0,0#",20000,19000,-111,37,cached_adaptive_split
25.2,r07,r07,w,"$1,0,0,0,0,0,0,0,0#",16000,16000,-165,92,cached_adaptive_split
25.4,r01,r01,a,"$3,0,0,0,0,0,0,0,0#",17000,20000,109,22,cached_adaptive_split
25.4,r02,r02,w,"$1,0,0,0,0,0,0,0,0#",16000,16000,65,14,cached_adaptive_split
25.4,r03,r03,w,"$1,0,0,0,0,0,0,0,0#",20000,19000,-118,44,cached_adaptive_split
25.4,r04,r04,w,"$1,0,0,0,0,0,0,0,0#",19000,20000,104,53,cached_adaptive_split
25.4,r05,r05,a,"$3,0,0,0,0,0,0,0,0#",8000,20000,-76,40,cached_adaptive_split
25.4,r06,r06,d,"$4,0,0,0,0,0,0,0,0#",20000,18000,-112,40,cached_adaptive_split
25.4,r07,r07,w,"$1,0,0,0,0,0,0,0,0#",16000,16000,-84,93,cached_adaptive_split
25.6,r01,r01,a,"$3,0,0,0,0,0,0,0,0#",17000,20000,108,21,cached_adaptive_split
25.6,r02,r02,d,"$4,0,0,0,0,0,0,0,0#",20000,13000,85,15,cached_adaptive_split
25.6,r03,r03,w,"$1,0,0,0,0,0,0,0,0#",20000,19000,-119,47,cached_adaptive_split
25.6,r04,r04,w,"$1,0,0,0,0,0,0,0,0#",19000,20000,105,52,cached_adaptive_split
25.6,r05,r05,a,"$3,0,0,0,0,0,0,0,0#",16000,20000,-89,38,cached_adaptive_split
25.6,r06,r06,w,"$1,0,0,0,0,0,0,0,0#",20000,19000,-114,42,cached_adaptive_split
25.6,r07,r07,w,"$1,0,0,0,0,0,0,0,0#",16000,16000,-87,93,cached_adaptive_split
25.8,r01,r01,a,"$3,0,0,0,0,0,0,0,0#",17000,20000,106,21,adaptive_split_to_bypass_target
25.8,r02,r02,d,"$4,0,0,0,0,0,0,0,0#",20000,18000,98,18,adaptive_split_to_bypass_target
25.8,r03,r03,w,"$1,0,0,0,0,0,0,0,0#",20000,19000,-120,50,adaptive_split_to_bypass_target
25.8,r04,r04,a,"$3,0,0,0,0,0,0,0,0#",18000,20000,106,51,adaptive_split_to_bypass_target
25.8,r05,r05,w,"$1,0,0,0,0,0,0,0,0#",20000,20000,-94,35,adaptive_split_to_bypass_target
25.8,r06,r06,w,"$1,0,0,0,0,0,0,0,0#",20000,19000,-115,44,adaptive_split_to_bypass_target
25.8,r07,r07,w,"$1,0,0,0,0,0,0,0,0#",16000,16000,-90,93,adaptive_split_to_bypass_target
26.0,r01,r01,a,"$3,0,0,0,0,0,0,0,0#",17000,20000,105,22,cached_adaptive_split
26.0,r02,r02,w,"$1,0,0,0,0,0,0,0,0#",20000,20000,105,20,cached_adaptive_split
26.0,r03,r03,w,"$1,0,0,0,0,0,0,0,0#",20000,19000,-122,53,cached_adaptive_split
26.0,r04,r04,w,"$1,0,0,0,0,0,0,0,0#",19000,20000,106,51,cached_adaptive_split
26.0,r05,r05,w,"$1,0,0,0,0,0,0,0,0#",20000,19000,-96,34,cached_adaptive_split
26.0,r06,r06,w,"$1,0,0,0,0,0,0,0,0#",20000,19000,-116,46,cached_adaptive_split
26.0,r07,r07,w,"$1,0,0,0,0,0,0,0,0#",16000,16000,-92,93,cached_adaptive_split
26.2,r01,r01,a,"$3,0,0,0,0,0,0,0,0#",17000,20000,104,23,cached_adaptive_split
26.2,r02,r02,w,"$1,0,0,0,0,0,0,0,0#",19000,20000,108,21,cached_adaptive_split
26.2,r03,r03,w,"$1,0,0,0,0,0,0,0,0#",20000,19000,-123,57,cached_adaptive_split
26.2,r04,r04,w,"$1,0,0,0,0,0,0,0,0#",19000,20000,107,51,cached_adaptive_split
26.2,r05,r05,d,"$4,0,0,0,0,0,0,0,0#",20000,18000,-98,33,cached_adaptive_split
26.2,r06,r06,w,"$1,0,0,0,0,0,0,0,0#",20000,19000,-117,47,cached_adaptive_split
26.2,r07,r07,w,"$1,0,0,0,0,0,0,0,0#",16000,16000,-95,93,cached_adaptive_split
26.4,r01,r01,a,"$3,0,0,0,0,0,0,0,0#",17000,20000,104,25,cached_adaptive_split
26.4,r02,r02,a,"$3,0,0,0,0,0,0,0,0#",18000,20000,109,22,cached_adaptive_split
26.4,r03,r03,w,"$1,0,0,0,0,0,0,0,0#",20000,19000,-125,61,cached_adaptive_split
26.4,r04,r04,w,"$1,0,0,0,0,0,0,0,0#",19000,20000,107,52,cached_adaptive_split
26.4,r05,r05,d,"$4,0,0,0,0,0,0,0,0#",20000,18000,-98,33,cached_adaptive_split
26.4,r06,r06,w,"$1,0,0,0,0,0,0,0,0#",20000,19000,-119,48,cached_adaptive_split
26.4,r07,r07,w,"$1,0,0,0,0,0,0,0,0#",16000,16000,-98,94,cached_adaptive_split
26.6,r01,r01,a,"$3,0,0,0,0,0,0,0,0#",18000,20000,105,28,adaptive_split_to_bypass_target
26.6,r02,r02,a,"$3,0,0,0,0,0,0,0,0#",17000,20000,109,23,adaptive_split_to_bypass_target
26.6,r03,r03,w,"$1,0,0,0,0,0,0,0,0#",20000,19000,-126,66,adaptive_split_to_bypass_target
26.6,r04,r04,w,"$1,0,0,0,0,0,0,0,0#",19000,20000,-34,46,adaptive_split_to_bypass_target
26.6,r05,r05,d,"$4,0,0,0,0,0,0,0,0#",20000,18000,-99,34,adaptive_split_to_bypass_target
26.6,r06,r06,w,"$1,0,0,0,0,0,0,0,0#",20000,19000,-120,50,adaptive_split_to_bypass_target
26.6,r07,r07,w,"$1,0,0,0,0,0,0,0,0#",16000,16000,-100,94,adaptive_split_to_bypass_target
26.8,r01,r01,a,"$3,0,0,0,0,0,0,0,0#",18000,20000,106,31,cached_adaptive_split
26.8,r02,r02,a,"$3,0,0,0,0,0,0,0,0#",17000,20000,108,22,cached_adaptive_split
26.8,r03,r03,w,"$1,0,0,0,0,0,0,0,0#",20000,20000,-128,71,cached_adaptive_split
26.8,r04,r04,a,"$3,0,0,0,0,0,0,0,0#",8000,20000,-52,42,cached_adaptive_split
26.8,r05,r05,d,"$4,0,0,0,0,0,0,0,0#",20000,18000,-100,35,cached_adaptive_split
26.8,r06,r06,w,"$1,0,0,0,0,0,0,0,0#",20000,19000,-121,53,cached_adaptive_split
26.8,r07,r07,w,"$1,0,0,0,0,0,0,0,0#",16000,16000,-103,94,cached_adaptive_split
27.0,r01,r01,a,"$3,0,0,0,0,0,0,0,0#",18000,20000,107,35,cached_adaptive_split
27.0,r02,r02,a,"$3,0,0,0,0,0,0,0,0#",17000,20000,107,21,cached_adaptive_split
27.0,r03,r03,w,"$1,0,0,0,0,0,0,0,0#",20000,19000,-130,76,cached_adaptive_split
27.0,r04,r04,a,"$3,0,0,0,0,0,0,0,0#",9000,20000,-77,39,cached_adaptive_split
27.0,r05,r05,d,"$4,0,0,0,0,0,0,0,0#",20000,18000,-101,37,cached_adaptive_split
27.0,r06,r06,w,"$1,0,0,0,0,0,0,0,0#",20000,19000,-122,56,cached_adaptive_split
27.0,r07,r07,w,"$1,0,0,0,0,0,0,0,0#",16000,16000,-106,94,cached_adaptive_split
27.2,r01,r01,a,"$3,0,0,0,0,0,0,0,0#",18000,20000,108,39,cached_adaptive_split
27.2,r02,r02,a,"$3,0,0,0,0,0,0,0,0#",17000,20000,106,21,cached_adaptive_split
27.2,r03,r03,a,"$3,0,0,0,0,0,0,0,0#",10000,18000,-143,80,cached_adaptive_split
27.2,r04,r04,a,"$3,0,0,0,0,0,0,0,0#",17000,20000,-89,36,cached_adaptive_split
27.2,r05,r05,d,"$4,0,0,0,0,0,0,0,0#",20000,18000,-102,39,cached_adaptive_split
27.2,r06,r06,w,"$1,0,0,0,0,0,0,0,0#",20000,19000,-123,59,cached_adaptive_split
27.2,r07,r07,w,"$1,0,0,0,0,0,0,0,0#",16000,16000,-108,95,cached_adaptive_split
27.4,r01,r01,a,"$3,0,0,0,0,0,0,0,0#",18000,20000,109,43,adaptive_split_to_bypass_target
27.4,r02,r02,a,"$3,0,0,0,0,0,0,0,0#",17000,20000,105,21,adaptive_split_to_bypass_target
27.4,r03,r03,a,"$3,0,0,0,0,0,0,0,0#",4000,20000,-168,84,adaptive_split_to_bypass_target
27.4,r04,r04,w,"$1,0,0,0,0,0,0,0,0#",20000,20000,-94,34,adaptive_split_to_bypass_target
27.4,r05,r05,d,"$4,0,0,0,0,0,0,0,0#",20000,18000,-103,42,adaptive_split_to_bypass_target
27.4,r06,r06,a,"$3,0,0,0,0,0,0,0,0#",11000,19000,-136,63,adaptive_split_to_bypass_target
27.4,r07,r07,w,"$1,0,0,0,0,0,0,0,0#",16000,16000,-110,96,adaptive_split_to_bypass_target
27.6,r01,r01,a,"$3,0,0,0,0,0,0,0,0#",18000,20000,110,47,cached_adaptive_split
27.6,r02,r02,a,"$3,0,0,0,0,0,0,0,0#",18000,20000,105,23,cached_adaptive_split
27.6,r03,r03,a,"$3,0,0,0,0,0,0,0,0#",9000,20000,177,90,cached_adaptive_split
27.6,r04,r04,w,"$1,0,0,0,0,0,0,0,0#",20000,19000,-96,32,cached_adaptive_split
27.6,r05,r05,d,"$4,0,0,0,0,0,0,0,0#",20000,18000,-104,46,cached_adaptive_split
27.6,r06,r06,a,"$3,0,0,0,0,0,0,0,0#",13000,19000,-146,68,cached_adaptive_split
27.6,r07,r07,w,"$1,0,0,0,0,0,0,0,0#",16000,16000,-113,97,cached_adaptive_split
27.8,r01,r01,a,"$3,0,0,0,0,0,0,0,0#",18000,20000,111,49,cached_adaptive_split
27.8,r02,r02,a,"$3,0,0,0,0,0,0,0,0#",18000,20000,106,26,cached_adaptive_split
27.8,r03,r03,a,"$3,0,0,0,0,0,0,0,0#",13000,19000,170,96,cached_adaptive_split
27.8,r04,r04,d,"$4,0,0,0,0,0,0,0,0#",20000,18000,-97,32,cached_adaptive_split
27.8,r05,r05,w,"$1,0,0,0,0,0,0,0,0#",20000,19000,-105,50,cached_adaptive_split
27.8,r06,r06,d,"$4,0,0,0,0,0,0,0,0#",20000,17000,-144,73,cached_adaptive_split
27.8,r07,r07,w,"$1,0,0,0,0,0,0,0,0#",16000,16000,-115,99,cached_adaptive_split
28.0,r01,r01,w,"$1,0,0,0,0,0,0,0,0#",19000,20000,113,52,adaptive_split_to_bypass_target
28.0,r02,r02,a,"$3,0,0,0,0,0,0,0,0#",18000,20000,107,29,adaptive_split_to_bypass_target
28.0,r03,r03,d,"$4,0,0,0,0,0,0,0,0#",17000,15000,173,102,adaptive_split_to_bypass_target
28.0,r04,r04,d,"$4,0,0,0,0,0,0,0,0#",20000,18000,-98,32,adaptive_split_to_bypass_target
28.0,r05,r05,w,"$1,0,0,0,0,0,0,0,0#",20000,19000,-106,53,adaptive_split_to_bypass_target
28.0,r06,r06,d,"$4,0,0,0,0,0,0,0,0#",20000,14000,-133,78,adaptive_split_to_bypass_target
28.0,r07,r07,w,"$1,0,0,0,0,0,0,0,0#",16000,16000,-117,101,adaptive_split_to_bypass_target
28.2,r01,r01,w,"$1,0,0,0,0,0,0,0,0#",19000,20000,116,54,adaptive_split_to_bypass_target
28.2,r02,r02,w,"$1,0,0,0,0,0,0,0,0#",19000,20000,109,33,adaptive_split_to_bypass_target
28.2,r03,r03,d,"$4,0,0,0,0,0,0,0,0#",19000,13000,-180,108,adaptive_split_to_bypass_target
28.2,r04,r04,d,"$4,0,0,0,0,0,0,0,0#",20000,18000,-98,33,adaptive_split_to_bypass_target
28.2,r05,r05,w,"$1,0,0,0,0,0,0,0,0#",20000,19000,-107,56,adaptive_split_to_bypass_target
28.2,r06,r06,d,"$4,0,0,0,0,0,0,0,0#",20000,17000,-129,83,adaptive_split_to_bypass_target
28.2,r07,r07,w,"$1,0,0,0,0,0,0,0,0#",16000,16000,-119,103,adaptive_split_to_bypass_target
28.4,r01,r01,w,"$1,0,0,0,0,0,0,0,0#",19000,20000,118,57,cached_adaptive_split
28.4,r02,r02,w,"$1,0,0,0,0,0,0,0,0#",19000,20000,111,38,cached_adaptive_split
28.4,r03,r03,d,"$4,0,0,0,0,0,0,0,0#",18000,14000,-174,114,cached_adaptive_split
28.4,r04,r04,d,"$4,0,0,0,0,0,0,0,0#",20000,18000,-99,34,cached_adaptive_split
28.4,r05,r05,w,"$1,0,0,0,0,0,0,0,0#",20000,19000,-108,58,cached_adaptive_split
28.4,r06,r06,a,"$3,0,0,0,0,0,0,0,0#",12000,16000,-136,86,cached_adaptive_split
28.4,r07,r07,w,"$1,0,0,0,0,0,0,0,0#",16000,16000,-121,106,cached_adaptive_split
28.6,r01,r01,w,"$1,0,0,0,0,0,0,0,0#",20000,20000,121,59,adaptive_split_to_bypass_target
28.6,r02,r02,w,"$1,0,0,0,0,0,0,0,0#",19000,20000,113,42,adaptive_split_to_bypass_target
28.6,r03,r03,d,"$4,0,0,0,0,0,0,0,0#",19000,13000,-168,120,adaptive_split_to_bypass_target
28.6,r04,r04,d,"$4,0,0,0,0,0,0,0,0#",20000,18000,-100,36,adaptive_split_to_bypass_target
28.6,r05,r05,w,"$1,0,0,0,0,0,0,0,0#",20000,19000,-109,61,adaptive_split_to_bypass_target
28.6,r06,r06,a,"$3,0,0,0,0,0,0,0,0#",11000,20000,-150,92,adaptive_split_to_bypass_target
28.6,r07,r07,w,"$1,0,0,0,0,0,0,0,0#",16000,16000,-123,109,adaptive_split_to_bypass_target
28.8,r01,r01,w,"$1,0,0,0,0,0,0,0,0#",20000,20000,123,61,cached_adaptive_split
28.8,r02,r02,w,"$1,0,0,0,0,0,0,0,0#",19000,20000,114,46,cached_adaptive_split
28.8,r03,r03,d,"$4,0,0,0,0,0,0,0,0#",18000,14000,-163,126,cached_adaptive_split
28.8,r04,r04,d,"$4,0,0,0,0,0,0,0,0#",20000,18000,-101,39,cached_adaptive_split
28.8,r05,r05,w,"$1,0,0,0,0,0,0,0,0#",20000,19000,-110,62,cached_adaptive_split
28.8,r06,r06,a,"$3,0,0,0,0,0,0,0,0#",14000,18000,-156,97,cached_adaptive_split
28.8,r07,r07,w,"$1,0,0,0,0,0,0,0,0#",16000,16000,-125,112,cached_adaptive_split
29.0,r01,r01,w,"$1,0,0,0,0,0,0,0,0#",20000,20000,127,64,adaptive_split_to_bypass_target
29.0,r02,r02,w,"$1,0,0,0,0,0,0,0,0#",19000,20000,116,50,adaptive_split_to_bypass_target
29.0,r03,r03,d,"$4,0,0,0,0,0,0,0,0#",18000,14000,-159,132,adaptive_split_to_bypass_target
29.0,r04,r04,d,"$4,0,0,0,0,0,0,0,0#",20000,18000,-102,42,adaptive_split_to_bypass_target
29.0,r05,r05,w,"$1,0,0,0,0,0,0,0,0#",20000,19000,-111,64,adaptive_split_to_bypass_target
29.0,r06,r06,w,"$1,0,0,0,0,0,0,0,0#",16000,17000,-159,103,adaptive_split_to_bypass_target
29.0,r07,r07,w,"$1,0,0,0,0,0,0,0,0#",16000,16000,-127,115,adaptive_split_to_bypass_target
29.2,r01,r01,d,"$4,0,0,0,0,0,0,0,0#",19000,10000,141,67,path_to_final_target
29.2,r02,r02,w,"$1,0,0,0,0,0,0,0,0#",20000,20000,120,54,path_to_final_target
29.2,r03,r03,d,"$4,0,0,0,0,0,0,0,0#",19000,13000,-153,137,path_to_final_target
29.2,r04,r04,d,"$4,0,0,0,0,0,0,0,0#",20000,18000,-102,45,path_to_final_target
29.2,r05,r05,d,"$4,0,0,0,0,0,0,0,0#",20000,18000,-111,65,path_to_final_target
29.2,r06,r06,d,"$4,0,0,0,0,0,0,0,0#",18000,15000,-156,109,path_to_final_target
29.2,r07,r07,d,"$4,0,0,0,0,0,0,0,0#",18000,15000,-125,118,path_to_final_target
29.4,r01,r01,d,"$0,2,0,0,0,0,0,0,0#",18000,-4000,166,70,cached_path_to_final_target
29.4,r02,r02,d,"$4,0,0,0,0,0,0,0,0#",19000,10000,134,58,cached_path_to_final_target
29.4,r03,r03,d,"$4,0,0,0,0,0,0,0,0#",18000,14000,-148,143,cached_path_to_final_target
29.4,r04,r04,d,"$4,0,0,0,0,0,0,0,0#",20000,18000,-103,49,cached_path_to_final_target
29.4,r05,r05,d,"$4,0,0,0,0,0,0,0,0#",20000,18000,-111,65,cached_path_to_final_target
29.4,r06,r06,d,"$4,0,0,0,0,0,0,0,0#",18000,14000,-151,114,cached_path_to_final_target
29.4,r07,r07,d,"$4,0,0,0,0,0,0,0,0#",17000,15000,-123,122,cached_path_to_final_target
29.6,r01,r01,d,"$4,0,0,0,0,0,0,0,0#",20000,4000,-171,75,cached_path_to_final_target
29.6,r02,r02,d,"$4,0,0,0,0,0,0,0,0#",20000,8000,153,63,cached_path_to_final_target
29.6,r03,r03,d,"$4,0,0,0,0,0,0,0,0#",18000,15000,-145,148,cached_path_to_final_target
29.6,r04,r04,d,"$4,0,0,0,0,0,0,0,0#",20000,18000,-103,51,cached_path_to_final_target
29.6,r05,r05,w,"$1,0,0,0,0,0,0,0,0#",20000,19000,-111,66,cached_path_to_final_target
29.6,r06,r06,d,"$4,0,0,0,0,0,0,0,0#",12000,9000,-147,118,cached_path_to_final_target
29.6,r07,r07,w,"$1,0,0,0,0,0,0,0,0#",17000,16000,-123,125,cached_path_to_final_target
29.8,r01,r01,d,"$4,0,0,0,0,0,0,0,0#",20000,10000,-159,80,path_to_final_target
29.8,r02,r02,d,"$4,0,0,0,0,0,0,0,0#",20000,11000,165,68,path_to_final_target
29.8,r03,r03,w,"$1,0,0,0,0,0,0,0,0#",17000,16000,-144,153,path_to_final_target
29.8,r04,r04,w,"$1,0,0,0,0,0,0,0,0#",20000,19000,-104,54,path_to_final_target
29.8,r05,r05,w,"$1,0,0,0,0,0,0,0,0#",20000,19000,-112,68,path_to_final_target
29.8,r06,r06,d,"$4,0,0,0,0,0,0,0,0#",17000,15000,-145,123,path_to_final_target
29.8,r07,r07,w,"$1,0,0,0,0,0,0,0,0#",17000,16000,-124,128,path_to_final_target
30.0,r01,r01,d,"$4,0,0,0,0,0,0,0,0#",19000,13000,-153,86,cached_path_to_final_target
30.0,r02,r02,d,"$4,0,0,0,0,0,0,0,0#",19000,13000,172,74,cached_path_to_final_target
30.0,r03,r03,w,"$1,0,0,0,0,0,0,0,0#",17000,16000,-144,159,cached_path_to_final_target
30.0,r04,r04,w,"$1,0,0,0,0,0,0,0,0#",20000,19000,-105,55,cached_path_to_final_target
30.0,r05,r05,w,"$1,0,0,0,0,0,0,0,0#",20000,19000,-113,69,cached_path_to_final_target
30.0,r06,r06,w,"$1,0,0,0,0,0,0,0,0#",17000,16000,-145,128,cached_path_to_final_target
30.0,r07,r07,w,"$1,0,0,0,0,0,0,0,0#",17000,16000,-125,132,cached_path_to_final_target
30.2,r01,r01,d,"$4,0,0,0,0,0,0,0,0#",18000,15000,-151,92,cached_path_to_final_target
30.2,r02,r02,d,"$4,0,0,0,0,0,0,0,0#",18000,15000,176,80,cached_path_to_final_target
30.2,r03,r03,w,"$1,0,0,0,0,0,0,0,0#",17000,16000,-144,164,cached_path_to_final_target
30.2,r04,r04,w,"$1,0,0,0,0,0,0,0,0#",20000,19000,-107,57,cached_path_to_final_target
30.2,r05,r05,w,"$1,0,0,0,0,0,0,0,0#",20000,19000,-114,71,cached_path_to_final_target
30.2,r06,r06,w,"$1,0,0,0,0,0,0,0,0#",17000,16000,-145,134,cached_path_to_final_target
30.2,r07,r07,w,"$1,0,0,0,0,0,0,0,0#",16000,16000,-127,135,cached_path_to_final_target
30.4,r01,r01,w,"$1,0,0,0,0,0,0,0,0#",17000,16000,-151,98,cached_path_to_final_target
30.4,r02,r02,w,"$1,0,0,0,0,0,0,0,0#",17000,16000,179,86,cached_path_to_final_target
30.4,r03,r03,w,"$1,0,0,0,0,0,0,0,0#",16000,16000,-145,169,cached_path_to_final_target
30.4,r04,r04,w,"$1,0,0,0,0,0,0,0,0#",20000,19000,-108,58,cached_path_to_final_target
30.4,r05,r05,w,"$1,0,0,0,0,0,0,0,0#",20000,19000,-115,74,cached_path_to_final_target
30.4,r06,r06,w,"$1,0,0,0,0,0,0,0,0#",17000,16000,-146,139,cached_path_to_final_target
30.4,r07,r07,w,"$1,0,0,0,0,0,0,0,0#",16000,16000,-128,139,cached_path_to_final_target
30.6,r01,r01,w,"$1,0,0,0,0,0,0,0,0#",17000,16000,-152,104,path_to_final_target
30.6,r02,r02,w,"$1,0,0,0,0,0,0,0,0#",17000,16000,180,93,path_to_final_target
30.6,r03,r03,w,"$1,0,0,0,0,0,0,0,0#",16000,16000,-146,175,path_to_final_target
30.6,r04,r04,w,"$1,0,0,0,0,0,0,0,0#",20000,19000,-109,59,path_to_final_target
30.6,r05,r05,w,"$1,0,0,0,0,0,0,0,0#",20000,19000,-115,76,path_to_final_target
30.6,r06,r06,w,"$1,0,0,0,0,0,0,0,0#",16000,16000,-147,144,path_to_final_target
30.6,r07,r07,w,"$1,0,0,0,0,0,0,0,0#",16000,16000,-130,143,path_to_final_target
30.8,r01,r01,w,"$1,0,0,0,0,0,0,0,0#",16000,16000,-152,110,cached_path_to_final_target
30.8,r02,r02,w,"$1,0,0,0,0,0,0,0,0#",17000,16000,-180,99,cached_path_to_final_target
30.8,r03,r03,w,"$1,0,0,0,0,0,0,0,0#",16000,16000,-147,180,cached_path_to_final_target
30.8,r04,r04,w,"$1,0,0,0,0,0,0,0,0#",20000,19000,-110,59,cached_path_to_final_target
30.8,r05,r05,w,"$1,0,0,0,0,0,0,0,0#",20000,19000,-116,79,cached_path_to_final_target
30.8,r06,r06,w,"$1,0,0,0,0,0,0,0,0#",16000,16000,-148,150,cached_path_to_final_target
30.8,r07,r07,w,"$1,0,0,0,0,0,0,0,0#",16000,16000,-131,147,cached_path_to_final_target
31.0,r01,r01,w,"$1,0,0,0,0,0,0,0,0#",16000,16000,-153,116,cached_path_to_final_target
31.0,r02,r02,w,"$1,0,0,0,0,0,0,0,0#",16000,16000,-180,105,cached_path_to_final_target
31.0,r03,r03,w,"$1,0,0,0,0,0,0,0,0#",16000,16000,-148,186,cached_path_to_final_target
31.0,r04,r04,w,"$1,0,0,0,0,0,0,0,0#",20000,19000,-111,60,cached_path_to_final_target
31.0,r05,r05,w,"$1,0,0,0,0,0,0,0,0#",20000,19000,-117,82,cached_path_to_final_target
31.0,r06,r06,w,"$1,0,0,0,0,0,0,0,0#",16000,16000,-149,155,cached_path_to_final_target
31.0,r07,r07,w,"$1,0,0,0,0,0,0,0,0#",16000,16000,-132,151,cached_path_to_final_target
31.2,r01,r01,w,"$1,0,0,0,0,0,0,0,0#",16000,16000,-154,121,cached_path_to_final_target
31.2,r02,r02,w,"$1,0,0,0,0,0,0,0,0#",16000,16000,-180,111,cached_path_to_final_target
31.2,r03,r03,w,"$1,0,0,0,0,0,0,0,0#",16000,16000,-148,191,cached_path_to_final_target
31.2,r04,r04,w,"$1,0,0,0,0,0,0,0,0#",20000,19000,-112,61,cached_path_to_final_target
31.2,r05,r05,a,"$3,0,0,0,0,0,0,0,0#",13000,19000,-126,86,cached_path_to_final_target
31.2,r06,r06,w,"$1,0,0,0,0,0,0,0,0#",16000,16000,-149,161,cached_path_to_final_target
31.2,r07,r07,w,"$1,0,0,0,0,0,0,0,0#",16000,16000,-134,156,cached_path_to_final_target
31.4,r01,r01,w,"$1,0,0,0,0,0,0,0,0#",11000,11000,-155,125,path_to_final_target
31.4,r02,r02,w,"$1,0,0,0,0,0,0,0,0#",11000,11000,-180,115,path_to_final_target
31.4,r03,r03,w,"$1,0,0,0,0,0,0,0,0#",16000,16000,-149,197,path_to_final_target
31.4,r04,r04,w,"$1,0,0,0,0,0,0,0,0#",20000,19000,-113,62,path_to_final_target
31.4,r05,r05,a,"$3,0,0,0,0,0,0,0,0#",15000,17000,-131,90,path_to_final_target
31.4,r06,r06,w,"$1,0,0,0,0,0,0,0,0#",16000,16000,-150,167,path_to_final_target
31.4,r07,r07,w,"$1,0,0,0,0,0,0,0,0#",16000,16000,-135,160,path_to_final_target
31.6,r01,r01,w,"$1,0,0,0,0,0,0,0,0#",16000,16000,-156,131,cached_path_to_final_target
31.6,r02,r02,w,"$1,0,0,0,0,0,0,0,0#",8000,8000,-180,118,cached_path_to_final_target; completion_unstuck
31.6,r03,r03,w,"$1,0,0,0,0,0,0,0,0#",16000,16000,-150,202,cached_path_to_final_target
31.6,r04,r04,w,"$1,0,0,0,0,0,0,0,0#",20000,19000,-114,64,cached_path_to_final_target
31.6,r05,r05,w,"$1,0,0,0,0,0,0,0,0#",16000,17000,-134,94,cached_path_to_final_target
31.6,r06,r06,w,"$1,0,0,0,0,0,0,0,0#",16000,16000,-151,172,cached_path_to_final_target
31.6,r07,r07,w,"$1,0,0,0,0,0,0,0,0#",16000,16000,-136,165,cached_path_to_final_target
31.8,r01,r01,w,"$1,0,0,0,0,0,0,0,0#",16000,16000,-157,137,cached_path_to_final_target
31.8,r02,r02,w,"$1,0,0,0,0,0,0,0,0#",8000,8000,-180,121,cached_path_to_final_target; completion_unstuck
31.8,r03,r03,w,"$1,0,0,0,0,0,0,0,0#",16000,16000,-151,208,cached_path_to_final_target
31.8,r04,r04,w,"$1,0,0,0,0,0,0,0,0#",20000,19000,-115,67,cached_path_to_final_target
31.8,r05,r05,w,"$1,0,0,0,0,0,0,0,0#",16000,17000,-136,99,cached_path_to_final_target
31.8,r06,r06,w,"$1,0,0,0,0,0,0,0,0#",16000,16000,-152,178,cached_path_to_final_target
31.8,r07,r07,w,"$1,0,0,0,0,0,0,0,0#",16000,16000,-137,169,cached_path_to_final_target
32.0,r01,r01,w,"$1,0,0,0,0,0,0,0,0#",16000,16000,-157,143,cached_path_to_final_target
32.0,r02,r02,w,"$1,0,0,0,0,0,0,0,0#",8000,8000,-180,124,cached_path_to_final_target; completion_unstuck
32.0,r03,r03,w,"$1,0,0,0,0,0,0,0,0#",16000,16000,-151,214,cached_path_to_final_target
32.0,r04,r04,w,"$1,0,0,0,0,0,0,0,0#",20000,19000,-116,70,cached_path_to_final_target
32.0,r05,r05,w,"$1,0,0,0,0,0,0,0,0#",16000,16000,-138,104,cached_path_to_final_target
32.0,r06,r06,w,"$1,0,0,0,0,0,0,0,0#",16000,16000,-153,184,cached_path_to_final_target
32.0,r07,r07,w,"$1,0,0,0,0,0,0,0,0#",16000,16000,-138,174,cached_path_to_final_target
32.2,r01,r01,w,"$1,0,0,0,0,0,0,0,0#",16000,16000,-158,149,path_to_final_target
32.2,r02,r02,w,"$1,0,0,0,0,0,0,0,0#",8000,8000,-180,127,path_to_final_target; completion_unstuck
32.2,r03,r03,w,"$1,0,0,0,0,0,0,0,0#",16000,16000,-152,220,path_to_final_target
32.2,r04,r04,w,"$1,0,0,0,0,0,0,0,0#",20000,19000,-117,73,path_to_final_target
32.2,r05,r05,w,"$1,0,0,0,0,0,0,0,0#",16000,16000,-140,109,path_to_final_target
32.2,r06,r06,w,"$1,0,0,0,0,0,0,0,0#",16000,16000,-153,190,path_to_final_target
32.2,r07,r07,w,"$1,0,0,0,0,0,0,0,0#",16000,16000,-139,179,path_to_final_target
32.4,r01,r01,w,"$1,0,0,0,0,0,0,0,0#",16000,16000,-159,155,cached_path_to_final_target
32.4,r02,r02,w,"$1,0,0,0,0,0,0,0,0#",14000,13000,-180,132,cached_path_to_final_target
32.4,r03,r03,w,"$1,0,0,0,0,0,0,0,0#",16000,16000,-153,225,cached_path_to_final_target
32.4,r04,r04,w,"$1,0,0,0,0,0,0,0,0#",20000,19000,-118,76,cached_path_to_final_target
32.4,r05,r05,w,"$1,0,0,0,0,0,0,0,0#",16000,16000,-141,114,cached_path_to_final_target
32.4,r06,r06,w,"$1,0,0,0,0,0,0,0,0#",16000,16000,-154,195,cached_path_to_final_target
32.4,r07,r07,w,"$1,0,0,0,0,0,0,0,0#",16000,16000,-140,184,cached_path_to_final_target
32.6,r01,r01,w,"$1,0,0,0,0,0,0,0,0#",16000,16000,-159,161,cached_path_to_final_target
32.6,r02,r02,w,"$1,0,0,0,0,0,0,0,0#",8000,8000,-180,135,cached_path_to_final_target; completion_unstuck
32.6,r03,r03,w,"$1,0,0,0,0,0,0,0,0#",16000,16000,-153,231,cached_path_to_final_target
32.6,r04,r04,w,"$1,0,0,0,0,0,0,0,0#",20000,19000,-119,80,cached_path_to_final_target
32.6,r05,r05,w,"$1,0,0,0,0,0,0,0,0#",16000,16000,-143,119,cached_path_to_final_target
32.6,r06,r06,w,"$1,0,0,0,0,0,0,0,0#",16000,16000,-155,201,cached_path_to_final_target
32.6,r07,r07,w,"$1,0,0,0,0,0,0,0,0#",16000,16000,-141,189,cached_path_to_final_target
32.8,r01,r01,w,"$1,0,0,0,0,0,0,0,0#",16000,16000,-160,168,cached_path_to_final_target
32.8,r02,r02,w,"$1,0,0,0,0,0,0,0,0#",14000,13000,-180,140,cached_path_to_final_target
32.8,r03,r03,w,"$1,0,0,0,0,0,0,0,0#",16000,16000,-154,237,cached_path_to_final_target
32.8,r04,r04,w,"$1,0,0,0,0,0,0,0,0#",20000,19000,-120,84,cached_path_to_final_target
32.8,r05,r05,w,"$1,0,0,0,0,0,0,0,0#",16000,16000,-144,124,cached_path_to_final_target
32.8,r06,r06,w,"$1,0,0,0,0,0,0,0,0#",16000,16000,-155,207,cached_path_to_final_target
32.8,r07,r07,w,"$1,0,0,0,0,0,0,0,0#",16000,16000,-142,194,cached_path_to_final_target
33.0,r01,r01,w,"$1,0,0,0,0,0,0,0,0#",16000,16000,-161,174,path_to_final_target
33.0,r02,r02,w,"$1,0,0,0,0,0,0,0,0#",16000,16000,-180,146,path_to_final_target
33.0,r03,r03,w,"$1,0,0,0,0,0,0,0,0#",16000,16000,-154,243,path_to_final_target
33.0,r04,r04,a,"$3,0,0,0,0,0,0,0,0#",12000,19000,-132,88,path_to_final_target
33.0,r05,r05,w,"$1,0,0,0,0,0,0,0,0#",16000,16000,-145,130,path_to_final_target
33.0,r06,r06,w,"$1,0,0,0,0,0,0,0,0#",16000,16000,-156,213,path_to_final_target
33.0,r07,r07,w,"$1,0,0,0,0,0,0,0,0#",16000,16000,-143,199,path_to_final_target
33.2,r01,r01,w,"$1,0,0,0,0,0,0,0,0#",16000,16000,-161,180,cached_path_to_final_target
33.2,r02,r02,w,"$1,0,0,0,0,0,0,0,0#",16000,16000,-180,153,cached_path_to_final_target
33.2,r03,r03,w,"$1,0,0,0,0,0,0,0,0#",16000,16000,-155,248,cached_path_to_final_target
33.2,r04,r04,a,"$3,0,0,0,0,0,0,0,0#",15000,18000,-139,93,cached_path_to_final_target
33.2,r05,r05,w,"$1,0,0,0,0,0,0,0,0#",16000,16000,-146,135,cached_path_to_final_target
33.2,r06,r06,w,"$1,0,0,0,0,0,0,0,0#",16000,16000,-156,219,cached_path_to_final_target
33.2,r07,r07,w,"$1,0,0,0,0,0,0,0,0#",16000,16000,-144,205,cached_path_to_final_target
33.4,r01,r01,w,"$1,0,0,0,0,0,0,0,0#",16000,16000,-162,186,cached_path_to_final_target
33.4,r02,r02,w,"$1,0,0,0,0,0,0,0,0#",11000,11000,-180,157,cached_path_to_final_target; completion_unstuck
33.4,r03,r03,w,"$1,0,0,0,0,0,0,0,0#",16000,16000,-155,254,cached_path_to_final_target
33.4,r04,r04,w,"$1,0,0,0,0,0,0,0,0#",16000,17000,-142,98,cached_path_to_final_target
33.4,r05,r05,w,"$1,0,0,0,0,0,0,0,0#",16000,16000,-147,140,cached_path_to_final_target
33.4,r06,r06,w,"$1,0,0,0,0,0,0,0,0#",16000,16000,-157,225,cached_path_to_final_target
33.4,r07,r07,w,"$1,0,0,0,0,0,0,0,0#",16000,16000,-145,210,cached_path_to_final_target
33.6,r01,r01,w,"$1,0,0,0,0,0,0,0,0#",16000,16000,-162,192,cached_path_to_final_target
33.6,r02,r02,w,"$1,0,0,0,0,0,0,0,0#",16000,16000,-180,163,cached_path_to_final_target
33.6,r03,r03,w,"$1,0,0,0,0,0,0,0,0#",16000,16000,-156,260,cached_path_to_final_target
33.6,r04,r04,w,"$1,0,0,0,0,0,0,0,0#",16000,17000,-144,103,cached_path_to_final_target
33.6,r05,r05,w,"$1,0,0,0,0,0,0,0,0#",16000,16000,-148,146,cached_path_to_final_target
33.6,r06,r06,w,"$1,0,0,0,0,0,0,0,0#",16000,16000,-157,230,cached_path_to_final_target
33.6,r07,r07,w,"$1,0,0,0,0,0,0,0,0#",16000,16000,-145,215,cached_path_to_final_target
33.8,r01,r01,w,"$1,0,0,0,0,0,0,0,0#",16000,16000,-163,198,path_to_final_target
33.8,r02,r02,w,"$1,0,0,0,0,0,0,0,0#",11000,11000,-180,167,path_to_final_target; completion_unstuck
33.8,r03,r03,w,"$1,0,0,0,0,0,0,0,0#",16000,16000,-156,266,path_to_final_target
33.8,r04,r04,w,"$1,0,0,0,0,0,0,0,0#",16000,17000,-146,108,path_to_final_target
33.8,r05,r05,w,"$1,0,0,0,0,0,0,0,0#",16000,16000,-149,152,path_to_final_target
33.8,r06,r06,w,"$1,0,0,0,0,0,0,0,0#",16000,16000,-158,236,path_to_final_target
33.8,r07,r07,w,"$1,0,0,0,0,0,0,0,0#",16000,16000,-146,220,path_to_final_target
34.0,r01,r01,w,"$1,0,0,0,0,0,0,0,0#",16000,16000,-163,204,cached_path_to_final_target
34.0,r02,r02,w,"$1,0,0,0,0,0,0,0,0#",16000,16000,-180,173,cached_path_to_final_target
34.0,r03,r03,w,"$1,0,0,0,0,0,0,0,0#",16000,16000,-157,272,cached_path_to_final_target
34.0,r04,r04,w,"$1,0,0,0,0,0,0,0,0#",16000,16000,-147,114,cached_path_to_final_target
34.0,r05,r05,w,"$1,0,0,0,0,0,0,0,0#",16000,16000,-150,157,cached_path_to_final_target
34.0,r06,r06,w,"$1,0,0,0,0,0,0,0,0#",16000,16000,-158,242,cached_path_to_final_target
34.0,r07,r07,w,"$1,0,0,0,0,0,0,0,0#",16000,16000,-147,226,cached_path_to_final_target
34.2,r01,r01,w,"$1,0,0,0,0,0,0,0,0#",16000,16000,-163,210,cached_path_to_final_target
34.2,r02,r02,w,"$1,0,0,0,0,0,0,0,0#",11000,11000,-180,177,cached_path_to_final_target; completion_unstuck
34.2,r03,r03,w,"$1,0,0,0,0,0,0,0,0#",16000,16000,-157,278,cached_path_to_final_target
34.2,r04,r04,w,"$1,0,0,0,0,0,0,0,0#",16000,16000,-148,119,cached_path_to_final_target
34.2,r05,r05,w,"$1,0,0,0,0,0,0,0,0#",16000,16000,-151,163,cached_path_to_final_target
34.2,r06,r06,w,"$1,0,0,0,0,0,0,0,0#",16000,16000,-159,248,cached_path_to_final_target
34.2,r07,r07,w,"$1,0,0,0,0,0,0,0,0#",16000,16000,-148,231,cached_path_to_final_target
34.4,r01,r01,w,"$1,0,0,0,0,0,0,0,0#",16000,16000,-164,216,cached_path_to_final_target
34.4,r02,r02,w,"$1,0,0,0,0,0,0,0,0#",16000,16000,-180,183,cached_path_to_final_target
34.4,r03,r03,w,"$1,0,0,0,0,0,0,0,0#",16000,16000,-158,284,cached_path_to_final_target
34.4,r04,r04,w,"$1,0,0,0,0,0,0,0,0#",16000,16000,-149,125,cached_path_to_final_target
34.4,r05,r05,w,"$1,0,0,0,0,0,0,0,0#",16000,16000,-152,169,cached_path_to_final_target
34.4,r06,r06,w,"$1,0,0,0,0,0,0,0,0#",16000,16000,-159,254,cached_path_to_final_target
34.4,r07,r07,w,"$1,0,0,0,0,0,0,0,0#",16000,16000,-148,237,cached_path_to_final_target
34.6,r01,r01,w,"$1,0,0,0,0,0,0,0,0#",16000,16000,-164,223,path_to_final_target
34.6,r02,r02,w,"$1,0,0,0,0,0,0,0,0#",16000,16000,-180,190,path_to_final_target
34.6,r03,r03,w,"$1,0,0,0,0,0,0,0,0#",16000,16000,-158,290,path_to_final_target
34.6,r04,r04,w,"$1,0,0,0,0,0,0,0,0#",16000,16000,-151,131,path_to_final_target
34.6,r05,r05,w,"$1,0,0,0,0,0,0,0,0#",16000,16000,-153,174,path_to_final_target
34.6,r06,r06,w,"$1,0,0,0,0,0,0,0,0#",16000,16000,-160,260,path_to_final_target
34.6,r07,r07,w,"$1,0,0,0,0,0,0,0,0#",16000,16000,-149,242,path_to_final_target
34.8,r01,r01,w,"$1,0,0,0,0,0,0,0,0#",16000,16000,-165,229,cached_path_to_final_target
34.8,r02,r02,w,"$1,0,0,0,0,0,0,0,0#",16000,16000,-180,196,cached_path_to_final_target
34.8,r03,r03,w,"$1,0,0,0,0,0,0,0,0#",16000,16000,-158,296,cached_path_to_final_target
34.8,r04,r04,w,"$1,0,0,0,0,0,0,0,0#",16000,16000,-151,136,cached_path_to_final_target
34.8,r05,r05,w,"$1,0,0,0,0,0,0,0,0#",16000,16000,-153,180,cached_path_to_final_target
34.8,r06,r06,w,"$1,0,0,0,0,0,0,0,0#",16000,16000,-160,266,cached_path_to_final_target
34.8,r07,r07,w,"$1,0,0,0,0,0,0,0,0#",16000,16000,-150,248,cached_path_to_final_target
35.0,r01,r01,w,"$1,0,0,0,0,0,0,0,0#",16000,16000,-165,235,cached_path_to_final_target
35.0,r02,r02,w,"$1,0,0,0,0,0,0,0,0#",11000,11000,-180,200,cached_path_to_final_target; completion_unstuck
35.0,r03,r03,w,"$1,0,0,0,0,0,0,0,0#",16000,16000,-159,302,cached_path_to_final_target
35.0,r04,r04,w,"$1,0,0,0,0,0,0,0,0#",16000,16000,-152,142,cached_path_to_final_target
35.0,r05,r05,w,"$1,0,0,0,0,0,0,0,0#",16000,16000,-154,186,cached_path_to_final_target
35.0,r06,r06,w,"$1,0,0,0,0,0,0,0,0#",16000,16000,-160,272,cached_path_to_final_target
35.0,r07,r07,w,"$1,0,0,0,0,0,0,0,0#",16000,16000,-150,253,cached_path_to_final_target
35.2,r01,r01,w,"$1,0,0,0,0,0,0,0,0#",16000,16000,-165,241,cached_path_to_final_target
35.2,r02,r02,w,"$1,0,0,0,0,0,0,0,0#",16000,16000,-180,206,cached_path_to_final_target
35.2,r03,r03,w,"$1,0,0,0,0,0,0,0,0#",16000,16000,-159,308,cached_path_to_final_target
35.2,r04,r04,w,"$1,0,0,0,0,0,0,0,0#",16000,16000,-153,148,cached_path_to_final_target
35.2,r05,r05,w,"$1,0,0,0,0,0,0,0,0#",16000,16000,-155,192,cached_path_to_final_target
35.2,r06,r06,w,"$1,0,0,0,0,0,0,0,0#",16000,16000,-161,278,cached_path_to_final_target
35.2,r07,r07,w,"$1,0,0,0,0,0,0,0,0#",16000,16000,-151,259,cached_path_to_final_target
35.4,r01,r01,w,"$1,0,0,0,0,0,0,0,0#",16000,16000,-166,247,path_to_final_target
35.4,r02,r02,w,"$1,0,0,0,0,0,0,0,0#",16000,16000,-180,212,path_to_final_target
35.4,r03,r03,w,"$1,0,0,0,0,0,0,0,0#",16000,16000,-160,314,path_to_final_target
35.4,r04,r04,w,"$1,0,0,0,0,0,0,0,0#",16000,16000,-154,154,path_to_final_target
35.4,r05,r05,w,"$1,0,0,0,0,0,0,0,0#",16000,16000,-155,197,path_to_final_target
35.4,r06,r06,w,"$1,0,0,0,0,0,0,0,0#",16000,16000,-161,284,path_to_final_target
35.4,r07,r07,w,"$1,0,0,0,0,0,0,0,0#",16000,16000,-151,265,path_to_final_target
35.6,r01,r01,w,"$1,0,0,0,0,0,0,0,0#",20000,20000,-166,255,cached_path_to_final_target
35.6,r02,r02,w,"$1,0,0,0,0,0,0,0,0#",20000,20000,-180,220,cached_path_to_final_target
35.6,r03,r03,w,"$1,0,0,0,0,0,0,0,0#",20000,20000,-160,321,cached_path_to_final_target
35.6,r04,r04,w,"$1,0,0,0,0,0,0,0,0#",20000,20000,-155,161,cached_path_to_final_target
35.6,r05,r05,w,"$1,0,0,0,0,0,0,0,0#",20000,20000,-156,205,cached_path_to_final_target
35.6,r06,r06,w,"$1,0,0,0,0,0,0,0,0#",20000,20000,-162,292,cached_path_to_final_target
35.6,r07,r07,w,"$1,0,0,0,0,0,0,0,0#",20000,20000,-152,271,cached_path_to_final_target
35.8,r01,r01,w,"$1,0,0,0,0,0,0,0,0#",20000,20000,-166,262,cached_path_to_final_target
35.8,r02,r02,w,"$1,0,0,0,0,0,0,0,0#",20000,20000,-180,227,cached_path_to_final_target
35.8,r03,r03,w,"$1,0,0,0,0,0,0,0,0#",20000,20000,-160,328,cached_path_to_final_target
35.8,r04,r04,w,"$1,0,0,0,0,0,0,0,0#",20000,20000,-156,168,cached_path_to_final_target
35.8,r05,r05,w,"$1,0,0,0,0,0,0,0,0#",20000,20000,-157,212,cached_path_to_final_target
35.8,r06,r06,w,"$1,0,0,0,0,0,0,0,0#",20000,20000,-162,299,cached_path_to_final_target
35.8,r07,r07,w,"$1,0,0,0,0,0,0,0,0#",20000,20000,-153,278,cached_path_to_final_target
36.0,r01,r01,w,"$1,0,0,0,0,0,0,0,0#",20000,20000,-167,269,cached_path_to_final_target
36.0,r02,r02,w,"$1,0,0,0,0,0,0,0,0#",20000,20000,-180,235,cached_path_to_final_target
36.0,r03,r03,w,"$1,0,0,0,0,0,0,0,0#",20000,20000,-161,335,cached_path_to_final_target
36.0,r04,r04,w,"$1,0,0,0,0,0,0,0,0#",20000,20000,-157,175,cached_path_to_final_target
36.0,r05,r05,w,"$1,0,0,0,0,0,0,0,0#",20000,20000,-157,219,cached_path_to_final_target
36.0,r06,r06,w,"$1,0,0,0,0,0,0,0,0#",20000,20000,-162,306,cached_path_to_final_target
36.0,r07,r07,w,"$1,0,0,0,0,0,0,0,0#",20000,20000,-153,285,cached_path_to_final_target
36.2,r01,r01,w,"$1,0,0,0,0,0,0,0,0#",20000,20000,-167,277,path_to_final_target
36.2,r02,r02,w,"$1,0,0,0,0,0,0,0,0#",20000,20000,-180,243,path_to_final_target
36.2,r03,r03,w,"$1,0,0,0,0,0,0,0,0#",20000,20000,-161,343,path_to_final_target
36.2,r04,r04,w,"$1,0,0,0,0,0,0,0,0#",20000,20000,-157,183,path_to_final_target
36.2,r05,r05,w,"$1,0,0,0,0,0,0,0,0#",20000,20000,-158,226,path_to_final_target
36.2,r06,r06,w,"$1,0,0,0,0,0,0,0,0#",20000,20000,-163,314,path_to_final_target
36.2,r07,r07,w,"$1,0,0,0,0,0,0,0,0#",20000,20000,-154,292,path_to_final_target
36.4,r01,r01,w,"$1,0,0,0,0,0,0,0,0#",20000,20000,-167,284,cached_path_to_final_target
36.4,r02,r02,w,"$1,0,0,0,0,0,0,0,0#",20000,20000,-180,250,cached_path_to_final_target
36.4,r03,r03,w,"$1,0,0,0,0,0,0,0,0#",20000,20000,-162,350,cached_path_to_final_target
36.4,r04,r04,w,"$1,0,0,0,0,0,0,0,0#",20000,20000,-158,190,cached_path_to_final_target
36.4,r05,r05,w,"$1,0,0,0,0,0,0,0,0#",20000,20000,-159,234,cached_path_to_final_target
36.4,r06,r06,w,"$1,0,0,0,0,0,0,0,0#",20000,20000,-163,321,cached_path_to_final_target
36.4,r07,r07,w,"$1,0,0,0,0,0,0,0,0#",20000,20000,-154,299,cached_path_to_final_target
36.6,r01,r01,w,"$1,0,0,0,0,0,0,0,0#",20000,20000,-167,292,cached_path_to_final_target
36.6,r02,r02,w,"$1,0,0,0,0,0,0,0,0#",20000,20000,-180,258,cached_path_to_final_target
36.6,r03,r03,w,"$1,0,0,0,0,0,0,0,0#",20000,20000,-162,358,cached_path_to_final_target
36.6,r04,r04,w,"$1,0,0,0,0,0,0,0,0#",20000,20000,-159,197,cached_path_to_final_target
36.6,r05,r05,w,"$1,0,0,0,0,0,0,0,0#",20000,20000,-159,241,cached_path_to_final_target
36.6,r06,r06,w,"$1,0,0,0,0,0,0,0,0#",20000,20000,-163,329,cached_path_to_final_target
36.6,r07,r07,w,"$1,0,0,0,0,0,0,0,0#",20000,20000,-155,306,cached_path_to_final_target
36.8,r01,r01,w,"$1,0,0,0,0,0,0,0,0#",20000,20000,-168,299,cached_path_to_final_target
36.8,r02,r02,w,"$1,0,0,0,0,0,0,0,0#",20000,20000,-180,265,cached_path_to_final_target
36.8,r03,r03,w,"$1,0,0,0,0,0,0,0,0#",20000,20000,-162,365,cached_path_to_final_target
36.8,r04,r04,w,"$1,0,0,0,0,0,0,0,0#",20000,20000,-159,204,cached_path_to_final_target
36.8,r05,r05,w,"$1,0,0,0,0,0,0,0,0#",20000,20000,-160,248,cached_path_to_final_target
36.8,r06,r06,w,"$1,0,0,0,0,0,0,0,0#",20000,20000,-164,336,cached_path_to_final_target
36.8,r07,r07,w,"$1,0,0,0,0,0,0,0,0#",20000,20000,-155,313,cached_path_to_final_target
37.0,r01,r01,w,"$1,0,0,0,0,0,0,0,0#",20000,20000,-168,307,path_to_final_target
37.0,r02,r02,w,"$1,0,0,0,0,0,0,0,0#",20000,20000,-180,273,path_to_final_target
37.0,r03,r03,w,"$1,0,0,0,0,0,0,0,0#",20000,20000,-163,372,path_to_final_target
37.0,r04,r04,w,"$1,0,0,0,0,0,0,0,0#",20000,20000,-160,212,path_to_final_target
37.0,r05,r05,w,"$1,0,0,0,0,0,0,0,0#",20000,20000,-160,255,path_to_final_target
37.0,r06,r06,w,"$1,0,0,0,0,0,0,0,0#",20000,20000,-164,343,path_to_final_target
37.0,r07,r07,w,"$1,0,0,0,0,0,0,0,0#",20000,20000,-156,321,path_to_final_target
37.2,r01,r01,w,"$1,0,0,0,0,0,0,0,0#",20000,20000,-168,314,cached_path_to_final_target
37.2,r02,r02,w,"$1,0,0,0,0,0,0,0,0#",20000,20000,-180,280,cached_path_to_final_target
37.2,r03,r03,w,"$1,0,0,0,0,0,0,0,0#",20000,20000,-163,380,cached_path_to_final_target
37.2,r04,r04,w,"$1,0,0,0,0,0,0,0,0#",20000,20000,-161,219,cached_path_to_final_target
37.2,r05,r05,w,"$1,0,0,0,0,0,0,0,0#",20000,20000,-161,263,cached_path_to_final_target
37.2,r06,r06,w,"$1,0,0,0,0,0,0,0,0#",20000,20000,-164,351,cached_path_to_final_target
37.2,r07,r07,w,"$1,0,0,0,0,0,0,0,0#",18000,18000,-156,327,cached_path_to_final_target
37.4,r01,r01,w,"$1,0,0,0,0,0,0,0,0#",20000,20000,-169,322,cached_path_to_final_target
37.4,r02,r02,w,"$1,0,0,0,0,0,0,0,0#",20000,20000,-180,288,cached_path_to_final_target
37.4,r03,r03,w,"$1,0,0,0,0,0,0,0,0#",20000,20000,-163,387,cached_path_to_final_target
37.4,r04,r04,w,"$1,0,0,0,0,0,0,0,0#",20000,20000,-161,226,cached_path_to_final_target
37.4,r05,r05,w,"$1,0,0,0,0,0,0,0,0#",20000,20000,-161,270,cached_path_to_final_target
37.4,r06,r06,w,"$1,0,0,0,0,0,0,0,0#",20000,20000,-165,358,cached_path_to_final_target
37.4,r07,r07,w,"$1,0,0,0,0,0,0,0,0#",17000,17000,-157,333,cached_path_to_final_target
37.6,r01,r01,w,"$1,0,0,0,0,0,0,0,0#",20000,20000,-169,329,cached_path_to_final_target
37.6,r02,r02,w,"$1,0,0,0,0,0,0,0,0#",20000,20000,-180,296,cached_path_to_final_target
37.6,r03,r03,w,"$1,0,0,0,0,0,0,0,0#",20000,20000,-163,394,cached_path_to_final_target
37.6,r04,r04,w,"$1,0,0,0,0,0,0,0,0#",20000,20000,-162,234,cached_path_to_final_target
37.6,r05,r05,w,"$1,0,0,0,0,0,0,0,0#",20000,20000,-162,277,cached_path_to_final_target
37.6,r06,r06,w,"$1,0,0,0,0,0,0,0,0#",20000,20000,-165,366,cached_path_to_final_target
37.6,r07,r07,w,"$1,0,0,0,0,0,0,0,0#",11000,11000,-157,337,target_reached
37.8,r01,r01,w,"$1,0,0,0,0,0,0,0,0#",20000,20000,-169,337,path_to_final_target
37.8,r02,r02,w,"$1,0,0,0,0,0,0,0,0#",20000,20000,-180,303,path_to_final_target
37.8,r03,r03,w,"$1,0,0,0,0,0,0,0,0#",17000,17000,-164,401,path_to_final_target
37.8,r04,r04,w,"$1,0,0,0,0,0,0,0,0#",20000,20000,-162,241,path_to_final_target
37.8,r05,r05,w,"$1,0,0,0,0,0,0,0,0#",20000,20000,-162,285,path_to_final_target
37.8,r06,r06,w,"$1,0,0,0,0,0,0,0,0#",20000,20000,-165,373,path_to_final_target
37.8,r07,r07,w,"$1,0,0,0,0,0,0,0,0#",5000,5000,-157,339,target_reached
38.0,r01,r01,w,"$1,0,0,0,0,0,0,0,0#",20000,20000,-169,344,cached_path_to_final_target
38.0,r02,r02,w,"$1,0,0,0,0,0,0,0,0#",20000,20000,-180,311,cached_path_to_final_target
38.0,r03,r03,w,"$1,0,0,0,0,0,0,0,0#",11000,11000,-164,405,target_reached
38.0,r04,r04,w,"$1,0,0,0,0,0,0,0,0#",20000,20000,-163,249,cached_path_to_final_target
38.0,r05,r05,w,"$1,0,0,0,0,0,0,0,0#",20000,20000,-162,292,cached_path_to_final_target
38.0,r06,r06,w,"$1,0,0,0,0,0,0,0,0#",20000,20000,-165,381,cached_path_to_final_target
38.0,r07,r07,e,"$0,0,0,0,0,0,0,0,0#",0,0,-157,339,target_reached
38.2,r01,r01,w,"$1,0,0,0,0,0,0,0,0#",20000,20000,-169,352,cached_path_to_final_target
38.2,r02,r02,w,"$1,0,0,0,0,0,0,0,0#",20000,20000,-180,318,cached_path_to_final_target
38.2,r03,r03,w,"$1,0,0,0,0,0,0,0,0#",6000,6000,-164,407,target_reached
38.2,r04,r04,w,"$1,0,0,0,0,0,0,0,0#",20000,20000,-163,256,cached_path_to_final_target
38.2,r05,r05,w,"$1,0,0,0,0,0,0,0,0#",20000,20000,-163,300,cached_path_to_final_target
38.2,r06,r06,w,"$1,0,0,0,0,0,0,0,0#",20000,20000,-166,388,cached_path_to_final_target
38.2,r07,r07,e,"$0,0,0,0,0,0,0,0,0#",0,0,-157,339,target_reached
38.4,r01,r01,w,"$1,0,0,0,0,0,0,0,0#",20000,20000,-170,359,cached_path_to_final_target
38.4,r02,r02,w,"$1,0,0,0,0,0,0,0,0#",20000,20000,-180,326,cached_path_to_final_target
38.4,r03,r03,e,"$0,0,0,0,0,0,0,0,0#",0,0,-164,407,target_reached
38.4,r04,r04,w,"$1,0,0,0,0,0,0,0,0#",20000,20000,-163,263,cached_path_to_final_target
38.4,r05,r05,w,"$1,0,0,0,0,0,0,0,0#",20000,20000,-163,307,cached_path_to_final_target
38.4,r06,r06,w,"$1,0,0,0,0,0,0,0,0#",20000,20000,-166,395,cached_path_to_final_target
38.4,r07,r07,e,"$0,0,0,0,0,0,0,0,0#",0,0,-157,339,target_reached
38.6,r01,r01,w,"$1,0,0,0,0,0,0,0,0#",20000,20000,-170,367,path_to_final_target
38.6,r02,r02,w,"$1,0,0,0,0,0,0,0,0#",20000,20000,-180,334,path_to_final_target
38.6,r03,r03,e,"$0,0,0,0,0,0,0,0,0#",0,0,-164,407,target_reached
38.6,r04,r04,w,"$1,0,0,0,0,0,0,0,0#",20000,20000,-164,271,path_to_final_target
38.6,r05,r05,w,"$1,0,0,0,0,0,0,0,0#",20000,20000,-163,314,path_to_final_target
38.6,r06,r06,w,"$1,0,0,0,0,0,0,0,0#",20000,20000,-166,403,path_to_final_target
38.6,r07,r07,e,"$0,0,0,0,0,0,0,0,0#",0,0,-157,339,target_reached
38.8,r01,r01,w,"$1,0,0,0,0,0,0,0,0#",20000,20000,-170,374,cached_path_to_final_target
38.8,r02,r02,w,"$1,0,0,0,0,0,0,0,0#",20000,20000,-180,341,cached_path_to_final_target
38.8,r03,r03,e,"$0,0,0,0,0,0,0,0,0#",0,0,-164,407,target_reached
38.8,r04,r04,w,"$1,0,0,0,0,0,0,0,0#",20000,20000,-164,278,cached_path_to_final_target
38.8,r05,r05,w,"$1,0,0,0,0,0,0,0,0#",20000,20000,-164,322,cached_path_to_final_target
38.8,r06,r06,w,"$1,0,0,0,0,0,0,0,0#",20000,20000,0,-1,cached_path_to_final_target
38.8,r07,r07,e,"$0,0,0,0,0,0,0,0,0#",0,0,-157,339,target_reached
39.0,r01,r01,w,"$1,0,0,0,0,0,0,0,0#",17000,17000,-170,381,cached_path_to_final_target
39.0,r02,r02,w,"$1,0,0,0,0,0,0,0,0#",14000,14000,-180,347,cached_path_to_final_target
39.0,r03,r03,e,"$0,0,0,0,0,0,0,0,0#",0,0,-164,407,target_reached
39.0,r04,r04,w,"$1,0,0,0,0,0,0,0,0#",20000,20000,-165,286,cached_path_to_final_target
39.0,r05,r05,w,"$1,0,0,0,0,0,0,0,0#",20000,20000,-164,329,cached_path_to_final_target
39.0,r06,r06,w,"$1,0,0,0,0,0,0,0,0#",18000,18000,0,-1,cached_path_to_final_target
39.0,r07,r07,e,"$0,0,0,0,0,0,0,0,0#",0,0,-157,339,target_reached
39.2,r01,r01,w,"$1,0,0,0,0,0,0,0,0#",16000,16000,-170,387,cached_path_to_final_target
39.2,r02,r02,w,"$1,0,0,0,0,0,0,0,0#",13000,13000,-180,352,cached_path_to_final_target
39.2,r03,r03,e,"$0,0,0,0,0,0,0,0,0#",0,0,-164,407,target_reached
39.2,r04,r04,w,"$1,0,0,0,0,0,0,0,0#",20000,20000,-165,293,cached_path_to_final_target
39.2,r05,r05,w,"$1,0,0,0,0,0,0,0,0#",20000,20000,-164,337,cached_path_to_final_target
39.2,r06,r06,w,"$1,0,0,0,0,0,0,0,0#",16000,16000,0,-1,cached_path_to_final_target
39.2,r07,r07,e,"$0,0,0,0,0,0,0,0,0#",0,0,-157,339,target_reached
39.4,r01,r01,w,"$1,0,0,0,0,0,0,0,0#",10000,10000,-170,390,target_reached
39.4,r02,r02,w,"$1,0,0,0,0,0,0,0,0#",12000,12000,-180,356,path_to_final_target
39.4,r03,r03,e,"$0,0,0,0,0,0,0,0,0#",0,0,-164,407,target_reached
39.4,r04,r04,w,"$1,0,0,0,0,0,0,0,0#",20000,20000,-165,301,path_to_final_target
39.4,r05,r05,w,"$1,0,0,0,0,0,0,0,0#",20000,20000,-165,344,path_to_final_target
39.4,r06,r06,w,"$1,0,0,0,0,0,0,0,0#",11000,11000,0,-1,target_reached
39.4,r07,r07,e,"$0,0,0,0,0,0,0,0,0#",0,0,-157,339,target_reached
39.6,r01,r01,w,"$1,0,0,0,0,0,0,0,0#",4000,4000,-170,392,target_reached
39.6,r02,r02,w,"$1,0,0,0,0,0,0,0,0#",6000,6000,-180,358,cached_path_to_final_target
39.6,r03,r03,e,"$0,0,0,0,0,0,0,0,0#",0,0,-164,407,target_reached
39.6,r04,r04,w,"$1,0,0,0,0,0,0,0,0#",20000,20000,-166,308,cached_path_to_final_target
39.6,r05,r05,w,"$1,0,0,0,0,0,0,0,0#",20000,20000,-165,352,cached_path_to_final_target
39.6,r06,r06,w,"$1,0,0,0,0,0,0,0,0#",5000,5000,0,-1,target_reached
39.6,r07,r07,e,"$0,0,0,0,0,0,0,0,0#",0,0,-157,339,target_reached
39.8,r01,r01,e,"$0,0,0,0,0,0,0,0,0#",0,0,-170,392,target_reached
39.8,r02,r02,w,"$1,0,0,0,0,0,0,0,0#",6000,6000,-180,360,cached_path_to_final_target
39.8,r03,r03,e,"$0,0,0,0,0,0,0,0,0#",0,0,-164,407,target_reached
39.8,r04,r04,w,"$1,0,0,0,0,0,0,0,0#",20000,20000,-166,316,cached_path_to_final_target
39.8,r05,r05,w,"$1,0,0,0,0,0,0,0,0#",20000,20000,-165,359,cached_path_to_final_target
39.8,r06,r06,e,"$0,0,0,0,0,0,0,0,0#",0,0,0,-1,target_reached
39.8,r07,r07,e,"$0,0,0,0,0,0,0,0,0#",0,0,-157,339,target_reached
40.0,r01,r01,e,"$0,0,0,0,0,0,0,0,0#",0,0,-170,392,target_reached
40.0,r02,r02,w,"$1,0,0,0,0,0,0,0,0#",6000,6000,-180,363,cached_path_to_final_target
40.0,r03,r03,e,"$0,0,0,0,0,0,0,0,0#",0,0,-164,407,target_reached
40.0,r04,r04,w,"$1,0,0,0,0,0,0,0,0#",20000,20000,-166,323,cached_path_to_final_target
40.0,r05,r05,w,"$1,0,0,0,0,0,0,0,0#",14000,14000,-165,364,cached_path_to_final_target
40.0,r06,r06,e,"$0,0,0,0,0,0,0,0,0#",0,0,0,-1,target_reached
40.0,r07,r07,e,"$0,0,0,0,0,0,0,0,0#",0,0,-157,339,target_reached
40.2,r01,r01,e,"$0,0,0,0,0,0,0,0,0#",0,0,-170,392,target_reached
40.2,r02,r02,e,"$0,0,0,0,0,0,0,0,0#",0,0,-180,363,target_reached
40.2,r03,r03,e,"$0,0,0,0,0,0,0,0,0#",0,0,-164,407,target_reached
40.2,r04,r04,w,"$1,0,0,0,0,0,0,0,0#",14000,14000,-166,328,path_to_final_target
40.2,r05,r05,w,"$1,0,0,0,0,0,0,0,0#",13000,13000,-166,369,path_to_final_target
40.2,r06,r06,e,"$0,0,0,0,0,0,0,0,0#",0,0,0,-1,target_reached
40.2,r07,r07,e,"$0,0,0,0,0,0,0,0,0#",0,0,-157,339,target_reached
40.4,r01,r01,e,"$0,0,0,0,0,0,0,0,0#",0,0,-170,392,target_reached
40.4,r02,r02,e,"$0,0,0,0,0,0,0,0,0#",0,0,-180,363,target_reached
40.4,r03,r03,e,"$0,0,0,0,0,0,0,0,0#",0,0,-164,407,target_reached
40.4,r04,r04,w,"$1,0,0,0,0,0,0,0,0#",13000,13000,-167,333,cached_path_to_final_target
40.4,r05,r05,w,"$1,0,0,0,0,0,0,0,0#",13000,13000,-166,374,cached_path_to_final_target
40.4,r06,r06,e,"$0,0,0,0,0,0,0,0,0#",0,0,0,-1,target_reached
40.4,r07,r07,e,"$0,0,0,0,0,0,0,0,0#",0,0,-157,339,target_reached
40.6,r01,r01,e,"$0,0,0,0,0,0,0,0,0#",0,0,-170,392,target_reached
40.6,r02,r02,e,"$0,0,0,0,0,0,0,0,0#",0,0,-180,363,target_reached
40.6,r03,r03,e,"$0,0,0,0,0,0,0,0,0#",0,0,-164,407,target_reached
40.6,r04,r04,w,"$1,0,0,0,0,0,0,0,0#",18000,18000,-167,340,cached_path_to_final_target
40.6,r05,r05,w,"$1,0,0,0,0,0,0,0,0#",12000,12000,-166,378,cached_path_to_final_target
40.6,r06,r06,e,"$0,0,0,0,0,0,0,0,0#",0,0,0,-1,target_reached
40.6,r07,r07,e,"$0,0,0,0,0,0,0,0,0#",0,0,-157,339,target_reached
