mission_id,mission_name,step,time_s,ts_ms,algorithm,completion_policy,robot_id,robot_name,powered,cluster_id,role,perception_mode,visible_obstacle_count,known_obstacle_count,primary_x_m,primary_y_m,primary_theta_rad,primary_v_mps,primary_omega_radps,primary_pwr_left,primary_pwr_right,primary_sonic_angle_deg,primary_sonic_distance_cm,primary_camera_pan_deg,primary_camera_tilt_deg,primary_tracking_bits,primary_led,primary_buz,control_cmd_vx_mps,control_cmd_vy_mps,control_cmd_v_mps,control_cmd_omega_radps,control_target_x_m,control_target_y_m,control_reason,tank_key_command,tank_protocol_command,tank_pwm_left,tank_pwm_right,tank_command_note,agent_path_length_m,agent_energy_proxy,agent_collision_events,agent_near_miss_events,agent_lane_violations,agent_min_obstacle_clearance_m,agent_min_robot_clearance_m,agent_goal_distance_m,group_centroid_x_m,group_centroid_y_m,group_centroid_to_goal_m,group_centroid_path_m,group_effective_centroid_length_m,group_formation_rms_m,group_formation_bad_pairs,group_min_clearance_m,group_collision_steps,group_lane_violations,group_total_energy_proxy,group_sum_agent_path_m,group_mean_instant_speed_mps,group_average_speed_mps,group_active_cluster_count,done,finish_reason
4c5679641a,formation_4_gate_rejoin,0,0.0,1784462000,completion_astar,finish_first,r01,r01,True,main,member,local,0,0,-0.21,-0.21,0.0,0.0,0.0,0,0,0,-1,0,0,0000,---,False,0.0,0.0,0.0,0.0,11.79,-0.21,init,e,"$0,0,0,0,0,0,0,0,0#",0,0,Set tank.c app_speed/duty level to the logged pwm before sending the move key/protocol command; e=stop.,0.0,0.0,0,0,0,999.0,999.0,12.0,0.0,0.0,12.0,0.0,0.0,0.0,0,999.0,0,0,0.0,0.0,0.0,0.0,1,False,running
4c5679641a,formation_4_gate_rejoin,0,0.0,1784462000,completion_astar,finish_first,r02,r02,True,main,member,local,0,0,0.21,-0.21,0.0,0.0,0.0,0,0,0,-1,0,0,0000,---,False,0.0,0.0,0.0,0.0,12.21,-0.21,init,e,"$0,0,0,0,0,0,0,0,0#",0,0,Set tank.c app_speed/duty level to the logged pwm before sending the move key/protocol command; e=stop.,0.0,0.0,0,0,0,999.0,999.0,12.0,0.0,0.0,12.0,0.0,0.0,0.0,0,999.0,0,0,0.0,0.0,0.0,0.0,1,False,running
4c5679641a,formation_4_gate_rejoin,0,0.0,1784462000,completion_astar,finish_first,r03,r03,True,main,member,local,0,0,-0.21,0.21,0.0,0.0,0.0,0,0,0,-1,0,0,0000,---,False,0.0,0.0,0.0,0.0,11.79,0.21,init,e,"$0,0,0,0,0,0,0,0,0#",0,0,Set tank.c app_speed/duty level to the logged pwm before sending the move key/protocol command; e=stop.,0.0,0.0,0,0,0,999.0,999.0,12.0,0.0,0.0,12.0,0.0,0.0,0.0,0,999.0,0,0,0.0,0.0,0.0,0.0,1,False,running
4c5679641a,formation_4_gate_rejoin,0,0.0,1784462000,completion_astar,finish_first,r04,r04,True,main,member,local,0,0,0.21,0.21,0.0,0.0,0.0,0,0,0,-1,0,0,0000,---,False,0.0,0.0,0.0,0.0,12.21,0.21,init,e,"$0,0,0,0,0,0,0,0,0#",0,0,Set tank.c app_speed/duty level to the logged pwm before sending the move key/protocol command; e=stop.,0.0,0.0,0,0,0,999.0,999.0,12.0,0.0,0.0,12.0,0.0,0.0,0.0,0,999.0,0,0,0.0,0.0,0.0,0.0,1,False,running
4c5679641a,formation_4_gate_rejoin,1,0.2,1784462200,completion_astar,finish_first,r01,r01,True,main,member,local,0,0,-0.18819,-0.21,0.0,0.10906,0.0,287,287,0,-1,0,0,0000,---,False,0.10906,0.0,0.10906,0.0,-0.133,-0.21,path_to_final_target,w,"$1,0,0,0,0,0,0,0,0#",6000,6000,Set tank.c app_speed/duty level to the logged pwm before sending the move key/protocol command; e=stop.,0.02181,0.06656,0,0,0,4.85362,0.19796,11.97819,0.02191,0.0,11.9781,0.0219,0.0219,0.00013,0,0.198,0,0,0.2672,0.08762,0.1095,0.1095,1,False,running
4c5679641a,formation_4_gate_rejoin,1,0.2,1784462200,completion_astar,finish_first,r02,r02,True,main,member,local,0,0,0.232,-0.21,0.0,0.11,0.0,289,289,0,-1,0,0,0000,---,False,0.3116,0.0,0.11,0.0,0.287,-0.21,path_to_final_target,w,"$1,0,0,0,0,0,0,0,0#",6000,6000,Set tank.c app_speed/duty level to the logged pwm before sending the move key/protocol command; e=stop.,0.022,0.06704,0,0,0,4.43357,0.19796,11.978,0.02191,0.0,11.9781,0.0219,0.0219,0.00013,0,0.198,0,0,0.2672,0.08762,0.1095,0.1095,1,False,running
4c5679641a,formation_4_gate_rejoin,1,0.2,1784462200,completion_astar,finish_first,r03,r03,True,main,member,local,0,0,-0.18819,0.21,0.0,0.10906,0.0,287,287,0,-1,0,0,0000,---,False,0.10906,0.0,0.10906,0.0,-0.133,0.21,path_to_final_target,w,"$1,0,0,0,0,0,0,0,0#",6000,6000,Set tank.c app_speed/duty level to the logged pwm before sending the move key/protocol command; e=stop.,0.02181,0.06656,0,0,0,4.85362,0.19796,11.97819,0.02191,0.0,11.9781,0.0219,0.0219,0.00013,0,0.198,0,0,0.2672,0.08762,0.1095,0.1095,1,False,running
4c5679641a,formation_4_gate_rejoin,1,0.2,1784462200,completion_astar,finish_first,r04,r04,True,main,member,local,0,0,0.232,0.21,0.0,0.11,0.0,289,289,0,-1,0,0,0000,---,False,0.3116,0.0,0.11,0.0,0.287,0.21,path_to_final_target,w,"$1,0,0,0,0,0,0,0,0#",6000,6000,Set tank.c app_speed/duty level to the logged pwm before sending the move key/protocol command; e=stop.,0.022,0.06704,0,0,0,4.43357,0.19796,11.978,0.02191,0.0,11.9781,0.0219,0.0219,0.00013,0,0.198,0,0,0.2672,0.08762,0.1095,0.1095,1,False,running
4c5679641a,formation_4_gate_rejoin,2,0.4,1784462400,completion_astar,finish_first,r01,r01,True,center,member,local,0,0,-0.14438,-0.21,0.0,0.21906,0.0,576,576,0,-1,0,0,0000,---,False,0.3116,0.0,0.21906,0.0,-0.056,-0.21,cached_path_to_final_target,w,"$1,0,0,0,0,0,0,0,0#",12000,12000,Set tank.c app_speed/duty level to the logged pwm before sending the move key/protocol command; e=stop.,0.06562,0.19144,0,0,0,4.80982,0.19796,11.93438,0.06581,0.0,11.9342,0.0658,0.0658,0.00027,0,0.198,0,0,0.76791,0.26325,0.2195,0.1645,1,False,running
4c5679641a,formation_4_gate_rejoin,2,0.4,1784462400,completion_astar,finish_first,r02,r02,True,center,member,local,0,0,0.276,-0.21,0.0,0.22,0.0,579,579,0,-1,0,0,0000,---,False,0.3116,0.0,0.22,0.0,0.364,-0.21,cached_path_to_final_target,w,"$1,0,0,0,0,0,0,0,0#",12000,12000,Set tank.c app_speed/duty level to the logged pwm before sending the move key/protocol command; e=stop.,0.066,0.19252,0,0,0,4.38958,0.19796,11.934,0.06581,0.0,11.9342,0.0658,0.0658,0.00027,0,0.198,0,0,0.76791,0.26325,0.2195,0.1645,1,False,running
4c5679641a,formation_4_gate_rejoin,2,0.4,1784462400,completion_astar,finish_first,r03,r03,True,center,member,local,0,0,-0.14438,0.21,0.0,0.21906,0.0,576,576,0,-1,0,0,0000,---,False,0.3116,0.0,0.21906,0.0,-0.056,0.21,cached_path_to_final_target,w,"$1,0,0,0,0,0,0,0,0#",12000,12000,Set tank.c app_speed/duty level to the logged pwm before sending the move key/protocol command; e=stop.,0.06562,0.19144,0,0,0,4.80982,0.19796,11.93438,0.06581,0.0,11.9342,0.0658,0.0658,0.00027,0,0.198,0,0,0.76791,0.26325,0.2195,0.1645,1,False,running
4c5679641a,formation_4_gate_rejoin,2,0.4,1784462400,completion_astar,finish_first,r04,r04,True,center,member,local,0,0,0.276,0.21,0.0,0.22,0.0,579,579,0,-1,0,0,0000,---,False,0.3116,0.0,0.22,0.0,0.364,0.21,cached_path_to_final_target,w,"$1,0,0,0,0,0,0,0,0#",12000,12000,Set tank.c app_speed/duty level to the logged pwm before sending the move key/protocol command; e=stop.,0.066,0.19252,0,0,0,4.38958,0.19796,11.934,0.06581,0.0,11.9342,0.0658,0.0658,0.00027,0,0.198,0,0,0.76791,0.26325,0.2195,0.1645,1,False,running
4c5679641a,formation_4_gate_rejoin,3,0.6,1784462600,completion_astar,finish_first,r01,r01,True,center,member,local,0,0,-0.08206,-0.21,0.0,0.3116,0.0,820,820,0,-1,0,0,0000,---,False,0.3116,0.0,0.3116,0.0,0.021,-0.21,cached_path_to_final_target,w,"$1,0,0,0,0,0,0,0,0#",16000,16000,Set tank.c app_speed/duty level to the logged pwm before sending the move key/protocol command; e=stop.,0.12794,0.36409,0,0,0,4.74752,0.19796,11.87206,0.12813,0.0,11.8719,0.1281,0.1281,0.00027,0,0.198,0,0,1.45836,0.51253,0.3116,0.2136,1,False,running
4c5679641a,formation_4_gate_rejoin,3,0.6,1784462600,completion_astar,finish_first,r02,r02,True,center,member,local,0,0,0.33832,-0.21,0.0,0.3116,0.0,820,820,0,-1,0,0,0000,---,False,0.3116,0.0,0.3116,0.0,0.441,-0.21,cached_path_to_final_target,w,"$1,0,0,0,0,0,0,0,0#",16000,16000,Set tank.c app_speed/duty level to the logged pwm before sending the move key/protocol command; e=stop.,0.12832,0.36509,0,0,0,4.32728,0.19796,11.87168,0.12813,0.0,11.8719,0.1281,0.1281,0.00027,0,0.198,0,0,1.45836,0.51253,0.3116,0.2136,1,False,running
4c5679641a,formation_4_gate_rejoin,3,0.6,1784462600,completion_astar,finish_first,r03,r03,True,center,member,local,0,0,-0.08206,0.21,0.0,0.3116,0.0,820,820,0,-1,0,0,0000,---,False,0.3116,0.0,0.3116,0.0,0.021,0.21,cached_path_to_final_target,w,"$1,0,0,0,0,0,0,0,0#",16000,16000,Set tank.c app_speed/duty level to the logged pwm before sending the move key/protocol command; e=stop.,0.12794,0.36409,0,0,0,4.74752,0.19796,11.87206,0.12813,0.0,11.8719,0.1281,0.1281,0.00027,0,0.198,0,0,1.45836,0.51253,0.3116,0.2136,1,False,running
4c5679641a,formation_4_gate_rejoin,3,0.6,1784462600,completion_astar,finish_first,r04,r04,True,center,member,local,0,0,0.33832,0.21,0.0,0.3116,0.0,820,820,0,-1,0,0,0000,---,False,0.3116,0.0,0.3116,0.0,0.441,0.21,cached_path_to_final_target,w,"$1,0,0,0,0,0,0,0,0#",16000,16000,Set tank.c app_speed/duty level to the logged pwm before sending the move key/protocol command; e=stop.,0.12832,0.36509,0,0,0,4.32728,0.19796,11.87168,0.12813,0.0,11.8719,0.1281,0.1281,0.00027,0,0.198,0,0,1.45836,0.51253,0.3116,0.2136,1,False,running
4c5679641a,formation_4_gate_rejoin,4,0.8,1784462800,completion_astar,finish_first,r01,r01,True,center,member,local,0,0,-0.01974,-0.21,0.0,0.3116,0.0,820,820,0,-1,0,0,0000,---,False,0.3116,0.0,0.3116,0.0,0.098,-0.21,cached_path_to_final_target,w,"$1,0,0,0,0,0,0,0,0#",16000,16000,Set tank.c app_speed/duty level to the logged pwm before sending the move key/protocol command; e=stop.,0.19026,0.52933,0,0,0,4.68522,0.19796,11.80974,0.19045,0.0,11.8095,0.1905,0.1905,0.00027,0,0.198,0,0,2.11935,0.76181,0.3116,0.2381,1,False,running
4c5679641a,formation_4_gate_rejoin,4,0.8,1784462800,completion_astar,finish_first,r02,r02,True,center,member,local,0,0,0.40064,-0.21,0.0,0.3116,0.0,820,820,0,-1,0,0,0000,---,False,0.3116,0.0,0.3116,0.0,0.518,-0.21,cached_path_to_final_target,w,"$1,0,0,0,0,0,0,0,0#",16000,16000,Set tank.c app_speed/duty level to the logged pwm before sending the move key/protocol command; e=stop.,0.19064,0.53034,0,0,0,4.26499,0.19796,11.80936,0.19045,0.0,11.8095,0.1905,0.1905,0.00027,0,0.198,0,0,2.11935,0.76181,0.3116,0.2381,1,False,running
4c5679641a,formation_4_gate_rejoin,4,0.8,1784462800,completion_astar,finish_first,r03,r03,True,center,member,local,0,0,-0.01974,0.21,0.0,0.3116,0.0,820,820,0,-1,0,0,0000,---,False,0.3116,0.0,0.3116,0.0,0.098,0.21,cached_path_to_final_target,w,"$1,0,0,0,0,0,0,0,0#",16000,16000,Set tank.c app_speed/duty level to the logged pwm before sending the move key/protocol command; e=stop.,0.19026,0.52933,0,0,0,4.68522,0.19796,11.80974,0.19045,0.0,11.8095,0.1905,0.1905,0.00027,0,0.198,0,0,2.11935,0.76181,0.3116,0.2381,1,False,running
4c5679641a,formation_4_gate_rejoin,4,0.8,1784462800,completion_astar,finish_first,r04,r04,True,center,member,local,0,0,0.40064,0.21,0.0,0.3116,0.0,820,820,0,-1,0,0,0000,---,False,0.3116,0.0,0.3116,0.0,0.518,0.21,cached_path_to_final_target,w,"$1,0,0,0,0,0,0,0,0#",16000,16000,Set tank.c app_speed/duty level to the logged pwm before sending the move key/protocol command; e=stop.,0.19064,0.53034,0,0,0,4.26499,0.19796,11.80936,0.19045,0.0,11.8095,0.1905,0.1905,0.00027,0,0.198,0,0,2.11935,0.76181,0.3116,0.2381,1,False,running
4c5679641a,formation_4_gate_rejoin,5,1.0,1784463000,completion_astar,finish_first,r01,r01,True,center,member,local,0,0,0.04258,-0.21,0.0,0.3116,0.0,820,820,0,-1,0,0,0000,---,False,0.3116,0.0,0.3116,0.0,0.175,-0.21,path_to_final_target,w,"$1,0,0,0,0,0,0,0,0#",16000,16000,Set tank.c app_speed/duty level to the logged pwm before sending the move key/protocol command; e=stop.,0.25258,0.69458,0,0,0,4.62292,0.19796,11.74742,0.25277,0.0,11.7472,0.2528,0.2528,0.00027,0,0.198,0,0,2.78033,1.01109,0.3116,0.2528,1,False,running
4c5679641a,formation_4_gate_rejoin,5,1.0,1784463000,completion_astar,finish_first,r02,r02,True,center,member,local,0,0,0.46296,-0.21,0.0,0.3116,0.0,820,820,0,-1,0,0,0000,---,False,0.3116,0.0,0.3116,0.0,0.595,-0.21,path_to_final_target,w,"$1,0,0,0,0,0,0,0,0#",16000,16000,Set tank.c app_speed/duty level to the logged pwm before sending the move key/protocol command; e=stop.,0.25296,0.69559,0,0,0,4.20269,0.19796,11.74704,0.25277,0.0,11.7472,0.2528,0.2528,0.00027,0,0.198,0,0,2.78033,1.01109,0.3116,0.2528,1,False,running
4c5679641a,formation_4_gate_rejoin,5,1.0,1784463000,completion_astar,finish_first,r03,r03,True,center,member,local,0,0,0.04258,0.21,0.0,0.3116,0.0,820,820,0,-1,0,0,0000,---,False,0.3116,0.0,0.3116,0.0,0.175,0.21,path_to_final_target,w,"$1,0,0,0,0,0,0,0,0#",16000,16000,Set tank.c app_speed/duty level to the logged pwm before sending the move key/protocol command; e=stop.,0.25258,0.69458,0,0,0,4.62292,0.19796,11.74742,0.25277,0.0,11.7472,0.2528,0.2528,0.00027,0,0.198,0,0,2.78033,1.01109,0.3116,0.2528,1,False,running
4c5679641a,formation_4_gate_rejoin,5,1.0,1784463000,completion_astar,finish_first,r04,r04,True,center,member,local,0,0,0.46296,0.21,0.0,0.3116,0.0,820,820,0,-1,0,0,0000,---,False,0.3116,0.0,0.3116,0.0,0.595,0.21,path_to_final_target,w,"$1,0,0,0,0,0,0,0,0#",16000,16000,Set tank.c app_speed/duty level to the logged pwm before sending the move key/protocol command; e=stop.,0.25296,0.69559,0,0,0,4.20269,0.19796,11.74704,0.25277,0.0,11.7472,0.2528,0.2528,0.00027,0,0.198,0,0,2.78033,1.01109,0.3116,0.2528,1,False,running
4c5679641a,formation_4_gate_rejoin,6,1.2,1784463200,completion_astar,finish_first,r01,r01,True,center,member,local,0,0,0.1049,-0.21,0.0,0.3116,0.0,820,820,0,-1,0,0,0000,---,False,0.3116,0.0,0.3116,0.0,0.252,-0.21,cached_path_to_final_target,w,"$1,0,0,0,0,0,0,0,0#",16000,16000,Set tank.c app_speed/duty level to the logged pwm before sending the move key/protocol command; e=stop.,0.3149,0.85983,0,0,0,4.56062,0.19796,11.6851,0.31509,0.0,11.6849,0.3151,0.3151,0.00027,0,0.198,0,0,3.44132,1.26037,0.3116,0.2626,1,False,running
4c5679641a,formation_4_gate_rejoin,6,1.2,1784463200,completion_astar,finish_first,r02,r02,True,center,member,local,0,0,0.52528,-0.21,0.0,0.3116,0.0,820,820,0,-1,0,0,0000,---,False,0.3116,0.0,0.3116,0.0,0.672,-0.21,cached_path_to_final_target,w,"$1,0,0,0,0,0,0,0,0#",16000,16000,Set tank.c app_speed/duty level to the logged pwm before sending the move key/protocol command; e=stop.,0.31528,0.86083,0,0,0,4.1404,0.19796,11.68472,0.31509,0.0,11.6849,0.3151,0.3151,0.00027,0,0.198,0,0,3.44132,1.26037,0.3116,0.2626,1,False,running
4c5679641a,formation_4_gate_rejoin,6,1.2,1784463200,completion_astar,finish_first,r03,r03,True,center,member,local,0,0,0.1049,0.21,0.0,0.3116,0.0,820,820,0,-1,0,0,0000,---,False,0.3116,0.0,0.3116,0.0,0.252,0.21,cached_path_to_final_target,w,"$1,0,0,0,0,0,0,0,0#",16000,16000,Set tank.c app_speed/duty level to the logged pwm before sending the move key/protocol command; e=stop.,0.3149,0.85983,0,0,0,4.56062,0.19796,11.6851,0.31509,0.0,11.6849,0.3151,0.3151,0.00027,0,0.198,0,0,3.44132,1.26037,0.3116,0.2626,1,False,running
4c5679641a,formation_4_gate_rejoin,6,1.2,1784463200,completion_astar,finish_first,r04,r04,True,center,member,local,0,0,0.52528,0.21,0.0,0.3116,0.0,820,820,0,-1,0,0,0000,---,False,0.3116,0.0,0.3116,0.0,0.672,0.21,cached_path_to_final_target,w,"$1,0,0,0,0,0,0,0,0#",16000,16000,Set tank.c app_speed/duty level to the logged pwm before sending the move key/protocol command; e=stop.,0.31528,0.86083,0,0,0,4.1404,0.19796,11.68472,0.31509,0.0,11.6849,0.3151,0.3151,0.00027,0,0.198,0,0,3.44132,1.26037,0.3116,0.2626,1,False,running
4c5679641a,formation_4_gate_rejoin,7,1.4,1784463400,completion_astar,finish_first,r01,r01,True,center,member,local,0,0,0.16722,-0.21,0.0,0.3116,0.0,820,820,0,-1,0,0,0000,---,False,0.3116,0.0,0.3116,0.0,0.329,-0.21,cached_path_to_final_target,w,"$1,0,0,0,0,0,0,0,0#",16000,16000,Set tank.c app_speed/duty level to the logged pwm before sending the move key/protocol command; e=stop.,0.37722,1.02507,0,0,0,4.49832,0.19796,11.62278,0.37741,0.0,11.6226,0.3774,0.3774,0.00027,0,0.198,0,0,4.1023,1.50965,0.3116,0.2696,1,False,running
4c5679641a,formation_4_gate_rejoin,7,1.4,1784463400,completion_astar,finish_first,r02,r02,True,center,member,local,0,0,0.5876,-0.21,0.0,0.3116,0.0,820,820,0,-1,0,0,0000,---,False,0.3116,0.0,0.3116,0.0,0.749,-0.21,cached_path_to_final_target,w,"$1,0,0,0,0,0,0,0,0#",16000,16000,Set tank.c app_speed/duty level to the logged pwm before sending the move key/protocol command; e=stop.,0.3776,1.02608,0,0,0,4.0781,0.19796,11.6224,0.37741,0.0,11.6226,0.3774,0.3774,0.00027,0,0.198,0,0,4.1023,1.50965,0.3116,0.2696,1,False,running
4c5679641a,formation_4_gate_rejoin,7,1.4,1784463400,completion_astar,finish_first,r03,r03,True,center,member,local,0,0,0.16722,0.21,0.0,0.3116,0.0,820,820,0,-1,0,0,0000,---,False,0.3116,0.0,0.3116,0.0,0.329,0.21,cached_path_to_final_target,w,"$1,0,0,0,0,0,0,0,0#",16000,16000,Set tank.c app_speed/duty level to the logged pwm before sending the move key/protocol command; e=stop.,0.37722,1.02507,0,0,0,4.49832,0.19796,11.62278,0.37741,0.0,11.6226,0.3774,0.3774,0.00027,0,0.198,0,0,4.1023,1.50965,0.3116,0.2696,1,False,running
4c5679641a,formation_4_gate_rejoin,7,1.4,1784463400,completion_astar,finish_first,r04,r04,True,center,member,local,0,0,0.5876,0.21,0.0,0.3116,0.0,820,820,0,-1,0,0,0000,---,False,0.3116,0.0,0.3116,0.0,0.749,0.21,cached_path_to_final_target,w,"$1,0,0,0,0,0,0,0,0#",16000,16000,Set tank.c app_speed/duty level to the logged pwm before sending the move key/protocol command; e=stop.,0.3776,1.02608,0,0,0,4.0781,0.19796,11.6224,0.37741,0.0,11.6226,0.3774,0.3774,0.00027,0,0.198,0,0,4.1023,1.50965,0.3116,0.2696,1,False,running
4c5679641a,formation_4_gate_rejoin,8,1.6,1784463600,completion_astar,finish_first,r01,r01,True,center,member,local,0,0,0.22954,-0.21,0.0,0.3116,0.0,820,820,0,-1,0,0,0000,---,False,0.3116,0.0,0.3116,0.0,0.406,-0.21,cached_path_to_final_target,w,"$1,0,0,0,0,0,0,0,0#",16000,16000,Set tank.c app_speed/duty level to the logged pwm before sending the move key/protocol command; e=stop.,0.43954,1.19032,0,0,0,4.43602,0.19796,11.56046,0.43973,0.0,11.5603,0.4397,0.4397,0.00027,0,0.198,0,0,4.76329,1.75893,0.3116,0.2748,1,False,running
4c5679641a,formation_4_gate_rejoin,8,1.6,1784463600,completion_astar,finish_first,r02,r02,True,center,member,local,1,0,0.64992,-0.21,0.0,0.3116,0.0,820,820,-5,402,0,0,0000,---,False,0.3116,0.0,0.3116,0.0,0.826,-0.21,cached_path_to_final_target,w,"$1,0,0,0,0,0,0,0,0#",16000,16000,Set tank.c app_speed/duty level to the logged pwm before sending the move key/protocol command; e=stop.,0.43992,1.19133,0,0,0,4.01581,0.19796,11.56008,0.43973,0.0,11.5603,0.4397,0.4397,0.00027,0,0.198,0,0,4.76329,1.75893,0.3116,0.2748,1,False,running
4c5679641a,formation_4_gate_rejoin,8,1.6,1784463600,completion_astar,finish_first,r03,r03,True,center,member,local,0,0,0.22954,0.21,0.0,0.3116,0.0,820,820,0,-1,0,0,0000,---,False,0.3116,0.0,0.3116,0.0,0.406,0.21,cached_path_to_final_target,w,"$1,0,0,0,0,0,0,0,0#",16000,16000,Set tank.c app_speed/duty level to the logged pwm before sending the move key/protocol command; e=stop.,0.43954,1.19032,0,0,0,4.43602,0.19796,11.56046,0.43973,0.0,11.5603,0.4397,0.4397,0.00027,0,0.198,0,0,4.76329,1.75893,0.3116,0.2748,1,False,running
4c5679641a,formation_4_gate_rejoin,8,1.6,1784463600,completion_astar,finish_first,r04,r04,True,center,member,local,1,0,0.64992,0.21,0.0,0.3116,0.0,820,820,5,402,0,0,0000,---,False,0.3116,0.0,0.3116,0.0,0.826,0.21,cached_path_to_final_target,w,"$1,0,0,0,0,0,0,0,0#",16000,16000,Set tank.c app_speed/duty level to the logged pwm before sending the move key/protocol command; e=stop.,0.43992,1.19133,0,0,0,4.01581,0.19796,11.56008,0.43973,0.0,11.5603,0.4397,0.4397,0.00027,0,0.198,0,0,4.76329,1.75893,0.3116,0.2748,1,False,running
4c5679641a,formation_4_gate_rejoin,9,1.8,1784463800,completion_astar,finish_first,r01,r01,True,center,member,local,0,2,0.29186,-0.20956,0.00708,0.31158,0.03541,812,827,0,-1,0,0,0000,---,False,0.31158,0.00394,0.31158,0.03541,0.48293,-0.2068,path_to_final_target,w,"$1,0,0,0,0,0,0,0,0#",16000,17000,Set tank.c app_speed/duty level to the logged pwm before sending the move key/protocol command; e=stop.,0.50186,1.35582,0,0,0,4.37374,0.19711,11.49814,0.50205,1e-05,11.498,0.502,0.502,0.00057,0,0.1971,0,0,5.42556,2.00819,0.3116,0.2789,1,False,running
4c5679641a,formation_4_gate_rejoin,9,1.8,1784463800,completion_astar,finish_first,r02,r02,True,center,member,local,2,2,0.71223,-0.20956,0.00703,0.31158,0.03515,813,827,-5,395,0,0,0000,---,False,0.31158,0.00391,0.31158,0.03515,0.90293,-0.20682,path_to_final_target,w,"$1,0,0,0,0,0,0,0,0#",16000,17000,Set tank.c app_speed/duty level to the logged pwm before sending the move key/protocol command; e=stop.,0.50224,1.35693,0,0,0,3.95353,0.19711,11.49777,0.50205,1e-05,11.498,0.502,0.502,0.00057,0,0.1971,0,0,5.42556,2.00819,0.3116,0.2789,1,False,running
4c5679641a,formation_4_gate_rejoin,9,1.8,1784463800,completion_astar,finish_first,r03,r03,True,center,member,local,0,2,0.29186,0.20958,-0.00669,0.31158,-0.03344,827,813,0,-1,0,0,0000,---,False,0.31158,-0.00372,0.31158,-0.03344,0.48294,0.20697,path_to_final_target,w,"$1,0,0,0,0,0,0,0,0#",17000,16000,Set tank.c app_speed/duty level to the logged pwm before sending the move key/protocol command; e=stop.,0.50186,1.3559,0,0,0,4.37374,0.19711,11.49814,0.50205,1e-05,11.498,0.502,0.502,0.00057,0,0.1971,0,0,5.42556,2.00819,0.3116,0.2789,1,False,running
4c5679641a,formation_4_gate_rejoin,9,1.8,1784463800,completion_astar,finish_first,r04,r04,True,center,member,local,2,2,0.71223,0.20959,-0.00664,0.31158,-0.0332,827,813,5,395,0,0,0000,---,False,0.31158,-0.00369,0.31158,-0.0332,0.90294,0.207,path_to_final_target,w,"$1,0,0,0,0,0,0,0,0#",17000,16000,Set tank.c app_speed/duty level to the logged pwm before sending the move key/protocol command; e=stop.,0.50224,1.35691,0,0,0,3.95353,0.19711,11.49777,0.50205,1e-05,11.498,0.502,0.502,0.00057,0,0.1971,0,0,5.42556,2.00819,0.3116,0.2789,1,False,running
4c5679641a,formation_4_gate_rejoin,10,2.0,1784464000,completion_astar,finish_first,r01,r01,True,center,member,local,0,2,0.35417,-0.20864,0.01467,0.31157,0.03792,812,828,0,-1,0,0,0000,---,False,0.31153,0.00643,0.31157,0.03792,0.55988,-0.20403,cached_path_to_final_target,w,"$1,0,0,0,0,0,0,0,0#",16000,17000,Set tank.c app_speed/duty level to the logged pwm before sending the move key/protocol command; e=stop.,0.56417,1.52109,0,0,0,4.31148,0.19533,11.43584,0.56435,4e-05,11.4356,0.5644,0.5644,0.00178,0,0.1953,0,0,6.08644,2.25745,0.3116,0.2822,1,False,running
4c5679641a,formation_4_gate_rejoin,10,2.0,1784464000,completion_astar,finish_first,r02,r02,True,center,member,local,2,2,0.77454,-0.20865,0.01456,0.31157,0.03763,812,828,-6,389,0,0,0000,---,False,0.31153,0.00638,0.31157,0.03763,0.97989,-0.20408,cached_path_to_final_target,w,"$1,0,0,0,0,0,0,0,0#",16000,17000,Set tank.c app_speed/duty level to the logged pwm before sending the move key/protocol command; e=stop.,0.56455,1.5222,0,0,0,3.89128,0.19535,11.43546,0.56435,4e-05,11.4356,0.5644,0.5644,0.00178,0,0.1953,0,0,6.08644,2.25745,0.3116,0.2822,1,False,running
4c5679641a,formation_4_gate_rejoin,10,2.0,1784464000,completion_astar,finish_first,r03,r03,True,center,member,local,0,2,0.35417,0.20872,-0.01385,0.31157,-0.0358,827,812,0,-1,0,0,0000,---,False,0.31154,-0.00607,0.31157,-0.0358,0.5599,0.20436,cached_path_to_final_target,w,"$1,0,0,0,0,0,0,0,0#",17000,16000,Set tank.c app_speed/duty level to the logged pwm before sending the move key/protocol command; e=stop.,0.56417,1.52107,0,0,0,4.31148,0.19533,11.43583,0.56435,4e-05,11.4356,0.5644,0.5644,0.00178,0,0.1953,0,0,6.08644,2.25745,0.3116,0.2822,1,False,running
4c5679641a,formation_4_gate_rejoin,10,2.0,1784464000,completion_astar,finish_first,r04,r04,True,center,member,local,2,2,0.77454,0.20873,-0.01375,0.31157,-0.03554,827,812,6,389,0,0,0000,---,False,0.31154,-0.00602,0.31157,-0.03554,0.9799,0.20441,cached_path_to_final_target,w,"$1,0,0,0,0,0,0,0,0#",17000,16000,Set tank.c app_speed/duty level to the logged pwm before sending the move key/protocol command; e=stop.,0.56455,1.52208,0,0,0,3.89128,0.19535,11.43546,0.56435,4e-05,11.4356,0.5644,0.5644,0.00178,0,0.1953,0,0,6.08644,2.25745,0.3116,0.2822,1,False,running
4c5679641a,formation_4_gate_rejoin,11,2.2,1784464200,completion_astar,finish_first,r01,r01,True,center,member,local,0,2,0.41647,-0.20737,0.02051,0.31158,0.02924,814,826,0,-1,0,0,0000,---,False,0.3115,0.00782,0.31158,0.02924,0.63684,-0.20155,cached_path_to_final_target,w,"$1,0,0,0,0,0,0,0,0#",16000,17000,Set tank.c app_speed/duty level to the logged pwm before sending the move key/protocol command; e=stop.,0.62649,1.68643,0,0,0,4.24924,0.19284,11.37353,0.62666,7e-05,11.3733,0.6267,0.6267,0.00352,0,0.1928,0,0,6.74776,2.50672,0.3116,0.2848,1,False,running
4c5679641a,formation_4_gate_rejoin,11,2.2,1784464200,completion_astar,finish_first,r02,r02,True,center,member,local,2,2,0.83685,-0.20739,0.02036,0.31158,0.02901,814,826,-6,383,0,0,0000,---,False,0.3115,0.00776,0.31158,0.02901,1.05685,-0.20162,cached_path_to_final_target,w,"$1,0,0,0,0,0,0,0,0#",16000,17000,Set tank.c app_speed/duty level to the logged pwm before sending the move key/protocol command; e=stop.,0.62687,1.68753,0,0,0,3.82905,0.19288,11.37316,0.62666,7e-05,11.3733,0.6267,0.6267,0.00352,0,0.1928,0,0,6.74776,2.50672,0.3116,0.2848,1,False,running
4c5679641a,formation_4_gate_rejoin,11,2.2,1784464200,completion_astar,finish_first,r03,r03,True,center,member,local,0,2,0.41647,0.20751,-0.01937,0.31158,-0.02761,826,814,0,-1,0,0,0000,---,False,0.31151,-0.00739,0.31158,-0.02761,0.63686,0.20202,cached_path_to_final_target,w,"$1,0,0,0,0,0,0,0,0#",17000,16000,Set tank.c app_speed/duty level to the logged pwm before sending the move key/protocol command; e=stop.,0.62649,1.6864,0,0,0,4.24923,0.19284,11.37353,0.62666,7e-05,11.3733,0.6267,0.6267,0.00352,0,0.1928,0,0,6.74776,2.50672,0.3116,0.2848,1,False,running
4c5679641a,formation_4_gate_rejoin,11,2.2,1784464200,completion_astar,finish_first,r04,r04,True,center,member,local,2,2,0.83685,0.20753,-0.01923,0.31159,-0.02739,826,814,6,383,0,0,0000,---,False,0.31151,-0.00733,0.31159,-0.02739,1.05686,0.20209,cached_path_to_final_target,w,"$1,0,0,0,0,0,0,0,0#",17000,16000,Set tank.c app_speed/duty level to the logged pwm before sending the move key/protocol command; e=stop.,0.62687,1.6874,0,0,0,3.82904,0.19288,11.37315,0.62666,7e-05,11.3733,0.6267,0.6267,0.00352,0,0.1928,0,0,6.74776,2.50672,0.3116,0.2848,1,False,running
4c5679641a,formation_4_gate_rejoin,12,2.4,1784464400,completion_astar,finish_first,r01,r01,True,center,member,local,0,2,0.47877,-0.20585,0.02436,0.31159,0.01922,816,824,0,-1,0,0,0000,---,False,0.31148,0.00853,0.31159,0.01922,0.71381,-0.19922,cached_path_to_final_target,w,"$1,0,0,0,0,0,0,0,0#",16000,16000,Set tank.c app_speed/duty level to the logged pwm before sending the move key/protocol command; e=stop.,0.68881,1.85177,0,0,0,4.18701,0.18989,11.31123,0.68896,0.00012,11.311,0.689,0.689,0.00559,0,0.1899,0,0,7.40914,2.75599,0.3116,0.2871,1,False,running
4c5679641a,formation_4_gate_rejoin,12,2.4,1784464400,completion_astar,finish_first,r02,r02,True,center,member,local,2,2,0.89915,-0.20588,0.02417,0.31159,0.01907,816,824,-6,377,0,0,0000,---,False,0.31148,0.00846,0.31159,0.01907,1.13381,-0.19932,cached_path_to_final_target,w,"$1,0,0,0,0,0,0,0,0#",16000,16000,Set tank.c app_speed/duty level to the logged pwm before sending the move key/protocol command; e=stop.,0.68918,1.85288,0,0,0,3.76682,0.18995,11.31086,0.68896,0.00012,11.311,0.689,0.689,0.00559,0,0.1899,0,0,7.40914,2.75599,0.3116,0.2871,1,False,running
4c5679641a,formation_4_gate_rejoin,12,2.4,1784464400,completion_astar,finish_first,r03,r03,True,center,member,local,0,2,0.47877,0.20608,-0.023,0.31159,-0.01815,824,816,0,-1,0,0,0000,---,False,0.3115,-0.00806,0.31159,-0.01815,0.71383,0.19982,cached_path_to_final_target,w,"$1,0,0,0,0,0,0,0,0#",16000,16000,Set tank.c app_speed/duty level to the logged pwm before sending the move key/protocol command; e=stop.,0.68881,1.85174,0,0,0,4.18699,0.18989,11.31123,0.68896,0.00012,11.311,0.689,0.689,0.00559,0,0.1899,0,0,7.40914,2.75599,0.3116,0.2871,1,False,running
4c5679641a,formation_4_gate_rejoin,12,2.4,1784464400,completion_astar,finish_first,r04,r04,True,center,member,local,2,2,0.89915,0.20611,-0.02283,0.31159,-0.01801,824,816,6,377,0,0,0000,---,False,0.3115,-0.00799,0.31159,-0.01801,1.13383,0.19991,cached_path_to_final_target,w,"$1,0,0,0,0,0,0,0,0#",16000,16000,Set tank.c app_speed/duty level to the logged pwm before sending the move key/protocol command; e=stop.,0.68919,1.85275,0,0,0,3.76681,0.18995,11.31085,0.68896,0.00012,11.311,0.689,0.689,0.00559,0,0.1899,0,0,7.40914,2.75599,0.3116,0.2871,1,False,running
4c5679641a,formation_4_gate_rejoin,13,2.6,1784464600,completion_astar,finish_first,r01,r01,True,center,member,local,0,2,0.54107,-0.2042,0.0264,0.3116,0.01023,818,822,0,-1,0,0,0000,---,False,0.31148,0.00873,0.3116,0.01023,0.79078,-0.19711,path_to_final_target,w,"$1,0,0,0,0,0,0,0,0#",16000,16000,Set tank.c app_speed/duty level to the logged pwm before sending the move key/protocol command; e=stop.,0.75113,2.01711,0,0,0,4.12478,0.18669,11.24894,0.75126,0.00016,11.2487,0.7513,0.7513,0.00784,0,0.1867,0,0,8.07048,3.00527,0.3116,0.2889,1,False,running
4c5679641a,formation_4_gate_rejoin,13,2.6,1784464600,completion_astar,finish_first,r02,r02,True,center,member,local,2,2,0.96144,-0.20425,0.0262,0.3116,0.01015,818,822,-7,370,0,0,0000,---,False,0.31148,0.00866,0.3116,0.01015,1.21078,-0.19721,path_to_final_target,w,"$1,0,0,0,0,0,0,0,0#",16000,16000,Set tank.c app_speed/duty level to the logged pwm before sending the move key/protocol command; e=stop.,0.7515,2.01821,0,0,0,3.70461,0.18678,11.24856,0.75126,0.00016,11.2487,0.7513,0.7513,0.00784,0,0.1867,0,0,8.07048,3.00527,0.3116,0.2889,1,False,running
4c5679641a,formation_4_gate_rejoin,13,2.6,1784464600,completion_astar,finish_first,r03,r03,True,center,member,local,0,2,0.54107,0.20453,-0.02493,0.3116,-0.00966,822,818,0,-1,0,0,0000,---,False,0.31149,-0.00824,0.3116,-0.00966,0.7908,0.19782,path_to_final_target,w,"$1,0,0,0,0,0,0,0,0#",16000,16000,Set tank.c app_speed/duty level to the logged pwm before sending the move key/protocol command; e=stop.,0.75113,2.01707,0,0,0,4.12477,0.18669,11.24893,0.75126,0.00016,11.2487,0.7513,0.7513,0.00784,0,0.1867,0,0,8.07048,3.00527,0.3116,0.2889,1,False,running
4c5679641a,formation_4_gate_rejoin,13,2.6,1784464600,completion_astar,finish_first,r04,r04,True,center,member,local,2,2,0.96145,0.20457,-0.02474,0.3116,-0.00959,822,818,6,370,0,0,0000,---,False,0.31149,-0.00818,0.3116,-0.00959,1.21081,0.19793,path_to_final_target,w,"$1,0,0,0,0,0,0,0,0#",16000,16000,Set tank.c app_speed/duty level to the logged pwm before sending the move key/protocol command; e=stop.,0.75151,2.01808,0,0,0,3.70459,0.18678,11.24855,0.75126,0.00016,11.2487,0.7513,0.7513,0.00784,0,0.1867,0,0,8.07048,3.00527,0.3116,0.2889,1,False,running
4c5679641a,formation_4_gate_rejoin,14,2.8,1784464800,completion_astar,finish_first,r01,r01,True,center,member,local,0,2,0.60336,-0.2025,0.02738,0.3116,0.00489,819,821,0,-1,0,0,0000,---,False,0.31148,0.00877,0.3116,0.00489,0.86775,-0.195,cached_path_to_final_target,w,"$1,0,0,0,0,0,0,0,0#",16000,16000,Set tank.c app_speed/duty level to the logged pwm before sending the move key/protocol command; e=stop.,0.81345,2.18241,0,0,0,4.06257,0.18338,11.18664,0.81356,0.00021,11.1864,0.8136,0.8136,0.01016,0,0.1834,0,0,8.73167,3.25455,0.3116,0.2906,1,False,running
4c5679641a,formation_4_gate_rejoin,14,2.8,1784464800,completion_astar,finish_first,r02,r02,True,center,member,local,2,2,1.02374,-0.20255,0.02717,0.3116,0.00485,819,821,-7,364,0,0,0000,---,False,0.31148,0.0087,0.3116,0.00485,1.28775,-0.19513,cached_path_to_final_target,w,"$1,0,0,0,0,0,0,0,0#",16000,16000,Set tank.c app_speed/duty level to the logged pwm before sending the move key/protocol command; e=stop.,0.81382,2.18351,0,0,0,3.64241,0.18349,11.18626,0.81356,0.00021,11.1864,0.8136,0.8136,0.01016,0,0.1834,0,0,8.73167,3.25455,0.3116,0.2906,1,False,running
4c5679641a,formation_4_gate_rejoin,14,2.8,1784464800,completion_astar,finish_first,r03,r03,True,center,member,local,0,2,0.60337,0.20292,-0.02586,0.3116,-0.00462,821,819,0,-1,0,0,0000,---,False,0.31149,-0.00828,0.3116,-0.00462,0.86778,0.19584,cached_path_to_final_target,w,"$1,0,0,0,0,0,0,0,0#",16000,16000,Set tank.c app_speed/duty level to the logged pwm before sending the move key/protocol command; e=stop.,0.81345,2.18237,0,0,0,4.06254,0.18338,11.18663,0.81356,0.00021,11.1864,0.8136,0.8136,0.01016,0,0.1834,0,0,8.73167,3.25455,0.3116,0.2906,1,False,running
4c5679641a,formation_4_gate_rejoin,14,2.8,1784464800,completion_astar,finish_first,r04,r04,True,center,member,local,2,2,1.02375,0.20297,-0.02566,0.3116,-0.00458,821,819,7,364,0,0,0000,---,False,0.31149,-0.00822,0.3116,-0.00458,1.28778,0.19596,cached_path_to_final_target,w,"$1,0,0,0,0,0,0,0,0#",16000,16000,Set tank.c app_speed/duty level to the logged pwm before sending the move key/protocol command; e=stop.,0.81383,2.18337,0,0,0,3.64238,0.18349,11.18625,0.81356,0.00021,11.1864,0.8136,0.8136,0.01016,0,0.1834,0,0,8.73167,3.25455,0.3116,0.2906,1,False,running
4c5679641a,formation_4_gate_rejoin,15,3.0,1784465000,completion_astar,finish_first,r01,r01,True,center,member,local,2,2,0.66566,-0.20077,0.02779,0.3116,0.00202,820,820,-6,400,0,0,0000,---,False,0.31148,0.00876,0.3116,0.00202,0.94472,-0.1929,cached_path_to_final_target,w,"$1,0,0,0,0,0,0,0,0#",16000,16000,Set tank.c app_speed/duty level to the logged pwm before sending the move key/protocol command; e=stop.,0.87577,2.34769,0,0,0,4.00035,0.18001,11.12434,0.87585,0.00026,11.1241,0.8759,0.8759,0.01251,0,0.18,0,0,9.39277,3.50383,0.3116,0.292,1,False,running
4c5679641a,formation_4_gate_rejoin,15,3.0,1784465000,completion_astar,finish_first,r02,r02,True,center,member,local,2,2,1.08604,-0.20084,0.02758,0.3116,0.00201,820,820,-7,358,0,0,0000,---,False,0.31148,0.00869,0.3116,0.00201,1.36473,-0.19304,cached_path_to_final_target,w,"$1,0,0,0,0,0,0,0,0#",16000,16000,Set tank.c app_speed/duty level to the logged pwm before sending the move key/protocol command; e=stop.,0.87614,2.34879,0,0,0,3.58021,0.18015,11.12397,0.87585,0.00026,11.1241,0.8759,0.8759,0.01251,0,0.18,0,0,9.39277,3.50383,0.3116,0.292,1,False,running
4c5679641a,formation_4_gate_rejoin,15,3.0,1784465000,completion_astar,finish_first,r03,r03,True,center,member,local,2,2,0.66567,0.20128,-0.02624,0.3116,-0.00191,820,820,6,400,0,0,0000,---,False,0.31149,-0.00827,0.3116,-0.00191,0.94475,0.19385,cached_path_to_final_target,w,"$1,0,0,0,0,0,0,0,0#",16000,16000,Set tank.c app_speed/duty level to the logged pwm before sending the move key/protocol command; e=stop.,0.87577,2.34764,0,0,0,4.00033,0.18001,11.12433,0.87585,0.00026,11.1241,0.8759,0.8759,0.01251,0,0.18,0,0,9.39277,3.50383,0.3116,0.292,1,False,running
4c5679641a,formation_4_gate_rejoin,15,3.0,1784465000,completion_astar,finish_first,r04,r04,True,center,member,local,2,2,1.08605,0.20135,-0.02604,0.3116,-0.00189,820,820,7,358,0,0,0000,---,False,0.31149,-0.00821,0.3116,-0.00189,1.36476,0.19398,cached_path_to_final_target,w,"$1,0,0,0,0,0,0,0,0#",16000,16000,Set tank.c app_speed/duty level to the logged pwm before sending the move key/protocol command; e=stop.,0.87615,2.34865,0,0,0,3.58017,0.18015,11.12395,0.87585,0.00026,11.1241,0.8759,0.8759,0.01251,0,0.18,0,0,9.39277,3.50383,0.3116,0.292,1,False,running
4c5679641a,formation_4_gate_rejoin,16,3.2,1784465200,completion_astar,finish_first,r01,r01,True,center,member,local,2,2,0.72795,-0.19903,0.02791,0.3116,0.00064,820,820,-6,394,0,0,0000,---,False,0.31148,0.00873,0.3116,0.00064,1.02169,-0.19079,cached_path_to_final_target,w,"$1,0,0,0,0,0,0,0,0#",16000,16000,Set tank.c app_speed/duty level to the logged pwm before sending the move key/protocol command; e=stop.,0.93809,2.51295,0,0,0,3.93815,0.17663,11.06205,0.93815,0.0003,11.0618,0.9382,0.9382,0.01488,0,0.1766,0,0,10.0538,3.75311,0.3116,0.2932,1,False,running
4c5679641a,formation_4_gate_rejoin,16,3.2,1784465200,completion_astar,finish_first,r02,r02,True,center,member,local,2,2,1.14833,-0.19911,0.0277,0.3116,0.00063,820,820,-7,352,0,0,0000,---,False,0.31148,0.00866,0.3116,0.00063,1.4417,-0.19095,cached_path_to_final_target,w,"$1,0,0,0,0,0,0,0,0#",16000,16000,Set tank.c app_speed/duty level to the logged pwm before sending the move key/protocol command; e=stop.,0.93846,2.51405,0,0,0,3.51801,0.17679,11.06167,0.93815,0.0003,11.0618,0.9382,0.9382,0.01488,0,0.1766,0,0,10.0538,3.75311,0.3116,0.2932,1,False,running
4c5679641a,formation_4_gate_rejoin,16,3.2,1784465200,completion_astar,finish_first,r03,r03,True,center,member,local,2,2,0.72797,0.19964,-0.02636,0.3116,-0.0006,820,820,6,394,0,0,0000,---,False,0.31149,-0.00824,0.3116,-0.0006,1.02173,0.19186,cached_path_to_final_target,w,"$1,0,0,0,0,0,0,0,0#",16000,16000,Set tank.c app_speed/duty level to the logged pwm before sending the move key/protocol command; e=stop.,0.93809,2.5129,0,0,0,3.93811,0.17663,11.06203,0.93815,0.0003,11.0618,0.9382,0.9382,0.01488,0,0.1766,0,0,10.0538,3.75311,0.3116,0.2932,1,False,running
4c5679641a,formation_4_gate_rejoin,16,3.2,1784465200,completion_astar,finish_first,r04,r04,True,center,member,local,2,2,1.14835,0.19972,-0.02616,0.3116,-0.0006,820,820,7,352,0,0,0000,---,False,0.31149,-0.00818,0.3116,-0.0006,1.44173,0.19201,cached_path_to_final_target,w,"$1,0,0,0,0,0,0,0,0#",16000,16000,Set tank.c app_speed/duty level to the logged pwm before sending the move key/protocol command; e=stop.,0.93847,2.51391,0,0,0,3.51797,0.17679,11.06166,0.93815,0.0003,11.0618,0.9382,0.9382,0.01488,0,0.1766,0,0,10.0538,3.75311,0.3116,0.2932,1,False,running
4c5679641a,formation_4_gate_rejoin,17,3.4,1784465400,completion_astar,finish_first,r01,r01,True,center,member,local,2,2,0.79025,-0.19731,0.0276,0.3116,-0.00156,820,820,-7,388,0,0,0000,---,False,0.31148,0.00852,0.3116,-0.00156,1.09867,-0.18888,path_to_final_target,w,"$1,0,0,0,0,0,0,0,0#",16000,16000,Set tank.c app_speed/duty level to the logged pwm before sending the move key/protocol command; e=stop.,1.00041,2.67821,0,0,0,3.87594,0.17328,10.99976,1.00045,0.00035,10.9996,1.0004,1.0004,0.01721,0,0.1733,0,0,10.71486,4.00239,0.3116,0.2942,1,False,running
4c5679641a,formation_4_gate_rejoin,17,3.4,1784465400,completion_astar,finish_first,r02,r02,True,center,member,local,2,2,1.21063,-0.1974,0.0275,0.3116,-0.00102,820,820,-7,346,0,0,0000,---,False,0.31148,0.00852,0.3116,-0.00102,1.51867,-0.18898,path_to_final_target,w,"$1,0,0,0,0,0,0,0,0#",16000,16000,Set tank.c app_speed/duty level to the logged pwm before sending the move key/protocol command; e=stop.,1.00078,2.67931,0,0,0,3.45582,0.17346,10.99938,1.00045,0.00035,10.9996,1.0004,1.0004,0.01721,0,0.1733,0,0,10.71486,4.00239,0.3116,0.2942,1,False,running
4c5679641a,formation_4_gate_rejoin,17,3.4,1784465400,completion_astar,finish_first,r03,r03,True,center,member,local,2,2,0.79027,0.19801,-0.02607,0.3116,0.00147,820,820,6,388,0,0,0000,---,False,0.3115,-0.00805,0.3116,0.00147,1.09871,0.19006,path_to_final_target,w,"$1,0,0,0,0,0,0,0,0#",16000,16000,Set tank.c app_speed/duty level to the logged pwm before sending the move key/protocol command; e=stop.,1.00041,2.67817,0,0,0,3.8759,0.17328,10.99974,1.00045,0.00035,10.9996,1.0004,1.0004,0.01721,0,0.1733,0,0,10.71486,4.00239,0.3116,0.2942,1,False,running
4c5679641a,formation_4_gate_rejoin,17,3.4,1784465400,completion_astar,finish_first,r04,r04,True,center,member,local,2,2,1.21065,0.1981,-0.02597,0.3116,0.00096,820,820,7,346,0,0,0000,---,False,0.3115,-0.00804,0.3116,0.00096,1.51871,0.19015,path_to_final_target,w,"$1,0,0,0,0,0,0,0,0#",16000,16000,Set tank.c app_speed/duty level to the logged pwm before sending the move key/protocol command; e=stop.,1.00079,2.67917,0,0,0,3.45577,0.17346,10.99936,1.00045,0.00035,10.9996,1.0004,1.0004,0.01721,0,0.1733,0,0,10.71486,4.00239,0.3116,0.2942,1,False,running
4c5679641a,formation_4_gate_rejoin,18,3.6,1784465600,completion_astar,finish_first,r01,r01,True,center,member,local,2,2,0.85255,-0.19561,0.02723,0.3116,-0.00185,820,820,-7,381,0,0,0000,---,False,0.31149,0.00839,0.3116,-0.00185,1.17564,-0.18692,cached_path_to_final_target,w,"$1,0,0,0,0,0,0,0,0#",16000,16000,Set tank.c app_speed/duty level to the logged pwm before sending the move key/protocol command; e=stop.,1.06273,2.84346,0,0,0,3.81374,0.16998,10.93746,1.06275,0.0004,10.9373,1.0627,1.0627,0.01952,0,0.17,0,0,11.37586,4.25167,0.3116,0.2952,1,False,running
4c5679641a,formation_4_gate_rejoin,18,3.6,1784465600,completion_astar,finish_first,r02,r02,True,center,member,local,2,2,1.27293,-0.1957,0.02724,0.3116,-0.00128,820,820,-7,339,0,0,0000,---,False,0.31149,0.00843,0.3116,-0.00128,1.59565,-0.18698,cached_path_to_final_target,w,"$1,0,0,0,0,0,0,0,0#",16000,16000,Set tank.c app_speed/duty level to the logged pwm before sending the move key/protocol command; e=stop.,1.0631,2.84456,0,0,0,3.39363,0.17016,10.93708,1.06275,0.0004,10.9373,1.0627,1.0627,0.01952,0,0.17,0,0,11.37586,4.25167,0.3116,0.2952,1,False,running
4c5679641a,formation_4_gate_rejoin,18,3.6,1784465600,completion_astar,finish_first,r03,r03,True,center,member,local,2,2,0.85257,0.19641,-0.02572,0.3116,0.00174,820,820,7,381,0,0,0000,---,False,0.3115,-0.00793,0.3116,0.00174,1.17568,0.18821,cached_path_to_final_target,w,"$1,0,0,0,0,0,0,0,0#",16000,16000,Set tank.c app_speed/duty level to the logged pwm before sending the move key/protocol command; e=stop.,1.06273,2.84342,0,0,0,3.81369,0.16998,10.93744,1.06275,0.0004,10.9373,1.0627,1.0627,0.01952,0,0.17,0,0,11.37586,4.25167,0.3116,0.2952,1,False,running
4c5679641a,formation_4_gate_rejoin,18,3.6,1784465600,completion_astar,finish_first,r04,r04,True,center,member,local,2,2,1.27295,0.19649,-0.02573,0.3116,0.0012,820,820,7,339,0,0,0000,---,False,0.3115,-0.00796,0.3116,0.0012,1.59569,0.18826,cached_path_to_final_target,w,"$1,0,0,0,0,0,0,0,0#",16000,16000,Set tank.c app_speed/duty level to the logged pwm before sending the move key/protocol command; e=stop.,1.06311,2.84442,0,0,0,3.39358,0.17016,10.93706,1.06275,0.0004,10.9373,1.0627,1.0627,0.01952,0,0.17,0,0,11.37586,4.25167,0.3116,0.2952,1,False,running
4c5679641a,formation_4_gate_rejoin,19,3.8,1784465800,completion_astar,finish_first,r01,r01,True,center,member,local,2,2,0.91485,-0.19393,0.02694,0.3116,-0.00148,820,820,-7,375,0,0,0000,---,False,0.31149,0.00832,0.3116,-0.00148,1.25262,-0.18492,cached_path_to_final_target,w,"$1,0,0,0,0,0,0,0,0#",16000,16000,Set tank.c app_speed/duty level to the logged pwm before sending the move key/protocol command; e=stop.,1.12505,3.00871,0,0,0,3.75153,0.16672,10.87517,1.12505,0.00045,10.875,1.125,1.125,0.02181,0,0.1667,0,0,12.03686,4.50095,0.3116,0.2961,1,False,running
4c5679641a,formation_4_gate_rejoin,19,3.8,1784465800,completion_astar,finish_first,r02,r02,True,center,member,local,2,2,1.33522,-0.19401,0.02704,0.3116,-0.00104,820,820,-7,333,0,0,0000,---,False,0.31149,0.00837,0.3116,-0.00104,1.67262,-0.18495,cached_path_to_final_target,w,"$1,0,0,0,0,0,0,0,0#",16000,16000,Set tank.c app_speed/duty level to the logged pwm before sending the move key/protocol command; e=stop.,1.12542,3.00981,0,0,0,3.33145,0.16688,10.87479,1.12505,0.00045,10.875,1.125,1.125,0.02181,0,0.1667,0,0,12.03686,4.50095,0.3116,0.2961,1,False,running
4c5679641a,formation_4_gate_rejoin,19,3.8,1784465800,completion_astar,finish_first,r03,r03,True,center,member,local,2,2,0.91487,0.19483,-0.02544,0.3116,0.00139,820,820,7,375,0,0,0000,---,False,0.3115,-0.00786,0.3116,0.00139,1.25266,0.18632,cached_path_to_final_target,w,"$1,0,0,0,0,0,0,0,0#",16000,16000,Set tank.c app_speed/duty level to the logged pwm before sending the move key/protocol command; e=stop.,1.12505,3.00867,0,0,0,3.75148,0.16672,10.87514,1.12505,0.00045,10.875,1.125,1.125,0.02181,0,0.1667,0,0,12.03686,4.50095,0.3116,0.2961,1,False,running
4c5679641a,formation_4_gate_rejoin,19,3.8,1784465800,completion_astar,finish_first,r04,r04,True,center,member,local,2,2,1.33525,0.1949,-0.02553,0.3116,0.00098,820,820,7,333,0,0,0000,---,False,0.3115,-0.00791,0.3116,0.00098,1.67266,0.18635,cached_path_to_final_target,w,"$1,0,0,0,0,0,0,0,0#",16000,16000,Set tank.c app_speed/duty level to the logged pwm before sending the move key/protocol command; e=stop.,1.12543,3.00967,0,0,0,3.33139,0.16688,10.87476,1.12505,0.00045,10.875,1.125,1.125,0.02181,0,0.1667,0,0,12.03686,4.50095,0.3116,0.2961,1,False,running
4c5679641a,formation_4_gate_rejoin,20,4.0,1784466000,completion_astar,finish_first,r01,r01,True,center,member,local,2,2,0.97714,-0.19226,0.02674,0.3116,-0.001,820,820,-7,369,0,0,0000,---,False,0.31149,0.00828,0.3116,-0.001,1.32959,-0.1829,cached_path_to_final_target,w,"$1,0,0,0,0,0,0,0,0#",16000,16000,Set tank.c app_speed/duty level to the logged pwm before sending the move key/protocol command; e=stop.,1.18737,3.17397,0,0,0,3.68934,0.16348,10.81287,1.18734,0.00049,10.8127,1.1873,1.1873,0.02407,0,0.1635,0,0,12.69786,4.75023,0.3116,0.2968,1,False,running
4c5679641a,formation_4_gate_rejoin,20,4.0,1784466000,completion_astar,finish_first,r02,r02,True,center,member,local,2,2,1.39752,-0.19234,0.02689,0.3116,-0.00071,820,820,-7,327,0,0,0000,---,False,0.31149,0.00834,0.3116,-0.00071,1.74959,-0.18291,cached_path_to_final_target,w,"$1,0,0,0,0,0,0,0,0#",16000,16000,Set tank.c app_speed/duty level to the logged pwm before sending the move key/protocol command; e=stop.,1.18774,3.17506,0,0,0,3.26927,0.16362,10.81249,1.18734,0.00049,10.8127,1.1873,1.1873,0.02407,0,0.1635,0,0,12.69786,4.75023,0.3116,0.2968,1,False,running
4c5679641a,formation_4_gate_rejoin,20,4.0,1784466000,completion_astar,finish_first,r03,r03,True,center,member,local,2,2,0.97717,0.19325,-0.02525,0.3116,0.00094,820,820,7,369,0,0,0000,---,False,0.3115,-0.00782,0.3116,0.00094,1.32964,0.18441,cached_path_to_final_target,w,"$1,0,0,0,0,0,0,0,0#",16000,16000,Set tank.c app_speed/duty level to the logged pwm before sending the move key/protocol command; e=stop.,1.18737,3.17392,0,0,0,3.68927,0.16348,10.81284,1.18734,0.00049,10.8127,1.1873,1.1873,0.02407,0,0.1635,0,0,12.69786,4.75023,0.3116,0.2968,1,False,running
4c5679641a,formation_4_gate_rejoin,20,4.0,1784466000,completion_astar,finish_first,r04,r04,True,center,member,local,2,2,1.39755,0.19332,-0.0254,0.3116,0.00067,820,820,7,327,0,0,0000,---,False,0.3115,-0.00788,0.3116,0.00067,1.74964,0.18442,cached_path_to_final_target,w,"$1,0,0,0,0,0,0,0,0#",16000,16000,Set tank.c app_speed/duty level to the logged pwm before sending the move key/protocol command; e=stop.,1.18775,3.17492,0,0,0,3.2692,0.16362,10.81247,1.18734,0.00049,10.8127,1.1873,1.1873,0.02407,0,0.1635,0,0,12.69786,4.75023,0.3116,0.2968,1,False,running
4c5679641a,formation_4_gate_rejoin,21,4.2,1784466200,completion_astar,finish_first,r01,r01,True,center,member,local,2,2,1.03944,-0.19062,0.02639,0.3116,-0.00175,820,820,-7,363,0,0,0000,---,False,0.31149,0.00814,0.3116,-0.00175,1.40657,-0.18105,path_to_final_target,w,"$1,0,0,0,0,0,0,0,0#",16000,16000,Set tank.c app_speed/duty level to the logged pwm before sending the move key/protocol command; e=stop.,1.24969,3.33922,0,0,0,3.62714,0.16028,10.75058,1.24964,0.00054,10.7504,1.2496,1.2496,0.02631,0,0.1603,0,0,13.35888,4.99951,0.3116,0.2975,1,False,running
4c5679641a,formation_4_gate_rejoin,21,4.2,1784466200,completion_astar,finish_first,r02,r02,True,center,member,local,2,2,1.45982,-0.19068,0.02658,0.3116,-0.00159,820,820,-7,321,0,0,0000,---,False,0.31149,0.0082,0.3116,-0.00159,1.82657,-0.18104,path_to_final_target,w,"$1,0,0,0,0,0,0,0,0#",16000,16000,Set tank.c app_speed/duty level to the logged pwm before sending the move key/protocol command; e=stop.,1.25006,3.34031,0,0,0,3.20709,0.1604,10.7502,1.24964,0.00054,10.7504,1.2496,1.2496,0.02631,0,0.1603,0,0,13.35888,4.99951,0.3116,0.2975,1,False,running
4c5679641a,formation_4_gate_rejoin,21,4.2,1784466200,completion_astar,finish_first,r03,r03,True,center,member,local,2,2,1.03947,0.1917,-0.02492,0.3116,0.00165,820,820,7,363,0,0,0000,---,False,0.31151,-0.00768,0.3116,0.00165,1.40662,0.18266,path_to_final_target,w,"$1,0,0,0,0,0,0,0,0#",16000,16000,Set tank.c app_speed/duty level to the logged pwm before sending the move key/protocol command; e=stop.,1.24969,3.33917,0,0,0,3.62707,0.16028,10.75055,1.24964,0.00054,10.7504,1.2496,1.2496,0.02631,0,0.1603,0,0,13.35888,4.99951,0.3116,0.2975,1,False,running
4c5679641a,formation_4_gate_rejoin,21,4.2,1784466200,completion_astar,finish_first,r04,r04,True,center,member,local,2,2,1.45985,0.19176,-0.0251,0.3116,0.00151,820,820,7,321,0,0,0000,---,False,0.3115,-0.00775,0.3116,0.00151,1.82662,0.18265,path_to_final_target,w,"$1,0,0,0,0,0,0,0,0#",16000,16000,Set tank.c app_speed/duty level to the logged pwm before sending the move key/protocol command; e=stop.,1.25007,3.34017,0,0,0,3.20702,0.1604,10.75017,1.24964,0.00054,10.7504,1.2496,1.2496,0.02631,0,0.1603,0,0,13.35888,4.99951,0.3116,0.2975,1,False,running
4c5679641a,formation_4_gate_rejoin,22,4.4,1784466400,completion_astar,finish_first,r01,r01,True,center,member,local,2,2,1.10174,-0.18899,0.02609,0.3116,-0.00149,820,820,-7,356,0,0,0000,---,False,0.3115,0.00806,0.3116,-0.00149,1.48355,-0.17913,cached_path_to_final_target,w,"$1,0,0,0,0,0,0,0,0#",16000,16000,Set tank.c app_speed/duty level to the logged pwm before sending the move key/protocol command; e=stop.,1.31201,3.50447,0,0,0,3.56495,0.15712,10.68828,1.31194,0.00058,10.6881,1.3119,1.3119,0.02851,0,0.1571,0,0,14.01987,5.24879,0.3116,0.2982,1,False,running
4c5679641a,formation_4_gate_rejoin,22,4.4,1784466400,completion_astar,finish_first,r02,r02,True,center,member,local,2,2,1.52212,-0.18904,0.02629,0.3116,-0.00141,820,820,-8,314,0,0,0000,---,False,0.31149,0.00812,0.3116,-0.00141,1.90355,-0.17911,cached_path_to_final_target,w,"$1,0,0,0,0,0,0,0,0#",16000,16000,Set tank.c app_speed/duty level to the logged pwm before sending the move key/protocol command; e=stop.,1.31238,3.50556,0,0,0,3.14492,0.15722,10.6879,1.31194,0.00058,10.6881,1.3119,1.3119,0.02851,0,0.1571,0,0,14.01987,5.24879,0.3116,0.2982,1,False,running
4c5679641a,formation_4_gate_rejoin,22,4.4,1784466400,completion_astar,finish_first,r03,r03,True,center,member,local,2,2,1.10177,0.19016,-0.02464,0.3116,0.00141,820,820,7,356,0,0,0000,---,False,0.31151,-0.00761,0.3116,0.00141,1.4836,0.18085,cached_path_to_final_target,w,"$1,0,0,0,0,0,0,0,0#",16000,16000,Set tank.c app_speed/duty level to the logged pwm before sending the move key/protocol command; e=stop.,1.31201,3.50442,0,0,0,3.56487,0.15712,10.68825,1.31194,0.00058,10.6881,1.3119,1.3119,0.02851,0,0.1571,0,0,14.01987,5.24879,0.3116,0.2982,1,False,running
4c5679641a,formation_4_gate_rejoin,22,4.4,1784466400,completion_astar,finish_first,r04,r04,True,center,member,local,2,2,1.52215,0.19021,-0.02483,0.3116,0.00133,820,820,7,314,0,0,0000,---,False,0.31151,-0.00767,0.3116,0.00133,1.9036,0.18083,cached_path_to_final_target,w,"$1,0,0,0,0,0,0,0,0#",16000,16000,Set tank.c app_speed/duty level to the logged pwm before sending the move key/protocol command; e=stop.,1.31239,3.50542,0,0,0,3.14484,0.15722,10.68787,1.31194,0.00058,10.6881,1.3119,1.3119,0.02851,0,0.1571,0,0,14.01987,5.24879,0.3116,0.2982,1,False,running
4c5679641a,formation_4_gate_rejoin,23,4.6,1784466600,completion_astar,finish_first,r01,r01,True,center,member,local,2,2,1.16404,-0.18738,0.02589,0.3116,-0.00101,820,820,-7,350,0,0,0000,---,False,0.3115,0.00802,0.3116,-0.00101,1.56052,-0.17719,cached_path_to_final_target,w,"$1,0,0,0,0,0,0,0,0#",16000,16000,Set tank.c app_speed/duty level to the logged pwm before sending the move key/protocol command; e=stop.,1.37433,3.66972,0,0,0,3.50276,0.15399,10.62599,1.37424,0.00063,10.6258,1.3742,1.3742,0.0307,0,0.154,0,0,14.68088,5.49807,0.3116,0.2987,1,False,running
4c5679641a,formation_4_gate_rejoin,23,4.6,1784466600,completion_astar,finish_first,r02,r02,True,center,member,local,2,2,1.58442,-0.18742,0.0261,0.3116,-0.00097,820,820,-8,308,0,0,0000,---,False,0.3115,0.00808,0.3116,-0.00097,1.98052,-0.17715,cached_path_to_final_target,w,"$1,0,0,0,0,0,0,0,0#",16000,16000,Set tank.c app_speed/duty level to the logged pwm before sending the move key/protocol command; e=stop.,1.3747,3.67081,0,0,0,3.08275,0.15406,10.62561,1.37424,0.00063,10.6258,1.3742,1.3742,0.0307,0,0.154,0,0,14.68088,5.49807,0.3116,0.2987,1,False,running
4c5679641a,formation_4_gate_rejoin,23,4.6,1784466600,completion_astar,finish_first,r03,r03,True,center,member,local,2,2,1.16407,0.18864,-0.02445,0.3116,0.00095,820,820,7,350,0,0,0000,---,False,0.31151,-0.00757,0.3116,0.00095,1.56057,0.17901,cached_path_to_final_target,w,"$1,0,0,0,0,0,0,0,0#",16000,16000,Set tank.c app_speed/duty level to the logged pwm before sending the move key/protocol command; e=stop.,1.37433,3.66967,0,0,0,3.50268,0.15399,10.62595,1.37424,0.00063,10.6258,1.3742,1.3742,0.0307,0,0.154,0,0,14.68088,5.49807,0.3116,0.2987,1,False,running
4c5679641a,formation_4_gate_rejoin,23,4.6,1784466600,completion_astar,finish_first,r04,r04,True,center,member,local,2,2,1.58445,0.18867,-0.02464,0.3116,0.00092,820,820,8,308,0,0,0000,---,False,0.31151,-0.00763,0.3116,0.00092,1.98057,0.17898,cached_path_to_final_target,w,"$1,0,0,0,0,0,0,0,0#",16000,16000,Set tank.c app_speed/duty level to the logged pwm before sending the move key/protocol command; e=stop.,1.37471,3.67067,0,0,0,3.08266,0.15406,10.62557,1.37424,0.00063,10.6258,1.3742,1.3742,0.0307,0,0.154,0,0,14.68088,5.49807,0.3116,0.2987,1,False,running
4c5679641a,formation_4_gate_rejoin,24,4.8,1784466800,completion_astar,finish_first,r01,r01,True,center,member,local,2,2,1.22634,-0.18578,0.02577,0.3116,-0.00059,820,820,-7,344,0,0,0000,---,False,0.3115,0.008,0.3116,-0.00059,1.6375,-0.17522,cached_path_to_final_target,w,"$1,0,0,0,0,0,0,0,0#",16000,16000,Set tank.c app_speed/duty level to the logged pwm before sending the move key/protocol command; e=stop.,1.43665,3.83497,0,0,0,3.44057,0.15086,10.56369,1.43654,0.00067,10.5635,1.4365,1.4365,0.03287,0,0.1509,0,0,15.34188,5.74735,0.3116,0.2993,1,False,running
4c5679641a,formation_4_gate_rejoin,24,4.8,1784466800,completion_astar,finish_first,r02,r02,True,center,member,local,2,2,1.64672,-0.1858,0.02598,0.3116,-0.00058,820,820,-8,302,0,0,0000,---,False,0.3115,0.00807,0.3116,-0.00058,2.0575,-0.17517,cached_path_to_final_target,w,"$1,0,0,0,0,0,0,0,0#",16000,16000,Set tank.c app_speed/duty level to the logged pwm before sending the move key/protocol command; e=stop.,1.43702,3.83606,0,0,0,3.02059,0.15091,10.56331,1.43654,0.00067,10.5635,1.4365,1.4365,0.03287,0,0.1509,0,0,15.34188,5.74735,0.3116,0.2993,1,False,running
4c5679641a,formation_4_gate_rejoin,24,4.8,1784466800,completion_astar,finish_first,r03,r03,True,center,member,local,2,2,1.22637,0.18712,-0.02434,0.3116,0.00056,820,820,7,344,0,0,0000,---,False,0.31151,-0.00756,0.3116,0.00056,1.63755,0.17716,cached_path_to_final_target,w,"$1,0,0,0,0,0,0,0,0#",16000,16000,Set tank.c app_speed/duty level to the logged pwm before sending the move key/protocol command; e=stop.,1.43665,3.83492,0,0,0,3.44048,0.15086,10.56365,1.43654,0.00067,10.5635,1.4365,1.4365,0.03287,0,0.1509,0,0,15.34188,5.74735,0.3116,0.2993,1,False,running
4c5679641a,formation_4_gate_rejoin,24,4.8,1784466800,completion_astar,finish_first,r04,r04,True,center,member,local,2,2,1.64675,0.18715,-0.02454,0.3116,0.00055,820,820,8,302,0,0,0000,---,False,0.31151,-0.00762,0.3116,0.00055,2.05755,0.17711,cached_path_to_final_target,w,"$1,0,0,0,0,0,0,0,0#",16000,16000,Set tank.c app_speed/duty level to the logged pwm before sending the move key/protocol command; e=stop.,1.43703,3.83592,0,0,0,3.02049,0.15091,10.56327,1.43654,0.00067,10.5635,1.4365,1.4365,0.03287,0,0.1509,0,0,15.34188,5.74735,0.3116,0.2993,1,False,running
4c5679641a,formation_4_gate_rejoin,25,5.0,1784467000,completion_astar,finish_first,r01,r01,True,center,member,local,2,2,1.28864,-0.18419,0.02543,0.3116,-0.0017,820,820,-7,338,0,0,0000,---,False,0.3115,0.00784,0.3116,-0.0017,1.71448,-0.17349,path_to_final_target,w,"$1,0,0,0,0,0,0,0,0#",16000,16000,Set tank.c app_speed/duty level to the logged pwm before sending the move key/protocol command; e=stop.,1.49897,4.00023,0,0,0,3.37839,0.14778,10.50139,1.49885,0.00072,10.5012,1.4988,1.4988,0.03501,0,0.1478,0,0,16.00291,5.99663,0.3116,0.2998,1,False,running
4c5679641a,formation_4_gate_rejoin,25,5.0,1784467000,completion_astar,finish_first,r02,r02,True,center,member,local,2,2,1.70901,-0.1842,0.02564,0.3116,-0.00172,820,820,-8,296,0,0,0000,---,False,0.3115,0.0079,0.3116,-0.00172,2.13448,-0.17342,path_to_final_target,w,"$1,0,0,0,0,0,0,0,0#",16000,16000,Set tank.c app_speed/duty level to the logged pwm before sending the move key/protocol command; e=stop.,1.49934,4.00132,0,0,0,2.95843,0.1478,10.50102,1.49885,0.00072,10.5012,1.4988,1.4988,0.03501,0,0.1478,0,0,16.00291,5.99663,0.3116,0.2998,1,False,running
4c5679641a,formation_4_gate_rejoin,25,5.0,1784467000,completion_astar,finish_first,r03,r03,True,center,member,local,2,2,1.28868,0.18563,-0.02401,0.3116,0.00161,820,820,7,338,0,0,0000,---,False,0.31151,-0.0074,0.3116,0.00161,1.71453,0.17552,path_to_final_target,w,"$1,0,0,0,0,0,0,0,0#",16000,16000,Set tank.c app_speed/duty level to the logged pwm before sending the move key/protocol command; e=stop.,1.49897,4.00018,0,0,0,3.37829,0.14778,10.50135,1.49885,0.00072,10.5012,1.4988,1.4988,0.03501,0,0.1478,0,0,16.00291,5.99663,0.3116,0.2998,1,False,running
4c5679641a,formation_4_gate_rejoin,25,5.0,1784467000,completion_astar,finish_first,r04,r04,True,center,member,local,2,2,1.70905,0.18564,-0.02421,0.3116,0.00162,820,820,8,296,0,0,0000,---,False,0.31151,-0.00746,0.3116,0.00162,2.13453,0.17546,path_to_final_target,w,"$1,0,0,0,0,0,0,0,0#",16000,16000,Set tank.c app_speed/duty level to the logged pwm before sending the move key/protocol command; e=stop.,1.49935,4.00118,0,0,0,2.95833,0.1478,10.50098,1.49885,0.00072,10.5012,1.4988,1.4988,0.03501,0,0.1478,0,0,16.00291,5.99663,0.3116,0.2998,1,False,running
4c5679641a,formation_4_gate_rejoin,26,5.2,1784467200,completion_astar,finish_first,r01,r01,True,center,member,local,2,2,1.35094,-0.18262,0.02516,0.3116,-0.00137,820,820,-7,332,0,0,0000,---,False,0.3115,0.00777,0.3116,-0.00137,1.79145,-0.17165,cached_path_to_final_target,w,"$1,0,0,0,0,0,0,0,0#",16000,16000,Set tank.c app_speed/duty level to the logged pwm before sending the move key/protocol command; e=stop.,1.56129,4.16548,0,0,0,3.31621,0.14473,10.4391,1.56115,0.00076,10.4389,1.5611,1.5611,0.03713,0,0.1447,0,0,16.6639,6.24591,0.3116,0.3002,1,False,running
4c5679641a,formation_4_gate_rejoin,26,5.2,1784467200,completion_astar,finish_first,r02,r02,True,center,member,local,2,2,1.77131,-0.18262,0.02536,0.3116,-0.00139,820,820,-8,290,0,0,0000,---,False,0.3115,0.00783,0.3116,-0.00139,2.21145,-0.17156,cached_path_to_final_target,w,"$1,0,0,0,0,0,0,0,0#",16000,16000,Set tank.c app_speed/duty level to the logged pwm before sending the move key/protocol command; e=stop.,1.56166,4.16657,0,0,0,2.89628,0.14473,10.43872,1.56115,0.00076,10.4389,1.5611,1.5611,0.03713,0,0.1447,0,0,16.6639,6.24591,0.3116,0.3002,1,False,running
4c5679641a,formation_4_gate_rejoin,26,5.2,1784467200,completion_astar,finish_first,r03,r03,True,center,member,local,2,2,1.35098,0.18415,-0.02376,0.3116,0.00129,820,820,7,332,0,0,0000,---,False,0.31151,-0.00734,0.3116,0.00129,1.79151,0.17378,cached_path_to_final_target,w,"$1,0,0,0,0,0,0,0,0#",16000,16000,Set tank.c app_speed/duty level to the logged pwm before sending the move key/protocol command; e=stop.,1.56129,4.16543,0,0,0,3.31611,0.14473,10.43905,1.56115,0.00076,10.4389,1.5611,1.5611,0.03713,0,0.1447,0,0,16.6639,6.24591,0.3116,0.3002,1,False,running
4c5679641a,formation_4_gate_rejoin,26,5.2,1784467200,completion_astar,finish_first,r04,r04,True,center,member,local,2,2,1.77135,0.18414,-0.02395,0.3116,0.00131,820,820,8,290,0,0,0000,---,False,0.31151,-0.0074,0.3116,0.00131,2.21151,0.1737,cached_path_to_final_target,w,"$1,0,0,0,0,0,0,0,0#",16000,16000,Set tank.c app_speed/duty level to the logged pwm before sending the move key/protocol command; e=stop.,1.56167,4.16643,0,0,0,2.89617,0.14473,10.43868,1.56115,0.00076,10.4389,1.5611,1.5611,0.03713,0,0.1447,0,0,16.6639,6.24591,0.3116,0.3002,1,False,running
4c5679641a,formation_4_gate_rejoin,27,5.4,1784467400,completion_astar,finish_first,r01,r01,True,center,member,local,2,2,1.41324,-0.18107,0.02499,0.3116,-0.00081,820,820,-7,325,0,0,0000,---,False,0.3115,0.00775,0.3116,-0.00081,1.86843,-0.16975,cached_path_to_final_target,w,"$1,0,0,0,0,0,0,0,0#",16000,16000,Set tank.c app_speed/duty level to the logged pwm before sending the move key/protocol command; e=stop.,1.62361,4.33073,0,0,0,3.25404,0.14171,10.3768,1.62345,0.00081,10.3766,1.6234,1.6234,0.03923,0,0.1417,0,0,17.32491,6.49519,0.3116,0.3006,1,False,running
4c5679641a,formation_4_gate_rejoin,27,5.4,1784467400,completion_astar,finish_first,r02,r02,True,center,member,local,2,2,1.83361,-0.18105,0.0252,0.3116,-0.00083,820,820,-8,283,0,0,0000,---,False,0.3115,0.00781,0.3116,-0.00083,2.28843,-0.16966,cached_path_to_final_target,w,"$1,0,0,0,0,0,0,0,0#",16000,16000,Set tank.c app_speed/duty level to the logged pwm before sending the move key/protocol command; e=stop.,1.62398,4.33182,0,0,0,2.83414,0.14168,10.37643,1.62345,0.00081,10.3766,1.6234,1.6234,0.03923,0,0.1417,0,0,17.32491,6.49519,0.3116,0.3006,1,False,running
4c5679641a,formation_4_gate_rejoin,27,5.4,1784467400,completion_astar,finish_first,r03,r03,True,center,member,local,2,2,1.41328,0.18268,-0.0236,0.3116,0.00077,820,820,7,325,0,0,0000,---,False,0.31151,-0.00732,0.3116,0.00077,1.86849,0.17199,cached_path_to_final_target,w,"$1,0,0,0,0,0,0,0,0#",16000,16000,Set tank.c app_speed/duty level to the logged pwm before sending the move key/protocol command; e=stop.,1.62361,4.33068,0,0,0,3.25393,0.14171,10.37676,1.62345,0.00081,10.3766,1.6234,1.6234,0.03923,0,0.1417,0,0,17.32491,6.49519,0.3116,0.3006,1,False,running
4c5679641a,formation_4_gate_rejoin,27,5.4,1784467400,completion_astar,finish_first,r04,r04,True,center,member,local,2,2,1.83366,0.18266,-0.02379,0.3116,0.00078,820,820,8,283,0,0,0000,---,False,0.31151,-0.00738,0.3116,0.00078,2.28849,0.1719,cached_path_to_final_target,w,"$1,0,0,0,0,0,0,0,0#",16000,16000,Set tank.c app_speed/duty level to the logged pwm before sending the move key/protocol command; e=stop.,1.62399,4.33168,0,0,0,2.83401,0.14168,10.37638,1.62345,0.00081,10.3766,1.6234,1.6234,0.03923,0,0.1417,0,0,17.32491,6.49519,0.3116,0.3006,1,False,running
4c5679641a,formation_4_gate_rejoin,28,5.6,1784467600,completion_astar,finish_first,r01,r01,True,center,member,local,2,2,1.47554,-0.17951,0.02491,0.3116,-0.0004,820,820,-8,319,0,0,0000,---,False,0.3115,0.00774,0.3116,-0.0004,1.93538,-0.16809,cached_path_to_final_target,w,"$1,0,0,0,0,0,0,0,0#",16000,16000,Set tank.c app_speed/duty level to the logged pwm before sending the move key/protocol command; e=stop.,1.68593,4.49598,0,0,0,3.19187,0.13869,10.31451,1.68575,0.00085,10.3143,1.6857,1.6857,0.04132,0,0.1386,0,0,17.98591,6.74447,0.3116,0.301,1,False,running
4c5679641a,formation_4_gate_rejoin,28,5.6,1784467600,completion_astar,finish_first,r02,r02,True,center,member,local,2,2,1.89592,-0.17949,0.02511,0.3116,-0.00041,820,820,-8,277,0,0,0000,---,False,0.3115,0.0078,0.3116,-0.00041,2.35564,-0.16797,cached_path_to_final_target,w,"$1,0,0,0,0,0,0,0,0#",16000,16000,Set tank.c app_speed/duty level to the logged pwm before sending the move key/protocol command; e=stop.,1.6863,4.49707,0,0,0,2.772,0.13863,10.31413,1.68575,0.00085,10.3143,1.6857,1.6857,0.04132,0,0.1386,0,0,17.98591,6.74447,0.3116,0.301,1,False,running
4c5679641a,formation_4_gate_rejoin,28,5.6,1784467600,completion_astar,finish_first,r03,r03,True,center,member,local,2,2,1.47558,0.18121,-0.02353,0.3116,0.00038,820,820,7,319,0,0,0000,---,False,0.31151,-0.00731,0.3116,0.00038,1.93544,0.17042,cached_path_to_final_target,w,"$1,0,0,0,0,0,0,0,0#",16000,16000,Set tank.c app_speed/duty level to the logged pwm before sending the move key/protocol command; e=stop.,1.68593,4.49593,0,0,0,3.19175,0.13869,10.31446,1.68575,0.00085,10.3143,1.6857,1.6857,0.04132,0,0.1386,0,0,17.98591,6.74447,0.3116,0.301,1,False,running
4c5679641a,formation_4_gate_rejoin,28,5.6,1784467600,completion_astar,finish_first,r04,r04,True,center,member,local,2,2,1.89596,0.18118,-0.02372,0.3116,0.00039,820,820,8,277,0,0,0000,---,False,0.31151,-0.00737,0.3116,0.00039,2.3557,0.17031,cached_path_to_final_target,w,"$1,0,0,0,0,0,0,0,0#",16000,16000,Set tank.c app_speed/duty level to the logged pwm before sending the move key/protocol command; e=stop.,1.68631,4.49693,0,0,0,2.77187,0.13863,10.31408,1.68575,0.00085,10.3143,1.6857,1.6857,0.04132,0,0.1386,0,0,17.98591,6.74447,0.3116,0.301,1,False,running
4c5679641a,formation_4_gate_rejoin,29,5.8,1784467800,completion_astar,finish_first,r01,r01,True,center,member,local,2,2,1.53784,-0.17798,0.02456,0.3116,-0.00178,820,820,-8,313,0,0,0000,---,False,0.31151,0.00756,0.3116,-0.00178,1.99908,-0.1668,path_to_final_target,w,"$1,0,0,0,0,0,0,0,0#",16000,16000,Set tank.c app_speed/duty level to the logged pwm before sending the move key/protocol command; e=stop.,1.74825,4.66124,0,0,0,3.12971,0.13571,10.25221,1.74805,0.00089,10.2519,1.7481,1.7481,0.04338,0,0.1356,0,0,18.64694,6.99375,0.3116,0.3014,1,False,running
4c5679641a,formation_4_gate_rejoin,29,5.8,1784467800,completion_astar,finish_first,r02,r02,True,center,member,local,2,2,1.95822,-0.17794,0.02475,0.3116,-0.00181,820,820,-8,271,0,0,0000,---,False,0.31151,0.00762,0.3116,-0.00181,2.41942,-0.16667,path_to_final_target,w,"$1,0,0,0,0,0,0,0,0#",16000,16000,Set tank.c app_speed/duty level to the logged pwm before sending the move key/protocol command; e=stop.,1.74862,4.66233,0,0,0,2.70987,0.13562,10.25183,1.74805,0.00089,10.2519,1.7481,1.7481,0.04338,0,0.1356,0,0,18.64694,6.99375,0.3116,0.3014,1,False,running
4c5679641a,formation_4_gate_rejoin,29,5.8,1784467800,completion_astar,finish_first,r03,r03,True,center,member,local,2,2,1.53789,0.17977,-0.02319,0.3116,0.00168,820,820,8,313,0,0,0000,---,False,0.31152,-0.00714,0.3116,0.00168,1.99914,0.16921,path_to_final_target,w,"$1,0,0,0,0,0,0,0,0#",16000,16000,Set tank.c app_speed/duty level to the logged pwm before sending the move key/protocol command; e=stop.,1.74825,4.66119,0,0,0,3.12958,0.13571,10.25216,1.74805,0.00089,10.2519,1.7481,1.7481,0.04338,0,0.1356,0,0,18.64694,6.99375,0.3116,0.3014,1,False,running
4c5679641a,formation_4_gate_rejoin,29,5.8,1784467800,completion_astar,finish_first,r04,r04,True,center,member,local,2,2,1.95826,0.17971,-0.02368,0.3116,0.00018,820,820,8,271,0,0,0000,---,False,0.31151,-0.00737,0.3116,0.00018,2.41947,0.1688,path_to_final_target,w,"$1,0,0,0,0,0,0,0,0#",16000,16000,Set tank.c app_speed/duty level to the logged pwm before sending the move key/protocol command; e=stop.,1.74863,4.66218,0,0,0,2.70973,0.13562,10.25178,1.74805,0.00089,10.2519,1.7481,1.7481,0.04338,0,0.1356,0,0,18.64694,6.99375,0.3116,0.3014,1,False,running
4c5679641a,formation_4_gate_rejoin,30,6.0,1784468000,completion_astar,finish_first,r01,r01,True,center,member,local,2,2,1.60014,-0.17647,0.02431,0.3116,-0.00124,820,820,-8,307,0,0,0000,---,False,0.31151,0.00751,0.3116,-0.00124,2.0618,-0.16534,cached_path_to_final_target,w,"$1,0,0,0,0,0,0,0,0#",16000,16000,Set tank.c app_speed/duty level to the logged pwm before sending the move key/protocol command; e=stop.,1.81057,4.82649,0,0,0,3.06755,0.13277,10.18991,1.81035,0.00092,10.1896,1.8104,1.8104,0.04543,0,0.1326,0,0,19.30794,7.24303,0.3116,0.3017,1,False,running
4c5679641a,formation_4_gate_rejoin,30,6.0,1784468000,completion_astar,finish_first,r02,r02,True,center,member,local,2,2,2.02052,-0.17642,0.0245,0.3116,-0.00126,820,820,-9,265,0,0,0000,---,False,0.31151,0.00757,0.3116,-0.00126,2.48216,-0.16521,cached_path_to_final_target,w,"$1,0,0,0,0,0,0,0,0#",16000,16000,Set tank.c app_speed/duty level to the logged pwm before sending the move key/protocol command; e=stop.,1.81094,4.82759,0,0,0,2.64774,0.13261,10.18954,1.81035,0.00092,10.1896,1.8104,1.8104,0.04543,0,0.1326,0,0,19.30794,7.24303,0.3116,0.3017,1,False,running
4c5679641a,formation_4_gate_rejoin,30,6.0,1784468000,completion_astar,finish_first,r03,r03,True,center,member,local,2,2,1.60019,0.17834,-0.02296,0.3116,0.00117,820,820,8,307,0,0,0000,---,False,0.31152,-0.0071,0.3116,0.00117,2.06186,0.16783,cached_path_to_final_target,w,"$1,0,0,0,0,0,0,0,0#",16000,16000,Set tank.c app_speed/duty level to the logged pwm before sending the move key/protocol command; e=stop.,1.81057,4.82644,0,0,0,3.06741,0.13277,10.18986,1.81035,0.00092,10.1896,1.8104,1.8104,0.04543,0,0.1326,0,0,19.30794,7.24303,0.3116,0.3017,1,False,running
4c5679641a,formation_4_gate_rejoin,30,6.0,1784468000,completion_astar,finish_first,r04,r04,True,center,member,local,2,2,2.02056,0.17823,-0.02366,0.3116,8e-05,820,820,9,265,0,0,0000,---,False,0.31151,-0.00737,0.3116,8e-05,2.48222,0.16731,cached_path_to_final_target,w,"$1,0,0,0,0,0,0,0,0#",16000,16000,Set tank.c app_speed/duty level to the logged pwm before sending the move key/protocol command; e=stop.,1.81095,4.82742,0,0,0,2.6476,0.13261,10.18949,1.81035,0.00092,10.1896,1.8104,1.8104,0.04543,0,0.1326,0,0,19.30794,7.24303,0.3116,0.3017,1,False,running
4c5679641a,formation_4_gate_rejoin,31,6.2,1784468200,completion_astar,finish_first,r01,r01,True,center,member,local,2,2,1.66244,-0.17496,0.02418,0.3116,-0.00066,820,820,-8,301,0,0,0000,---,False,0.31151,0.0075,0.3116,-0.00066,2.12423,-0.16385,cached_path_to_final_target,w,"$1,0,0,0,0,0,0,0,0#",16000,16000,Set tank.c app_speed/duty level to the logged pwm before sending the move key/protocol command; e=stop.,1.87289,4.99174,0,0,0,3.0054,0.12984,10.12762,1.87266,0.00095,10.1273,1.8727,1.8727,0.04746,0,0.1296,0,0,19.96895,7.49231,0.3116,0.302,1,False,running
4c5679641a,formation_4_gate_rejoin,31,6.2,1784468200,completion_astar,finish_first,r02,r02,True,center,member,local,2,2,2.08282,-0.1749,0.02437,0.3116,-0.00067,820,820,-9,259,0,0,0000,---,False,0.31151,0.00756,0.3116,-0.00067,2.5446,-0.1637,cached_path_to_final_target,w,"$1,0,0,0,0,0,0,0,0#",16000,16000,Set tank.c app_speed/duty level to the logged pwm before sending the move key/protocol command; e=stop.,1.87326,4.99284,0,0,0,2.58563,0.12962,10.12724,1.87266,0.00095,10.1273,1.8727,1.8727,0.04746,0,0.1296,0,0,19.96895,7.49231,0.3116,0.302,1,False,running
4c5679641a,formation_4_gate_rejoin,31,6.2,1784468200,completion_astar,finish_first,r03,r03,True,center,member,local,2,2,1.66249,0.17691,-0.02283,0.3116,0.00062,820,820,8,301,0,0,0000,---,False,0.31152,-0.00708,0.3116,0.00062,2.12429,0.16642,cached_path_to_final_target,w,"$1,0,0,0,0,0,0,0,0#",16000,16000,Set tank.c app_speed/duty level to the logged pwm before sending the move key/protocol command; e=stop.,1.87289,4.9917,0,0,0,3.00525,0.12984,10.12756,1.87266,0.00095,10.1273,1.8727,1.8727,0.04746,0,0.1296,0,0,19.96895,7.49231,0.3116,0.302,1,False,running
4c5679641a,formation_4_gate_rejoin,31,6.2,1784468200,completion_astar,finish_first,r04,r04,True,center,member,local,2,2,2.08287,0.17676,-0.02366,0.3116,3e-05,820,820,9,259,0,0,0000,---,False,0.31151,-0.00737,0.3116,3e-05,2.54465,0.16584,cached_path_to_final_target,w,"$1,0,0,0,0,0,0,0,0#",16000,16000,Set tank.c app_speed/duty level to the logged pwm before sending the move key/protocol command; e=stop.,1.87327,4.99267,0,0,0,2.58547,0.12962,10.12719,1.87266,0.00095,10.1273,1.8727,1.8727,0.04746,0,0.1296,0,0,19.96895,7.49231,0.3116,0.302,1,False,running
4c5679641a,formation_4_gate_rejoin,32,6.4,1784468400,completion_astar,finish_first,r01,r01,True,center,member,local,2,2,1.72475,-0.17346,0.02412,0.3116,-0.00031,820,820,-8,294,0,0,0000,---,False,0.31151,0.0075,0.3116,-0.00031,2.18657,-0.16234,cached_path_to_final_target,w,"$1,0,0,0,0,0,0,0,0#",16000,16000,Set tank.c app_speed/duty level to the logged pwm before sending the move key/protocol command; e=stop.,1.93521,5.15699,0,0,0,2.94325,0.12692,10.06532,1.93496,0.00098,10.065,1.935,1.935,0.04948,0,0.1266,0,0,20.62994,7.74159,0.3116,0.3023,1,False,running
4c5679641a,formation_4_gate_rejoin,32,6.4,1784468400,completion_astar,finish_first,r02,r02,True,center,member,local,2,2,2.14512,-0.17338,0.0243,0.3116,-0.00032,820,820,-9,252,0,0,0000,---,False,0.31151,0.00756,0.3116,-0.00032,2.60694,-0.16218,cached_path_to_final_target,w,"$1,0,0,0,0,0,0,0,0#",16000,16000,Set tank.c app_speed/duty level to the logged pwm before sending the move key/protocol command; e=stop.,1.93558,5.15809,0,0,0,2.52352,0.12663,10.06495,1.93496,0.00098,10.065,1.935,1.935,0.04948,0,0.1266,0,0,20.62994,7.74159,0.3116,0.3023,1,False,running
4c5679641a,formation_4_gate_rejoin,32,6.4,1784468400,completion_astar,finish_first,r03,r03,True,center,member,local,2,2,1.7248,0.17549,-0.02277,0.3116,0.0003,820,820,8,294,0,0,0000,---,False,0.31152,-0.00708,0.3116,0.0003,2.18663,0.165,cached_path_to_final_target,w,"$1,0,0,0,0,0,0,0,0#",16000,16000,Set tank.c app_speed/duty level to the logged pwm before sending the move key/protocol command; e=stop.,1.93521,5.15695,0,0,0,2.94309,0.12692,10.06526,1.93496,0.00098,10.065,1.935,1.935,0.04948,0,0.1266,0,0,20.62994,7.74159,0.3116,0.3023,1,False,running
4c5679641a,formation_4_gate_rejoin,32,6.4,1784468400,completion_astar,finish_first,r04,r04,True,center,member,local,2,2,2.14517,0.17529,-0.02366,0.3116,1e-05,820,820,9,252,0,0,0000,---,False,0.31151,-0.00737,0.3116,1e-05,2.60699,0.16436,cached_path_to_final_target,w,"$1,0,0,0,0,0,0,0,0#",16000,16000,Set tank.c app_speed/duty level to the logged pwm before sending the move key/protocol command; e=stop.,1.93559,5.15792,0,0,0,2.52336,0.12663,10.06489,1.93496,0.00098,10.065,1.935,1.935,0.04948,0,0.1266,0,0,20.62994,7.74159,0.3116,0.3023,1,False,running
4c5679641a,formation_4_gate_rejoin,33,6.6,1784468600,completion_astar,finish_first,r01,r01,True,center,member,local,2,2,1.78705,-0.17198,0.02378,0.3116,-0.00168,820,820,-8,288,0,0,0000,---,False,0.31151,0.00733,0.3116,-0.00168,2.24889,-0.16113,path_to_final_target,w,"$1,0,0,0,0,0,0,0,0#",16000,16000,Set tank.c app_speed/duty level to the logged pwm before sending the move key/protocol command; e=stop.,1.99753,5.32225,0,0,0,2.88111,0.12403,10.00302,1.99726,0.00101,10.0027,1.9973,1.9973,0.05148,0,0.1237,0,0,21.29099,7.99087,0.3116,0.3026,1,False,running
4c5679641a,formation_4_gate_rejoin,33,6.6,1784468600,completion_astar,finish_first,r02,r02,True,center,member,local,2,2,2.20742,-0.17189,0.02396,0.3116,-0.00171,820,820,-9,246,0,0,0000,---,False,0.31151,0.00738,0.3116,-0.00171,2.66926,-0.16096,path_to_final_target,w,"$1,0,0,0,0,0,0,0,0#",16000,16000,Set tank.c app_speed/duty level to the logged pwm before sending the move key/protocol command; e=stop.,1.9979,5.32335,0,0,0,2.46142,0.12369,10.00265,1.99726,0.00101,10.0027,1.9973,1.9973,0.05148,0,0.1237,0,0,21.29099,7.99087,0.3116,0.3026,1,False,running
4c5679641a,formation_4_gate_rejoin,33,6.6,1784468600,completion_astar,finish_first,r03,r03,True,center,member,local,2,2,1.7871,0.17409,-0.02246,0.3116,0.00159,820,820,8,288,0,0,0000,---,False,0.31152,-0.00692,0.3116,0.00159,2.24896,0.16385,path_to_final_target,w,"$1,0,0,0,0,0,0,0,0#",16000,16000,Set tank.c app_speed/duty level to the logged pwm before sending the move key/protocol command; e=stop.,1.99753,5.3222,0,0,0,2.88094,0.12403,10.00296,1.99726,0.00101,10.0027,1.9973,1.9973,0.05148,0,0.1237,0,0,21.29099,7.99087,0.3116,0.3026,1,False,running
4c5679641a,formation_4_gate_rejoin,33,6.6,1784468600,completion_astar,finish_first,r04,r04,True,center,member,local,2,2,2.20747,0.17383,-0.02334,0.3116,0.00159,820,820,9,246,0,0,0000,---,False,0.31152,-0.00719,0.3116,0.00159,2.66932,0.16318,path_to_final_target,w,"$1,0,0,0,0,0,0,0,0#",16000,16000,Set tank.c app_speed/duty level to the logged pwm before sending the move key/protocol command; e=stop.,1.99791,5.32318,0,0,0,2.46125,0.12369,10.00259,1.99726,0.00101,10.0027,1.9973,1.9973,0.05148,0,0.1237,0,0,21.29099,7.99087,0.3116,0.3026,1,False,running
4c5679641a,formation_4_gate_rejoin,34,6.8,1784468800,completion_astar,finish_first,r01,r01,True,center,member,local,2,2,1.84935,-0.17051,0.02354,0.3116,-0.00118,820,820,-8,282,0,0,0000,---,False,0.31151,0.00728,0.3116,-0.00118,2.3112,-0.15973,cached_path_to_final_target,w,"$1,0,0,0,0,0,0,0,0#",16000,16000,Set tank.c app_speed/duty level to the logged pwm before sending the move key/protocol command; e=stop.,2.05985,5.48751,0,0,0,2.81897,0.12118,9.94073,2.05956,0.00104,9.9404,2.0596,2.0596,0.05345,0,0.1208,0,0,21.95199,8.24015,0.3116,0.3029,1,False,running
4c5679641a,formation_4_gate_rejoin,34,6.8,1784468800,completion_astar,finish_first,r02,r02,True,center,member,local,2,2,2.26972,-0.17041,0.02372,0.3116,-0.0012,820,820,-9,240,0,0,0000,---,False,0.31151,0.00733,0.3116,-0.0012,2.73157,-0.15955,cached_path_to_final_target,w,"$1,0,0,0,0,0,0,0,0#",16000,16000,Set tank.c app_speed/duty level to the logged pwm before sending the move key/protocol command; e=stop.,2.06022,5.4886,0,0,0,2.39933,0.12077,9.94035,2.05956,0.00104,9.9404,2.0596,2.0596,0.05345,0,0.1208,0,0,21.95199,8.24015,0.3116,0.3029,1,False,running
4c5679641a,formation_4_gate_rejoin,34,6.8,1784468800,completion_astar,finish_first,r03,r03,True,center,member,local,2,2,1.84941,0.17271,-0.02223,0.3116,0.00111,820,820,8,282,0,0,0000,---,False,0.31152,-0.00687,0.3116,0.00111,2.31126,0.16253,cached_path_to_final_target,w,"$1,0,0,0,0,0,0,0,0#",16000,16000,Set tank.c app_speed/duty level to the logged pwm before sending the move key/protocol command; e=stop.,2.05985,5.48746,0,0,0,2.8188,0.12118,9.94066,2.05956,0.00104,9.9404,2.0596,2.0596,0.05345,0,0.1208,0,0,21.95199,8.24015,0.3116,0.3029,1,False,running
4c5679641a,formation_4_gate_rejoin,34,6.8,1784468800,completion_astar,finish_first,r04,r04,True,center,member,local,2,2,2.26978,0.17239,-0.02311,0.3116,0.00115,820,820,9,240,0,0,0000,---,False,0.31152,-0.00714,0.3116,0.00115,2.73162,0.16181,cached_path_to_final_target,w,"$1,0,0,0,0,0,0,0,0#",16000,16000,Set tank.c app_speed/duty level to the logged pwm before sending the move key/protocol command; e=stop.,2.06023,5.48843,0,0,0,2.39916,0.12077,9.9403,2.05956,0.00104,9.9404,2.0596,2.0596,0.05345,0,0.1208,0,0,21.95199,8.24015,0.3116,0.3029,1,False,running
4c5679641a,formation_4_gate_rejoin,35,7.0,1784469000,completion_astar,finish_first,r01,r01,True,center,member,local,2,2,1.91165,-0.16905,0.02342,0.3116,-0.00063,820,820,-8,276,0,0,0000,---,False,0.31152,0.00727,0.3116,-0.00063,2.3735,-0.15828,cached_path_to_final_target,w,"$1,0,0,0,0,0,0,0,0#",16000,16000,Set tank.c app_speed/duty level to the logged pwm before sending the move key/protocol command; e=stop.,2.12217,5.65276,0,0,0,2.75685,0.11834,9.87843,2.12187,0.00107,9.8781,2.1219,2.1219,0.05541,0,0.1179,0,0,22.613,8.48943,0.3116,0.3031,1,False,running
4c5679641a,formation_4_gate_rejoin,35,7.0,1784469000,completion_astar,finish_first,r02,r02,True,center,member,local,2,2,2.33203,-0.16894,0.02359,0.3116,-0.00064,820,820,-10,234,0,0,0000,---,False,0.31151,0.00732,0.3116,-0.00064,2.79387,-0.1581,cached_path_to_final_target,w,"$1,0,0,0,0,0,0,0,0#",16000,16000,Set tank.c app_speed/duty level to the logged pwm before sending the move key/protocol command; e=stop.,2.12254,5.65385,0,0,0,2.33726,0.11786,9.87806,2.12187,0.00107,9.8781,2.1219,2.1219,0.05541,0,0.1179,0,0,22.613,8.48943,0.3116,0.3031,1,False,running
4c5679641a,formation_4_gate_rejoin,35,7.0,1784469000,completion_astar,finish_first,r03,r03,True,center,member,local,2,2,1.91171,0.17133,-0.02211,0.3116,0.0006,820,820,8,276,0,0,0000,---,False,0.31152,-0.00686,0.3116,0.0006,2.37357,0.16116,cached_path_to_final_target,w,"$1,0,0,0,0,0,0,0,0#",16000,16000,Set tank.c app_speed/duty level to the logged pwm before sending the move key/protocol command; e=stop.,2.12217,5.65271,0,0,0,2.75666,0.11834,9.87836,2.12187,0.00107,9.8781,2.1219,2.1219,0.05541,0,0.1179,0,0,22.613,8.48943,0.3116,0.3031,1,False,running
4c5679641a,formation_4_gate_rejoin,35,7.0,1784469000,completion_astar,finish_first,r04,r04,True,center,member,local,2,2,2.33208,0.17096,-0.02298,0.3116,0.00062,820,820,9,234,0,0,0000,---,False,0.31152,-0.00713,0.3116,0.00062,2.79393,0.16039,cached_path_to_final_target,w,"$1,0,0,0,0,0,0,0,0#",16000,16000,Set tank.c app_speed/duty level to the logged pwm before sending the move key/protocol command; e=stop.,2.12255,5.65368,0,0,0,2.33707,0.11786,9.878,2.12187,0.00107,9.8781,2.1219,2.1219,0.05541,0,0.1179,0,0,22.613,8.48943,0.3116,0.3031,1,False,running
4c5679641a,formation_4_gate_rejoin,36,7.2,1784469200,completion_astar,finish_first,r01,r01,True,center,member,local,2,2,1.95196,-0.16805,0.02475,0.2016,0.00667,529,532,-9,272,0,0,0000,---,False,0.14588,0.00376,0.2016,0.00667,2.4358,-0.15683,cached_path_to_final_target; completion_unstuck,w,"$1,0,0,0,0,0,0,0,0#",11000,11000,Set tank.c app_speed/duty level to the logged pwm before sending the move key/protocol command; e=stop.,2.16249,5.76854,0,0,0,2.71666,0.1164,9.83813,2.17317,0.0011,9.8268,2.1732,2.1732,0.05376,0,0.115,0,0,23.17505,8.69471,0.2566,0.3018,1,False,running
4c5679641a,formation_4_gate_rejoin,36,7.2,1784469200,completion_astar,finish_first,r02,r02,True,center,member,local,2,2,2.39433,-0.16748,0.02353,0.3116,-0.00031,820,820,-10,228,0,0,0000,---,False,0.31151,0.00732,0.3116,-0.00031,2.85617,-0.15663,cached_path_to_final_target,w,"$1,0,0,0,0,0,0,0,0#",16000,16000,Set tank.c app_speed/duty level to the logged pwm before sending the move key/protocol command; e=stop.,2.18486,5.8191,0,0,0,2.27519,0.11497,9.81576,2.17317,0.0011,9.8268,2.1732,2.1732,0.05376,0,0.115,0,0,23.17505,8.69471,0.2566,0.3018,1,False,running
4c5679641a,formation_4_gate_rejoin,36,7.2,1784469200,completion_astar,finish_first,r03,r03,True,center,member,local,2,2,1.95202,0.17039,-0.02337,0.2016,-0.00629,532,529,9,272,0,0,0000,---,False,0.14588,-0.00355,0.2016,-0.00629,2.43588,0.15979,cached_path_to_final_target; completion_unstuck,w,"$1,0,0,0,0,0,0,0,0#",11000,11000,Set tank.c app_speed/duty level to the logged pwm before sending the move key/protocol command; e=stop.,2.16249,5.76848,0,0,0,2.71647,0.1164,9.83806,2.17317,0.0011,9.8268,2.1732,2.1732,0.05376,0,0.115,0,0,23.17505,8.69471,0.2566,0.3018,1,False,running
4c5679641a,formation_4_gate_rejoin,36,7.2,1784469200,completion_astar,finish_first,r04,r04,True,center,member,local,2,2,2.39438,0.16953,-0.02292,0.3116,0.0003,820,820,10,228,0,0,0000,---,False,0.31152,-0.00713,0.3116,0.0003,2.85623,0.15897,cached_path_to_final_target,w,"$1,0,0,0,0,0,0,0,0#",16000,16000,Set tank.c app_speed/duty level to the logged pwm before sending the move key/protocol command; e=stop.,2.18487,5.81893,0,0,0,2.275,0.11497,9.8157,2.17317,0.0011,9.8268,2.1732,2.1732,0.05376,0,0.115,0,0,23.17505,8.69471,0.2566,0.3018,1,False,running
4c5679641a,formation_4_gate_rejoin,37,7.4,1784469400,completion_astar,finish_first,r01,r01,True,center,member,local,2,2,2.01426,-0.16658,0.02363,0.3116,-0.00561,821,819,-9,265,0,0,0000,---,False,0.31152,0.00709,0.3116,-0.00561,2.48272,-0.15598,path_to_final_target,w,"$1,0,0,0,0,0,0,0,0#",16000,16000,Set tank.c app_speed/duty level to the logged pwm before sending the move key/protocol command; e=stop.,2.22481,5.94271,0,0,0,2.65455,0.11354,9.77583,2.23548,0.00112,9.7645,2.2355,2.2355,0.05564,0,0.1121,0,0,23.85391,8.94399,0.3116,0.3021,1,False,running
4c5679641a,formation_4_gate_rejoin,37,7.4,1784469400,completion_astar,finish_first,r02,r02,True,center,member,local,2,2,2.45663,-0.16603,0.0232,0.3116,-0.00166,820,820,-10,221,0,0,0000,---,False,0.31152,0.00715,0.3116,-0.00166,2.91848,-0.15545,path_to_final_target,w,"$1,0,0,0,0,0,0,0,0#",16000,16000,Set tank.c app_speed/duty level to the logged pwm before sending the move key/protocol command; e=stop.,2.24718,5.98436,0,0,0,2.21314,0.11208,9.75347,2.23548,0.00112,9.7645,2.2355,2.2355,0.05564,0,0.1121,0,0,23.85391,8.94399,0.3116,0.3021,1,False,running
4c5679641a,formation_4_gate_rejoin,37,7.4,1784469400,completion_astar,finish_first,r03,r03,True,center,member,local,2,2,2.01432,0.169,-0.02231,0.3116,0.0053,819,821,9,265,0,0,0000,---,False,0.31153,-0.00669,0.3116,0.0053,2.48279,0.15899,path_to_final_target,w,"$1,0,0,0,0,0,0,0,0#",16000,16000,Set tank.c app_speed/duty level to the logged pwm before sending the move key/protocol command; e=stop.,2.22481,5.94265,0,0,0,2.65435,0.11354,9.77576,2.23548,0.00112,9.7645,2.2355,2.2355,0.05564,0,0.1121,0,0,23.85391,8.94399,0.3116,0.3021,1,False,running
4c5679641a,formation_4_gate_rejoin,37,7.4,1784469400,completion_astar,finish_first,r04,r04,True,center,member,local,2,2,2.45669,0.16808,-0.02323,0.3116,-0.0015,820,820,10,221,0,0,0000,---,False,0.31151,-0.00731,0.3116,-0.0015,2.91853,0.15723,path_to_final_target,w,"$1,0,0,0,0,0,0,0,0#",16000,16000,Set tank.c app_speed/duty level to the logged pwm before sending the move key/protocol command; e=stop.,2.24719,5.9842,0,0,0,2.21294,0.11208,9.7534,2.23548,0.00112,9.7645,2.2355,2.2355,0.05564,0,0.1121,0,0,23.85391,8.94399,0.3116,0.3021,1,False,running
4c5679641a,formation_4_gate_rejoin,38,7.6,1784469600,completion_astar,finish_first,r01,r01,True,center,member,local,2,2,2.05457,-0.1656,0.02439,0.2016,0.00383,530,531,-9,261,0,0,0000,---,False,0.14588,0.00365,0.2016,0.00383,2.5404,-0.15469,cached_path_to_final_target; completion_unstuck,w,"$1,0,0,0,0,0,0,0,0#",11000,11000,Set tank.c app_speed/duty level to the logged pwm before sending the move key/protocol command; e=stop.,2.26513,6.05851,0,0,0,2.61437,0.11163,9.73553,2.28678,0.00112,9.7132,2.2868,2.2868,0.05819,0,0.1092,0,0,24.41601,9.14927,0.2566,0.3009,1,False,running
4c5679641a,formation_4_gate_rejoin,38,7.6,1784469600,completion_astar,finish_first,r02,r02,True,center,member,local,2,2,2.51894,-0.1646,0.02297,0.3116,-0.00116,820,820,-10,215,0,0,0000,---,False,0.31152,0.0071,0.3116,-0.00116,2.98079,-0.15408,cached_path_to_final_target,w,"$1,0,0,0,0,0,0,0,0#",16000,16000,Set tank.c app_speed/duty level to the logged pwm before sending the move key/protocol command; e=stop.,2.3095,6.14961,0,0,0,2.1511,0.10918,9.69117,2.28678,0.00112,9.7132,2.2868,2.2868,0.05819,0,0.1092,0,0,24.41601,9.14927,0.2566,0.3009,1,False,running
4c5679641a,formation_4_gate_rejoin,38,7.6,1784469600,completion_astar,finish_first,r03,r03,True,center,member,local,2,2,2.05463,0.16807,-0.02304,0.2016,-0.00362,531,530,9,261,0,0,0000,---,False,0.14589,-0.00344,0.2016,-0.00362,2.54048,0.15777,cached_path_to_final_target; completion_unstuck,w,"$1,0,0,0,0,0,0,0,0#",11000,11000,Set tank.c app_speed/duty level to the logged pwm before sending the move key/protocol command; e=stop.,2.26513,6.05844,0,0,0,2.61416,0.11163,9.73546,2.28678,0.00112,9.7132,2.2868,2.2868,0.05819,0,0.1092,0,0,24.41601,9.14927,0.2566,0.3009,1,False,running
4c5679641a,formation_4_gate_rejoin,38,7.6,1784469600,completion_astar,finish_first,r04,r04,True,center,member,local,2,2,2.51899,0.16662,-0.02345,0.3116,-0.00113,820,820,10,215,0,0,0000,---,False,0.31151,-0.00736,0.3116,-0.00113,2.98083,0.1557,cached_path_to_final_target,w,"$1,0,0,0,0,0,0,0,0#",16000,16000,Set tank.c app_speed/duty level to the logged pwm before sending the move key/protocol command; e=stop.,2.30951,6.14945,0,0,0,2.1509,0.10918,9.69111,2.28678,0.00112,9.7132,2.2868,2.2868,0.05819,0,0.1092,0,0,24.41601,9.14927,0.2566,0.3009,1,False,running
4c5679641a,formation_4_gate_rejoin,39,7.8,1784469800,completion_astar,finish_first,r01,r01,True,center,member,local,2,2,2.11687,-0.16414,0.02335,0.3116,-0.00523,821,819,-9,255,0,0,0000,---,False,0.31152,0.00702,0.3116,-0.00523,2.58592,-0.15362,cached_path_to_final_target,w,"$1,0,0,0,0,0,0,0,0#",16000,16000,Set tank.c app_speed/duty level to the logged pwm before sending the move key/protocol command; e=stop.,2.32745,6.23264,0,0,0,2.55228,0.1088,9.67323,2.33809,0.00114,9.6619,2.3381,2.3381,0.05874,0,0.1073,0,0,24.9957,9.35455,0.2566,0.2998,1,False,running
4c5679641a,formation_4_gate_rejoin,39,7.8,1784469800,completion_astar,finish_first,r02,r02,True,center,member,local,2,2,2.55925,-0.16368,0.02284,0.2016,-0.00062,531,530,-10,211,0,0,0000,---,False,0.10903,0.00248,0.2016,-0.00062,3.04309,-0.15267,cached_path_to_final_target,w,"$1,0,0,0,0,0,0,0,0#",11000,11000,Set tank.c app_speed/duty level to the logged pwm before sending the move key/protocol command; e=stop.,2.34982,6.26532,0,0,0,2.11097,0.10731,9.65086,2.33809,0.00114,9.6619,2.3381,2.3381,0.05874,0,0.1073,0,0,24.9957,9.35455,0.2566,0.2998,1,False,running
4c5679641a,formation_4_gate_rejoin,39,7.8,1784469800,completion_astar,finish_first,r03,r03,True,center,member,local,2,2,2.11694,0.1667,-0.02205,0.3116,0.00494,819,821,9,255,0,0,0000,---,False,0.31153,-0.00663,0.3116,0.00494,2.586,0.15676,cached_path_to_final_target,w,"$1,0,0,0,0,0,0,0,0#",16000,16000,Set tank.c app_speed/duty level to the logged pwm before sending the move key/protocol command; e=stop.,2.32745,6.23257,0,0,0,2.55206,0.1088,9.67316,2.33809,0.00114,9.6619,2.3381,2.3381,0.05874,0,0.1073,0,0,24.9957,9.35455,0.2566,0.2998,1,False,running
4c5679641a,formation_4_gate_rejoin,39,7.8,1784469800,completion_astar,finish_first,r04,r04,True,center,member,local,2,2,2.5593,0.16567,-0.02358,0.2016,-0.00062,531,530,10,211,0,0,0000,---,False,0.10903,-0.00258,0.2016,-0.00062,3.04313,0.15421,cached_path_to_final_target,w,"$1,0,0,0,0,0,0,0,0#",11000,11000,Set tank.c app_speed/duty level to the logged pwm before sending the move key/protocol command; e=stop.,2.34983,6.26516,0,0,0,2.11077,0.10731,9.6508,2.33809,0.00114,9.6619,2.3381,2.3381,0.05874,0,0.1073,0,0,24.9957,9.35455,0.2566,0.2998,1,False,running
4c5679641a,formation_4_gate_rejoin,40,8.0,1784470000,completion_astar,finish_first,r01,r01,True,center,member,local,2,2,2.15718,-0.16316,0.02423,0.2016,0.0044,530,531,-9,251,0,0,0000,---,False,0.14588,0.00364,0.2016,0.0044,2.64319,-0.15229,cached_path_to_final_target; completion_unstuck,w,"$1,0,0,0,0,0,0,0,0#",11000,11000,Set tank.c app_speed/duty level to the logged pwm before sending the move key/protocol command; e=stop.,2.36777,6.34845,0,0,0,2.51211,0.1069,9.63293,2.3894,0.00114,9.6106,2.3894,2.3894,0.06095,1,0.1044,0,0,25.5754,9.55983,0.2566,0.2987,1,False,running
4c5679641a,formation_4_gate_rejoin,40,8.0,1784470000,completion_astar,finish_first,r02,r02,True,center,member,local,2,2,2.62155,-0.16226,0.02279,0.3116,-0.00029,820,820,-11,205,0,0,0000,---,False,0.31152,0.00709,0.3116,-0.00029,3.09,-0.15161,cached_path_to_final_target,w,"$1,0,0,0,0,0,0,0,0#",16000,16000,Set tank.c app_speed/duty level to the logged pwm before sending the move key/protocol command; e=stop.,2.41214,6.43937,0,0,0,2.04895,0.10442,9.58857,2.3894,0.00114,9.6106,2.3894,2.3894,0.06095,1,0.1044,0,0,25.5754,9.55983,0.2566,0.2987,1,False,running
4c5679641a,formation_4_gate_rejoin,40,8.0,1784470000,completion_astar,finish_first,r03,r03,True,center,member,local,2,2,2.15725,0.16577,-0.02288,0.2016,-0.00416,531,530,9,251,0,0,0000,---,False,0.14589,-0.00343,0.2016,-0.00416,2.64327,0.1555,cached_path_to_final_target; completion_unstuck,w,"$1,0,0,0,0,0,0,0,0#",11000,11000,Set tank.c app_speed/duty level to the logged pwm before sending the move key/protocol command; e=stop.,2.36777,6.34837,0,0,0,2.51188,0.1069,9.63285,2.3894,0.00114,9.6106,2.3894,2.3894,0.06095,1,0.1044,0,0,25.5754,9.55983,0.2566,0.2987,1,False,running
4c5679641a,formation_4_gate_rejoin,40,8.0,1784470000,completion_astar,finish_first,r04,r04,True,center,member,local,2,2,2.6216,0.1642,-0.02363,0.3116,-0.00029,820,820,11,205,0,0,0000,---,False,0.31151,-0.00738,0.3116,-0.00029,3.09004,0.1531,cached_path_to_final_target,w,"$1,0,0,0,0,0,0,0,0#",16000,16000,Set tank.c app_speed/duty level to the logged pwm before sending the move key/protocol command; e=stop.,2.41215,6.43921,0,0,0,2.04876,0.10442,9.58851,2.3894,0.00114,9.6106,2.3894,2.3894,0.06095,1,0.1044,0,0,25.5754,9.55983,0.2566,0.2987,1,False,running
4c5679641a,formation_4_gate_rejoin,41,8.2,1784470200,completion_astar,finish_first,r01,r01,True,center,member,local,2,2,2.21949,-0.16172,0.02312,0.3116,-0.00557,821,819,-9,245,0,0,0000,---,False,0.31152,0.00693,0.3116,-0.00557,2.68859,-0.15134,path_to_final_target,w,"$1,0,0,0,0,0,0,0,0#",16000,16000,Set tank.c app_speed/duty level to the logged pwm before sending the move key/protocol command; e=stop.,2.43009,6.52259,0,0,0,2.45003,0.1041,9.57064,2.4407,0.00115,9.5593,2.4407,2.4407,0.06182,2,0.1026,0,0,26.15511,9.76511,0.2566,0.2976,1,False,running
4c5679641a,formation_4_gate_rejoin,41,8.2,1784470200,completion_astar,finish_first,r02,r02,True,center,member,local,2,2,2.66186,-0.16135,0.02261,0.2016,-0.00088,531,530,-11,201,0,0,0000,---,False,0.10903,0.00245,0.2016,-0.00088,3.14769,-0.15043,path_to_final_target,w,"$1,0,0,0,0,0,0,0,0#",11000,11000,Set tank.c app_speed/duty level to the logged pwm before sending the move key/protocol command; e=stop.,2.45246,6.55509,0,0,0,2.00884,0.10256,9.54826,2.4407,0.00115,9.5593,2.4407,2.4407,0.06182,2,0.1026,0,0,26.15511,9.76511,0.2566,0.2976,1,False,running
4c5679641a,formation_4_gate_rejoin,41,8.2,1784470200,completion_astar,finish_first,r03,r03,True,center,member,local,2,2,2.21955,0.16441,-0.02183,0.3116,0.00526,819,821,9,245,0,0,0000,---,False,0.31153,-0.00654,0.3116,0.00526,2.68867,0.15461,path_to_final_target,w,"$1,0,0,0,0,0,0,0,0#",16000,16000,Set tank.c app_speed/duty level to the logged pwm before sending the move key/protocol command; e=stop.,2.43009,6.52251,0,0,0,2.44979,0.1041,9.57056,2.4407,0.00115,9.5593,2.4407,2.4407,0.06182,2,0.1026,0,0,26.15511,9.76511,0.2566,0.2976,1,False,running
4c5679641a,formation_4_gate_rejoin,41,8.2,1784470200,completion_astar,finish_first,r04,r04,True,center,member,local,2,2,2.66191,0.16325,-0.02349,0.2016,0.00072,530,531,11,201,0,0,0000,---,False,0.10903,-0.00255,0.2016,0.00072,3.14773,0.1519,path_to_final_target,w,"$1,0,0,0,0,0,0,0,0#",11000,11000,Set tank.c app_speed/duty level to the logged pwm before sending the move key/protocol command; e=stop.,2.45247,6.55492,0,0,0,2.00864,0.10256,9.54821,2.4407,0.00115,9.5593,2.4407,2.4407,0.06182,2,0.1026,0,0,26.15511,9.76511,0.2566,0.2976,1,False,running
4c5679641a,formation_4_gate_rejoin,42,8.4,1784470400,completion_astar,finish_first,r01,r01,True,center,member,local,2,2,2.25979,-0.16076,0.02391,0.2016,0.00397,530,531,-9,241,0,0,0000,---,False,0.14588,0.00358,0.2016,0.00397,2.74582,-0.15005,cached_path_to_final_target; completion_unstuck,w,"$1,0,0,0,0,0,0,0,0#",11000,11000,Set tank.c app_speed/duty level to the logged pwm before sending the move key/protocol command; e=stop.,2.47041,6.63839,0,0,0,2.40987,0.10223,9.53033,2.49201,0.00115,9.508,2.492,2.492,0.06372,2,0.0997,0,0,26.73481,9.97039,0.2566,0.2967,1,False,running
4c5679641a,formation_4_gate_rejoin,42,8.4,1784470400,completion_astar,finish_first,r02,r02,True,center,member,local,2,2,2.72416,-0.15994,0.02249,0.3116,-0.00059,820,820,-11,195,0,0,0000,---,False,0.31152,0.00698,0.3116,-0.00059,3.19321,-0.14944,cached_path_to_final_target,w,"$1,0,0,0,0,0,0,0,0#",16000,16000,Set tank.c app_speed/duty level to the logged pwm before sending the move key/protocol command; e=stop.,2.51478,6.72914,0,0,0,1.94686,0.0997,9.48597,2.49201,0.00115,9.508,2.492,2.492,0.06372,2,0.0997,0,0,26.73481,9.97039,0.2566,0.2967,1,False,running
4c5679641a,formation_4_gate_rejoin,42,8.4,1784470400,completion_astar,finish_first,r03,r03,True,center,member,local,2,2,2.25986,0.1635,-0.02258,0.2016,-0.00375,531,530,9,241,0,0,0000,---,False,0.14589,-0.00338,0.2016,-0.00375,2.7459,0.15339,cached_path_to_final_target; completion_unstuck,w,"$1,0,0,0,0,0,0,0,0#",11000,11000,Set tank.c app_speed/duty level to the logged pwm before sending the move key/protocol command; e=stop.,2.47041,6.63831,0,0,0,2.40962,0.10223,9.53025,2.49201,0.00115,9.508,2.492,2.492,0.06372,2,0.0997,0,0,26.73481,9.97039,0.2566,0.2967,1,False,running
4c5679641a,formation_4_gate_rejoin,42,8.4,1784470400,completion_astar,finish_first,r04,r04,True,center,member,local,2,2,2.72421,0.1618,-0.02338,0.3116,0.00056,820,820,11,195,0,0,0000,---,False,0.31152,-0.00726,0.3116,0.00056,3.19325,0.15087,cached_path_to_final_target,w,"$1,0,0,0,0,0,0,0,0#",16000,16000,Set tank.c app_speed/duty level to the logged pwm before sending the move key/protocol command; e=stop.,2.51479,6.72897,0,0,0,1.94666,0.0997,9.48591,2.49201,0.00115,9.508,2.492,2.492,0.06372,2,0.0997,0,0,26.73481,9.97039,0.2566,0.2967,1,False,running
4c5679641a,formation_4_gate_rejoin,43,8.6,1784470600,completion_astar,finish_first,r01,r01,True,center,member,local,2,2,2.3221,-0.15933,0.02291,0.3116,-0.00498,821,819,-10,235,0,0,0000,---,False,0.31152,0.0069,0.3116,-0.00498,2.79121,-0.149,cached_path_to_final_target,w,"$1,0,0,0,0,0,0,0,0#",16000,16000,Set tank.c app_speed/duty level to the logged pwm before sending the move key/protocol command; e=stop.,2.53273,6.81253,0,0,0,2.34781,0.09945,9.46804,2.54332,0.00116,9.4567,2.5433,2.5433,0.06488,2,0.0979,0,0,27.31449,10.17567,0.2566,0.2957,1,False,running
4c5679641a,formation_4_gate_rejoin,43,8.6,1784470600,completion_astar,finish_first,r02,r02,True,center,member,local,2,2,2.76447,-0.15904,0.02243,0.2016,-0.00032,531,530,-11,191,0,0,0000,---,False,0.10903,0.00244,0.2016,-0.00032,3.25048,-0.14816,cached_path_to_final_target,w,"$1,0,0,0,0,0,0,0,0#",11000,11000,Set tank.c app_speed/duty level to the logged pwm before sending the move key/protocol command; e=stop.,2.5551,6.84484,0,0,0,1.90676,0.09786,9.44566,2.54332,0.00116,9.4567,2.5433,2.5433,0.06488,2,0.0979,0,0,27.31449,10.17567,0.2566,0.2957,1,False,running
4c5679641a,formation_4_gate_rejoin,43,8.6,1784470600,completion_astar,finish_first,r03,r03,True,center,member,local,2,2,2.32217,0.16215,-0.02164,0.3116,0.0047,819,821,10,235,0,0,0000,---,False,0.31153,-0.00651,0.3116,0.0047,2.79129,0.15239,cached_path_to_final_target,w,"$1,0,0,0,0,0,0,0,0#",16000,16000,Set tank.c app_speed/duty level to the logged pwm before sending the move key/protocol command; e=stop.,2.53273,6.81244,0,0,0,2.34755,0.09945,9.46795,2.54332,0.00116,9.4567,2.5433,2.5433,0.06488,2,0.0979,0,0,27.31449,10.17567,0.2566,0.2957,1,False,running
4c5679641a,formation_4_gate_rejoin,43,8.6,1784470600,completion_astar,finish_first,r04,r04,True,center,member,local,2,2,2.76452,0.16086,-0.02332,0.2016,0.00032,530,531,11,191,0,0,0000,---,False,0.10903,-0.00254,0.2016,0.00032,3.25052,0.14955,cached_path_to_final_target,w,"$1,0,0,0,0,0,0,0,0#",11000,11000,Set tank.c app_speed/duty level to the logged pwm before sending the move key/protocol command; e=stop.,2.55511,6.84468,0,0,0,1.90656,0.09786,9.44561,2.54332,0.00116,9.4567,2.5433,2.5433,0.06488,2,0.0979,0,0,27.31449,10.17567,0.2566,0.2957,1,False,running
4c5679641a,formation_4_gate_rejoin,44,8.8,1784470800,completion_astar,finish_first,r01,r01,True,center,member,local,2,2,2.36241,-0.15837,0.0238,0.2016,0.00442,530,531,-10,231,0,0,0000,---,False,0.14588,0.00357,0.2016,0.00442,2.84844,-0.14768,cached_path_to_final_target; completion_unstuck,w,"$1,0,0,0,0,0,0,0,0#",11000,11000,Set tank.c app_speed/duty level to the logged pwm before sending the move key/protocol command; e=stop.,2.57305,6.92833,0,0,0,2.30767,0.09758,9.42773,2.59462,0.00116,9.4054,2.5946,2.5946,0.0665,2,0.095,0,0,27.89418,10.38095,0.2566,0.2948,1,False,running
4c5679641a,formation_4_gate_rejoin,44,8.8,1784470800,completion_astar,finish_first,r02,r02,True,center,member,local,2,2,2.82678,-0.15764,0.0224,0.3116,-0.00015,820,820,-11,184,0,0,0000,---,False,0.31152,0.00697,0.3116,-0.00015,3.29588,-0.14715,cached_path_to_final_target,w,"$1,0,0,0,0,0,0,0,0#",16000,16000,Set tank.c app_speed/duty level to the logged pwm before sending the move key/protocol command; e=stop.,2.61742,7.01889,0,0,0,1.84481,0.09501,9.38337,2.59462,0.00116,9.4054,2.5946,2.5946,0.0665,2,0.095,0,0,27.89418,10.38095,0.2566,0.2948,1,False,running
4c5679641a,formation_4_gate_rejoin,44,8.8,1784470800,completion_astar,finish_first,r03,r03,True,center,member,local,2,2,2.36248,0.16125,-0.02247,0.2016,-0.00417,531,530,10,231,0,0,0000,---,False,0.14589,-0.00337,0.2016,-0.00417,2.84852,0.15115,cached_path_to_final_target; completion_unstuck,w,"$1,0,0,0,0,0,0,0,0#",11000,11000,Set tank.c app_speed/duty level to the logged pwm before sending the move key/protocol command; e=stop.,2.57305,6.92823,0,0,0,2.3074,0.09758,9.42765,2.59462,0.00116,9.4054,2.5946,2.5946,0.0665,2,0.095,0,0,27.89418,10.38095,0.2566,0.2948,1,False,running
4c5679641a,formation_4_gate_rejoin,44,8.8,1784470800,completion_astar,finish_first,r04,r04,True,center,member,local,2,2,2.82682,0.1594,-0.02328,0.3116,0.00015,820,820,11,184,0,0,0000,---,False,0.31152,-0.00725,0.3116,0.00015,3.29592,0.14849,cached_path_to_final_target,w,"$1,0,0,0,0,0,0,0,0#",16000,16000,Set tank.c app_speed/duty level to the logged pwm before sending the move key/protocol command; e=stop.,2.61743,7.01873,0,0,0,1.84461,0.09501,9.38331,2.59462,0.00116,9.4054,2.5946,2.5946,0.0665,2,0.095,0,0,27.89418,10.38095,0.2566,0.2948,1,False,running
4c5679641a,formation_4_gate_rejoin,45,9.0,1784471000,completion_astar,finish_first,r01,r01,True,center,member,local,2,2,2.42471,-0.15697,0.02257,0.3116,-0.00613,821,819,-10,225,0,0,0000,---,False,0.31153,0.00673,0.3116,-0.00613,2.89383,-0.14689,path_to_final_target,w,"$1,0,0,0,0,0,0,0,0#",16000,16000,Set tank.c app_speed/duty level to the logged pwm before sending the move key/protocol command; e=stop.,2.63537,7.10248,0,0,0,2.24563,0.09485,9.36544,2.64593,0.00117,9.3541,2.6459,2.6459,0.06792,2,0.0932,0,0,28.4741,10.58622,0.2566,0.294,1,False,running
4c5679641a,formation_4_gate_rejoin,45,9.0,1784471000,completion_astar,finish_first,r02,r02,True,center,member,local,2,2,2.86709,-0.15674,0.02239,0.2016,-7e-05,531,531,-12,180,0,0,0000,---,False,0.10903,0.00244,0.2016,-7e-05,3.35311,-0.14587,path_to_final_target,w,"$1,0,0,0,0,0,0,0,0#",11000,11000,Set tank.c app_speed/duty level to the logged pwm before sending the move key/protocol command; e=stop.,2.65774,7.1347,0,0,0,1.80474,0.09317,9.34306,2.64593,0.00117,9.3541,2.6459,2.6459,0.06792,2,0.0932,0,0,28.4741,10.58622,0.2566,0.294,1,False,running
4c5679641a,formation_4_gate_rejoin,45,9.0,1784471000,completion_astar,finish_first,r03,r03,True,center,member,local,2,2,2.42478,0.15992,-0.02131,0.3116,0.00579,819,821,10,225,0,0,0000,---,False,0.31154,-0.00636,0.3116,0.00579,2.89391,0.1504,path_to_final_target,w,"$1,0,0,0,0,0,0,0,0#",16000,16000,Set tank.c app_speed/duty level to the logged pwm before sending the move key/protocol command; e=stop.,2.63537,7.10238,0,0,0,2.24534,0.09485,9.36535,2.64593,0.00117,9.3541,2.6459,2.6459,0.06792,2,0.0932,0,0,28.4741,10.58622,0.2566,0.294,1,False,running
4c5679641a,formation_4_gate_rejoin,45,9.0,1784471000,completion_astar,finish_first,r04,r04,True,center,member,local,2,2,2.86713,0.15847,-0.02327,0.2016,7e-05,531,531,12,180,0,0,0000,---,False,0.10903,-0.00254,0.2016,7e-05,3.35315,0.14716,path_to_final_target,w,"$1,0,0,0,0,0,0,0,0#",11000,11000,Set tank.c app_speed/duty level to the logged pwm before sending the move key/protocol command; e=stop.,2.65775,7.13454,0,0,0,1.80454,0.09317,9.34301,2.64593,0.00117,9.3541,2.6459,2.6459,0.06792,2,0.0932,0,0,28.4741,10.58622,0.2566,0.294,1,False,running
4c5679641a,formation_4_gate_rejoin,46,9.2,1784471200,completion_astar,finish_first,r01,r01,True,center,member,local,2,2,2.46502,-0.15603,0.02323,0.2016,0.00331,530,531,-10,221,0,0,0000,---,False,0.14589,0.00347,0.2016,0.00331,2.95106,-0.14567,cached_path_to_final_target; completion_unstuck,w,"$1,0,0,0,0,0,0,0,0#",11000,11000,Set tank.c app_speed/duty level to the logged pwm before sending the move key/protocol command; e=stop.,2.67569,7.21828,0,0,0,2.2055,0.09303,9.32514,2.69724,0.00117,9.3028,2.6972,2.6972,0.06927,2,0.0903,0,0,29.05379,10.7915,0.2566,0.2932,1,False,running
4c5679641a,formation_4_gate_rejoin,46,9.2,1784471200,completion_astar,finish_first,r02,r02,True,center,member,local,2,2,2.92939,-0.15535,0.02238,0.3116,-3e-05,820,820,-12,174,0,0,0000,---,False,0.31152,0.00697,0.3116,-3e-05,3.3985,-0.14485,cached_path_to_final_target,w,"$1,0,0,0,0,0,0,0,0#",16000,16000,Set tank.c app_speed/duty level to the logged pwm before sending the move key/protocol command; e=stop.,2.72006,7.30875,0,0,0,1.74283,0.09033,9.28077,2.69724,0.00117,9.3028,2.6972,2.6972,0.06927,2,0.0903,0,0,29.05379,10.7915,0.2566,0.2932,1,False,running
4c5679641a,formation_4_gate_rejoin,46,9.2,1784471200,completion_astar,finish_first,r03,r03,True,center,member,local,2,2,2.46509,0.15904,-0.02194,0.2016,-0.00312,531,530,10,221,0,0,0000,---,False,0.14589,-0.00327,0.2016,-0.00312,2.95114,0.14925,cached_path_to_final_target; completion_unstuck,w,"$1,0,0,0,0,0,0,0,0#",11000,11000,Set tank.c app_speed/duty level to the logged pwm before sending the move key/protocol command; e=stop.,2.67569,7.21817,0,0,0,2.20521,0.09303,9.32505,2.69724,0.00117,9.3028,2.6972,2.6972,0.06927,2,0.0903,0,0,29.05379,10.7915,0.2566,0.2932,1,False,running
4c5679641a,formation_4_gate_rejoin,46,9.2,1784471200,completion_astar,finish_first,r04,r04,True,center,member,local,2,2,2.92944,0.15702,-0.02326,0.3116,3e-05,820,820,12,174,0,0,0000,---,False,0.31152,-0.00725,0.3116,3e-05,3.39853,0.1461,cached_path_to_final_target,w,"$1,0,0,0,0,0,0,0,0#",16000,16000,Set tank.c app_speed/duty level to the logged pwm before sending the move key/protocol command; e=stop.,2.72007,7.30858,0,0,0,1.74263,0.09033,9.28071,2.69724,0.00117,9.3028,2.6972,2.6972,0.06927,2,0.0903,0,0,29.05379,10.7915,0.2566,0.2932,1,False,running
4c5679641a,formation_4_gate_rejoin,47,9.4,1784471400,completion_astar,finish_first,r01,r01,True,center,member,local,2,2,2.52732,-0.15465,0.02221,0.3116,-0.00511,821,819,-10,214,0,0,0001,---,False,0.31153,0.00667,0.3116,-0.00511,2.99644,-0.14465,cached_path_to_final_target,w,"$1,0,0,0,0,0,0,0,0#",16000,16000,Set tank.c app_speed/duty level to the logged pwm before sending the move key/protocol command; e=stop.,2.73801,7.39241,0,0,0,2.14349,0.09034,9.26284,2.74854,0.00118,9.2515,2.7485,2.7485,0.07092,2,0.0885,0,0,29.63366,10.99678,0.2566,0.2924,1,False,running
4c5679641a,formation_4_gate_rejoin,47,9.4,1784471400,completion_astar,finish_first,r02,r02,True,center,member,local,2,2,2.9697,-0.15444,0.02238,0.2016,-1e-05,531,531,-12,170,0,0,0001,---,False,0.10903,0.00244,0.2016,-1e-05,3.45573,-0.14357,cached_path_to_final_target,w,"$1,0,0,0,0,0,0,0,0#",11000,11000,Set tank.c app_speed/duty level to the logged pwm before sending the move key/protocol command; e=stop.,2.76038,7.42455,0,0,0,1.7028,0.08849,9.24046,2.74854,0.00118,9.2515,2.7485,2.7485,0.07092,2,0.0885,0,0,29.63366,10.99678,0.2566,0.2924,1,False,running
4c5679641a,formation_4_gate_rejoin,47,9.4,1784471400,completion_astar,finish_first,r03,r03,True,center,member,local,2,2,2.5274,0.15773,-0.02098,0.3116,0.00482,819,821,10,214,0,0,0000,---,False,0.31154,-0.0063,0.3116,0.00482,2.99653,0.14829,cached_path_to_final_target,w,"$1,0,0,0,0,0,0,0,0#",16000,16000,Set tank.c app_speed/duty level to the logged pwm before sending the move key/protocol command; e=stop.,2.73801,7.3923,0,0,0,2.14317,0.09034,9.26275,2.74854,0.00118,9.2515,2.7485,2.7485,0.07092,2,0.0885,0,0,29.63366,10.99678,0.2566,0.2924,1,False,running
4c5679641a,formation_4_gate_rejoin,47,9.4,1784471400,completion_astar,finish_first,r04,r04,True,center,member,local,2,2,2.96975,0.15608,-0.02326,0.2016,1e-05,531,531,12,170,0,0,0000,---,False,0.10903,-0.00254,0.2016,1e-05,3.45576,0.14477,cached_path_to_final_target,w,"$1,0,0,0,0,0,0,0,0#",11000,11000,Set tank.c app_speed/duty level to the logged pwm before sending the move key/protocol command; e=stop.,2.76039,7.42439,0,0,0,1.7026,0.08849,9.24041,2.74854,0.00118,9.2515,2.7485,2.7485,0.07092,2,0.0885,0,0,29.63366,10.99678,0.2566,0.2924,1,False,running
4c5679641a,formation_4_gate_rejoin,48,9.6,1784471600,completion_astar,finish_first,r01,r01,True,center,member,local,2,2,2.56763,-0.15372,0.02304,0.2016,0.00413,530,531,-11,210,0,0,0001,---,False,0.14589,0.00346,0.2016,0.00413,3.05367,-0.14338,cached_path_to_final_target; completion_unstuck,w,"$1,0,0,0,0,0,0,0,0#",11000,11000,Set tank.c app_speed/duty level to the logged pwm before sending the move key/protocol command; e=stop.,2.77833,7.50821,0,0,0,2.10338,0.08853,9.22254,2.79985,0.00118,9.2002,2.7999,2.7998,0.07204,2,0.0856,0,0,30.21334,11.20206,0.2566,0.2917,1,False,running
4c5679641a,formation_4_gate_rejoin,48,9.6,1784471600,completion_astar,finish_first,r02,r02,True,center,member,local,3,2,3.03201,-0.15305,0.02238,0.3116,-1e-05,820,820,-12,164,0,0,0001,---,False,0.31152,0.00697,0.3116,-1e-05,3.50111,-0.14255,cached_path_to_final_target,w,"$1,0,0,0,0,0,0,0,0#",16000,16000,Set tank.c app_speed/duty level to the logged pwm before sending the move key/protocol command; e=stop.,2.8227,7.5986,0,0,0,1.64093,0.08564,9.17817,2.79985,0.00118,9.2002,2.7999,2.7998,0.07204,2,0.0856,0,0,30.21334,11.20206,0.2566,0.2917,1,False,running
4c5679641a,formation_4_gate_rejoin,48,9.6,1784471600,completion_astar,finish_first,r03,r03,True,center,member,local,2,2,2.56771,0.15685,-0.02176,0.2016,-0.0039,531,530,10,210,0,0,0000,---,False,0.14589,-0.00326,0.2016,-0.0039,3.05376,0.14709,cached_path_to_final_target; completion_unstuck,w,"$1,0,0,0,0,0,0,0,0#",11000,11000,Set tank.c app_speed/duty level to the logged pwm before sending the move key/protocol command; e=stop.,2.77833,7.50809,0,0,0,2.10305,0.08853,9.22244,2.79985,0.00118,9.2002,2.7999,2.7998,0.07204,2,0.0856,0,0,30.21334,11.20206,0.2566,0.2917,1,False,running
4c5679641a,formation_4_gate_rejoin,48,9.6,1784471600,completion_astar,finish_first,r04,r04,True,center,member,local,3,2,3.03205,0.15463,-0.02326,0.3116,1e-05,820,820,12,164,0,0,1000,---,False,0.31152,-0.00725,0.3116,1e-05,3.50115,0.14372,cached_path_to_final_target,w,"$1,0,0,0,0,0,0,0,0#",16000,16000,Set tank.c app_speed/duty level to the logged pwm before sending the move key/protocol command; e=stop.,2.82271,7.59844,0,0,0,1.64073,0.08564,9.17812,2.79985,0.00118,9.2002,2.7999,2.7998,0.07204,2,0.0856,0,0,30.21334,11.20206,0.2566,0.2917,1,False,running
4c5679641a,formation_4_gate_rejoin,49,9.8,1784471800,completion_astar,finish_first,r01,r01,True,center,member,local,2,3,2.62992,-0.15183,0.03024,0.31157,0.03603,812,828,-11,204,0,0,0001,---,False,0.3114,0.01119,0.31157,0.03603,3.09881,-0.13464,path_to_final_target,w,"$1,0,0,0,0,0,0,0,0#",16000,17000,Set tank.c app_speed/duty level to the logged pwm before sending the move key/protocol command; e=stop.,2.84064,7.68258,0,0,0,2.04145,0.08487,9.16027,2.85114,0.00121,9.1489,2.8511,2.8511,0.07448,2,0.0831,0,0,30.79439,11.40733,0.2566,0.2909,1,False,running
4c5679641a,formation_4_gate_rejoin,49,9.8,1784471800,completion_astar,finish_first,r02,r02,True,center,member,local,3,3,3.07231,-0.15174,0.03244,0.2016,0.05034,520,541,-13,160,0,0,0001,---,False,0.10897,0.0044,0.2016,0.05034,3.55801,-0.13181,path_to_final_target,w,"$1,0,0,0,0,0,0,0,0#",10000,11000,Set tank.c app_speed/duty level to the logged pwm before sending the move key/protocol command; e=stop.,2.86302,7.71481,0,0,0,1.60098,0.08306,9.13788,2.85114,0.00121,9.1489,2.8511,2.8511,0.07448,2,0.0831,0,0,30.79439,11.40733,0.2566,0.2909,1,False,running
4c5679641a,formation_4_gate_rejoin,49,9.8,1784471800,completion_astar,finish_first,r03,r03,True,center,member,local,2,3,2.63,0.15507,-0.02856,0.31158,-0.03402,827,813,11,204,0,0,0000,---,False,0.31142,-0.01056,0.31158,-0.03402,3.09893,0.13883,path_to_final_target,w,"$1,0,0,0,0,0,0,0,0#",17000,16000,Set tank.c app_speed/duty level to the logged pwm before sending the move key/protocol command; e=stop.,2.84064,7.68244,0,0,0,2.0411,0.08487,9.16016,2.85114,0.00121,9.1489,2.8511,2.8511,0.07448,2,0.0831,0,0,30.79439,11.40733,0.2566,0.2909,1,False,running
4c5679641a,formation_4_gate_rejoin,49,9.8,1784471800,completion_astar,finish_first,r04,r04,True,center,member,local,3,3,3.07235,0.15335,-0.0317,0.2016,-0.04221,539,522,13,160,0,0,1000,---,False,0.10898,-0.00418,0.2016,-0.04221,3.55811,0.13445,path_to_final_target,w,"$1,0,0,0,0,0,0,0,0#",11000,10000,Set tank.c app_speed/duty level to the logged pwm before sending the move key/protocol command; e=stop.,2.86303,7.71456,0,0,0,1.60077,0.08306,9.13783,2.85114,0.00121,9.1489,2.8511,2.8511,0.07448,2,0.0831,0,0,30.79439,11.40733,0.2566,0.2909,1,False,running
4c5679641a,formation_4_gate_rejoin,50,10.0,1784472000,completion_astar,finish_first,r01,r01,True,lower,member,local,2,3,2.6702,-0.15029,0.03828,0.20157,0.04018,522,539,-12,200,0,0,0001,---,False,0.1458,0.00651,0.20157,0.04018,3.15595,-0.13062,cached_path_to_final_target; completion_unstuck,w,"$1,0,0,0,0,0,0,0,0#",10000,11000,Set tank.c app_speed/duty level to the logged pwm before sending the move key/protocol command; e=stop.,2.88096,7.79832,0,0,0,2.00144,0.08187,9.11999,2.90242,0.00126,9.0976,2.9024,2.9024,0.07632,2,0.0782,0,0,31.37413,11.6126,0.2566,0.2902,2,False,running
4c5679641a,formation_4_gate_rejoin,50,10.0,1784472000,completion_astar,finish_first,r02,r02,True,lower,member,local,3,3,3.13457,-0.14927,0.03971,0.31157,0.03634,812,828,-14,154,0,0,0001,---,False,0.31128,0.01415,0.31157,0.03634,3.60329,-0.12761,cached_path_to_final_target,w,"$1,0,0,0,0,0,0,0,0#",16000,17000,Set tank.c app_speed/duty level to the logged pwm before sending the move key/protocol command; e=stop.,2.92534,7.88899,0,0,0,1.53934,0.07823,9.07563,2.90242,0.00126,9.0976,2.9024,2.9024,0.07632,2,0.0782,0,0,31.37413,11.6126,0.2566,0.2902,2,False,running
4c5679641a,formation_4_gate_rejoin,50,10.0,1784472000,completion_astar,finish_first,r03,r03,True,upper,member,local,2,3,2.67029,0.15361,-0.03615,0.20158,-0.03795,538,522,12,200,0,0,1000,---,False,0.14581,-0.00614,0.20158,-0.03795,3.15608,0.13504,cached_path_to_final_target; completion_unstuck,w,"$1,0,0,0,0,0,0,0,0#",11000,10000,Set tank.c app_speed/duty level to the logged pwm before sending the move key/protocol command; e=stop.,2.88096,7.79809,0,0,0,2.00107,0.08187,9.11989,2.90242,0.00126,9.0976,2.9024,2.9024,0.07632,2,0.0782,0,0,31.37413,11.6126,0.2566,0.2902,2,False,running
4c5679641a,formation_4_gate_rejoin,50,10.0,1784472000,completion_astar,finish_first,r04,r04,True,upper,member,local,3,3,3.13462,0.151,-0.0378,0.31158,-0.03047,826,814,14,154,0,0,1000,---,False,0.31132,-0.01327,0.31158,-0.03047,3.6034,0.13072,cached_path_to_final_target,w,"$1,0,0,0,0,0,0,0,0#",17000,16000,Set tank.c app_speed/duty level to the logged pwm before sending the move key/protocol command; e=stop.,2.92534,7.88873,0,0,0,1.5391,0.07823,9.07557,2.90242,0.00126,9.0976,2.9024,2.9024,0.07632,2,0.0782,0,0,31.37413,11.6126,0.2566,0.2902,2,False,running
4c5679641a,formation_4_gate_rejoin,51,10.2,1784472200,completion_astar,finish_first,r01,r01,True,lower,member,local,2,3,2.73247,-0.1478,0.03999,0.31157,0.00855,818,822,-12,194,0,0,0001,---,False,0.31133,0.01288,0.31157,0.00855,3.20129,-0.12833,cached_path_to_final_target,w,"$1,0,0,0,0,0,0,0,0#",16000,16000,Set tank.c app_speed/duty level to the logged pwm before sending the move key/protocol command; e=stop.,2.94327,7.97269,0,0,0,1.93962,0.07702,9.05774,2.95369,0.00132,9.0463,2.9537,2.9537,0.07973,2,0.0748,0,0,31.95454,11.81786,0.2566,0.2896,2,False,running
4c5679641a,formation_4_gate_rejoin,51,10.2,1784472200,completion_astar,finish_first,r02,r02,True,lower,member,local,3,3,3.17485,-0.1475,0.04376,0.20157,0.02027,526,535,-15,150,0,0,0001,---,False,0.10894,0.00512,0.20157,0.02027,3.66046,-0.12456,cached_path_to_final_target,w,"$1,0,0,0,0,0,0,0,0#",11000,11000,Set tank.c app_speed/duty level to the logged pwm before sending the move key/protocol command; e=stop.,2.96565,8.00486,0,0,0,1.49951,0.0748,9.03537,2.95369,0.00132,9.0463,2.9537,2.9537,0.07973,2,0.0748,0,0,31.95454,11.81786,0.2566,0.2896,2,False,running
4c5679641a,formation_4_gate_rejoin,51,10.2,1784472200,completion_astar,finish_first,r03,r03,True,upper,member,local,2,3,2.73256,0.15126,-0.03776,0.31158,-0.00807,822,818,12,194,0,0,1000,---,False,0.31136,-0.01216,0.31158,-0.00807,3.20143,0.13287,cached_path_to_final_target,w,"$1,0,0,0,0,0,0,0,0#",16000,16000,Set tank.c app_speed/duty level to the logged pwm before sending the move key/protocol command; e=stop.,2.94327,7.97243,0,0,0,1.93923,0.07702,9.05763,2.95369,0.00132,9.0463,2.9537,2.9537,0.07973,2,0.0748,0,0,31.95454,11.81786,0.2566,0.2896,2,False,running
4c5679641a,formation_4_gate_rejoin,51,10.2,1784472200,completion_astar,finish_first,r04,r04,True,upper,member,local,3,3,3.1749,0.14934,-0.04119,0.20158,-0.01699,534,527,14,150,0,0,1000,---,False,0.10896,-0.00478,0.20158,-0.01699,3.66058,0.12791,cached_path_to_final_target,w,"$1,0,0,0,0,0,0,0,0#",11000,11000,Set tank.c app_speed/duty level to the logged pwm before sending the move key/protocol command; e=stop.,2.96566,8.00457,0,0,0,1.49925,0.0748,9.0353,2.95369,0.00132,9.0463,2.9537,2.9537,0.07973,2,0.0748,0,0,31.95454,11.81786,0.2566,0.2896,2,False,running
4c5679641a,formation_4_gate_rejoin,52,10.4,1784472400,completion_astar,finish_first,r01,r01,True,lower,member,local,2,3,2.77275,-0.14605,0.0434,0.20157,0.01706,527,534,-13,190,0,0,0001,---,False,0.14579,0.00672,0.20157,0.01706,3.25848,-0.12588,cached_path_to_final_target; completion_unstuck,w,"$1,0,0,0,0,0,0,0,0#",11000,11000,Set tank.c app_speed/duty level to the logged pwm before sending the move key/protocol command; e=stop.,2.98359,8.08848,0,0,0,1.89967,0.07362,9.01748,3.00496,0.00139,8.995,3.005,3.005,0.08159,2,0.0693,0,0,32.53441,12.02312,0.2566,0.2889,2,False,running
4c5679641a,formation_4_gate_rejoin,52,10.4,1784472400,completion_astar,finish_first,r02,r02,True,lower,member,local,3,3,3.2371,-0.14466,0.04572,0.31157,0.00978,818,822,-15,144,0,0,0001,---,False,0.31125,0.01472,0.31157,0.00978,3.7058,-0.12239,cached_path_to_final_target,w,"$1,0,0,0,0,0,0,0,0#",16000,16000,Set tank.c app_speed/duty level to the logged pwm before sending the move key/protocol command; e=stop.,3.02797,8.17901,0,0,0,1.43801,0.06929,8.97314,3.00496,0.00139,8.995,3.005,3.005,0.08159,2,0.0693,0,0,32.53441,12.02312,0.2566,0.2889,2,False,running
4c5679641a,formation_4_gate_rejoin,52,10.4,1784472400,completion_astar,finish_first,r03,r03,True,upper,member,local,2,3,2.77284,0.14961,-0.04099,0.20158,-0.01611,534,527,12,190,0,0,1000,---,False,0.14581,-0.00635,0.20158,-0.01611,3.25862,0.13056,cached_path_to_final_target; completion_unstuck,w,"$1,0,0,0,0,0,0,0,0#",11000,11000,Set tank.c app_speed/duty level to the logged pwm before sending the move key/protocol command; e=stop.,2.98359,8.08822,0,0,0,1.89925,0.07362,9.01736,3.00496,0.00139,8.995,3.005,3.005,0.08159,2,0.0693,0,0,32.53441,12.02312,0.2566,0.2889,2,False,running
4c5679641a,formation_4_gate_rejoin,52,10.4,1784472400,completion_astar,finish_first,r04,r04,True,upper,member,local,3,3,3.23716,0.14667,-0.04283,0.31158,-0.0082,822,818,15,144,0,0,1000,---,False,0.3113,-0.01374,0.31158,-0.0082,3.70593,0.12589,cached_path_to_final_target,w,"$1,0,0,0,0,0,0,0,0#",16000,16000,Set tank.c app_speed/duty level to the logged pwm before sending the move key/protocol command; e=stop.,3.02797,8.1787,0,0,0,1.43771,0.06929,8.97306,3.00496,0.00139,8.995,3.005,3.005,0.08159,2,0.0693,0,0,32.53441,12.02312,0.2566,0.2889,2,False,running
4c5679641a,formation_4_gate_rejoin,53,10.6,1784472600,completion_astar,finish_first,r01,r01,True,lower,member,local,2,3,2.83501,-0.14341,0.0424,0.31157,-0.00498,821,819,-13,184,0,0,0001,---,False,0.31133,0.01297,0.31157,-0.00498,3.30383,-0.12393,path_to_final_target,w,"$1,0,0,0,0,0,0,0,0#",16000,16000,Set tank.c app_speed/duty level to the logged pwm before sending the move key/protocol command; e=stop.,3.0459,8.26274,0,0,0,1.83793,0.06849,8.95524,3.05623,0.00146,8.9438,3.0562,3.0562,0.0855,2,0.0657,0,0,33.11434,12.22838,0.2566,0.2883,2,False,running
4c5679641a,formation_4_gate_rejoin,53,10.6,1784472600,completion_astar,finish_first,r02,r02,True,lower,member,local,3,3,3.27737,-0.14278,0.04663,0.20157,0.00455,529,531,-15,140,0,0,0001,---,False,0.10894,0.00516,0.20157,0.00455,3.76298,-0.11974,path_to_final_target,w,"$1,0,0,0,0,0,0,0,0#",11000,11000,Set tank.c app_speed/duty level to the logged pwm before sending the move key/protocol command; e=stop.,3.06828,8.29467,0,0,0,1.39827,0.06565,8.93288,3.05623,0.00146,8.9438,3.0562,3.0562,0.0855,2,0.0657,0,0,33.11434,12.22838,0.2566,0.2883,2,False,running
4c5679641a,formation_4_gate_rejoin,53,10.6,1784472600,completion_astar,finish_first,r03,r03,True,upper,member,local,2,3,2.83511,0.14712,-0.04004,0.31158,0.0047,819,821,13,184,0,0,1000,---,False,0.31136,-0.01224,0.31158,0.0047,3.30398,0.12872,path_to_final_target,w,"$1,0,0,0,0,0,0,0,0#",16000,16000,Set tank.c app_speed/duty level to the logged pwm before sending the move key/protocol command; e=stop.,3.04591,8.26247,0,0,0,1.83748,0.06849,8.95511,3.05623,0.00146,8.9438,3.0562,3.0562,0.0855,2,0.0657,0,0,33.11434,12.22838,0.2566,0.2883,2,False,running
4c5679641a,formation_4_gate_rejoin,53,10.6,1784472600,completion_astar,finish_first,r04,r04,True,upper,member,local,3,3,3.27744,0.14491,-0.0436,0.20158,-0.00382,531,530,15,140,0,0,1000,---,False,0.10895,-0.00482,0.20158,-0.00382,3.76312,0.12341,path_to_final_target,w,"$1,0,0,0,0,0,0,0,0#",11000,11000,Set tank.c app_speed/duty level to the logged pwm before sending the move key/protocol command; e=stop.,3.06829,8.29445,0,0,0,1.39794,0.06565,8.9328,3.05623,0.00146,8.9438,3.0562,3.0562,0.0855,2,0.0657,0,0,33.11434,12.22838,0.2566,0.2883,2,False,running
4c5679641a,formation_4_gate_rejoin,54,10.8,1784472800,completion_astar,finish_first,r01,r01,True,lower,member,local,2,3,2.87528,-0.14162,0.04445,0.20157,0.01023,528,533,-13,180,0,0,0001,---,False,0.14579,0.00672,0.20157,0.01023,3.36102,-0.1215,cached_path_to_final_target; completion_unstuck,w,"$1,0,0,0,0,0,0,0,0#",11000,11000,Set tank.c app_speed/duty level to the logged pwm before sending the move key/protocol command; e=stop.,3.08622,8.3786,0,0,0,1.79802,0.065,8.91498,3.10749,0.00153,8.8925,3.1075,3.1075,0.08711,2,0.06,0,0,33.69409,12.43364,0.2566,0.2877,2,False,running
4c5679641a,formation_4_gate_rejoin,54,10.8,1784472800,completion_astar,finish_first,r02,r02,True,lower,member,local,3,3,3.33961,-0.13985,0.04703,0.31157,0.00198,820,820,-16,134,0,0,0001,---,False,0.31125,0.01474,0.31157,0.00198,3.80832,-0.11762,cached_path_to_final_target,w,"$1,0,0,0,0,0,0,0,0#",16000,16000,Set tank.c app_speed/duty level to the logged pwm before sending the move key/protocol command; e=stop.,3.1306,8.46874,0,0,0,1.33691,0.05999,8.87066,3.10749,0.00153,8.8925,3.1075,3.1075,0.08711,2,0.06,0,0,33.69409,12.43364,0.2566,0.2877,2,False,running
4c5679641a,formation_4_gate_rejoin,54,10.8,1784472800,completion_astar,finish_first,r03,r03,True,upper,member,local,2,3,2.87539,0.14542,-0.04198,0.20158,-0.00966,532,528,13,180,0,0,1000,---,False,0.14581,-0.00635,0.20158,-0.00966,3.36117,0.12643,cached_path_to_final_target; completion_unstuck,w,"$1,0,0,0,0,0,0,0,0#",11000,11000,Set tank.c app_speed/duty level to the logged pwm before sending the move key/protocol command; e=stop.,3.08622,8.37822,0,0,0,1.79754,0.065,8.91485,3.10749,0.00153,8.8925,3.1075,3.1075,0.08711,2,0.06,0,0,33.69409,12.43364,0.2566,0.2877,2,False,running
4c5679641a,formation_4_gate_rejoin,54,10.8,1784472800,completion_astar,finish_first,r04,r04,True,upper,member,local,3,3,3.3397,0.14217,-0.04393,0.31158,-0.00166,820,820,16,134,0,0,1000,---,False,0.3113,-0.01377,0.31158,-0.00166,3.80847,0.12143,cached_path_to_final_target,w,"$1,0,0,0,0,0,0,0,0#",16000,16000,Set tank.c app_speed/duty level to the logged pwm before sending the move key/protocol command; e=stop.,3.13061,8.46852,0,0,0,1.33652,0.05999,8.87056,3.10749,0.00153,8.8925,3.1075,3.1075,0.08711,2,0.06,0,0,33.69409,12.43364,0.2566,0.2877,2,False,running
4c5679641a,formation_4_gate_rejoin,55,11.0,1784473000,completion_astar,finish_first,r01,r01,True,lower,member,local,2,3,2.93754,-0.13895,0.04283,0.31157,-0.00809,822,818,-13,174,0,0,0001,---,False,0.31133,0.01295,0.31157,-0.00809,3.40637,-0.11953,cached_path_to_final_target,w,"$1,0,0,0,0,0,0,0,0#",16000,16000,Set tank.c app_speed/duty level to the logged pwm before sending the move key/protocol command; e=stop.,3.14853,8.55283,0,0,0,1.73635,0.05982,8.85275,3.15876,0.0016,8.8412,3.1588,3.1588,0.09135,2,0.0563,0,0,34.27397,12.6389,0.2566,0.2872,2,False,running
4c5679641a,formation_4_gate_rejoin,55,11.0,1784473000,completion_astar,finish_first,r02,r02,True,lower,member,local,3,3,3.37988,-0.13795,0.0472,0.20157,0.00086,530,531,-16,130,0,0,0001,---,False,0.10894,0.00516,0.20157,0.00086,3.86549,-0.11494,cached_path_to_final_target,w,"$1,0,0,0,0,0,0,0,0#",11000,11000,Set tank.c app_speed/duty level to the logged pwm before sending the move key/protocol command; e=stop.,3.17091,8.58446,0,0,0,1.29726,0.05631,8.83041,3.15876,0.0016,8.8412,3.1588,3.1588,0.09135,2,0.0563,0,0,34.27397,12.6389,0.2566,0.2872,2,False,running
4c5679641a,formation_4_gate_rejoin,55,11.0,1784473000,completion_astar,finish_first,r03,r03,True,upper,member,local,2,3,2.93765,0.1429,-0.04045,0.31158,0.00765,818,822,13,174,0,0,1000,---,False,0.31136,-0.01223,0.31158,0.00765,3.40652,0.12457,cached_path_to_final_target,w,"$1,0,0,0,0,0,0,0,0#",16000,16000,Set tank.c app_speed/duty level to the logged pwm before sending the move key/protocol command; e=stop.,3.14854,8.55244,0,0,0,1.73583,0.05982,8.8526,3.15876,0.0016,8.8412,3.1588,3.1588,0.09135,2,0.0563,0,0,34.27397,12.6389,0.2566,0.2872,2,False,running
4c5679641a,formation_4_gate_rejoin,55,11.0,1784473000,completion_astar,finish_first,r04,r04,True,upper,member,local,3,3,3.37997,0.1404,-0.04407,0.20158,-0.00072,531,530,16,130,0,0,1000,---,False,0.10895,-0.00482,0.20158,-0.00072,3.86565,0.11892,cached_path_to_final_target,w,"$1,0,0,0,0,0,0,0,0#",11000,11000,Set tank.c app_speed/duty level to the logged pwm before sending the move key/protocol command; e=stop.,3.17092,8.58424,0,0,0,1.29684,0.05631,8.8303,3.15876,0.0016,8.8412,3.1588,3.1588,0.09135,2,0.0563,0,0,34.27397,12.6389,0.2566,0.2872,2,False,running
4c5679641a,formation_4_gate_rejoin,56,11.2,1784473200,completion_astar,finish_first,r01,r01,True,lower,member,local,3,3,2.97781,-0.13715,0.04459,0.20157,0.00881,529,532,-14,170,0,0,0001,---,False,0.14579,0.00671,0.20157,0.00881,3.46355,-0.11708,cached_path_to_final_target; completion_unstuck,w,"$1,0,0,0,0,0,0,0,0#",11000,11000,Set tank.c app_speed/duty level to the logged pwm before sending the move key/protocol command; e=stop.,3.18884,8.66871,0,0,0,1.69649,0.05632,8.81249,3.21003,0.00168,8.79,3.21,3.21,0.09269,2,0.0506,0,0,34.85381,12.84416,0.2566,0.2866,2,False,running
4c5679641a,formation_4_gate_rejoin,56,11.2,1784473200,completion_astar,finish_first,r02,r02,True,lower,member,local,3,3,3.44213,-0.135,0.04727,0.31157,0.00036,820,820,-17,124,0,0,0001,---,False,0.31125,0.01474,0.31157,0.00036,3.91084,-0.1128,cached_path_to_final_target,w,"$1,0,0,0,0,0,0,0,0#",16000,16000,Set tank.c app_speed/duty level to the logged pwm before sending the move key/protocol command; e=stop.,3.23323,8.75851,0,1,0,1.23604,0.05061,8.76819,3.21003,0.00168,8.79,3.21,3.21,0.09269,2,0.0506,0,0,34.85381,12.84416,0.2566,0.2866,2,False,running
4c5679641a,formation_4_gate_rejoin,56,11.2,1784473200,completion_astar,finish_first,r03,r03,True,upper,member,local,3,3,2.97793,0.14121,-0.04211,0.20158,-0.00832,532,529,14,170,0,0,1000,---,False,0.14581,-0.00633,0.20158,-0.00832,3.46372,0.12225,cached_path_to_final_target; completion_unstuck,w,"$1,0,0,0,0,0,0,0,0#",11000,11000,Set tank.c app_speed/duty level to the logged pwm before sending the move key/protocol command; e=stop.,3.18885,8.66831,0,0,0,1.69594,0.05632,8.81234,3.21003,0.00168,8.79,3.21,3.21,0.09269,2,0.0506,0,0,34.85381,12.84416,0.2566,0.2866,2,False,running
4c5679641a,formation_4_gate_rejoin,56,11.2,1784473200,completion_astar,finish_first,r04,r04,True,upper,member,local,3,3,3.44223,0.13765,-0.04413,0.31158,-0.0003,820,820,17,124,0,0,1000,---,False,0.3113,-0.01376,0.31158,-0.0003,3.911,0.11692,cached_path_to_final_target,w,"$1,0,0,0,0,0,0,0,0#",16000,16000,Set tank.c app_speed/duty level to the logged pwm before sending the move key/protocol command; e=stop.,3.23324,8.75829,0,1,0,1.23556,0.05061,8.76807,3.21003,0.00168,8.79,3.21,3.21,0.09269,2,0.0506,0,0,34.85381,12.84416,0.2566,0.2866,2,False,running
4c5679641a,formation_4_gate_rejoin,57,11.4,1784473400,completion_astar,finish_first,r01,r01,True,lower,member,local,3,3,3.04007,-0.13448,0.04286,0.31157,-0.00868,822,818,-14,163,0,0,0001,---,False,0.31133,0.01293,0.31157,-0.00868,3.5089,-0.1151,path_to_final_target,w,"$1,0,0,0,0,0,0,0,0#",16000,16000,Set tank.c app_speed/duty level to the logged pwm before sending the move key/protocol command; e=stop.,3.25116,8.84293,0,1,0,1.63489,0.05113,8.75026,3.26129,0.00174,8.7387,3.2613,3.2613,0.09719,2,0.0469,0,0,35.43356,13.04942,0.2566,0.2861,2,False,running
4c5679641a,formation_4_gate_rejoin,57,11.4,1784473400,completion_astar,finish_first,r02,r02,True,lower,member,local,3,3,3.4824,-0.1331,0.0473,0.20157,0.00015,530,530,-17,120,0,0,0001,---,False,0.10894,0.00516,0.20157,0.00015,3.96801,-0.1101,path_to_final_target,w,"$1,0,0,0,0,0,0,0,0#",11000,11000,Set tank.c app_speed/duty level to the logged pwm before sending the move key/protocol command; e=stop.,3.27354,8.87412,0,2,0,1.19649,0.04693,8.72794,3.26129,0.00174,8.7387,3.2613,3.2613,0.09719,2,0.0469,0,0,35.43356,13.04942,0.2566,0.2861,2,False,running
4c5679641a,formation_4_gate_rejoin,57,11.4,1784473400,completion_astar,finish_first,r03,r03,True,upper,member,local,3,3,3.0402,0.13868,-0.04047,0.31158,0.0082,818,822,14,163,0,0,1000,---,False,0.31136,-0.01221,0.31158,0.0082,3.50907,0.12038,path_to_final_target,w,"$1,0,0,0,0,0,0,0,0#",16000,16000,Set tank.c app_speed/duty level to the logged pwm before sending the move key/protocol command; e=stop.,3.25117,8.84252,0,1,0,1.6343,0.05113,8.7501,3.26129,0.00174,8.7387,3.2613,3.2613,0.09719,2,0.0469,0,0,35.43356,13.04942,0.2566,0.2861,2,False,running
4c5679641a,formation_4_gate_rejoin,57,11.4,1784473400,completion_astar,finish_first,r04,r04,True,upper,member,local,3,3,3.48251,0.13587,-0.04416,0.20158,-0.00013,531,530,17,120,0,0,1000,---,False,0.10895,-0.00482,0.20158,-0.00013,3.96818,0.1144,path_to_final_target,w,"$1,0,0,0,0,0,0,0,0#",11000,11000,Set tank.c app_speed/duty level to the logged pwm before sending the move key/protocol command; e=stop.,3.27356,8.87399,0,2,0,1.19597,0.04693,8.72781,3.26129,0.00174,8.7387,3.2613,3.2613,0.09719,2,0.0469,0,0,35.43356,13.04942,0.2566,0.2861,2,False,running
4c5679641a,formation_4_gate_rejoin,58,11.6,1784473600,completion_astar,finish_first,r01,r01,True,lower,member,local,3,3,3.08035,-0.13269,0.04456,0.20157,0.00854,529,532,-14,160,0,0,0001,---,False,0.14579,0.0067,0.20157,0.00854,3.56609,-0.11265,cached_path_to_final_target; completion_unstuck,w,"$1,0,0,0,0,0,0,0,0#",11000,11000,Set tank.c app_speed/duty level to the logged pwm before sending the move key/protocol command; e=stop.,3.29147,8.95881,0,2,0,1.59508,0.04764,8.71,3.31256,0.00182,8.6874,3.3126,3.3126,0.09829,2,0.0412,0,0,36.0134,13.25469,0.2566,0.2856,2,False,running
4c5679641a,formation_4_gate_rejoin,58,11.6,1784473600,completion_astar,finish_first,r02,r02,True,lower,member,local,3,3,3.54464,-0.13015,0.04731,0.31157,6e-05,820,820,-18,114,0,0,0001,---,False,0.31125,0.01474,0.31157,6e-05,4.01335,-0.10795,cached_path_to_final_target,w,"$1,0,0,0,0,0,0,0,0#",16000,16000,Set tank.c app_speed/duty level to the logged pwm before sending the move key/protocol command; e=stop.,3.33586,9.04817,0,3,0,1.13546,0.04123,8.66572,3.31256,0.00182,8.6874,3.3126,3.3126,0.09829,2,0.0412,0,0,36.0134,13.25469,0.2566,0.2856,2,False,running
4c5679641a,formation_4_gate_rejoin,58,11.6,1784473600,completion_astar,finish_first,r03,r03,True,upper,member,local,3,3,3.08048,0.13699,-0.04208,0.20158,-0.00806,532,529,14,159,0,0,1000,---,False,0.14581,-0.00632,0.20158,-0.00806,3.56626,0.11807,cached_path_to_final_target; completion_unstuck,w,"$1,0,0,0,0,0,0,0,0#",11000,11000,Set tank.c app_speed/duty level to the logged pwm before sending the move key/protocol command; e=stop.,3.29148,8.95839,0,2,0,1.59446,0.04764,8.70983,3.31256,0.00182,8.6874,3.3126,3.3126,0.09829,2,0.0412,0,0,36.0134,13.25469,0.2566,0.2856,2,False,running
4c5679641a,formation_4_gate_rejoin,58,11.6,1784473600,completion_astar,finish_first,r04,r04,True,upper,member,local,3,3,3.54476,0.13312,-0.04417,0.31158,-5e-05,820,820,18,113,0,0,1000,---,False,0.3113,-0.01376,0.31158,-5e-05,4.01353,0.11239,cached_path_to_final_target,w,"$1,0,0,0,0,0,0,0,0#",16000,16000,Set tank.c app_speed/duty level to the logged pwm before sending the move key/protocol command; e=stop.,3.33587,9.04804,0,3,0,1.13488,0.04123,8.66558,3.31256,0.00182,8.6874,3.3126,3.3126,0.09829,2,0.0412,0,0,36.0134,13.25469,0.2566,0.2856,2,False,running
4c5679641a,formation_4_gate_rejoin,59,11.8,1784473800,completion_astar,finish_first,r01,r01,True,lower,member,local,3,3,3.1426,-0.13002,0.04281,0.31157,-0.00877,822,818,-15,153,0,0,0001,---,False,0.31133,0.01291,0.31157,-0.00877,3.61144,-0.11067,cached_path_to_final_target,w,"$1,0,0,0,0,0,0,0,0#",16000,16000,Set tank.c app_speed/duty level to the logged pwm before sending the move key/protocol command; e=stop.,3.35379,9.13303,0,3,0,1.53358,0.04245,8.64777,3.36382,0.00189,8.6362,3.3638,3.3638,0.10302,2,0.0375,0,0,36.59304,13.45995,0.2566,0.2851,2,False,running
4c5679641a,formation_4_gate_rejoin,59,11.8,1784473800,completion_astar,finish_first,r02,r02,True,lower,member,local,3,3,3.58491,-0.12824,0.04732,0.20157,3e-05,530,530,-18,110,0,0,0001,---,False,0.10894,0.00516,0.20157,3e-05,4.07052,-0.10524,cached_path_to_final_target,w,"$1,0,0,0,0,0,0,0,0#",11000,11000,Set tank.c app_speed/duty level to the logged pwm before sending the move key/protocol command; e=stop.,3.37617,9.16377,0,4,0,1.09605,0.03754,8.62547,3.36382,0.00189,8.6362,3.3638,3.3638,0.10302,2,0.0375,0,0,36.59304,13.45995,0.2566,0.2851,2,False,running
4c5679641a,formation_4_gate_rejoin,59,11.8,1784473800,completion_astar,finish_first,r03,r03,True,upper,member,local,3,3,3.14274,0.13447,-0.04043,0.31158,0.00829,818,822,15,153,0,0,1000,---,False,0.31136,-0.01219,0.31158,0.00829,3.61161,0.1162,cached_path_to_final_target,w,"$1,0,0,0,0,0,0,0,0#",16000,16000,Set tank.c app_speed/duty level to the logged pwm before sending the move key/protocol command; e=stop.,3.3538,9.1326,0,3,0,1.53291,0.04245,8.64759,3.36382,0.00189,8.6362,3.3638,3.3638,0.10302,2,0.0375,0,0,36.59304,13.45995,0.2566,0.2851,2,False,running
4c5679641a,formation_4_gate_rejoin,59,11.8,1784473800,completion_astar,finish_first,r04,r04,True,upper,member,local,3,3,3.58504,0.13134,-0.04417,0.20158,-2e-05,530,530,18,110,0,0,1000,---,False,0.10895,-0.00482,0.20158,-2e-05,4.07072,0.10987,cached_path_to_final_target,w,"$1,0,0,0,0,0,0,0,0#",11000,11000,Set tank.c app_speed/duty level to the logged pwm before sending the move key/protocol command; e=stop.,3.37619,9.16365,0,4,0,1.09541,0.03754,8.62532,3.36382,0.00189,8.6362,3.3638,3.3638,0.10302,2,0.0375,0,0,36.59304,13.45995,0.2566,0.2851,2,False,running
4c5679641a,formation_4_gate_rejoin,60,12.0,1784474000,completion_astar,finish_first,r01,r01,True,lower,member,local,3,3,3.18288,-0.12822,0.04451,0.20157,0.00848,529,532,-15,149,0,0,0001,---,False,0.14579,0.00669,0.20157,0.00848,3.66862,-0.10822,cached_path_to_final_target; completion_unstuck,w,"$1,0,0,0,0,0,0,0,0#",11000,11000,Set tank.c app_speed/duty level to the logged pwm before sending the move key/protocol command; e=stop.,3.3941,9.2489,0,4,0,1.49384,0.03896,8.60751,3.41509,0.00196,8.5849,3.4151,3.4151,0.10389,2,0.0318,0,0,37.17289,13.66521,0.2566,0.2846,2,False,running
4c5679641a,formation_4_gate_rejoin,60,12.0,1784474000,completion_astar,finish_first,r02,r02,True,lower,member,local,3,3,3.64716,-0.12529,0.04732,0.31157,1e-05,820,820,-19,104,0,0,0001,---,False,0.31125,0.01474,0.31157,1e-05,4.11586,-0.1031,cached_path_to_final_target,w,"$1,0,0,0,0,0,0,0,0#",16000,16000,Set tank.c app_speed/duty level to the logged pwm before sending the move key/protocol command; e=stop.,3.43849,9.33782,0,5,0,1.03525,0.03184,8.56326,3.41509,0.00196,8.5849,3.4151,3.4151,0.10389,2,0.0318,0,0,37.17289,13.66521,0.2566,0.2846,2,False,running
4c5679641a,formation_4_gate_rejoin,60,12.0,1784474000,completion_astar,finish_first,r03,r03,True,upper,member,local,3,3,3.18302,0.13278,-0.04203,0.20158,-0.00801,532,529,15,149,0,0,1000,---,False,0.14581,-0.00632,0.20158,-0.00801,3.66881,0.11388,cached_path_to_final_target; completion_unstuck,w,"$1,0,0,0,0,0,0,0,0#",11000,11000,Set tank.c app_speed/duty level to the logged pwm before sending the move key/protocol command; e=stop.,3.39411,9.24847,0,4,0,1.49313,0.03896,8.60733,3.41509,0.00196,8.5849,3.4151,3.4151,0.10389,2,0.0318,0,0,37.17289,13.66521,0.2566,0.2846,2,False,running
4c5679641a,formation_4_gate_rejoin,60,12.0,1784474000,completion_astar,finish_first,r04,r04,True,upper,member,local,3,3,3.64729,0.12858,-0.04417,0.31158,-1e-05,820,820,19,103,0,0,1000,---,False,0.3113,-0.01376,0.31158,-1e-05,4.11606,0.10786,cached_path_to_final_target,w,"$1,0,0,0,0,0,0,0,0#",16000,16000,Set tank.c app_speed/duty level to the logged pwm before sending the move key/protocol command; e=stop.,3.43851,9.33769,0,5,0,1.03453,0.03184,8.56309,3.41509,0.00196,8.5849,3.4151,3.4151,0.10389,2,0.0318,0,0,37.17289,13.66521,0.2566,0.2846,2,False,running
4c5679641a,formation_4_gate_rejoin,61,12.2,1784474200,completion_astar,finish_first,r01,r01,True,lower,member,local,3,3,3.24514,-0.12556,0.04275,0.31157,-0.00878,822,818,-16,143,0,0,0001,---,False,0.31133,0.01289,0.31157,-0.00878,3.71397,-0.10624,path_to_final_target,w,"$1,0,0,0,0,0,0,0,0#",16000,16000,Set tank.c app_speed/duty level to the logged pwm before sending the move key/protocol command; e=stop.,3.45642,9.42312,0,5,0,1.43245,0.03379,8.54528,3.46635,0.00203,8.5336,3.4664,3.4664,0.10881,2,0.0282,0,0,37.75253,13.87047,0.2566,0.2841,2,False,running
4c5679641a,formation_4_gate_rejoin,61,12.2,1784474200,completion_astar,finish_first,r02,r02,True,lower,member,local,3,3,3.68743,-0.12339,0.04732,0.20157,0.0,530,530,-20,100,0,0,0001,---,False,0.10894,0.00516,0.20157,0.0,4.17304,-0.10039,path_to_final_target,w,"$1,0,0,0,0,0,0,0,0#",11000,11000,Set tank.c app_speed/duty level to the logged pwm before sending the move key/protocol command; e=stop.,3.4788,9.45343,0,6,0,0.99601,0.02815,8.52301,3.46635,0.00203,8.5336,3.4664,3.4664,0.10881,2,0.0282,0,0,37.75253,13.87047,0.2566,0.2841,2,False,running
4c5679641a,formation_4_gate_rejoin,61,12.2,1784474200,completion_astar,finish_first,r03,r03,True,upper,member,local,3,3,3.24528,0.13026,-0.04037,0.31158,0.00829,818,822,15,143,0,0,1000,---,False,0.31136,-0.01217,0.31158,0.00829,3.71416,0.11202,path_to_final_target,w,"$1,0,0,0,0,0,0,0,0#",16000,16000,Set tank.c app_speed/duty level to the logged pwm before sending the move key/protocol command; e=stop.,3.45643,9.42268,0,5,0,1.43168,0.03379,8.54509,3.46635,0.00203,8.5336,3.4664,3.4664,0.10881,2,0.0282,0,0,37.75253,13.87047,0.2566,0.2841,2,False,running
4c5679641a,formation_4_gate_rejoin,61,12.2,1784474200,completion_astar,finish_first,r04,r04,True,upper,member,local,3,3,3.68757,0.1268,-0.04418,0.20158,-0.0,530,530,19,100,0,0,1000,---,False,0.10895,-0.00482,0.20158,-0.0,4.17325,0.10533,path_to_final_target,w,"$1,0,0,0,0,0,0,0,0#",11000,11000,Set tank.c app_speed/duty level to the logged pwm before sending the move key/protocol command; e=stop.,3.47882,9.4533,0,6,0,0.99523,0.02815,8.52284,3.46635,0.00203,8.5336,3.4664,3.4664,0.10881,2,0.0282,0,0,37.75253,13.87047,0.2566,0.2841,2,False,running
4c5679641a,formation_4_gate_rejoin,62,12.4,1784474400,completion_astar,finish_first,r01,r01,True,lower,member,local,3,3,3.28541,-0.12377,0.04444,0.20157,0.00845,529,532,-16,139,0,0,0001,---,False,0.1458,0.00668,0.20157,0.00845,3.77116,-0.10379,cached_path_to_final_target; completion_unstuck,w,"$1,0,0,0,0,0,0,0,0#",11000,11000,Set tank.c app_speed/duty level to the logged pwm before sending the move key/protocol command; e=stop.,3.49673,9.539,0,6,0,1.39278,0.0303,8.50503,3.51762,0.0021,8.4824,3.5176,3.5176,0.10949,2,0.0225,0,0,38.33237,14.07573,0.2566,0.2837,2,False,running
4c5679641a,formation_4_gate_rejoin,62,12.4,1784474400,completion_astar,finish_first,r02,r02,True,lower,member,local,3,3,3.74967,-0.12044,0.04732,0.31157,0.0,820,820,-20,94,0,0,0001,---,False,0.31125,0.01474,0.31157,0.0,4.21838,-0.09824,cached_path_to_final_target,w,"$1,0,0,0,0,0,0,0,0#",16000,16000,Set tank.c app_speed/duty level to the logged pwm before sending the move key/protocol command; e=stop.,3.54112,9.62747,0,7,0,0.93551,0.02245,8.4608,3.51762,0.0021,8.4824,3.5176,3.5176,0.10949,2,0.0225,0,0,38.33237,14.07573,0.2566,0.2837,2,False,running
4c5679641a,formation_4_gate_rejoin,62,12.4,1784474400,completion_astar,finish_first,r03,r03,True,upper,member,local,3,3,3.28556,0.12857,-0.04197,0.20158,-0.00798,532,529,16,139,0,0,1000,---,False,0.14581,-0.00631,0.20158,-0.00798,3.77135,0.1097,cached_path_to_final_target; completion_unstuck,w,"$1,0,0,0,0,0,0,0,0#",11000,11000,Set tank.c app_speed/duty level to the logged pwm before sending the move key/protocol command; e=stop.,3.49674,9.53854,0,6,0,1.39198,0.0303,8.50483,3.51762,0.0021,8.4824,3.5176,3.5176,0.10949,2,0.0225,0,0,38.33237,14.07573,0.2566,0.2837,2,False,running
4c5679641a,formation_4_gate_rejoin,62,12.4,1784474400,completion_astar,finish_first,r04,r04,True,upper,member,local,3,3,3.74983,0.12405,-0.04418,0.31158,-0.0,820,820,20,93,0,0,1000,---,False,0.3113,-0.01376,0.31158,-0.0,4.2186,0.10333,cached_path_to_final_target,w,"$1,0,0,0,0,0,0,0,0#",16000,16000,Set tank.c app_speed/duty level to the logged pwm before sending the move key/protocol command; e=stop.,3.54114,9.62735,0,7,0,0.93464,0.02245,8.46061,3.51762,0.0021,8.4824,3.5176,3.5176,0.10949,2,0.0225,0,0,38.33237,14.07573,0.2566,0.2837,2,False,running
4c5679641a,formation_4_gate_rejoin,63,12.6,1784474600,completion_astar,finish_first,r01,r01,True,lower,member,local,3,3,3.34767,-0.12111,0.04268,0.31157,-0.00878,822,818,-16,133,0,0,0001,---,False,0.31133,0.01287,0.31157,-0.00878,3.8165,-0.10182,cached_path_to_final_target,w,"$1,0,0,0,0,0,0,0,0#",16000,16000,Set tank.c app_speed/duty level to the logged pwm before sending the move key/protocol command; e=stop.,3.55905,9.71322,0,7,0,1.33152,0.02513,8.4428,3.56889,0.00217,8.4311,3.5689,3.5689,0.11458,2,0.0188,0,0,38.91201,14.28099,0.2566,0.2832,2,False,running
4c5679641a,formation_4_gate_rejoin,63,12.6,1784474600,completion_astar,finish_first,r02,r02,True,lower,member,local,3,3,3.78994,-0.11853,0.04732,0.20157,0.0,530,530,-21,90,0,0,0001,---,False,0.10894,0.00516,0.20157,0.0,4.27555,-0.09554,cached_path_to_final_target,w,"$1,0,0,0,0,0,0,0,0#",11000,11000,Set tank.c app_speed/duty level to the logged pwm before sending the move key/protocol command; e=stop.,3.58143,9.74308,0,8,0,0.89648,0.01877,8.42055,3.56889,0.00217,8.4311,3.5689,3.5689,0.11458,2,0.0188,0,0,38.91201,14.28099,0.2566,0.2832,2,False,running
4c5679641a,formation_4_gate_rejoin,63,12.6,1784474600,completion_astar,finish_first,r03,r03,True,upper,member,local,3,3,3.34783,0.12606,-0.04031,0.31158,0.00829,818,822,16,133,0,0,1000,---,False,0.31136,-0.01215,0.31158,0.00829,3.81671,0.10784,cached_path_to_final_target,w,"$1,0,0,0,0,0,0,0,0#",16000,16000,Set tank.c app_speed/duty level to the logged pwm before sending the move key/protocol command; e=stop.,3.55906,9.71275,0,7,0,1.33065,0.02513,8.44259,3.56889,0.00217,8.4311,3.5689,3.5689,0.11458,2,0.0188,0,0,38.91201,14.28099,0.2566,0.2832,2,False,running
4c5679641a,formation_4_gate_rejoin,63,12.6,1784474600,completion_astar,finish_first,r04,r04,True,upper,member,local,3,3,3.7901,0.12227,-0.04418,0.20158,-0.0,530,530,21,90,0,0,1000,---,False,0.10895,-0.00482,0.20158,-0.0,4.27578,0.1008,cached_path_to_final_target,w,"$1,0,0,0,0,0,0,0,0#",11000,11000,Set tank.c app_speed/duty level to the logged pwm before sending the move key/protocol command; e=stop.,3.58145,9.74295,0,8,0,0.89555,0.01877,8.42035,3.56889,0.00217,8.4311,3.5689,3.5689,0.11458,2,0.0188,0,0,38.91201,14.28099,0.2566,0.2832,2,False,running
4c5679641a,formation_4_gate_rejoin,64,12.8,1784474800,completion_astar,finish_first,r01,r01,True,lower,member,local,3,3,3.38794,-0.11932,0.04437,0.20157,0.00843,529,532,-17,129,0,0,0001,---,False,0.1458,0.00667,0.20157,0.00843,3.87369,-0.09938,cached_path_to_final_target; completion_unstuck,w,"$1,0,0,0,0,0,0,0,0#",11000,11000,Set tank.c app_speed/duty level to the logged pwm before sending the move key/protocol command; e=stop.,3.59936,9.8291,0,8,0,1.29195,0.02166,8.40254,3.62015,0.00225,8.3799,3.6202,3.6201,0.11507,2,0.0131,0,0,39.49185,14.48625,0.2566,0.2828,2,False,running
4c5679641a,formation_4_gate_rejoin,64,12.8,1784474800,completion_astar,finish_first,r02,r02,True,lower,member,local,3,3,3.85219,-0.11558,0.04732,0.31157,0.0,820,820,-22,84,0,0,0001,---,False,0.31125,0.01474,0.31157,0.0,4.32089,-0.09339,cached_path_to_final_target,w,"$1,0,0,0,0,0,0,0,0#",16000,16000,Set tank.c app_speed/duty level to the logged pwm before sending the move key/protocol command; e=stop.,3.64375,9.91713,0,9,0,0.83638,0.01307,8.35835,3.62015,0.00225,8.3799,3.6202,3.6201,0.11507,2,0.0131,0,0,39.49185,14.48625,0.2566,0.2828,2,False,running
4c5679641a,formation_4_gate_rejoin,64,12.8,1784474800,completion_astar,finish_first,r03,r03,True,upper,member,local,3,3,3.38811,0.12437,-0.0419,0.20158,-0.00796,532,529,17,129,0,0,1000,---,False,0.14581,-0.0063,0.20158,-0.00796,3.8739,0.10553,cached_path_to_final_target; completion_unstuck,w,"$1,0,0,0,0,0,0,0,0#",11000,11000,Set tank.c app_speed/duty level to the logged pwm before sending the move key/protocol command; e=stop.,3.59937,9.82862,0,8,0,1.29103,0.02166,8.40233,3.62015,0.00225,8.3799,3.6202,3.6201,0.11507,2,0.0131,0,0,39.49185,14.48625,0.2566,0.2828,2,False,running
4c5679641a,formation_4_gate_rejoin,64,12.8,1784474800,completion_astar,finish_first,r04,r04,True,upper,member,local,3,3,3.85236,0.11952,-0.04418,0.31158,-0.0,820,820,21,84,0,0,1000,---,False,0.3113,-0.01376,0.31158,-0.0,4.32113,0.0988,cached_path_to_final_target,w,"$1,0,0,0,0,0,0,0,0#",16000,16000,Set tank.c app_speed/duty level to the logged pwm before sending the move key/protocol command; e=stop.,3.64377,9.917,0,9,0,0.83533,0.01307,8.35813,3.62015,0.00225,8.3799,3.6202,3.6201,0.11507,2,0.0131,0,0,39.49185,14.48625,0.2566,0.2828,2,False,running
4c5679641a,formation_4_gate_rejoin,65,13.0,1784475000,completion_astar,finish_first,r01,r01,True,lower,member,local,3,3,3.4502,-0.11667,0.04262,0.31157,-0.00877,822,818,-17,123,0,0,0001,---,False,0.31134,0.01285,0.31157,-0.00877,3.91904,-0.09741,path_to_final_target,w,"$1,0,0,0,0,0,0,0,0#",16000,16000,Set tank.c app_speed/duty level to the logged pwm before sending the move key/protocol command; e=stop.,3.66168,10.00332,0,9,0,1.23085,0.0165,8.34032,3.67142,0.00231,8.3286,3.6714,3.6714,0.12031,4,0.0094,0,0,40.07149,14.69152,0.2566,0.2824,2,False,running
4c5679641a,formation_4_gate_rejoin,65,13.0,1784475000,completion_astar,finish_first,r02,r02,True,lower,member,local,3,3,3.89246,-0.11368,0.04732,0.20157,0.0,530,530,-22,80,0,0,0001,---,False,0.10894,0.00516,0.20157,0.0,4.37807,-0.09068,path_to_final_target,w,"$1,0,0,0,0,0,0,0,0#",11000,11000,Set tank.c app_speed/duty level to the logged pwm before sending the move key/protocol command; e=stop.,3.68406,10.03273,0,10,0,0.79765,0.00938,8.3181,3.67142,0.00231,8.3286,3.6714,3.6714,0.12031,4,0.0094,0,0,40.07149,14.69152,0.2566,0.2824,2,False,running
4c5679641a,formation_4_gate_rejoin,65,13.0,1784475000,completion_astar,finish_first,r03,r03,True,upper,member,local,3,3,3.45037,0.12186,-0.04025,0.31158,0.00828,818,822,17,123,0,0,1000,---,False,0.31136,-0.01213,0.31158,0.00828,3.91925,0.10367,path_to_final_target,w,"$1,0,0,0,0,0,0,0,0#",16000,16000,Set tank.c app_speed/duty level to the logged pwm before sending the move key/protocol command; e=stop.,3.66169,10.00283,0,9,0,1.22986,0.0165,8.34009,3.67142,0.00231,8.3286,3.6714,3.6714,0.12031,4,0.0094,0,0,40.07149,14.69152,0.2566,0.2824,2,False,running
4c5679641a,formation_4_gate_rejoin,65,13.0,1784475000,completion_astar,finish_first,r04,r04,True,upper,member,local,3,3,3.89264,0.11774,-0.04418,0.20158,-0.0,530,530,22,80,0,0,1000,---,False,0.10895,-0.00482,0.20158,-0.0,4.37831,0.09627,path_to_final_target,w,"$1,0,0,0,0,0,0,0,0#",11000,11000,Set tank.c app_speed/duty level to the logged pwm before sending the move key/protocol command; e=stop.,3.68409,10.03261,0,10,0,0.79652,0.00938,8.31788,3.67142,0.00231,8.3286,3.6714,3.6714,0.12031,4,0.0094,0,0,40.07149,14.69152,0.2566,0.2824,2,False,running
4c5679641a,formation_4_gate_rejoin,66,13.2,1784475200,completion_astar,finish_first,r01,r01,True,lower,member,local,3,3,3.49048,-0.11488,0.0443,0.20157,0.00841,529,532,-18,119,0,0,0001,---,False,0.1458,0.00666,0.20157,0.00841,3.97622,-0.09497,cached_path_to_final_target; completion_unstuck,w,"$1,0,0,0,0,0,0,0,0#",11000,11000,Set tank.c app_speed/duty level to the logged pwm before sending the move key/protocol command; e=stop.,3.70199,10.1192,0,10,0,1.19139,0.01302,8.30007,3.72268,0.00239,8.2773,3.7227,3.7227,0.12064,2,0.0037,0,0,40.65133,14.89678,0.2566,0.282,2,False,running
4c5679641a,formation_4_gate_rejoin,66,13.2,1784475200,completion_astar,finish_first,r02,r02,True,lower,member,local,3,3,3.9547,-0.11073,0.04732,0.31157,0.0,820,820,-23,74,0,0,0001,---,False,0.31125,0.01474,0.31157,0.0,4.42341,-0.08853,cached_path_to_final_target,w,"$1,0,0,0,0,0,0,0,0#",16000,16000,Set tank.c app_speed/duty level to the logged pwm before sending the move key/protocol command; e=stop.,3.74637,10.20678,0,11,0,0.73808,0.00368,8.25589,3.72268,0.00239,8.2773,3.7227,3.7227,0.12064,2,0.0037,0,0,40.65133,14.89678,0.2566,0.282,2,False,running
4c5679641a,formation_4_gate_rejoin,66,13.2,1784475200,completion_astar,finish_first,r03,r03,True,upper,member,local,3,3,3.49065,0.12018,-0.04183,0.20158,-0.00795,532,529,17,119,0,0,1000,---,False,0.14581,-0.00629,0.20158,-0.00795,3.97644,0.10137,cached_path_to_final_target; completion_unstuck,w,"$1,0,0,0,0,0,0,0,0#",11000,11000,Set tank.c app_speed/duty level to the logged pwm before sending the move key/protocol command; e=stop.,3.70201,10.1187,0,10,0,1.19035,0.01302,8.29983,3.72268,0.00239,8.2773,3.7227,3.7227,0.12064,2,0.0037,0,0,40.65133,14.89678,0.2566,0.282,2,False,running
4c5679641a,formation_4_gate_rejoin,66,13.2,1784475200,completion_astar,finish_first,r04,r04,True,upper,member,local,3,3,3.95489,0.11499,-0.04418,0.31158,-0.0,820,820,23,74,0,0,1000,---,False,0.3113,-0.01376,0.31158,-0.0,4.42366,0.09427,cached_path_to_final_target,w,"$1,0,0,0,0,0,0,0,0#",16000,16000,Set tank.c app_speed/duty level to the logged pwm before sending the move key/protocol command; e=stop.,3.7464,10.20665,0,11,0,0.73681,0.00368,8.25566,3.72268,0.00239,8.2773,3.7227,3.7227,0.12064,2,0.0037,0,0,40.65133,14.89678,0.2566,0.282,2,False,running
4c5679641a,formation_4_gate_rejoin,67,13.4,1784475400,completion_astar,finish_first,r01,r01,True,lower,member,local,3,3,3.55274,-0.11223,0.04255,0.31157,-0.00876,822,818,-18,113,0,0,0001,---,False,0.31134,0.01283,0.31157,-0.00876,4.02157,-0.093,cached_path_to_final_target,w,"$1,0,0,0,0,0,0,0,0#",16000,16000,Set tank.c app_speed/duty level to the logged pwm before sending the move key/protocol command; e=stop.,3.76431,10.29341,0,11,0,1.13049,0.00787,8.23784,3.77395,0.00246,8.2261,3.7739,3.7739,0.12601,4,-0.0,1,0,41.23096,15.10204,0.2566,0.2816,2,False,running
4c5679641a,formation_4_gate_rejoin,67,13.4,1784475400,completion_astar,finish_first,r02,r02,True,lower,member,local,3,3,3.99497,-0.10882,0.04732,0.20157,0.0,530,530,-24,70,0,0,0001,---,False,0.10894,0.00516,0.20157,0.0,4.48058,-0.08583,cached_path_to_final_target,w,"$1,0,0,0,0,0,0,0,0#",11000,11000,Set tank.c app_speed/duty level to the logged pwm before sending the move key/protocol command; e=stop.,3.78669,10.32238,1,11,0,0.69976,-1e-05,8.21565,3.77395,0.00246,8.2261,3.7739,3.7739,0.12601,4,-0.0,1,0,41.23096,15.10204,0.2566,0.2816,2,False,running
4c5679641a,formation_4_gate_rejoin,67,13.4,1784475400,completion_astar,finish_first,r03,r03,True,upper,member,local,3,3,3.55292,0.11767,-0.04018,0.31158,0.00827,818,822,18,113,0,0,1000,---,False,0.31136,-0.01211,0.31158,0.00827,4.0218,0.09952,cached_path_to_final_target,w,"$1,0,0,0,0,0,0,0,0#",16000,16000,Set tank.c app_speed/duty level to the logged pwm before sending the move key/protocol command; e=stop.,3.76432,10.29291,0,11,0,1.12937,0.00787,8.2376,3.77395,0.00246,8.2261,3.7739,3.7739,0.12601,4,-0.0,1,0,41.23096,15.10204,0.2566,0.2816,2,False,running
4c5679641a,formation_4_gate_rejoin,67,13.4,1784475400,completion_astar,finish_first,r04,r04,True,upper,member,local,3,3,3.99517,0.11321,-0.04418,0.20158,-0.0,530,530,24,70,0,0,1000,---,False,0.10895,-0.00482,0.20158,-0.0,4.48085,0.09174,cached_path_to_final_target,w,"$1,0,0,0,0,0,0,0,0#",11000,11000,Set tank.c app_speed/duty level to the logged pwm before sending the move key/protocol command; e=stop.,3.78672,10.32226,1,11,0,0.69839,-1e-05,8.2154,3.77395,0.00246,8.2261,3.7739,3.7739,0.12601,4,-0.0,1,0,41.23096,15.10204,0.2566,0.2816,2,False,running
4c5679641a,formation_4_gate_rejoin,68,13.6,1784475600,completion_astar,finish_first,r01,r01,True,lower,member,local,3,3,3.59301,-0.11045,0.04423,0.20157,0.00839,529,532,-19,109,0,0,0001,---,False,0.1458,0.00664,0.20157,0.00839,4.07876,-0.09057,cached_path_to_final_target; completion_unstuck,w,"$1,0,0,0,0,0,0,0,0#",11000,11000,Set tank.c app_speed/duty level to the logged pwm before sending the move key/protocol command; e=stop.,3.80462,10.40929,0,12,0,1.09119,0.0044,8.19759,3.82521,0.00253,8.1748,3.8252,3.8252,0.1262,2,-0.0057,2,0,41.8108,15.3073,0.2566,0.2813,2,False,running
4c5679641a,formation_4_gate_rejoin,68,13.6,1784475600,completion_astar,finish_first,r02,r02,True,lower,member,local,3,3,4.05722,-0.10587,0.04732,0.31157,0.0,820,820,-25,64,0,0,0001,---,False,0.31125,0.01474,0.31157,0.0,4.52592,-0.08368,cached_path_to_final_target,w,"$1,0,0,0,0,0,0,0,0#",16000,16000,Set tank.c app_speed/duty level to the logged pwm before sending the move key/protocol command; e=stop.,3.849,10.49643,2,11,0,0.64094,-0.00571,8.15345,3.82521,0.00253,8.1748,3.8252,3.8252,0.1262,2,-0.0057,2,0,41.8108,15.3073,0.2566,0.2813,2,False,running
4c5679641a,formation_4_gate_rejoin,68,13.6,1784475600,completion_astar,finish_first,r03,r03,True,upper,member,local,3,3,3.5932,0.11599,-0.04177,0.20158,-0.00793,532,529,19,109,0,0,1000,---,False,0.14581,-0.00628,0.20158,-0.00793,4.07899,0.09722,cached_path_to_final_target; completion_unstuck,w,"$1,0,0,0,0,0,0,0,0#",11000,11000,Set tank.c app_speed/duty level to the logged pwm before sending the move key/protocol command; e=stop.,3.80464,10.40878,0,12,0,1.09,0.0044,8.19734,3.82521,0.00253,8.1748,3.8252,3.8252,0.1262,2,-0.0057,2,0,41.8108,15.3073,0.2566,0.2813,2,False,running
4c5679641a,formation_4_gate_rejoin,68,13.6,1784475600,completion_astar,finish_first,r04,r04,True,upper,member,local,3,3,4.05742,0.11045,-0.04418,0.31158,-0.0,820,820,25,64,0,0,1000,---,False,0.3113,-0.01376,0.31158,-0.0,4.52619,0.08973,cached_path_to_final_target,w,"$1,0,0,0,0,0,0,0,0#",16000,16000,Set tank.c app_speed/duty level to the logged pwm before sending the move key/protocol command; e=stop.,3.84904,10.4963,2,11,0,0.63939,-0.00571,8.15318,3.82521,0.00253,8.1748,3.8252,3.8252,0.1262,2,-0.0057,2,0,41.8108,15.3073,0.2566,0.2813,2,False,running
4c5679641a,formation_4_gate_rejoin,69,13.8,1784475800,completion_astar,finish_first,r01,r01,True,lower,member,local,3,3,3.65528,-0.10888,0.02526,0.31142,-0.09485,839,800,-18,103,0,0,0001,---,False,0.31158,0.00323,0.31142,-0.09485,4.12444,-0.10495,path_to_final_target,w,"$1,0,0,0,0,0,0,0,0#",17000,16000,Set tank.c app_speed/duty level to the logged pwm before sending the move key/protocol command; e=stop.,3.86691,10.58426,0,13,0,1.03033,0.00033,8.13535,3.8758,0.00233,8.1242,3.8758,3.8758,0.13727,4,-0.0269,3,0,42.41339,15.51253,0.2565,0.2809,2,False,running
4c5679641a,formation_4_gate_rejoin,69,13.8,1784475800,completion_astar,finish_first,r02,r02,True,lower,member,local,3,3,4.0961,-0.09523,0.26732,0.20157,1.1,299,762,-39,61,0,0,0001,---,False,0.032,0.29528,0.20157,1.1,4.58353,-0.10048,path_to_final_target,a,"$3,0,0,0,0,0,0,0,0#",6000,15000,Set tank.c app_speed/duty level to the logged pwm before sending the move key/protocol command; e=stop.,3.88932,10.62314,3,11,0,0.60733,-0.02688,8.11471,3.8758,0.00233,8.1242,3.8758,3.8758,0.13727,4,-0.0269,3,0,42.41339,15.51253,0.2565,0.2809,2,False,running
4c5679641a,formation_4_gate_rejoin,69,13.8,1784475800,completion_astar,finish_first,r03,r03,True,upper,member,local,3,3,3.65546,0.11349,-0.04011,0.31158,0.00827,818,822,19,103,0,0,1000,---,False,0.31137,-0.01209,0.31158,0.00827,4.12435,0.09536,path_to_final_target,w,"$1,0,0,0,0,0,0,0,0#",16000,16000,Set tank.c app_speed/duty level to the logged pwm before sending the move key/protocol command; e=stop.,3.86695,10.58298,0,13,0,1.02926,0.00033,8.13511,3.8758,0.00233,8.1242,3.8758,3.8758,0.13727,4,-0.0269,3,0,42.41339,15.51253,0.2565,0.2809,2,False,running
4c5679641a,formation_4_gate_rejoin,69,13.8,1784475800,completion_astar,finish_first,r04,r04,True,upper,member,local,3,3,4.09634,0.09993,-0.26418,0.20158,-1.1,762,299,39,61,0,0,1000,---,False,0.03101,-0.29539,0.20158,-1.1,4.58338,0.08721,path_to_final_target,d,"$4,0,0,0,0,0,0,0,0#",15000,6000,Set tank.c app_speed/duty level to the logged pwm before sending the move key/protocol command; e=stop.,3.88935,10.62301,3,11,0,0.60558,-0.02688,8.11441,3.8758,0.00233,8.1242,3.8758,3.8758,0.13727,4,-0.0269,3,0,42.41339,15.51253,0.2565,0.2809,2,False,running
4c5679641a,formation_4_gate_rejoin,70,14.0,1784476000,completion_astar,finish_first,r01,r01,True,lower,member,local,3,3,3.69556,-0.10841,0.0117,0.20142,-0.0678,544,516,-18,99,0,0,0001,---,False,0.14592,0.00015,0.20142,-0.0678,4.18172,-0.10838,cached_path_to_final_target; completion_unstuck,w,"$1,0,0,0,0,0,0,0,0#",11000,10000,Set tank.c app_speed/duty level to the logged pwm before sending the move key/protocol command; e=stop.,3.90719,10.70013,1,13,0,0.99093,-0.00182,8.09508,3.92505,0.00202,8.075,3.925,3.925,0.14581,4,-0.0586,4,0,43.00317,15.7138,0.2516,0.2804,2,False,running
4c5679641a,formation_4_gate_rejoin,70,14.0,1784476000,completion_astar,finish_first,r02,r02,True,lower,member,local,3,3,4.15393,-0.07939,0.26732,0.29982,0.0,789,789,-41,56,0,0,0000,---,False,0.31159,-0.00266,0.29982,0.0,4.62802,-0.09976,cached_path_to_final_target,w,"$1,0,0,0,0,0,0,0,0#",16000,16000,Set tank.c app_speed/duty level to the logged pwm before sending the move key/protocol command; e=stop.,3.94928,10.801,4,11,0,0.55871,-0.05857,8.05712,3.92505,0.00202,8.075,3.925,3.925,0.14581,4,-0.0586,4,0,43.00317,15.7138,0.2516,0.2804,2,False,running
4c5679641a,formation_4_gate_rejoin,70,14.0,1784476000,completion_astar,finish_first,r03,r03,True,upper,member,local,3,3,3.69574,0.11181,-0.04169,0.20158,-0.00791,532,529,20,99,0,0,1000,---,False,0.14581,-0.00626,0.20158,-0.00791,4.18154,0.09307,cached_path_to_final_target; completion_unstuck,w,"$1,0,0,0,0,0,0,0,0#",11000,11000,Set tank.c app_speed/duty level to the logged pwm before sending the move key/protocol command; e=stop.,3.90727,10.69885,1,13,0,0.99007,-0.00182,8.09485,3.92505,0.00202,8.075,3.925,3.925,0.14581,4,-0.0586,4,0,43.00317,15.7138,0.2516,0.2804,2,False,running
4c5679641a,formation_4_gate_rejoin,70,14.0,1784476000,completion_astar,finish_first,r04,r04,True,upper,member,local,3,3,4.15495,0.08408,-0.26418,0.30356,-0.0,799,799,41,56,0,0,1000,---,False,0.31139,-0.01136,0.30356,-0.0,4.62784,0.08054,cached_path_to_final_target,w,"$1,0,0,0,0,0,0,0,0#",16000,16000,Set tank.c app_speed/duty level to the logged pwm before sending the move key/protocol command; e=stop.,3.95006,10.80318,4,11,0,0.55602,-0.05857,8.05604,3.92505,0.00202,8.075,3.925,3.925,0.14581,4,-0.0586,4,0,43.00317,15.7138,0.2516,0.2804,2,False,running
4c5679641a,formation_4_gate_rejoin,71,14.2,1784476200,completion_astar,finish_first,r01,r01,True,lower,member,local,3,3,3.75784,-0.10813,0.00436,0.31142,-0.03669,827,812,-18,93,0,0,0001,---,False,0.3116,-0.00044,0.31142,-0.03669,4.22711,-0.10915,cached_path_to_final_target,w,"$1,0,0,0,0,0,0,0,0#",17000,16000,Set tank.c app_speed/duty level to the logged pwm before sending the move key/protocol command; e=stop.,3.96948,10.87439,2,13,0,0.93006,-0.00459,8.0328,3.97313,0.00141,8.0269,3.9731,3.9731,0.16368,4,-0.0944,5,0,43.59456,15.91508,0.2516,0.2798,2,False,running
4c5679641a,formation_4_gate_rejoin,71,14.2,1784476200,completion_astar,finish_first,r02,r02,True,lower,member,local,3,3,4.18748,-0.06161,0.48732,0.18982,1.1,268,731,-55,53,0,0,0010,---,False,0.04762,0.29317,0.18982,1.1,4.68182,-0.09109,cached_path_to_final_target,a,"$3,0,0,0,0,0,0,0,0#",5000,15000,Set tank.c app_speed/duty level to the logged pwm before sending the move key/protocol command; e=stop.,3.98725,10.92146,5,11,0,0.5349,-0.09436,8.02389,3.97313,0.00141,8.0269,3.9731,3.9731,0.16368,4,-0.0944,5,0,43.59456,15.91508,0.2516,0.2798,2,False,running
4c5679641a,formation_4_gate_rejoin,71,14.2,1784476200,completion_astar,finish_first,r03,r03,True,upper,member,local,3,3,3.75801,0.10932,-0.04004,0.31158,0.00826,818,822,20,93,0,0,1000,---,False,0.31137,-0.01207,0.31158,0.00826,4.22689,0.09122,cached_path_to_final_target,w,"$1,0,0,0,0,0,0,0,0#",16000,16000,Set tank.c app_speed/duty level to the logged pwm before sending the move key/protocol command; e=stop.,3.96958,10.87306,2,13,0,0.92964,-0.00459,8.03262,3.97313,0.00141,8.0269,3.9731,3.9731,0.16368,4,-0.0944,5,0,43.59456,15.91508,0.2516,0.2798,2,False,running
4c5679641a,formation_4_gate_rejoin,71,14.2,1784476200,completion_astar,finish_first,r04,r04,True,upper,member,local,3,3,4.18921,0.06606,-0.48418,0.19356,-1.1,741,278,55,53,0,0,0100,---,False,0.04666,-0.29332,0.19356,-1.1,4.68228,0.06973,cached_path_to_final_target,d,"$4,0,0,0,0,0,0,0,0#",15000,6000,Set tank.c app_speed/duty level to the logged pwm before sending the move key/protocol command; e=stop.,3.98877,10.92566,5,11,0,0.53149,-0.09436,8.02208,3.97313,0.00141,8.0269,3.9731,3.9731,0.16368,4,-0.0944,5,0,43.59456,15.91508,0.2516,0.2798,2,False,running
4c5679641a,formation_4_gate_rejoin,72,14.4,1784476400,completion_astar,finish_first,r01,r01,True,lower,member,local,3,3,3.79813,-0.10811,0.0006,0.20142,-0.01878,534,526,-19,89,0,0,0001,---,False,0.14592,-0.00034,0.20142,-0.01878,4.28432,-0.10925,cached_path_to_final_target; completion_unstuck,w,"$1,0,0,0,0,0,0,0,0#",11000,11000,Set tank.c app_speed/duty level to the logged pwm before sending the move key/protocol command; e=stop.,4.00976,10.99018,3,13,0,0.89074,-0.00629,7.99252,4.01754,0.00085,7.9825,4.0175,4.0175,0.18053,4,-0.1455,6,0,44.15244,16.10542,0.2379,0.279,2,False,running
4c5679641a,formation_4_gate_rejoin,72,14.4,1784476400,completion_astar,finish_first,r02,r02,True,lower,member,local,3,3,4.23527,-0.03628,0.48732,0.27042,0.0,712,712,-57,50,0,0,0010,---,False,0.31143,-0.01017,0.27042,0.0,4.72138,-0.07904,cached_path_to_final_target,w,"$1,0,0,0,0,0,0,0,0#",14000,14000,Set tank.c app_speed/duty level to the logged pwm before sending the move key/protocol command; e=stop.,4.04133,11.08238,6,11,0,0.50346,-0.14553,7.97663,4.01754,0.00085,7.9825,4.0175,4.0175,0.18053,4,-0.1455,6,0,44.15244,16.10542,0.2379,0.279,2,False,running
4c5679641a,formation_4_gate_rejoin,72,14.4,1784476400,completion_astar,finish_first,r03,r03,True,upper,member,local,3,3,3.79829,0.10764,-0.04162,0.20158,-0.00789,532,529,21,89,0,0,1000,---,False,0.14581,-0.00625,0.20158,-0.00789,4.28408,0.08893,cached_path_to_final_target; completion_unstuck,w,"$1,0,0,0,0,0,0,0,0#",11000,11000,Set tank.c app_speed/duty level to the logged pwm before sending the move key/protocol command; e=stop.,4.0099,10.98893,3,13,0,0.89068,-0.00629,7.99236,4.01754,0.00085,7.9825,4.0175,4.0175,0.18053,4,-0.1455,6,0,44.15244,16.10542,0.2379,0.279,2,False,running
4c5679641a,formation_4_gate_rejoin,72,14.4,1784476400,completion_astar,finish_first,r04,r04,True,upper,member,local,3,3,4.23846,0.04015,-0.48418,0.27826,-0.0,732,732,57,50,0,0,0100,---,False,0.31155,-0.00542,0.27826,-0.0,4.72269,0.05678,cached_path_to_final_target,w,"$1,0,0,0,0,0,0,0,0#",15000,15000,Set tank.c app_speed/duty level to the logged pwm before sending the move key/protocol command; e=stop.,4.04443,11.09095,6,11,0,0.4988,-0.14553,7.97335,4.01754,0.00085,7.9825,4.0175,4.0175,0.18053,4,-0.1455,6,0,44.15244,16.10542,0.2379,0.279,2,False,running
4c5679641a,formation_4_gate_rejoin,73,14.6,1784476600,completion_astar,finish_first,r01,r01,True,lower,member,local,3,3,3.86041,-0.10817,-0.00097,0.31142,-0.00784,821,818,-19,83,0,0,0001,---,False,0.3116,-0.00068,0.31142,-0.00784,4.32968,-0.10928,path_to_final_target,w,"$1,0,0,0,0,0,0,0,0#",16000,16000,Set tank.c app_speed/duty level to the logged pwm before sending the move key/protocol command; e=stop.,4.07204,11.16423,4,13,0,0.83009,-0.00872,7.93024,4.06346,0.00027,7.9365,4.0635,4.0635,0.2066,4,-0.1958,7,0,44.74147,16.30771,0.2529,0.2783,2,False,running
4c5679641a,formation_4_gate_rejoin,73,14.6,1784476600,completion_astar,finish_first,r02,r02,True,lower,member,local,3,3,4.26488,-0.01097,0.70732,0.19477,1.1,281,744,-72,49,0,0,0010,---,False,0.0671,0.28933,0.19477,1.1,4.76658,-0.06211,path_to_final_target,a,"$3,0,0,0,0,0,0,0,0#",6000,15000,Set tank.c app_speed/duty level to the logged pwm before sending the move key/protocol command; e=stop.,4.08029,11.20272,7,11,0,0.49065,-0.19581,7.94762,4.06346,0.00027,7.9365,4.0635,4.0635,0.2066,4,-0.1958,7,0,44.74147,16.30771,0.2529,0.2783,2,False,running
4c5679641a,formation_4_gate_rejoin,73,14.6,1784476600,completion_astar,finish_first,r03,r03,True,upper,member,local,3,3,3.86056,0.10515,-0.03997,0.31158,0.00825,818,822,22,83,0,0,1000,---,False,0.31137,-0.01205,0.31158,0.00825,4.32944,0.08709,path_to_final_target,w,"$1,0,0,0,0,0,0,0,0#",16000,16000,Set tank.c app_speed/duty level to the logged pwm before sending the move key/protocol command; e=stop.,4.07221,11.16314,4,13,0,0.83066,-0.00872,7.93014,4.06346,0.00027,7.9365,4.0635,4.0635,0.2066,4,-0.1958,7,0,44.74147,16.30771,0.2529,0.2783,2,False,running
4c5679641a,formation_4_gate_rejoin,73,14.6,1784476600,completion_astar,finish_first,r04,r04,True,upper,member,local,3,3,4.26799,0.01507,-0.70418,0.1937,-1.1,741,278,72,49,0,0,0100,---,False,0.06663,-0.28944,0.1937,-1.1,4.76916,0.05952,path_to_final_target,d,"$4,0,0,0,0,0,0,0,0#",15000,6000,Set tank.c app_speed/duty level to the logged pwm before sending the move key/protocol command; e=stop.,4.08317,11.21139,7,11,0,0.48584,-0.19581,7.9444,4.06346,0.00027,7.9365,4.0635,4.0635,0.2066,4,-0.1958,7,0,44.74147,16.30771,0.2529,0.2783,2,False,running
4c5679641a,formation_4_gate_rejoin,74,14.8,1784476800,completion_astar,finish_first,r01,r01,True,lower,member,local,3,3,3.90069,-0.10824,-0.0018,0.20142,-0.00418,531,529,-20,79,0,0,0001,---,False,0.14592,-0.00036,0.20142,-0.00418,4.38689,-0.10934,cached_path_to_final_target; completion_unstuck,w,"$1,0,0,0,0,0,0,0,0#",11000,11000,Set tank.c app_speed/duty level to the logged pwm before sending the move key/protocol command; e=stop.,4.11233,11.27987,5,13,0,0.79097,-0.01032,7.88996,4.10069,-0.00017,7.8993,4.1007,4.1007,0.20876,4,-0.1958,8,0,45.23802,16.47811,0.213,0.2771,2,False,running
4c5679641a,formation_4_gate_rejoin,74,14.8,1784476800,completion_astar,finish_first,r02,r02,True,lower,member,local,3,3,4.29893,0.01814,0.70732,0.22404,0.0,590,590,-9,46,0,0,0100,---,False,0.31102,-0.01903,0.22404,0.0,4.80069,-0.04376,cached_path_to_final_target,w,"$1,0,0,0,0,0,0,0,0#",12000,12000,Set tank.c app_speed/duty level to the logged pwm before sending the move key/protocol command; e=stop.,4.12509,11.33495,8,11,0,0.4581,-0.19581,7.91435,4.10069,-0.00017,7.8993,4.1007,4.1007,0.20876,4,-0.1958,8,0,45.23802,16.47811,0.213,0.2771,2,False,running
4c5679641a,formation_4_gate_rejoin,74,14.8,1784476800,completion_astar,finish_first,r03,r03,True,upper,member,local,3,3,3.90084,0.10347,-0.04154,0.20158,-0.00786,532,529,23,79,0,0,1000,---,False,0.14581,-0.00624,0.20158,-0.00786,4.38663,0.0848,cached_path_to_final_target; completion_unstuck,w,"$1,0,0,0,0,0,0,0,0#",11000,11000,Set tank.c app_speed/duty level to the logged pwm before sending the move key/protocol command; e=stop.,4.11253,11.279,5,13,0,0.79202,-0.01032,7.88988,4.10069,-0.00017,7.8993,4.1007,4.1007,0.20876,4,-0.1958,8,0,45.23802,16.47811,0.213,0.2771,2,False,running
4c5679641a,formation_4_gate_rejoin,74,14.8,1784476800,completion_astar,finish_first,r04,r04,True,upper,member,local,3,3,4.30228,-0.01406,-0.70418,0.22497,-0.0,592,592,8,46,0,0,0010,---,False,0.31104,0.01867,0.22497,-0.0,4.80358,0.04722,cached_path_to_final_target,w,"$1,0,0,0,0,0,0,0,0#",12000,12000,Set tank.c app_speed/duty level to the logged pwm before sending the move key/protocol command; e=stop.,4.12816,11.34419,8,11,0,0.45756,-0.19581,7.91089,4.10069,-0.00017,7.8993,4.1007,4.1007,0.20876,4,-0.1958,8,0,45.23802,16.47811,0.213,0.2771,2,False,running
4c5679641a,formation_4_gate_rejoin,75,15.0,1784477000,completion_astar,finish_first,r01,r01,True,lower,member,local,3,3,3.91853,-0.11228,-0.22264,0.09142,-1.10418,473,8,-7,77,0,0,0001,---,False,-0.17585,-0.23936,0.09142,-1.10418,4.43225,-0.10941,cached_path_to_final_target,d,"$4,0,0,0,0,0,0,0,0#",9000,4000,Set tank.c app_speed/duty level to the logged pwm before sending the move key/protocol command; e=stop.,4.13061,11.34814,6,13,0,0.77269,-0.01032,7.87208,4.11978,-0.00038,7.8802,4.1198,4.1198,0.20079,4,-0.1958,9,0,45.53577,16.56051,0.103,0.2747,2,False,running
4c5679641a,formation_4_gate_rejoin,75,15.0,1784477000,completion_astar,finish_first,r02,r02,True,lower,member,local,3,3,4.31909,0.02883,0.48732,0.11404,-1.1,532,69,4,44,0,0,0100,---,False,0.07986,-0.28607,0.11404,-1.1,4.83449,-0.02313,cached_path_to_final_target,d,"$4,0,0,0,0,0,0,0,0#",11000,4000,Set tank.c app_speed/duty level to the logged pwm before sending the move key/protocol command; e=stop.,4.1479,11.41531,9,11,0,0.43539,-0.19581,7.89453,4.11978,-0.00038,7.8802,4.1198,4.1198,0.20079,4,-0.1958,9,0,45.53577,16.56051,0.103,0.2747,2,False,running
4c5679641a,formation_4_gate_rejoin,75,15.0,1784477000,completion_astar,finish_first,r03,r03,True,upper,member,local,3,3,3.91887,0.1067,0.17689,0.09158,1.09214,11,471,10,77,0,0,1000,---,False,-0.17663,0.23878,0.09158,1.09214,4.43199,0.08296,cached_path_to_final_target,a,"$3,0,0,0,0,0,0,0,0#",4000,9000,Set tank.c app_speed/duty level to the logged pwm before sending the move key/protocol command; e=stop.,4.13084,11.34737,6,13,0,0.77376,-0.01032,7.87181,4.11978,-0.00038,7.8802,4.1198,4.1198,0.20079,4,-0.1958,9,0,45.53577,16.56051,0.103,0.2747,2,False,running
4c5679641a,formation_4_gate_rejoin,75,15.0,1784477000,completion_astar,finish_first,r04,r04,True,upper,member,local,3,3,4.32263,-0.02476,-0.48418,0.11497,1.1,71,534,-5,43,0,0,0010,---,False,0.08127,0.28567,0.11497,1.1,4.83762,0.02842,cached_path_to_final_target,a,"$3,0,0,0,0,0,0,0,0#",4000,11000,Set tank.c app_speed/duty level to the logged pwm before sending the move key/protocol command; e=stop.,4.15116,11.42495,9,11,0,0.4347,-0.19581,7.89086,4.11978,-0.00038,7.8802,4.1198,4.1198,0.20079,4,-0.1958,9,0,45.53577,16.56051,0.103,0.2747,2,False,running
4c5679641a,formation_4_gate_rejoin,76,15.2,1784477200,completion_astar,finish_first,r01,r01,True,lower,member,local,3,3,3.91853,-0.11228,-0.66347,0.0,-2.20418,464,-464,18,77,0,0,0001,---,False,-0.17625,-0.23906,0.0,-2.20418,4.45834,-0.11167,cached_path_to_final_target,d,"$0,2,0,0,0,0,0,0,0#",9000,-9000,Set tank.c app_speed/duty level to the logged pwm before sending the move key/protocol command; e=stop.,4.13061,11.45925,7,13,0,0.77269,-0.01032,7.87208,4.1419,-0.00035,7.8581,4.1419,4.1419,0.18636,4,-0.1958,10,0,46.02278,16.65032,0.1123,0.2725,2,False,running
4c5679641a,formation_4_gate_rejoin,76,15.2,1784477200,completion_astar,finish_first,r02,r02,True,lower,member,local,3,3,4.36323,0.03652,0.17263,0.22404,-1.57344,921,258,23,39,0,0,0100,---,False,0.31073,-0.02323,0.22404,-1.57344,4.85861,-0.01151,cached_path_to_final_target,d,"$4,0,0,0,0,0,0,0,0#",18000,5000,Set tank.c app_speed/duty level to the logged pwm before sending the move key/protocol command; e=stop.,4.19271,11.54764,10,11,0,0.39463,-0.19581,7.85064,4.1419,-0.00035,7.8581,4.1419,4.1419,0.18636,4,-0.1958,10,0,46.02278,16.65032,0.1123,0.2725,2,False,running
4c5679641a,formation_4_gate_rejoin,76,15.2,1784477200,completion_astar,finish_first,r03,r03,True,upper,member,local,3,3,3.91887,0.1067,0.61531,0.0,2.19214,-462,462,-15,77,0,0,1000,---,False,-0.17719,0.23837,0.0,2.19214,4.45819,0.08406,cached_path_to_final_target,a,"$0,1,0,0,0,0,0,0,0#",-9000,9000,Set tank.c app_speed/duty level to the logged pwm before sending the move key/protocol command; e=stop.,4.13084,11.4581,7,13,0,0.77376,-0.01032,7.87181,4.1419,-0.00035,7.8581,4.1419,4.1419,0.18636,4,-0.1958,10,0,46.02278,16.65032,0.1123,0.2725,2,False,running
4c5679641a,formation_4_gate_rejoin,76,15.2,1784477200,completion_astar,finish_first,r04,r04,True,upper,member,local,3,3,4.36698,-0.03235,-0.16939,0.22497,1.57394,261,923,-24,39,0,0,0010,---,False,0.31065,0.02426,0.22497,1.57394,4.86194,0.01736,cached_path_to_final_target,a,"$3,0,0,0,0,0,0,0,0#",5000,18000,Set tank.c app_speed/duty level to the logged pwm before sending the move key/protocol command; e=stop.,4.19615,11.55779,10,11,0,0.39403,-0.19581,7.84676,4.1419,-0.00035,7.8581,4.1419,4.1419,0.18636,4,-0.1958,10,0,46.02278,16.65032,0.1123,0.2725,2,False,running
4c5679641a,formation_4_gate_rejoin,77,15.4,1784477400,completion_astar,finish_first,r01,r01,True,lower,member,local,3,3,3.92535,-0.13319,-1.25533,0.11,-2.95931,912,-334,53,76,0,0,0000,---,False,-0.03603,-0.23908,0.11,-2.95931,4.46617,-0.11235,path_to_final_target,d,"$0,2,0,0,0,0,0,0,0#",18000,-7000,Set tank.c app_speed/duty level to the logged pwm before sending the move key/protocol command; e=stop.,4.15261,11.60064,7,14,0,0.76112,-0.01032,7.86502,4.15672,-0.00065,7.8433,4.1567,4.1567,0.17633,4,-0.1958,11,0,46.47448,16.73892,0.1108,0.2699,2,False,running
4c5679641a,formation_4_gate_rejoin,77,15.4,1784477400,completion_astar,finish_first,r02,r02,True,lower,member,local,3,3,4.38597,0.0383,0.07795,0.11404,-0.47344,400,200,29,38,0,0,0100,---,False,-0.086,0.17787,0.11404,-0.47344,4.8949,-0.023,path_to_final_target,d,"$4,0,0,0,0,0,0,0,0#",8000,4000,Set tank.c app_speed/duty level to the logged pwm before sending the move key/protocol command; e=stop.,4.21552,11.6279,11,11,0,0.37523,-0.19581,7.82797,4.15672,-0.00065,7.8433,4.1567,4.1567,0.17633,4,-0.1958,11,0,46.47448,16.73892,0.1108,0.2699,2,False,running
4c5679641a,formation_4_gate_rejoin,77,15.4,1784477400,completion_astar,finish_first,r03,r03,True,upper,member,local,3,3,3.92564,0.12636,1.23889,0.10401,3.11791,-383,930,-51,76,0,0,0000,---,False,-0.03708,0.23266,0.10401,3.11791,4.46605,0.08439,path_to_final_target,a,"$0,1,0,0,0,0,0,0,0#",-8000,19000,Set tank.c app_speed/duty level to the logged pwm before sending the move key/protocol command; e=stop.,4.15165,11.60739,7,14,0,0.76241,-0.01032,7.8648,4.15672,-0.00065,7.8433,4.1567,4.1567,0.17633,4,-0.1958,11,0,46.47448,16.73892,0.1108,0.2699,2,False,running
4c5679641a,formation_4_gate_rejoin,77,15.4,1784477400,completion_astar,finish_first,r04,r04,True,upper,member,local,3,3,4.38991,-0.03406,-0.0746,0.11497,0.47394,203,402,-30,37,0,0,0010,---,False,-0.08665,-0.18096,0.11497,0.47394,4.90015,0.0106,path_to_final_target,a,"$3,0,0,0,0,0,0,0,0#",4000,8000,Set tank.c app_speed/duty level to the logged pwm before sending the move key/protocol command; e=stop.,4.21914,11.63855,11,11,0,0.37465,-0.19581,7.82389,4.15672,-0.00065,7.8433,4.1567,4.1567,0.17633,4,-0.1958,11,0,46.47448,16.73892,0.1108,0.2699,2,False,running
4c5679641a,formation_4_gate_rejoin,78,15.6,1784477600,completion_astar,finish_first,r01,r01,True,lower,member,local,3,3,3.91804,-0.16756,-1.78058,0.17567,-2.62624,1000,-91,84,76,0,0,0000,---,False,-0.17317,-0.2413,0.17567,-2.62624,4.47329,-0.12411,cached_path_to_final_target,d,"$0,2,0,0,0,0,0,0,0#",20000,-4000,Set tank.c app_speed/duty level to the logged pwm before sending the move key/protocol command; e=stop.,4.18775,11.71903,7,14,0,0.76112,-0.01032,7.87208,4.1756,-0.00113,7.8244,4.1756,4.1756,0.17004,4,-0.1958,12,0,46.97184,16.89796,0.1988,0.2677,2,False,running
4c5679641a,formation_4_gate_rejoin,78,15.6,1784477600,completion_astar,finish_first,r02,r02,True,lower,member,local,3,3,4.43075,0.03684,-0.03255,0.22404,-0.55248,706,473,37,34,0,0,0100,---,False,0.30938,-0.03711,0.22404,-0.55248,4.92161,-0.02595,cached_path_to_final_target,d,"$4,0,0,0,0,0,0,0,0#",14000,9000,Set tank.c app_speed/duty level to the logged pwm before sending the move key/protocol command; e=stop.,4.26033,11.75628,12,11,0,0.34114,-0.19581,7.78316,4.1756,-0.00113,7.8244,4.1756,4.1756,0.17004,4,-0.1958,12,0,46.97184,16.89796,0.1988,0.2677,2,False,running
4c5679641a,formation_4_gate_rejoin,78,15.6,1784477600,completion_astar,finish_first,r03,r03,True,upper,member,local,3,3,3.91869,0.15975,1.77606,0.17053,2.68581,-117,1000,-84,76,0,0,0000,---,False,-0.17434,0.24046,0.17053,2.68581,4.47302,0.09519,cached_path_to_final_target,a,"$0,1,0,0,0,0,0,0,0#",-4000,20000,Set tank.c app_speed/duty level to the logged pwm before sending the move key/protocol command; e=stop.,4.18575,11.72942,7,14,0,0.76205,-0.01032,7.87147,4.1756,-0.00113,7.8244,4.1756,4.1756,0.17004,4,-0.1958,12,0,46.97184,16.89796,0.1988,0.2677,2,False,running
4c5679641a,formation_4_gate_rejoin,78,15.6,1784477600,completion_astar,finish_first,r04,r04,True,upper,member,local,3,3,4.4349,-0.03357,0.01087,0.22497,0.42732,502,682,-36,34,0,0,0010,---,False,0.31065,0.02429,0.22497,0.42732,4.92762,0.00797,cached_path_to_final_target,a,"$3,0,0,0,0,0,0,0,0#",10000,14000,Set tank.c app_speed/duty level to the logged pwm before sending the move key/protocol command; e=stop.,4.26414,11.76711,12,11,0,0.34013,-0.19581,7.77891,4.1756,-0.00113,7.8244,4.1756,4.1756,0.17004,4,-0.1958,12,0,46.97184,16.89796,0.1988,0.2677,2,False,running
4c5679641a,formation_4_gate_rejoin,79,15.8,1784477800,completion_astar,finish_first,r01,r01,True,lower,member,local,3,3,3.89432,-0.20945,-2.08583,0.24069,-1.52624,955,312,104,78,0,0,0000,---,False,-0.02675,-0.24039,0.24069,-1.52624,4.47023,-0.14664,cached_path_to_final_target,d,"$4,0,0,0,0,0,0,0,0#",19000,6000,Set tank.c app_speed/duty level to the logged pwm before sending the move key/protocol command; e=stop.,4.23588,11.8629,7,14,0,0.76112,-0.01032,7.89568,4.1752,-0.00171,7.8248,4.1763,4.1752,0.17897,3,-0.1958,13,0,47.4174,17.03885,0.1761,0.2643,2,False,running
4c5679641a,formation_4_gate_rejoin,79,15.8,1784477800,completion_astar,finish_first,r02,r02,True,lower,member,local,3,3,4.45349,0.03859,0.07695,0.11404,0.54752,185,415,32,32,0,0,0100,---,False,-0.09351,0.16744,0.11404,0.54752,4.9609,-0.02851,cached_path_to_final_target,a,"$3,0,0,0,0,0,0,0,0#",4000,8000,Set tank.c app_speed/duty level to the logged pwm before sending the move key/protocol command; e=stop.,4.28313,11.83654,13,11,0,0.3229,-0.19581,7.76049,4.1752,-0.00171,7.8248,4.1763,4.1752,0.17897,3,-0.1958,13,0,47.4174,17.03885,0.1761,0.2643,2,False,running
4c5679641a,formation_4_gate_rejoin,79,15.8,1784477800,completion_astar,finish_first,r03,r03,True,upper,member,local,3,3,3.89527,0.20044,2.09322,0.23473,1.58581,284,952,-104,78,0,0,0000,---,False,-0.02846,0.23384,0.23473,1.58581,4.46996,0.11672,cached_path_to_final_target,a,"$3,0,0,0,0,0,0,0,0#",6000,19000,Set tank.c app_speed/duty level to the logged pwm before sending the move key/protocol command; e=stop.,4.2327,11.87009,7,14,0,0.76205,-0.01032,7.89474,4.1752,-0.00171,7.8248,4.1763,4.1752,0.17897,3,-0.1958,13,0,47.4174,17.03885,0.1761,0.2643,2,False,running
4c5679641a,formation_4_gate_rejoin,79,15.8,1784477800,completion_astar,finish_first,r04,r04,True,upper,member,local,3,3,4.45772,-0.03641,-0.12367,0.11497,-0.67268,444,161,-29,32,0,0,0010,---,False,-0.09388,-0.17241,0.11497,-0.67268,4.96732,0.00805,cached_path_to_final_target,d,"$4,0,0,0,0,0,0,0,0#",9000,4000,Set tank.c app_speed/duty level to the logged pwm before sending the move key/protocol command; e=stop.,4.28713,11.84787,13,11,0,0.32126,-0.19581,7.75619,4.1752,-0.00171,7.8248,4.1763,4.1752,0.17897,3,-0.1958,13,0,47.4174,17.03885,0.1761,0.2643,2,False,running
4c5679641a,formation_4_gate_rejoin,80,16.0,1784478000,completion_astar,finish_first,r01,r01,True,lower,member,local,3,3,3.87956,-0.23102,-2.17108,0.13069,-0.42624,434,254,110,79,0,0,0000,---,False,0.13737,0.30521,0.13069,-0.42624,4.45255,-0.1767,cached_path_to_final_target,d,"$4,0,0,0,0,0,0,0,0#",9000,5000,Set tank.c app_speed/duty level to the logged pwm before sending the move key/protocol command; e=stop.,4.26202,11.95202,7,14,0,0.76112,-0.01032,7.91047,4.19033,-0.00283,7.8097,4.1915,4.1903,0.20604,3,-0.1958,14,0,47.87022,17.17974,0.1761,0.2619,2,False,running
4c5679641a,formation_4_gate_rejoin,80,16.0,1784478000,completion_astar,finish_first,r02,r02,True,lower,member,local,3,3,4.49828,0.03709,-0.03354,0.22404,-0.55248,706,473,40,29,0,0,0100,---,False,0.30916,-0.03896,0.22404,-0.55248,4.9885,-0.02883,cached_path_to_final_target,d,"$4,0,0,0,0,0,0,0,0#",14000,9000,Set tank.c app_speed/duty level to the logged pwm before sending the move key/protocol command; e=stop.,4.32794,11.97514,14,11,0,0.29194,-0.19581,7.71568,4.19033,-0.00283,7.8097,4.1915,4.1903,0.20604,3,-0.1958,14,0,47.87022,17.17974,0.1761,0.2619,2,False,running
4c5679641a,formation_4_gate_rejoin,80,16.0,1784478000,completion_astar,finish_first,r03,r03,True,upper,member,local,3,3,3.88078,0.22075,2.19038,0.12473,0.48581,226,431,-110,79,0,0,0000,---,False,0.13889,-0.31072,0.12473,0.48581,4.45224,0.14571,cached_path_to_final_target,a,"$3,0,0,0,0,0,0,0,0#",5000,9000,Set tank.c app_speed/duty level to the logged pwm before sending the move key/protocol command; e=stop.,4.25765,11.95609,7,14,0,0.76205,-0.01032,7.90923,4.19033,-0.00283,7.8097,4.1915,4.1903,0.20604,3,-0.1958,14,0,47.87022,17.17974,0.1761,0.2619,2,False,running
4c5679641a,formation_4_gate_rejoin,80,16.0,1784478000,completion_astar,finish_first,r04,r04,True,upper,member,local,3,3,4.50268,-0.03813,-0.0382,0.22497,0.42732,502,682,-36,29,0,0,0010,---,False,0.31059,0.02504,0.22497,0.42732,4.99513,0.00692,cached_path_to_final_target,a,"$3,0,0,0,0,0,0,0,0#",10000,14000,Set tank.c app_speed/duty level to the logged pwm before sending the move key/protocol command; e=stop.,4.33213,11.98697,14,11,0,0.28816,-0.19581,7.71131,4.19033,-0.00283,7.8097,4.1915,4.1903,0.20604,3,-0.1958,14,0,47.87022,17.17974,0.1761,0.2619,2,False,running
4c5679641a,formation_4_gate_rejoin,81,16.2,1784478200,completion_astar,finish_first,r01,r01,True,lower,member,local,3,3,3.87763,-0.23468,-2.05621,0.02069,0.57432,-66,175,103,79,0,0,0000,---,False,0.13113,0.31437,0.02069,0.57432,4.43346,-0.16147,path_to_final_target,a,"$0,1,0,0,0,0,0,0,0#",-4000,4000,Set tank.c app_speed/duty level to the logged pwm before sending the move key/protocol command; e=stop.,4.26616,11.99501,7,14,0,0.76112,-0.01032,7.91241,4.20392,-0.00336,7.7961,4.2051,4.2039,0.22263,3,-0.1958,15,0,48.12812,17.2447,0.0812,0.2595,2,False,running
4c5679641a,formation_4_gate_rejoin,81,16.2,1784478200,completion_astar,finish_first,r02,r02,True,lower,member,local,3,3,4.52722,0.03438,-0.09351,0.14535,-0.29986,446,319,44,27,0,0,0100,---,False,0.14474,-0.02049,0.14535,-0.29986,5.02805,-0.03067,path_to_final_target; completion_unstuck,d,"$4,0,0,0,0,0,0,0,0#",9000,6000,Set tank.c app_speed/duty level to the logged pwm before sending the move key/protocol command; e=stop.,4.35701,12.06104,15,11,0,0.27471,-0.19581,7.68667,4.20392,-0.00336,7.7961,4.2051,4.2039,0.22263,3,-0.1958,15,0,48.12812,17.2447,0.0812,0.2595,2,False,running
4c5679641a,formation_4_gate_rejoin,81,16.2,1784478200,completion_astar,finish_first,r03,r03,True,upper,member,local,3,3,3.87938,0.22334,2.06777,0.01473,-0.61303,168,-90,-103,79,0,0,0000,---,False,0.13331,-0.31474,0.01473,-0.61303,4.43488,0.14988,path_to_final_target,d,"$0,2,0,0,0,0,0,0,0#",4000,-4000,Set tank.c app_speed/duty level to the logged pwm before sending the move key/protocol command; e=stop.,4.26059,12.00174,7,14,0,0.76205,-0.01032,7.91063,4.20392,-0.00336,7.7961,4.2051,4.2039,0.22263,3,-0.1958,15,0,48.12812,17.2447,0.0812,0.2595,2,False,running
4c5679641a,formation_4_gate_rejoin,81,16.2,1784478200,completion_astar,finish_first,r04,r04,True,upper,member,local,3,3,4.53144,-0.03647,0.05744,0.14403,0.47821,278,480,-42,27,0,0,0010,---,False,0.14487,0.01932,0.14403,0.47821,5.03282,0.02575,path_to_final_target; completion_unstuck,a,"$3,0,0,0,0,0,0,0,0#",6000,10000,Set tank.c app_speed/duty level to the logged pwm before sending the move key/protocol command; e=stop.,4.36093,12.07033,15,11,0,0.2704,-0.19581,7.68251,4.20392,-0.00336,7.7961,4.2051,4.2039,0.22263,3,-0.1958,15,0,48.12812,17.2447,0.0812,0.2595,2,False,running
4c5679641a,formation_4_gate_rejoin,82,16.4,1784478400,completion_astar,finish_first,r01,r01,True,lower,member,local,3,3,3.88511,-0.21846,-2.0029,-0.08931,0.26656,-291,-179,99,79,0,0,0000,---,False,0.13002,0.31611,-0.08931,0.26656,4.42628,-0.15872,cached_path_to_final_target,a,"$3,0,0,0,0,0,0,0,0#",-6000,-4000,Set tank.c app_speed/duty level to the logged pwm before sending the move key/protocol command; e=stop.,4.28402,12.05424,7,14,0,0.76112,-0.01032,7.9049,4.21117,-0.00437,7.7888,4.2124,4.2112,0.2188,3,-0.1958,16,0,48.37509,17.29549,0.0635,0.2568,2,False,running
4c5679641a,formation_4_gate_rejoin,82,16.4,1784478400,completion_astar,finish_first,r02,r02,True,lower,member,local,3,3,4.5338,0.0318,-0.37349,0.03535,-1.39986,388,-202,61,27,0,0,0100,---,False,-0.10535,0.15103,0.03535,-1.39986,5.06015,-0.03329,cached_path_to_final_target,d,"$0,2,0,0,0,0,0,0,0#",8000,-4000,Set tank.c app_speed/duty level to the logged pwm before sending the move key/protocol command; e=stop.,4.36408,12.13998,16,11,0,0.27252,-0.19581,7.68001,4.21117,-0.00437,7.7888,4.2124,4.2112,0.2188,3,-0.1958,16,0,48.37509,17.29549,0.0635,0.2568,2,False,running
4c5679641a,formation_4_gate_rejoin,82,16.4,1784478400,completion_astar,finish_first,r03,r03,True,upper,member,local,3,3,3.88753,0.20612,2.01275,-0.09527,-0.2751,-193,-309,-99,79,0,0,0000,---,False,0.13266,-0.3149,-0.09527,-0.2751,4.42862,0.15241,cached_path_to_final_target,d,"$4,0,0,0,0,0,0,0,0#",-4000,-6000,Set tank.c app_speed/duty level to the logged pwm before sending the move key/protocol command; e=stop.,4.27965,12.0645,7,14,0,0.76205,-0.01032,7.90247,4.21117,-0.00437,7.7888,4.2124,4.2112,0.2188,3,-0.1958,16,0,48.37509,17.29549,0.0635,0.2568,2,False,running
4c5679641a,formation_4_gate_rejoin,82,16.4,1784478400,completion_astar,finish_first,r04,r04,True,upper,member,local,3,3,4.53823,-0.03693,-0.06692,0.03403,-0.62179,220,-41,-36,27,0,0,0010,---,False,-0.10561,-0.15029,0.03403,-0.62179,5.0642,0.03294,cached_path_to_final_target,d,"$0,2,0,0,0,0,0,0,0#",4000,-4000,Set tank.c app_speed/duty level to the logged pwm before sending the move key/protocol command; e=stop.,4.36774,12.11637,16,11,0,0.26574,-0.19581,7.67574,4.21117,-0.00437,7.7888,4.2124,4.2112,0.2188,3,-0.1958,16,0,48.37509,17.29549,0.0635,0.2568,2,False,running
4c5679641a,formation_4_gate_rejoin,83,16.6,1784478600,completion_astar,finish_first,r01,r01,True,lower,member,local,3,3,3.8948,-0.19651,-1.9866,-0.12,0.08149,-333,-299,97,78,0,0,0000,---,False,0.13407,0.31448,-0.12,0.08149,4.42982,-0.1499,cached_path_to_final_target,s,"$2,0,0,0,0,0,0,0,0#",-7000,-6000,Set tank.c app_speed/duty level to the logged pwm before sending the move key/protocol command; e=stop.,4.30802,12.12223,7,14,0,0.76112,-0.01032,7.89521,4.22986,-0.00719,7.7701,4.2313,4.2299,0.22754,4,-0.1958,17,0,48.70373,17.40136,0.1323,0.2548,2,False,running
4c5679641a,formation_4_gate_rejoin,83,16.6,1784478600,completion_astar,finish_first,r02,r02,True,lower,member,local,3,3,4.56018,0.01959,-0.43346,0.14535,-0.29986,446,319,66,27,0,0,0100,---,False,0.30921,-0.03853,0.14535,-0.29986,5.07443,-0.03557,cached_path_to_final_target,d,"$4,0,0,0,0,0,0,0,0#",9000,6000,Set tank.c app_speed/duty level to the logged pwm before sending the move key/protocol command; e=stop.,4.39315,12.23686,17,11,0,0.26648,-0.19581,7.65326,4.22986,-0.00719,7.7701,4.2313,4.2299,0.22754,4,-0.1958,17,0,48.70373,17.40136,0.1323,0.2548,2,False,running
4c5679641a,formation_4_gate_rejoin,83,16.6,1784478600,completion_astar,finish_first,r03,r03,True,upper,member,local,3,3,3.89744,0.18426,1.99654,-0.12,-0.08108,-299,-333,-97,78,0,0,0000,---,False,0.13702,-0.31269,-0.12,-0.08108,4.43289,0.14472,cached_path_to_final_target,s,"$2,0,0,0,0,0,0,0,0#",-6000,-7000,Set tank.c app_speed/duty level to the logged pwm before sending the move key/protocol command; e=stop.,4.30365,12.1321,7,14,0,0.76205,-0.01032,7.8926,4.22986,-0.00719,7.7701,4.2313,4.2299,0.22754,4,-0.1958,17,0,48.70373,17.40136,0.1323,0.2548,2,False,running
4c5679641a,formation_4_gate_rejoin,83,16.6,1784478600,completion_astar,finish_first,r04,r04,True,upper,member,local,3,3,4.56703,-0.0361,0.02872,0.14403,0.47821,278,480,-42,25,0,0,0010,---,False,0.30887,0.04114,0.14403,0.47821,5.07834,0.03501,cached_path_to_final_target,a,"$3,0,0,0,0,0,0,0,0#",6000,10000,Set tank.c app_speed/duty level to the logged pwm before sending the move key/protocol command; e=stop.,4.39654,12.21255,17,11,0,0.24902,-0.19581,7.64693,4.22986,-0.00719,7.7701,4.2313,4.2299,0.22754,4,-0.1958,17,0,48.70373,17.40136,0.1323,0.2548,2,False,running
4c5679641a,formation_4_gate_rejoin,84,16.8,1784478800,completion_astar,finish_first,r01,r01,True,lower,member,local,3,3,3.90455,-0.17457,-1.98895,-0.12,-0.01173,-313,-318,97,77,0,0,0000,---,False,0.13951,0.3124,-0.12,-0.01173,4.43825,-0.1365,cached_path_to_final_target,s,"$2,0,0,0,0,0,0,0,0#",-6000,-6000,Set tank.c app_speed/duty level to the logged pwm before sending the move key/protocol command; e=stop.,4.33202,12.18674,7,14,0,0.76112,-0.01032,7.88553,4.24873,-0.00835,7.7513,4.2502,4.2487,0.23793,5,-0.1958,18,0,48.99656,17.50627,0.1311,0.2529,2,False,running
4c5679641a,formation_4_gate_rejoin,84,16.8,1784478800,completion_astar,finish_first,r02,r02,True,lower,member,local,3,3,4.58703,0.01206,-0.27343,0.1394,0.80014,198,535,58,26,0,0,0100,---,False,0.14493,-0.01875,0.1394,0.80014,5.09737,-0.0432,cached_path_to_final_target; completion_unstuck,a,"$3,0,0,0,0,0,0,0,0#",4000,11000,Set tank.c app_speed/duty level to the logged pwm before sending the move key/protocol command; e=stop.,4.42103,12.32219,18,11,0,0.25833,-0.19581,7.62621,4.24873,-0.00835,7.7513,4.2502,4.2487,0.23793,5,-0.1958,18,0,48.99656,17.50627,0.1311,0.2529,2,False,running
4c5679641a,formation_4_gate_rejoin,84,16.8,1784478800,completion_astar,finish_first,r03,r03,True,upper,member,local,3,3,3.9074,0.16243,1.99899,-0.12,0.01229,-318,-313,-97,77,0,0,0000,---,False,0.14243,-0.31046,-0.12,0.01229,4.44163,0.13177,cached_path_to_final_target,s,"$2,0,0,0,0,0,0,0,0#",-6000,-6000,Set tank.c app_speed/duty level to the logged pwm before sending the move key/protocol command; e=stop.,4.32765,12.19661,7,14,0,0.76205,-0.01032,7.88274,4.24873,-0.00835,7.7513,4.2502,4.2487,0.23793,5,-0.1958,18,0,48.99656,17.50627,0.1311,0.2529,2,False,running
4c5679641a,formation_4_gate_rejoin,84,16.8,1784478800,completion_astar,finish_first,r04,r04,True,upper,member,local,3,3,4.59592,-0.03331,0.09632,0.14515,0.33796,311,453,-48,24,0,0,0010,---,False,0.14459,0.02177,0.14515,0.33796,5.10266,0.03676,cached_path_to_final_target; completion_unstuck,a,"$3,0,0,0,0,0,0,0,0#",6000,9000,Set tank.c app_speed/duty level to the logged pwm before sending the move key/protocol command; e=stop.,4.42557,12.29102,18,11,0,0.23553,-0.19581,7.61796,4.24873,-0.00835,7.7513,4.2502,4.2487,0.23793,5,-0.1958,18,0,48.99656,17.50627,0.1311,0.2529,2,False,running
4c5679641a,formation_4_gate_rejoin,85,17.0,1784479000,completion_astar,finish_first,r01,r01,True,lower,member,local,3,3,3.91458,-0.15277,-2.0022,-0.12,-0.06624,-302,-330,96,77,0,0,0000,---,False,0.1452,0.30698,-0.12,-0.06624,4.44937,-0.13553,path_to_final_target,s,"$2,0,0,0,0,0,0,0,0#",-6000,-7000,Set tank.c app_speed/duty level to the logged pwm before sending the move key/protocol command; e=stop.,4.35602,12.25096,7,14,0,0.76112,-0.01032,7.87562,4.25682,-0.00815,7.7432,4.2583,4.2568,0.23707,6,-0.1958,19,0,49.24075,17.56719,0.0761,0.2504,2,False,running
4c5679641a,formation_4_gate_rejoin,85,17.0,1784479000,completion_astar,finish_first,r02,r02,True,lower,member,local,3,3,4.59258,0.01013,-0.3334,0.0294,-0.29986,141,14,62,26,0,0,0100,---,False,-0.11573,0.13612,0.0294,-0.29986,5.12314,-0.04998,path_to_final_target,w,"$1,0,0,0,0,0,0,0,0#",4000,4000,Set tank.c app_speed/duty level to the logged pwm before sending the move key/protocol command; e=stop.,4.42691,12.35761,19,11,0,0.25721,-0.19581,7.6206,4.25682,-0.00815,7.7432,4.2583,4.2568,0.23707,6,-0.1958,19,0,49.24075,17.56719,0.0761,0.2504,2,False,running
4c5679641a,formation_4_gate_rejoin,85,17.0,1784479000,completion_astar,finish_first,r03,r03,True,upper,member,local,3,3,3.91765,0.14072,2.01193,-0.12,0.06469,-329,-302,-96,77,0,0,0000,---,False,0.14802,-0.30541,-0.12,0.06469,4.45263,0.12926,path_to_final_target,s,"$2,0,0,0,0,0,0,0,0#",-7000,-6000,Set tank.c app_speed/duty level to the logged pwm before sending the move key/protocol command; e=stop.,4.35165,12.26071,7,14,0,0.76205,-0.01032,7.87265,4.25682,-0.00815,7.7432,4.2583,4.2568,0.23707,6,-0.1958,19,0,49.24075,17.56719,0.0761,0.2504,2,False,running
4c5679641a,formation_4_gate_rejoin,85,17.0,1784479000,completion_astar,finish_first,r04,r04,True,upper,member,local,3,3,4.60244,-0.03068,0.38391,0.03515,1.43796,-210,395,-65,23,0,0,0010,---,False,-0.11429,-0.1363,0.03515,1.43796,5.13016,0.03943,path_to_final_target,a,"$0,1,0,0,0,0,0,0,0#",-4000,8000,Set tank.c app_speed/duty level to the logged pwm before sending the move key/protocol command; e=stop.,4.43261,12.37146,19,11,0,0.23448,-0.19581,7.61136,4.25682,-0.00815,7.7432,4.2583,4.2568,0.23707,6,-0.1958,19,0,49.24075,17.56719,0.0761,0.2504,2,False,running
4c5679641a,formation_4_gate_rejoin,86,17.2,1784479200,completion_astar,finish_first,r01,r01,True,lower,member,local,3,3,3.91993,-0.12938,-1.79544,-0.12,1.03376,-533,-98,83,77,0,0,0000,---,False,0.01056,0.29682,-0.12,1.03376,4.45995,-0.1232,cached_path_to_final_target,a,"$3,0,0,0,0,0,0,0,0#",-11000,-4000,Set tank.c app_speed/duty level to the logged pwm before sending the move key/protocol command; e=stop.,4.38002,12.32554,7,15,0,0.76112,-0.01032,7.87048,4.27289,-0.00643,7.7271,4.2745,4.2729,0.25466,6,-0.1981,20,0,49.57863,17.6721,0.1311,0.2484,2,False,running
4c5679641a,formation_4_gate_rejoin,86,17.2,1784479200,completion_astar,finish_first,r02,r02,True,lower,member,local,3,3,4.61984,0.00427,-0.21174,0.1394,0.60831,239,495,57,25,0,0,0100,---,False,0.3095,-0.03611,0.1394,0.60831,5.13479,-0.05313,cached_path_to_final_target,a,"$3,0,0,0,0,0,0,0,0#",5000,10000,Set tank.c app_speed/duty level to the logged pwm before sending the move key/protocol command; e=stop.,4.45479,12.44945,20,11,0,0.24977,-0.19811,7.59318,4.27289,-0.00643,7.7271,4.2745,4.2729,0.25466,6,-0.1981,20,0,49.57863,17.6721,0.1311,0.2484,2,False,running
4c5679641a,formation_4_gate_rejoin,86,17.2,1784479200,completion_astar,finish_first,r03,r03,True,upper,member,local,3,3,3.92322,0.11738,1.80487,-0.12,-1.03531,-98,-534,-83,77,0,0,0000,---,False,0.01327,-0.29671,-0.12,-1.03531,4.46329,0.11655,cached_path_to_final_target,d,"$4,0,0,0,0,0,0,0,0#",-4000,-11000,Set tank.c app_speed/duty level to the logged pwm before sending the move key/protocol command; e=stop.,4.37565,12.33539,7,15,0,0.76205,-0.01032,7.86733,4.27289,-0.00643,7.7271,4.2745,4.2729,0.25466,6,-0.1981,20,0,49.57863,17.6721,0.1311,0.2484,2,False,running
4c5679641a,formation_4_gate_rejoin,86,17.2,1784479200,completion_astar,finish_first,r04,r04,True,upper,member,local,3,3,4.62856,-0.01801,0.4515,0.14515,0.33796,311,453,-70,23,0,0,0010,---,False,0.30884,0.04139,0.14515,0.33796,5.14302,0.04176,cached_path_to_final_target,a,"$3,0,0,0,0,0,0,0,0#",6000,9000,Set tank.c app_speed/duty level to the logged pwm before sending the move key/protocol command; e=stop.,4.46164,12.46824,20,11,0,0.23363,-0.19811,7.58486,4.27289,-0.00643,7.7271,4.2745,4.2729,0.25466,6,-0.1981,20,0,49.57863,17.6721,0.1311,0.2484,2,False,running
4c5679641a,formation_4_gate_rejoin,87,17.4,1784479400,completion_astar,finish_first,r01,r01,True,lower,member,local,3,3,3.92559,-0.10605,-1.80869,-0.12,-0.06624,-302,-330,83,77,0,0,0000,---,False,0.15588,0.3024,-0.12,-0.06624,4.46707,-0.10667,cached_path_to_final_target,s,"$2,0,0,0,0,0,0,0,0#",-6000,-7000,Set tank.c app_speed/duty level to the logged pwm before sending the move key/protocol command; e=stop.,4.40402,12.40022,8,15,0,0.76112,-0.02185,7.8651,4.27856,-0.0058,7.7214,4.2802,4.2786,0.25979,6,-0.2036,21,0,49.82668,17.73301,0.0761,0.2459,2,False,running
4c5679641a,formation_4_gate_rejoin,87,17.4,1784479400,completion_astar,finish_first,r02,r02,True,lower,member,local,3,3,4.62544,0.00248,-0.31008,0.0294,-0.49169,181,-26,63,25,0,0,0000,---,False,-0.12079,0.12735,0.0294,-0.49169,5.15742,-0.05769,cached_path_to_final_target,d,"$0,2,0,0,0,0,0,0,0#",4000,-4000,Set tank.c app_speed/duty level to the logged pwm before sending the move key/protocol command; e=stop.,4.46067,12.49007,21,11,0,0.24903,-0.20363,7.58753,4.27856,-0.0058,7.7214,4.2802,4.2786,0.25979,6,-0.2036,21,0,49.82668,17.73301,0.0761,0.2459,2,False,running
4c5679641a,formation_4_gate_rejoin,87,17.4,1784479400,completion_astar,finish_first,r03,r03,True,upper,member,local,3,3,3.92909,0.09411,1.81781,-0.12,0.06469,-329,-302,-83,77,0,0,0000,---,False,0.15864,-0.3009,-0.12,0.06469,4.47055,0.09994,cached_path_to_final_target,s,"$2,0,0,0,0,0,0,0,0#",-7000,-6000,Set tank.c app_speed/duty level to the logged pwm before sending the move key/protocol command; e=stop.,4.39965,12.40997,8,15,0,0.76205,-0.02185,7.86177,4.27856,-0.0058,7.7214,4.2802,4.2786,0.25979,6,-0.2036,21,0,49.82668,17.73301,0.0761,0.2459,2,False,running
4c5679641a,formation_4_gate_rejoin,87,17.4,1784479400,completion_astar,finish_first,r04,r04,True,upper,member,local,3,3,4.63415,-0.01373,0.6537,0.03515,1.01101,-120,305,-82,24,0,0,0010,---,False,-0.12032,-0.12705,0.03515,1.01101,5.16538,0.04963,cached_path_to_final_target,a,"$0,1,0,0,0,0,0,0,0#",-4000,6000,Set tank.c app_speed/duty level to the logged pwm before sending the move key/protocol command; e=stop.,4.46867,12.52641,21,11,0,0.23363,-0.20363,7.57916,4.27856,-0.0058,7.7214,4.2802,4.2786,0.25979,6,-0.2036,21,0,49.82668,17.73301,0.0761,0.2459,2,False,running
4c5679641a,formation_4_gate_rejoin,88,17.6,1784479600,completion_astar,finish_first,r01,r01,True,lower,member,local,3,3,3.92904,-0.0823,-1.71507,-0.12,0.4681,-414,-217,77,77,0,0,0000,---,False,0.02099,0.29627,-0.12,0.4681,4.47334,-0.08893,cached_path_to_final_target,a,"$3,0,0,0,0,0,0,0,0#",-8000,-4000,Set tank.c app_speed/duty level to the logged pwm before sending the move key/protocol command; e=stop.,4.42802,12.46915,9,15,0,0.76112,-0.0693,7.862,4.29301,-0.00287,7.707,4.2949,4.293,0.279,6,-0.2139,22,0,50.15443,17.83792,0.1311,0.2439,2,False,running
4c5679641a,formation_4_gate_rejoin,88,17.6,1784479600,completion_astar,finish_first,r02,r02,True,lower,member,local,3,3,4.65276,-0.00308,-0.20072,0.1394,0.54679,252,482,-35,24,0,0,0000,---,False,0.30955,-0.03569,0.1394,0.54679,5.16816,-0.0601,cached_path_to_final_target,a,"$3,0,0,0,0,0,0,0,0#",5000,10000,Set tank.c app_speed/duty level to the logged pwm before sending the move key/protocol command; e=stop.,4.48855,12.58321,22,11,0,0.23801,-0.21392,7.56007,4.29301,-0.00287,7.707,4.2949,4.293,0.279,6,-0.2139,22,0,50.15443,17.83792,0.1311,0.2439,2,False,running
4c5679641a,formation_4_gate_rejoin,88,17.6,1784479600,completion_astar,finish_first,r03,r03,True,upper,member,local,3,3,3.93275,0.07039,1.72419,-0.12,-0.46807,-217,-414,-77,77,0,0,0000,---,False,0.02369,-0.29606,-0.12,-0.46807,4.47699,0.08223,cached_path_to_final_target,d,"$4,0,0,0,0,0,0,0,0#",-4000,-8000,Set tank.c app_speed/duty level to the logged pwm before sending the move key/protocol command; e=stop.,4.42365,12.47888,9,15,0,0.76205,-0.0693,7.85849,4.29301,-0.00287,7.707,4.2949,4.293,0.279,6,-0.2139,22,0,50.15443,17.83792,0.1311,0.2439,2,False,running
4c5679641a,formation_4_gate_rejoin,88,17.6,1784479600,completion_astar,finish_first,r04,r04,True,upper,member,local,3,3,4.6575,0.00351,0.6359,0.14515,-0.08899,401,363,10,24,0,0,0100,---,False,0.30917,0.03883,0.14515,-0.08899,5.17608,0.05433,cached_path_to_final_target,w,"$1,0,0,0,0,0,0,0,0#",8000,7000,Set tank.c app_speed/duty level to the logged pwm before sending the move key/protocol command; e=stop.,4.4977,12.62319,22,11,0,0.23363,-0.21392,7.55532,4.29301,-0.00287,7.707,4.2949,4.293,0.279,6,-0.2139,22,0,50.15443,17.83792,0.1311,0.2439,2,False,running
4c5679641a,formation_4_gate_rejoin,89,17.8,1784479800,completion_astar,finish_first,r01,r01,True,lower,member,local,3,3,3.93545,-0.05918,-1.84145,-0.12,-0.6319,-183,-449,83,77,0,0,1000,---,False,0.16629,0.29416,-0.12,-0.6319,4.478,-0.08897,path_to_final_target,d,"$4,0,0,0,0,0,0,0,0#",-4000,-9000,Set tank.c app_speed/duty level to the logged pwm before sending the move key/protocol command; e=stop.,4.45202,12.54383,10,15,0,0.76112,-0.11547,7.85599,4.29885,-0.002,7.7012,4.3008,4.2988,0.28368,6,-0.2139,23,0,50.40945,17.89883,0.0761,0.2415,2,False,running
4c5679641a,formation_4_gate_rejoin,89,17.8,1784479800,completion_astar,finish_first,r02,r02,True,lower,member,local,3,3,4.65836,-0.00488,-0.31136,0.0294,-0.55321,194,-39,-29,23,0,0,0010,---,False,-0.12499,-0.15133,0.0294,-0.55321,5.19055,-0.06426,path_to_final_target,d,"$0,2,0,0,0,0,0,0,0#",4000,-4000,Set tank.c app_speed/duty level to the logged pwm before sending the move key/protocol command; e=stop.,4.49444,12.62643,23,11,0,0.23439,-0.21392,7.55442,4.29885,-0.002,7.7012,4.3008,4.2988,0.28368,6,-0.2139,23,0,50.40945,17.89883,0.0761,0.2415,2,False,running
4c5679641a,formation_4_gate_rejoin,89,17.8,1784479800,completion_astar,finish_first,r03,r03,True,upper,member,local,3,3,3.93938,0.04732,1.85058,-0.12,0.63193,-449,-183,-83,77,0,0,0001,---,False,0.16896,-0.2926,-0.12,0.63193,4.48163,0.08217,path_to_final_target,a,"$3,0,0,0,0,0,0,0,0#",-9000,-4000,Set tank.c app_speed/duty level to the logged pwm before sending the move key/protocol command; e=stop.,4.44765,12.55356,10,15,0,0.76205,-0.11547,7.85231,4.29885,-0.002,7.7012,4.3008,4.2988,0.28368,6,-0.2139,23,0,50.40945,17.89883,0.0761,0.2415,2,False,running
4c5679641a,formation_4_gate_rejoin,89,17.8,1784479800,completion_astar,finish_first,r04,r04,True,upper,member,local,3,3,4.6622,0.00873,0.8381,0.03515,1.01101,-120,305,-1,23,0,0,0100,---,False,-0.12501,0.14486,0.03515,1.01101,5.19796,0.0438,path_to_final_target,a,"$0,1,0,0,0,0,0,0,0#",-4000,6000,Set tank.c app_speed/duty level to the logged pwm before sending the move key/protocol command; e=stop.,4.50473,12.68563,23,11,0,0.22947,-0.21392,7.55048,4.29885,-0.002,7.7012,4.3008,4.2988,0.28368,6,-0.2139,23,0,50.40945,17.89883,0.0761,0.2415,2,False,running
4c5679641a,formation_4_gate_rejoin,90,18.0,1784480000,completion_astar,finish_first,r01,r01,True,lower,member,local,3,3,3.93971,-0.03555,-1.74889,-0.12,0.46281,-413,-218,77,77,0,0,1100,---,False,0.03124,0.29536,-0.12,0.46281,4.48383,-0.07623,cached_path_to_final_target,a,"$3,0,0,0,0,0,0,0,0#",-8000,-4000,Set tank.c app_speed/duty level to the logged pwm before sending the move key/protocol command; e=stop.,4.47602,12.61835,11,15,0,0.76112,-0.1626,7.85223,4.31281,0.00192,7.6872,4.3153,4.3128,0.29628,6,-0.2139,24,0,50.74904,18.00374,0.1311,0.2396,2,False,running
4c5679641a,formation_4_gate_rejoin,90,18.0,1784480000,completion_astar,finish_first,r02,r02,True,lower,member,local,3,3,4.68568,-0.01047,-0.202,0.1394,0.54679,252,482,-36,22,0,0,0010,---,False,0.30961,-0.03517,0.1394,0.54679,5.20122,-0.06655,cached_path_to_final_target,a,"$3,0,0,0,0,0,0,0,0#",5000,10000,Set tank.c app_speed/duty level to the logged pwm before sending the move key/protocol command; e=stop.,4.52232,12.72019,24,11,0,0.22076,-0.21392,7.52697,4.31281,0.00192,7.6872,4.3153,4.3128,0.29628,6,-0.2139,24,0,50.74904,18.00374,0.1311,0.2396,2,False,running
4c5679641a,formation_4_gate_rejoin,90,18.0,1784480000,completion_astar,finish_first,r03,r03,True,upper,member,local,3,3,3.94385,0.02374,1.758,-0.12,-0.46288,-218,-413,-77,77,0,0,0111,---,False,0.03392,-0.29506,-0.12,-0.46288,4.48758,0.06944,cached_path_to_final_target,d,"$4,0,0,0,0,0,0,0,0#",-4000,-8000,Set tank.c app_speed/duty level to the logged pwm before sending the move key/protocol command; e=stop.,4.47165,12.62809,11,15,0,0.76205,-0.1626,7.84836,4.31281,0.00192,7.6872,4.3153,4.3128,0.29628,6,-0.2139,24,0,50.74904,18.00374,0.1311,0.2396,2,False,running
4c5679641a,formation_4_gate_rejoin,90,18.0,1784480000,completion_astar,finish_first,r04,r04,True,upper,member,local,3,3,4.682,0.02997,0.82031,0.14515,-0.08899,401,363,0,20,0,0,0100,---,False,0.31098,0.0197,0.14515,-0.08899,5.20788,0.0433,cached_path_to_final_target,w,"$1,0,0,0,0,0,0,0,0#",8000,7000,Set tank.c app_speed/duty level to the logged pwm before sending the move key/protocol command; e=stop.,4.53376,12.78241,24,11,0,0.2031,-0.21392,7.53015,4.31281,0.00192,7.6872,4.3153,4.3128,0.29628,6,-0.2139,24,0,50.74904,18.00374,0.1311,0.2396,2,False,running
4c5679641a,formation_4_gate_rejoin,91,18.2,1784480200,completion_astar,finish_first,r01,r01,True,lower,member,local,3,3,3.94692,-0.01267,-1.87633,-0.12,-0.63719,-182,-450,83,78,0,0,1110,---,False,0.17637,0.2887,-0.12,-0.63719,4.48847,-0.05938,cached_path_to_final_target,d,"$4,0,0,0,0,0,0,0,0#",-4000,-9000,Set tank.c app_speed/duty level to the logged pwm before sending the move key/protocol command; e=stop.,4.50002,12.69303,12,15,0,0.76112,-0.20777,7.84556,4.32803,0.00367,7.672,4.3306,4.328,0.31064,6,-0.2139,25,0,51.04921,18.1018,0.1226,0.2378,2,False,running
4c5679641a,formation_4_gate_rejoin,91,18.2,1784480200,completion_astar,finish_first,r02,r02,True,lower,member,local,3,3,4.71445,-0.01506,-0.15791,0.14567,0.22049,337,430,-40,21,0,0,0010,---,False,0.14501,-0.01797,0.14567,0.22049,5.22359,-0.07069,cached_path_to_final_target; completion_unstuck,a,"$3,0,0,0,0,0,0,0,0#",7000,9000,Set tank.c app_speed/duty level to the logged pwm before sending the move key/protocol command; e=stop.,4.55145,12.80123,25,11,0,0.20969,-0.21392,7.49809,4.32803,0.00367,7.672,4.3306,4.328,0.31064,6,-0.2139,25,0,51.04921,18.1018,0.1226,0.2378,2,False,running
4c5679641a,formation_4_gate_rejoin,91,18.2,1784480200,completion_astar,finish_first,r03,r03,True,upper,member,local,3,3,3.95127,0.00092,1.88543,-0.12,0.63712,-450,-182,-83,78,0,0,0110,---,False,0.17898,-0.28707,-0.12,0.63712,4.49237,0.05263,cached_path_to_final_target,a,"$3,0,0,0,0,0,0,0,0#",-9000,-4000,Set tank.c app_speed/duty level to the logged pwm before sending the move key/protocol command; e=stop.,4.49565,12.70277,12,15,0,0.76205,-0.20777,7.84151,4.32803,0.00367,7.672,4.3306,4.328,0.31064,6,-0.2139,25,0,51.04921,18.1018,0.1226,0.2378,2,False,running
4c5679641a,formation_4_gate_rejoin,91,18.2,1784480200,completion_astar,finish_first,r04,r04,True,upper,member,local,3,3,4.69948,0.04148,0.58251,0.10462,-1.18899,526,25,14,19,0,0,0100,---,False,0.14578,0.00711,0.10462,-1.18899,5.22495,0.05388,cached_path_to_final_target; completion_unstuck,d,"$4,0,0,0,0,0,0,0,0#",11000,4000,Set tank.c app_speed/duty level to the logged pwm before sending the move key/protocol command; e=stop.,4.55468,12.85218,25,11,0,0.18723,-0.21392,7.51241,4.32803,0.00367,7.672,4.3306,4.328,0.31064,6,-0.2139,25,0,51.04921,18.1018,0.1226,0.2378,2,False,running
4c5679641a,formation_4_gate_rejoin,92,18.4,1784480400,completion_astar,finish_first,r01,r01,True,lower,member,local,3,3,3.95737,0.00894,-2.02118,-0.12,-0.72426,-163,-468,140,77,0,0,0110,---,False,0.18141,0.28668,-0.12,-0.72426,4.49479,-0.04174,cached_path_to_final_target,d,"$4,0,0,0,0,0,0,0,0#",-4000,-9000,Set tank.c app_speed/duty level to the logged pwm before sending the move key/protocol command; e=stop.,4.52402,12.75749,13,15,0,0.76112,-0.20777,7.83569,4.33499,0.00311,7.665,4.3376,4.335,0.30286,6,-0.2139,26,0,51.25823,18.15694,0.0689,0.2356,2,False,running
4c5679641a,formation_4_gate_rejoin,92,18.4,1784480400,completion_astar,finish_first,r02,r02,True,lower,member,local,3,3,4.72119,-0.01739,-0.33381,0.03567,-0.87951,279,-91,-30,21,0,0,0010,---,False,-0.13128,-0.13792,0.03567,-0.87951,5.25047,-0.07487,cached_path_to_final_target,d,"$0,2,0,0,0,0,0,0,0#",6000,-4000,Set tank.c app_speed/duty level to the logged pwm before sending the move key/protocol command; e=stop.,4.55858,12.85818,26,11,0,0.20619,-0.21392,7.49129,4.33499,0.00311,7.665,4.3376,4.335,0.30286,6,-0.2139,26,0,51.25823,18.15694,0.0689,0.2356,2,False,running
4c5679641a,formation_4_gate_rejoin,92,18.4,1784480400,completion_astar,finish_first,r03,r03,True,upper,member,local,3,3,3.96192,-0.02059,2.03028,-0.12,0.72429,-468,-163,-141,76,0,0,1100,---,False,0.18401,-0.285,-0.12,0.72429,4.49885,0.03505,cached_path_to_final_target,a,"$3,0,0,0,0,0,0,0,0#",-9000,-4000,Set tank.c app_speed/duty level to the logged pwm before sending the move key/protocol command; e=stop.,4.51965,12.76722,13,15,0,0.75894,-0.20777,7.83148,4.33499,0.00311,7.665,4.3376,4.335,0.30286,6,-0.2139,26,0,51.25823,18.15694,0.0689,0.2356,2,False,running
4c5679641a,formation_4_gate_rejoin,92,18.4,1784480400,completion_astar,finish_first,r04,r04,True,upper,member,local,3,3,4.69948,0.04148,0.56471,0.0,-0.08899,19,-19,15,19,0,0,0100,---,False,-0.12556,0.13832,0.0,-0.08899,5.24241,0.06289,cached_path_to_final_target,d,"$0,2,0,0,0,0,0,0,0#",4000,-4000,Set tank.c app_speed/duty level to the logged pwm before sending the move key/protocol command; e=stop.,4.55468,12.87534,26,11,0,0.18723,-0.21392,7.51241,4.33499,0.00311,7.665,4.3376,4.335,0.30286,6,-0.2139,26,0,51.25823,18.15694,0.0689,0.2356,2,False,running
4c5679641a,formation_4_gate_rejoin,93,18.6,1784480600,completion_astar,finish_first,r01,r01,True,lower,member,local,3,3,3.95883,0.01031,-2.38603,-0.01,-1.82426,358,-410,161,77,0,0,0010,---,False,-0.19497,0.22405,-0.01,-1.82426,4.50386,-0.0246,path_to_final_target,d,"$0,2,0,0,0,0,0,0,0#",7000,-8000,Set tank.c app_speed/duty level to the logged pwm before sending the move key/protocol command; e=stop.,4.52602,12.85413,14,15,0,0.76112,-0.20777,7.83427,4.34791,0.0028,7.6521,4.3505,4.3479,0.31213,6,-0.2139,27,0,51.62673,18.21207,0.0689,0.2338,2,False,running
4c5679641a,formation_4_gate_rejoin,93,18.6,1784480600,completion_astar,finish_first,r02,r02,True,lower,member,local,3,3,4.74911,-0.02572,-0.28971,0.14567,0.22049,337,430,-34,19,0,0,0010,---,False,0.31085,-0.02154,0.14567,0.22049,5.26513,-0.05509,path_to_final_target,a,"$3,0,0,0,0,0,0,0,0#",7000,9000,Set tank.c app_speed/duty level to the logged pwm before sending the move key/protocol command; e=stop.,4.58772,12.95526,27,11,0,0.19437,-0.21392,7.46317,4.34791,0.0028,7.6521,4.3505,4.3479,0.31213,6,-0.2139,27,0,51.62673,18.21207,0.0689,0.2338,2,False,running
4c5679641a,formation_4_gate_rejoin,93,18.6,1784480600,completion_astar,finish_first,r03,r03,True,upper,member,local,3,3,3.96339,-0.02195,2.39514,-0.01,1.82429,-410,358,-162,76,0,0,0100,---,False,-0.19353,-0.2253,-0.01,1.82429,4.50808,0.018,path_to_final_target,a,"$0,1,0,0,0,0,0,0,0#",-8000,7000,Set tank.c app_speed/duty level to the logged pwm before sending the move key/protocol command; e=stop.,4.52165,12.86386,14,15,0,0.75709,-0.20777,7.83005,4.34791,0.0028,7.6521,4.3505,4.3479,0.31213,6,-0.2139,27,0,51.62673,18.21207,0.0689,0.2338,2,False,running
4c5679641a,formation_4_gate_rejoin,93,18.6,1784480600,completion_astar,finish_first,r04,r04,True,upper,member,local,3,3,4.72031,0.04854,0.32691,0.11,-1.18899,540,39,29,18,0,0,0100,---,False,0.3113,0.0137,0.11,-1.18899,5.24765,0.0656,path_to_final_target,d,"$4,0,0,0,0,0,0,0,0#",11000,4000,Set tank.c app_speed/duty level to the logged pwm before sending the move key/protocol command; e=stop.,4.57668,12.95348,27,11,0,0.17571,-0.21392,7.49143,4.34791,0.0028,7.6521,4.3505,4.3479,0.31213,6,-0.2139,27,0,51.62673,18.21207,0.0689,0.2338,2,False,running
4c5679641a,formation_4_gate_rejoin,94,18.8,1784480800,completion_astar,finish_first,r01,r01,True,lower,member,local,3,3,3.98174,0.01747,-2.83874,-0.12,-2.26354,161,-792,-173,74,0,0,0010,---,False,0.31117,-0.01646,-0.12,-2.26354,4.50759,-0.01871,cached_path_to_final_target,d,"$0,2,0,0,0,0,0,0,0#",4000,-16000,Set tank.c app_speed/duty level to the logged pwm before sending the move key/protocol command; e=stop.,4.55002,12.9631,15,15,0,0.74159,-0.20777,7.81158,4.36116,0.0028,7.6388,4.3638,4.3612,0.29804,6,-0.2139,28,0,52.03025,18.2672,0.0689,0.232,2,False,running
4c5679641a,formation_4_gate_rejoin,94,18.8,1784480800,completion_astar,finish_first,r02,r02,True,lower,member,local,3,3,4.75624,-0.0259,-0.02561,0.03567,1.32049,-184,372,-50,19,0,0,0010,---,False,-0.27384,-0.115,0.03567,1.32049,5.28915,-0.05352,cached_path_to_final_target,a,"$0,1,0,0,0,0,0,0,0#",-4000,7000,Set tank.c app_speed/duty level to the logged pwm before sending the move key/protocol command; e=stop.,4.59485,13.0308,28,11,0,0.19366,-0.21392,7.45603,4.36116,0.0028,7.6388,4.3638,4.3612,0.29804,6,-0.2139,28,0,52.03025,18.2672,0.0689,0.232,2,False,running
4c5679641a,formation_4_gate_rejoin,94,18.8,1784480800,completion_astar,finish_first,r03,r03,True,upper,member,local,3,3,3.98636,-0.0289,2.84792,-0.12,2.26391,-792,161,172,73,0,0,0100,---,False,0.311,0.01933,-0.12,2.26391,4.51186,0.01215,cached_path_to_final_target,a,"$0,1,0,0,0,0,0,0,0#",-16000,4000,Set tank.c app_speed/duty level to the logged pwm before sending the move key/protocol command; e=stop.,4.54565,12.97284,15,15,0,0.73315,-0.20777,7.8073,4.36116,0.0028,7.6388,4.3638,4.3612,0.29804,6,-0.2139,28,0,52.03025,18.2672,0.0689,0.232,2,False,running
4c5679641a,formation_4_gate_rejoin,94,18.8,1784480800,completion_astar,finish_first,r04,r04,True,upper,member,local,3,3,4.72031,0.04854,-0.10755,0.0,-2.17231,457,-457,54,18,0,0,0100,---,False,-0.26758,0.1289,0.0,-2.17231,5.26386,0.07007,cached_path_to_final_target,d,"$0,2,0,0,0,0,0,0,0#",9000,-9000,Set tank.c app_speed/duty level to the logged pwm before sending the move key/protocol command; e=stop.,4.57668,13.06352,28,11,0,0.17571,-0.21392,7.49143,4.36116,0.0028,7.6388,4.3638,4.3612,0.29804,6,-0.2139,28,0,52.03025,18.2672,0.0689,0.232,2,False,running
4c5679641a,formation_4_gate_rejoin,95,19.0,1784481000,completion_astar,finish_first,r01,r01,True,lower,member,local,3,3,3.98362,0.01681,2.80445,-0.01,-3.2,647,-700,-136,74,0,0,0010,---,False,-0.19538,0.2237,-0.01,-3.2,4.52468,-0.01318,cached_path_to_final_target,d,"$0,2,0,0,0,0,0,0,0#",13000,-14000,Set tank.c app_speed/duty level to the logged pwm before sending the move key/protocol command; e=stop.,4.55202,13.116,16,15,0,0.74008,-0.20777,7.80967,4.3746,0.0012,7.6254,4.3773,4.3746,0.31189,6,-0.2139,29,0,52.51128,18.32234,0.0689,0.2302,2,False,running
4c5679641a,formation_4_gate_rejoin,95,19.0,1784481000,completion_astar,finish_first,r02,r02,True,lower,member,local,3,3,4.78537,-0.02536,0.01849,0.14567,0.22049,337,430,-54,19,0,0,0010,---,False,0.31121,-0.01559,0.14567,0.22049,5.30134,-0.05321,cached_path_to_final_target,a,"$3,0,0,0,0,0,0,0,0#",7000,9000,Set tank.c app_speed/duty level to the logged pwm before sending the move key/protocol command; e=stop.,4.62399,13.12788,29,11,0,0.19362,-0.21392,7.42693,4.3746,0.0012,7.6254,4.3773,4.3746,0.31189,6,-0.2139,29,0,52.51128,18.32234,0.0689,0.2302,2,False,running
4c5679641a,formation_4_gate_rejoin,95,19.0,1784481000,completion_astar,finish_first,r03,r03,True,upper,member,local,3,3,3.98824,-0.02822,-2.79526,-0.01,3.2,-700,647,136,73,0,0,0100,---,False,-0.19396,-0.22493,-0.01,3.2,4.529,0.00677,cached_path_to_final_target,a,"$0,1,0,0,0,0,0,0,0#",-14000,13000,Set tank.c app_speed/duty level to the logged pwm before sending the move key/protocol command; e=stop.,4.54765,13.12574,16,15,0,0.73163,-0.20777,7.8054,4.3746,0.0012,7.6254,4.3773,4.3746,0.31189,6,-0.2139,29,0,52.51128,18.32234,0.0689,0.2302,2,False,running
4c5679641a,formation_4_gate_rejoin,95,19.0,1784481000,completion_astar,finish_first,r04,r04,True,upper,member,local,3,3,4.74118,0.04158,-0.32201,0.11,-1.07231,515,64,68,18,0,0,0100,---,False,0.31133,0.01298,0.11,-1.07231,5.26873,0.07141,cached_path_to_final_target,d,"$4,0,0,0,0,0,0,0,0#",10000,4000,Set tank.c app_speed/duty level to the logged pwm before sending the move key/protocol command; e=stop.,4.59868,13.14166,29,11,0,0.17571,-0.21392,7.47072,4.3746,0.0012,7.6254,4.3773,4.3746,0.31189,6,-0.2139,29,0,52.51128,18.32234,0.0689,0.2302,2,False,running
4c5679641a,formation_4_gate_rejoin,96,19.2,1784481200,completion_astar,finish_first,r01,r01,True,lower,member,local,3,3,4.00107,0.00032,2.38445,-0.12,-2.1,126,-758,-111,73,0,0,0110,---,False,0.31117,-0.01631,-0.12,-2.1,4.53114,-0.0119,cached_path_to_final_target,d,"$0,2,0,0,0,0,0,0,0#",4000,-15000,Set tank.c app_speed/duty level to the logged pwm before sending the move key/protocol command; e=stop.,4.57602,13.22468,17,15,0,0.73021,-0.20933,7.79177,4.38503,0.00161,7.615,4.3878,4.385,0.31019,6,-0.2139,30,0,52.81302,18.37747,0.0689,0.2284,2,False,running
4c5679641a,formation_4_gate_rejoin,96,19.2,1784481200,completion_astar,finish_first,r02,r02,True,lower,member,local,3,3,4.79235,-0.02389,0.20784,0.03567,0.94676,-105,293,-66,20,0,0,0010,---,False,-0.27832,-0.10369,0.03567,0.94676,5.32537,-0.05317,cached_path_to_final_target,a,"$0,1,0,0,0,0,0,0,0#",-4000,6000,Set tank.c app_speed/duty level to the logged pwm before sending the move key/protocol command; e=stop.,4.63112,13.18389,30,11,0,0.19362,-0.21392,7.41999,4.38503,0.00161,7.615,4.3878,4.385,0.31019,6,-0.2139,30,0,52.81302,18.37747,0.0689,0.2284,2,False,running
4c5679641a,formation_4_gate_rejoin,96,19.2,1784481200,completion_astar,finish_first,r03,r03,True,upper,member,local,3,3,4.00553,-0.01157,-2.37526,-0.12,2.1,-758,126,111,72,0,0,0100,---,False,0.31101,0.01919,-0.12,2.1,4.53547,0.00555,cached_path_to_final_target,a,"$0,1,0,0,0,0,0,0,0#",-15000,4000,Set tank.c app_speed/duty level to the logged pwm before sending the move key/protocol command; e=stop.,4.57165,13.23442,17,15,0,0.72173,-0.20933,7.78762,4.38503,0.00161,7.615,4.3878,4.385,0.31019,6,-0.2139,30,0,52.81302,18.37747,0.0689,0.2284,2,False,running
4c5679641a,formation_4_gate_rejoin,96,19.2,1784481200,completion_astar,finish_first,r04,r04,True,upper,member,local,3,3,4.74118,0.04158,-0.37712,0.0,-0.27553,58,-58,71,18,0,0,0100,---,False,-0.27114,0.12122,0.0,-0.27553,5.28472,0.06861,cached_path_to_final_target,d,"$0,2,0,0,0,0,0,0,0#",4000,-4000,Set tank.c app_speed/duty level to the logged pwm before sending the move key/protocol command; e=stop.,4.59868,13.17003,30,11,0,0.17571,-0.21392,7.47072,4.38503,0.00161,7.615,4.3878,4.385,0.31019,6,-0.2139,30,0,52.81302,18.37747,0.0689,0.2284,2,False,running
4c5679641a,formation_4_gate_rejoin,97,19.4,1784481400,completion_astar,finish_first,r01,r01,True,lower,member,local,3,3,4.00222,-0.00131,2.18445,-0.01,-1.0,184,-237,-151,73,0,0,0110,---,False,-0.19932,0.22019,-0.01,-1.0,4.5454,-0.02069,path_to_final_target,d,"$0,2,0,0,0,0,0,0,0#",4000,-5000,Set tank.c app_speed/duty level to the logged pwm before sending the move key/protocol command; e=stop.,4.57802,13.28662,18,15,0,0.72876,-0.21234,7.79058,4.39815,0.00174,7.6019,4.4009,4.3981,0.32486,6,-0.2139,31,0,53.11212,18.43261,0.0689,0.2267,2,False,running
4c5679641a,formation_4_gate_rejoin,97,19.4,1784481400,completion_astar,finish_first,r02,r02,True,lower,member,local,3,3,4.82103,-0.01875,0.17719,0.14567,-0.15324,416,351,-66,20,0,0,0010,---,False,0.31117,-0.01635,0.14567,-0.15324,5.33744,-0.05253,path_to_final_target,w,"$1,0,0,0,0,0,0,0,0#",8000,7000,Set tank.c app_speed/duty level to the logged pwm before sending the move key/protocol command; e=stop.,4.66025,13.28097,31,11,0,0.19362,-0.21392,7.39145,4.39815,0.00174,7.6019,4.4009,4.3981,0.32486,6,-0.2139,31,0,53.11212,18.43261,0.0689,0.2267,2,False,running
4c5679641a,formation_4_gate_rejoin,97,19.4,1784481400,completion_astar,finish_first,r03,r03,True,upper,member,local,3,3,4.00667,-0.00993,-2.17526,-0.01,1.0,-237,184,99,72,0,0,0110,---,False,-0.19795,-0.22142,-0.01,1.0,4.54964,0.01447,path_to_final_target,a,"$0,1,0,0,0,0,0,0,0#",-5000,4000,Set tank.c app_speed/duty level to the logged pwm before sending the move key/protocol command; e=stop.,4.57365,13.29636,18,15,0,0.72132,-0.21234,7.78644,4.39815,0.00174,7.6019,4.4009,4.3981,0.32486,6,-0.2139,31,0,53.11212,18.43261,0.0689,0.2267,2,False,running
4c5679641a,formation_4_gate_rejoin,97,19.4,1784481400,completion_astar,finish_first,r04,r04,True,upper,member,local,3,3,4.76269,0.03694,-0.21222,0.11,0.82447,116,463,63,18,0,0,0100,---,False,0.31125,0.01487,0.11,0.82447,5.28952,0.06777,path_to_final_target,a,"$3,0,0,0,0,0,0,0,0#",4000,9000,Set tank.c app_speed/duty level to the logged pwm before sending the move key/protocol command; e=stop.,4.62068,13.24817,31,11,0,0.17571,-0.21392,7.44932,4.39815,0.00174,7.6019,4.4009,4.3981,0.32486,6,-0.2139,31,0,53.11212,18.43261,0.0689,0.2267,2,False,running
4c5679641a,formation_4_gate_rejoin,98,19.6,1784481600,completion_astar,finish_first,r01,r01,True,lower,member,local,3,3,4.00222,-0.00131,1.76445,0.0,-2.1,442,-442,-127,73,0,0,1111,---,False,0.31133,-0.01302,0.0,-2.1,4.55049,-0.02423,cached_path_to_final_target,d,"$0,2,0,0,0,0,0,0,0#",9000,-9000,Set tank.c app_speed/duty level to the logged pwm before sending the move key/protocol command; e=stop.,4.57802,13.38682,19,15,0,0.72876,-0.21234,7.79058,4.39988,0.00218,7.6001,4.4027,4.3999,0.32638,6,-0.2139,32,0,53.37677,18.43974,0.0089,0.2245,2,False,running
4c5679641a,formation_4_gate_rejoin,98,19.6,1784481600,completion_astar,finish_first,r02,r02,True,lower,member,local,3,3,4.82794,-0.01698,0.25077,0.03567,0.3679,16,171,-71,20,0,0,0010,---,False,-0.28298,-0.0902,0.03567,0.3679,5.36106,-0.05022,cached_path_to_final_target,w,"$1,0,0,0,0,0,0,0,0#",4000,4000,Set tank.c app_speed/duty level to the logged pwm before sending the move key/protocol command; e=stop.,4.66739,13.31383,32,11,0,0.19362,-0.21392,7.38459,4.39988,0.00218,7.6001,4.4027,4.3999,0.32638,6,-0.2139,32,0,53.37677,18.43974,0.0089,0.2245,2,False,running
4c5679641a,formation_4_gate_rejoin,98,19.6,1784481600,completion_astar,finish_first,r03,r03,True,upper,member,local,3,3,4.00667,-0.00993,-1.75526,0.0,2.1,-442,442,75,72,0,0,1111,---,False,0.31119,0.01589,0.0,2.1,4.55471,0.01806,cached_path_to_final_target,a,"$0,1,0,0,0,0,0,0,0#",-9000,9000,Set tank.c app_speed/duty level to the logged pwm before sending the move key/protocol command; e=stop.,4.57365,13.39656,19,15,0,0.72132,-0.21234,7.78644,4.39988,0.00218,7.6001,4.4027,4.3999,0.32638,6,-0.2139,32,0,53.37677,18.43974,0.0089,0.2245,2,False,running
4c5679641a,formation_4_gate_rejoin,98,19.6,1784481600,completion_astar,finish_first,r04,r04,True,upper,member,local,3,3,4.76269,0.03694,-0.26733,0.0,-0.27553,58,-58,66,18,0,0,0100,---,False,-0.27441,0.11364,0.0,-0.27553,5.30595,0.0655,cached_path_to_final_target,d,"$0,2,0,0,0,0,0,0,0#",4000,-4000,Set tank.c app_speed/duty level to the logged pwm before sending the move key/protocol command; e=stop.,4.62068,13.27957,32,11,0,0.17571,-0.21392,7.44932,4.39988,0.00218,7.6001,4.4027,4.3999,0.32638,6,-0.2139,32,0,53.37677,18.43974,0.0089,0.2245,2,False,running
4c5679641a,formation_4_gate_rejoin,99,19.8,1784481800,completion_astar,finish_first,r01,r01,True,lower,member,local,3,3,4.00222,-0.00131,1.56445,0.0,-1.0,211,-211,-115,73,0,0,1111,---,False,-0.19926,-0.22025,0.0,-1.0,4.55202,-0.02529,cached_path_to_final_target,d,"$0,2,0,0,0,0,0,0,0#",4000,-4000,Set tank.c app_speed/duty level to the logged pwm before sending the move key/protocol command; e=stop.,4.57802,13.44002,20,15,0,0.72876,-0.21234,7.79058,4.41268,-0.00312,7.5873,4.4165,4.4127,0.33725,6,-0.2139,33,0,53.68324,18.51287,0.0914,0.2229,2,False,running
4c5679641a,formation_4_gate_rejoin,99,19.8,1784481800,completion_astar,finish_first,r02,r02,True,lower,member,local,3,3,4.85691,-0.01395,0.10435,0.14567,-0.7321,537,229,-65,21,0,0,0010,---,False,0.31107,-0.01814,0.14567,-0.7321,5.37296,-0.04877,cached_path_to_final_target,d,"$4,0,0,0,0,0,0,0,0#",11000,5000,Set tank.c app_speed/duty level to the logged pwm before sending the move key/protocol command; e=stop.,4.69652,13.41081,33,11,0,0.19362,-0.21392,7.3557,4.41268,-0.00312,7.5873,4.4165,4.4127,0.33725,6,-0.2139,33,0,53.68324,18.51287,0.0914,0.2229,2,False,running
4c5679641a,formation_4_gate_rejoin,99,19.8,1784481800,completion_astar,finish_first,r03,r03,True,upper,member,local,3,3,4.00701,-0.03193,-1.55526,0.11,1.0,79,500,64,71,0,0,1111,---,False,-0.19828,-0.22113,0.11,1.0,4.55622,0.01914,cached_path_to_final_target,a,"$3,0,0,0,0,0,0,0,0#",4000,10000,Set tank.c app_speed/duty level to the logged pwm before sending the move key/protocol command; e=stop.,4.59565,13.4747,20,15,0,0.71279,-0.21234,7.78675,4.41268,-0.00312,7.5873,4.4165,4.4127,0.33725,6,-0.2139,33,0,53.68324,18.51287,0.0914,0.2229,2,False,running
4c5679641a,formation_4_gate_rejoin,99,19.8,1784481800,completion_astar,finish_first,r04,r04,True,upper,member,local,3,3,4.78457,0.03469,-0.10243,0.11,0.82447,116,463,59,18,0,0,0100,---,False,0.3112,0.01582,0.11,0.82447,5.31088,0.06482,cached_path_to_final_target,a,"$3,0,0,0,0,0,0,0,0#",4000,9000,Set tank.c app_speed/duty level to the logged pwm before sending the move key/protocol command; e=stop.,4.64268,13.35771,33,11,0,0.17571,-0.21392,7.4275,4.41268,-0.00312,7.5873,4.4165,4.4127,0.33725,6,-0.2139,33,0,53.68324,18.51287,0.0914,0.2229,2,False,running
4c5679641a,formation_4_gate_rejoin,100,20.0,1784482000,completion_astar,finish_first,r01,r01,True,lower,member,local,3,3,4.00222,-0.00131,1.14445,0.0,-2.1,442,-442,-91,73,0,0,0110,---,False,0.3113,-0.01375,0.0,-2.1,4.55248,-0.02561,cached_path_to_final_target,d,"$0,2,0,0,0,0,0,0,0#",9000,-9000,Set tank.c app_speed/duty level to the logged pwm before sending the move key/protocol command; e=stop.,4.57802,13.53942,21,15,0,0.72876,-0.21234,7.79058,4.42164,-0.00289,7.5784,4.4255,4.4216,0.35068,6,-0.2139,34,0,54.0123,18.54882,0.0449,0.2211,2,False,running
4c5679641a,formation_4_gate_rejoin,100,20.0,1784482000,completion_astar,finish_first,r02,r02,True,lower,member,local,3,3,4.86393,-0.01269,0.17793,0.03567,0.3679,16,171,-70,21,0,0,0010,---,False,-0.28706,-0.07623,0.03567,0.3679,5.39675,-0.04728,cached_path_to_final_target,w,"$1,0,0,0,0,0,0,0,0#",4000,4000,Set tank.c app_speed/duty level to the logged pwm before sending the move key/protocol command; e=stop.,4.70366,13.44945,34,11,0,0.19362,-0.21392,7.34872,4.42164,-0.00289,7.5784,4.4255,4.4216,0.35068,6,-0.2139,34,0,54.0123,18.54882,0.0449,0.2211,2,False,running
4c5679641a,formation_4_gate_rejoin,100,20.0,1784482000,completion_astar,finish_first,r03,r03,True,upper,member,local,3,3,4.00701,-0.03193,-1.13526,0.0,2.1,-442,442,40,71,0,0,0011,---,False,0.31081,0.02223,0.0,2.1,4.55673,0.0074,cached_path_to_final_target,a,"$0,1,0,0,0,0,0,0,0#",-9000,9000,Set tank.c app_speed/duty level to the logged pwm before sending the move key/protocol command; e=stop.,4.59565,13.5829,21,15,0,0.71279,-0.21234,7.78675,4.42164,-0.00289,7.5784,4.4255,4.4216,0.35068,6,-0.2139,34,0,54.0123,18.54882,0.0449,0.2211,2,False,running
4c5679641a,formation_4_gate_rejoin,100,20.0,1784482000,completion_astar,finish_first,r04,r04,True,upper,member,local,3,3,4.81338,0.03435,-0.01193,0.14406,0.45253,284,474,55,18,0,0,0100,---,False,0.14571,0.00863,0.14406,0.45253,5.32764,0.06377,cached_path_to_final_target; completion_unstuck,a,"$3,0,0,0,0,0,0,0,0#",6000,9000,Set tank.c app_speed/duty level to the logged pwm before sending the move key/protocol command; e=stop.,4.6715,13.44053,34,11,0,0.17571,-0.21392,7.3987,4.42164,-0.00289,7.5784,4.4255,4.4216,0.35068,6,-0.2139,34,0,54.0123,18.54882,0.0449,0.2211,2,False,running
4c5679641a,formation_4_gate_rejoin,101,20.2,1784482200,completion_astar,finish_first,r01,r01,True,lower,member,local,3,3,3.98932,-0.01914,0.94445,-0.11,-1.0,-79,-500,-79,73,0,0,0010,---,False,-0.19926,-0.22025,-0.11,-1.0,4.55262,-0.02571,path_to_final_target,d,"$4,0,0,0,0,0,0,0,0#",-4000,-10000,Set tank.c app_speed/duty level to the logged pwm before sending the move key/protocol command; e=stop.,4.60002,13.61756,22,15,0,0.72876,-0.21234,7.80301,4.44165,-0.01108,7.5584,4.4471,4.4417,0.37642,6,-0.2139,35,0,54.41119,18.67277,0.1549,0.2199,2,False,running
4c5679641a,formation_4_gate_rejoin,101,20.2,1784482200,completion_astar,finish_first,r02,r02,True,lower,member,local,3,3,4.89305,-0.01177,0.03151,0.14567,-0.7321,537,229,-63,21,0,0,0010,---,False,0.30986,-0.03286,0.14567,-0.7321,5.40658,-0.07023,path_to_final_target,d,"$4,0,0,0,0,0,0,0,0#",11000,5000,Set tank.c app_speed/duty level to the logged pwm before sending the move key/protocol command; e=stop.,4.73279,13.54643,35,11,0,0.19362,-0.21392,7.31963,4.44165,-0.01108,7.5584,4.4471,4.4417,0.37642,6,-0.2139,35,0,54.41119,18.67277,0.1549,0.2199,2,False,running
4c5679641a,formation_4_gate_rejoin,101,20.2,1784482200,completion_astar,finish_first,r03,r03,True,upper,member,local,3,3,4.02007,-0.04963,-0.93526,0.11,1.0,79,500,29,69,0,0,0011,---,False,-0.19494,-0.22408,0.11,1.0,4.55688,0.00387,path_to_final_target,a,"$3,0,0,0,0,0,0,0,0#",4000,10000,Set tank.c app_speed/duty level to the logged pwm before sending the move key/protocol command; e=stop.,4.61765,13.66104,22,15,0,0.69429,-0.21234,7.77427,4.44165,-0.01108,7.5584,4.4471,4.4417,0.37642,6,-0.2139,35,0,54.41119,18.67277,0.1549,0.2199,2,False,running
4c5679641a,formation_4_gate_rejoin,101,20.2,1784482200,completion_astar,finish_first,r04,r04,True,upper,member,local,3,3,4.86416,0.0362,0.03636,0.25406,0.24146,618,719,56,18,0,0,0100,---,False,0.31074,0.02313,0.25406,0.24146,5.35209,0.07446,path_to_final_target,a,"$3,0,0,0,0,0,0,0,0#",12000,14000,Set tank.c app_speed/duty level to the logged pwm before sending the move key/protocol command; e=stop.,4.72231,13.58615,35,11,0,0.17571,-0.21392,7.34789,4.44165,-0.01108,7.5584,4.4471,4.4417,0.37642,6,-0.2139,35,0,54.41119,18.67277,0.1549,0.2199,2,False,running
4c5679641a,formation_4_gate_rejoin,102,20.4,1784482400,completion_astar,finish_first,r01,r01,True,lower,member,local,3,3,3.98932,-0.01914,0.52445,0.0,-2.1,442,-442,-55,73,0,0,0010,---,False,0.31147,-0.00916,0.0,-2.1,4.54374,-0.03544,cached_path_to_final_target,d,"$0,2,0,0,0,0,0,0,0#",9000,-9000,Set tank.c app_speed/duty level to the logged pwm before sending the move key/protocol command; e=stop.,4.60002,13.72576,23,15,0,0.72876,-0.21234,7.80301,4.45787,-0.01447,7.5421,4.4637,4.4579,0.37568,6,-0.2139,36,0,54.74951,18.74202,0.0866,0.2185,2,False,running
4c5679641a,formation_4_gate_rejoin,102,20.4,1784482400,completion_astar,finish_first,r02,r02,True,lower,member,local,3,3,4.90015,-0.01102,0.10509,0.03567,0.3679,16,171,-68,21,0,0,0010,---,False,-0.29049,-0.0619,0.03567,0.3679,5.4298,-0.07743,cached_path_to_final_target,w,"$1,0,0,0,0,0,0,0,0#",4000,4000,Set tank.c app_speed/duty level to the logged pwm before sending the move key/protocol command; e=stop.,4.73992,13.58508,36,11,0,0.19362,-0.21392,7.31256,4.45787,-0.01447,7.5421,4.4637,4.4579,0.37568,6,-0.2139,36,0,54.74951,18.74202,0.0866,0.2185,2,False,running
4c5679641a,formation_4_gate_rejoin,102,20.4,1784482400,completion_astar,finish_first,r03,r03,True,upper,member,local,3,3,4.04874,-0.06587,-0.51526,0.16476,2.1,-9,876,5,66,0,0,0010,---,False,0.31064,0.0244,0.16476,2.1,4.56588,-0.00676,cached_path_to_final_target,a,"$0,1,0,0,0,0,0,0,0#",-4000,18000,Set tank.c app_speed/duty level to the logged pwm before sending the move key/protocol command; e=stop.,4.6506,13.76558,23,15,0,0.66178,-0.21234,7.74617,4.45787,-0.01447,7.5421,4.4637,4.4579,0.37568,6,-0.2139,36,0,54.74951,18.74202,0.0866,0.2185,2,False,running
4c5679641a,formation_4_gate_rejoin,102,20.4,1784482400,completion_astar,finish_first,r04,r04,True,upper,member,local,3,3,4.89326,0.03814,0.06674,0.14582,0.15187,352,416,57,18,0,0,0100,---,False,0.14543,0.01321,0.14582,0.15187,5.3949,0.07977,cached_path_to_final_target; completion_unstuck,w,"$1,0,0,0,0,0,0,0,0#",7000,8000,Set tank.c app_speed/duty level to the logged pwm before sending the move key/protocol command; e=stop.,4.75147,13.67309,36,11,0,0.17571,-0.21392,7.31876,4.45787,-0.01447,7.5421,4.4637,4.4579,0.37568,6,-0.2139,36,0,54.74951,18.74202,0.0866,0.2185,2,False,running
4c5679641a,formation_4_gate_rejoin,103,20.6,1784482600,completion_astar,finish_first,r01,r01,True,lower,member,local,3,3,3.96847,-0.02615,0.32445,-0.11,-1.0,-79,-500,-43,75,0,0,0010,---,False,-0.19566,-0.22346,-0.11,-1.0,4.54108,-0.03836,cached_path_to_final_target,d,"$4,0,0,0,0,0,0,0,0#",-4000,-10000,Set tank.c app_speed/duty level to the logged pwm before sending the move key/protocol command; e=stop.,4.62202,13.8039,24,15,0,0.72876,-0.21234,7.82369,4.46447,-0.01722,7.5355,4.4708,4.4645,0.38504,6,-0.2139,37,0,55.09327,18.841,0.1237,0.2167,2,False,running
4c5679641a,formation_4_gate_rejoin,103,20.6,1784482600,completion_astar,finish_first,r02,r02,True,lower,member,local,3,3,4.88598,-0.01552,0.30732,-0.07433,1.01118,-408,17,-79,20,0,0,0010,---,False,-0.15199,-0.07649,-0.07433,1.01118,5.44168,-0.07942,cached_path_to_final_target,a,"$0,1,0,0,0,0,0,0,0#",-8000,4000,Set tank.c app_speed/duty level to the logged pwm before sending the move key/protocol command; e=stop.,4.75479,13.64311,37,11,0,0.19362,-0.21392,7.3266,4.46447,-0.01722,7.5355,4.4708,4.4645,0.38504,6,-0.2139,37,0,55.09327,18.841,0.1237,0.2167,2,False,running
4c5679641a,formation_4_gate_rejoin,103,20.6,1784482600,completion_astar,finish_first,r03,r03,True,upper,member,local,3,3,4.05916,-0.06927,-0.31526,0.05476,1.0,-66,355,-6,65,0,0,0010,---,False,-0.19255,-0.22614,0.05476,1.0,4.58844,-0.01852,cached_path_to_final_target,a,"$0,1,0,0,0,0,0,0,0#",-4000,7000,Set tank.c app_speed/duty level to the logged pwm before sending the move key/protocol command; e=stop.,4.66155,13.8277,24,15,0,0.65083,-0.21234,7.73589,4.46447,-0.01722,7.5355,4.4708,4.4645,0.38504,6,-0.2139,37,0,55.09327,18.841,0.1237,0.2167,2,False,running
4c5679641a,formation_4_gate_rejoin,103,20.6,1784482600,completion_astar,finish_first,r04,r04,True,upper,member,local,3,3,4.94427,0.04203,0.07611,0.25582,0.04688,663,683,60,18,0,0,0100,---,False,0.31051,0.02598,0.25582,0.04688,5.4281,0.0829,cached_path_to_final_target,w,"$1,0,0,0,0,0,0,0,0#",13000,14000,Set tank.c app_speed/duty level to the logged pwm before sending the move key/protocol command; e=stop.,4.80263,13.81857,37,11,0,0.17571,-0.21392,7.26767,4.46447,-0.01722,7.5355,4.4708,4.4645,0.38504,6,-0.2139,37,0,55.09327,18.841,0.1237,0.2167,2,False,running
4c5679641a,formation_4_gate_rejoin,104,20.8,1784482800,completion_astar,finish_first,r01,r01,True,lower,member,local,3,3,3.96847,-0.02615,0.34445,0.0,0.1,-21,21,-44,75,0,0,0010,---,False,0.18081,0.28998,0.0,0.1,4.52573,-0.04298,cached_path_to_final_target,a,"$0,1,0,0,0,0,0,0,0#",-4000,4000,Set tank.c app_speed/duty level to the logged pwm before sending the move key/protocol command; e=stop.,4.62202,13.8279,25,15,0,0.72876,-0.21234,7.82369,4.48171,-0.01546,7.5183,4.4882,4.4817,0.40512,6,-0.2139,38,0,55.42975,18.91045,0.0868,0.2155,2,False,running
4c5679641a,formation_4_gate_rejoin,104,20.8,1784482800,completion_astar,finish_first,r02,r02,True,lower,member,local,3,3,4.89282,-0.01348,0.28956,0.03567,-0.08882,113,75,-78,21,0,0,0010,---,False,0.14487,-0.01935,0.03567,-0.08882,5.4355,-0.08183,cached_path_to_final_target; completion_unstuck,w,"$1,0,0,0,0,0,0,0,0#",4000,4000,Set tank.c app_speed/duty level to the logged pwm before sending the move key/protocol command; e=stop.,4.76192,13.68185,38,11,0,0.19362,-0.21392,7.31982,4.48171,-0.01546,7.5183,4.4882,4.4817,0.40512,6,-0.2139,38,0,55.42975,18.91045,0.0868,0.2155,2,False,running
4c5679641a,formation_4_gate_rejoin,104,20.8,1784482800,completion_astar,finish_first,r03,r03,True,upper,member,local,3,3,4.05916,-0.06927,0.10474,0.0,2.1,-442,442,-30,65,0,0,0010,---,False,0.04015,0.29428,0.0,2.1,4.60245,-0.02377,cached_path_to_final_target,a,"$0,1,0,0,0,0,0,0,0#",-9000,9000,Set tank.c app_speed/duty level to the logged pwm before sending the move key/protocol command; e=stop.,4.66155,13.93148,25,15,0,0.65083,-0.21234,7.73589,4.48171,-0.01546,7.5183,4.4882,4.4817,0.40512,6,-0.2139,38,0,55.42975,18.91045,0.0868,0.2155,2,False,running
4c5679641a,formation_4_gate_rejoin,104,20.8,1784482800,completion_astar,finish_first,r04,r04,True,upper,member,local,3,3,5.00639,0.04705,0.08063,0.31159,0.02257,815,825,65,17,0,0,0100,---,False,0.3105,0.0262,0.31159,0.02257,5.47376,0.08671,cached_path_to_final_target,w,"$1,0,0,0,0,0,0,0,0#",16000,16000,Set tank.c app_speed/duty level to the logged pwm before sending the move key/protocol command; e=stop.,4.86495,13.98852,38,11,0,0.17193,-0.21392,7.20545,4.48171,-0.01546,7.5183,4.4882,4.4817,0.40512,6,-0.2139,38,0,55.42975,18.91045,0.0868,0.2155,2,False,running
4c5679641a,formation_4_gate_rejoin,105,21.0,1784483000,completion_astar,finish_first,r01,r01,True,lower,member,local,3,3,3.95012,-0.03829,0.58445,-0.11,1.2,-542,-37,-57,76,0,0,0010,---,False,-0.19314,-0.22564,-0.11,1.2,4.52112,-0.04436,path_to_final_target,a,"$3,0,0,0,0,0,0,0,0#",-11000,-4000,Set tank.c app_speed/duty level to the logged pwm before sending the move key/protocol command; e=stop.,4.64402,13.90604,26,15,0,0.72876,-0.21234,7.84176,4.49455,-0.0197,7.5055,4.5017,4.4946,0.44972,6,-0.2139,39,0,55.86179,19.04338,0.1662,0.214,2,False,running
4c5679641a,formation_4_gate_rejoin,105,21.0,1784483000,completion_astar,finish_first,r02,r02,True,lower,member,local,3,3,4.91939,-0.0121,0.05179,0.13304,-1.18882,600,100,-67,21,0,0,0010,---,False,0.14479,-0.02005,0.13304,-1.18882,5.43835,-0.08174,path_to_final_target; completion_unstuck,d,"$4,0,0,0,0,0,0,0,0#",12000,4000,Set tank.c app_speed/duty level to the logged pwm before sending the move key/protocol command; e=stop.,4.78853,13.77117,39,11,0,0.19362,-0.21392,7.2933,4.49455,-0.0197,7.5055,4.5017,4.4946,0.44972,6,-0.2139,39,0,55.86179,19.04338,0.1662,0.214,2,False,running
4c5679641a,formation_4_gate_rejoin,105,21.0,1784483000,completion_astar,finish_first,r03,r03,True,upper,member,local,3,3,4.04018,-0.08039,0.53023,-0.11,2.12745,-737,158,-54,67,0,0,0001,---,False,-0.19275,-0.22596,-0.11,2.12745,4.60666,-0.02535,path_to_final_target,a,"$0,1,0,0,0,0,0,0,0#",-15000,4000,Set tank.c app_speed/duty level to the logged pwm before sending the move key/protocol command; e=stop.,4.68355,14.03049,26,15,0,0.65083,-0.21234,7.75526,4.49455,-0.0197,7.5055,4.5017,4.4946,0.44972,6,-0.2139,39,0,55.86179,19.04338,0.1662,0.214,2,False,running
4c5679641a,formation_4_gate_rejoin,105,21.0,1784483000,completion_astar,finish_first,r04,r04,True,upper,member,local,3,3,5.06852,0.05196,0.07884,0.3116,-0.00894,822,818,72,17,0,0,0100,---,False,0.31067,0.02411,0.3116,-0.00894,5.53122,0.08778,path_to_final_target,w,"$1,0,0,0,0,0,0,0,0#",16000,16000,Set tank.c app_speed/duty level to the logged pwm before sending the move key/protocol command; e=stop.,4.92727,14.15408,39,11,0,0.16702,-0.21392,7.14323,4.49455,-0.0197,7.5055,4.5017,4.4946,0.44972,6,-0.2139,39,0,55.86179,19.04338,0.1662,0.214,2,False,running
4c5679641a,formation_4_gate_rejoin,106,21.2,1784483200,completion_astar,finish_first,r01,r01,True,lower,member,local,3,3,3.95012,-0.03829,0.83143,0.0,1.23491,-260,260,-71,76,0,0,0010,---,False,0.17681,0.29145,0.0,1.23491,4.50696,-0.05138,cached_path_to_final_target,a,"$0,1,0,0,0,0,0,0,0#",-5000,5000,Set tank.c app_speed/duty level to the logged pwm before sending the move key/protocol command; e=stop.,4.64402,13.96719,27,15,0,0.72876,-0.21234,7.84176,4.51544,-0.01877,7.4846,4.5226,4.5154,0.47984,6,-0.2139,40,0,56.23091,19.12716,0.1047,0.213,2,False,running
4c5679641a,formation_4_gate_rejoin,106,21.2,1784483200,completion_astar,finish_first,r02,r02,True,lower,member,local,3,3,4.94082,-0.01316,-0.04928,0.10729,-0.50538,389,176,-63,21,0,0,0010,---,False,0.10816,-0.014,0.10729,-0.50538,5.45768,-0.08176,cached_path_to_final_target,d,"$4,0,0,0,0,0,0,0,0#",8000,4000,Set tank.c app_speed/duty level to the logged pwm before sending the move key/protocol command; e=stop.,4.80999,13.83699,40,11,0,0.19362,-0.21392,7.27184,4.51544,-0.01877,7.4846,4.5226,4.5154,0.47984,6,-0.2139,40,0,56.23091,19.12716,0.1047,0.213,2,False,running
4c5679641a,formation_4_gate_rejoin,106,21.2,1784483200,completion_astar,finish_first,r03,r03,True,upper,member,local,3,3,4.04018,-0.08039,0.82189,0.0,1.45829,-307,307,-70,67,0,0,0001,---,False,0.17566,0.30698,0.0,1.45829,4.59451,-0.03214,cached_path_to_final_target,a,"$0,1,0,0,0,0,0,0,0#",-6000,6000,Set tank.c app_speed/duty level to the logged pwm before sending the move key/protocol command; e=stop.,4.68355,14.10738,27,15,0,0.65083,-0.21234,7.75526,4.51544,-0.01877,7.4846,4.5226,4.5154,0.47984,6,-0.2139,40,0,56.23091,19.12716,0.1047,0.213,2,False,running
4c5679641a,formation_4_gate_rejoin,106,21.2,1784483200,completion_astar,finish_first,r04,r04,True,upper,member,local,3,3,5.13065,0.05675,0.07684,0.3116,-0.01,822,818,78,16,0,0,0100,---,False,0.31072,0.02343,0.3116,-0.01,5.59196,0.09143,cached_path_to_final_target,w,"$1,0,0,0,0,0,0,0,0#",16000,16000,Set tank.c app_speed/duty level to the logged pwm before sending the move key/protocol command; e=stop.,4.98959,14.31934,40,11,0,0.16224,-0.21392,7.08101,4.51544,-0.01877,7.4846,4.5226,4.5154,0.47984,6,-0.2139,40,0,56.23091,19.12716,0.1047,0.213,2,False,running
4c5679641a,formation_4_gate_rejoin,107,21.4,1784483400,completion_astar,finish_first,r01,r01,True,lower,member,local,3,3,3.93574,-0.05494,0.85841,-0.11,0.13491,-318,-261,-72,77,0,0,0011,---,False,-0.19004,-0.22825,-0.11,0.13491,4.50271,-0.05348,cached_path_to_final_target,s,"$2,0,0,0,0,0,0,0,0#",-6000,-5000,Set tank.c app_speed/duty level to the logged pwm before sending the move key/protocol command; e=stop.,4.66602,14.04533,28,15,0,0.72876,-0.21234,7.85579,4.53163,-0.02974,7.4684,4.5422,4.5316,0.52641,6,-0.2139,41,0,56.63671,19.2646,0.1718,0.2118,2,False,running
4c5679641a,formation_4_gate_rejoin,107,21.4,1784483400,completion_astar,finish_first,r02,r02,True,lower,member,local,3,3,4.96247,-0.0152,-0.0939,0.10871,-0.22311,333,239,-62,20,0,0,0010,---,False,0.10815,-0.01403,0.10871,-0.22311,5.47844,-0.08288,cached_path_to_final_target,d,"$4,0,0,0,0,0,0,0,0#",7000,5000,Set tank.c app_speed/duty level to the logged pwm before sending the move key/protocol command; e=stop.,4.83173,13.89757,40,12,0,0.19362,-0.21392,7.25015,4.53163,-0.02974,7.4684,4.5422,4.5316,0.52641,6,-0.2139,41,0,56.63671,19.2646,0.1718,0.2118,2,False,running
4c5679641a,formation_4_gate_rejoin,107,21.4,1784483400,completion_astar,finish_first,r03,r03,True,upper,member,local,3,3,4.02639,-0.09754,0.89354,-0.11,0.35829,-365,-214,-74,67,0,0,0001,---,False,-0.18953,-0.22867,-0.11,0.35829,4.59087,-0.03418,cached_path_to_final_target,a,"$3,0,0,0,0,0,0,0,0#",-7000,-4000,Set tank.c app_speed/duty level to the logged pwm before sending the move key/protocol command; e=stop.,4.70555,14.18552,28,15,0,0.65083,-0.21234,7.7697,4.53163,-0.02974,7.4684,4.5422,4.5316,0.52641,6,-0.2139,41,0,56.63671,19.2646,0.1718,0.2118,2,False,running
4c5679641a,formation_4_gate_rejoin,107,21.4,1784483400,completion_astar,finish_first,r04,r04,True,upper,member,local,3,3,5.2019,0.04871,-0.11235,0.35852,-0.94593,1000,744,97,17,0,0,0100,---,False,0.36713,-0.09806,0.35852,-0.94593,5.65368,0.09582,cached_path_to_final_target,d,"$4,0,0,0,0,0,0,0,0#",20000,15000,Set tank.c app_speed/duty level to the logged pwm before sending the move key/protocol command; e=stop.,5.0613,14.50828,40,12,0,0.16224,-0.21392,7.00995,4.53163,-0.02974,7.4684,4.5422,4.5316,0.52641,6,-0.2139,41,0,56.63671,19.2646,0.1718,0.2118,2,False,running
4c5679641a,formation_4_gate_rejoin,108,21.6,1784483600,completion_astar,finish_first,r01,r01,True,lower,member,local,3,3,3.93574,-0.05494,0.95979,0.0,0.50688,-107,107,-78,77,0,0,0011,---,False,0.17231,0.29317,0.0,0.50688,4.49143,-0.06324,cached_path_to_final_target,a,"$0,1,0,0,0,0,0,0,0#",-4000,4000,Set tank.c app_speed/duty level to the logged pwm before sending the move key/protocol command; e=stop.,4.66602,14.07925,29,15,0,0.72876,-0.21234,7.85579,4.56047,-0.03354,7.4396,4.5713,4.5605,0.57085,6,-0.2139,42,0,57.0253,19.38099,0.1455,0.2111,2,False,running
4c5679641a,formation_4_gate_rejoin,108,21.6,1784483600,completion_astar,finish_first,r02,r02,True,lower,member,local,3,3,5.00269,-0.01978,-0.11346,0.20242,-0.09778,553,512,-64,20,0,0,0010,---,False,0.20086,-0.02602,0.20242,-0.09778,5.49979,-0.0848,cached_path_to_final_target,w,"$1,0,0,0,0,0,0,0,0#",11000,10000,Set tank.c app_speed/duty level to the logged pwm before sending the move key/protocol command; e=stop.,4.87222,14.01363,40,12,0,0.19362,-0.21392,7.20982,4.56047,-0.03354,7.4396,4.5713,4.5605,0.57085,6,-0.2139,42,0,57.0253,19.38099,0.1455,0.2111,2,False,running
4c5679641a,formation_4_gate_rejoin,108,21.6,1784483600,completion_astar,finish_first,r03,r03,True,upper,member,local,3,3,4.02639,-0.09754,0.99012,0.0,0.48289,-102,102,-79,67,0,0,0001,---,False,0.17062,0.30879,0.0,0.48289,4.57992,-0.04436,cached_path_to_final_target,a,"$0,1,0,0,0,0,0,0,0#",-4000,4000,Set tank.c app_speed/duty level to the logged pwm before sending the move key/protocol command; e=stop.,4.70555,14.21597,29,15,0,0.65083,-0.21234,7.7697,4.56047,-0.03354,7.4396,4.5713,4.5605,0.57085,6,-0.2139,42,0,57.0253,19.38099,0.1455,0.2111,2,False,running
4c5679641a,formation_4_gate_rejoin,108,21.6,1784483600,completion_astar,finish_first,r04,r04,True,upper,member,local,3,3,5.27707,0.0381,-0.1402,0.37953,-0.13929,1000,969,106,18,0,0,0100,---,False,0.37502,-0.06133,0.37953,-0.13929,5.72158,0.09745,cached_path_to_final_target,w,"$1,0,0,0,0,0,0,0,0#",20000,19000,Set tank.c app_speed/duty level to the logged pwm before sending the move key/protocol command; e=stop.,5.1372,14.71645,40,12,0,0.16224,-0.21392,6.93507,4.56047,-0.03354,7.4396,4.5713,4.5605,0.57085,6,-0.2139,42,0,57.0253,19.38099,0.1455,0.2111,2,False,running
4c5679641a,formation_4_gate_rejoin,109,21.8,1784483800,completion_astar,finish_first,r01,r01,True,lower,member,local,3,3,3.92244,-0.07246,0.92173,-0.11,-0.19028,-249,-330,-74,78,0,0,0001,---,False,-0.18652,-0.23114,-0.11,-0.19028,4.48805,-0.06617,path_to_final_target,d,"$4,0,0,0,0,0,0,0,0#",-5000,-7000,Set tank.c app_speed/duty level to the logged pwm before sending the move key/protocol command; e=stop.,4.68802,14.15336,30,15,0,0.72876,-0.21234,7.86876,4.58823,-0.04568,7.4119,4.6015,4.5882,0.63487,6,-0.2139,43,0,57.54912,19.56299,0.2275,0.2105,2,False,running
4c5679641a,formation_4_gate_rejoin,109,21.8,1784483800,completion_astar,finish_first,r02,r02,True,lower,member,local,3,3,5.06465,-0.02638,-0.10616,0.31157,0.03651,812,828,-70,19,0,0,0010,---,False,0.31003,-0.03124,0.31157,0.03651,5.536,-0.07352,path_to_final_target,w,"$1,0,0,0,0,0,0,0,0#",16000,17000,Set tank.c app_speed/duty level to the logged pwm before sending the move key/protocol command; e=stop.,4.93453,14.18895,40,12,0,0.1926,-0.21392,7.14771,4.58823,-0.04568,7.4119,4.6015,4.5882,0.63487,6,-0.2139,43,0,57.54912,19.56299,0.2275,0.2105,2,False,running
4c5679641a,formation_4_gate_rejoin,109,21.8,1784483800,completion_astar,finish_first,r03,r03,True,upper,member,local,3,3,4.01336,-0.11526,0.9371,-0.11,-0.26513,-234,-345,-75,68,0,0,0000,---,False,-0.18568,-0.23181,-0.11,-0.26513,4.57491,-0.03169,path_to_final_target,d,"$4,0,0,0,0,0,0,0,0#",-5000,-7000,Set tank.c app_speed/duty level to the logged pwm before sending the move key/protocol command; e=stop.,4.72755,14.29059,30,15,0,0.65083,-0.21234,7.78344,4.58823,-0.04568,7.4119,4.6015,4.5882,0.63487,6,-0.2139,43,0,57.54912,19.56299,0.2275,0.2105,2,False,running
4c5679641a,formation_4_gate_rejoin,109,21.8,1784483800,completion_astar,finish_first,r04,r04,True,upper,member,local,3,3,5.35245,0.03139,-0.0888,0.3784,0.25702,942,1000,111,19,0,0,0100,---,False,0.37955,-0.01839,0.3784,0.25702,5.791,0.11856,path_to_final_target,w,"$1,0,0,0,0,0,0,0,0#",19000,20000,Set tank.c app_speed/duty level to the logged pwm before sending the move key/protocol command; e=stop.,5.21288,14.91622,40,12,0,0.16224,-0.21392,6.85988,4.58823,-0.04568,7.4119,4.6015,4.5882,0.63487,6,-0.2139,43,0,57.54912,19.56299,0.2275,0.2105,2,False,running
4c5679641a,formation_4_gate_rejoin,110,22.0,1784484000,completion_astar,finish_first,r01,r01,True,lower,member,local,3,3,3.92244,-0.07246,0.99539,0.0,0.36831,-78,78,-79,78,0,0,0001,---,False,0.16775,0.29466,0.0,0.36831,4.47778,-0.07669,cached_path_to_final_target,a,"$0,1,0,0,0,0,0,0,0#",-4000,4000,Set tank.c app_speed/duty level to the logged pwm before sending the move key/protocol command; e=stop.,4.68802,14.18335,31,15,0,0.72876,-0.21234,7.86876,4.62255,-0.04742,7.3776,4.6359,4.6225,0.68851,6,-0.2139,44,0,57.97176,19.70058,0.172,0.2101,2,False,running
4c5679641a,formation_4_gate_rejoin,110,22.0,1784484000,completion_astar,finish_first,r02,r02,True,lower,member,local,3,3,5.12667,-0.03246,-0.09766,0.31156,0.04249,811,829,-77,19,0,0,0010,---,False,0.31031,-0.02831,0.31156,0.04249,5.59027,-0.07434,cached_path_to_final_target,w,"$1,0,0,0,0,0,0,0,0#",16000,17000,Set tank.c app_speed/duty level to the logged pwm before sending the move key/protocol command; e=stop.,4.99684,14.35425,40,12,0,0.18652,-0.21392,7.08556,4.62255,-0.04742,7.3776,4.6359,4.6225,0.68851,6,-0.2139,44,0,57.97176,19.70058,0.172,0.2101,2,False,running
4c5679641a,formation_4_gate_rejoin,110,22.0,1784484000,completion_astar,finish_first,r03,r03,True,upper,member,local,3,3,4.01336,-0.11526,1.02208,0.0,0.42492,-89,89,-80,68,0,0,0000,---,False,0.16495,0.31534,0.0,0.42492,4.56398,-0.03803,cached_path_to_final_target,a,"$0,1,0,0,0,0,0,0,0#",-4000,4000,Set tank.c app_speed/duty level to the logged pwm before sending the move key/protocol command; e=stop.,4.72755,14.32409,31,15,0,0.65083,-0.21234,7.78344,4.62255,-0.04742,7.3776,4.6359,4.6225,0.68851,6,-0.2139,44,0,57.97176,19.70058,0.172,0.2101,2,False,running
4c5679641a,formation_4_gate_rejoin,110,22.0,1784484000,completion_astar,finish_first,r04,r04,True,upper,member,local,3,3,5.42772,0.03051,-0.01165,0.3764,0.38577,909,1000,113,19,0,0,0100,---,False,0.37954,0.0186,0.3764,0.38577,5.86356,0.12614,cached_path_to_final_target,a,"$3,0,0,0,0,0,0,0,0#",18000,20000,Set tank.c app_speed/duty level to the logged pwm before sending the move key/protocol command; e=stop.,5.28816,15.11007,40,12,0,0.16224,-0.21392,6.78465,4.62255,-0.04742,7.3776,4.6359,4.6225,0.68851,6,-0.2139,44,0,57.97176,19.70058,0.172,0.2101,2,False,running
4c5679641a,formation_4_gate_rejoin,111,22.2,1784484200,completion_astar,finish_first,r01,r01,True,lower,member,local,3,3,3.90958,-0.09031,0.94607,-0.11,-0.24662,-238,-341,-75,79,0,0,0001,---,False,-0.18292,-0.234,-0.11,-0.24662,4.47469,-0.07985,cached_path_to_final_target,d,"$4,0,0,0,0,0,0,0,0#",-5000,-7000,Set tank.c app_speed/duty level to the logged pwm before sending the move key/protocol command; e=stop.,4.71002,14.25664,32,15,0,0.72876,-0.21234,7.88133,4.65044,-0.05648,7.3498,4.6652,4.6504,0.75368,6,-0.2139,45,0,58.47696,19.88206,0.2269,0.2095,2,False,running
4c5679641a,formation_4_gate_rejoin,111,22.2,1784484200,completion_astar,finish_first,r02,r02,True,lower,member,local,3,3,5.18872,-0.0382,-0.0922,0.31159,0.02729,814,826,-84,18,0,0,0010,---,False,0.3104,-0.02736,0.31159,0.02729,5.64999,-0.07858,cached_path_to_final_target,w,"$1,0,0,0,0,0,0,0,0#",16000,17000,Set tank.c app_speed/duty level to the logged pwm before sending the move key/protocol command; e=stop.,5.05916,14.51965,40,12,0,0.18079,-0.21392,7.02338,4.65044,-0.05648,7.3498,4.6652,4.6504,0.75368,6,-0.2139,45,0,58.47696,19.88206,0.2269,0.2095,2,False,running
4c5679641a,formation_4_gate_rejoin,111,22.2,1784484200,completion_astar,finish_first,r03,r03,True,upper,member,local,3,3,4.00076,-0.13329,0.96054,-0.11,-0.3077,-225,-354,-75,69,0,0,0000,---,False,-0.18177,-0.23489,-0.11,-0.3077,4.56071,-0.03993,cached_path_to_final_target,d,"$4,0,0,0,0,0,0,0,0#",-4000,-7000,Set tank.c app_speed/duty level to the logged pwm before sending the move key/protocol command; e=stop.,4.74955,14.39856,32,15,0,0.65083,-0.21234,7.79681,4.65044,-0.05648,7.3498,4.6652,4.6504,0.75368,6,-0.2139,45,0,58.47696,19.88206,0.2269,0.2095,2,False,running
4c5679641a,formation_4_gate_rejoin,111,22.2,1784484200,completion_astar,finish_first,r04,r04,True,upper,member,local,3,3,5.5027,0.03587,0.07129,0.37584,0.41469,902,1000,115,18,0,0,0100,---,False,0.37647,0.05169,0.37584,0.41469,5.93713,0.13256,cached_path_to_final_target,a,"$3,0,0,0,0,0,0,0,0#",18000,20000,Set tank.c app_speed/duty level to the logged pwm before sending the move key/protocol command; e=stop.,5.36333,15.30211,40,12,0,0.16224,-0.21392,6.70956,4.65044,-0.05648,7.3498,4.6652,4.6504,0.75368,6,-0.2139,45,0,58.47696,19.88206,0.2269,0.2095,2,False,running
4c5679641a,formation_4_gate_rejoin,112,22.4,1784484400,completion_astar,finish_first,r01,r01,True,lower,member,local,3,3,3.90958,-0.09031,1.01381,0.0,0.3387,-71,71,-79,79,0,0,0001,---,False,0.16318,0.29604,0.0,0.3387,4.4648,-0.09064,cached_path_to_final_target,a,"$0,1,0,0,0,0,0,0,0#",-4000,4000,Set tank.c app_speed/duty level to the logged pwm before sending the move key/protocol command; e=stop.,4.71002,14.28549,33,15,0,0.72876,-0.21234,7.88133,4.68454,-0.05501,7.3157,4.6994,4.6845,0.80816,5,-0.2139,46,0,58.89606,20.01958,0.1719,0.2091,2,False,running
4c5679641a,formation_4_gate_rejoin,112,22.4,1784484400,completion_astar,finish_first,r02,r02,True,lower,member,local,3,3,5.25079,-0.04375,-0.08924,0.3116,0.0148,817,823,-90,18,0,0,0010,---,False,0.31042,-0.02705,0.3116,0.0148,5.71135,-0.08374,cached_path_to_final_target,w,"$1,0,0,0,0,0,0,0,0#",16000,16000,Set tank.c app_speed/duty level to the logged pwm before sending the move key/protocol command; e=stop.,5.12148,14.68503,40,12,0,0.17523,-0.21392,6.96119,4.68454,-0.05501,7.3157,4.6994,4.6845,0.80816,5,-0.2139,46,0,58.89606,20.01958,0.1719,0.2091,2,False,running
4c5679641a,formation_4_gate_rejoin,112,22.4,1784484400,completion_astar,finish_first,r03,r03,True,upper,member,local,3,3,4.00076,-0.13329,1.04083,0.0,0.40147,-85,85,-80,69,0,0,0000,---,False,0.15981,0.31706,0.0,0.40147,4.55058,-0.05082,cached_path_to_final_target,a,"$0,1,0,0,0,0,0,0,0#",-4000,4000,Set tank.c app_speed/duty level to the logged pwm before sending the move key/protocol command; e=stop.,4.74955,14.43145,33,15,0,0.65083,-0.21234,7.79681,4.68454,-0.05501,7.3157,4.6994,4.6845,0.80816,5,-0.2139,46,0,58.89606,20.01958,0.1719,0.2091,2,False,running
4c5679641a,formation_4_gate_rejoin,112,22.4,1784484400,completion_astar,finish_first,r04,r04,True,upper,member,local,3,3,5.57702,0.04731,0.15273,0.37599,0.40718,904,1000,117,17,0,0,0100,---,False,0.37111,0.08171,0.37599,0.40718,6.01105,0.14146,cached_path_to_final_target,a,"$3,0,0,0,0,0,0,0,0#",18000,20000,Set tank.c app_speed/duty level to the logged pwm before sending the move key/protocol command; e=stop.,5.43853,15.4941,40,12,0,0.16224,-0.21392,6.63497,4.68454,-0.05501,7.3157,4.6994,4.6845,0.80816,5,-0.2139,46,0,58.89606,20.01958,0.1719,0.2091,2,False,running
4c5679641a,formation_4_gate_rejoin,113,22.6,1784484600,completion_astar,finish_first,r01,r01,True,lower,member,local,3,3,3.89701,-0.10837,0.96283,-0.11,-0.2549,-236,-343,-75,79,0,0,0000,---,False,-0.17928,-0.2368,-0.11,-0.2549,4.46183,-0.09388,path_to_final_target,d,"$4,0,0,0,0,0,0,0,0#",-5000,-7000,Set tank.c app_speed/duty level to the logged pwm before sending the move key/protocol command; e=stop.,4.73202,14.35857,34,15,0,0.72876,-0.21234,7.89365,4.71082,-0.05872,7.2894,4.7259,4.7108,0.8721,5,-0.2139,47,0,59.39612,20.19581,0.2203,0.2084,2,False,running
4c5679641a,formation_4_gate_rejoin,113,22.6,1784484600,completion_astar,finish_first,r02,r02,True,lower,member,local,3,3,5.30775,-0.03989,0.06763,0.28543,0.78437,586,916,-105,18,0,0,0010,---,False,0.29161,0.05635,0.28543,0.78437,5.77053,-0.11205,path_to_final_target,a,"$3,0,0,0,0,0,0,0,0#",12000,18000,Set tank.c app_speed/duty level to the logged pwm before sending the move key/protocol command; e=stop.,5.17857,14.84616,40,12,0,0.17523,-0.21392,6.90435,4.71082,-0.05872,7.2894,4.7259,4.7108,0.8721,5,-0.2139,47,0,59.39612,20.19581,0.2203,0.2084,2,False,running
4c5679641a,formation_4_gate_rejoin,113,22.6,1784484600,completion_astar,finish_first,r03,r03,True,upper,member,local,3,3,3.98847,-0.15154,0.97815,-0.11,-0.31342,-223,-355,-76,70,0,0,0000,---,False,-0.17782,-0.23789,-0.11,-0.31342,4.54754,-0.05409,path_to_final_target,d,"$4,0,0,0,0,0,0,0,0#",-4000,-7000,Set tank.c app_speed/duty level to the logged pwm before sending the move key/protocol command; e=stop.,4.77155,14.50564,34,15,0,0.65083,-0.21234,7.80991,4.71082,-0.05872,7.2894,4.7259,4.7108,0.8721,5,-0.2139,47,0,59.39612,20.19581,0.2203,0.2084,2,False,running
4c5679641a,formation_4_gate_rejoin,113,22.6,1784484600,completion_astar,finish_first,r04,r04,True,upper,member,local,3,3,5.65007,0.06494,0.23685,0.37572,0.42062,900,1000,118,16,0,0,0100,---,False,0.3627,0.11337,0.37572,0.42062,6.08046,0.17284,path_to_final_target,a,"$3,0,0,0,0,0,0,0,0#",18000,20000,Set tank.c app_speed/duty level to the logged pwm before sending the move key/protocol command; e=stop.,5.51367,15.68576,40,12,0,0.15523,-0.21392,6.56154,4.71082,-0.05872,7.2894,4.7259,4.7108,0.8721,5,-0.2139,47,0,59.39612,20.19581,0.2203,0.2084,2,False,running
4c5679641a,formation_4_gate_rejoin,114,22.8,1784484800,completion_astar,finish_first,r01,r01,True,lower,member,local,3,3,3.89701,-0.10837,1.02887,0.0,0.33018,-70,70,-79,79,0,0,0000,---,False,0.15861,0.29733,0.0,0.33018,4.45215,-0.10484,cached_path_to_final_target,a,"$0,1,0,0,0,0,0,0,0#",-4000,4000,Set tank.c app_speed/duty level to the logged pwm before sending the move key/protocol command; e=stop.,4.73202,14.38722,35,15,0,0.72876,-0.21234,7.89365,4.74768,-0.05222,7.2525,4.7633,4.7477,0.93135,5,-0.2139,48,0,59.865,20.34696,0.1889,0.2082,2,False,running
4c5679641a,formation_4_gate_rejoin,114,22.8,1784484800,completion_astar,finish_first,r02,r02,True,lower,member,local,3,3,5.38358,-0.0372,0.03552,0.37938,-0.16058,1000,965,-111,18,0,0,0010,---,False,0.37998,0.00391,0.37938,-0.16058,5.82759,-0.12155,cached_path_to_final_target,w,"$1,0,0,0,0,0,0,0,0#",20000,19000,Set tank.c app_speed/duty level to the logged pwm before sending the move key/protocol command; e=stop.,5.25444,15.06114,40,12,0,0.17523,-0.21392,6.82861,4.74768,-0.05222,7.2525,4.7633,4.7477,0.93135,5,-0.2139,48,0,59.865,20.34696,0.1889,0.2082,2,False,running
4c5679641a,formation_4_gate_rejoin,114,22.8,1784484800,completion_astar,finish_first,r03,r03,True,upper,member,local,3,3,3.98847,-0.15154,1.05661,0.0,0.39228,-83,83,-80,70,0,0,0000,---,False,0.15474,0.31826,0.0,0.39228,4.53769,-0.06553,cached_path_to_final_target,a,"$0,1,0,0,0,0,0,0,0#",-4000,4000,Set tank.c app_speed/duty level to the logged pwm before sending the move key/protocol command; e=stop.,4.77155,14.5381,35,15,0,0.65083,-0.21234,7.80991,4.74768,-0.05222,7.2525,4.7633,4.7477,0.93135,5,-0.2139,48,0,59.865,20.34696,0.1889,0.2082,2,False,running
4c5679641a,formation_4_gate_rejoin,114,22.8,1784484800,completion_astar,finish_first,r04,r04,True,upper,member,local,3,3,5.72165,0.08821,0.31438,0.37636,0.38766,909,1000,119,15,0,0,1000,---,False,0.35355,0.13929,0.37636,0.38766,6.15233,0.19491,cached_path_to_final_target,a,"$3,0,0,0,0,0,0,0,0#",18000,20000,Set tank.c app_speed/duty level to the logged pwm before sending the move key/protocol command; e=stop.,5.58894,15.87854,40,12,0,0.14937,-0.21392,6.48949,4.74768,-0.05222,7.2525,4.7633,4.7477,0.93135,5,-0.2139,48,0,59.865,20.34696,0.1889,0.2082,2,False,running
4c5679641a,formation_4_gate_rejoin,115,23.0,1784485000,completion_astar,finish_first,r01,r01,True,lower,member,local,3,3,3.88472,-0.12661,0.97808,-0.11,-0.25393,-236,-343,-75,80,0,0,0000,---,False,-0.17561,-0.23953,-0.11,-0.25393,4.44925,-0.10813,cached_path_to_final_target,d,"$4,0,0,0,0,0,0,0,0#",-5000,-7000,Set tank.c app_speed/duty level to the logged pwm before sending the move key/protocol command; e=stop.,4.75402,14.4602,36,15,0,0.72876,-0.21234,7.90572,4.77793,-0.0549,7.2223,4.7937,4.7779,1.0013,5,-0.2139,49,0,60.40155,20.54182,0.2436,0.2077,2,False,running
4c5679641a,formation_4_gate_rejoin,115,23.0,1784485000,completion_astar,finish_first,r02,r02,True,lower,member,local,3,3,5.459,-0.03954,-0.03104,0.37732,-0.3328,1000,923,-114,18,0,0,0010,---,False,0.37868,-0.03163,0.37732,-0.3328,5.89701,-0.12721,cached_path_to_final_target,d,"$4,0,0,0,0,0,0,0,0#",20000,18000,Set tank.c app_speed/duty level to the logged pwm before sending the move key/protocol command; e=stop.,5.3299,15.25684,40,12,0,0.17523,-0.21392,6.75315,4.77793,-0.0549,7.2223,4.7937,4.7779,1.0013,5,-0.2139,49,0,60.40155,20.54182,0.2436,0.2077,2,False,running
4c5679641a,formation_4_gate_rejoin,115,23.0,1784485000,completion_astar,finish_first,r03,r03,True,upper,member,local,3,3,3.97648,-0.16999,0.99441,-0.11,-0.31097,-224,-355,-76,70,0,0,0000,---,False,-0.17384,-0.24082,-0.11,-0.31097,4.53473,-0.06897,cached_path_to_final_target,d,"$4,0,0,0,0,0,0,0,0#",-4000,-7000,Set tank.c app_speed/duty level to the logged pwm before sending the move key/protocol command; e=stop.,4.79355,14.61227,36,15,0,0.65083,-0.21234,7.82276,4.77793,-0.0549,7.2223,4.7937,4.7779,1.0013,5,-0.2139,49,0,60.40155,20.54182,0.2436,0.2077,2,False,running
4c5679641a,formation_4_gate_rejoin,115,23.0,1784485000,completion_astar,finish_first,r04,r04,True,upper,member,local,3,3,5.79153,0.11652,0.3849,0.37699,0.35259,918,1000,120,16,0,0,1000,---,False,0.34376,0.16196,0.37699,0.35259,6.22427,0.21678,cached_path_to_final_target,a,"$3,0,0,0,0,0,0,0,0#",18000,20000,Set tank.c app_speed/duty level to the logged pwm before sending the move key/protocol command; e=stop.,5.66434,16.07225,40,12,0,0.14937,-0.21392,6.41915,4.77793,-0.0549,7.2223,4.7937,4.7779,1.0013,5,-0.2139,49,0,60.40155,20.54182,0.2436,0.2077,2,False,running
4c5679641a,formation_4_gate_rejoin,116,23.2,1784485200,completion_astar,finish_first,r01,r01,True,lower,member,local,3,3,3.88472,-0.12661,0.70729,0.0,-1.35393,285,-285,-60,80,0,0,0000,---,False,0.31157,0.00414,0.0,-1.35393,4.43977,-0.11923,cached_path_to_final_target,d,"$0,2,0,0,0,0,0,0,0#",6000,-6000,Set tank.c app_speed/duty level to the logged pwm before sending the move key/protocol command; e=stop.,4.75402,14.537,37,15,0,0.72876,-0.21234,7.90572,4.81365,-0.04873,7.1865,4.83,4.8136,1.05954,5,-0.2139,50,0,60.89788,20.6926,0.1885,0.2075,2,False,running
4c5679641a,formation_4_gate_rejoin,116,23.2,1784485200,completion_astar,finish_first,r02,r02,True,lower,member,local,3,3,5.53385,-0.04765,-0.10799,0.37642,-0.38473,1000,910,-116,17,0,0,0010,---,False,0.37462,-0.06371,0.37642,-0.38473,5.97001,-0.13412,cached_path_to_final_target,d,"$4,0,0,0,0,0,0,0,0#",20000,18000,Set tank.c app_speed/duty level to the logged pwm before sending the move key/protocol command; e=stop.,5.40519,15.44993,40,12,0,0.17133,-0.21392,6.67813,4.81365,-0.04873,7.1865,4.83,4.8136,1.05954,5,-0.2139,50,0,60.89788,20.6926,0.1885,0.2075,2,False,running
4c5679641a,formation_4_gate_rejoin,116,23.2,1784485200,completion_astar,finish_first,r03,r03,True,upper,member,local,3,3,3.97648,-0.16999,1.07173,0.0,0.3866,-81,81,-80,70,0,0,0000,---,False,0.14968,0.31934,0.0,0.3866,4.5251,-0.08059,cached_path_to_final_target,a,"$0,1,0,0,0,0,0,0,0#",-4000,4000,Set tank.c app_speed/duty level to the logged pwm before sending the move key/protocol command; e=stop.,4.79355,14.64424,37,15,0,0.65083,-0.21234,7.82276,4.81365,-0.04873,7.1865,4.83,4.8136,1.05954,5,-0.2139,50,0,60.89788,20.6926,0.1885,0.2075,2,False,running
4c5679641a,formation_4_gate_rejoin,116,23.2,1784485200,completion_astar,finish_first,r04,r04,True,upper,member,local,3,3,5.85954,0.14932,0.44934,0.37749,0.32219,926,1000,121,19,0,0,0000,---,False,0.33349,0.18217,0.37749,0.32219,6.2954,0.24072,cached_path_to_final_target,w,"$1,0,0,0,0,0,0,0,0#",19000,20000,Set tank.c app_speed/duty level to the logged pwm before sending the move key/protocol command; e=stop.,5.73984,16.2667,40,12,0,0.14937,-0.21392,6.35075,4.81365,-0.04873,7.1865,4.83,4.8136,1.05954,5,-0.2139,50,0,60.89788,20.6926,0.1885,0.2075,2,False,running
4c5679641a,formation_4_gate_rejoin,117,23.4,1784485400,completion_astar,finish_first,r01,r01,True,lower,member,local,3,3,3.9055,-0.1194,0.3339,0.11,-1.86697,683,-104,-39,78,0,0,0001,---,False,0.31134,0.01262,0.11,-1.86697,4.43641,-0.10425,path_to_final_target,d,"$0,2,0,0,0,0,0,0,0#",14000,-4000,Set tank.c app_speed/duty level to the logged pwm before sending the move key/protocol command; e=stop.,4.77602,14.63007,38,15,0,0.72876,-0.21234,7.88502,4.85085,-0.046,7.1493,4.8673,4.8509,1.11424,5,-0.2139,51,0,61.45183,20.8873,0.2434,0.2073,2,False,running
4c5679641a,formation_4_gate_rejoin,117,23.4,1784485400,completion_astar,finish_first,r02,r02,True,lower,member,local,3,3,5.60757,-0.06209,-0.19339,0.37559,-0.42704,1000,898,-117,16,0,0,0010,---,False,0.36718,-0.09787,0.37559,-0.42704,6.03915,-0.16608,path_to_final_target,d,"$4,0,0,0,0,0,0,0,0#",20000,18000,Set tank.c app_speed/duty level to the logged pwm before sending the move key/protocol command; e=stop.,5.48031,15.64172,40,12,0,0.15689,-0.21392,6.60409,4.85085,-0.046,7.1493,4.8673,4.8509,1.11424,5,-0.2139,51,0,61.45183,20.8873,0.2434,0.2073,2,False,running
4c5679641a,formation_4_gate_rejoin,117,23.4,1784485400,completion_astar,finish_first,r03,r03,True,upper,member,local,3,3,3.96478,-0.18862,1.01035,-0.11,-0.30691,-225,-354,-75,71,0,0,0000,---,False,-0.16982,-0.24367,-0.11,-0.30691,4.52221,-0.08408,path_to_final_target,d,"$4,0,0,0,0,0,0,0,0#",-4000,-7000,Set tank.c app_speed/duty level to the logged pwm before sending the move key/protocol command; e=stop.,4.81555,14.71832,38,15,0,0.65083,-0.21234,7.83536,4.85085,-0.046,7.1493,4.8673,4.8509,1.11424,5,-0.2139,51,0,61.45183,20.8873,0.2434,0.2073,2,False,running
4c5679641a,formation_4_gate_rejoin,117,23.4,1784485400,completion_astar,finish_first,r04,r04,True,upper,member,local,3,3,5.92555,0.18611,0.50849,0.37788,0.29574,932,1000,122,22,0,0,0000,---,False,0.32297,0.20023,0.37788,0.29574,6.36531,0.2669,path_to_final_target,w,"$1,0,0,0,0,0,0,0,0#",19000,20000,Set tank.c app_speed/duty level to the logged pwm before sending the move key/protocol command; e=stop.,5.81542,16.46171,40,12,0,0.14937,-0.21392,6.28449,4.85085,-0.046,7.1493,4.8673,4.8509,1.11424,5,-0.2139,51,0,61.45183,20.8873,0.2434,0.2073,2,False,running
4c5679641a,formation_4_gate_rejoin,118,23.6,1784485600,completion_astar,finish_first,r01,r01,True,lower,member,local,3,3,3.94879,-0.1115,0.1805,0.22,-0.76697,740,417,-31,74,0,0,0001,---,False,0.15686,0.30265,0.22,-0.76697,4.45,-0.09564,cached_path_to_final_target,d,"$4,0,0,0,0,0,0,0,0#",15000,8000,Set tank.c app_speed/duty level to the logged pwm before sending the move key/protocol command; e=stop.,4.82002,14.76645,39,15,0,0.72876,-0.21234,7.84183,4.89249,-0.04404,7.1076,4.9089,4.8925,1.15932,5,-0.2139,52,0,62.04264,21.10616,0.2736,0.2073,2,False,running
4c5679641a,formation_4_gate_rejoin,118,23.6,1784485600,completion_astar,finish_first,r02,r02,True,lower,member,local,3,3,5.67999,-0.08242,-0.27371,0.3761,-0.40159,1000,905,-118,14,0,0,0001,---,False,0.35865,-0.12558,0.3761,-0.40159,6.11129,-0.18657,cached_path_to_final_target,d,"$4,0,0,0,0,0,0,0,0#",20000,18000,Set tank.c app_speed/duty level to the logged pwm before sending the move key/protocol command; e=stop.,5.55553,15.83402,40,12,0,0.14259,-0.21392,6.53126,4.89249,-0.04404,7.1076,4.9089,4.8925,1.15932,5,-0.2139,52,0,62.04264,21.10616,0.2736,0.2073,2,False,running
4c5679641a,formation_4_gate_rejoin,118,23.6,1784485600,completion_astar,finish_first,r03,r03,True,upper,member,local,3,3,3.95167,-0.20872,0.99258,-0.12,-0.08883,-297,-334,-73,72,0,0,0000,---,False,-0.16578,-0.24644,-0.12,-0.08883,4.51279,-0.09585,cached_path_to_final_target,s,"$2,0,0,0,0,0,0,0,0#",-6000,-7000,Set tank.c app_speed/duty level to the logged pwm before sending the move key/protocol command; e=stop.,4.83955,14.78488,39,15,0,0.65083,-0.21234,7.84951,4.89249,-0.04404,7.1076,4.9089,4.8925,1.15932,5,-0.2139,52,0,62.04264,21.10616,0.2736,0.2073,2,False,running
4c5679641a,formation_4_gate_rejoin,118,23.6,1784485600,completion_astar,finish_first,r04,r04,True,upper,member,local,3,3,5.98952,0.22647,0.56285,0.37821,0.27183,938,1000,124,27,0,0,0000,---,False,0.31243,0.21631,0.37821,0.27183,6.43379,0.29492,cached_path_to_final_target,w,"$1,0,0,0,0,0,0,0,0#",19000,20000,Set tank.c app_speed/duty level to the logged pwm before sending the move key/protocol command; e=stop.,5.89106,16.65729,40,12,0,0.14937,-0.21392,6.2205,4.89249,-0.04404,7.1076,4.9089,4.8925,1.15932,5,-0.2139,52,0,62.04264,21.10616,0.2736,0.2073,2,False,running
4c5679641a,formation_4_gate_rejoin,119,23.8,1784485800,completion_astar,finish_first,r01,r01,True,lower,member,local,3,3,3.99017,-0.10107,0.24711,0.21337,0.33303,491,632,-36,71,0,0,0001,---,False,0.16174,0.30225,0.21337,0.33303,4.48442,-0.08842,cached_path_to_final_target,a,"$3,0,0,0,0,0,0,0,0#",10000,13000,Set tank.c app_speed/duty level to the logged pwm before sending the move key/protocol command; e=stop.,4.8627,14.89113,40,15,0,0.70652,-0.21234,7.80059,4.93276,-0.04199,7.0674,4.9493,4.9328,1.20362,5,-0.2139,53,0,62.62136,21.32388,0.2721,0.2073,2,False,running
4c5679641a,formation_4_gate_rejoin,119,23.8,1784485800,completion_astar,finish_first,r02,r02,True,lower,member,local,3,3,5.75083,-0.10807,-0.34727,0.37673,-0.36781,1000,914,-120,14,0,0,0001,---,False,0.34925,-0.14975,0.37673,-0.36781,6.18375,-0.20645,cached_path_to_final_target,d,"$4,0,0,0,0,0,0,0,0#",20000,18000,Set tank.c app_speed/duty level to the logged pwm before sending the move key/protocol command; e=stop.,5.63087,16.02732,40,12,0,0.14259,-0.21392,6.45997,4.93276,-0.04199,7.0674,4.9493,4.9328,1.20362,5,-0.2139,53,0,62.62136,21.32388,0.2721,0.2073,2,False,running
4c5679641a,formation_4_gate_rejoin,119,23.8,1784485800,completion_astar,finish_first,r03,r03,True,upper,member,local,3,3,3.93859,-0.22885,0.99471,-0.12,0.01063,-318,-314,-73,73,0,0,0000,---,False,-0.16138,-0.24934,-0.12,0.01063,4.50038,-0.11099,cached_path_to_final_target,s,"$2,0,0,0,0,0,0,0,0#",-6000,-6000,Set tank.c app_speed/duty level to the logged pwm before sending the move key/protocol command; e=stop.,4.86355,14.84955,40,15,0,0.65083,-0.21234,7.86366,4.93276,-0.04199,7.0674,4.9493,4.9328,1.20362,5,-0.2139,53,0,62.62136,21.32388,0.2721,0.2073,2,False,running
4c5679641a,formation_4_gate_rejoin,119,23.8,1784485800,completion_astar,finish_first,r04,r04,True,upper,member,local,3,3,6.05145,0.27001,0.61277,0.37849,0.24957,943,1000,125,32,0,0,0000,---,False,0.30205,0.23057,0.37849,0.24957,6.5007,0.32421,cached_path_to_final_target,w,"$1,0,0,0,0,0,0,0,0#",19000,20000,Set tank.c app_speed/duty level to the logged pwm before sending the move key/protocol command; e=stop.,5.96676,16.85335,40,12,0,0.14937,-0.21392,6.15884,4.93276,-0.04199,7.0674,4.9493,4.9328,1.20362,5,-0.2139,53,0,62.62136,21.32388,0.2721,0.2073,2,False,running
4c5679641a,formation_4_gate_rejoin,120,24.0,1784486000,completion_astar,finish_first,r01,r01,True,lower,member,local,3,3,4.00797,-0.09055,0.53371,0.10337,1.43303,-30,574,-53,69,0,0,0001,---,False,0.02717,0.29576,0.10337,1.43303,4.52377,-0.08029,cached_path_to_final_target,a,"$0,1,0,0,0,0,0,0,0#",-4000,11000,Set tank.c app_speed/duty level to the logged pwm before sending the move key/protocol command; e=stop.,4.88337,14.97175,41,15,0,0.69252,-0.21234,7.78295,4.96624,-0.04044,7.0339,4.9828,4.9662,1.25732,6,-0.2139,54,0,63.15669,21.51975,0.2448,0.2069,2,False,running
4c5679641a,formation_4_gate_rejoin,120,24.0,1784486000,completion_astar,finish_first,r02,r02,True,lower,member,local,3,3,5.81989,-0.13846,-0.41467,0.37725,-0.33699,1000,922,-121,16,0,0,0001,---,False,0.3392,-0.17129,0.37725,-0.33699,6.25555,-0.22846,cached_path_to_final_target,d,"$4,0,0,0,0,0,0,0,0#",20000,18000,Set tank.c app_speed/duty level to the logged pwm before sending the move key/protocol command; e=stop.,5.70632,16.22138,40,12,0,0.14259,-0.21392,6.39051,4.96624,-0.04044,7.0339,4.9828,4.9662,1.25732,6,-0.2139,54,0,63.15669,21.51975,0.2448,0.2069,2,False,running
4c5679641a,formation_4_gate_rejoin,120,24.0,1784486000,completion_astar,finish_first,r03,r03,True,upper,member,local,3,3,3.92574,-0.24911,1.00549,-0.12,0.0539,-327,-304,-72,74,0,0,0000,---,False,-0.15697,-0.25214,-0.12,0.0539,4.48709,-0.12719,cached_path_to_final_target,s,"$2,0,0,0,0,0,0,0,0#",-7000,-6000,Set tank.c app_speed/duty level to the logged pwm before sending the move key/protocol command; e=stop.,4.88755,14.91357,41,15,0,0.65083,-0.21234,7.87765,4.96624,-0.04044,7.0339,4.9828,4.9662,1.25732,6,-0.2139,54,0,63.15669,21.51975,0.2448,0.2069,2,False,running
4c5679641a,formation_4_gate_rejoin,120,24.0,1784486000,completion_astar,finish_first,r04,r04,True,upper,member,local,3,3,6.11136,0.31636,0.65846,0.37874,0.22847,949,1000,126,38,0,0,0000,---,False,0.29202,0.24316,0.37874,0.22847,6.56591,0.35413,cached_path_to_final_target,w,"$1,0,0,0,0,0,0,0,0#",19000,20000,Set tank.c app_speed/duty level to the logged pwm before sending the move key/protocol command; e=stop.,6.0425,17.05,40,12,0,0.14937,-0.21392,6.09957,4.96624,-0.04044,7.0339,4.9828,4.9662,1.25732,6,-0.2139,54,0,63.15669,21.51975,0.2448,0.2069,2,False,running
4c5679641a,formation_4_gate_rejoin,121,24.2,1784486200,completion_astar,finish_first,r01,r01,True,lower,member,local,3,3,4.02587,-0.06003,1.04032,0.17689,2.53303,-68,999,-83,69,0,0,0001,---,False,0.03092,0.29539,0.17689,2.53303,4.54839,-0.09104,path_to_final_target,a,"$0,1,0,0,0,0,0,0,0#",-4000,20000,Set tank.c app_speed/duty level to the logged pwm before sending the move key/protocol command; e=stop.,4.91875,15.09604,41,16,0,0.68528,-0.21234,7.76558,4.99624,-0.04033,7.0039,5.0128,4.9962,1.30258,6,-0.2139,54,0,63.70194,21.70841,0.2358,0.2065,2,False,running
4c5679641a,formation_4_gate_rejoin,121,24.2,1784486200,completion_astar,finish_first,r02,r02,True,lower,member,local,3,3,5.88701,-0.17312,-0.47661,0.37768,-0.30969,1000,929,-122,19,0,0,0000,---,False,0.32877,-0.19055,0.37768,-0.30969,6.32623,-0.25298,path_to_final_target,w,"$1,0,0,0,0,0,0,0,0#",20000,19000,Set tank.c app_speed/duty level to the logged pwm before sending the move key/protocol command; e=stop.,5.78186,16.4161,40,12,0,0.14259,-0.21392,6.3231,4.99624,-0.04033,7.0039,5.0128,4.9962,1.30258,6,-0.2139,54,0,63.70194,21.70841,0.2358,0.2065,2,False,running
4c5679641a,formation_4_gate_rejoin,121,24.2,1784486200,completion_astar,finish_first,r03,r03,True,upper,member,local,3,3,3.91318,-0.26956,1.02,-0.12,0.07258,-331,-301,-72,75,0,0,0000,---,False,-0.15255,-0.25484,-0.12,0.07258,4.47367,-0.14381,path_to_final_target,s,"$2,0,0,0,0,0,0,0,0#",-7000,-6000,Set tank.c app_speed/duty level to the logged pwm before sending the move key/protocol command; e=stop.,4.91155,14.97743,41,16,0,0.65083,-0.21234,7.89141,4.99624,-0.04033,7.0039,5.0128,4.9962,1.30258,6,-0.2139,54,0,63.70194,21.70841,0.2358,0.2065,2,False,running
4c5679641a,formation_4_gate_rejoin,121,24.2,1784486200,completion_astar,finish_first,r04,r04,True,upper,member,local,3,3,6.15893,0.34138,0.48415,0.26874,-0.87153,891,524,138,42,0,0,0000,---,False,0.30967,0.03466,0.26874,-0.87153,6.63058,0.37447,path_to_final_target,d,"$4,0,0,0,0,0,0,0,0#",18000,10000,Set tank.c app_speed/duty level to the logged pwm before sending the move key/protocol command; e=stop.,6.09625,17.21237,40,12,0,0.14937,-0.21392,6.0525,4.99624,-0.04033,7.0039,5.0128,4.9962,1.30258,6,-0.2139,54,0,63.70194,21.70841,0.2358,0.2065,2,False,running
4c5679641a,formation_4_gate_rejoin,122,24.4,1784486400,completion_astar,finish_first,r01,r01,True,lower,member,local,3,3,4.03908,-0.00691,1.32692,0.27369,1.43303,419,1000,-102,69,0,0,0111,---,False,0.03896,0.29444,0.27369,1.43303,4.56823,-0.07761,cached_path_to_final_target,a,"$3,0,0,0,0,0,0,0,0#",8000,20000,Set tank.c app_speed/duty level to the logged pwm before sending the move key/protocol command; e=stop.,4.97349,15.25778,41,16,0,0.68528,-0.21234,7.75358,5.02668,-0.03802,6.9734,5.0433,5.0267,1.35218,6,-0.2139,54,0,64.27938,21.92047,0.2651,0.206,2,False,running
4c5679641a,formation_4_gate_rejoin,122,24.4,1784486400,completion_astar,finish_first,r02,r02,True,lower,member,local,3,3,5.9521,-0.21157,-0.53359,0.37803,-0.28491,1000,935,-123,24,0,0,0000,---,False,0.3182,-0.20773,0.37803,-0.28491,6.39553,-0.27964,cached_path_to_final_target,w,"$1,0,0,0,0,0,0,0,0#",20000,19000,Set tank.c app_speed/duty level to the logged pwm before sending the move key/protocol command; e=stop.,5.85746,16.61138,40,12,0,0.14259,-0.21392,6.2579,5.02668,-0.03802,6.9734,5.0433,5.0267,1.35218,6,-0.2139,54,0,64.27938,21.92047,0.2651,0.206,2,False,running
4c5679641a,formation_4_gate_rejoin,122,24.4,1784486400,completion_astar,finish_first,r03,r03,True,upper,member,local,3,3,3.90095,-0.29021,1.0361,-0.12,0.08048,-333,-299,-72,76,0,0,0000,---,False,-0.14811,-0.25745,-0.12,0.08048,4.4604,-0.16068,cached_path_to_final_target,s,"$2,0,0,0,0,0,0,0,0#",-7000,-6000,Set tank.c app_speed/duty level to the logged pwm before sending the move key/protocol command; e=stop.,4.93555,15.04119,41,16,0,0.65083,-0.21234,7.9049,5.02668,-0.03802,6.9734,5.0433,5.0267,1.35218,6,-0.2139,54,0,64.27938,21.92047,0.2651,0.206,2,False,running
4c5679641a,formation_4_gate_rejoin,122,24.4,1784486400,completion_astar,finish_first,r04,r04,True,upper,member,local,3,3,6.21459,0.35664,0.26756,0.28858,-1.08295,987,531,152,48,0,0,0000,---,False,0.31012,0.0303,0.28858,-1.08295,6.6839,0.39266,cached_path_to_final_target,d,"$4,0,0,0,0,0,0,0,0#",20000,11000,Set tank.c app_speed/duty level to the logged pwm before sending the move key/protocol command; e=stop.,6.15397,17.36903,40,12,0,0.14937,-0.21392,5.9972,5.02668,-0.03802,6.9734,5.0433,5.0267,1.35218,6,-0.2139,54,0,64.27938,21.92047,0.2651,0.206,2,False,running
4c5679641a,formation_4_gate_rejoin,123,24.6,1784486600,completion_astar,finish_first,r01,r01,True,lower,member,local,3,3,4.04953,0.05141,1.39353,0.29627,0.33303,710,850,-55,67,0,0,1000,---,False,0.05119,0.29256,0.29627,0.33303,4.58318,-0.04462,cached_path_to_final_target,a,"$3,0,0,0,0,0,0,0,0#",14000,17000,Set tank.c app_speed/duty level to the logged pwm before sending the move key/protocol command; e=stop.,5.03274,15.42777,41,16,0,0.6661,-0.21234,7.74488,5.05721,-0.03651,6.9429,5.0739,5.0572,1.40578,5,-0.2139,54,0,64.87901,22.14078,0.2754,0.2056,2,False,running
4c5679641a,formation_4_gate_rejoin,123,24.6,1784486600,completion_astar,finish_first,r02,r02,True,lower,member,local,3,3,6.01515,-0.25342,-0.58595,0.37834,-0.26182,1000,941,-125,29,0,0,0000,---,False,0.3077,-0.22298,0.37834,-0.26182,6.4633,-0.30786,cached_path_to_final_target,w,"$1,0,0,0,0,0,0,0,0#",20000,19000,Set tank.c app_speed/duty level to the logged pwm before sending the move key/protocol command; e=stop.,5.93313,16.80725,40,12,0,0.14259,-0.21392,6.195,5.05721,-0.03651,6.9429,5.0739,5.0572,1.40578,5,-0.2139,54,0,64.87901,22.14078,0.2754,0.2056,2,False,running
4c5679641a,formation_4_gate_rejoin,123,24.6,1784486600,completion_astar,finish_first,r03,r03,True,upper,member,local,3,3,3.88906,-0.31107,1.05284,-0.12,0.08368,-333,-298,-72,78,0,0,0000,---,False,-0.14365,-0.25996,-0.12,0.08368,4.4474,-0.17777,cached_path_to_final_target,s,"$2,0,0,0,0,0,0,0,0#",-7000,-6000,Set tank.c app_speed/duty level to the logged pwm before sending the move key/protocol command; e=stop.,4.95955,15.1048,41,16,0,0.65083,-0.21234,7.9181,5.05721,-0.03651,6.9429,5.0739,5.0572,1.40578,5,-0.2139,54,0,64.87901,22.14078,0.2754,0.2056,2,False,running
4c5679641a,formation_4_gate_rejoin,123,24.6,1784486600,completion_astar,finish_first,r04,r04,True,upper,member,local,3,3,6.27509,0.36704,0.17035,0.30692,-0.48608,910,705,159,54,0,0,0000,---,False,0.31023,0.02924,0.30692,-0.48608,6.73915,0.40607,cached_path_to_final_target,d,"$4,0,0,0,0,0,0,0,0#",18000,14000,Set tank.c app_speed/duty level to the logged pwm before sending the move key/protocol command; e=stop.,6.21535,17.53919,40,12,0,0.14937,-0.21392,5.93699,5.05721,-0.03651,6.9429,5.0739,5.0572,1.40578,5,-0.2139,54,0,64.87901,22.14078,0.2754,0.2056,2,False,running
4c5679641a,formation_4_gate_rejoin,124,24.8,1784486800,completion_astar,finish_first,r01,r01,True,lower,member,local,3,3,4.06163,0.08665,1.24013,0.18627,-0.76697,652,329,-48,64,0,0,0000,---,False,0.31006,-0.03093,0.18627,-0.76697,4.59448,-0.00296,cached_path_to_final_target,d,"$4,0,0,0,0,0,0,0,0#",13000,7000,Set tank.c app_speed/duty level to the logged pwm before sending the move key/protocol command; e=stop.,5.06999,15.54641,41,16,0,0.64272,-0.21234,7.73406,5.09056,-0.03732,6.9095,5.1072,5.0906,1.45438,5,-0.2139,54,0,65.4244,22.31789,0.2214,0.2053,2,False,running
4c5679641a,formation_4_gate_rejoin,124,24.8,1784486800,completion_astar,finish_first,r02,r02,True,lower,member,local,3,3,6.07616,-0.29827,-0.63395,0.37861,-0.23997,1000,946,-126,34,0,0,0000,---,False,0.29746,-0.23647,0.37861,-0.23997,6.52938,-0.33704,cached_path_to_final_target,w,"$1,0,0,0,0,0,0,0,0#",20000,19000,Set tank.c app_speed/duty level to the logged pwm before sending the move key/protocol command; e=stop.,6.00885,17.00361,40,12,0,0.14259,-0.21392,6.13448,5.09056,-0.03732,6.9095,5.1072,5.0906,1.45438,5,-0.2139,54,0,65.4244,22.31789,0.2214,0.2053,2,False,running
4c5679641a,formation_4_gate_rejoin,124,24.8,1784486800,completion_astar,finish_first,r03,r03,True,upper,member,local,3,3,3.88774,-0.31257,0.84957,-0.01,-1.01632,188,-240,-60,78,0,0,0000,---,False,0.30479,0.0648,-0.01,-1.01632,4.4347,-0.19505,cached_path_to_final_target,d,"$0,2,0,0,0,0,0,0,0#",4000,-5000,Set tank.c app_speed/duty level to the logged pwm before sending the move key/protocol command; e=stop.,4.96155,15.16744,41,16,0,0.65083,-0.21234,7.91952,5.09056,-0.03732,6.9095,5.1072,5.0906,1.45438,5,-0.2139,54,0,65.4244,22.31789,0.2214,0.2053,2,False,running
4c5679641a,formation_4_gate_rejoin,124,24.8,1784486800,completion_astar,finish_first,r04,r04,True,upper,member,local,3,3,6.33672,0.37493,0.12725,0.31068,-0.21548,863,772,162,60,0,0,0000,---,False,0.31024,0.02906,0.31068,-0.21548,6.7982,0.41604,cached_path_to_final_target,d,"$4,0,0,0,0,0,0,0,0#",17000,15000,Set tank.c app_speed/duty level to the logged pwm before sending the move key/protocol command; e=stop.,6.27749,17.70694,40,12,0,0.14937,-0.21392,5.87559,5.09056,-0.03732,6.9095,5.1072,5.0906,1.45438,5,-0.2139,54,0,65.4244,22.31789,0.2214,0.2053,2,False,running
4c5679641a,formation_4_gate_rejoin,125,25.0,1784487000,completion_astar,finish_first,r01,r01,True,lower,member,local,3,3,4.0715,0.09827,0.86674,0.07627,-1.86697,594,-192,-27,63,0,0,1000,---,False,0.30873,-0.04217,0.07627,-1.86697,4.60428,0.01253,path_to_final_target,d,"$0,2,0,0,0,0,0,0,0#",12000,-4000,Set tank.c app_speed/duty level to the logged pwm before sending the move key/protocol command; e=stop.,5.08525,15.64512,41,16,0,0.62966,-0.21234,7.72465,5.12505,-0.03648,6.875,5.1417,5.1251,1.4898,5,-0.2139,54,0,65.94272,22.4697,0.1898,0.205,2,False,running
4c5679641a,formation_4_gate_rejoin,125,25.0,1784487000,completion_astar,finish_first,r02,r02,True,lower,member,local,3,3,6.12477,-0.32247,-0.46194,0.27154,0.86003,534,896,-138,39,0,0,0000,---,False,0.30931,-0.03769,0.27154,0.86003,6.59437,-0.36141,path_to_final_target,a,"$3,0,0,0,0,0,0,0,0#",11000,18000,Set tank.c app_speed/duty level to the logged pwm before sending the move key/protocol command; e=stop.,6.06316,17.16726,40,12,0,0.14259,-0.21392,6.08627,5.12505,-0.03648,6.875,5.1417,5.1251,1.4898,5,-0.2139,54,0,65.94272,22.4697,0.1898,0.205,2,False,running
4c5679641a,formation_4_gate_rejoin,125,25.0,1784487000,completion_astar,finish_first,r03,r03,True,upper,member,local,3,3,3.90529,-0.30297,0.50048,0.1,-1.74546,631,-104,-41,76,0,0,0000,---,False,0.30366,0.06988,0.1,-1.74546,4.42715,-0.18843,path_to_final_target,d,"$0,2,0,0,0,0,0,0,0#",13000,-4000,Set tank.c app_speed/duty level to the logged pwm before sending the move key/protocol command; e=stop.,4.98155,15.25744,41,16,0,0.65083,-0.21234,7.90138,5.12505,-0.03648,6.875,5.1417,5.1251,1.4898,5,-0.2139,54,0,65.94272,22.4697,0.1898,0.205,2,False,running
4c5679641a,formation_4_gate_rejoin,125,25.0,1784487000,completion_astar,finish_first,r04,r04,True,upper,member,local,3,3,6.39866,0.38125,0.10169,0.31128,-0.1278,846,792,165,66,0,0,0000,---,False,0.31056,0.0254,0.31128,-0.1278,6.85966,0.4177,path_to_final_target,w,"$1,0,0,0,0,0,0,0,0#",17000,16000,Set tank.c app_speed/duty level to the logged pwm before sending the move key/protocol command; e=stop.,6.33974,17.87291,40,12,0,0.14937,-0.21392,5.81387,5.12505,-0.03648,6.875,5.1417,5.1251,1.4898,5,-0.2139,54,0,65.94272,22.4697,0.1898,0.205,2,False,running
4c5679641a,formation_4_gate_rejoin,126,25.2,1784487200,completion_astar,finish_first,r01,r01,True,lower,member,local,3,3,4.10343,0.10831,0.30459,0.16735,-2.81073,1000,-151,6,60,0,0,1000,---,False,0.30868,-0.04258,0.16735,-2.81073,4.6139,0.02345,cached_path_to_final_target,d,"$0,2,0,0,0,0,0,0,0#",20000,-4000,Set tank.c app_speed/duty level to the logged pwm before sending the move key/protocol command; e=stop.,5.11872,15.77761,41,16,0,0.5962,-0.21234,7.69316,5.17254,-0.03285,6.8275,5.1894,5.1725,1.50974,5,-0.2139,54,0,66.52903,22.66598,0.2453,0.2053,2,False,running
4c5679641a,formation_4_gate_rejoin,126,25.2,1784487200,completion_astar,finish_first,r02,r02,True,lower,member,local,3,3,6.18123,-0.33779,-0.26491,0.29251,0.98516,562,977,-151,45,0,0,0000,---,False,0.30971,-0.03424,0.29251,0.98516,6.64857,-0.38037,cached_path_to_final_target,a,"$3,0,0,0,0,0,0,0,0#",11000,20000,Set tank.c app_speed/duty level to the logged pwm before sending the move key/protocol command; e=stop.,6.12166,17.32526,40,12,0,0.14259,-0.21392,6.03012,5.17254,-0.03285,6.8275,5.1894,5.1725,1.50974,5,-0.2139,54,0,66.52903,22.66598,0.2453,0.2053,2,False,running
4c5679641a,formation_4_gate_rejoin,126,25.2,1784487200,completion_astar,finish_first,r03,r03,True,upper,member,local,3,3,3.94478,-0.28868,0.34711,0.21,-0.76685,714,391,-33,72,0,0,0000,---,False,0.30363,0.07001,0.21,-0.76685,4.4373,-0.18031,cached_path_to_final_target,d,"$4,0,0,0,0,0,0,0,0#",14000,8000,Set tank.c app_speed/duty level to the logged pwm before sending the move key/protocol command; e=stop.,5.02355,15.38736,41,16,0,0.65083,-0.21234,7.86105,5.17254,-0.03285,6.8275,5.1894,5.1725,1.50974,5,-0.2139,54,0,66.52903,22.66598,0.2453,0.2053,2,False,running
4c5679641a,formation_4_gate_rejoin,126,25.2,1784487200,completion_astar,finish_first,r04,r04,True,upper,member,local,3,3,6.46071,0.38676,0.08854,0.31151,-0.06577,834,806,-27,62,0,0,0000,---,False,0.31065,0.02434,0.31151,-0.06577,6.92149,0.42222,cached_path_to_final_target,w,"$1,0,0,0,0,0,0,0,0#",17000,16000,Set tank.c app_speed/duty level to the logged pwm before sending the move key/protocol command; e=stop.,6.40204,18.03879,40,12,0,0.14937,-0.21392,5.752,5.17254,-0.03285,6.8275,5.1894,5.1725,1.50974,5,-0.2139,54,0,66.52903,22.66598,0.2453,0.2053,2,False,running
4c5679641a,formation_4_gate_rejoin,127,25.4,1784487400,completion_astar,finish_first,r01,r01,True,lower,member,local,3,3,4.15886,0.10623,-0.03755,0.27735,-1.71073,1000,370,27,54,0,0,1000,---,False,0.30846,-0.04415,0.27735,-1.71073,4.63886,0.03167,cached_path_to_final_target,d,"$4,0,0,0,0,0,0,0,0#",20000,7000,Set tank.c app_speed/duty level to the logged pwm before sending the move key/protocol command; e=stop.,5.17419,15.93552,41,16,0,0.5445,-0.21234,7.63769,5.23194,-0.03053,6.7681,5.2488,5.2319,1.51335,5,-0.2139,54,0,67.19867,22.90717,0.3015,0.206,2,False,running
4c5679641a,formation_4_gate_rejoin,127,25.4,1784487400,completion_astar,finish_first,r02,r02,True,lower,member,local,3,3,6.24182,-0.3486,-0.17658,0.30773,0.44165,717,903,-157,51,0,0,0000,---,False,0.30981,-0.03333,0.30773,0.44165,6.70467,-0.3941,cached_path_to_final_target,a,"$3,0,0,0,0,0,0,0,0#",14000,18000,Set tank.c app_speed/duty level to the logged pwm before sending the move key/protocol command; e=stop.,6.18321,17.49514,40,12,0,0.14259,-0.21392,5.96979,5.23194,-0.03053,6.7681,5.2488,5.2319,1.51335,5,-0.2139,54,0,67.19867,22.90717,0.3015,0.206,2,False,running
4c5679641a,formation_4_gate_rejoin,127,25.4,1784487400,completion_astar,finish_first,r03,r03,True,upper,member,local,3,3,4.00425,-0.27163,0.27924,0.30931,-0.33937,885,743,-30,66,0,0,0000,---,False,0.30368,0.0698,0.30931,-0.33937,4.46812,-0.1684,cached_path_to_final_target,d,"$4,0,0,0,0,0,0,0,0#",18000,15000,Set tank.c app_speed/duty level to the logged pwm before sending the move key/protocol command; e=stop.,5.08541,15.56362,41,16,0,0.65083,-0.21234,7.80063,5.23194,-0.03053,6.7681,5.2488,5.2319,1.51335,5,-0.2139,54,0,67.19867,22.90717,0.3015,0.206,2,False,running
4c5679641a,formation_4_gate_rejoin,127,25.4,1784487400,completion_astar,finish_first,r04,r04,True,upper,member,local,3,3,6.52282,0.39188,0.08223,0.31158,-0.03155,827,813,-29,56,0,0,0000,---,False,0.31067,0.02405,0.31158,-0.03155,6.98349,0.42723,cached_path_to_final_target,w,"$1,0,0,0,0,0,0,0,0#",17000,16000,Set tank.c app_speed/duty level to the logged pwm before sending the move key/protocol command; e=stop.,6.46436,18.20439,40,12,0,0.14937,-0.21392,5.69009,5.23194,-0.03053,6.7681,5.2488,5.2319,1.51335,5,-0.2139,54,0,67.19867,22.90717,0.3015,0.206,2,False,running
4c5679641a,formation_4_gate_rejoin,128,25.6,1784487600,completion_astar,finish_first,r01,r01,True,lower,member,local,3,3,4.22006,0.09637,-0.1597,0.30995,-0.61073,944,687,35,49,0,0,1000,---,False,0.30853,-0.0436,0.30995,-0.61073,4.68504,0.03188,cached_path_to_final_target,d,"$4,0,0,0,0,0,0,0,0#",19000,14000,Set tank.c app_speed/duty level to the logged pwm before sending the move key/protocol command; e=stop.,5.23618,16.11347,41,16,0,0.49109,-0.21234,7.57613,5.29324,-0.03005,6.7068,5.3101,5.2932,1.51469,5,-0.2139,54,0,67.87658,23.15588,0.3109,0.2068,2,False,running
4c5679641a,formation_4_gate_rejoin,128,25.6,1784487600,completion_astar,finish_first,r02,r02,True,lower,member,local,3,3,6.3034,-0.35712,-0.13739,0.31084,0.19592,777,859,-161,57,0,0,0000,---,False,0.30983,-0.03315,0.31084,0.19592,6.76406,-0.40449,cached_path_to_final_target,w,"$1,0,0,0,0,0,0,0,0#",16000,17000,Set tank.c app_speed/duty level to the logged pwm before sending the move key/protocol command; e=stop.,6.24538,17.66269,40,12,0,0.14259,-0.21392,5.90843,5.29324,-0.03005,6.7068,5.3101,5.2932,1.51469,5,-0.2139,54,0,67.87658,23.15588,0.3109,0.2068,2,False,running
4c5679641a,formation_4_gate_rejoin,128,25.6,1784487600,completion_astar,finish_first,r03,r03,True,upper,member,local,3,3,4.06456,-0.25627,0.24944,0.31116,-0.14897,850,787,-30,60,0,0,0000,---,False,0.30367,0.06983,0.31116,-0.14897,4.51907,-0.15324,cached_path_to_final_target,w,"$1,0,0,0,0,0,0,0,0#",17000,16000,Set tank.c app_speed/duty level to the logged pwm before sending the move key/protocol command; e=stop.,5.14765,15.73062,41,16,0,0.60324,-0.21234,7.7395,5.29324,-0.03005,6.7068,5.3101,5.2932,1.51469,5,-0.2139,54,0,67.87658,23.15588,0.3109,0.2068,2,False,running
4c5679641a,formation_4_gate_rejoin,128,25.6,1784487600,completion_astar,finish_first,r04,r04,True,upper,member,local,3,3,6.58494,0.39681,0.07932,0.3116,-0.01454,823,817,-31,50,0,0,0000,---,False,0.31068,0.02398,0.3116,-0.01454,7.04557,0.43223,cached_path_to_final_target,w,"$1,0,0,0,0,0,0,0,0#",16000,16000,Set tank.c app_speed/duty level to the logged pwm before sending the move key/protocol command; e=stop.,6.52668,18.36981,40,12,0,0.14937,-0.21392,5.62816,5.29324,-0.03005,6.7068,5.3101,5.2932,1.51469,5,-0.2139,54,0,67.87658,23.15588,0.3109,0.2068,2,False,running
4c5679641a,formation_4_gate_rejoin,129,25.8,1784487800,completion_astar,finish_first,r01,r01,True,lower,member,local,3,3,4.2817,0.0873,-0.14612,0.31151,0.06791,805,834,37,44,0,0,1000,---,False,0.30875,-0.04208,0.31151,0.06791,4.74177,0.02527,path_to_final_target,w,"$1,0,0,0,0,0,0,0,0#",16000,17000,Set tank.c app_speed/duty level to the logged pwm before sending the move key/protocol command; e=stop.,5.29848,16.28552,41,16,0,0.43875,-0.21234,7.51418,5.35479,-0.02925,6.6453,5.3717,5.3548,1.51591,5,-0.2139,54,0,68.54606,23.40508,0.3115,0.2075,2,False,running
4c5679641a,formation_4_gate_rejoin,129,25.8,1784487800,completion_astar,finish_first,r02,r02,True,lower,member,local,3,3,6.36526,-0.36431,-0.11573,0.31137,0.10831,797,842,-163,63,0,0,0000,---,False,0.31008,-0.03071,0.31137,0.10831,6.82547,-0.40882,path_to_final_target,w,"$1,0,0,0,0,0,0,0,0#",16000,17000,Set tank.c app_speed/duty level to the logged pwm before sending the move key/protocol command; e=stop.,6.30765,17.82876,40,12,0,0.14259,-0.21392,5.84678,5.35479,-0.02925,6.6453,5.3717,5.3548,1.51591,5,-0.2139,54,0,68.54606,23.40508,0.3115,0.2075,2,False,running
4c5679641a,formation_4_gate_rejoin,129,25.8,1784487800,completion_astar,finish_first,r03,r03,True,upper,member,local,3,3,4.12512,-0.24165,0.23678,0.31152,-0.06332,833,806,-31,54,0,0,0000,---,False,0.30362,0.07007,0.31152,-0.06332,4.57661,-0.13809,path_to_final_target,w,"$1,0,0,0,0,0,0,0,0#",17000,16000,Set tank.c app_speed/duty level to the logged pwm before sending the move key/protocol command; e=stop.,5.20995,15.89665,41,16,0,0.54484,-0.21234,7.67817,5.35479,-0.02925,6.6453,5.3717,5.3548,1.51591,5,-0.2139,54,0,68.54606,23.40508,0.3115,0.2075,2,False,running
4c5679641a,formation_4_gate_rejoin,129,25.8,1784487800,completion_astar,finish_first,r04,r04,True,upper,member,local,3,3,6.64707,0.40167,0.07801,0.3116,-0.00654,821,819,-33,45,0,0,0000,---,False,0.31068,0.02396,0.3116,-0.00654,7.10769,0.43714,path_to_final_target,w,"$1,0,0,0,0,0,0,0,0#",16000,16000,Set tank.c app_speed/duty level to the logged pwm before sending the move key/protocol command; e=stop.,6.589,18.53513,40,12,0,0.14937,-0.21392,5.56623,5.35479,-0.02925,6.6453,5.3717,5.3548,1.51591,5,-0.2139,54,0,68.54606,23.40508,0.3115,0.2075,2,False,running
4c5679641a,formation_4_gate_rejoin,130,26.0,1784488000,completion_astar,finish_first,r01,r01,True,lower,member,local,3,3,4.34341,0.07864,-0.13945,0.31158,0.03335,813,827,38,39,0,0,0000,---,False,0.3088,-0.04169,0.31158,0.03335,4.80195,0.01706,cached_path_to_final_target,w,"$1,0,0,0,0,0,0,0,0#",16000,17000,Set tank.c app_speed/duty level to the logged pwm before sending the move key/protocol command; e=stop.,5.3608,16.45112,41,16,0,0.38843,-0.21234,7.45218,5.41097,-0.02721,6.5891,5.4279,5.411,1.52594,5,-0.2139,54,0,69.17558,23.63513,0.2876,0.2081,2,False,running
4c5679641a,formation_4_gate_rejoin,130,26.0,1784488000,completion_astar,finish_first,r02,r02,True,lower,member,local,3,3,6.42723,-0.37083,-0.10489,0.31154,0.05421,808,831,27,65,0,0,0000,---,False,0.31015,-0.02998,0.31154,0.05421,6.88724,-0.41477,cached_path_to_final_target,w,"$1,0,0,0,0,0,0,0,0#",16000,17000,Set tank.c app_speed/duty level to the logged pwm before sending the move key/protocol command; e=stop.,6.36996,17.99446,40,12,0,0.14259,-0.21392,5.78501,5.41097,-0.02721,6.5891,5.4279,5.411,1.52594,5,-0.2139,54,0,69.17558,23.63513,0.2876,0.2081,2,False,running
4c5679641a,formation_4_gate_rejoin,130,26.0,1784488000,completion_astar,finish_first,r03,r03,True,upper,member,local,3,3,4.16405,-0.22313,0.44411,0.21554,1.03668,349,785,-44,51,0,0,0000,---,False,0.14244,0.32856,0.21554,1.03668,4.63628,-0.12337,cached_path_to_final_target,a,"$3,0,0,0,0,0,0,0,0#",7000,16000,Set tank.c app_speed/duty level to the logged pwm before sending the move key/protocol command; e=stop.,5.25306,16.02959,41,16,0,0.50921,-0.21234,7.63824,5.41097,-0.02721,6.5891,5.4279,5.411,1.52594,5,-0.2139,54,0,69.17558,23.63513,0.2876,0.2081,2,False,running
4c5679641a,formation_4_gate_rejoin,130,26.0,1784488000,completion_astar,finish_first,r04,r04,True,upper,member,local,3,3,6.70921,0.40649,0.07743,0.3116,-0.0029,821,819,-35,39,0,0,0000,---,False,0.31068,0.02396,0.3116,-0.0029,7.16981,0.44199,cached_path_to_final_target,w,"$1,0,0,0,0,0,0,0,0#",16000,16000,Set tank.c app_speed/duty level to the logged pwm before sending the move key/protocol command; e=stop.,6.65132,18.70042,40,12,0,0.14937,-0.21392,5.5043,5.41097,-0.02721,6.5891,5.4279,5.411,1.52594,5,-0.2139,54,0,69.17558,23.63513,0.2876,0.2081,2,False,running
4c5679641a,formation_4_gate_rejoin,131,26.2,1784488200,completion_astar,finish_first,r01,r01,True,lower,member,local,3,3,4.40515,0.07017,-0.13638,0.3116,0.01534,817,823,40,34,0,0,0100,---,False,0.30881,-0.04162,0.3116,0.01534,4.86321,0.00858,cached_path_to_final_target,w,"$1,0,0,0,0,0,0,0,0#",16000,16000,Set tank.c app_speed/duty level to the logged pwm before sending the move key/protocol command; e=stop.,5.42312,16.61655,41,16,0,0.34098,-0.21234,7.39016,5.46674,-0.01944,6.5333,5.4842,5.4667,1.53606,6,-0.2139,54,0,69.81871,23.87742,0.3029,0.2087,2,False,running
4c5679641a,formation_4_gate_rejoin,131,26.2,1784488200,completion_astar,finish_first,r02,r02,True,lower,member,local,3,3,6.48923,-0.37703,-0.09974,0.31159,0.02575,815,825,28,59,0,0,0000,---,False,0.31017,-0.02977,0.31159,0.02575,6.94916,-0.42093,cached_path_to_final_target,w,"$1,0,0,0,0,0,0,0,0#",16000,16000,Set tank.c app_speed/duty level to the logged pwm before sending the move key/protocol command; e=stop.,6.43228,18.15999,40,12,0,0.14259,-0.21392,5.7232,5.46674,-0.01944,6.5333,5.4842,5.4667,1.53606,6,-0.2139,54,0,69.81871,23.87742,0.3029,0.2087,2,False,running
4c5679641a,formation_4_gate_rejoin,131,26.2,1784488200,completion_astar,finish_first,r03,r03,True,upper,member,local,3,3,4.20124,-0.18217,0.83359,0.27665,1.94739,318,1000,-69,48,0,0,0000,---,False,0.15061,0.32736,0.27665,1.94739,4.68168,-0.10709,cached_path_to_final_target,a,"$3,0,0,0,0,0,0,0,0#",6000,20000,Set tank.c app_speed/duty level to the logged pwm before sending the move key/protocol command; e=stop.,5.30839,16.17649,41,16,0,0.48148,-0.21234,7.59888,5.46674,-0.01944,6.5333,5.4842,5.4667,1.53606,6,-0.2139,54,0,69.81871,23.87742,0.3029,0.2087,2,False,running
4c5679641a,formation_4_gate_rejoin,131,26.2,1784488200,completion_astar,finish_first,r04,r04,True,upper,member,local,3,3,6.77134,0.4113,0.07718,0.3116,-0.00128,820,820,-38,33,0,0,0000,---,False,0.31068,0.02396,0.3116,-0.00128,7.23195,0.44681,cached_path_to_final_target,w,"$1,0,0,0,0,0,0,0,0#",16000,16000,Set tank.c app_speed/duty level to the logged pwm before sending the move key/protocol command; e=stop.,6.71364,18.86568,40,12,0,0.14937,-0.21392,5.44238,5.46674,-0.01944,6.5333,5.4842,5.4667,1.53606,6,-0.2139,54,0,69.81871,23.87742,0.3029,0.2087,2,False,running
4c5679641a,formation_4_gate_rejoin,132,26.4,1784488400,completion_astar,finish_first,r01,r01,True,lower,member,local,3,3,4.46691,0.06178,-0.13503,0.3116,0.00677,819,821,43,30,0,0,0100,---,False,0.30881,-0.04162,0.3116,0.00677,4.92481,0.00013,cached_path_to_final_target,w,"$1,0,0,0,0,0,0,0,0#",16000,16000,Set tank.c app_speed/duty level to the logged pwm before sending the move key/protocol command; e=stop.,5.48544,16.78188,41,16,0,0.29747,-0.21234,7.32814,5.5177,-0.01482,6.4823,5.5354,5.5177,1.55481,5,-0.2139,54,0,70.42275,24.09771,0.2754,0.209,2,False,running
4c5679641a,formation_4_gate_rejoin,132,26.4,1784488400,completion_astar,finish_first,r02,r02,True,lower,member,local,3,3,6.55126,-0.38309,-0.09736,0.3116,0.01188,817,822,30,53,0,0,0000,---,False,0.31018,-0.02971,0.3116,0.01188,7.01115,-0.42703,cached_path_to_final_target,w,"$1,0,0,0,0,0,0,0,0#",16000,16000,Set tank.c app_speed/duty level to the logged pwm before sending the move key/protocol command; e=stop.,6.49459,18.32528,40,12,0,0.14259,-0.21392,5.66139,5.5177,-0.01482,6.4823,5.5354,5.5177,1.55481,5,-0.2139,54,0,70.42275,24.09771,0.2754,0.209,2,False,running
4c5679641a,formation_4_gate_rejoin,132,26.4,1784488400,completion_astar,finish_first,r03,r03,True,upper,member,local,3,3,4.21916,-0.15407,1.00307,0.16665,0.84739,260,617,-81,47,0,0,0000,---,False,-0.18313,-0.23383,0.16665,0.84739,4.72219,-0.07733,cached_path_to_final_target,a,"$3,0,0,0,0,0,0,0,0#",5000,12000,Set tank.c app_speed/duty level to the logged pwm before sending the move key/protocol command; e=stop.,5.34172,16.28466,41,16,0,0.472,-0.21234,7.57958,5.5177,-0.01482,6.4823,5.5354,5.5177,1.55481,5,-0.2139,54,0,70.42275,24.09771,0.2754,0.209,2,False,running
4c5679641a,formation_4_gate_rejoin,132,26.4,1784488400,completion_astar,finish_first,r04,r04,True,upper,member,local,3,3,6.83348,0.41609,0.07706,0.3116,-0.00056,820,820,-41,28,0,0,0000,---,False,0.31068,0.02396,0.3116,-0.00056,7.29408,0.45161,cached_path_to_final_target,w,"$1,0,0,0,0,0,0,0,0#",16000,16000,Set tank.c app_speed/duty level to the logged pwm before sending the move key/protocol command; e=stop.,6.77596,19.03093,40,12,0,0.14937,-0.21392,5.38047,5.5177,-0.01482,6.4823,5.5354,5.5177,1.55481,5,-0.2139,54,0,70.42275,24.09771,0.2754,0.209,2,False,running
4c5679641a,formation_4_gate_rejoin,133,26.6,1784488600,completion_astar,finish_first,r01,r01,True,lower,member,local,3,3,4.50473,0.04781,-0.35367,0.2016,-1.09323,761,300,58,28,0,0,0100,---,False,-0.23278,0.18447,0.2016,-1.09323,4.98652,-0.00827,path_to_final_target,d,"$4,0,0,0,0,0,0,0,0#",15000,6000,Set tank.c app_speed/duty level to the logged pwm before sending the move key/protocol command; e=stop.,5.52576,16.90859,41,16,0,0.27972,-0.21234,7.28983,5.55687,-0.01366,6.4431,5.5745,5.5569,1.58408,5,-0.2139,54,0,70.91885,24.26423,0.2081,0.2089,2,False,running
4c5679641a,formation_4_gate_rejoin,133,26.6,1784488600,completion_astar,finish_first,r02,r02,True,lower,member,local,3,3,6.61329,-0.38908,-0.09629,0.3116,0.00539,819,821,32,47,0,0,0000,---,False,0.31018,-0.02969,0.3116,0.00539,7.07317,-0.43305,path_to_final_target,w,"$1,0,0,0,0,0,0,0,0#",16000,16000,Set tank.c app_speed/duty level to the logged pwm before sending the move key/protocol command; e=stop.,6.55691,18.49059,40,12,0,0.14259,-0.21392,5.59957,5.55687,-0.01366,6.4431,5.5745,5.5569,1.58408,5,-0.2139,54,0,70.91885,24.26423,0.2081,0.2089,2,False,running
4c5679641a,formation_4_gate_rejoin,133,26.6,1784488600,completion_astar,finish_first,r03,r03,True,upper,member,local,3,3,4.22573,-0.14484,0.95254,0.05665,-0.25261,202,96,-79,47,0,0,0000,---,False,-0.1902,-0.22812,0.05665,-0.25261,4.75069,-0.06866,path_to_final_target,w,"$1,0,0,0,0,0,0,0,0#",4000,4000,Set tank.c app_speed/duty level to the logged pwm before sending the move key/protocol command; e=stop.,5.35305,16.33448,41,16,0,0.46862,-0.21234,7.57259,5.55687,-0.01366,6.4431,5.5745,5.5569,1.58408,5,-0.2139,54,0,70.91885,24.26423,0.2081,0.2089,2,False,running
4c5679641a,formation_4_gate_rejoin,133,26.6,1784488600,completion_astar,finish_first,r04,r04,True,upper,member,local,3,3,6.88372,0.43147,0.29695,0.26274,1.09944,460,923,-57,25,0,0,0000,---,False,0.2412,0.28905,0.26274,1.09944,7.35647,0.45296,path_to_final_target,a,"$3,0,0,0,0,0,0,0,0#",9000,18000,Set tank.c app_speed/duty level to the logged pwm before sending the move key/protocol command; e=stop.,6.82851,19.18519,40,12,0,0.14937,-0.21392,5.33088,5.55687,-0.01366,6.4431,5.5745,5.5569,1.58408,5,-0.2139,54,0,70.91885,24.26423,0.2081,0.2089,2,False,running
4c5679641a,formation_4_gate_rejoin,134,26.8,1784488800,completion_astar,finish_first,r01,r01,True,lower,member,local,3,3,4.52072,0.03887,-0.50962,0.0916,-0.77976,405,77,68,28,0,0,0100,---,False,-0.23961,0.1755,0.0916,-0.77976,5.03171,-0.01901,cached_path_to_final_target,d,"$4,0,0,0,0,0,0,0,0#",8000,4000,Set tank.c app_speed/duty level to the logged pwm before sending the move key/protocol command; e=stop.,5.54408,16.96909,41,16,0,0.27552,-0.21234,7.27354,5.58834,-0.01031,6.4117,5.6062,5.5883,1.63233,5,-0.2139,54,0,71.34747,24.4212,0.1962,0.2085,2,False,running
4c5679641a,formation_4_gate_rejoin,134,26.8,1784488800,completion_astar,finish_first,r02,r02,True,lower,member,local,3,3,6.67532,-0.39505,-0.0958,0.3116,0.00242,819,821,34,42,0,0,0000,---,False,0.31018,-0.02969,0.3116,0.00242,7.1352,-0.43904,cached_path_to_final_target,w,"$1,0,0,0,0,0,0,0,0#",16000,16000,Set tank.c app_speed/duty level to the logged pwm before sending the move key/protocol command; e=stop.,6.61923,18.65586,40,12,0,0.14259,-0.21392,5.53777,5.58834,-0.01031,6.4117,5.6062,5.5883,1.63233,5,-0.2139,54,0,71.34747,24.4212,0.1962,0.2085,2,False,running
4c5679641a,formation_4_gate_rejoin,134,26.8,1784488800,completion_astar,finish_first,r03,r03,True,upper,member,local,3,3,4.21913,-0.15322,0.90374,-0.05335,-0.24401,-89,-192,-75,47,0,0,0000,---,False,-0.19256,-0.22613,-0.05335,-0.24401,4.76404,-0.06084,cached_path_to_final_target,s,"$2,0,0,0,0,0,0,0,0#",-4000,-4000,Set tank.c app_speed/duty level to the logged pwm before sending the move key/protocol command; e=stop.,5.36372,16.37168,41,16,0,0.46862,-0.21234,7.57958,5.58834,-0.01031,6.4117,5.6062,5.5883,1.63233,5,-0.2139,54,0,71.34747,24.4212,0.1962,0.2085,2,False,running
4c5679641a,formation_4_gate_rejoin,134,26.8,1784488800,completion_astar,finish_first,r04,r04,True,upper,member,local,3,3,6.9382,0.46814,0.59241,0.32833,1.47727,553,1000,-79,23,0,0,0000,---,False,0.25798,0.27901,0.32833,1.47727,7.41065,0.45943,cached_path_to_final_target,a,"$3,0,0,0,0,0,0,0,0#",11000,20000,Set tank.c app_speed/duty level to the logged pwm before sending the move key/protocol command; e=stop.,6.89417,19.35083,40,12,0,0.14937,-0.21392,5.27812,5.58834,-0.01031,6.4117,5.6062,5.5883,1.63233,5,-0.2139,54,0,71.34747,24.4212,0.1962,0.2085,2,False,running
4c5679641a,formation_4_gate_rejoin,135,27.0,1784489000,completion_astar,finish_first,r01,r01,True,lower,member,local,3,3,4.5571,0.0215,-0.44557,0.2016,0.32024,463,598,67,27,0,0,0100,---,False,0.30925,-0.03818,0.2016,0.32024,5.05662,-0.02729,cached_path_to_final_target,a,"$3,0,0,0,0,0,0,0,0#",9000,12000,Set tank.c app_speed/duty level to the logged pwm before sending the move key/protocol command; e=stop.,5.5844,17.0958,41,16,0,0.26667,-0.21234,7.2366,5.62988,-0.0027,6.3701,5.6484,5.6299,1.66961,5,-0.2139,54,0,71.92193,24.61032,0.2364,0.2085,2,False,running
4c5679641a,formation_4_gate_rejoin,135,27.0,1784489000,completion_astar,finish_first,r02,r02,True,lower,member,local,3,3,6.73736,-0.40099,-0.09558,0.3116,0.00109,820,820,37,36,0,0,0000,---,False,0.31018,-0.02969,0.3116,0.00109,7.19723,-0.44499,cached_path_to_final_target,w,"$1,0,0,0,0,0,0,0,0#",16000,16000,Set tank.c app_speed/duty level to the logged pwm before sending the move key/protocol command; e=stop.,6.68155,18.82112,40,12,0,0.14259,-0.21392,5.47597,5.62988,-0.0027,6.3701,5.6484,5.6299,1.66961,5,-0.2139,54,0,71.92193,24.61032,0.2364,0.2085,2,False,running
4c5679641a,formation_4_gate_rejoin,135,27.0,1784489000,completion_astar,finish_first,r03,r03,True,upper,member,local,3,3,4.22825,-0.1465,0.63494,0.05665,-1.34401,432,-134,-60,47,0,0,0000,---,False,0.30743,0.05084,0.05665,-1.34401,4.76325,-0.06325,cached_path_to_final_target,d,"$0,2,0,0,0,0,0,0,0#",9000,-4000,Set tank.c app_speed/duty level to the logged pwm before sending the move key/protocol command; e=stop.,5.37505,16.44831,41,16,0,0.4657,-0.21234,7.57015,5.62988,-0.0027,6.3701,5.6484,5.6299,1.66961,5,-0.2139,54,0,71.92193,24.61032,0.2364,0.2085,2,False,running
4c5679641a,formation_4_gate_rejoin,135,27.0,1784489000,completion_astar,finish_first,r04,r04,True,upper,member,local,3,3,6.9968,0.51518,0.67643,0.37573,0.42011,900,1000,-91,23,0,0,0000,---,False,0.27999,0.25691,0.37573,0.42011,7.46556,0.47301,cached_path_to_final_target,a,"$3,0,0,0,0,0,0,0,0#",18000,20000,Set tank.c app_speed/duty level to the logged pwm before sending the move key/protocol command; e=stop.,6.96932,19.5567,40,12,0,0.14937,-0.21392,5.22212,5.62988,-0.0027,6.3701,5.6484,5.6299,1.66961,5,-0.2139,54,0,71.92193,24.61032,0.2364,0.2085,2,False,running
4c5679641a,formation_4_gate_rejoin,136,27.2,1784489200,completion_astar,finish_first,r01,r01,True,lower,member,local,3,3,4.61405,0.00634,-0.26006,0.29466,0.9276,580,971,59,25,0,0,0100,---,False,0.30957,-0.03554,0.29466,0.9276,5.08984,-0.03966,cached_path_to_final_target,a,"$3,0,0,0,0,0,0,0,0#",12000,19000,Set tank.c app_speed/duty level to the logged pwm before sending the move key/protocol command; e=stop.,5.64333,17.26559,41,16,0,0.25045,-0.21234,7.17921,5.68243,0.00663,6.3176,5.7018,5.6824,1.69104,5,-0.2139,54,0,72.55921,24.84086,0.2882,0.2089,2,False,running
4c5679641a,formation_4_gate_rejoin,136,27.2,1784489200,completion_astar,finish_first,r02,r02,True,lower,member,local,3,3,6.7994,-0.40693,-0.09549,0.3116,0.00049,820,820,40,31,0,0,0000,---,False,0.31018,-0.02968,0.3116,0.00049,7.25927,-0.45094,cached_path_to_final_target,w,"$1,0,0,0,0,0,0,0,0#",16000,16000,Set tank.c app_speed/duty level to the logged pwm before sending the move key/protocol command; e=stop.,6.74387,18.98638,40,12,0,0.14259,-0.21392,5.41419,5.68243,0.00663,6.3176,5.7018,5.6824,1.69104,5,-0.2139,54,0,72.55921,24.84086,0.2882,0.2089,2,False,running
4c5679641a,formation_4_gate_rejoin,136,27.2,1784489200,completion_astar,finish_first,r03,r03,True,upper,member,local,3,3,4.25935,-0.13451,0.36805,0.16665,-1.33443,719,158,-46,44,0,0,0001,---,False,0.3077,0.04914,0.16665,-1.33443,4.76952,-0.06006,cached_path_to_final_target,d,"$4,0,0,0,0,0,0,0,0#",14000,4000,Set tank.c app_speed/duty level to the logged pwm before sending the move key/protocol command; e=stop.,5.40838,16.54557,41,16,0,0.44045,-0.21234,7.53853,5.68243,0.00663,6.3176,5.7018,5.6824,1.69104,5,-0.2139,54,0,72.55921,24.84086,0.2882,0.2089,2,False,running
4c5679641a,formation_4_gate_rejoin,136,27.2,1784489200,completion_astar,finish_first,r04,r04,True,upper,member,local,3,3,7.0569,0.56162,0.65791,0.37979,-0.0926,1000,980,-96,25,0,0,0000,---,False,0.30403,0.22796,0.37979,-0.0926,7.52291,0.4895,cached_path_to_final_target,w,"$1,0,0,0,0,0,0,0,0#",20000,20000,Set tank.c app_speed/duty level to the logged pwm before sending the move key/protocol command; e=stop.,7.04528,19.76167,40,12,0,0.14937,-0.21392,5.16508,5.68243,0.00663,6.3176,5.7018,5.6824,1.69104,5,-0.2139,54,0,72.55921,24.84086,0.2882,0.2089,2,False,running
4c5679641a,formation_4_gate_rejoin,137,27.4,1784489400,completion_astar,finish_first,r01,r01,True,lower,member,local,3,3,4.67473,-0.00449,-0.17679,0.30816,0.41635,723,899,-37,23,0,0,0010,---,False,0.30967,-0.03463,0.30816,0.41635,5.13986,-0.05245,path_to_final_target,a,"$3,0,0,0,0,0,0,0,0#",14000,18000,Set tank.c app_speed/duty level to the logged pwm before sending the move key/protocol command; e=stop.,5.70496,17.43522,41,16,0,0.22958,-0.21234,7.11824,5.73886,0.01393,6.2612,5.7587,5.7389,1.699,5,-0.2139,54,0,73.24027,25.08485,0.305,0.2094,2,False,running
4c5679641a,formation_4_gate_rejoin,137,27.4,1784489400,completion_astar,finish_first,r02,r02,True,lower,member,local,3,3,6.84834,-0.4229,-0.31539,0.25742,-1.09951,909,446,56,27,0,0,0000,---,False,0.23023,-0.29619,0.25742,-1.09951,7.3213,-0.45688,path_to_final_target,d,"$4,0,0,0,0,0,0,0,0#",18000,9000,Set tank.c app_speed/duty level to the logged pwm before sending the move key/protocol command; e=stop.,6.79536,19.13824,40,12,0,0.14259,-0.21392,5.36588,5.73886,0.01393,6.2612,5.7587,5.7389,1.699,5,-0.2139,54,0,73.24027,25.08485,0.305,0.2094,2,False,running
4c5679641a,formation_4_gate_rejoin,137,27.4,1784489400,completion_astar,finish_first,r03,r03,True,upper,member,local,3,3,4.31299,-0.12093,0.248,0.27665,-0.60024,854,602,-42,40,0,0,0001,---,False,0.30793,0.0477,0.27665,-0.60024,4.79335,-0.05179,path_to_final_target,d,"$4,0,0,0,0,0,0,0,0#",17000,12000,Set tank.c app_speed/duty level to the logged pwm before sending the move key/protocol command; e=stop.,5.46371,16.70842,41,16,0,0.3961,-0.21234,7.48433,5.73886,0.01393,6.2612,5.7587,5.7389,1.699,5,-0.2139,54,0,73.24027,25.08485,0.305,0.2094,2,False,running
4c5679641a,formation_4_gate_rejoin,137,27.4,1784489400,completion_astar,finish_first,r04,r04,True,upper,member,local,3,3,7.1194,0.60406,0.59648,0.37772,-0.30717,1000,929,-99,27,0,0,0000,---,False,0.32432,0.19804,0.37772,-0.30717,7.58151,0.51373,path_to_final_target,w,"$1,0,0,0,0,0,0,0,0#",20000,19000,Set tank.c app_speed/duty level to the logged pwm before sending the move key/protocol command; e=stop.,7.12082,19.95839,40,12,0,0.14937,-0.21392,5.10583,5.73886,0.01393,6.2612,5.7587,5.7389,1.699,5,-0.2139,54,0,73.24027,25.08485,0.305,0.2094,2,False,running
4c5679641a,formation_4_gate_rejoin,138,27.6,1784489600,completion_astar,finish_first,r01,r01,True,lower,member,local,3,3,4.7363,-0.0132,-0.14039,0.31094,0.18198,780,857,-43,21,0,0,0010,---,False,0.30965,-0.03476,0.31094,0.18198,5.19741,-0.06317,cached_path_to_final_target,w,"$1,0,0,0,0,0,0,0,0#",16000,17000,Set tank.c app_speed/duty level to the logged pwm before sending the move key/protocol command; e=stop.,5.76715,17.60273,41,16,0,0.20814,-0.21234,7.05644,5.79897,0.0147,6.201,5.8188,5.799,1.70869,5,-0.2139,54,0,73.93561,25.34917,0.3304,0.2101,3,False,running
4c5679641a,formation_4_gate_rejoin,138,27.6,1784489600,completion_astar,finish_first,r02,r02,True,lower,member,local,3,3,6.90102,-0.46062,-0.62135,0.32394,-1.52983,1000,530,78,25,0,0,0000,---,False,0.24686,-0.28776,0.32394,-1.52983,7.37475,-0.46324,cached_path_to_final_target,d,"$4,0,0,0,0,0,0,0,0#",20000,11000,Set tank.c app_speed/duty level to the logged pwm before sending the move key/protocol command; e=stop.,6.86015,19.30216,40,12,0,0.14259,-0.21392,5.31489,5.79897,0.0147,6.201,5.8188,5.799,1.70869,5,-0.2139,54,0,73.93561,25.34917,0.3304,0.2101,3,False,running
4c5679641a,formation_4_gate_rejoin,138,27.6,1784489600,completion_astar,finish_first,r03,r03,True,upper,member,local,3,3,4.37385,-0.10896,0.19411,0.31016,-0.26948,873,759,-41,35,0,0,0001,---,False,0.30802,0.04711,0.31016,-0.26948,4.83817,-0.04061,cached_path_to_final_target,d,"$4,0,0,0,0,0,0,0,0#",17000,15000,Set tank.c app_speed/duty level to the logged pwm before sending the move key/protocol command; e=stop.,5.52574,16.87885,41,16,0,0.347,-0.21234,7.423,5.79897,0.0147,6.201,5.8188,5.799,1.70869,5,-0.2139,54,0,73.93561,25.34917,0.3304,0.2101,3,False,running
4c5679641a,formation_4_gate_rejoin,138,27.6,1784489600,completion_astar,finish_first,r04,r04,True,center,member,local,3,3,7.18471,0.64157,0.52136,0.37659,-0.37558,1000,912,-101,31,0,0,0000,---,False,0.3401,0.1695,0.37659,-0.37558,7.64258,0.54719,cached_path_to_final_target,d,"$4,0,0,0,0,0,0,0,0#",20000,18000,Set tank.c app_speed/duty level to the logged pwm before sending the move key/protocol command; e=stop.,7.19614,20.15187,40,12,0,0.14937,-0.21392,5.04378,5.79897,0.0147,6.201,5.8188,5.799,1.70869,5,-0.2139,54,0,73.93561,25.34917,0.3304,0.2101,3,False,running
4c5679641a,formation_4_gate_rejoin,139,27.8,1784489800,completion_astar,finish_first,r01,r01,True,lower,member,local,3,3,4.79811,-0.02095,-0.12483,0.31148,0.07782,803,836,-47,20,0,0,0010,---,False,0.30963,-0.03501,0.31148,0.07782,5.25782,-0.07217,cached_path_to_final_target,w,"$1,0,0,0,0,0,0,0,0#",16000,17000,Set tank.c app_speed/duty level to the logged pwm before sending the move key/protocol command; e=stop.,5.82944,17.76896,41,16,0,0.19803,-0.21234,6.99444,5.861,0.01124,6.139,5.8809,5.861,1.72232,5,-0.2139,54,0,74.66698,25.62405,0.3436,0.2108,3,False,running
4c5679641a,formation_4_gate_rejoin,139,27.8,1784489800,completion_astar,finish_first,r02,r02,True,lower,member,local,3,3,6.95796,-0.50952,-0.70962,0.37529,-0.44135,1000,895,90,25,0,0,0000,---,False,0.27042,-0.26697,0.37529,-0.44135,7.42874,-0.47001,cached_path_to_final_target,d,"$4,0,0,0,0,0,0,0,0#",20000,18000,Set tank.c app_speed/duty level to the logged pwm before sending the move key/protocol command; e=stop.,6.9352,19.50815,40,12,0,0.14259,-0.21392,5.26057,5.861,0.01124,6.139,5.8809,5.861,1.72232,5,-0.2139,54,0,74.66698,25.62405,0.3436,0.2108,3,False,running
4c5679641a,formation_4_gate_rejoin,139,27.8,1784489800,completion_astar,finish_first,r03,r03,True,upper,member,local,3,3,4.43522,-0.0984,0.17049,0.31132,-0.11808,844,794,-42,30,0,0,0001,---,False,0.30801,0.04716,0.31132,-0.11808,4.89428,-0.02927,cached_path_to_final_target,w,"$1,0,0,0,0,0,0,0,0#",17000,16000,Set tank.c app_speed/duty level to the logged pwm before sending the move key/protocol command; e=stop.,5.588,17.0455,41,16,0,0.30019,-0.21234,7.36125,5.861,0.01124,6.139,5.8809,5.861,1.72232,5,-0.2139,54,0,74.66698,25.62405,0.3436,0.2108,3,False,running
4c5679641a,formation_4_gate_rejoin,139,27.8,1784489800,completion_astar,finish_first,r04,r04,True,center,member,local,3,3,7.25271,0.67383,0.443,0.37629,-0.3918,1000,908,-103,34,0,0,0000,---,False,0.35269,0.14145,0.37629,-0.3918,7.70636,0.58025,cached_path_to_final_target,d,"$4,0,0,0,0,0,0,0,0#",20000,18000,Set tank.c app_speed/duty level to the logged pwm before sending the move key/protocol command; e=stop.,7.2714,20.34436,40,12,0,0.14937,-0.21392,4.97895,5.861,0.01124,6.139,5.8809,5.861,1.72232,5,-0.2139,54,0,74.66698,25.62405,0.3436,0.2108,3,False,running
4c5679641a,formation_4_gate_rejoin,140,28.0,1784490000,completion_astar,finish_first,r01,r01,True,lower,member,local,3,3,4.85999,-0.02831,-0.11828,0.31158,0.03274,813,827,-52,19,0,0,0010,---,False,0.30961,-0.03518,0.31158,0.03274,5.31923,-0.08016,cached_path_to_final_target,w,"$1,0,0,0,0,0,0,0,0#",16000,17000,Set tank.c app_speed/duty level to the logged pwm before sending the move key/protocol command; e=stop.,5.89176,17.93466,41,16,0,0.19068,-0.21234,6.93239,5.92407,0.00652,6.0759,5.9442,5.9241,1.73735,5,-0.2139,54,0,75.39604,25.89989,0.3448,0.2116,3,False,running
4c5679641a,formation_4_gate_rejoin,140,28.0,1784490000,completion_astar,finish_first,r02,r02,True,lower,member,local,3,3,7.01655,-0.55786,-0.68983,0.37976,0.09897,979,1000,95,26,0,0,0000,---,False,0.29684,-0.23725,0.37976,0.09897,7.48407,-0.47248,cached_path_to_final_target,w,"$1,0,0,0,0,0,0,0,0#",20000,20000,Set tank.c app_speed/duty level to the logged pwm before sending the move key/protocol command; e=stop.,7.01116,19.71333,40,12,0,0.14259,-0.21392,5.20509,5.92407,0.00652,6.0759,5.9442,5.9241,1.73735,5,-0.2139,54,0,75.39604,25.89989,0.3448,0.2116,3,False,running
4c5679641a,formation_4_gate_rejoin,140,28.0,1784490000,completion_astar,finish_first,r03,r03,True,upper,member,local,3,3,4.49673,-0.08844,0.16041,0.31155,-0.05041,830,809,-44,26,0,0,0001,---,False,0.30798,0.04733,0.31155,-0.05041,4.95409,-0.01865,cached_path_to_final_target,w,"$1,0,0,0,0,0,0,0,0#",17000,16000,Set tank.c app_speed/duty level to the logged pwm before sending the move key/protocol command; e=stop.,5.65031,17.21134,41,16,0,0.25747,-0.21234,7.29938,5.92407,0.00652,6.0759,5.9442,5.9241,1.73735,5,-0.2139,54,0,75.39604,25.89989,0.3448,0.2116,3,False,running
4c5679641a,formation_4_gate_rejoin,140,28.0,1784490000,completion_astar,finish_first,r04,r04,True,center,member,local,3,3,7.32301,0.70071,0.36516,0.37633,-0.38921,1000,908,-105,36,0,0,0000,---,False,0.36258,0.11375,0.37633,-0.38921,7.77282,0.60983,cached_path_to_final_target,d,"$4,0,0,0,0,0,0,0,0#",20000,18000,Set tank.c app_speed/duty level to the logged pwm before sending the move key/protocol command; e=stop.,7.34666,20.5367,40,12,0,0.14937,-0.21392,4.91156,5.92407,0.00652,6.0759,5.9442,5.9241,1.73735,5,-0.2139,54,0,75.39604,25.89989,0.3448,0.2116,3,False,running
4c5679641a,formation_4_gate_rejoin,141,28.2,1784490200,completion_astar,finish_first,r01,r01,True,lower,member,local,3,3,4.92197,-0.03461,-0.1013,0.31146,0.08489,802,837,-57,18,0,0,0010,---,False,0.3104,-0.02737,0.31146,0.08489,5.38226,-0.07436,path_to_final_target,w,"$1,0,0,0,0,0,0,0,0#",16000,17000,Set tank.c app_speed/duty level to the logged pwm before sending the move key/protocol command; e=stop.,5.95405,18.10034,41,16,0,0.18438,-0.21234,6.87027,5.98825,0.00159,6.0117,6.0086,5.9883,1.75311,5,-0.2139,54,0,76.11688,26.17539,0.3444,0.2123,3,False,running
4c5679641a,formation_4_gate_rejoin,141,28.2,1784490200,completion_astar,finish_first,r02,r02,True,lower,member,local,3,3,7.07757,-0.60246,-0.63118,0.37792,0.29323,933,1000,98,28,0,0,0000,---,False,0.31679,-0.20987,0.37792,0.29323,7.54164,-0.50647,path_to_final_target,w,"$1,0,0,0,0,0,0,0,0#",19000,20000,Set tank.c app_speed/duty level to the logged pwm before sending the move key/protocol command; e=stop.,7.08674,19.91024,40,12,0,0.14259,-0.21392,5.14742,5.98825,0.00159,6.0117,6.0086,5.9883,1.75311,5,-0.2139,54,0,76.11688,26.17539,0.3444,0.2123,3,False,running
4c5679641a,formation_4_gate_rejoin,141,28.2,1784490200,completion_astar,finish_first,r03,r03,True,upper,member,local,3,3,4.55829,-0.07875,0.15619,0.31159,-0.02111,824,816,-47,22,0,0,0000,---,False,0.30797,0.04745,0.31159,-0.02111,5.01511,-0.00857,path_to_final_target,w,"$1,0,0,0,0,0,0,0,0#",16000,16000,Set tank.c app_speed/duty level to the logged pwm before sending the move key/protocol command; e=stop.,5.71263,17.37689,41,16,0,0.22078,-0.21234,7.23748,5.98825,0.00159,6.0117,6.0086,5.9883,1.75311,5,-0.2139,54,0,76.11688,26.17539,0.3444,0.2123,3,False,running
4c5679641a,formation_4_gate_rejoin,141,28.2,1784490200,completion_astar,finish_first,r04,r04,True,center,member,local,3,3,7.39518,0.72219,0.28923,0.37651,-0.37962,1000,911,-106,39,0,0,0000,---,False,0.37003,0.08648,0.37651,-0.37962,7.84172,0.63491,path_to_final_target,d,"$4,0,0,0,0,0,0,0,0#",20000,18000,Set tank.c app_speed/duty level to the logged pwm before sending the move key/protocol command; e=stop.,7.42197,20.72941,40,12,0,0.14937,-0.21392,4.84198,5.98825,0.00159,6.0117,6.0086,5.9883,1.75311,5,-0.2139,54,0,76.11688,26.17539,0.3444,0.2123,3,False,running
4c5679641a,formation_4_gate_rejoin,142,28.4,1784490400,completion_astar,finish_first,r01,r01,True,lower,member,local,3,3,4.98402,-0.04017,-0.08938,0.31153,0.05959,807,832,-63,18,0,0,0010,---,False,0.3106,-0.02491,0.31153,0.05959,5.44459,-0.07652,cached_path_to_final_target,w,"$1,0,0,0,0,0,0,0,0#",16000,17000,Set tank.c app_speed/duty level to the logged pwm before sending the move key/protocol command; e=stop.,6.01636,18.26575,41,16,0,0.17881,-0.21234,6.80809,6.05354,-0.00336,5.9465,6.074,6.0535,1.76909,5,-0.2139,54,0,76.83448,26.45073,0.3442,0.2132,3,False,running
4c5679641a,formation_4_gate_rejoin,142,28.4,1784490400,completion_astar,finish_first,r02,r02,True,center,member,local,3,3,7.14147,-0.64242,-0.55876,0.37683,0.36212,915,1000,100,31,0,0,0000,---,False,0.33314,-0.1828,0.37683,0.36212,7.60137,-0.54426,cached_path_to_final_target,a,"$3,0,0,0,0,0,0,0,0#",18000,20000,Set tank.c app_speed/duty level to the logged pwm before sending the move key/protocol command; e=stop.,7.16211,20.10402,40,12,0,0.14259,-0.21392,5.08694,6.05354,-0.00336,5.9465,6.074,6.0535,1.76909,5,-0.2139,54,0,76.83448,26.45073,0.3442,0.2132,3,False,running
4c5679641a,formation_4_gate_rejoin,142,28.4,1784490400,completion_astar,finish_first,r03,r03,True,upper,member,local,3,3,4.61986,-0.06916,0.15445,0.3116,-0.00871,822,818,-50,19,0,0,0010,---,False,0.30796,0.04751,0.3116,-0.00871,5.07651,0.0012,cached_path_to_final_target,w,"$1,0,0,0,0,0,0,0,0#",16000,16000,Set tank.c app_speed/duty level to the logged pwm before sending the move key/protocol command; e=stop.,5.77495,17.54226,41,16,0,0.19247,-0.21234,7.17557,6.05354,-0.00336,5.9465,6.074,6.0535,1.76909,5,-0.2139,54,0,76.83448,26.45073,0.3442,0.2132,3,False,running
4c5679641a,formation_4_gate_rejoin,142,28.4,1784490400,completion_astar,finish_first,r04,r04,True,center,member,local,3,3,7.46878,0.73832,0.21577,0.37674,-0.3673,1000,914,-108,40,0,0,0000,---,False,0.37526,0.05981,0.37674,-0.3673,7.91268,0.6552,cached_path_to_final_target,d,"$4,0,0,0,0,0,0,0,0#",20000,18000,Set tank.c app_speed/duty level to the logged pwm before sending the move key/protocol command; e=stop.,7.49731,20.92246,40,12,0,0.14937,-0.21392,4.77056,6.05354,-0.00336,5.9465,6.074,6.0535,1.76909,5,-0.2139,54,0,76.83448,26.45073,0.3442,0.2132,3,False,running
4c5679641a,formation_4_gate_rejoin,143,28.6,1784490600,completion_astar,finish_first,r01,r01,True,lower,member,local,3,3,5.04613,-0.04532,-0.08273,0.31158,0.03325,813,827,-69,17,0,0,0010,---,False,0.31066,-0.02413,0.31158,0.03325,5.50675,-0.08076,cached_path_to_final_target,w,"$1,0,0,0,0,0,0,0,0#",16000,17000,Set tank.c app_speed/duty level to the logged pwm before sending the move key/protocol command; e=stop.,6.07867,18.43126,41,16,0,0.17367,-0.21234,6.74588,6.11978,-0.00827,5.8802,6.1405,6.1198,1.78481,5,-0.2139,54,0,77.55149,26.72605,0.3442,0.214,3,False,running
4c5679641a,formation_4_gate_rejoin,143,28.6,1784490600,completion_astar,finish_first,r02,r02,True,center,member,local,3,3,7.20817,-0.67734,-0.48237,0.37647,0.38193,910,1000,102,34,0,0,0000,---,False,0.34661,-0.15577,0.37647,0.38193,7.66374,-0.58018,cached_path_to_final_target,a,"$3,0,0,0,0,0,0,0,0#",18000,20000,Set tank.c app_speed/duty level to the logged pwm before sending the move key/protocol command; e=stop.,7.2374,20.29675,40,12,0,0.14259,-0.21392,5.02361,6.11978,-0.00827,5.8802,6.1405,6.1198,1.78481,5,-0.2139,54,0,77.55149,26.72605,0.3442,0.214,3,False,running
4c5679641a,formation_4_gate_rejoin,143,28.6,1784490600,completion_astar,finish_first,r03,r03,True,upper,member,local,3,3,4.68145,-0.05962,0.15374,0.3116,-0.00356,821,819,-54,18,0,0,0010,---,False,0.30795,0.04754,0.3116,-0.00356,5.13803,0.01084,cached_path_to_final_target,w,"$1,0,0,0,0,0,0,0,0#",16000,16000,Set tank.c app_speed/duty level to the logged pwm before sending the move key/protocol command; e=stop.,5.83727,17.70755,41,16,0,0.17509,-0.21234,7.11366,6.11978,-0.00827,5.8802,6.1405,6.1198,1.78481,5,-0.2139,54,0,77.55149,26.72605,0.3442,0.214,3,False,running
4c5679641a,formation_4_gate_rejoin,143,28.6,1784490600,completion_astar,finish_first,r04,r04,True,center,member,local,3,3,7.54339,0.74921,0.145,0.37697,-0.35386,1000,918,-109,41,0,0,0000,---,False,0.37848,0.03392,0.37697,-0.35386,7.98528,0.67067,cached_path_to_final_target,d,"$4,0,0,0,0,0,0,0,0#",20000,18000,Set tank.c app_speed/duty level to the logged pwm before sending the move key/protocol command; e=stop.,7.57271,21.11592,40,12,0,0.14937,-0.21392,4.69766,6.11978,-0.00827,5.8802,6.1405,6.1198,1.78481,5,-0.2139,54,0,77.55149,26.72605,0.3442,0.214,3,False,running
4c5679641a,formation_4_gate_rejoin,144,28.8,1784490800,completion_astar,finish_first,r01,r01,True,lower,member,local,3,3,5.11399,-0.03548,0.14392,0.34285,1.13325,664,1000,-89,18,0,0,0010,---,False,0.35522,0.13498,0.34285,1.13325,5.56888,-0.08549,cached_path_to_final_target,a,"$3,0,0,0,0,0,0,0,0#",13000,20000,Set tank.c app_speed/duty level to the logged pwm before sending the move key/protocol command; e=stop.,6.14724,18.61253,41,16,0,0.17367,-0.21234,6.67829,6.18824,-0.00941,5.8118,6.2089,6.1882,1.79766,5,-0.2139,54,0,78.28431,27.00767,0.352,0.2149,3,False,running
4c5679641a,formation_4_gate_rejoin,144,28.8,1784490800,completion_astar,finish_first,r02,r02,True,center,member,local,3,3,7.27735,-0.70707,-0.4059,0.37646,0.38238,910,1000,103,37,0,0,0000,---,False,0.3575,-0.1288,0.37646,0.38238,7.72887,-0.61231,cached_path_to_final_target,a,"$3,0,0,0,0,0,0,0,0#",18000,20000,Set tank.c app_speed/duty level to the logged pwm before sending the move key/protocol command; e=stop.,7.31269,20.48926,40,12,0,0.14259,-0.21392,4.95763,6.18824,-0.00941,5.8118,6.2089,6.1882,1.79766,5,-0.2139,54,0,78.28431,27.00767,0.352,0.2149,3,False,running
4c5679641a,formation_4_gate_rejoin,144,28.8,1784490800,completion_astar,finish_first,r03,r03,True,upper,member,local,3,3,4.74304,-0.05009,0.15345,0.3116,-0.00144,820,820,-58,17,0,0,0010,---,False,0.30795,0.04756,0.3116,-0.00144,5.1996,0.0204,cached_path_to_final_target,w,"$1,0,0,0,0,0,0,0,0#",16000,16000,Set tank.c app_speed/duty level to the logged pwm before sending the move key/protocol command; e=stop.,5.89959,17.87282,41,16,0,0.17071,-0.21234,7.05176,6.18824,-0.00941,5.8118,6.2089,6.1882,1.79766,5,-0.2139,54,0,78.28431,27.00767,0.352,0.2149,3,False,running
4c5679641a,formation_4_gate_rejoin,144,28.8,1784490800,completion_astar,finish_first,r04,r04,True,center,member,local,3,3,7.6186,0.75501,0.07701,0.3772,-0.33998,1000,921,-111,42,0,0,0000,---,False,0.37989,0.00896,0.3772,-0.33998,8.05911,0.68138,cached_path_to_final_target,d,"$4,0,0,0,0,0,0,0,0#",20000,18000,Set tank.c app_speed/duty level to the logged pwm before sending the move key/protocol command; e=stop.,7.64815,21.30969,40,12,0,0.14937,-0.21392,4.62363,6.18824,-0.00941,5.8118,6.2089,6.1882,1.79766,5,-0.2139,54,0,78.28431,27.00767,0.352,0.2149,3,False,running
4c5679641a,formation_4_gate_rejoin,145,29.0,1784491000,completion_astar,finish_first,r01,r01,True,lower,member,local,3,3,5.18755,-0.01921,0.21764,0.37671,0.36863,914,1000,-101,20,0,0,0010,---,False,0.36566,0.1034,0.37671,0.36863,5.63511,-0.07881,path_to_final_target,a,"$3,0,0,0,0,0,0,0,0#",18000,20000,Set tank.c app_speed/duty level to the logged pwm before sending the move key/protocol command; e=stop.,6.22258,18.81579,41,16,0,0.17367,-0.21234,6.6052,6.25871,-0.00886,5.7413,6.2794,6.2587,1.80746,5,-0.2139,54,0,79.03978,27.29614,0.3606,0.2158,3,False,running
4c5679641a,formation_4_gate_rejoin,145,29.0,1784491000,completion_astar,finish_first,r02,r02,True,center,member,local,3,3,7.34858,-0.73154,-0.3309,0.3766,0.375,912,1000,105,40,0,0,0000,---,False,0.36603,-0.10208,0.3766,0.375,7.79656,-0.63997,path_to_final_target,a,"$3,0,0,0,0,0,0,0,0#",18000,20000,Set tank.c app_speed/duty level to the logged pwm before sending the move key/protocol command; e=stop.,7.38801,20.68205,40,12,0,0.14259,-0.21392,4.88932,6.25871,-0.00886,5.7413,6.2794,6.2587,1.80746,5,-0.2139,54,0,79.03978,27.29614,0.3606,0.2158,3,False,running
4c5679641a,formation_4_gate_rejoin,145,29.0,1784491000,completion_astar,finish_first,r03,r03,True,upper,member,local,3,3,4.80462,-0.04058,0.15333,0.3116,-0.00058,820,820,-63,18,0,0,0010,---,False,0.30795,0.04756,0.3116,-0.00058,5.26119,0.02993,path_to_final_target,w,"$1,0,0,0,0,0,0,0,0#",16000,16000,Set tank.c app_speed/duty level to the logged pwm before sending the move key/protocol command; e=stop.,5.96191,18.03808,41,16,0,0.17071,-0.21234,6.98987,6.25871,-0.00886,5.7413,6.2794,6.2587,1.80746,5,-0.2139,54,0,79.03978,27.29614,0.3606,0.2158,3,False,running
4c5679641a,formation_4_gate_rejoin,145,29.0,1784491000,completion_astar,finish_first,r04,r04,True,center,member,local,3,3,7.69408,0.75591,0.01181,0.37743,-0.32596,1000,925,-112,42,0,0,0000,---,False,0.3797,-0.01497,0.37743,-0.32596,8.13377,0.68746,path_to_final_target,d,"$4,0,0,0,0,0,0,0,0#",20000,18000,Set tank.c app_speed/duty level to the logged pwm before sending the move key/protocol command; e=stop.,7.72363,21.50386,40,12,0,0.14937,-0.21392,4.54879,6.25871,-0.00886,5.7413,6.2794,6.2587,1.80746,5,-0.2139,54,0,79.03978,27.29614,0.3606,0.2158,3,False,running
4c5679641a,formation_4_gate_rejoin,146,29.2,1784491200,completion_astar,finish_first,r01,r01,True,lower,member,local,3,3,5.26206,-0.00454,0.19443,0.37967,-0.11605,1000,975,-107,21,0,0,0010,---,False,0.37412,0.06661,0.37967,-0.11605,5.70577,-0.07376,cached_path_to_final_target,w,"$1,0,0,0,0,0,0,0,0#",20000,20000,Set tank.c app_speed/duty level to the logged pwm before sending the move key/protocol command; e=stop.,6.29852,19.0199,41,16,0,0.17367,-0.21234,6.53118,6.32981,-0.00857,5.6702,6.3505,6.3298,1.81561,5,-0.2139,54,0,79.79673,27.58528,0.3614,0.2168,3,False,running
4c5679641a,formation_4_gate_rejoin,146,29.2,1784491200,completion_astar,finish_first,r02,r02,True,center,member,local,3,3,7.42144,-0.75077,-0.25803,0.37679,0.36432,915,1000,106,41,0,0,0000,---,False,0.37237,-0.07579,0.37679,0.36432,7.86647,-0.66293,cached_path_to_final_target,a,"$3,0,0,0,0,0,0,0,0#",18000,20000,Set tank.c app_speed/duty level to the logged pwm before sending the move key/protocol command; e=stop.,7.46337,20.87518,40,12,0,0.14259,-0.21392,4.81899,6.32981,-0.00857,5.6702,6.3505,6.3298,1.81561,5,-0.2139,54,0,79.79673,27.58528,0.3614,0.2168,3,False,running
4c5679641a,formation_4_gate_rejoin,146,29.2,1784491200,completion_astar,finish_first,r03,r03,True,upper,member,local,3,3,4.86621,-0.03106,0.15328,0.3116,-0.00023,820,820,-67,19,0,0,0010,---,False,0.30795,0.04757,0.3116,-0.00023,5.32277,0.03946,cached_path_to_final_target,w,"$1,0,0,0,0,0,0,0,0#",16000,16000,Set tank.c app_speed/duty level to the logged pwm before sending the move key/protocol command; e=stop.,6.02423,18.20333,41,16,0,0.17071,-0.21234,6.92798,6.32981,-0.00857,5.6702,6.3505,6.3298,1.81561,5,-0.2139,54,0,79.79673,27.58528,0.3614,0.2168,3,False,running
4c5679641a,formation_4_gate_rejoin,146,29.2,1784491200,completion_astar,finish_first,r04,r04,True,center,member,local,3,3,7.76952,0.75209,-0.05058,0.37764,-0.31199,1000,928,-113,44,0,0,0000,---,False,0.37812,-0.03779,0.37764,-0.31199,8.2089,0.68908,cached_path_to_final_target,w,"$1,0,0,0,0,0,0,0,0#",20000,19000,Set tank.c app_speed/duty level to the logged pwm before sending the move key/protocol command; e=stop.,7.79916,21.69832,40,12,0,0.14937,-0.21392,4.47345,6.32981,-0.00857,5.6702,6.3505,6.3298,1.81561,5,-0.2139,54,0,79.79673,27.58528,0.3614,0.2168,3,False,running
4c5679641a,formation_4_gate_rejoin,147,29.4,1784491400,completion_astar,finish_first,r01,r01,True,lower,member,local,3,3,5.33692,0.00528,0.13045,0.37752,-0.31991,1000,926,96,21,0,0,0100,---,False,0.37878,0.03043,0.37752,-0.31991,5.77816,-0.07097,cached_path_to_final_target,w,"$1,0,0,0,0,0,0,0,0#",20000,19000,Set tank.c app_speed/duty level to the logged pwm before sending the move key/protocol command; e=stop.,6.37402,19.21622,41,16,0,0.17367,-0.21234,6.45667,6.40122,-0.00933,5.5988,6.4219,6.4012,1.82202,5,-0.2139,54,0,80.54661,27.87407,0.361,0.2177,3,False,running
4c5679641a,formation_4_gate_rejoin,147,29.4,1784491400,completion_astar,finish_first,r02,r02,True,center,member,local,3,3,7.49552,-0.76483,-0.1876,0.377,0.35218,918,1000,108,43,0,0,0000,---,False,0.37668,-0.05011,0.377,0.35218,7.93822,-0.68114,cached_path_to_final_target,a,"$3,0,0,0,0,0,0,0,0#",18000,20000,Set tank.c app_speed/duty level to the logged pwm before sending the move key/protocol command; e=stop.,7.53877,21.06863,40,12,0,0.14259,-0.21392,4.74702,6.40122,-0.00933,5.5988,6.4219,6.4012,1.82202,5,-0.2139,54,0,80.54661,27.87407,0.361,0.2177,3,False,running
4c5679641a,formation_4_gate_rejoin,147,29.4,1784491400,completion_astar,finish_first,r03,r03,True,upper,member,local,3,3,4.9278,-0.02155,0.15327,0.3116,-9e-05,820,820,-73,20,0,0,0010,---,False,0.30795,0.04757,0.3116,-9e-05,5.38436,0.04897,cached_path_to_final_target,w,"$1,0,0,0,0,0,0,0,0#",16000,16000,Set tank.c app_speed/duty level to the logged pwm before sending the move key/protocol command; e=stop.,6.08655,18.36858,41,16,0,0.17071,-0.21234,6.8661,6.40122,-0.00933,5.5988,6.4219,6.4012,1.82202,5,-0.2139,54,0,80.54661,27.87407,0.361,0.2177,3,False,running
4c5679641a,formation_4_gate_rejoin,147,29.4,1784491400,completion_astar,finish_first,r04,r04,True,center,member,local,3,3,7.84463,0.74377,-0.11022,0.37785,-0.29819,1000,932,-115,45,0,0,0000,---,False,0.37532,-0.05945,0.37785,-0.29819,8.28419,0.68645,cached_path_to_final_target,w,"$1,0,0,0,0,0,0,0,0#",20000,19000,Set tank.c app_speed/duty level to the logged pwm before sending the move key/protocol command; e=stop.,7.87473,21.89319,40,12,0,0.14937,-0.21392,4.39789,6.40122,-0.00933,5.5988,6.4219,6.4012,1.82202,5,-0.2139,54,0,80.54661,27.87407,0.361,0.2177,3,False,running
4c5679641a,formation_4_gate_rejoin,148,29.6,1784491600,completion_astar,finish_first,r01,r01,True,lower,member,local,3,3,5.4112,0.00611,0.01117,0.37141,-0.59637,1000,852,110,21,0,0,0100,---,False,0.37871,-0.03133,0.37141,-0.59637,5.85119,-0.07162,cached_path_to_final_target,d,"$4,0,0,0,0,0,0,0,0#",20000,17000,Set tank.c app_speed/duty level to the logged pwm before sending the move key/protocol command; e=stop.,6.44831,19.40616,41,16,0,0.17367,-0.21234,6.38246,6.47255,-0.01214,5.5275,6.4933,6.4725,1.82678,5,-0.2139,54,0,81.29072,28.16173,0.3596,0.2187,3,False,running
4c5679641a,formation_4_gate_rejoin,148,29.6,1784491600,completion_astar,finish_first,r02,r02,True,center,member,local,3,3,7.57042,-0.77385,-0.11972,0.37721,0.33937,921,1000,109,44,0,0,0000,---,False,0.37916,-0.02521,0.37721,0.33937,8.01139,-0.69464,cached_path_to_final_target,a,"$3,0,0,0,0,0,0,0,0#",18000,20000,Set tank.c app_speed/duty level to the logged pwm before sending the move key/protocol command; e=stop.,7.61421,21.26238,40,12,0,0.14259,-0.21392,4.67371,6.47255,-0.01214,5.5275,6.4933,6.4725,1.82678,5,-0.2139,54,0,81.29072,28.16173,0.3596,0.2187,3,False,running
4c5679641a,formation_4_gate_rejoin,148,29.6,1784491600,completion_astar,finish_first,r03,r03,True,upper,member,local,3,3,4.98939,-0.01203,0.15326,0.3116,-4e-05,820,820,-78,21,0,0,0010,---,False,0.30795,0.04757,0.3116,-4e-05,5.44595,0.05849,cached_path_to_final_target,w,"$1,0,0,0,0,0,0,0,0#",16000,16000,Set tank.c app_speed/duty level to the logged pwm before sending the move key/protocol command; e=stop.,6.14887,18.53382,41,16,0,0.17071,-0.21234,6.80423,6.47255,-0.01214,5.5275,6.4933,6.4725,1.82678,5,-0.2139,54,0,81.29072,28.16173,0.3596,0.2187,3,False,running
4c5679641a,formation_4_gate_rejoin,148,29.6,1784491600,completion_astar,finish_first,r04,r04,True,center,member,local,3,3,7.91918,0.7312,-0.16716,0.37804,-0.28467,1000,935,-116,47,0,0,0000,---,False,0.3715,-0.07992,0.37804,-0.28467,8.35934,0.67976,cached_path_to_final_target,w,"$1,0,0,0,0,0,0,0,0#",20000,19000,Set tank.c app_speed/duty level to the logged pwm before sending the move key/protocol command; e=stop.,7.95034,22.08835,40,12,0,0.14937,-0.21392,4.32236,6.47255,-0.01214,5.5275,6.4933,6.4725,1.82678,5,-0.2139,54,0,81.29072,28.16173,0.3596,0.2187,3,False,running
4c5679641a,formation_4_gate_rejoin,149,29.8,1784491800,completion_astar,finish_first,r01,r01,True,lower,member,local,3,3,5.48713,0.00526,-0.01113,0.3797,-0.11154,1000,976,117,21,0,0,0100,---,False,0.37984,-0.01089,0.3797,-0.11154,5.91572,-0.11363,path_to_final_target,w,"$1,0,0,0,0,0,0,0,0#",20000,20000,Set tank.c app_speed/duty level to the logged pwm before sending the move key/protocol command; e=stop.,6.52425,19.61079,41,16,0,0.17367,-0.21234,6.30654,6.54424,-0.01532,5.4558,6.5651,6.5442,1.829,5,-0.2139,54,0,82.05073,28.4511,0.3617,0.2196,3,False,running
4c5679641a,formation_4_gate_rejoin,149,29.8,1784491800,completion_astar,finish_first,r02,r02,True,center,member,local,3,3,7.6458,-0.77796,-0.05447,0.37742,0.32628,925,1000,111,44,0,0,0000,---,False,0.38,-0.00121,0.37742,0.32628,8.08559,-0.70355,path_to_final_target,a,"$3,0,0,0,0,0,0,0,0#",18000,20000,Set tank.c app_speed/duty level to the logged pwm before sending the move key/protocol command; e=stop.,7.6897,21.45654,40,12,0,0.14259,-0.21392,4.59941,6.54424,-0.01532,5.4558,6.5651,6.5442,1.829,5,-0.2139,54,0,82.05073,28.4511,0.3617,0.2196,3,False,running
4c5679641a,formation_4_gate_rejoin,149,29.8,1784491800,completion_astar,finish_first,r03,r03,True,upper,member,local,3,3,5.05107,-0.00316,0.14295,0.31155,-0.05154,831,809,-84,22,0,0,0000,---,False,0.30877,0.04189,0.31155,-0.05154,5.50889,0.05845,path_to_final_target,w,"$1,0,0,0,0,0,0,0,0#",17000,16000,Set tank.c app_speed/duty level to the logged pwm before sending the move key/protocol command; e=stop.,6.21118,18.69959,41,16,0,0.17071,-0.21234,6.7423,6.54424,-0.01532,5.4558,6.5651,6.5442,1.829,5,-0.2139,54,0,82.05073,28.4511,0.3617,0.2196,3,False,running
4c5679641a,formation_4_gate_rejoin,149,29.8,1784491800,completion_astar,finish_first,r04,r04,True,center,member,local,3,3,7.99298,0.71458,-0.22145,0.37822,-0.27148,1000,938,-117,50,0,0,0000,---,False,0.36682,-0.0992,0.37822,-0.27148,8.43412,0.66926,path_to_final_target,w,"$1,0,0,0,0,0,0,0,0#",20000,19000,Set tank.c app_speed/duty level to the logged pwm before sending the move key/protocol command; e=stop.,8.02598,22.28381,40,12,0,0.14937,-0.21392,4.2471,6.54424,-0.01532,5.4558,6.5651,6.5442,1.829,5,-0.2139,54,0,82.05073,28.4511,0.3617,0.2196,3,False,running
4c5679641a,formation_4_gate_rejoin,150,30.0,1784492000,completion_astar,finish_first,r01,r01,True,lower,member,local,3,3,5.56304,0.00646,0.01574,0.37956,0.13435,971,1000,121,21,0,0,0100,---,False,0.37974,0.014,0.37956,0.13435,5.98804,-0.13106,cached_path_to_final_target,w,"$1,0,0,0,0,0,0,0,0#",19000,20000,Set tank.c app_speed/duty level to the logged pwm before sending the move key/protocol command; e=stop.,6.60016,19.81188,41,16,0,0.17367,-0.21234,6.23073,6.61575,-0.01787,5.3843,6.6366,6.6158,1.82925,5,-0.2139,54,0,82.8074,28.74053,0.3618,0.2205,3,False,running
4c5679641a,formation_4_gate_rejoin,150,30.0,1784492000,completion_astar,finish_first,r02,r02,True,center,member,local,3,3,7.72132,-0.77734,0.00815,0.37763,0.31312,928,1000,112,45,0,0,0000,---,False,0.37938,0.02178,0.37763,0.31312,8.16048,-0.70801,cached_path_to_final_target,w,"$1,0,0,0,0,0,0,0,0#",19000,20000,Set tank.c app_speed/duty level to the logged pwm before sending the move key/protocol command; e=stop.,7.76522,21.651,40,12,0,0.14259,-0.21392,4.52439,6.61575,-0.01787,5.3843,6.6366,6.6158,1.82925,5,-0.2139,54,0,82.8074,28.74053,0.3618,0.2205,3,False,running
4c5679641a,formation_4_gate_rejoin,150,30.0,1784492000,completion_astar,finish_first,r03,r03,True,upper,member,local,3,3,5.11281,0.00524,0.13516,0.31157,-0.03896,828,812,74,21,0,0,0100,---,False,0.30901,0.0401,0.31157,-0.03896,5.57099,0.06431,cached_path_to_final_target,w,"$1,0,0,0,0,0,0,0,0#",17000,16000,Set tank.c app_speed/duty level to the logged pwm before sending the move key/protocol command; e=stop.,6.27349,18.86496,41,16,0,0.17071,-0.21234,6.68033,6.61575,-0.01787,5.3843,6.6366,6.6158,1.82925,5,-0.2139,54,0,82.8074,28.74053,0.3618,0.2205,3,False,running
4c5679641a,formation_4_gate_rejoin,150,30.0,1784492000,completion_astar,finish_first,r04,r04,True,center,member,local,3,3,8.06585,0.69416,-0.27319,0.37838,-0.25871,1000,941,-118,53,0,0,0000,---,False,0.36144,-0.11731,0.37838,-0.25871,8.50829,0.65516,cached_path_to_final_target,w,"$1,0,0,0,0,0,0,0,0#",20000,19000,Set tank.c app_speed/duty level to the logged pwm before sending the move key/protocol command; e=stop.,8.10166,22.47957,40,12,0,0.14937,-0.21392,4.17234,6.61575,-0.01787,5.3843,6.6366,6.6158,1.82925,5,-0.2139,54,0,82.8074,28.74053,0.3618,0.2205,3,False,running
4c5679641a,formation_4_gate_rejoin,151,30.2,1784492200,completion_astar,finish_first,r01,r01,True,lower,member,local,3,3,5.63861,0.01124,0.06313,0.37864,0.23698,947,1000,124,21,0,0,0100,---,False,0.37809,0.03808,0.37864,0.23698,6.06165,-0.13986,cached_path_to_final_target,w,"$1,0,0,0,0,0,0,0,0#",19000,20000,Set tank.c app_speed/duty level to the logged pwm before sending the move key/protocol command; e=stop.,6.67589,20.00919,41,16,0,0.17367,-0.21234,6.15536,6.68894,-0.02287,5.3111,6.71,6.6889,1.82419,5,-0.2139,54,0,83.5799,29.03774,0.3715,0.2215,3,False,running
4c5679641a,formation_4_gate_rejoin,151,30.2,1784492200,completion_astar,finish_first,r02,r02,True,center,member,local,3,3,7.79671,-0.77219,0.06816,0.37782,0.30001,931,1000,113,46,0,0,0000,---,False,0.37748,0.04372,0.37782,0.30001,8.23572,-0.70817,cached_path_to_final_target,w,"$1,0,0,0,0,0,0,0,0#",19000,20000,Set tank.c app_speed/duty level to the logged pwm before sending the move key/protocol command; e=stop.,7.84079,21.84576,40,12,0,0.14259,-0.21392,4.44896,6.68894,-0.02287,5.3111,6.71,6.6889,1.82419,5,-0.2139,54,0,83.5799,29.03774,0.3715,0.2215,3,False,running
4c5679641a,formation_4_gate_rejoin,151,30.2,1784492200,completion_astar,finish_first,r03,r03,True,upper,member,local,3,3,5.18277,-0.00071,-0.08483,0.35105,-1.09996,1000,692,-83,22,0,0,0000,---,False,0.36745,-0.09684,0.35105,-1.09996,5.63287,0.07175,cached_path_to_final_target,d,"$4,0,0,0,0,0,0,0,0#",20000,14000,Set tank.c app_speed/duty level to the logged pwm before sending the move key/protocol command; e=stop.,6.3437,19.04933,41,16,0,0.17071,-0.21234,6.61059,6.68894,-0.02287,5.3111,6.71,6.6889,1.82419,5,-0.2139,54,0,83.5799,29.03774,0.3715,0.2215,3,False,running
4c5679641a,formation_4_gate_rejoin,151,30.2,1784492200,completion_astar,finish_first,r04,r04,True,center,member,local,3,3,8.13765,0.67017,-0.32247,0.37853,-0.24637,1000,944,-119,57,0,0,0000,---,False,0.35548,-0.13429,0.37853,-0.24637,8.58167,0.63771,cached_path_to_final_target,w,"$1,0,0,0,0,0,0,0,0#",20000,19000,Set tank.c app_speed/duty level to the logged pwm before sending the move key/protocol command; e=stop.,8.17736,22.67562,40,12,0,0.14937,-0.21392,4.09827,6.68894,-0.02287,5.3111,6.71,6.6889,1.82419,5,-0.2139,54,0,83.5799,29.03774,0.3715,0.2215,3,False,running
4c5679641a,formation_4_gate_rejoin,152,30.4,1784492400,completion_astar,finish_first,r01,r01,True,lower,member,local,3,3,5.71375,0.02005,0.11682,0.37826,0.26841,939,1000,126,21,0,0,0100,---,False,0.37521,0.06016,0.37826,0.26841,6.13503,-0.14467,cached_path_to_final_target,w,"$1,0,0,0,0,0,0,0,0#",19000,20000,Set tank.c app_speed/duty level to the logged pwm before sending the move key/protocol command; e=stop.,6.75154,20.20495,41,16,0,0.17367,-0.21234,6.08061,6.76193,-0.02665,5.2381,6.7831,6.7619,1.81681,5,-0.2139,54,0,84.3682,29.33621,0.3731,0.2224,3,False,running
4c5679641a,formation_4_gate_rejoin,152,30.4,1784492400,completion_astar,finish_first,r02,r02,True,center,member,local,3,3,7.87171,-0.76272,0.12557,0.378,0.28707,934,1000,115,48,0,0,0000,---,False,0.37448,0.06455,0.378,0.28707,8.31102,-0.70425,cached_path_to_final_target,w,"$1,0,0,0,0,0,0,0,0#",19000,20000,Set tank.c app_speed/duty level to the logged pwm before sending the move key/protocol command; e=stop.,7.91639,22.04081,40,12,0,0.14259,-0.21392,4.37336,6.76193,-0.02665,5.2381,6.7831,6.7619,1.81681,5,-0.2139,54,0,84.3682,29.33621,0.3731,0.2224,3,False,running
4c5679641a,formation_4_gate_rejoin,152,30.4,1784492400,completion_astar,finish_first,r03,r03,True,upper,member,local,3,3,5.254,-0.00676,-0.08483,0.35744,4e-05,941,941,-91,21,0,0,0010,---,False,0.36709,0.09822,0.35744,4e-05,5.69954,0.07617,cached_path_to_final_target,w,"$1,0,0,0,0,0,0,0,0#",19000,19000,Set tank.c app_speed/duty level to the logged pwm before sending the move key/protocol command; e=stop.,6.41519,19.25048,41,16,0,0.17071,-0.21234,6.53959,6.76193,-0.02665,5.2381,6.7831,6.7619,1.81681,5,-0.2139,54,0,84.3682,29.33621,0.3731,0.2224,3,False,running
4c5679641a,formation_4_gate_rejoin,152,30.4,1784492400,completion_astar,finish_first,r04,r04,True,center,member,local,3,3,8.20828,0.64283,-0.36937,0.37867,-0.23452,1000,947,-120,61,0,0,0000,---,False,0.34907,-0.15016,0.37867,-0.23452,8.65412,0.61712,cached_path_to_final_target,w,"$1,0,0,0,0,0,0,0,0#",20000,19000,Set tank.c app_speed/duty level to the logged pwm before sending the move key/protocol command; e=stop.,8.2531,22.87196,40,12,0,0.14937,-0.21392,4.02506,6.76193,-0.02665,5.2381,6.7831,6.7619,1.81681,5,-0.2139,54,0,84.3682,29.33621,0.3731,0.2224,3,False,running
4c5679641a,formation_4_gate_rejoin,153,30.6,1784492600,completion_astar,finish_first,r01,r01,True,lower,member,local,3,3,5.78838,0.03267,0.1675,0.37844,0.2534,943,1000,127,23,0,0,0100,---,False,0.37186,0.07822,0.37844,0.2534,6.20459,-0.15561,path_to_final_target,w,"$1,0,0,0,0,0,0,0,0#",19000,20000,Set tank.c app_speed/duty level to the logged pwm before sending the move key/protocol command; e=stop.,6.82723,20.40093,41,16,0,0.17367,-0.21234,6.00653,6.8347,-0.02634,5.1654,6.8558,6.8347,1.80722,5,-0.2139,54,0,85.14523,29.63618,0.375,0.2234,3,False,running
4c5679641a,formation_4_gate_rejoin,153,30.6,1784492600,completion_astar,finish_first,r02,r02,True,center,member,local,3,3,7.94612,-0.74915,0.18045,0.37818,0.27438,937,1000,116,50,0,0,0000,---,False,0.37054,0.08425,0.37818,0.27438,8.38611,-0.69644,path_to_final_target,w,"$1,0,0,0,0,0,0,0,0#",19000,20000,Set tank.c app_speed/duty level to the logged pwm before sending the move key/protocol command; e=stop.,7.99202,22.23617,40,12,0,0.14259,-0.21392,4.29783,6.8347,-0.02634,5.1654,6.8558,6.8347,1.80722,5,-0.2139,54,0,85.14523,29.63618,0.375,0.2234,3,False,running
4c5679641a,formation_4_gate_rejoin,153,30.6,1784492600,completion_astar,finish_first,r03,r03,True,upper,member,local,3,3,5.32668,-0.00122,0.07609,0.36442,0.80457,790,1000,-107,22,0,0,0000,---,False,0.37223,0.07643,0.36442,0.80457,5.76223,0.11013,path_to_final_target,a,"$3,0,0,0,0,0,0,0,0#",16000,20000,Set tank.c app_speed/duty level to the logged pwm before sending the move key/protocol command; e=stop.,6.48808,19.43954,41,16,0,0.17071,-0.21234,6.46678,6.8347,-0.02634,5.1654,6.8558,6.8347,1.80722,5,-0.2139,54,0,85.14523,29.63618,0.375,0.2234,3,False,running
4c5679641a,formation_4_gate_rejoin,153,30.6,1784492600,completion_astar,finish_first,r04,r04,True,center,member,local,3,3,8.27763,0.61235,-0.41401,0.37879,-0.22317,1000,950,-121,65,0,0,0000,---,False,0.34232,-0.16497,0.37879,-0.22317,8.72549,0.59364,path_to_final_target,w,"$1,0,0,0,0,0,0,0,0#",20000,19000,Set tank.c app_speed/duty level to the logged pwm before sending the move key/protocol command; e=stop.,8.32885,23.0686,40,12,0,0.14937,-0.21392,3.9529,6.8347,-0.02634,5.1654,6.8558,6.8347,1.80722,5,-0.2139,54,0,85.14523,29.63618,0.375,0.2234,3,False,running
4c5679641a,formation_4_gate_rejoin,154,30.8,1784492800,completion_astar,finish_first,r01,r01,True,lower,member,local,3,3,5.86233,0.0489,0.21608,0.37857,0.24291,945,1000,129,26,0,0,0100,---,False,0.36778,0.09558,0.37857,0.24291,6.2744,-0.15919,cached_path_to_final_target,w,"$1,0,0,0,0,0,0,0,0#",19000,20000,Set tank.c app_speed/duty level to the logged pwm before sending the move key/protocol command; e=stop.,6.90294,20.59706,41,16,0,0.17367,-0.21234,5.93332,6.90747,-0.02429,5.0926,6.9286,6.9075,1.79503,5,-0.2139,54,0,85.94009,29.93925,0.3788,0.2243,3,False,running
4c5679641a,formation_4_gate_rejoin,154,30.8,1784492800,completion_astar,finish_first,r02,r02,True,center,member,local,3,3,8.01975,-0.73169,0.23285,0.37834,0.26199,940,1000,117,53,0,0,0000,---,False,0.36582,0.10283,0.37834,0.26199,8.46077,-0.68495,cached_path_to_final_target,w,"$1,0,0,0,0,0,0,0,0#",19000,20000,Set tank.c app_speed/duty level to the logged pwm before sending the move key/protocol command; e=stop.,8.06769,22.43182,40,12,0,0.14259,-0.21392,4.2226,6.90747,-0.02429,5.0926,6.9286,6.9075,1.79503,5,-0.2139,54,0,85.94009,29.93925,0.3788,0.2243,3,False,running
4c5679641a,formation_4_gate_rejoin,154,30.8,1784492800,completion_astar,finish_first,r03,r03,True,upper,member,local,3,3,5.40216,0.00669,0.10451,0.37951,0.14211,969,1000,103,21,0,0,0100,---,False,0.37695,0.04807,0.37951,0.14211,5.83135,0.12644,cached_path_to_final_target,w,"$1,0,0,0,0,0,0,0,0#",19000,20000,Set tank.c app_speed/duty level to the logged pwm before sending the move key/protocol command; e=stop.,6.56398,19.64579,41,16,0,0.17071,-0.21234,6.39107,6.90747,-0.02429,5.0926,6.9286,6.9075,1.79503,5,-0.2139,54,0,85.94009,29.93925,0.3788,0.2243,3,False,running
4c5679641a,formation_4_gate_rejoin,154,30.8,1784492800,completion_astar,finish_first,r04,r04,True,center,member,local,3,3,8.34566,0.57895,-0.45648,0.37891,-0.21234,1000,952,-122,69,0,0,0000,---,False,0.33531,-0.17879,0.37891,-0.21234,8.79569,0.56748,cached_path_to_final_target,w,"$1,0,0,0,0,0,0,0,0#",20000,19000,Set tank.c app_speed/duty level to the logged pwm before sending the move key/protocol command; e=stop.,8.40464,23.26543,40,12,0,0.14937,-0.21392,3.88192,6.90747,-0.02429,5.0926,6.9286,6.9075,1.79503,5,-0.2139,54,0,85.94009,29.93925,0.3788,0.2243,3,False,running
4c5679641a,formation_4_gate_rejoin,155,31.0,1784493000,completion_astar,finish_first,r01,r01,True,lower,member,local,3,3,5.93549,0.06851,0.26186,0.37873,0.22892,948,1000,130,29,0,0,0100,---,False,0.36327,0.11151,0.37873,0.22892,6.34292,-0.15961,cached_path_to_final_target,w,"$1,0,0,0,0,0,0,0,0#",19000,20000,Set tank.c app_speed/duty level to the logged pwm before sending the move key/protocol command; e=stop.,6.97869,20.79352,41,16,0,0.17367,-0.21234,5.86113,6.97947,-0.021,5.0206,7.0007,6.9795,1.78165,5,-0.2139,54,0,86.73131,30.24248,0.379,0.2251,3,False,running
4c5679641a,formation_4_gate_rejoin,155,31.0,1784493000,completion_astar,finish_first,r02,r02,True,center,member,local,3,3,8.09244,-0.71056,0.28284,0.37849,0.24997,943,1000,118,56,0,0,0000,---,False,0.36045,0.1203,0.37849,0.24997,8.5348,-0.67002,cached_path_to_final_target,w,"$1,0,0,0,0,0,0,0,0#",19000,20000,Set tank.c app_speed/duty level to the logged pwm before sending the move key/protocol command; e=stop.,8.14339,22.62776,40,12,0,0.14259,-0.21392,4.14788,6.97947,-0.021,5.0206,7.0007,6.9795,1.78165,5,-0.2139,54,0,86.73131,30.24248,0.379,0.2251,3,False,running
4c5679641a,formation_4_gate_rejoin,155,31.0,1784493000,completion_astar,finish_first,r03,r03,True,upper,member,local,3,3,5.47767,0.01523,0.1126,0.37996,0.04043,991,1000,110,20,0,0,0100,---,False,0.37731,0.04509,0.37996,0.04043,5.90439,0.13897,cached_path_to_final_target,w,"$1,0,0,0,0,0,0,0,0#",20000,20000,Set tank.c app_speed/duty level to the logged pwm before sending the move key/protocol command; e=stop.,6.63997,19.84746,41,16,0,0.17071,-0.21234,6.31533,6.97947,-0.021,5.0206,7.0007,6.9795,1.78165,5,-0.2139,54,0,86.73131,30.24248,0.379,0.2251,3,False,running
4c5679641a,formation_4_gate_rejoin,155,31.0,1784493000,completion_astar,finish_first,r04,r04,True,center,member,local,3,3,8.41229,0.54281,-0.49688,0.37901,-0.20203,1000,955,-123,74,0,0,0000,---,False,0.32813,-0.19165,0.37901,-0.20203,8.86462,0.53885,cached_path_to_final_target,w,"$1,0,0,0,0,0,0,0,0#",20000,19000,Set tank.c app_speed/duty level to the logged pwm before sending the move key/protocol command; e=stop.,8.48044,23.46256,40,12,0,0.14937,-0.21392,3.81226,6.97947,-0.021,5.0206,7.0007,6.9795,1.78165,5,-0.2139,54,0,86.73131,30.24248,0.379,0.2251,3,False,running
4c5679641a,formation_4_gate_rejoin,156,31.2,1784493200,completion_astar,finish_first,r01,r01,True,lower,member,local,3,3,5.98903,0.07322,0.08765,0.26873,-0.87108,891,524,142,33,0,0,0100,---,False,0.28106,-0.13453,0.26873,-0.87108,6.4094,-0.15832,cached_path_to_final_target,d,"$4,0,0,0,0,0,0,0,0#",18000,10000,Set tank.c app_speed/duty level to the logged pwm before sending the move key/protocol command; e=stop.,7.03243,20.9559,41,16,0,0.17367,-0.21234,5.80787,7.04575,-0.02029,4.9543,7.067,7.0457,1.77359,5,-0.2139,54,0,87.48536,30.52348,0.3512,0.2258,3,False,running
4c5679641a,formation_4_gate_rejoin,156,31.2,1784493200,completion_astar,finish_first,r02,r02,True,center,member,local,3,3,8.16406,-0.68599,0.33051,0.37862,0.23836,946,1000,119,60,0,0,0000,---,False,0.35456,0.13669,0.37862,0.23836,8.60803,-0.65185,cached_path_to_final_target,w,"$1,0,0,0,0,0,0,0,0#",19000,20000,Set tank.c app_speed/duty level to the logged pwm before sending the move key/protocol command; e=stop.,8.21911,22.824,40,12,0,0.14259,-0.21392,4.07384,7.04575,-0.02029,4.9543,7.067,7.0457,1.77359,5,-0.2139,54,0,87.48536,30.52348,0.3512,0.2258,3,False,running
4c5679641a,formation_4_gate_rejoin,156,31.2,1784493200,completion_astar,finish_first,r03,r03,True,upper,member,local,3,3,5.55238,0.02746,0.16231,0.3785,0.24857,944,1000,113,19,0,0,0100,---,False,0.37232,0.076,0.3785,0.24857,5.9786,0.15086,cached_path_to_final_target,w,"$1,0,0,0,0,0,0,0,0#",19000,20000,Set tank.c app_speed/duty level to the logged pwm before sending the move key/protocol command; e=stop.,6.71567,20.04557,41,16,0,0.17071,-0.21234,6.24029,7.04575,-0.02029,4.9543,7.067,7.0457,1.77359,5,-0.2139,54,0,87.48536,30.52348,0.3512,0.2258,3,False,running
4c5679641a,formation_4_gate_rejoin,156,31.2,1784493200,completion_astar,finish_first,r04,r04,True,center,member,local,3,3,8.47751,0.50414,-0.53533,0.3791,-0.19225,1000,957,-124,79,0,0,0000,---,False,0.32083,-0.20363,0.3791,-0.19225,8.93222,0.50795,cached_path_to_final_target,w,"$1,0,0,0,0,0,0,0,0#",20000,19000,Set tank.c app_speed/duty level to the logged pwm before sending the move key/protocol command; e=stop.,8.55626,23.65988,40,12,0,0.14937,-0.21392,3.74407,7.04575,-0.02029,4.9543,7.067,7.0457,1.77359,5,-0.2139,54,0,87.48536,30.52348,0.3512,0.2258,3,False,running
4c5679641a,formation_4_gate_rejoin,157,31.4,1784493400,completion_astar,finish_first,r01,r01,True,lower,member,local,3,3,6.04097,0.06166,-0.21904,0.26603,-1.53343,1000,377,161,38,0,0,0100,---,False,0.27921,-0.13834,0.26603,-1.53343,6.46348,-0.16185,path_to_final_target,d,"$4,0,0,0,0,0,0,0,0#",20000,8000,Set tank.c app_speed/duty level to the logged pwm before sending the move key/protocol command; e=stop.,7.08564,21.1015,41,16,0,0.17367,-0.21234,5.75545,7.11068,-0.02225,4.8894,7.1319,7.1107,1.76513,5,-0.2139,54,0,88.21985,30.80377,0.3504,0.2265,3,False,running
4c5679641a,formation_4_gate_rejoin,157,31.4,1784493400,completion_astar,finish_first,r02,r02,True,center,member,local,3,3,8.23452,-0.65818,0.37595,0.37875,0.22717,949,1000,120,64,0,0,0000,---,False,0.34826,0.15204,0.37875,0.22717,8.68031,-0.63068,path_to_final_target,w,"$1,0,0,0,0,0,0,0,0#",19000,20000,Set tank.c app_speed/duty level to the logged pwm before sending the move key/protocol command; e=stop.,8.29486,23.02054,40,12,0,0.14259,-0.21392,4.00066,7.11068,-0.02225,4.8894,7.1319,7.1107,1.76513,5,-0.2139,54,0,88.21985,30.80377,0.3504,0.2265,3,False,running
4c5679641a,formation_4_gate_rejoin,157,31.4,1784493400,completion_astar,finish_first,r03,r03,True,upper,member,local,3,3,5.62594,0.04444,0.22685,0.37748,0.3227,925,1000,115,17,0,0,0100,---,False,0.36546,0.10412,0.37748,0.3227,6.05275,0.16451,path_to_final_target,a,"$3,0,0,0,0,0,0,0,0#",18000,20000,Set tank.c app_speed/duty level to the logged pwm before sending the move key/protocol command; e=stop.,6.79117,20.2404,41,16,0,0.17071,-0.21234,6.16628,7.11068,-0.02225,4.8894,7.1319,7.1107,1.76513,5,-0.2139,54,0,88.21985,30.80377,0.3504,0.2265,3,False,running
4c5679641a,formation_4_gate_rejoin,157,31.4,1784493400,completion_astar,finish_first,r04,r04,True,center,member,local,3,3,8.54127,0.46309,-0.57193,0.37919,-0.18298,1000,959,-125,84,0,0,0000,---,False,0.31348,-0.21478,0.37919,-0.18298,8.99843,0.47498,path_to_final_target,w,"$1,0,0,0,0,0,0,0,0#",20000,19000,Set tank.c app_speed/duty level to the logged pwm before sending the move key/protocol command; e=stop.,8.6321,23.8574,40,12,0,0.14937,-0.21392,3.67744,7.11068,-0.02225,4.8894,7.1319,7.1107,1.76513,5,-0.2139,54,0,88.21985,30.80377,0.3504,0.2265,3,False,running
4c5679641a,formation_4_gate_rejoin,158,31.6,1784493600,completion_astar,finish_first,r01,r01,True,lower,member,local,3,3,6.09767,0.04061,-0.35536,0.30241,-0.68157,939,652,169,44,0,0,0100,---,False,0.27887,-0.13902,0.30241,-0.68157,6.51444,-0.17437,cached_path_to_final_target,d,"$4,0,0,0,0,0,0,0,0#",19000,13000,Set tank.c app_speed/duty level to the logged pwm before sending the move key/protocol command; e=stop.,7.14612,21.27324,41,16,0,0.17367,-0.21234,5.69784,7.17266,-0.01942,4.8274,7.194,7.1727,1.7519,5,-0.2139,54,0,88.94459,31.0693,0.3319,0.227,3,False,running
4c5679641a,formation_4_gate_rejoin,158,31.6,1784493600,completion_astar,finish_first,r02,r02,True,center,member,local,3,3,8.30373,-0.62733,0.41923,0.37887,0.21644,951,1000,121,68,0,0,0000,---,False,0.34163,0.1664,0.37887,0.21644,8.75153,-0.60672,cached_path_to_final_target,w,"$1,0,0,0,0,0,0,0,0#",19000,20000,Set tank.c app_speed/duty level to the logged pwm before sending the move key/protocol command; e=stop.,8.37064,23.21727,40,12,0,0.14259,-0.21392,3.9285,7.17266,-0.01942,4.8274,7.194,7.1727,1.7519,5,-0.2139,54,0,88.94459,31.0693,0.3319,0.227,3,False,running
4c5679641a,formation_4_gate_rejoin,158,31.6,1784493600,completion_astar,finish_first,r03,r03,True,upper,member,local,3,3,5.69813,0.06636,0.29475,0.37721,0.3395,921,1000,117,16,0,0,0100,---,False,0.35721,0.12962,0.37721,0.3395,6.12633,0.18108,cached_path_to_final_target,a,"$3,0,0,0,0,0,0,0,0#",18000,20000,Set tank.c app_speed/duty level to the logged pwm before sending the move key/protocol command; e=stop.,6.86661,20.4342,41,16,0,0.16258,-0.21234,6.09356,7.17266,-0.01942,4.8274,7.194,7.1727,1.7519,5,-0.2139,54,0,88.94459,31.0693,0.3319,0.227,3,False,running
4c5679641a,formation_4_gate_rejoin,158,31.6,1784493600,completion_astar,finish_first,r04,r04,True,center,member,local,3,3,8.5911,0.44269,-0.38853,0.26919,0.91702,515,901,-137,88,0,0,0000,---,False,0.3113,-0.0137,0.26919,0.91702,9.06321,0.44011,cached_path_to_final_target,a,"$3,0,0,0,0,0,0,0,0#",10000,18000,Set tank.c app_speed/duty level to the logged pwm before sending the move key/protocol command; e=stop.,8.68594,24.01987,40,12,0,0.14937,-0.21392,3.62637,7.17266,-0.01942,4.8274,7.194,7.1727,1.7519,5,-0.2139,54,0,88.94459,31.0693,0.3319,0.227,3,False,running
4c5679641a,formation_4_gate_rejoin,159,31.8,1784493800,completion_astar,finish_first,r01,r01,True,lower,member,local,3,3,6.15435,0.01559,-0.41581,0.30979,-0.30228,879,752,173,50,0,0,0100,---,False,0.27875,-0.13926,0.30979,-0.30228,6.56855,-0.19463,cached_path_to_final_target,d,"$4,0,0,0,0,0,0,0,0#",18000,15000,Set tank.c app_speed/duty level to the logged pwm before sending the move key/protocol command; e=stop.,7.20808,21.44196,41,16,0,0.17367,-0.21234,5.64016,7.23585,-0.01347,4.7642,7.2575,7.2359,1.7435,5,-0.2139,54,0,89.66242,31.34127,0.34,0.2275,3,False,running
4c5679641a,formation_4_gate_rejoin,159,31.8,1784493800,completion_astar,finish_first,r02,r02,True,center,member,local,3,3,8.37163,-0.59365,0.46047,0.37897,0.20617,954,1000,122,72,0,0,0000,---,False,0.33477,0.1798,0.37897,0.20617,8.82159,-0.58018,cached_path_to_final_target,w,"$1,0,0,0,0,0,0,0,0#",19000,20000,Set tank.c app_speed/duty level to the logged pwm before sending the move key/protocol command; e=stop.,8.44643,23.4143,40,12,0,0.14259,-0.21392,3.85749,7.23585,-0.01347,4.7642,7.2575,7.2359,1.7435,5,-0.2139,54,0,89.66242,31.34127,0.34,0.2275,3,False,running
4c5679641a,formation_4_gate_rejoin,159,31.8,1784493800,completion_astar,finish_first,r03,r03,True,upper,member,local,3,3,5.76872,0.09303,0.36128,0.37732,0.33264,923,1000,119,17,0,0,1000,---,False,0.34797,0.15271,0.37732,0.33264,6.19908,0.20086,cached_path_to_final_target,a,"$3,0,0,0,0,0,0,0,0#",18000,20000,Set tank.c app_speed/duty level to the logged pwm before sending the move key/protocol command; e=stop.,6.94207,20.62809,41,16,0,0.16258,-0.21234,6.02241,7.23585,-0.01347,4.7642,7.2575,7.2359,1.7435,5,-0.2139,54,0,89.66242,31.34127,0.34,0.2275,3,False,running
4c5679641a,formation_4_gate_rejoin,159,31.8,1784493800,completion_astar,finish_first,r04,r04,True,center,member,local,3,3,8.6487,0.43113,-0.19808,0.29375,0.95225,573,974,-150,93,0,0,0000,---,False,0.31123,-0.01509,0.29375,0.95225,9.11764,0.41717,cached_path_to_final_target,a,"$3,0,0,0,0,0,0,0,0#",11000,19000,Set tank.c app_speed/duty level to the logged pwm before sending the move key/protocol command; e=stop.,8.74469,24.17807,40,12,0,0.14937,-0.21392,3.56816,7.23585,-0.01347,4.7642,7.2575,7.2359,1.7435,5,-0.2139,54,0,89.66242,31.34127,0.34,0.2275,3,False,running
4c5679641a,formation_4_gate_rejoin,160,32.0,1784494000,completion_astar,finish_first,r01,r01,True,lower,member,local,3,3,6.21061,-0.01106,-0.4424,0.31125,-0.13296,847,791,-125,56,0,0,0010,---,False,0.27875,-0.13925,0.31125,-0.13296,6.62405,-0.21905,cached_path_to_final_target,w,"$1,0,0,0,0,0,0,0,0#",17000,16000,Set tank.c app_speed/duty level to the logged pwm before sending the move key/protocol command; e=stop.,7.27033,21.60882,41,16,0,0.17367,-0.21234,5.58294,7.29907,-0.00508,4.7009,7.3212,7.2991,1.73789,5,-0.2139,54,0,90.39106,31.61652,0.3441,0.2281,3,False,running
4c5679641a,formation_4_gate_rejoin,160,32.0,1784494000,completion_astar,finish_first,r02,r02,True,center,member,local,3,3,8.43817,-0.55732,0.49974,0.37907,0.19638,956,1000,123,77,0,0,0000,---,False,0.32775,0.1923,0.37907,0.19638,8.89041,-0.55125,cached_path_to_final_target,w,"$1,0,0,0,0,0,0,0,0#",19000,20000,Set tank.c app_speed/duty level to the logged pwm before sending the move key/protocol command; e=stop.,8.52224,23.61152,40,12,0,0.14259,-0.21392,3.78778,7.29907,-0.00508,4.7009,7.3212,7.2991,1.73789,5,-0.2139,54,0,90.39106,31.61652,0.3441,0.2281,3,False,running
4c5679641a,formation_4_gate_rejoin,160,32.0,1784494000,completion_astar,finish_first,r03,r03,True,upper,member,local,3,3,5.83753,0.12414,0.42455,0.37758,0.31639,927,1000,120,18,0,0,1000,---,False,0.33806,0.17354,0.37758,0.31639,6.2708,0.22367,cached_path_to_final_target,w,"$1,0,0,0,0,0,0,0,0#",19000,20000,Set tank.c app_speed/duty level to the logged pwm before sending the move key/protocol command; e=stop.,7.01759,20.82248,41,16,0,0.16258,-0.21234,5.95308,7.29907,-0.00508,4.7009,7.3212,7.2991,1.73789,5,-0.2139,54,0,90.39106,31.61652,0.3441,0.2281,3,False,running
4c5679641a,formation_4_gate_rejoin,160,32.0,1784494000,completion_astar,finish_first,r04,r04,True,center,member,local,3,3,8.70995,0.42393,-0.11705,0.30834,0.40511,726,897,-155,99,0,0,0000,---,False,0.31116,-0.01663,0.30834,0.40511,9.17434,0.40304,cached_path_to_final_target,a,"$3,0,0,0,0,0,0,0,0#",15000,18000,Set tank.c app_speed/duty level to the logged pwm before sending the move key/protocol command; e=stop.,8.80635,24.34824,40,12,0,0.14937,-0.21392,3.50658,7.29907,-0.00508,4.7009,7.3212,7.2991,1.73789,5,-0.2139,54,0,90.39106,31.61652,0.3441,0.2281,3,False,running
4c5679641a,formation_4_gate_rejoin,161,32.2,1784494200,completion_astar,finish_first,r01,r01,True,lower,member,local,3,3,6.27281,-0.05111,-0.57201,0.36987,-0.64802,1000,837,-121,59,0,0,0010,---,False,0.29694,-0.23712,0.36987,-0.64802,6.67988,-0.24542,path_to_final_target,d,"$4,0,0,0,0,0,0,0,0#",20000,17000,Set tank.c app_speed/duty level to the logged pwm before sending the move key/protocol command; e=stop.,7.3443,21.80384,41,16,0,0.17367,-0.21234,5.51948,7.36313,0.00211,4.6369,7.3857,7.3631,1.73137,5,-0.2139,54,0,91.14595,31.9041,0.3595,0.2287,3,False,running
4c5679641a,formation_4_gate_rejoin,161,32.2,1784494200,completion_astar,finish_first,r02,r02,True,center,member,local,3,3,8.50332,-0.51852,0.53715,0.37915,0.18706,958,1000,124,82,0,0,0000,---,False,0.32063,0.20396,0.37915,0.18706,8.95792,-0.52013,path_to_final_target,w,"$1,0,0,0,0,0,0,0,0#",19000,20000,Set tank.c app_speed/duty level to the logged pwm before sending the move key/protocol command; e=stop.,8.59807,23.80894,40,12,0,0.14259,-0.21392,3.71949,7.36313,0.00211,4.6369,7.3857,7.3631,1.73137,5,-0.2139,54,0,91.14595,31.9041,0.3595,0.2287,3,False,running
4c5679641a,formation_4_gate_rejoin,161,32.2,1784494200,completion_astar,finish_first,r03,r03,True,upper,member,local,3,3,5.90443,0.1593,0.48389,0.37787,0.29666,932,1000,121,22,0,0,0000,---,False,0.32777,0.19227,0.37787,0.29666,6.34131,0.24909,path_to_final_target,w,"$1,0,0,0,0,0,0,0,0#",19000,20000,Set tank.c app_speed/duty level to the logged pwm before sending the move key/protocol command; e=stop.,7.09316,21.01741,41,16,0,0.16258,-0.21234,5.88579,7.36313,0.00211,4.6369,7.3857,7.3631,1.73137,5,-0.2139,54,0,91.14595,31.9041,0.3595,0.2287,3,False,running
4c5679641a,formation_4_gate_rejoin,161,32.2,1784494200,completion_astar,finish_first,r04,r04,True,center,member,local,3,3,8.77194,0.41876,-0.0833,0.31103,0.16879,783,854,-158,105,0,0,0000,---,False,0.3111,-0.01768,0.31103,0.16879,9.23425,0.39413,path_to_final_target,w,"$1,0,0,0,0,0,0,0,0#",16000,17000,Set tank.c app_speed/duty level to the logged pwm before sending the move key/protocol command; e=stop.,8.86856,24.51576,40,12,0,0.14937,-0.21392,3.44439,7.36313,0.00211,4.6369,7.3857,7.3631,1.73137,5,-0.2139,54,0,91.14595,31.9041,0.3595,0.2287,3,False,running
4c5679641a,formation_4_gate_rejoin,162,32.4,1784494400,completion_astar,finish_first,r01,r01,True,lower,member,local,3,3,6.33285,-0.09655,-0.64793,0.37651,-0.37961,1000,911,-120,63,0,0,0001,---,False,0.28878,-0.247,0.37651,-0.37961,6.74161,-0.27845,cached_path_to_final_target,d,"$4,0,0,0,0,0,0,0,0#",20000,18000,Set tank.c app_speed/duty level to the logged pwm before sending the move key/protocol command; e=stop.,7.4196,21.99966,41,16,0,0.17367,-0.21234,5.45833,7.42288,0.00418,4.5771,7.4455,7.4229,1.72569,5,-0.2139,54,0,91.86939,32.17271,0.3358,0.2291,3,False,running
4c5679641a,formation_4_gate_rejoin,162,32.4,1784494400,completion_astar,finish_first,r02,r02,True,center,member,local,3,3,8.55525,-0.4993,0.35457,0.27686,-0.91294,921,536,136,86,0,0,0000,---,False,0.31103,0.01882,0.27686,-0.91294,9.02407,-0.48701,cached_path_to_final_target,d,"$4,0,0,0,0,0,0,0,0#",18000,11000,Set tank.c app_speed/duty level to the logged pwm before sending the move key/protocol command; e=stop.,8.65344,23.97493,40,12,0,0.14259,-0.21392,3.66618,7.42288,0.00418,4.5771,7.4455,7.4229,1.72569,5,-0.2139,54,0,91.86939,32.17271,0.3358,0.2291,3,False,running
4c5679641a,formation_4_gate_rejoin,162,32.4,1784494400,completion_astar,finish_first,r03,r03,True,upper,member,local,3,3,5.96934,0.19812,0.53907,0.37816,0.2759,937,1000,123,26,0,0,0000,---,False,0.31735,0.20902,0.37816,0.2759,6.41046,0.27661,cached_path_to_final_target,w,"$1,0,0,0,0,0,0,0,0#",19000,20000,Set tank.c app_speed/duty level to the logged pwm before sending the move key/protocol command; e=stop.,7.1688,21.21286,41,16,0,0.16258,-0.21234,5.82067,7.42288,0.00418,4.5771,7.4455,7.4229,1.72569,5,-0.2139,54,0,91.86939,32.17271,0.3358,0.2291,3,False,running
4c5679641a,formation_4_gate_rejoin,162,32.4,1784494400,completion_astar,finish_first,r04,r04,True,center,member,local,3,3,8.83409,0.41443,-0.06951,0.31151,0.06894,805,834,-160,111,0,0,0000,---,False,0.31106,-0.01827,0.31151,0.06894,9.29562,0.38799,cached_path_to_final_target,w,"$1,0,0,0,0,0,0,0,0#",16000,17000,Set tank.c app_speed/duty level to the logged pwm before sending the move key/protocol command; e=stop.,8.93086,24.68194,40,12,0,0.14937,-0.21392,3.38209,7.42288,0.00418,4.5771,7.4455,7.4229,1.72569,5,-0.2139,54,0,91.86939,32.17271,0.3358,0.2291,3,False,running
4c5679641a,formation_4_gate_rejoin,163,32.6,1784494600,completion_astar,finish_first,r01,r01,True,lower,member,local,3,3,6.39078,-0.14525,-0.69901,0.37842,-0.2554,1000,942,48,67,0,0,0000,---,False,0.28084,-0.25599,0.37842,-0.2554,6.80486,-0.3145,cached_path_to_final_target,w,"$1,0,0,0,0,0,0,0,0#",20000,19000,Set tank.c app_speed/duty level to the logged pwm before sending the move key/protocol command; e=stop.,7.49529,22.19677,41,16,0,0.17367,-0.21234,5.39961,7.48329,0.00439,4.5167,7.5059,7.4833,1.72626,6,-0.2139,54,0,92.58926,32.44612,0.3418,0.2295,3,False,running
4c5679641a,formation_4_gate_rejoin,163,32.6,1784494600,completion_astar,finish_first,r02,r02,True,center,member,local,3,3,8.61387,-0.48788,0.19234,0.29862,-0.81111,957,615,147,91,0,0,0000,---,False,0.31094,0.0202,0.29862,-0.81111,9.0804,-0.46518,cached_path_to_final_target,d,"$4,0,0,0,0,0,0,0,0#",19000,12000,Set tank.c app_speed/duty level to the logged pwm before sending the move key/protocol command; e=stop.,8.71317,24.13608,40,12,0,0.14259,-0.21392,3.60685,7.48329,0.00439,4.5167,7.5059,7.4833,1.72626,6,-0.2139,54,0,92.58926,32.44612,0.3418,0.2295,3,False,running
4c5679641a,formation_4_gate_rejoin,163,32.6,1784494600,completion_astar,finish_first,r03,r03,True,upper,member,local,3,3,6.03222,0.24024,0.59008,0.37842,0.25509,942,1000,124,31,0,0,0000,---,False,0.30701,0.22393,0.37842,0.25509,6.47812,0.30564,cached_path_to_final_target,w,"$1,0,0,0,0,0,0,0,0#",19000,20000,Set tank.c app_speed/duty level to the logged pwm before sending the move key/protocol command; e=stop.,7.24448,21.4088,41,16,0,0.16258,-0.21234,5.75786,7.48329,0.00439,4.5167,7.5059,7.4833,1.72626,6,-0.2139,54,0,92.58926,32.44612,0.3418,0.2295,3,False,running
4c5679641a,formation_4_gate_rejoin,163,32.6,1784494600,completion_astar,finish_first,r04,r04,True,center,member,local,3,3,8.89628,0.41044,-0.06397,0.31158,0.0277,814,826,-161,117,0,0,0000,---,False,0.31105,-0.01857,0.31158,0.0277,9.35754,0.38318,cached_path_to_final_target,w,"$1,0,0,0,0,0,0,0,0#",16000,17000,Set tank.c app_speed/duty level to the logged pwm before sending the move key/protocol command; e=stop.,8.99318,24.84761,40,12,0,0.14937,-0.21392,3.31978,7.48329,0.00439,4.5167,7.5059,7.4833,1.72626,6,-0.2139,54,0,92.58926,32.44612,0.3418,0.2295,3,False,running
4c5679641a,formation_4_gate_rejoin,164,32.8,1784494800,completion_astar,finish_first,r01,r01,True,lower,member,local,3,3,6.44211,-0.1757,-0.53543,0.2984,0.81792,613,957,41,62,0,0,0000,---,False,0.28616,-0.12332,0.2984,0.81792,6.8682,-0.351,cached_path_to_final_target,a,"$3,0,0,0,0,0,0,0,0#",12000,19000,Set tank.c app_speed/duty level to the logged pwm before sending the move key/protocol command; e=stop.,7.55497,22.3721,41,16,0,0.17367,-0.21234,5.348,7.54224,0.00898,4.4578,7.565,7.5422,1.73225,6,-0.2139,54,0,93.2959,32.7057,0.3245,0.2299,3,False,running
4c5679641a,formation_4_gate_rejoin,164,32.8,1784494800,completion_astar,finish_first,r02,r02,True,center,member,local,3,3,8.67525,-0.48026,0.12357,0.30925,-0.34389,886,741,152,97,0,0,0000,---,False,0.31085,0.02165,0.30925,-0.34389,9.13838,-0.45135,cached_path_to_final_target,d,"$4,0,0,0,0,0,0,0,0#",18000,15000,Set tank.c app_speed/duty level to the logged pwm before sending the move key/protocol command; e=stop.,8.77502,24.30554,40,12,0,0.14259,-0.21392,3.54506,7.54224,0.00898,4.4578,7.565,7.5422,1.73225,6,-0.2139,54,0,93.2959,32.7057,0.3245,0.2299,3,False,running
4c5679641a,formation_4_gate_rejoin,164,32.8,1784494800,completion_astar,finish_first,r03,r03,True,upper,member,local,3,3,6.0931,0.28528,0.63702,0.37867,0.23466,947,1000,125,36,0,0,0000,---,False,0.29693,0.23713,0.37867,0.23466,6.54419,0.33557,cached_path_to_final_target,w,"$1,0,0,0,0,0,0,0,0#",19000,20000,Set tank.c app_speed/duty level to the logged pwm before sending the move key/protocol command; e=stop.,7.32021,21.60524,41,16,0,0.16258,-0.21234,5.69739,7.54224,0.00898,4.4578,7.565,7.5422,1.73225,6,-0.2139,54,0,93.2959,32.7057,0.3245,0.2299,3,False,running
4c5679641a,formation_4_gate_rejoin,164,32.8,1784494800,completion_astar,finish_first,r04,r04,True,center,member,local,3,3,8.95848,0.4066,-0.06177,0.3116,0.01098,818,822,-162,123,0,0,0000,---,False,0.31104,-0.0187,0.3116,0.01098,9.41966,0.37898,cached_path_to_final_target,w,"$1,0,0,0,0,0,0,0,0#",16000,16000,Set tank.c app_speed/duty level to the logged pwm before sending the move key/protocol command; e=stop.,9.0555,25.01302,40,12,0,0.14937,-0.21392,3.25746,7.54224,0.00898,4.4578,7.565,7.5422,1.73225,6,-0.2139,54,0,93.2959,32.7057,0.3245,0.2299,3,False,running
4c5679641a,formation_4_gate_rejoin,165,33.0,1784495000,completion_astar,finish_first,r01,r01,True,lower,member,local,3,3,6.49745,-0.2031,-0.45976,0.30876,0.37832,733,892,39,57,0,0,0000,---,False,0.28696,-0.12143,0.30876,0.37832,6.9246,-0.37988,path_to_final_target,a,"$3,0,0,0,0,0,0,0,0#",15000,18000,Set tank.c app_speed/duty level to the logged pwm before sending the move key/protocol command; e=stop.,7.61672,22.54106,41,16,0,0.17367,-0.21234,5.29256,7.60187,0.01454,4.3982,7.6249,7.6019,1.73896,6,-0.2139,54,0,93.99462,32.96781,0.3276,0.2304,3,False,running
4c5679641a,formation_4_gate_rejoin,165,33.0,1784495000,completion_astar,finish_first,r02,r02,True,center,member,local,3,3,8.73721,-0.47435,0.09503,0.3112,-0.1427,849,789,155,103,0,0,0000,---,False,0.31078,0.0226,0.3112,-0.1427,9.19877,-0.44218,path_to_final_target,w,"$1,0,0,0,0,0,0,0,0#",17000,16000,Set tank.c app_speed/duty level to the logged pwm before sending the move key/protocol command; e=stop.,8.83726,24.47276,40,12,0,0.14259,-0.21392,3.48284,7.60187,0.01454,4.3982,7.6249,7.6019,1.73896,6,-0.2139,54,0,93.99462,32.96781,0.3276,0.2304,3,False,running
4c5679641a,formation_4_gate_rejoin,165,33.0,1784495000,completion_astar,finish_first,r03,r03,True,upper,member,local,3,3,6.15213,0.33283,0.67808,0.37898,0.20533,954,1000,127,42,0,0,0000,---,False,0.28809,0.2478,0.37898,0.20533,6.60952,0.35981,path_to_final_target,w,"$1,0,0,0,0,0,0,0,0#",19000,20000,Set tank.c app_speed/duty level to the logged pwm before sending the move key/protocol command; e=stop.,7.39601,21.80247,41,16,0,0.16258,-0.21234,5.63921,7.60187,0.01454,4.3982,7.6249,7.6019,1.73896,6,-0.2139,54,0,93.99462,32.96781,0.3276,0.2304,3,False,running
4c5679641a,formation_4_gate_rejoin,165,33.0,1784495000,completion_astar,finish_first,r04,r04,True,center,member,local,3,3,9.02068,0.4028,-0.06091,0.3116,0.0043,819,821,-163,130,0,0,0000,---,False,0.31103,-0.01876,0.3116,0.0043,9.48183,0.37503,path_to_final_target,w,"$1,0,0,0,0,0,0,0,0#",16000,16000,Set tank.c app_speed/duty level to the logged pwm before sending the move key/protocol command; e=stop.,9.11782,25.17834,40,12,0,0.14937,-0.21392,3.19514,7.60187,0.01454,4.3982,7.6249,7.6019,1.73896,6,-0.2139,54,0,93.99462,32.96781,0.3276,0.2304,3,False,running
4c5679641a,formation_4_gate_rejoin,166,33.2,1784495200,completion_astar,finish_first,r01,r01,True,lower,member,local,3,3,6.55412,-0.22874,-0.42474,0.31099,0.17513,782,855,39,51,0,0,0000,---,False,0.28734,-0.12054,0.31099,0.17513,6.981,-0.40596,cached_path_to_final_target,w,"$1,0,0,0,0,0,0,0,0#",16000,17000,Set tank.c app_speed/duty level to the logged pwm before sending the move key/protocol command; e=stop.,7.67892,22.70821,41,16,0,0.17367,-0.21234,5.23591,7.65892,0.01493,4.3411,7.682,7.6589,1.74955,6,-0.2139,54,0,94.65554,33.20843,0.3008,0.2307,3,False,running
4c5679641a,formation_4_gate_rejoin,166,33.2,1784495200,completion_astar,finish_first,r02,r02,True,center,member,local,3,3,8.7993,-0.46916,0.08341,0.31153,-0.05808,832,808,157,109,0,0,0000,---,False,0.31074,0.02313,0.31153,-0.05808,9.26027,-0.43543,cached_path_to_final_target,w,"$1,0,0,0,0,0,0,0,0#",17000,16000,Set tank.c app_speed/duty level to the logged pwm before sending the move key/protocol command; e=stop.,8.89956,24.63888,40,12,0,0.14259,-0.21392,3.42053,7.65892,0.01493,4.3411,7.682,7.6589,1.74955,6,-0.2139,54,0,94.65554,33.20843,0.3008,0.2307,3,False,running
4c5679641a,formation_4_gate_rejoin,166,33.2,1784495200,completion_astar,finish_first,r03,r03,True,upper,member,local,3,3,6.19936,0.35858,0.49915,0.26898,-0.89467,896,519,139,46,0,0,0000,---,False,0.30982,0.03328,0.26898,-0.89467,6.67208,0.38867,cached_path_to_final_target,d,"$4,0,0,0,0,0,0,0,0#",18000,10000,Set tank.c app_speed/duty level to the logged pwm before sending the move key/protocol command; e=stop.,7.4498,21.96485,41,16,0,0.16258,-0.21234,5.59261,7.65892,0.01493,4.3411,7.682,7.6589,1.74955,6,-0.2139,54,0,94.65554,33.20843,0.3008,0.2307,3,False,running
4c5679641a,formation_4_gate_rejoin,166,33.2,1784495200,completion_astar,finish_first,r04,r04,True,center,member,local,3,3,9.08289,0.39903,-0.06058,0.3116,0.00167,820,820,-163,136,0,0,0000,---,False,0.31103,-0.01878,0.3116,0.00167,9.54403,0.3712,cached_path_to_final_target,w,"$1,0,0,0,0,0,0,0,0#",16000,16000,Set tank.c app_speed/duty level to the logged pwm before sending the move key/protocol command; e=stop.,9.18014,25.34361,40,12,0,0.14937,-0.21392,3.13282,7.65892,0.01493,4.3411,7.682,7.6589,1.74955,6,-0.2139,54,0,94.65554,33.20843,0.3008,0.2307,3,False,running
4c5679641a,formation_4_gate_rejoin,167,33.4,1784495400,completion_astar,finish_first,r01,r01,True,lower,member,local,3,3,6.61129,-0.25348,-0.40845,0.31147,0.08141,803,837,41,45,0,0,0000,---,False,0.28753,-0.1201,0.31147,0.08141,7.03797,-0.43083,cached_path_to_final_target,w,"$1,0,0,0,0,0,0,0,0#",16000,17000,Set tank.c app_speed/duty level to the logged pwm before sending the move key/protocol command; e=stop.,7.74121,22.87443,41,16,0,0.17367,-0.21234,5.17889,7.71809,0.01289,4.2819,7.7412,7.7181,1.75599,6,-0.2139,54,0,95.30833,33.45267,0.3053,0.2311,3,False,running
4c5679641a,formation_4_gate_rejoin,167,33.4,1784495400,completion_astar,finish_first,r02,r02,True,center,member,local,3,3,8.86143,-0.46426,0.07876,0.31159,-0.02326,825,815,158,115,0,0,0000,---,False,0.31072,0.02338,0.31159,-0.02326,9.32218,-0.42982,cached_path_to_final_target,w,"$1,0,0,0,0,0,0,0,0#",16000,16000,Set tank.c app_speed/duty level to the logged pwm before sending the move key/protocol command; e=stop.,8.96188,24.80447,40,12,0,0.14259,-0.21392,3.35821,7.71809,0.01289,4.2819,7.7412,7.7181,1.75599,6,-0.2139,54,0,95.30833,33.45267,0.3053,0.2311,3,False,running
4c5679641a,formation_4_gate_rejoin,167,33.4,1784495400,completion_astar,finish_first,r03,r03,True,upper,member,local,3,3,6.25455,0.37405,0.27321,0.28658,-1.12968,992,516,153,52,0,0,0000,---,False,0.31017,0.02977,0.28658,-1.12968,6.72465,0.409,cached_path_to_final_target,d,"$4,0,0,0,0,0,0,0,0#",20000,10000,Set tank.c app_speed/duty level to the logged pwm before sending the move key/protocol command; e=stop.,7.50712,22.12055,41,16,0,0.16258,-0.21234,5.53788,7.71809,0.01289,4.2819,7.7412,7.7181,1.75599,6,-0.2139,54,0,95.30833,33.45267,0.3053,0.2311,3,False,running
4c5679641a,formation_4_gate_rejoin,167,33.4,1784495400,completion_astar,finish_first,r04,r04,True,center,member,local,3,3,9.1451,0.39527,-0.06045,0.3116,0.00064,820,820,-164,142,0,0,0000,---,False,0.31103,-0.01879,0.3116,0.00064,9.60623,0.36741,cached_path_to_final_target,w,"$1,0,0,0,0,0,0,0,0#",16000,16000,Set tank.c app_speed/duty level to the logged pwm before sending the move key/protocol command; e=stop.,9.24246,25.50887,40,12,0,0.14937,-0.21392,3.0705,7.71809,0.01289,4.2819,7.7412,7.7181,1.75599,6,-0.2139,54,0,95.30833,33.45267,0.3053,0.2311,3,False,running
4c5679641a,formation_4_gate_rejoin,168,33.6,1784495600,completion_astar,finish_first,r01,r01,True,lower,member,local,3,3,6.66867,-0.27779,-0.40081,0.31157,0.0382,812,828,44,40,0,0,0000,---,False,0.28763,-0.11985,0.31157,0.0382,7.09528,-0.45515,cached_path_to_final_target,w,"$1,0,0,0,0,0,0,0,0#",16000,17000,Set tank.c app_speed/duty level to the logged pwm before sending the move key/protocol command; e=stop.,7.80353,23.04012,41,16,0,0.17367,-0.21234,5.12178,7.77862,0.0097,4.2214,7.8018,7.7786,1.75987,6,-0.2139,54,0,95.97501,33.70093,0.3103,0.2315,3,False,running
4c5679641a,formation_4_gate_rejoin,168,33.6,1784495600,completion_astar,finish_first,r02,r02,True,center,member,local,3,3,8.92356,-0.45947,0.07692,0.3116,-0.00919,822,818,159,121,0,0,0000,---,False,0.31071,0.0235,0.3116,-0.00919,9.38425,-0.42472,cached_path_to_final_target,w,"$1,0,0,0,0,0,0,0,0#",16000,16000,Set tank.c app_speed/duty level to the logged pwm before sending the move key/protocol command; e=stop.,9.0242,24.96986,40,12,0,0.14259,-0.21392,3.29589,7.77862,0.0097,4.2214,7.8018,7.7786,1.75987,6,-0.2139,54,0,95.97501,33.70093,0.3103,0.2315,3,False,running
4c5679641a,formation_4_gate_rejoin,168,33.6,1784495600,completion_astar,finish_first,r03,r03,True,upper,member,local,3,3,6.31495,0.38454,0.172,0.30652,-0.50607,913,700,160,58,0,0,0000,---,False,0.31027,0.02877,0.30652,-0.50607,6.77939,0.42272,cached_path_to_final_target,d,"$4,0,0,0,0,0,0,0,0#",18000,14000,Set tank.c app_speed/duty level to the logged pwm before sending the move key/protocol command; e=stop.,7.56843,22.29091,41,16,0,0.16258,-0.21234,5.47783,7.77862,0.0097,4.2214,7.8018,7.7786,1.75987,6,-0.2139,54,0,95.97501,33.70093,0.3103,0.2315,3,False,running
4c5679641a,formation_4_gate_rejoin,168,33.6,1784495600,completion_astar,finish_first,r04,r04,True,center,member,local,3,3,9.2073,0.3915,-0.0604,0.3116,0.00025,820,820,-164,148,0,0,0000,---,False,0.31103,-0.0188,0.3116,0.00025,9.66843,0.36364,cached_path_to_final_target,w,"$1,0,0,0,0,0,0,0,0#",16000,16000,Set tank.c app_speed/duty level to the logged pwm before sending the move key/protocol command; e=stop.,9.30478,25.67412,40,12,0,0.14937,-0.21392,3.00818,7.77862,0.0097,4.2214,7.8018,7.7786,1.75987,6,-0.2139,54,0,95.97501,33.70093,0.3103,0.2315,3,False,running
4c5679641a,formation_4_gate_rejoin,169,33.8,1784495800,completion_astar,finish_first,r01,r01,True,lower,member,local,3,3,6.71396,-0.30966,-0.61317,0.27691,-1.0618,952,505,59,36,0,0,0000,---,False,0.15375,-0.3469,0.27691,-1.0618,7.15486,-0.46673,path_to_final_target,d,"$4,0,0,0,0,0,0,0,0#",19000,10000,Set tank.c app_speed/duty level to the logged pwm before sending the move key/protocol command; e=stop.,7.85891,23.2007,41,16,0,0.17367,-0.21234,5.07702,7.83643,0.00375,4.1636,7.8599,7.8364,1.76784,6,-0.2139,54,0,96.63306,33.94295,0.3025,0.2318,3,False,running
4c5679641a,formation_4_gate_rejoin,169,33.8,1784495800,completion_astar,finish_first,r02,r02,True,center,member,local,3,3,8.9857,-0.45472,0.0762,0.3116,-0.00359,821,819,160,127,0,0,0000,---,False,0.31071,0.02355,0.3116,-0.00359,9.44636,-0.41985,path_to_final_target,w,"$1,0,0,0,0,0,0,0,0#",16000,16000,Set tank.c app_speed/duty level to the logged pwm before sending the move key/protocol command; e=stop.,9.08652,25.13516,40,12,0,0.14259,-0.21392,3.23357,7.83643,0.00375,4.1636,7.8599,7.8364,1.76784,6,-0.2139,54,0,96.63306,33.94295,0.3025,0.2318,3,False,running
4c5679641a,formation_4_gate_rejoin,169,33.8,1784495800,completion_astar,finish_first,r03,r03,True,upper,member,local,3,3,6.37654,0.39164,0.11486,0.30998,-0.28571,876,756,164,64,0,0,0000,---,False,0.31084,0.02178,0.30998,-0.28571,6.83916,0.42127,path_to_final_target,d,"$4,0,0,0,0,0,0,0,0#",18000,15000,Set tank.c app_speed/duty level to the logged pwm before sending the move key/protocol command; e=stop.,7.63042,22.45783,41,16,0,0.16258,-0.21234,5.4165,7.83643,0.00375,4.1636,7.8599,7.8364,1.76784,6,-0.2139,54,0,96.63306,33.94295,0.3025,0.2318,3,False,running
4c5679641a,formation_4_gate_rejoin,169,33.8,1784495800,completion_astar,finish_first,r04,r04,True,center,member,local,3,3,9.26951,0.38774,-0.06038,0.3116,9e-05,820,820,-165,154,0,0,0000,---,False,0.31103,-0.0188,0.3116,9e-05,9.73064,0.35987,path_to_final_target,w,"$1,0,0,0,0,0,0,0,0#",16000,16000,Set tank.c app_speed/duty level to the logged pwm before sending the move key/protocol command; e=stop.,9.3671,25.83936,40,12,0,0.14937,-0.21392,2.94586,7.83643,0.00375,4.1636,7.8599,7.8364,1.76784,6,-0.2139,54,0,96.63306,33.94295,0.3025,0.2318,3,False,running
4c5679641a,formation_4_gate_rejoin,170,34.0,1784496000,completion_astar,finish_first,r01,r01,True,lower,member,local,3,3,6.75677,-0.36162,-0.88155,0.33663,-1.34187,1000,603,80,33,0,0,0000,---,False,0.17464,-0.33678,0.33663,-1.34187,7.21041,-0.46806,cached_path_to_final_target,d,"$4,0,0,0,0,0,0,0,0#",20000,12000,Set tank.c app_speed/duty level to the logged pwm before sending the move key/protocol command; e=stop.,7.92623,23.36992,41,16,0,0.17367,-0.21234,5.03551,7.89372,-0.00766,4.1063,7.9183,7.8937,1.77824,6,-0.2139,54,0,97.29936,34.19716,0.3178,0.2322,3,False,running
4c5679641a,formation_4_gate_rejoin,170,34.0,1784496000,completion_astar,finish_first,r02,r02,True,center,member,local,3,3,9.04784,-0.45,0.07592,0.3116,-0.00139,820,820,160,133,0,0,0000,---,False,0.31071,0.02357,0.3116,-0.00139,9.50849,-0.41507,cached_path_to_final_target,w,"$1,0,0,0,0,0,0,0,0#",16000,16000,Set tank.c app_speed/duty level to the logged pwm before sending the move key/protocol command; e=stop.,9.14884,25.30043,40,12,0,0.14259,-0.21392,3.17125,7.89372,-0.00766,4.1063,7.9183,7.8937,1.77824,6,-0.2139,54,0,97.29936,34.19716,0.3178,0.2322,3,False,running
4c5679641a,formation_4_gate_rejoin,170,34.0,1784496000,completion_astar,finish_first,r03,r03,True,upper,member,local,3,3,6.43855,0.397,0.08618,0.31119,-0.14339,849,789,-27,65,0,0,0000,---,False,0.31097,0.01982,0.31119,-0.14339,6.90025,0.42502,cached_path_to_final_target,w,"$1,0,0,0,0,0,0,0,0#",17000,16000,Set tank.c app_speed/duty level to the logged pwm before sending the move key/protocol command; e=stop.,7.69266,22.6244,41,16,0,0.16258,-0.21234,5.35472,7.89372,-0.00766,4.1063,7.9183,7.8937,1.77824,6,-0.2139,54,0,97.29936,34.19716,0.3178,0.2322,3,False,running
4c5679641a,formation_4_gate_rejoin,170,34.0,1784496000,completion_astar,finish_first,r04,r04,True,center,member,local,3,3,9.33172,0.38398,-0.06038,0.3116,4e-05,820,820,-165,160,0,0,0000,---,False,0.31103,-0.0188,0.3116,4e-05,9.79285,0.35611,cached_path_to_final_target,w,"$1,0,0,0,0,0,0,0,0#",16000,16000,Set tank.c app_speed/duty level to the logged pwm before sending the move key/protocol command; e=stop.,9.42942,26.00461,40,12,0,0.14937,-0.21392,2.88354,7.89372,-0.00766,4.1063,7.9183,7.8937,1.77824,6,-0.2139,54,0,97.29936,34.19716,0.3178,0.2322,3,False,running
4c5679641a,formation_4_gate_rejoin,171,34.2,1784496200,completion_astar,finish_first,r01,r01,True,lower,member,local,3,3,6.80054,-0.4225,-0.94755,0.3749,-0.33001,1000,917,89,31,0,0,0000,---,False,0.20416,-0.31755,0.3749,-0.33001,7.2671,-0.46619,cached_path_to_final_target,d,"$4,0,0,0,0,0,0,0,0#",20000,18000,Set tank.c app_speed/duty level to the logged pwm before sending the move key/protocol command; e=stop.,8.00121,23.5763,41,16,0,0.17367,-0.21234,4.99399,7.95128,-0.02151,4.0488,7.9775,7.9513,1.78973,6,-0.2139,54,0,98.00228,34.45908,0.3274,0.2325,3,False,running
4c5679641a,formation_4_gate_rejoin,171,34.2,1784496200,completion_astar,finish_first,r02,r02,True,center,member,local,3,3,9.10998,-0.44528,0.07581,0.3116,-0.00053,820,820,161,139,0,0,0000,---,False,0.31071,0.02358,0.3116,-0.00053,9.57063,-0.41033,cached_path_to_final_target,w,"$1,0,0,0,0,0,0,0,0#",16000,16000,Set tank.c app_speed/duty level to the logged pwm before sending the move key/protocol command; e=stop.,9.21116,25.46569,40,12,0,0.14259,-0.21392,3.10893,7.95128,-0.02151,4.0488,7.9775,7.9513,1.78973,6,-0.2139,54,0,98.00228,34.45908,0.3274,0.2325,3,False,running
4c5679641a,formation_4_gate_rejoin,171,34.2,1784496200,completion_astar,finish_first,r03,r03,True,upper,member,local,3,3,6.50069,0.40152,0.07266,0.31151,-0.06761,834,806,-28,59,0,0,0000,---,False,0.311,0.01932,0.31151,-0.06761,6.962,0.42951,cached_path_to_final_target,w,"$1,0,0,0,0,0,0,0,0#",17000,16000,Set tank.c app_speed/duty level to the logged pwm before sending the move key/protocol command; e=stop.,7.75496,22.79043,41,16,0,0.16258,-0.21234,5.29278,7.95128,-0.02151,4.0488,7.9775,7.9513,1.78973,6,-0.2139,54,0,98.00228,34.45908,0.3274,0.2325,3,False,running
4c5679641a,formation_4_gate_rejoin,171,34.2,1784496200,completion_astar,finish_first,r04,r04,True,center,member,local,3,3,9.39392,0.38022,-0.06037,0.3116,1e-05,820,820,-166,166,0,0,0000,---,False,0.31103,-0.0188,0.3116,1e-05,9.85505,0.35235,cached_path_to_final_target,w,"$1,0,0,0,0,0,0,0,0#",16000,16000,Set tank.c app_speed/duty level to the logged pwm before sending the move key/protocol command; e=stop.,9.49174,26.16986,40,12,0,0.14937,-0.21392,2.82122,7.95128,-0.02151,4.0488,7.9775,7.9513,1.78973,6,-0.2139,54,0,98.00228,34.45908,0.3274,0.2325,3,False,running
4c5679641a,formation_4_gate_rejoin,172,34.4,1784496400,completion_astar,finish_first,r01,r01,True,lower,member,local,3,3,6.84615,-0.48196,-0.91638,0.37469,0.15585,953,1000,94,31,0,0,0000,---,False,0.23565,-0.29206,0.37469,0.15585,7.32326,-0.46341,cached_path_to_final_target,w,"$1,0,0,0,0,0,0,0,0#",19000,20000,Set tank.c app_speed/duty level to the logged pwm before sending the move key/protocol command; e=stop.,8.07615,23.77798,41,16,0,0.17367,-0.21234,4.95132,8.00932,-0.0351,3.9908,8.0371,8.0093,1.8013,6,-0.2139,54,0,98.69997,34.72097,0.3274,0.2328,3,False,running
4c5679641a,formation_4_gate_rejoin,172,34.4,1784496400,completion_astar,finish_first,r02,r02,True,center,member,local,3,3,9.17212,-0.44056,0.07577,0.3116,-0.0002,820,820,162,145,0,0,0000,---,False,0.31071,0.02358,0.3116,-0.0002,9.63277,-0.4056,cached_path_to_final_target,w,"$1,0,0,0,0,0,0,0,0#",16000,16000,Set tank.c app_speed/duty level to the logged pwm before sending the move key/protocol command; e=stop.,9.27348,25.63094,40,12,0,0.14259,-0.21392,3.04661,8.00932,-0.0351,3.9908,8.0371,8.0093,1.8013,6,-0.2139,54,0,98.69997,34.72097,0.3274,0.2328,3,False,running
4c5679641a,formation_4_gate_rejoin,172,34.4,1784496400,completion_astar,finish_first,r03,r03,True,upper,member,local,3,3,6.56287,0.40566,0.06651,0.31158,-0.03071,826,813,-30,53,0,0,0000,---,False,0.31101,0.01921,0.31158,-0.03071,7.02404,0.43385,cached_path_to_final_target,w,"$1,0,0,0,0,0,0,0,0#",17000,16000,Set tank.c app_speed/duty level to the logged pwm before sending the move key/protocol command; e=stop.,7.81728,22.95595,41,16,0,0.16258,-0.21234,5.2308,8.00932,-0.0351,3.9908,8.0371,8.0093,1.8013,6,-0.2139,54,0,98.69997,34.72097,0.3274,0.2328,3,False,running
4c5679641a,formation_4_gate_rejoin,172,34.4,1784496400,completion_astar,finish_first,r04,r04,True,center,member,local,3,3,9.45613,0.37646,-0.06037,0.3116,0.0,820,820,-166,173,0,0,0000,---,False,0.31103,-0.0188,0.3116,0.0,9.91726,0.34859,cached_path_to_final_target,w,"$1,0,0,0,0,0,0,0,0#",16000,16000,Set tank.c app_speed/duty level to the logged pwm before sending the move key/protocol command; e=stop.,9.55406,26.3351,40,12,0,0.14937,-0.21392,2.7589,8.00932,-0.0351,3.9908,8.0371,8.0093,1.8013,6,-0.2139,54,0,98.69997,34.72097,0.3274,0.2328,3,False,running
4c5679641a,formation_4_gate_rejoin,173,34.6,1784496600,completion_astar,finish_first,r01,r01,True,lower,member,local,3,3,6.8878,-0.51463,-0.66521,0.26469,1.25585,432,961,83,30,0,0,0000,---,False,0.31124,0.01487,0.26469,1.25585,7.37448,-0.45671,path_to_final_target,a,"$3,0,0,0,0,0,0,0,0#",9000,19000,Set tank.c app_speed/duty level to the logged pwm before sending the move key/protocol command; e=stop.,8.12909,23.93814,41,16,0,0.17367,-0.21234,4.91165,8.06637,-0.04207,3.9339,8.0946,8.0664,1.81186,6,-0.2139,54,0,99.35593,34.96086,0.2999,0.2331,3,False,running
4c5679641a,formation_4_gate_rejoin,173,34.6,1784496600,completion_astar,finish_first,r02,r02,True,center,member,local,3,3,9.23426,-0.43584,0.07576,0.3116,-8e-05,820,820,162,151,0,0,0000,---,False,0.31071,0.02358,0.3116,-8e-05,9.69491,-0.40088,path_to_final_target,w,"$1,0,0,0,0,0,0,0,0#",16000,16000,Set tank.c app_speed/duty level to the logged pwm before sending the move key/protocol command; e=stop.,9.3358,25.79619,40,12,0,0.14259,-0.21392,2.98429,8.06637,-0.04207,3.9339,8.0946,8.0664,1.81186,6,-0.2139,54,0,99.35593,34.96086,0.2999,0.2331,3,False,running
4c5679641a,formation_4_gate_rejoin,173,34.6,1784496600,completion_astar,finish_first,r03,r03,True,upper,member,local,3,3,6.62506,0.4095,0.06164,0.31159,-0.02439,825,815,-31,47,0,0,0000,---,False,0.31108,0.018,0.31159,-0.02439,7.0863,0.43595,path_to_final_target,w,"$1,0,0,0,0,0,0,0,0#",16000,16000,Set tank.c app_speed/duty level to the logged pwm before sending the move key/protocol command; e=stop.,7.8796,23.12126,41,16,0,0.16258,-0.21234,5.16879,8.06637,-0.04207,3.9339,8.0946,8.0664,1.81186,6,-0.2139,54,0,99.35593,34.96086,0.2999,0.2331,3,False,running
4c5679641a,formation_4_gate_rejoin,173,34.6,1784496600,completion_astar,finish_first,r04,r04,True,center,member,local,3,3,9.51834,0.3727,-0.06037,0.3116,0.0,820,820,-167,179,0,0,0000,---,False,0.31103,-0.0188,0.3116,0.0,9.97946,0.34483,path_to_final_target,w,"$1,0,0,0,0,0,0,0,0#",16000,16000,Set tank.c app_speed/duty level to the logged pwm before sending the move key/protocol command; e=stop.,9.61638,26.50035,40,12,0,0.14937,-0.21392,2.69658,8.06637,-0.04207,3.9339,8.0946,8.0664,1.81186,6,-0.2139,54,0,99.35593,34.96086,0.2999,0.2331,3,False,running
4c5679641a,formation_4_gate_rejoin,174,34.8,1784496800,completion_astar,finish_first,r01,r01,True,upper,member,local,3,3,6.93238,-0.52605,-0.25077,0.23009,2.07221,169,1000,63,28,0,0,0000,---,False,0.31073,0.02331,0.23009,2.07221,7.41885,-0.4748,cached_path_to_final_target,a,"$3,0,0,0,0,0,0,0,0#",4000,20000,Set tank.c app_speed/duty level to the logged pwm before sending the move key/protocol command; e=stop.,8.17511,24.06689,41,16,0,0.17367,-0.21234,4.86789,8.12415,-0.04377,3.8761,8.1524,8.1242,1.81907,6,-0.2139,54,0,99.98053,35.19384,0.2912,0.2335,2,False,running
4c5679641a,formation_4_gate_rejoin,174,34.8,1784496800,completion_astar,finish_first,r02,r02,True,center,member,local,3,3,9.29641,-0.43113,0.07575,0.3116,-3e-05,820,820,163,157,0,0,0000,---,False,0.31071,0.02358,0.3116,-3e-05,9.75705,-0.39617,cached_path_to_final_target,w,"$1,0,0,0,0,0,0,0,0#",16000,16000,Set tank.c app_speed/duty level to the logged pwm before sending the move key/protocol command; e=stop.,9.39812,25.96143,40,12,0,0.14259,-0.21392,2.92197,8.12415,-0.04377,3.8761,8.1524,8.1242,1.81907,6,-0.2139,54,0,99.98053,35.19384,0.2912,0.2335,2,False,running
4c5679641a,formation_4_gate_rejoin,174,34.8,1784496800,completion_astar,finish_first,r03,r03,True,upper,member,local,3,3,6.68728,0.41317,0.05884,0.3116,-0.01398,823,817,-33,41,0,0,0000,---,False,0.3111,0.01764,0.3116,-0.01398,7.14852,0.43919,cached_path_to_final_target,w,"$1,0,0,0,0,0,0,0,0#",16000,16000,Set tank.c app_speed/duty level to the logged pwm before sending the move key/protocol command; e=stop.,7.94192,23.28661,41,16,0,0.16258,-0.21234,5.10677,8.12415,-0.04377,3.8761,8.1524,8.1242,1.81907,6,-0.2139,54,0,99.98053,35.19384,0.2912,0.2335,2,False,running
4c5679641a,formation_4_gate_rejoin,174,34.8,1784496800,completion_astar,finish_first,r04,r04,True,center,member,local,3,3,9.58054,0.36894,-0.06037,0.3116,0.0,820,820,-167,185,0,0,0000,---,False,0.31103,-0.0188,0.3116,0.0,10.04167,0.34107,cached_path_to_final_target,w,"$1,0,0,0,0,0,0,0,0#",16000,16000,Set tank.c app_speed/duty level to the logged pwm before sending the move key/protocol command; e=stop.,9.6787,26.6656,40,12,0,0.14937,-0.21392,2.63426,8.12415,-0.04377,3.8761,8.1524,8.1242,1.81907,6,-0.2139,54,0,99.98053,35.19384,0.2912,0.2335,2,False,running
4c5679641a,formation_4_gate_rejoin,175,35.0,1784497000,completion_astar,finish_first,r01,r01,True,upper,member,local,3,3,7.00029,-0.52988,-0.05633,0.34009,0.97221,690,1000,56,24,0,0,0000,---,False,0.29492,-0.23963,0.34009,0.97221,7.4633,-0.48709,cached_path_to_final_target,a,"$3,0,0,0,0,0,0,0,0#",14000,20000,Set tank.c app_speed/duty level to the logged pwm before sending the move key/protocol command; e=stop.,8.24312,24.25705,41,16,0,0.17367,-0.21234,4.80038,8.18777,-0.04359,3.8125,8.216,8.1878,1.81709,6,-0.2139,54,0,100.66649,35.44882,0.3187,0.2339,2,False,running
4c5679641a,formation_4_gate_rejoin,175,35.0,1784497000,completion_astar,finish_first,r02,r02,True,center,member,local,3,3,9.35855,-0.42641,0.07575,0.3116,-1e-05,820,820,163,163,0,0,0000,---,False,0.31071,0.02358,0.3116,-1e-05,9.81919,-0.39145,cached_path_to_final_target,w,"$1,0,0,0,0,0,0,0,0#",16000,16000,Set tank.c app_speed/duty level to the logged pwm before sending the move key/protocol command; e=stop.,9.46044,26.12668,40,12,0,0.14259,-0.21392,2.85965,8.18777,-0.04359,3.8125,8.216,8.1878,1.81709,6,-0.2139,54,0,100.66649,35.44882,0.3187,0.2339,2,False,running
4c5679641a,formation_4_gate_rejoin,175,35.0,1784497000,completion_astar,finish_first,r03,r03,True,upper,member,local,3,3,6.74949,0.41674,0.05742,0.3116,-0.00709,821,819,-36,36,0,0,0000,---,False,0.31111,0.01754,0.3116,-0.00709,7.21074,0.44267,cached_path_to_final_target,w,"$1,0,0,0,0,0,0,0,0#",16000,16000,Set tank.c app_speed/duty level to the logged pwm before sending the move key/protocol command; e=stop.,8.00423,23.45192,41,16,0,0.16258,-0.21234,5.04475,8.18777,-0.04359,3.8125,8.216,8.1878,1.81709,6,-0.2139,54,0,100.66649,35.44882,0.3187,0.2339,2,False,running
4c5679641a,formation_4_gate_rejoin,175,35.0,1784497000,completion_astar,finish_first,r04,r04,True,center,member,local,3,3,9.64275,0.36518,-0.06037,0.3116,0.0,820,820,-167,191,0,0,0000,---,False,0.31103,-0.0188,0.3116,0.0,10.10388,0.33731,cached_path_to_final_target,w,"$1,0,0,0,0,0,0,0,0#",16000,16000,Set tank.c app_speed/duty level to the logged pwm before sending the move key/protocol command; e=stop.,9.74102,26.83084,40,12,0,0.14937,-0.21392,2.57194,8.18777,-0.04359,3.8125,8.216,8.1878,1.81709,6,-0.2139,54,0,100.66649,35.44882,0.3187,0.2339,2,False,running
4c5679641a,formation_4_gate_rejoin,176,35.2,1784497200,completion_astar,finish_first,r01,r01,True,upper,member,local,3,3,7.06414,-0.53512,-0.08188,0.32031,-0.12779,870,816,63,22,0,0,0000,---,False,0.30829,-0.22216,0.32031,-0.12779,7.52413,-0.49281,cached_path_to_final_target,w,"$1,0,0,0,0,0,0,0,0#",17000,16000,Set tank.c app_speed/duty level to the logged pwm before sending the move key/protocol command; e=stop.,8.30719,24.43951,41,16,0,0.17367,-0.21234,4.73703,8.25037,-0.04378,3.7499,8.2786,8.2504,1.81675,6,-0.2139,54,0,101.34473,35.69984,0.3138,0.2344,2,False,running
4c5679641a,formation_4_gate_rejoin,176,35.2,1784497200,completion_astar,finish_first,r02,r02,True,center,member,local,3,3,9.42069,-0.42169,0.07575,0.3116,-0.0,820,820,164,170,0,0,0000,---,False,0.31071,0.02358,0.3116,-0.0,9.88133,-0.38673,cached_path_to_final_target,w,"$1,0,0,0,0,0,0,0,0#",16000,16000,Set tank.c app_speed/duty level to the logged pwm before sending the move key/protocol command; e=stop.,9.52276,26.29193,40,12,0,0.14259,-0.21392,2.79733,8.25037,-0.04378,3.7499,8.2786,8.2504,1.81675,6,-0.2139,54,0,101.34473,35.69984,0.3138,0.2344,2,False,running
4c5679641a,formation_4_gate_rejoin,176,35.2,1784497200,completion_astar,finish_first,r03,r03,True,upper,member,local,3,3,6.81171,0.42028,0.05675,0.3116,-0.00338,821,819,-39,30,0,0,0000,---,False,0.31111,0.01751,0.3116,-0.00338,7.27296,0.4462,cached_path_to_final_target,w,"$1,0,0,0,0,0,0,0,0#",16000,16000,Set tank.c app_speed/duty level to the logged pwm before sending the move key/protocol command; e=stop.,8.06655,23.61721,41,16,0,0.16258,-0.21234,4.98273,8.25037,-0.04378,3.7499,8.2786,8.2504,1.81675,6,-0.2139,54,0,101.34473,35.69984,0.3138,0.2344,2,False,running
4c5679641a,formation_4_gate_rejoin,176,35.2,1784497200,completion_astar,finish_first,r04,r04,True,center,member,local,3,3,9.70495,0.36142,-0.06037,0.3116,0.0,820,820,-168,197,0,0,0000,---,False,0.31103,-0.0188,0.3116,0.0,10.16608,0.33355,cached_path_to_final_target,w,"$1,0,0,0,0,0,0,0,0#",16000,16000,Set tank.c app_speed/duty level to the logged pwm before sending the move key/protocol command; e=stop.,9.80334,26.99609,40,12,0,0.14937,-0.21392,2.50962,8.25037,-0.04378,3.7499,8.2786,8.2504,1.81675,6,-0.2139,54,0,101.34473,35.69984,0.3138,0.2344,2,False,running
4c5679641a,formation_4_gate_rejoin,177,35.4,1784497400,completion_astar,finish_first,r01,r01,True,upper,member,local,3,3,7.12798,-0.5568,-0.32744,0.33713,-1.22779,1000,629,83,22,0,0,0000,---,False,0.32166,-0.20233,0.33713,-1.22779,7.58693,-0.49595,path_to_final_target,d,"$4,0,0,0,0,0,0,0,0#",20000,13000,Set tank.c app_speed/duty level to the logged pwm before sending the move key/protocol command; e=stop.,8.37461,24.61611,41,16,0,0.17367,-0.21234,4.6749,8.30962,-0.0455,3.6907,8.3379,8.3096,1.8255,6,-0.2139,54,0,102.00197,35.94263,0.3035,0.2347,2,False,running
4c5679641a,formation_4_gate_rejoin,177,35.4,1784497400,completion_astar,finish_first,r02,r02,True,center,member,local,3,3,9.48283,-0.41698,0.07575,0.3116,-0.0,820,820,164,176,0,0,0000,---,False,0.31071,0.02358,0.3116,-0.0,9.94348,-0.38202,path_to_final_target,w,"$1,0,0,0,0,0,0,0,0#",16000,16000,Set tank.c app_speed/duty level to the logged pwm before sending the move key/protocol command; e=stop.,9.58508,26.45717,40,12,0,0.14259,-0.21392,2.73501,8.30962,-0.0455,3.6907,8.3379,8.3096,1.8255,6,-0.2139,54,0,102.00197,35.94263,0.3035,0.2347,2,False,running
4c5679641a,formation_4_gate_rejoin,177,35.4,1784497400,completion_astar,finish_first,r03,r03,True,upper,member,local,3,3,6.86052,0.43411,0.27607,0.25362,1.09662,437,898,-55,27,0,0,0000,---,False,0.23765,0.28837,0.25362,1.09662,7.33518,0.44973,path_to_final_target,a,"$3,0,0,0,0,0,0,0,0#",9000,18000,Set tank.c app_speed/duty level to the logged pwm before sending the move key/protocol command; e=stop.,8.11728,23.76736,41,16,0,0.16258,-0.21234,4.93458,8.30962,-0.0455,3.6907,8.3379,8.3096,1.8255,6,-0.2139,54,0,102.00197,35.94263,0.3035,0.2347,2,False,running
4c5679641a,formation_4_gate_rejoin,177,35.4,1784497400,completion_astar,finish_first,r04,r04,True,center,member,local,2,3,9.76716,0.35766,-0.06037,0.3116,0.0,820,820,-168,204,0,0,0000,---,False,0.31103,-0.0188,0.3116,0.0,10.22829,0.32979,path_to_final_target,w,"$1,0,0,0,0,0,0,0,0#",16000,16000,Set tank.c app_speed/duty level to the logged pwm before sending the move key/protocol command; e=stop.,9.86566,27.16134,40,12,0,0.14937,-0.21392,2.4473,8.30962,-0.0455,3.6907,8.3379,8.3096,1.8255,6,-0.2139,54,0,102.00197,35.94263,0.3035,0.2347,2,False,running
4c5679641a,formation_4_gate_rejoin,178,35.6,1784497600,completion_astar,finish_first,r01,r01,True,center,member,local,3,3,7.19674,-0.587,-0.41381,0.37549,-0.43186,1000,897,95,25,0,0,0000,---,False,0.33676,-0.17604,0.37549,-0.43186,7.6503,-0.50994,cached_path_to_final_target,d,"$4,0,0,0,0,0,0,0,0#",20000,18000,Set tank.c app_speed/duty level to the logged pwm before sending the move key/protocol command; e=stop.,8.44971,24.81834,41,16,0,0.17367,-0.21234,4.6087,8.37122,-0.04391,3.629,8.3995,8.3712,1.83482,6,-0.2139,54,0,102.69743,36.20646,0.3298,0.2351,2,False,running
4c5679641a,formation_4_gate_rejoin,178,35.6,1784497600,completion_astar,finish_first,r02,r02,True,center,member,local,3,3,9.54497,-0.41226,0.07575,0.3116,-0.0,820,820,165,182,0,0,0000,---,False,0.31071,0.02358,0.3116,-0.0,10.00562,-0.3773,cached_path_to_final_target,w,"$1,0,0,0,0,0,0,0,0#",16000,16000,Set tank.c app_speed/duty level to the logged pwm before sending the move key/protocol command; e=stop.,9.6474,26.62242,40,12,0,0.14259,-0.21392,2.67269,8.37122,-0.04391,3.629,8.3995,8.3712,1.83482,6,-0.2139,54,0,102.69743,36.20646,0.3298,0.2351,2,False,running
4c5679641a,formation_4_gate_rejoin,178,35.6,1784497600,completion_astar,finish_first,r03,r03,True,upper,member,local,3,3,6.9138,0.46973,0.58938,0.32047,1.56655,514,1000,-78,25,0,0,0000,---,False,0.25363,0.28044,0.32047,1.56655,7.3882,0.45666,cached_path_to_final_target,a,"$3,0,0,0,0,0,0,0,0#",10000,20000,Set tank.c app_speed/duty level to the logged pwm before sending the move key/protocol command; e=stop.,8.18137,23.93009,41,16,0,0.16258,-0.21234,4.88312,8.37122,-0.04391,3.629,8.3995,8.3712,1.83482,6,-0.2139,54,0,102.69743,36.20646,0.3298,0.2351,2,False,running
4c5679641a,formation_4_gate_rejoin,178,35.6,1784497600,completion_astar,finish_first,r04,r04,True,center,member,local,1,3,9.82937,0.3539,-0.06037,0.3116,0.0,820,820,-168,210,0,0,0000,---,False,0.31103,-0.0188,0.3116,0.0,10.2905,0.32603,cached_path_to_final_target,w,"$1,0,0,0,0,0,0,0,0#",16000,16000,Set tank.c app_speed/duty level to the logged pwm before sending the move key/protocol command; e=stop.,9.92798,27.32658,40,12,0,0.14937,-0.21392,2.38498,8.37122,-0.04391,3.629,8.3995,8.3712,1.83482,6,-0.2139,54,0,102.69743,36.20646,0.3298,0.2351,2,False,running
4c5679641a,formation_4_gate_rejoin,179,35.8,1784497800,completion_astar,finish_first,r01,r01,True,center,member,local,3,3,7.26668,-0.6167,-0.40151,0.37991,0.06151,987,1000,101,28,0,0,0000,---,False,0.3512,-0.14512,0.37991,0.06151,7.71722,-0.53233,cached_path_to_final_target,w,"$1,0,0,0,0,0,0,0,0#",20000,20000,Set tank.c app_speed/duty level to the logged pwm before sending the move key/protocol command; e=stop.,8.52569,25.02384,41,16,0,0.17367,-0.21234,4.54157,8.4343,-0.03926,3.5659,8.4628,8.4343,1.844,6,-0.2139,54,0,103.43878,36.482,0.3444,0.2356,2,False,running
4c5679641a,formation_4_gate_rejoin,179,35.8,1784497800,completion_astar,finish_first,r02,r02,True,center,member,local,3,3,9.60711,-0.40755,0.07575,0.3116,-0.0,820,820,165,188,0,0,0000,---,False,0.31071,0.02358,0.3116,-0.0,10.06776,-0.37258,cached_path_to_final_target,w,"$1,0,0,0,0,0,0,0,0#",16000,16000,Set tank.c app_speed/duty level to the logged pwm before sending the move key/protocol command; e=stop.,9.70972,26.78766,40,12,0,0.14259,-0.21392,2.61037,8.4343,-0.03926,3.5659,8.4628,8.4343,1.844,6,-0.2139,54,0,103.43878,36.482,0.3444,0.2356,2,False,running
4c5679641a,formation_4_gate_rejoin,179,35.8,1784497800,completion_astar,finish_first,r03,r03,True,upper,member,local,3,3,6.97185,0.51708,0.68412,0.37457,0.4737,886,1000,-90,24,0,0,0000,---,False,0.27581,0.26139,0.37457,0.4737,7.44177,0.4717,cached_path_to_final_target,a,"$3,0,0,0,0,0,0,0,0#",18000,20000,Set tank.c app_speed/duty level to the logged pwm before sending the move key/protocol command; e=stop.,8.25629,24.13544,41,16,0,0.16258,-0.21234,4.82792,8.4343,-0.03926,3.5659,8.4628,8.4343,1.844,6,-0.2139,54,0,103.43878,36.482,0.3444,0.2356,2,False,running
4c5679641a,formation_4_gate_rejoin,179,35.8,1784497800,completion_astar,finish_first,r04,r04,True,center,member,local,1,3,9.89157,0.35014,-0.06037,0.3116,0.0,820,820,-169,216,0,0,0000,---,False,0.31103,-0.0188,0.3116,0.0,10.3527,0.32227,cached_path_to_final_target,w,"$1,0,0,0,0,0,0,0,0#",16000,16000,Set tank.c app_speed/duty level to the logged pwm before sending the move key/protocol command; e=stop.,9.9903,27.49183,40,12,0,0.14937,-0.21392,2.32266,8.4343,-0.03926,3.5659,8.4628,8.4343,1.844,6,-0.2139,54,0,103.43878,36.482,0.3444,0.2356,2,False,running
4c5679641a,formation_4_gate_rejoin,180,36.0,1784498000,completion_astar,finish_first,r01,r01,True,center,member,local,3,3,7.33781,-0.64244,-0.34732,0.37822,0.27094,938,1000,104,31,0,0,0000,---,False,0.36249,-0.11402,0.37822,0.27094,7.78599,-0.55685,cached_path_to_final_target,w,"$1,0,0,0,0,0,0,0,0#",19000,20000,Set tank.c app_speed/duty level to the logged pwm before sending the move key/protocol command; e=stop.,8.60134,25.22139,41,16,0,0.17367,-0.21234,4.47315,8.49803,-0.03362,3.5021,8.5268,8.498,1.85254,6,-0.2139,54,0,104.17288,36.75827,0.3453,0.2361,2,False,running
4c5679641a,formation_4_gate_rejoin,180,36.0,1784498000,completion_astar,finish_first,r02,r02,True,center,member,local,3,3,9.66925,-0.40283,0.07575,0.3116,-0.0,820,820,166,194,0,0,0000,---,False,0.31071,0.02358,0.3116,-0.0,10.1299,-0.36787,cached_path_to_final_target,w,"$1,0,0,0,0,0,0,0,0#",16000,16000,Set tank.c app_speed/duty level to the logged pwm before sending the move key/protocol command; e=stop.,9.77204,26.95291,40,12,0,0.14259,-0.21392,2.54805,8.49803,-0.03362,3.5021,8.5268,8.498,1.85254,6,-0.2139,54,0,104.17288,36.75827,0.3453,0.2361,2,False,running
4c5679641a,formation_4_gate_rejoin,180,36.0,1784498000,completion_astar,finish_first,r03,r03,True,upper,member,local,3,3,7.03129,0.56441,0.67253,0.37992,-0.05794,1000,988,-95,26,0,0,0000,---,False,0.2994,0.23401,0.37992,-0.05794,7.49835,0.49159,cached_path_to_final_target,w,"$1,0,0,0,0,0,0,0,0#",20000,20000,Set tank.c app_speed/duty level to the logged pwm before sending the move key/protocol command; e=stop.,8.33227,24.34151,41,16,0,0.16258,-0.21234,4.77189,8.49803,-0.03362,3.5021,8.5268,8.498,1.85254,6,-0.2139,54,0,104.17288,36.75827,0.3453,0.2361,2,False,running
4c5679641a,formation_4_gate_rejoin,180,36.0,1784498000,completion_astar,finish_first,r04,r04,True,center,member,local,1,3,9.95378,0.34638,-0.06037,0.3116,0.0,820,820,-169,222,0,0,0000,---,False,0.31103,-0.0188,0.3116,0.0,10.41491,0.31851,cached_path_to_final_target,w,"$1,0,0,0,0,0,0,0,0#",16000,16000,Set tank.c app_speed/duty level to the logged pwm before sending the move key/protocol command; e=stop.,10.05262,27.65708,40,12,0,0.14937,-0.21392,2.26034,8.49803,-0.03362,3.5021,8.5268,8.498,1.85254,6,-0.2139,54,0,104.17288,36.75827,0.3453,0.2361,2,False,running
4c5679641a,formation_4_gate_rejoin,181,36.2,1784498200,completion_astar,finish_first,r01,r01,True,center,member,local,3,3,7.41033,-0.66309,-0.27731,0.37703,0.35006,918,1000,107,33,0,0,0000,---,False,0.37065,-0.08378,0.37703,0.35006,7.85616,-0.57948,path_to_final_target,a,"$3,0,0,0,0,0,0,0,0#",18000,20000,Set tank.c app_speed/duty level to the logged pwm before sending the move key/protocol command; e=stop.,8.67674,25.41558,41,16,0,0.17367,-0.21234,4.40304,8.56269,-0.02765,3.4374,8.5917,8.5627,1.85901,6,-0.2139,54,0,104.89487,37.0339,0.3445,0.2365,2,False,running
4c5679641a,formation_4_gate_rejoin,181,36.2,1784498200,completion_astar,finish_first,r02,r02,True,center,member,local,2,3,9.73139,-0.39811,0.07575,0.3116,-0.0,820,820,166,200,0,0,0000,---,False,0.31071,0.02358,0.3116,-0.0,10.19204,-0.36315,path_to_final_target,w,"$1,0,0,0,0,0,0,0,0#",16000,16000,Set tank.c app_speed/duty level to the logged pwm before sending the move key/protocol command; e=stop.,9.83436,27.11816,40,12,0,0.14259,-0.21392,2.48573,8.56269,-0.02765,3.4374,8.5917,8.5627,1.85901,6,-0.2139,54,0,104.89487,37.0339,0.3445,0.2365,2,False,running
4c5679641a,formation_4_gate_rejoin,181,36.2,1784498200,completion_astar,finish_first,r03,r03,True,upper,member,local,3,3,7.09306,0.60798,0.61432,0.37795,-0.29107,1000,933,-98,28,0,0,0000,---,False,0.32021,0.20461,0.37795,-0.29107,7.55604,0.51392,path_to_final_target,w,"$1,0,0,0,0,0,0,0,0#",20000,19000,Set tank.c app_speed/duty level to the logged pwm before sending the move key/protocol command; e=stop.,8.40786,24.53881,41,16,0,0.16258,-0.21234,4.71377,8.56269,-0.02765,3.4374,8.5917,8.5627,1.85901,6,-0.2139,54,0,104.89487,37.0339,0.3445,0.2365,2,False,running
4c5679641a,formation_4_gate_rejoin,181,36.2,1784498200,completion_astar,finish_first,r04,r04,True,center,member,local,1,3,10.01599,0.34262,-0.06037,0.3116,0.0,820,820,-169,228,0,0,0000,---,False,0.31103,-0.0188,0.3116,0.0,10.47712,0.31475,path_to_final_target,w,"$1,0,0,0,0,0,0,0,0#",16000,16000,Set tank.c app_speed/duty level to the logged pwm before sending the move key/protocol command; e=stop.,10.11494,27.82232,40,12,0,0.14937,-0.21392,2.19802,8.56269,-0.02765,3.4374,8.5917,8.5627,1.85901,6,-0.2139,54,0,104.89487,37.0339,0.3445,0.2365,2,False,running
4c5679641a,formation_4_gate_rejoin,182,36.4,1784498400,completion_astar,finish_first,r01,r01,True,center,member,local,3,3,7.48412,-0.67825,-0.20272,0.37663,0.37297,913,1000,109,34,0,0,0000,---,False,0.37606,-0.05457,0.37663,0.37297,7.92773,-0.59831,cached_path_to_final_target,a,"$3,0,0,0,0,0,0,0,0#",18000,20000,Set tank.c app_speed/duty level to the logged pwm before sending the move key/protocol command; e=stop.,8.75207,25.60865,41,16,0,0.17367,-0.21234,4.33127,8.62837,-0.0215,3.3717,8.6577,8.6284,1.86276,6,-0.2139,54,0,105.61219,37.30922,0.3441,0.237,1,False,running
4c5679641a,formation_4_gate_rejoin,182,36.4,1784498400,completion_astar,finish_first,r02,r02,True,center,member,local,2,3,9.79354,-0.3934,0.07575,0.3116,-0.0,820,820,166,206,0,0,0000,---,False,0.31071,0.02358,0.3116,-0.0,10.25418,-0.35844,cached_path_to_final_target,w,"$1,0,0,0,0,0,0,0,0#",16000,16000,Set tank.c app_speed/duty level to the logged pwm before sending the move key/protocol command; e=stop.,9.89668,27.2834,40,12,0,0.14259,-0.21392,2.42341,8.62837,-0.0215,3.3717,8.6577,8.6284,1.86276,6,-0.2139,54,0,105.61219,37.30922,0.3441,0.237,1,False,running
4c5679641a,formation_4_gate_rejoin,182,36.4,1784498400,completion_astar,finish_first,r03,r03,True,center,member,local,3,3,7.15765,0.64679,0.541,0.37675,-0.36658,1000,914,-100,31,0,0,0000,---,False,0.33646,0.17662,0.37675,-0.36658,7.61628,0.5472,cached_path_to_final_target,d,"$4,0,0,0,0,0,0,0,0#",20000,18000,Set tank.c app_speed/duty level to the logged pwm before sending the move key/protocol command; e=stop.,8.48321,24.73257,41,16,0,0.16258,-0.21234,4.6529,8.62837,-0.0215,3.3717,8.6577,8.6284,1.86276,6,-0.2139,54,0,105.61219,37.30922,0.3441,0.237,1,False,running
4c5679641a,formation_4_gate_rejoin,182,36.4,1784498400,completion_astar,finish_first,r04,r04,True,center,member,local,1,3,10.07819,0.33886,-0.06037,0.3116,0.0,820,820,-169,234,0,0,0000,---,False,0.31103,-0.0188,0.3116,0.0,10.53932,0.31099,cached_path_to_final_target,w,"$1,0,0,0,0,0,0,0,0#",16000,16000,Set tank.c app_speed/duty level to the logged pwm before sending the move key/protocol command; e=stop.,10.17726,27.98757,40,12,0,0.14937,-0.21392,2.1357,8.62837,-0.0215,3.3717,8.6577,8.6284,1.86276,6,-0.2139,54,0,105.61219,37.30922,0.3441,0.237,1,False,running
4c5679641a,formation_4_gate_rejoin,183,36.6,1784498600,completion_astar,finish_first,r01,r01,True,center,member,local,3,3,7.55883,-0.68789,-0.12826,0.37665,0.37228,913,1000,110,35,0,0,0000,---,False,0.37908,-0.02649,0.37665,0.37228,8.00064,-0.61257,cached_path_to_final_target,a,"$3,0,0,0,0,0,0,0,0#",18000,20000,Set tank.c app_speed/duty level to the logged pwm before sending the move key/protocol command; e=stop.,8.8274,25.80146,41,16,0,0.17367,-0.21234,4.25807,8.69497,-0.01525,3.3051,8.7245,8.695,1.86362,6,-0.2139,54,0,106.32812,37.58447,0.3441,0.2376,1,False,running
4c5679641a,formation_4_gate_rejoin,183,36.6,1784498600,completion_astar,finish_first,r02,r02,True,center,member,local,1,3,9.85568,-0.38868,0.07575,0.3116,-0.0,820,820,167,213,0,0,0000,---,False,0.31071,0.02358,0.3116,-0.0,10.31632,-0.35372,cached_path_to_final_target,w,"$1,0,0,0,0,0,0,0,0#",16000,16000,Set tank.c app_speed/duty level to the logged pwm before sending the move key/protocol command; e=stop.,9.959,27.44865,40,12,0,0.14259,-0.21392,2.36109,8.69497,-0.01525,3.3051,8.7245,8.695,1.86362,6,-0.2139,54,0,106.32812,37.58447,0.3441,0.2376,1,False,running
4c5679641a,formation_4_gate_rejoin,183,36.6,1784498600,completion_astar,finish_first,r03,r03,True,center,member,local,3,3,7.22498,0.68047,0.46382,0.3764,-0.38591,1000,909,-102,34,0,0,0000,---,False,0.34953,0.14909,0.3764,-0.38591,7.67923,0.5807,cached_path_to_final_target,d,"$4,0,0,0,0,0,0,0,0#",20000,18000,Set tank.c app_speed/duty level to the logged pwm before sending the move key/protocol command; e=stop.,8.55849,24.92519,41,16,0,0.16258,-0.21234,4.5892,8.69497,-0.01525,3.3051,8.7245,8.695,1.86362,6,-0.2139,54,0,106.32812,37.58447,0.3441,0.2376,1,False,running
4c5679641a,formation_4_gate_rejoin,183,36.6,1784498600,completion_astar,finish_first,r04,r04,True,center,member,local,1,3,10.1404,0.3351,-0.06037,0.3116,0.0,820,820,-170,241,0,0,0000,---,False,0.31103,-0.0188,0.3116,0.0,10.60153,0.30723,cached_path_to_final_target,w,"$1,0,0,0,0,0,0,0,0#",16000,16000,Set tank.c app_speed/duty level to the logged pwm before sending the move key/protocol command; e=stop.,10.23958,28.15281,40,12,0,0.14937,-0.21392,2.07338,8.69497,-0.01525,3.3051,8.7245,8.695,1.86362,6,-0.2139,54,0,106.32812,37.58447,0.3441,0.2376,1,False,running
4c5679641a,formation_4_gate_rejoin,184,36.8,1784498800,completion_astar,finish_first,r01,r01,True,center,member,local,3,3,7.63408,-0.6921,-0.05589,0.37683,0.36186,915,1000,112,36,0,0,0000,---,False,0.38,0.00037,0.37683,0.36186,8.07464,-0.62201,cached_path_to_final_target,a,"$3,0,0,0,0,0,0,0,0#",18000,20000,Set tank.c app_speed/duty level to the logged pwm before sending the move key/protocol command; e=stop.,8.90277,25.99459,41,16,0,0.17367,-0.21234,4.18379,8.7623,-0.00896,3.2377,8.7922,8.7623,1.86162,6,-0.2139,54,0,107.04416,37.85976,0.3441,0.2381,1,False,running
4c5679641a,formation_4_gate_rejoin,184,36.8,1784498800,completion_astar,finish_first,r02,r02,True,center,member,local,1,3,9.91782,-0.38396,0.07575,0.3116,-0.0,820,820,167,219,0,0,0000,---,False,0.31071,0.02358,0.3116,-0.0,10.37847,-0.349,cached_path_to_final_target,w,"$1,0,0,0,0,0,0,0,0#",16000,16000,Set tank.c app_speed/duty level to the logged pwm before sending the move key/protocol command; e=stop.,10.02132,27.6139,40,12,0,0.14259,-0.21392,2.29877,8.7623,-0.00896,3.2377,8.7922,8.7623,1.86162,6,-0.2139,54,0,107.04416,37.85976,0.3441,0.2381,1,False,running
4c5679641a,formation_4_gate_rejoin,184,36.8,1784498800,completion_astar,finish_first,r03,r03,True,center,member,local,3,3,7.2947,0.70886,0.38681,0.37641,-0.38504,1000,909,-104,37,0,0,0000,---,False,0.35995,0.12181,0.37641,-0.38504,7.74492,0.611,cached_path_to_final_target,d,"$4,0,0,0,0,0,0,0,0#",20000,18000,Set tank.c app_speed/duty level to the logged pwm before sending the move key/protocol command; e=stop.,8.63377,25.11761,41,16,0,0.16258,-0.21234,4.5229,8.7623,-0.00896,3.2377,8.7922,8.7623,1.86162,6,-0.2139,54,0,107.04416,37.85976,0.3441,0.2381,1,False,running
4c5679641a,formation_4_gate_rejoin,184,36.8,1784498800,completion_astar,finish_first,r04,r04,True,center,member,local,1,3,10.20261,0.33134,-0.06037,0.3116,0.0,820,820,-170,247,0,0,0000,---,False,0.31103,-0.0188,0.3116,0.0,10.66374,0.30347,cached_path_to_final_target,w,"$1,0,0,0,0,0,0,0,0#",16000,16000,Set tank.c app_speed/duty level to the logged pwm before sending the move key/protocol command; e=stop.,10.3019,28.31806,40,12,0,0.14937,-0.21392,2.01106,8.7623,-0.00896,3.2377,8.7922,8.7623,1.86162,6,-0.2139,54,0,107.04416,37.85976,0.3441,0.2381,1,False,running
4c5679641a,formation_4_gate_rejoin,185,37.0,1784499000,completion_astar,finish_first,r01,r01,True,center,member,local,3,3,7.70948,-0.69107,0.01363,0.37708,0.34756,919,1000,113,36,0,0,0000,---,False,0.37912,0.02591,0.37708,0.34756,8.14937,-0.62663,path_to_final_target,a,"$3,0,0,0,0,0,0,0,0#",18000,20000,Set tank.c app_speed/duty level to the logged pwm before sending the move key/protocol command; e=stop.,8.97818,26.18816,41,16,0,0.17367,-0.21234,4.10878,8.83016,-0.0027,3.1698,8.8603,8.8302,1.85695,6,-0.2139,54,0,107.76102,38.13513,0.3442,0.2387,1,False,running
4c5679641a,formation_4_gate_rejoin,185,37.0,1784499000,completion_astar,finish_first,r02,r02,True,center,member,local,1,3,9.97996,-0.37925,0.07575,0.3116,-0.0,820,820,167,225,0,0,0000,---,False,0.31071,0.02358,0.3116,-0.0,10.44061,-0.34429,path_to_final_target,w,"$1,0,0,0,0,0,0,0,0#",16000,16000,Set tank.c app_speed/duty level to the logged pwm before sending the move key/protocol command; e=stop.,10.08364,27.77914,40,12,0,0.14259,-0.21392,2.23645,8.83016,-0.0027,3.1698,8.8603,8.8302,1.85695,6,-0.2139,54,0,107.76102,38.13513,0.3442,0.2387,1,False,running
4c5679641a,formation_4_gate_rejoin,185,37.0,1784499000,completion_astar,finish_first,r03,r03,True,center,member,local,3,3,7.36638,0.73195,0.31148,0.37657,-0.37667,1000,912,-105,40,0,0,0000,---,False,0.36797,0.09486,0.37657,-0.37667,7.81311,0.63696,path_to_final_target,d,"$4,0,0,0,0,0,0,0,0#",20000,18000,Set tank.c app_speed/duty level to the logged pwm before sending the move key/protocol command; e=stop.,8.70909,25.31041,41,16,0,0.16258,-0.21234,4.4543,8.83016,-0.0027,3.1698,8.8603,8.8302,1.85695,6,-0.2139,54,0,107.76102,38.13513,0.3442,0.2387,1,False,running
4c5679641a,formation_4_gate_rejoin,185,37.0,1784499000,completion_astar,finish_first,r04,r04,True,center,member,local,1,3,10.26481,0.32758,-0.06037,0.3116,0.0,820,820,-170,253,0,0,0000,---,False,0.31103,-0.0188,0.3116,0.0,10.72594,0.29971,path_to_final_target,w,"$1,0,0,0,0,0,0,0,0#",16000,16000,Set tank.c app_speed/duty level to the logged pwm before sending the move key/protocol command; e=stop.,10.36422,28.48331,40,12,0,0.14937,-0.21392,1.94874,8.83016,-0.0027,3.1698,8.8603,8.8302,1.85695,6,-0.2139,54,0,107.76102,38.13513,0.3442,0.2387,1,False,running
4c5679641a,formation_4_gate_rejoin,186,37.2,1784499200,completion_astar,finish_first,r01,r01,True,center,member,local,3,3,7.78471,-0.68504,0.08,0.37733,0.33186,923,1000,115,38,0,0,0000,---,False,0.37669,0.05007,0.37733,0.33186,8.2245,-0.62658,cached_path_to_final_target,a,"$3,0,0,0,0,0,0,0,0#",18000,20000,Set tank.c app_speed/duty level to the logged pwm before sending the move key/protocol command; e=stop.,9.05365,26.38215,41,16,0,0.17367,-0.21234,4.03336,8.89836,0.0035,3.1016,8.9288,8.8984,1.84981,6,-0.2139,54,0,108.47864,38.41059,0.3443,0.2392,1,False,running
4c5679641a,formation_4_gate_rejoin,186,37.2,1784499200,completion_astar,finish_first,r02,r02,True,center,member,local,1,3,10.0421,-0.37453,0.07575,0.3116,-0.0,820,820,168,231,0,0,0000,---,False,0.31071,0.02358,0.3116,-0.0,10.50275,-0.33957,cached_path_to_final_target,w,"$1,0,0,0,0,0,0,0,0#",16000,16000,Set tank.c app_speed/duty level to the logged pwm before sending the move key/protocol command; e=stop.,10.14596,27.94439,40,12,0,0.14259,-0.21392,2.17413,8.89836,0.0035,3.1016,8.9288,8.8984,1.84981,6,-0.2139,54,0,108.47864,38.41059,0.3443,0.2392,1,False,running
4c5679641a,formation_4_gate_rejoin,186,37.2,1784499200,completion_astar,finish_first,r03,r03,True,center,member,local,3,3,7.43961,0.74974,0.23841,0.37677,-0.36534,1000,915,-107,41,0,0,0000,---,False,0.37379,0.06841,0.37677,-0.36534,7.88345,0.65826,cached_path_to_final_target,d,"$4,0,0,0,0,0,0,0,0#",20000,18000,Set tank.c app_speed/duty level to the logged pwm before sending the move key/protocol command; e=stop.,8.78444,25.50355,41,16,0,0.16258,-0.21234,4.38375,8.89836,0.0035,3.1016,8.9288,8.8984,1.84981,6,-0.2139,54,0,108.47864,38.41059,0.3443,0.2392,1,False,running
4c5679641a,formation_4_gate_rejoin,186,37.2,1784499200,completion_astar,finish_first,r04,r04,True,center,member,local,1,3,10.32702,0.32382,-0.06037,0.3116,0.0,820,820,-170,259,0,0,0000,---,False,0.31103,-0.0188,0.3116,0.0,10.78815,0.29595,cached_path_to_final_target,w,"$1,0,0,0,0,0,0,0,0#",16000,16000,Set tank.c app_speed/duty level to the logged pwm before sending the move key/protocol command; e=stop.,10.42654,28.64855,40,12,0,0.14937,-0.21392,1.88642,8.89836,0.0035,3.1016,8.9288,8.8984,1.84981,6,-0.2139,54,0,108.47864,38.41059,0.3443,0.2392,1,False,running
4c5679641a,formation_4_gate_rejoin,187,37.4,1784499400,completion_astar,finish_first,r01,r01,True,center,member,local,3,3,7.85945,-0.67427,0.14317,0.37758,0.31586,927,1000,116,40,0,0,0000,---,False,0.37296,0.07281,0.37758,0.31586,8.29966,-0.62207,cached_path_to_final_target,w,"$1,0,0,0,0,0,0,0,0#",19000,20000,Set tank.c app_speed/duty level to the logged pwm before sending the move key/protocol command; e=stop.,9.12916,26.57654,41,16,0,0.17367,-0.21234,3.95787,8.96672,0.00958,3.0333,8.9974,8.9667,1.84048,6,-0.2139,54,0,109.19697,38.68614,0.3444,0.2398,1,False,running
4c5679641a,formation_4_gate_rejoin,187,37.4,1784499400,completion_astar,finish_first,r02,r02,True,center,member,local,1,3,10.10424,-0.36982,0.07575,0.3116,-0.0,820,820,168,237,0,0,0000,---,False,0.31071,0.02358,0.3116,-0.0,10.56489,-0.33486,cached_path_to_final_target,w,"$1,0,0,0,0,0,0,0,0#",16000,16000,Set tank.c app_speed/duty level to the logged pwm before sending the move key/protocol command; e=stop.,10.20828,28.10964,40,12,0,0.14259,-0.21392,2.11181,8.96672,0.00958,3.0333,8.9974,8.9667,1.84048,6,-0.2139,54,0,109.19697,38.68614,0.3444,0.2398,1,False,running
4c5679641a,formation_4_gate_rejoin,187,37.4,1784499400,completion_astar,finish_first,r03,r03,True,center,member,local,3,3,7.51395,0.76234,0.16786,0.37699,-0.35278,1000,918,-108,43,0,0,0000,---,False,0.3776,0.04263,0.37699,-0.35278,7.95552,0.67481,cached_path_to_final_target,d,"$4,0,0,0,0,0,0,0,0#",20000,18000,Set tank.c app_speed/duty level to the logged pwm before sending the move key/protocol command; e=stop.,8.85984,25.697,41,16,0,0.16258,-0.21234,4.31158,8.96672,0.00958,3.0333,8.9974,8.9667,1.84048,6,-0.2139,54,0,109.19697,38.68614,0.3444,0.2398,1,False,running
4c5679641a,formation_4_gate_rejoin,187,37.4,1784499400,completion_astar,finish_first,r04,r04,True,center,member,local,1,3,10.38923,0.32006,-0.06037,0.3116,0.0,820,820,-170,265,0,0,0000,---,False,0.31103,-0.0188,0.3116,0.0,10.85036,0.29219,cached_path_to_final_target,w,"$1,0,0,0,0,0,0,0,0#",16000,16000,Set tank.c app_speed/duty level to the logged pwm before sending the move key/protocol command; e=stop.,10.48886,28.8138,40,12,0,0.14937,-0.21392,1.8241,8.96672,0.00958,3.0333,8.9974,8.9667,1.84048,6,-0.2139,54,0,109.19697,38.68614,0.3444,0.2398,1,False,running
4c5679641a,formation_4_gate_rejoin,188,37.6,1784499600,completion_astar,finish_first,r01,r01,True,center,member,local,3,3,7.93346,-0.65902,0.20318,0.37782,0.30006,931,1000,117,42,0,0,0000,---,False,0.36816,0.09414,0.37782,0.30006,8.37455,-0.61336,cached_path_to_final_target,w,"$1,0,0,0,0,0,0,0,0#",19000,20000,Set tank.c app_speed/duty level to the logged pwm before sending the move key/protocol command; e=stop.,9.20473,26.77132,41,16,0,0.17367,-0.21234,3.88259,9.03507,0.01551,2.965,9.066,9.0351,1.82923,6,-0.2139,54,0,109.91601,38.96179,0.3446,0.2403,1,False,running
4c5679641a,formation_4_gate_rejoin,188,37.6,1784499600,completion_astar,finish_first,r02,r02,True,center,member,local,1,3,10.16638,-0.3651,0.07575,0.3116,-0.0,820,820,168,243,0,0,0000,---,False,0.31071,0.02358,0.3116,-0.0,10.62703,-0.33014,cached_path_to_final_target,w,"$1,0,0,0,0,0,0,0,0#",16000,16000,Set tank.c app_speed/duty level to the logged pwm before sending the move key/protocol command; e=stop.,10.2706,28.27488,40,12,0,0.14259,-0.21392,2.04949,9.03507,0.01551,2.965,9.066,9.0351,1.82923,6,-0.2139,54,0,109.91601,38.96179,0.3446,0.2403,1,False,running
4c5679641a,formation_4_gate_rejoin,188,37.6,1784499600,completion_astar,finish_first,r03,r03,True,center,member,local,3,3,7.58901,0.76986,0.09992,0.37721,-0.33967,1000,921,-110,43,0,0,0000,---,False,0.37959,0.01768,0.37721,-0.33967,8.02894,0.68667,cached_path_to_final_target,d,"$4,0,0,0,0,0,0,0,0#",20000,18000,Set tank.c app_speed/duty level to the logged pwm before sending the move key/protocol command; e=stop.,8.93528,25.89076,41,16,0,0.16258,-0.21234,4.23813,9.03507,0.01551,2.965,9.066,9.0351,1.82923,6,-0.2139,54,0,109.91601,38.96179,0.3446,0.2403,1,False,running
4c5679641a,formation_4_gate_rejoin,188,37.6,1784499600,completion_astar,finish_first,r04,r04,True,center,member,local,1,3,10.45143,0.3163,-0.06037,0.3116,0.0,820,820,-171,272,0,0,0000,---,False,0.31103,-0.0188,0.3116,0.0,10.91256,0.28843,cached_path_to_final_target,w,"$1,0,0,0,0,0,0,0,0#",16000,16000,Set tank.c app_speed/duty level to the logged pwm before sending the move key/protocol command; e=stop.,10.55118,28.97905,40,12,0,0.14937,-0.21392,1.76178,9.03507,0.01551,2.965,9.066,9.0351,1.82923,6,-0.2139,54,0,109.91601,38.96179,0.3446,0.2403,1,False,running
4c5679641a,formation_4_gate_rejoin,189,37.8,1784499800,completion_astar,finish_first,r01,r01,True,center,member,local,3,3,8.00653,-0.63957,0.26012,0.37804,0.28468,935,1000,119,45,0,0,0000,---,False,0.36248,0.11406,0.37804,0.28468,8.4489,-0.60072,path_to_final_target,w,"$1,0,0,0,0,0,0,0,0#",19000,20000,Set tank.c app_speed/duty level to the logged pwm before sending the move key/protocol command; e=stop.,9.28034,26.96651,41,16,0,0.17367,-0.21234,3.80778,9.10329,0.02127,2.8968,9.1345,9.1033,1.81637,6,-0.2139,54,0,110.63585,39.23752,0.3447,0.2408,1,False,running
4c5679641a,formation_4_gate_rejoin,189,37.8,1784499800,completion_astar,finish_first,r02,r02,True,center,member,local,1,3,10.22853,-0.36038,0.07575,0.3116,-0.0,820,820,168,250,0,0,0000,---,False,0.31071,0.02358,0.3116,-0.0,10.68917,-0.32542,path_to_final_target,w,"$1,0,0,0,0,0,0,0,0#",16000,16000,Set tank.c app_speed/duty level to the logged pwm before sending the move key/protocol command; e=stop.,10.33292,28.44013,40,12,0,0.14259,-0.21392,1.98717,9.10329,0.02127,2.8968,9.1345,9.1033,1.81637,6,-0.2139,54,0,110.63585,39.23752,0.3447,0.2408,1,False,running
4c5679641a,formation_4_gate_rejoin,189,37.8,1784499800,completion_astar,finish_first,r03,r03,True,center,member,local,3,3,7.66445,0.77248,0.03466,0.37742,-0.32632,1000,925,-111,44,0,0,0000,---,False,0.37995,-0.00632,0.37742,-0.32632,8.10331,0.69395,path_to_final_target,d,"$4,0,0,0,0,0,0,0,0#",20000,18000,Set tank.c app_speed/duty level to the logged pwm before sending the move key/protocol command; e=stop.,9.01076,26.08492,41,16,0,0.16258,-0.21234,4.16372,9.10329,0.02127,2.8968,9.1345,9.1033,1.81637,6,-0.2139,54,0,110.63585,39.23752,0.3447,0.2408,1,False,running
4c5679641a,formation_4_gate_rejoin,189,37.8,1784499800,completion_astar,finish_first,r04,r04,True,center,member,local,1,3,10.51364,0.31254,-0.06037,0.3116,0.0,820,820,-171,278,0,0,0000,---,False,0.31103,-0.0188,0.3116,0.0,10.97477,0.28467,path_to_final_target,w,"$1,0,0,0,0,0,0,0,0#",16000,16000,Set tank.c app_speed/duty level to the logged pwm before sending the move key/protocol command; e=stop.,10.6135,29.14429,40,12,0,0.14937,-0.21392,1.69946,9.10329,0.02127,2.8968,9.1345,9.1033,1.81637,6,-0.2139,54,0,110.63585,39.23752,0.3447,0.2408,1,False,running
4c5679641a,formation_4_gate_rejoin,190,38.0,1784500000,completion_astar,finish_first,r01,r01,True,center,member,local,3,3,8.07847,-0.6162,0.31409,0.37824,0.26987,939,1000,120,49,0,0,0000,---,False,0.35611,0.13262,0.37824,0.26987,8.52248,-0.5844,cached_path_to_final_target,w,"$1,0,0,0,0,0,0,0,0#",19000,20000,Set tank.c app_speed/duty level to the logged pwm before sending the move key/protocol command; e=stop.,9.35598,27.16208,41,16,0,0.17367,-0.21234,3.73369,9.17123,0.02682,2.8289,9.2027,9.1712,1.80222,6,-0.2139,54,0,111.35638,39.51333,0.3448,0.2413,1,False,running
4c5679641a,formation_4_gate_rejoin,190,38.0,1784500000,completion_astar,finish_first,r02,r02,True,center,member,local,1,3,10.29067,-0.35567,0.07575,0.3116,-0.0,820,820,169,256,0,0,0000,---,False,0.31071,0.02358,0.3116,-0.0,10.75131,-0.32071,cached_path_to_final_target,w,"$1,0,0,0,0,0,0,0,0#",16000,16000,Set tank.c app_speed/duty level to the logged pwm before sending the move key/protocol command; e=stop.,10.39524,28.60537,40,12,0,0.14259,-0.21392,1.92485,9.17123,0.02682,2.8289,9.2027,9.1712,1.80222,6,-0.2139,54,0,111.35638,39.51333,0.3448,0.2413,1,False,running
4c5679641a,formation_4_gate_rejoin,190,38.0,1784500000,completion_astar,finish_first,r03,r03,True,center,member,local,3,3,7.73995,0.77037,-0.02793,0.37763,-0.31294,1000,928,-112,45,0,0,0000,---,False,0.37887,-0.02927,0.37763,-0.31294,8.17827,0.69682,cached_path_to_final_target,w,"$1,0,0,0,0,0,0,0,0#",20000,19000,Set tank.c app_speed/duty level to the logged pwm before sending the move key/protocol command; e=stop.,9.08629,26.27938,41,16,0,0.16258,-0.21234,4.08864,9.17123,0.02682,2.8289,9.2027,9.1712,1.80222,6,-0.2139,54,0,111.35638,39.51333,0.3448,0.2413,1,False,running
4c5679641a,formation_4_gate_rejoin,190,38.0,1784500000,completion_astar,finish_first,r04,r04,True,center,member,local,1,3,10.57584,0.30878,-0.06037,0.3116,0.0,820,820,-171,284,0,0,0000,---,False,0.31103,-0.0188,0.3116,0.0,11.03697,0.28091,cached_path_to_final_target,w,"$1,0,0,0,0,0,0,0,0#",16000,16000,Set tank.c app_speed/duty level to the logged pwm before sending the move key/protocol command; e=stop.,10.67582,29.30954,40,12,0,0.14937,-0.21392,1.63714,9.17123,0.02682,2.8289,9.2027,9.1712,1.80222,6,-0.2139,54,0,111.35638,39.51333,0.3448,0.2413,1,False,running
4c5679641a,formation_4_gate_rejoin,191,38.2,1784500200,completion_astar,finish_first,r01,r01,True,center,member,local,3,3,8.14917,-0.58917,0.36523,0.37842,0.25568,942,1000,121,53,0,0,0000,---,False,0.3492,0.14987,0.37842,0.25568,8.59509,-0.5647,cached_path_to_final_target,w,"$1,0,0,0,0,0,0,0,0#",19000,20000,Set tank.c app_speed/duty level to the logged pwm before sending the move key/protocol command; e=stop.,9.43167,27.35795,41,16,0,0.17367,-0.21234,3.66052,9.23881,0.03216,2.7614,9.2705,9.2388,1.78711,6,-0.2139,54,0,112.0775,39.78922,0.3449,0.2419,1,False,running
4c5679641a,formation_4_gate_rejoin,191,38.2,1784500200,completion_astar,finish_first,r02,r02,True,center,member,local,1,3,10.35281,-0.35095,0.07575,0.3116,-0.0,820,820,169,262,0,0,0000,---,False,0.31071,0.02358,0.3116,-0.0,10.81345,-0.31599,cached_path_to_final_target,w,"$1,0,0,0,0,0,0,0,0#",16000,16000,Set tank.c app_speed/duty level to the logged pwm before sending the move key/protocol command; e=stop.,10.45756,28.77062,40,12,0,0.14259,-0.21392,1.86253,9.23881,0.03216,2.7614,9.2705,9.2388,1.78711,6,-0.2139,54,0,112.0775,39.78922,0.3449,0.2419,1,False,running
4c5679641a,formation_4_gate_rejoin,191,38.2,1784500200,completion_astar,finish_first,r03,r03,True,center,member,local,3,3,7.81522,0.76374,-0.08785,0.37783,-0.29962,1000,931,-113,46,0,0,0000,---,False,0.37655,-0.05112,0.37783,-0.29962,8.2535,0.69544,cached_path_to_final_target,w,"$1,0,0,0,0,0,0,0,0#",20000,19000,Set tank.c app_speed/duty level to the logged pwm before sending the move key/protocol command; e=stop.,9.16185,26.47414,41,16,0,0.16258,-0.21234,4.01317,9.23881,0.03216,2.7614,9.2705,9.2388,1.78711,6,-0.2139,54,0,112.0775,39.78922,0.3449,0.2419,1,False,running
4c5679641a,formation_4_gate_rejoin,191,38.2,1784500200,completion_astar,finish_first,r04,r04,True,center,member,local,1,3,10.63805,0.30502,-0.06037,0.3116,0.0,820,820,-171,290,0,0,0000,---,False,0.31103,-0.0188,0.3116,0.0,11.09918,0.27714,cached_path_to_final_target,w,"$1,0,0,0,0,0,0,0,0#",16000,16000,Set tank.c app_speed/duty level to the logged pwm before sending the move key/protocol command; e=stop.,10.73814,29.47479,40,12,0,0.14937,-0.21392,1.57482,9.23881,0.03216,2.7614,9.2705,9.2388,1.78711,6,-0.2139,54,0,112.0775,39.78922,0.3449,0.2419,1,False,running
4c5679641a,formation_4_gate_rejoin,192,38.4,1784500400,completion_astar,finish_first,r01,r01,True,center,member,local,3,3,8.2185,-0.55873,0.41366,0.37858,0.24216,945,1000,122,57,0,0,0000,---,False,0.34189,0.16587,0.37858,0.24216,8.66657,-0.54188,cached_path_to_final_target,w,"$1,0,0,0,0,0,0,0,0#",19000,20000,Set tank.c app_speed/duty level to the logged pwm before sending the move key/protocol command; e=stop.,9.50738,27.55412,41,16,0,0.17367,-0.21234,3.58849,9.30593,0.03727,2.6943,9.3378,9.3059,1.77137,6,-0.2139,54,0,112.79921,40.06518,0.3449,0.2423,1,False,running
4c5679641a,formation_4_gate_rejoin,192,38.4,1784500400,completion_astar,finish_first,r02,r02,True,center,member,local,1,3,10.41495,-0.34624,0.07575,0.3116,-0.0,820,820,169,268,0,0,0000,---,False,0.31071,0.02358,0.3116,-0.0,10.8756,-0.31127,cached_path_to_final_target,w,"$1,0,0,0,0,0,0,0,0#",16000,16000,Set tank.c app_speed/duty level to the logged pwm before sending the move key/protocol command; e=stop.,10.51988,28.93587,40,12,0,0.14259,-0.21392,1.80021,9.30593,0.03727,2.6943,9.3378,9.3059,1.77137,6,-0.2139,54,0,112.79921,40.06518,0.3449,0.2423,1,False,running
4c5679641a,formation_4_gate_rejoin,192,38.4,1784500400,completion_astar,finish_first,r03,r03,True,center,member,local,3,3,7.89003,0.7528,-0.14515,0.37801,-0.28649,1000,934,-115,48,0,0,0000,---,False,0.37315,-0.07183,0.37801,-0.28649,8.32872,0.69003,cached_path_to_final_target,w,"$1,0,0,0,0,0,0,0,0#",20000,19000,Set tank.c app_speed/duty level to the logged pwm before sending the move key/protocol command; e=stop.,9.23746,26.6692,41,16,0,0.16258,-0.21234,3.93757,9.30593,0.03727,2.6943,9.3378,9.3059,1.77137,6,-0.2139,54,0,112.79921,40.06518,0.3449,0.2423,1,False,running
4c5679641a,formation_4_gate_rejoin,192,38.4,1784500400,completion_astar,finish_first,r04,r04,True,center,member,local,1,3,10.70026,0.30126,-0.06037,0.3116,0.0,820,820,-171,297,0,0,0000,---,False,0.31103,-0.0188,0.3116,0.0,11.16139,0.27338,cached_path_to_final_target,w,"$1,0,0,0,0,0,0,0,0#",16000,16000,Set tank.c app_speed/duty level to the logged pwm before sending the move key/protocol command; e=stop.,10.80046,29.64003,40,12,0,0.14937,-0.21392,1.5125,9.30593,0.03727,2.6943,9.3378,9.3059,1.77137,6,-0.2139,54,0,112.79921,40.06518,0.3449,0.2423,1,False,running
4c5679641a,formation_4_gate_rejoin,193,38.6,1784500600,completion_astar,finish_first,r01,r01,True,center,member,local,3,3,8.28638,-0.52514,0.45952,0.37873,0.22932,948,1000,123,62,0,0,0000,---,False,0.33429,0.1807,0.37873,0.22932,8.73679,-0.51619,path_to_final_target,w,"$1,0,0,0,0,0,0,0,0#",19000,20000,Set tank.c app_speed/duty level to the logged pwm before sending the move key/protocol command; e=stop.,9.58313,27.75057,41,16,0,0.17367,-0.21234,3.51776,9.37252,0.04216,2.6278,9.4045,9.3725,1.75534,6,-0.2139,54,0,113.52162,40.3412,0.345,0.2428,1,False,running
4c5679641a,formation_4_gate_rejoin,193,38.6,1784500600,completion_astar,finish_first,r02,r02,True,center,member,local,1,3,10.47709,-0.34152,0.07575,0.3116,-0.0,820,820,169,274,0,0,0000,---,False,0.31071,0.02358,0.3116,-0.0,10.93774,-0.30656,path_to_final_target,w,"$1,0,0,0,0,0,0,0,0#",16000,16000,Set tank.c app_speed/duty level to the logged pwm before sending the move key/protocol command; e=stop.,10.5822,29.10111,40,12,0,0.14259,-0.21392,1.73789,9.37252,0.04216,2.6278,9.4045,9.3725,1.75534,6,-0.2139,54,0,113.52162,40.3412,0.345,0.2428,1,False,running
4c5679641a,formation_4_gate_rejoin,193,38.6,1784500600,completion_astar,finish_first,r03,r03,True,center,member,local,3,3,7.96416,0.73779,-0.19987,0.37819,-0.2736,1000,938,-116,50,0,0,0000,---,False,0.36885,-0.09138,0.37819,-0.2736,8.40365,0.6808,path_to_final_target,w,"$1,0,0,0,0,0,0,0,0#",20000,19000,Set tank.c app_speed/duty level to the logged pwm before sending the move key/protocol command; e=stop.,9.31309,26.86465,41,16,0,0.16258,-0.21234,3.86207,9.37252,0.04216,2.6278,9.4045,9.3725,1.75534,6,-0.2139,54,0,113.52162,40.3412,0.345,0.2428,1,False,running
4c5679641a,formation_4_gate_rejoin,193,38.6,1784500600,completion_astar,finish_first,r04,r04,True,center,member,local,1,3,10.76246,0.2975,-0.06037,0.3116,0.0,820,820,-171,303,0,0,0000,---,False,0.31103,-0.0188,0.3116,0.0,11.22359,0.26962,path_to_final_target,w,"$1,0,0,0,0,0,0,0,0#",16000,16000,Set tank.c app_speed/duty level to the logged pwm before sending the move key/protocol command; e=stop.,10.86278,29.80528,40,12,0,0.14937,-0.21392,1.45018,9.37252,0.04216,2.6278,9.4045,9.3725,1.75534,6,-0.2139,54,0,113.52162,40.3412,0.345,0.2428,1,False,running
4c5679641a,formation_4_gate_rejoin,194,38.8,1784500800,completion_astar,finish_first,r01,r01,True,center,member,local,3,3,8.35277,-0.48862,0.50296,0.37886,0.21717,951,1000,124,66,0,0,0000,---,False,0.3265,0.19442,0.37886,0.21717,8.80566,-0.4879,cached_path_to_final_target,w,"$1,0,0,0,0,0,0,0,0#",19000,20000,Set tank.c app_speed/duty level to the logged pwm before sending the move key/protocol command; e=stop.,9.6589,27.94732,41,16,0,0.17367,-0.21234,3.4485,9.43853,0.04681,2.5619,9.4707,9.4385,1.73934,6,-0.2139,54,0,114.24461,40.61728,0.3451,0.2433,1,False,running
4c5679641a,formation_4_gate_rejoin,194,38.8,1784500800,completion_astar,finish_first,r02,r02,True,center,member,local,1,3,10.53923,-0.3368,0.07575,0.3116,-0.0,820,820,170,281,0,0,0000,---,False,0.31071,0.02358,0.3116,-0.0,10.99988,-0.30184,cached_path_to_final_target,w,"$1,0,0,0,0,0,0,0,0#",16000,16000,Set tank.c app_speed/duty level to the logged pwm before sending the move key/protocol command; e=stop.,10.64452,29.26636,40,12,0,0.14259,-0.21392,1.67557,9.43853,0.04681,2.5619,9.4707,9.4385,1.73934,6,-0.2139,54,0,114.24461,40.61728,0.3451,0.2433,1,False,running
4c5679641a,formation_4_gate_rejoin,194,38.8,1784500800,completion_astar,finish_first,r03,r03,True,center,member,local,3,3,8.03744,0.71891,-0.25208,0.37835,-0.26102,1000,941,-117,53,0,0,0000,---,False,0.36379,-0.10979,0.37835,-0.26102,8.47809,0.66798,cached_path_to_final_target,w,"$1,0,0,0,0,0,0,0,0#",20000,19000,Set tank.c app_speed/duty level to the logged pwm before sending the move key/protocol command; e=stop.,9.38876,27.0604,41,16,0,0.16258,-0.21234,3.78691,9.43853,0.04681,2.5619,9.4707,9.4385,1.73934,6,-0.2139,54,0,114.24461,40.61728,0.3451,0.2433,1,False,running
4c5679641a,formation_4_gate_rejoin,194,38.8,1784500800,completion_astar,finish_first,r04,r04,True,center,member,local,1,3,10.82467,0.29374,-0.06037,0.3116,0.0,820,820,-172,309,0,0,0000,---,False,0.31103,-0.0188,0.3116,0.0,11.2858,0.26586,cached_path_to_final_target,w,"$1,0,0,0,0,0,0,0,0#",16000,16000,Set tank.c app_speed/duty level to the logged pwm before sending the move key/protocol command; e=stop.,10.9251,29.97053,40,12,0,0.14937,-0.21392,1.38786,9.43853,0.04681,2.5619,9.4707,9.4385,1.73934,6,-0.2139,54,0,114.24461,40.61728,0.3451,0.2433,1,False,running
4c5679641a,formation_4_gate_rejoin,195,39.0,1784501000,completion_astar,finish_first,r01,r01,True,center,member,local,3,3,8.41762,-0.44938,0.5441,0.37898,0.2057,954,1000,125,71,0,0,0000,---,False,0.3186,0.20711,0.37898,0.2057,8.87308,-0.45724,cached_path_to_final_target,w,"$1,0,0,0,0,0,0,0,0#",19000,20000,Set tank.c app_speed/duty level to the logged pwm before sending the move key/protocol command; e=stop.,9.73469,28.14436,41,16,0,0.17367,-0.21234,3.38086,9.5039,0.05123,2.4966,9.5362,9.5039,1.72372,6,-0.2139,54,0,114.96819,40.89342,0.3452,0.2437,1,False,running
4c5679641a,formation_4_gate_rejoin,195,39.0,1784501000,completion_astar,finish_first,r02,r02,True,center,member,local,1,3,10.60137,-0.33209,0.07575,0.3116,-0.0,820,820,170,287,0,0,0000,---,False,0.31071,0.02358,0.3116,-0.0,11.06202,-0.29713,cached_path_to_final_target,w,"$1,0,0,0,0,0,0,0,0#",16000,16000,Set tank.c app_speed/duty level to the logged pwm before sending the move key/protocol command; e=stop.,10.70684,29.43161,40,12,0,0.14259,-0.21392,1.61325,9.5039,0.05123,2.4966,9.5362,9.5039,1.72372,6,-0.2139,54,0,114.96819,40.89342,0.3452,0.2437,1,False,running
4c5679641a,formation_4_gate_rejoin,195,39.0,1784501000,completion_astar,finish_first,r03,r03,True,center,member,local,3,3,8.10972,0.69641,-0.30184,0.3785,-0.24881,1000,944,-118,57,0,0,0000,---,False,0.35813,-0.12706,0.3785,-0.24881,8.55183,0.6518,cached_path_to_final_target,w,"$1,0,0,0,0,0,0,0,0#",20000,19000,Set tank.c app_speed/duty level to the logged pwm before sending the move key/protocol command; e=stop.,9.46446,27.25645,41,16,0,0.16258,-0.21234,3.71229,9.5039,0.05123,2.4966,9.5362,9.5039,1.72372,6,-0.2139,54,0,114.96819,40.89342,0.3452,0.2437,1,False,running
4c5679641a,formation_4_gate_rejoin,195,39.0,1784501000,completion_astar,finish_first,r04,r04,True,center,member,local,1,3,10.88688,0.28998,-0.06037,0.3116,0.0,820,820,-172,315,0,0,0000,---,False,0.31103,-0.0188,0.3116,0.0,11.34801,0.2621,cached_path_to_final_target,w,"$1,0,0,0,0,0,0,0,0#",16000,16000,Set tank.c app_speed/duty level to the logged pwm before sending the move key/protocol command; e=stop.,10.98742,30.13577,40,12,0,0.14937,-0.21392,1.32554,9.5039,0.05123,2.4966,9.5362,9.5039,1.72372,6,-0.2139,54,0,114.96819,40.89342,0.3452,0.2437,1,False,running
4c5679641a,formation_4_gate_rejoin,196,39.2,1784501200,completion_astar,finish_first,r01,r01,True,center,member,local,3,3,8.48091,-0.40764,0.58308,0.37908,0.19491,957,1000,126,76,0,0,0000,---,False,0.31066,0.21884,0.37908,0.19491,8.93899,-0.42443,cached_path_to_final_target,w,"$1,0,0,0,0,0,0,0,0#",19000,20000,Set tank.c app_speed/duty level to the logged pwm before sending the move key/protocol command; e=stop.,9.81051,28.34169,41,16,0,0.17367,-0.21234,3.31499,9.5686,0.05543,2.432,9.6011,9.5686,1.7088,6,-0.2139,54,0,115.69236,41.1696,0.3452,0.2441,1,False,running
4c5679641a,formation_4_gate_rejoin,196,39.2,1784501200,completion_astar,finish_first,r02,r02,True,center,member,local,1,3,10.66351,-0.32737,0.07575,0.3116,-0.0,820,820,170,293,0,0,0000,---,False,0.31071,0.02358,0.3116,-0.0,11.12416,-0.29241,cached_path_to_final_target,w,"$1,0,0,0,0,0,0,0,0#",16000,16000,Set tank.c app_speed/duty level to the logged pwm before sending the move key/protocol command; e=stop.,10.76916,29.59685,40,12,0,0.14259,-0.21392,1.55093,9.5686,0.05543,2.432,9.6011,9.5686,1.7088,6,-0.2139,54,0,115.69236,41.1696,0.3452,0.2441,1,False,running
4c5679641a,formation_4_gate_rejoin,196,39.2,1784501200,completion_astar,finish_first,r03,r03,True,center,member,local,3,3,8.18087,0.6705,-0.34924,0.37864,-0.237,1000,947,-119,60,0,0,0000,---,False,0.35197,-0.14323,0.37864,-0.237,8.62473,0.63249,cached_path_to_final_target,w,"$1,0,0,0,0,0,0,0,0#",20000,19000,Set tank.c app_speed/duty level to the logged pwm before sending the move key/protocol command; e=stop.,9.54019,27.4528,41,16,0,0.16258,-0.21234,3.63839,9.5686,0.05543,2.432,9.6011,9.5686,1.7088,6,-0.2139,54,0,115.69236,41.1696,0.3452,0.2441,1,False,running
4c5679641a,formation_4_gate_rejoin,196,39.2,1784501200,completion_astar,finish_first,r04,r04,True,center,member,local,1,3,10.94908,0.28622,-0.06037,0.3116,-0.0,820,820,-172,321,0,0,0000,---,False,0.31103,-0.0188,0.3116,-0.0,11.41021,0.25834,cached_path_to_final_target,w,"$1,0,0,0,0,0,0,0,0#",16000,16000,Set tank.c app_speed/duty level to the logged pwm before sending the move key/protocol command; e=stop.,11.04974,30.30102,40,12,0,0.14937,-0.21392,1.26322,9.5686,0.05543,2.432,9.6011,9.5686,1.7088,6,-0.2139,54,0,115.69236,41.1696,0.3452,0.2441,1,False,running
4c5679641a,formation_4_gate_rejoin,197,39.4,1784501400,completion_astar,finish_first,r01,r01,True,center,member,local,3,3,8.53043,-0.38658,0.40206,0.26908,-0.90509,899,518,138,81,0,0,0000,---,False,0.31142,0.0107,0.26908,-0.90509,9.00335,-0.38968,path_to_final_target,d,"$4,0,0,0,0,0,0,0,0#",18000,10000,Set tank.c app_speed/duty level to the logged pwm before sending the move key/protocol command; e=stop.,9.86433,28.50427,41,16,0,0.17367,-0.21234,3.26434,9.62955,0.05365,2.3711,9.662,9.6295,1.70171,6,-0.2139,54,0,116.38197,41.42381,0.3178,0.2444,1,False,running
4c5679641a,formation_4_gate_rejoin,197,39.4,1784501400,completion_astar,finish_first,r02,r02,True,center,member,local,1,3,10.72566,-0.32265,0.07575,0.3116,-0.0,820,820,170,299,0,0,0000,---,False,0.31071,0.02358,0.3116,-0.0,11.1863,-0.28769,path_to_final_target,w,"$1,0,0,0,0,0,0,0,0#",16000,16000,Set tank.c app_speed/duty level to the logged pwm before sending the move key/protocol command; e=stop.,10.83148,29.7621,40,12,0,0.14259,-0.21392,1.48861,9.62955,0.05365,2.3711,9.662,9.6295,1.70171,6,-0.2139,54,0,116.38197,41.42381,0.3178,0.2444,1,False,running
4c5679641a,formation_4_gate_rejoin,197,39.4,1784501400,completion_astar,finish_first,r03,r03,True,center,member,local,3,3,8.25081,0.64139,-0.39436,0.37877,-0.22562,1000,949,-120,64,0,0,0000,---,False,0.34544,-0.15835,0.37877,-0.22562,8.69663,0.61028,path_to_final_target,w,"$1,0,0,0,0,0,0,0,0#",20000,19000,Set tank.c app_speed/duty level to the logged pwm before sending the move key/protocol command; e=stop.,9.61595,27.64934,41,16,0,0.16258,-0.21234,3.56538,9.62955,0.05365,2.3711,9.662,9.6295,1.70171,6,-0.2139,54,0,116.38197,41.42381,0.3178,0.2444,1,False,running
4c5679641a,formation_4_gate_rejoin,197,39.4,1784501400,completion_astar,finish_first,r04,r04,True,center,member,local,1,3,11.01129,0.28246,-0.06037,0.3116,0.0,820,820,-172,328,0,0,0000,---,False,0.31103,-0.0188,0.3116,0.0,11.47242,0.25458,path_to_final_target,w,"$1,0,0,0,0,0,0,0,0#",16000,16000,Set tank.c app_speed/duty level to the logged pwm before sending the move key/protocol command; e=stop.,11.11206,30.46626,40,12,0,0.14937,-0.21392,1.2009,9.62955,0.05365,2.3711,9.662,9.6295,1.70171,6,-0.2139,54,0,116.38197,41.42381,0.3178,0.2444,1,False,running
4c5679641a,formation_4_gate_rejoin,198,39.6,1784501600,completion_astar,finish_first,r01,r01,True,center,member,local,3,3,8.58753,-0.37512,0.19808,0.29116,-1.01992,981,551,151,86,0,0,0000,---,False,0.31138,0.01178,0.29116,-1.01992,9.05744,-0.36665,cached_path_to_final_target,d,"$4,0,0,0,0,0,0,0,0#",20000,11000,Set tank.c app_speed/duty level to the logged pwm before sending the move key/protocol command; e=stop.,9.92256,28.66155,41,16,0,0.17367,-0.21234,3.20673,9.69207,0.04874,2.3084,9.7248,9.6921,1.69365,6,-0.2139,54,0,117.06657,41.68246,0.3233,0.2447,1,False,running
4c5679641a,formation_4_gate_rejoin,198,39.6,1784501600,completion_astar,finish_first,r02,r02,True,center,member,local,1,3,10.7878,-0.31794,0.07575,0.3116,-0.0,820,820,170,305,0,0,0000,---,False,0.31071,0.02358,0.3116,-0.0,11.24844,-0.28298,cached_path_to_final_target,w,"$1,0,0,0,0,0,0,0,0#",16000,16000,Set tank.c app_speed/duty level to the logged pwm before sending the move key/protocol command; e=stop.,10.8938,29.92735,40,12,0,0.14259,-0.21392,1.42629,9.69207,0.04874,2.3084,9.7248,9.6921,1.69365,6,-0.2139,54,0,117.06657,41.68246,0.3233,0.2447,1,False,running
4c5679641a,formation_4_gate_rejoin,198,39.6,1784501600,completion_astar,finish_first,r03,r03,True,center,member,local,3,3,8.31946,0.6093,-0.4373,0.37888,-0.2147,1000,952,-121,68,0,0,0000,---,False,0.33862,-0.17245,0.37888,-0.2147,8.76742,0.58539,cached_path_to_final_target,w,"$1,0,0,0,0,0,0,0,0#",20000,19000,Set tank.c app_speed/duty level to the logged pwm before sending the move key/protocol command; e=stop.,9.69172,27.84617,41,16,0,0.16258,-0.21234,3.49344,9.69207,0.04874,2.3084,9.7248,9.6921,1.69365,6,-0.2139,54,0,117.06657,41.68246,0.3233,0.2447,1,False,running
4c5679641a,formation_4_gate_rejoin,198,39.6,1784501600,completion_astar,finish_first,r04,r04,True,center,member,local,1,3,11.0735,0.2787,-0.06037,0.3116,0.0,820,820,-172,334,0,0,0000,---,False,0.31103,-0.0188,0.3116,0.0,11.53463,0.25082,cached_path_to_final_target,w,"$1,0,0,0,0,0,0,0,0#",16000,16000,Set tank.c app_speed/duty level to the logged pwm before sending the move key/protocol command; e=stop.,11.17438,30.63151,40,12,0,0.14937,-0.21392,1.13858,9.69207,0.04874,2.3084,9.7248,9.6921,1.69365,6,-0.2139,54,0,117.06657,41.68246,0.3233,0.2447,1,False,running
4c5679641a,formation_4_gate_rejoin,199,39.8,1784501800,completion_astar,finish_first,r01,r01,True,center,member,local,3,3,8.64872,-0.3683,0.11098,0.30784,-0.43548,902,718,157,92,0,0,0000,---,False,0.31132,0.01326,0.30784,-0.43548,9.11369,-0.35272,cached_path_to_final_target,d,"$4,0,0,0,0,0,0,0,0#",18000,14000,Set tank.c app_speed/duty level to the logged pwm before sending the move key/protocol command; e=stop.,9.98412,28.83196,41,16,0,0.17367,-0.21234,3.14527,9.75528,0.04196,2.2451,9.7883,9.7553,1.68521,6,-0.2139,54,0,117.76451,41.94447,0.3275,0.2451,1,False,running
4c5679641a,formation_4_gate_rejoin,199,39.8,1784501800,completion_astar,finish_first,r02,r02,True,center,member,local,1,3,10.84994,-0.31322,0.07575,0.3116,0.0,820,820,170,312,0,0,0000,---,False,0.31071,0.02358,0.3116,0.0,11.31058,-0.27826,cached_path_to_final_target,w,"$1,0,0,0,0,0,0,0,0#",16000,16000,Set tank.c app_speed/duty level to the logged pwm before sending the move key/protocol command; e=stop.,10.95612,30.09259,40,12,0,0.14259,-0.21392,1.36397,9.75528,0.04196,2.2451,9.7883,9.7553,1.68521,6,-0.2139,54,0,117.76451,41.94447,0.3275,0.2451,1,False,running
4c5679641a,formation_4_gate_rejoin,199,39.8,1784501800,completion_astar,finish_first,r03,r03,True,center,member,local,3,3,8.38675,0.57442,-0.47815,0.37899,-0.20424,1000,954,-122,73,0,0,0000,---,False,0.3316,-0.18559,0.37899,-0.20424,8.83702,0.55804,cached_path_to_final_target,w,"$1,0,0,0,0,0,0,0,0#",20000,19000,Set tank.c app_speed/duty level to the logged pwm before sending the move key/protocol command; e=stop.,9.76752,28.0432,41,16,0,0.16258,-0.21234,3.4227,9.75528,0.04196,2.2451,9.7883,9.7553,1.68521,6,-0.2139,54,0,117.76451,41.94447,0.3275,0.2451,1,False,running
4c5679641a,formation_4_gate_rejoin,199,39.8,1784501800,completion_astar,finish_first,r04,r04,True,center,member,local,1,3,11.1357,0.27494,-0.06037,0.3116,0.0,820,820,-172,340,0,0,0000,---,False,0.31103,-0.0188,0.3116,0.0,11.59683,0.24706,cached_path_to_final_target,w,"$1,0,0,0,0,0,0,0,0#",16000,16000,Set tank.c app_speed/duty level to the logged pwm before sending the move key/protocol command; e=stop.,11.2367,30.79676,40,12,0,0.14937,-0.21392,1.07626,9.75528,0.04196,2.2451,9.7883,9.7553,1.68521,6,-0.2139,54,0,117.76451,41.94447,0.3275,0.2451,1,False,running
4c5679641a,formation_4_gate_rejoin,200,40.0,1784502000,completion_astar,finish_first,r01,r01,True,center,member,local,3,3,8.71073,-0.36367,0.07452,0.31094,-0.18231,857,780,160,98,0,0,0000,---,False,0.31127,0.01429,0.31094,-0.18231,9.17342,-0.34421,cached_path_to_final_target,w,"$1,0,0,0,0,0,0,0,0#",17000,16000,Set tank.c app_speed/duty level to the logged pwm before sending the move key/protocol command; e=stop.,10.04631,28.99968,41,16,0,0.17367,-0.21234,3.0831,9.81835,0.03399,2.1819,9.8519,9.8183,1.6773,6,-0.2139,54,0,118.46005,42.20711,0.3283,0.2455,1,False,running
4c5679641a,formation_4_gate_rejoin,200,40.0,1784502000,completion_astar,finish_first,r02,r02,True,center,member,local,1,3,10.91208,-0.30851,0.07575,0.3116,-0.0,820,820,171,318,0,0,0000,---,False,0.31071,0.02358,0.3116,-0.0,11.37273,-0.27354,cached_path_to_final_target,w,"$1,0,0,0,0,0,0,0,0#",16000,16000,Set tank.c app_speed/duty level to the logged pwm before sending the move key/protocol command; e=stop.,11.01844,30.25784,40,12,0,0.14259,-0.21392,1.30165,9.81835,0.03399,2.1819,9.8519,9.8183,1.6773,6,-0.2139,54,0,118.46005,42.20711,0.3283,0.2455,1,False,running
4c5679641a,formation_4_gate_rejoin,200,40.0,1784502000,completion_astar,finish_first,r03,r03,True,center,member,local,3,3,8.45266,0.53695,-0.517,0.37909,-0.19425,1000,957,-123,77,0,0,0000,---,False,0.32445,-0.19782,0.37909,-0.19425,8.90534,0.52844,cached_path_to_final_target,w,"$1,0,0,0,0,0,0,0,0#",20000,19000,Set tank.c app_speed/duty level to the logged pwm before sending the move key/protocol command; e=stop.,9.84334,28.24052,41,16,0,0.16258,-0.21234,3.35331,9.81835,0.03399,2.1819,9.8519,9.8183,1.6773,6,-0.2139,54,0,118.46005,42.20711,0.3283,0.2455,1,False,running
4c5679641a,formation_4_gate_rejoin,200,40.0,1784502000,completion_astar,finish_first,r04,r04,True,center,member,local,1,3,11.19791,0.27118,-0.06037,0.3116,0.0,820,820,-172,346,0,0,0000,---,False,0.31103,-0.0188,0.3116,0.0,11.65904,0.2433,cached_path_to_final_target,w,"$1,0,0,0,0,0,0,0,0#",16000,16000,Set tank.c app_speed/duty level to the logged pwm before sending the move key/protocol command; e=stop.,11.29902,30.962,40,12,0,0.14937,-0.21392,1.01394,9.81835,0.03399,2.1819,9.8519,9.8183,1.6773,6,-0.2139,54,0,118.46005,42.20711,0.3283,0.2455,1,False,running
4c5679641a,formation_4_gate_rejoin,201,40.2,1784502200,completion_astar,finish_first,r01,r01,True,center,member,local,3,3,8.77292,-0.35996,0.05955,0.31149,-0.07485,835,804,162,104,0,0,0000,---,False,0.31124,0.01489,0.31149,-0.07485,9.23476,-0.33861,path_to_final_target,w,"$1,0,0,0,0,0,0,0,0#",17000,16000,Set tank.c app_speed/duty level to the logged pwm before sending the move key/protocol command; e=stop.,10.10861,29.16595,41,16,0,0.17367,-0.21234,3.02081,9.8811,0.02518,2.119,9.9153,9.8811,1.67013,6,-0.2139,54,0,119.15432,42.46988,0.3285,0.2458,1,False,running
4c5679641a,formation_4_gate_rejoin,201,40.2,1784502200,completion_astar,finish_first,r02,r02,True,center,member,local,1,3,10.97422,-0.30379,0.07575,0.3116,-0.0,820,820,171,324,0,0,0000,---,False,0.31071,0.02358,0.3116,-0.0,11.43487,-0.26883,path_to_final_target,w,"$1,0,0,0,0,0,0,0,0#",16000,16000,Set tank.c app_speed/duty level to the logged pwm before sending the move key/protocol command; e=stop.,11.08076,30.42309,40,12,0,0.14259,-0.21392,1.23933,9.8811,0.02518,2.119,9.9153,9.8811,1.67013,6,-0.2139,54,0,119.15432,42.46988,0.3285,0.2458,1,False,running
4c5679641a,formation_4_gate_rejoin,201,40.2,1784502200,completion_astar,finish_first,r03,r03,True,center,member,local,3,3,8.51716,0.49706,-0.55395,0.37917,-0.18474,1000,959,-124,82,0,0,0000,---,False,0.31723,-0.20919,0.37917,-0.18474,8.97233,0.49679,path_to_final_target,w,"$1,0,0,0,0,0,0,0,0#",20000,19000,Set tank.c app_speed/duty level to the logged pwm before sending the move key/protocol command; e=stop.,9.91917,28.43804,41,16,0,0.16258,-0.21234,3.28541,9.8811,0.02518,2.119,9.9153,9.8811,1.67013,6,-0.2139,54,0,119.15432,42.46988,0.3285,0.2458,1,False,running
4c5679641a,formation_4_gate_rejoin,201,40.2,1784502200,completion_astar,finish_first,r04,r04,True,center,member,local,1,3,11.26012,0.26742,-0.06037,0.3116,0.0,820,820,-173,352,0,0,0000,---,False,0.31103,-0.0188,0.3116,0.0,11.72125,0.23954,path_to_final_target,w,"$1,0,0,0,0,0,0,0,0#",16000,16000,Set tank.c app_speed/duty level to the logged pwm before sending the move key/protocol command; e=stop.,11.36134,31.12725,40,12,0,0.14937,-0.21392,0.95162,9.8811,0.02518,2.119,9.9153,9.8811,1.67013,6,-0.2139,54,0,119.15432,42.46988,0.3285,0.2458,1,False,running
4c5679641a,formation_4_gate_rejoin,202,40.4,1784502400,completion_astar,finish_first,r01,r01,True,center,member,local,3,3,8.83515,-0.35663,0.0535,0.31158,-0.03025,826,814,163,111,0,0,0000,---,False,0.31123,0.01518,0.31158,-0.03025,9.2967,-0.33441,cached_path_to_final_target,w,"$1,0,0,0,0,0,0,0,0#",17000,16000,Set tank.c app_speed/duty level to the logged pwm before sending the move key/protocol command; e=stop.,10.17093,29.33165,41,16,0,0.17367,-0.21234,2.95849,9.94056,0.02127,2.0595,9.9749,9.9406,1.67154,6,-0.2139,54,0,119.81574,42.71185,0.3025,0.2461,1,False,running
4c5679641a,formation_4_gate_rejoin,202,40.4,1784502400,completion_astar,finish_first,r02,r02,True,center,member,local,1,3,11.03636,-0.29907,0.07575,0.3116,0.0,820,820,171,330,0,0,0000,---,False,0.31071,0.02358,0.3116,0.0,11.49701,-0.26411,cached_path_to_final_target,w,"$1,0,0,0,0,0,0,0,0#",16000,16000,Set tank.c app_speed/duty level to the logged pwm before sending the move key/protocol command; e=stop.,11.14308,30.58833,40,12,0,0.14259,-0.21392,1.17701,9.94056,0.02127,2.0595,9.9749,9.9406,1.67154,6,-0.2139,54,0,119.81574,42.71185,0.3025,0.2461,1,False,running
4c5679641a,formation_4_gate_rejoin,202,40.4,1784502400,completion_astar,finish_first,r03,r03,True,center,member,local,3,3,8.56843,0.47712,-0.37089,0.27506,0.91526,531,917,-137,87,0,0,0000,---,False,0.31095,-0.02017,0.27506,0.91526,9.03793,0.46328,cached_path_to_final_target,a,"$3,0,0,0,0,0,0,0,0#",11000,18000,Set tank.c app_speed/duty level to the logged pwm before sending the move key/protocol command; e=stop.,9.97418,28.60327,41,16,0,0.16258,-0.21234,3.23263,9.94056,0.02127,2.0595,9.9749,9.9406,1.67154,6,-0.2139,54,0,119.81574,42.71185,0.3025,0.2461,1,False,running
4c5679641a,formation_4_gate_rejoin,202,40.4,1784502400,completion_astar,finish_first,r04,r04,True,center,member,local,1,3,11.32232,0.26366,-0.06037,0.3116,-0.0,820,820,-173,359,0,0,0000,---,False,0.31103,-0.0188,0.3116,-0.0,11.78345,0.23578,cached_path_to_final_target,w,"$1,0,0,0,0,0,0,0,0#",16000,16000,Set tank.c app_speed/duty level to the logged pwm before sending the move key/protocol command; e=stop.,11.42366,31.2925,40,12,0,0.14937,-0.21392,0.8893,9.94056,0.02127,2.0595,9.9749,9.9406,1.67154,6,-0.2139,54,0,119.81574,42.71185,0.3025,0.2461,1,False,running
4c5679641a,formation_4_gate_rejoin,203,40.6,1784502600,completion_astar,finish_first,r01,r01,True,center,member,local,3,3,8.89738,-0.35345,0.05109,0.3116,-0.01207,823,817,164,117,0,0,0000,---,False,0.31122,0.01532,0.3116,-0.01207,9.35884,-0.33085,cached_path_to_final_target,w,"$1,0,0,0,0,0,0,0,0#",16000,16000,Set tank.c app_speed/duty level to the logged pwm before sending the move key/protocol command; e=stop.,10.23325,29.49708,41,16,0,0.17367,-0.21234,2.89617,10.00178,0.01932,1.9983,10.0361,10.0018,1.67097,6,-0.2139,54,0,120.47193,42.9583,0.3081,0.2463,1,False,running
4c5679641a,formation_4_gate_rejoin,203,40.6,1784502600,completion_astar,finish_first,r02,r02,True,center,member,local,1,3,11.0985,-0.29436,0.07575,0.3116,0.0,820,820,171,336,0,0,0000,---,False,0.31071,0.02358,0.3116,0.0,11.55915,-0.2594,cached_path_to_final_target,w,"$1,0,0,0,0,0,0,0,0#",16000,16000,Set tank.c app_speed/duty level to the logged pwm before sending the move key/protocol command; e=stop.,11.2054,30.75358,40,12,0,0.14259,-0.21392,1.11469,10.00178,0.01932,1.9983,10.0361,10.0018,1.67097,6,-0.2139,54,0,120.47193,42.9583,0.3081,0.2463,1,False,running
4c5679641a,formation_4_gate_rejoin,203,40.6,1784502600,completion_astar,finish_first,r03,r03,True,center,member,local,3,3,8.62671,0.46521,-0.20154,0.29746,0.84677,605,961,-148,92,0,0,0000,---,False,0.31087,-0.02132,0.29746,0.84677,9.09366,0.44109,cached_path_to_final_target,a,"$3,0,0,0,0,0,0,0,0#",12000,19000,Set tank.c app_speed/duty level to the logged pwm before sending the move key/protocol command; e=stop.,10.03367,28.76354,41,16,0,0.16258,-0.21234,3.17356,10.00178,0.01932,1.9983,10.0361,10.0018,1.67097,6,-0.2139,54,0,120.47193,42.9583,0.3081,0.2463,1,False,running
4c5679641a,formation_4_gate_rejoin,203,40.6,1784502600,completion_astar,finish_first,r04,r04,True,center,member,local,1,3,11.38453,0.2599,-0.06037,0.3116,0.0,820,820,-173,365,0,0,0000,---,False,0.31103,-0.0188,0.3116,0.0,11.84566,0.23202,cached_path_to_final_target,w,"$1,0,0,0,0,0,0,0,0#",16000,16000,Set tank.c app_speed/duty level to the logged pwm before sending the move key/protocol command; e=stop.,11.48598,31.45774,40,12,0,0.14937,-0.21392,0.82698,10.00178,0.01932,1.9983,10.0361,10.0018,1.67097,6,-0.2139,54,0,120.47193,42.9583,0.3081,0.2463,1,False,running
4c5679641a,formation_4_gate_rejoin,204,40.8,1784502800,completion_astar,finish_first,r01,r01,True,center,member,local,3,3,8.95963,-0.35032,0.05014,0.3116,-0.00476,821,819,164,123,0,0,0000,---,False,0.31122,0.01538,0.3116,-0.00476,9.42105,-0.32756,cached_path_to_final_target,w,"$1,0,0,0,0,0,0,0,0#",16000,16000,Set tank.c app_speed/duty level to the logged pwm before sending the move key/protocol command; e=stop.,10.29557,29.6624,41,16,0,0.17367,-0.21234,2.83385,10.06375,0.01835,1.9363,10.0981,10.0638,1.6696,6,-0.2139,54,0,121.13737,43.20707,0.311,0.2467,1,False,running
4c5679641a,formation_4_gate_rejoin,204,40.8,1784502800,completion_astar,finish_first,r02,r02,True,center,member,local,1,3,11.16064,-0.28964,0.07575,0.3116,0.0,820,820,171,343,0,0,0000,---,False,0.31071,0.02358,0.3116,0.0,11.62129,-0.25468,cached_path_to_final_target,w,"$1,0,0,0,0,0,0,0,0#",16000,16000,Set tank.c app_speed/duty level to the logged pwm before sending the move key/protocol command; e=stop.,11.26772,30.91882,40,12,0,0.14259,-0.21392,1.05237,10.06375,0.01835,1.9363,10.0981,10.0638,1.6696,6,-0.2139,54,0,121.13737,43.20707,0.311,0.2467,1,False,running
4c5679641a,formation_4_gate_rejoin,204,40.8,1784502800,completion_astar,finish_first,r03,r03,True,center,member,local,3,3,8.688,0.45723,-0.12944,0.30902,0.36049,737,889,-153,98,0,0,0000,---,False,0.31077,-0.02266,0.30902,0.36049,9.15125,0.42696,cached_path_to_final_target,a,"$3,0,0,0,0,0,0,0,0#",15000,18000,Set tank.c app_speed/duty level to the logged pwm before sending the move key/protocol command; e=stop.,10.09548,28.93316,41,16,0,0.16258,-0.21234,3.11184,10.06375,0.01835,1.9363,10.0981,10.0638,1.6696,6,-0.2139,54,0,121.13737,43.20707,0.311,0.2467,1,False,running
4c5679641a,formation_4_gate_rejoin,204,40.8,1784502800,completion_astar,finish_first,r04,r04,True,center,member,local,1,3,11.44674,0.25614,-0.06037,0.3116,0.0,820,820,-173,371,0,0,0000,---,False,0.31103,-0.0188,0.3116,0.0,11.90787,0.22826,cached_path_to_final_target,w,"$1,0,0,0,0,0,0,0,0#",16000,16000,Set tank.c app_speed/duty level to the logged pwm before sending the move key/protocol command; e=stop.,11.5483,31.62299,40,12,0,0.14937,-0.21392,0.76466,10.06375,0.01835,1.9363,10.0981,10.0638,1.6696,6,-0.2139,54,0,121.13737,43.20707,0.311,0.2467,1,False,running
4c5679641a,formation_4_gate_rejoin,205,41.0,1784503000,completion_astar,finish_first,r01,r01,True,center,member,local,3,3,9.02187,-0.34722,0.04976,0.3116,-0.00186,820,820,165,129,0,0,0000,---,False,0.31122,0.01541,0.3116,-0.00186,9.48328,-0.3244,path_to_final_target,w,"$1,0,0,0,0,0,0,0,0#",16000,16000,Set tank.c app_speed/duty level to the logged pwm before sending the move key/protocol command; e=stop.,10.35789,29.82767,41,16,0,0.17367,-0.21234,2.77153,10.12588,0.01782,1.8742,10.1602,10.1259,1.6682,6,-0.2139,54,0,121.80035,43.45626,0.3115,0.247,1,False,running
4c5679641a,formation_4_gate_rejoin,205,41.0,1784503000,completion_astar,finish_first,r02,r02,True,center,member,local,1,3,11.22279,-0.28492,0.07575,0.3116,0.0,820,820,171,349,0,0,0000,---,False,0.31071,0.02358,0.3116,0.0,11.68343,-0.24996,path_to_final_target,w,"$1,0,0,0,0,0,0,0,0#",16000,16000,Set tank.c app_speed/duty level to the logged pwm before sending the move key/protocol command; e=stop.,11.33004,31.08407,40,12,0,0.14259,-0.21392,0.99005,10.12588,0.01782,1.8742,10.1602,10.1259,1.6682,6,-0.2139,54,0,121.80035,43.45626,0.3115,0.247,1,False,running
4c5679641a,formation_4_gate_rejoin,205,41.0,1784503000,completion_astar,finish_first,r03,r03,True,center,member,local,3,3,8.74992,0.45106,-0.09937,0.31115,0.15035,787,850,-156,104,0,0,0000,---,False,0.31071,-0.02358,0.31115,0.15035,9.21146,0.4175,path_to_final_target,w,"$1,0,0,0,0,0,0,0,0#",16000,17000,Set tank.c app_speed/duty level to the logged pwm before sending the move key/protocol command; e=stop.,10.15771,29.10038,41,16,0,0.16258,-0.21234,3.04962,10.12588,0.01782,1.8742,10.1602,10.1259,1.6682,6,-0.2139,54,0,121.80035,43.45626,0.3115,0.247,1,False,running
4c5679641a,formation_4_gate_rejoin,205,41.0,1784503000,completion_astar,finish_first,r04,r04,True,center,member,local,1,3,11.50894,0.25238,-0.06037,0.3116,-0.0,820,820,-173,377,0,0,0000,---,False,0.31103,-0.0188,0.3116,-0.0,11.97007,0.2245,path_to_final_target,w,"$1,0,0,0,0,0,0,0,0#",16000,16000,Set tank.c app_speed/duty level to the logged pwm before sending the move key/protocol command; e=stop.,11.61062,31.78824,40,12,0,0.14937,-0.21392,0.70234,10.12588,0.01782,1.8742,10.1602,10.1259,1.6682,6,-0.2139,54,0,121.80035,43.45626,0.3115,0.247,1,False,running
4c5679641a,formation_4_gate_rejoin,206,41.2,1784503200,completion_astar,finish_first,r01,r01,True,center,member,local,3,3,9.08411,-0.34413,0.04962,0.3116,-0.00072,820,820,166,135,0,0,0000,---,False,0.31122,0.01542,0.3116,-0.00072,9.54552,-0.32128,cached_path_to_final_target,w,"$1,0,0,0,0,0,0,0,0#",16000,16000,Set tank.c app_speed/duty level to the logged pwm before sending the move key/protocol command; e=stop.,10.42021,29.99293,41,16,0,0.17367,-0.21234,2.70921,10.18805,0.01748,1.812,10.2224,10.188,1.66685,6,-0.2139,54,0,122.46227,43.70552,0.3116,0.2473,1,False,running
4c5679641a,formation_4_gate_rejoin,206,41.2,1784503200,completion_astar,finish_first,r02,r02,True,center,member,local,1,3,11.28493,-0.28021,0.07575,0.3116,0.0,820,820,172,355,0,0,0000,---,False,0.31071,0.02358,0.3116,0.0,11.74557,-0.24525,cached_path_to_final_target,w,"$1,0,0,0,0,0,0,0,0#",16000,16000,Set tank.c app_speed/duty level to the logged pwm before sending the move key/protocol command; e=stop.,11.39236,31.24932,40,12,0,0.14259,-0.21392,0.92773,10.18805,0.01748,1.812,10.2224,10.188,1.66685,6,-0.2139,54,0,122.46227,43.70552,0.3116,0.2473,1,False,running
4c5679641a,formation_4_gate_rejoin,206,41.2,1784503200,completion_astar,finish_first,r03,r03,True,center,member,local,3,3,8.81199,0.44564,-0.08706,0.31152,0.06155,807,833,-157,110,0,0,0000,---,False,0.31067,-0.02409,0.31152,0.06155,9.27288,0.4105,cached_path_to_final_target,w,"$1,0,0,0,0,0,0,0,0#",16000,17000,Set tank.c app_speed/duty level to the logged pwm before sending the move key/protocol command; e=stop.,10.22001,29.26654,41,16,0,0.16258,-0.21234,2.98731,10.18805,0.01748,1.812,10.2224,10.188,1.66685,6,-0.2139,54,0,122.46227,43.70552,0.3116,0.2473,1,False,running
4c5679641a,formation_4_gate_rejoin,206,41.2,1784503200,completion_astar,finish_first,r04,r04,True,center,member,local,1,3,11.57115,0.24862,-0.06037,0.3116,0.0,820,820,-173,384,0,0,0000,---,False,0.31103,-0.0188,0.3116,0.0,12.03228,0.22074,cached_path_to_final_target,w,"$1,0,0,0,0,0,0,0,0#",16000,16000,Set tank.c app_speed/duty level to the logged pwm before sending the move key/protocol command; e=stop.,11.67294,31.95348,40,12,0,0.14937,-0.21392,0.64002,10.18805,0.01748,1.812,10.2224,10.188,1.66685,6,-0.2139,54,0,122.46227,43.70552,0.3116,0.2473,1,False,running
4c5679641a,formation_4_gate_rejoin,207,41.4,1784503400,completion_astar,finish_first,r01,r01,True,center,member,local,3,3,9.14636,-0.34105,0.04956,0.3116,-0.00028,820,820,166,141,0,0,0000,---,False,0.31122,0.01542,0.3116,-0.00028,9.60776,-0.31818,cached_path_to_final_target,w,"$1,0,0,0,0,0,0,0,0#",16000,16000,Set tank.c app_speed/duty level to the logged pwm before sending the move key/protocol command; e=stop.,10.48253,30.15818,41,16,0,0.17367,-0.21234,2.64689,10.25022,0.01721,1.7499,10.2846,10.2502,1.66553,6,-0.2139,54,0,123.12363,43.9548,0.3116,0.2476,1,False,running
4c5679641a,formation_4_gate_rejoin,207,41.4,1784503400,completion_astar,finish_first,r02,r02,True,center,member,local,1,3,11.34707,-0.27549,0.07575,0.3116,0.0,820,820,172,361,0,0,0000,---,False,0.31071,0.02358,0.3116,0.0,11.80771,-0.24053,cached_path_to_final_target,w,"$1,0,0,0,0,0,0,0,0#",16000,16000,Set tank.c app_speed/duty level to the logged pwm before sending the move key/protocol command; e=stop.,11.45468,31.41456,40,12,0,0.14259,-0.21392,0.86541,10.25022,0.01721,1.7499,10.2846,10.2502,1.66553,6,-0.2139,54,0,123.12363,43.9548,0.3116,0.2476,1,False,running
4c5679641a,formation_4_gate_rejoin,207,41.4,1784503400,completion_astar,finish_first,r03,r03,True,center,member,local,3,3,8.8741,0.44053,-0.0821,0.31159,0.02481,815,825,-159,116,0,0,0000,---,False,0.31065,-0.02434,0.31159,0.02481,9.33476,0.40467,cached_path_to_final_target,w,"$1,0,0,0,0,0,0,0,0#",16000,16000,Set tank.c app_speed/duty level to the logged pwm before sending the move key/protocol command; e=stop.,10.28233,29.43216,41,16,0,0.16258,-0.21234,2.925,10.25022,0.01721,1.7499,10.2846,10.2502,1.66553,6,-0.2139,54,0,123.12363,43.9548,0.3116,0.2476,1,False,running
4c5679641a,formation_4_gate_rejoin,207,41.4,1784503400,completion_astar,finish_first,r04,r04,True,center,member,local,1,3,11.63335,0.24486,-0.06037,0.3116,0.0,820,820,-173,390,0,0,0000,---,False,0.31103,-0.0188,0.3116,0.0,12.09448,0.21698,cached_path_to_final_target,w,"$1,0,0,0,0,0,0,0,0#",16000,16000,Set tank.c app_speed/duty level to the logged pwm before sending the move key/protocol command; e=stop.,11.73526,32.11873,40,12,0,0.14937,-0.21392,0.5777,10.25022,0.01721,1.7499,10.2846,10.2502,1.66553,6,-0.2139,54,0,123.12363,43.9548,0.3116,0.2476,1,False,running
4c5679641a,formation_4_gate_rejoin,208,41.6,1784503600,completion_astar,finish_first,r01,r01,True,center,member,local,3,3,9.2086,-0.33796,0.04954,0.3116,-0.00011,820,820,167,148,0,0,0000,---,False,0.31122,0.01543,0.3116,-0.00011,9.67,-0.31509,cached_path_to_final_target,w,"$1,0,0,0,0,0,0,0,0#",16000,16000,Set tank.c app_speed/duty level to the logged pwm before sending the move key/protocol command; e=stop.,10.54485,30.32343,41,16,0,0.17367,-0.21234,2.58457,10.3124,0.01698,1.6877,10.3467,10.3124,1.66425,6,-0.2139,54,0,123.78477,44.20408,0.3116,0.2479,1,False,running
4c5679641a,formation_4_gate_rejoin,208,41.6,1784503600,completion_astar,finish_first,r02,r02,True,center,member,local,1,3,11.40921,-0.27078,0.07575,0.3116,0.0,820,820,172,367,0,0,0000,---,False,0.31071,0.02358,0.3116,0.0,11.86986,-0.23582,cached_path_to_final_target,w,"$1,0,0,0,0,0,0,0,0#",16000,16000,Set tank.c app_speed/duty level to the logged pwm before sending the move key/protocol command; e=stop.,11.517,31.57981,40,12,0,0.14259,-0.21392,0.80309,10.3124,0.01698,1.6877,10.3467,10.3124,1.66425,6,-0.2139,54,0,123.78477,44.20408,0.3116,0.2479,1,False,running
4c5679641a,formation_4_gate_rejoin,208,41.6,1784503600,completion_astar,finish_first,r03,r03,True,center,member,local,3,3,8.93622,0.43554,-0.08012,0.3116,0.00988,818,822,-160,122,0,0,0000,---,False,0.31064,-0.02446,0.3116,0.00988,9.3968,0.39937,cached_path_to_final_target,w,"$1,0,0,0,0,0,0,0,0#",16000,16000,Set tank.c app_speed/duty level to the logged pwm before sending the move key/protocol command; e=stop.,10.34465,29.59756,41,16,0,0.16258,-0.21234,2.86268,10.3124,0.01698,1.6877,10.3467,10.3124,1.66425,6,-0.2139,54,0,123.78477,44.20408,0.3116,0.2479,1,False,running
4c5679641a,formation_4_gate_rejoin,208,41.6,1784503600,completion_astar,finish_first,r04,r04,True,center,member,local,1,3,11.69556,0.2411,-0.06037,0.3116,-0.0,820,820,-173,396,0,0,0000,---,False,0.31103,-0.0188,0.3116,-0.0,12.15669,0.21322,cached_path_to_final_target,w,"$1,0,0,0,0,0,0,0,0#",16000,16000,Set tank.c app_speed/duty level to the logged pwm before sending the move key/protocol command; e=stop.,11.79758,32.28397,40,12,0,0.14937,-0.21392,0.51538,10.3124,0.01698,1.6877,10.3467,10.3124,1.66425,6,-0.2139,54,0,123.78477,44.20408,0.3116,0.2479,1,False,running
4c5679641a,formation_4_gate_rejoin,209,41.8,1784503800,completion_astar,finish_first,r01,r01,True,center,member,local,3,3,9.27084,-0.33487,0.04953,0.3116,-4e-05,820,820,167,154,0,0,0000,---,False,0.31122,0.01543,0.3116,-4e-05,9.73225,-0.312,path_to_final_target,w,"$1,0,0,0,0,0,0,0,0#",16000,16000,Set tank.c app_speed/duty level to the logged pwm before sending the move key/protocol command; e=stop.,10.60717,30.48867,41,16,0,0.17367,-0.21234,2.52225,10.37458,0.01675,1.6255,10.4089,10.3746,1.66299,6,-0.2139,54,0,124.44582,44.45336,0.3116,0.2482,1,False,running
4c5679641a,formation_4_gate_rejoin,209,41.8,1784503800,completion_astar,finish_first,r02,r02,True,center,member,local,1,3,11.47135,-0.26606,0.07575,0.3116,-0.0,820,820,172,374,0,0,0000,---,False,0.31071,0.02358,0.3116,-0.0,11.932,-0.2311,path_to_final_target,w,"$1,0,0,0,0,0,0,0,0#",16000,16000,Set tank.c app_speed/duty level to the logged pwm before sending the move key/protocol command; e=stop.,11.57932,31.74506,40,12,0,0.14259,-0.21392,0.74077,10.37458,0.01675,1.6255,10.4089,10.3746,1.66299,6,-0.2139,54,0,124.44582,44.45336,0.3116,0.2482,1,False,running
4c5679641a,formation_4_gate_rejoin,209,41.8,1784503800,completion_astar,finish_first,r03,r03,True,center,member,local,3,3,8.99834,0.4306,-0.07935,0.3116,0.00389,819,821,-160,128,0,0,0000,---,False,0.31063,-0.02451,0.3116,0.00389,9.45889,0.3943,path_to_final_target,w,"$1,0,0,0,0,0,0,0,0#",16000,16000,Set tank.c app_speed/duty level to the logged pwm before sending the move key/protocol command; e=stop.,10.40697,29.76286,41,16,0,0.16258,-0.21234,2.80036,10.37458,0.01675,1.6255,10.4089,10.3746,1.66299,6,-0.2139,54,0,124.44582,44.45336,0.3116,0.2482,1,False,running
4c5679641a,formation_4_gate_rejoin,209,41.8,1784503800,completion_astar,finish_first,r04,r04,True,center,member,local,1,3,11.75777,0.23734,-0.06037,0.3116,0.0,820,820,-173,402,0,0,0000,---,False,0.31103,-0.0188,0.3116,0.0,12.19401,0.21097,path_to_final_target,w,"$1,0,0,0,0,0,0,0,0#",16000,16000,Set tank.c app_speed/duty level to the logged pwm before sending the move key/protocol command; e=stop.,11.8599,32.44922,40,12,0,0.14937,-0.21392,0.45306,10.37458,0.01675,1.6255,10.4089,10.3746,1.66299,6,-0.2139,54,0,124.44582,44.45336,0.3116,0.2482,1,False,running
4c5679641a,formation_4_gate_rejoin,210,42.0,1784504000,completion_astar,finish_first,r01,r01,True,center,member,local,3,3,9.33309,-0.33179,0.04953,0.3116,-2e-05,820,820,167,160,0,0,0000,---,False,0.31122,0.01543,0.3116,-2e-05,9.79449,-0.30892,cached_path_to_final_target,w,"$1,0,0,0,0,0,0,0,0#",16000,16000,Set tank.c app_speed/duty level to the logged pwm before sending the move key/protocol command; e=stop.,10.66949,30.65392,41,16,0,0.17367,-0.21234,2.45993,10.43676,0.01653,1.5633,10.4711,10.4368,1.66176,6,-0.2139,54,0,125.10683,44.70264,0.3116,0.2485,1,False,running
4c5679641a,formation_4_gate_rejoin,210,42.0,1784504000,completion_astar,finish_first,r02,r02,True,center,member,local,1,3,11.53349,-0.26134,0.07575,0.3116,0.0,820,820,172,380,0,0,0000,---,False,0.31071,0.02358,0.3116,0.0,11.99414,-0.22638,cached_path_to_final_target,w,"$1,0,0,0,0,0,0,0,0#",16000,16000,Set tank.c app_speed/duty level to the logged pwm before sending the move key/protocol command; e=stop.,11.64164,31.9103,40,12,0,0.14259,-0.21392,0.67845,10.43676,0.01653,1.5633,10.4711,10.4368,1.66176,6,-0.2139,54,0,125.10683,44.70264,0.3116,0.2485,1,False,running
4c5679641a,formation_4_gate_rejoin,210,42.0,1784504000,completion_astar,finish_first,r03,r03,True,center,member,local,3,3,9.06047,0.42568,-0.07904,0.3116,0.00152,820,820,-161,134,0,0,0000,---,False,0.31063,-0.02453,0.3116,0.00152,9.52101,0.38933,cached_path_to_final_target,w,"$1,0,0,0,0,0,0,0,0#",16000,16000,Set tank.c app_speed/duty level to the logged pwm before sending the move key/protocol command; e=stop.,10.46929,29.92813,41,16,0,0.16258,-0.21234,2.73804,10.43676,0.01653,1.5633,10.4711,10.4368,1.66176,6,-0.2139,54,0,125.10683,44.70264,0.3116,0.2485,1,False,running
4c5679641a,formation_4_gate_rejoin,210,42.0,1784504000,completion_astar,finish_first,r04,r04,True,center,member,local,1,3,11.81997,0.23358,-0.06037,0.3116,0.0,820,820,-174,408,0,0,0000,---,False,0.31103,-0.0188,0.3116,0.0,12.2052,0.21029,cached_path_to_final_target,w,"$1,0,0,0,0,0,0,0,0#",16000,16000,Set tank.c app_speed/duty level to the logged pwm before sending the move key/protocol command; e=stop.,11.92222,32.61447,40,12,0,0.14937,-0.21392,0.39074,10.43676,0.01653,1.5633,10.4711,10.4368,1.66176,6,-0.2139,54,0,125.10683,44.70264,0.3116,0.2485,1,False,running
4c5679641a,formation_4_gate_rejoin,211,42.2,1784504200,completion_astar,finish_first,r01,r01,True,center,member,local,3,3,9.39533,-0.3287,0.04953,0.3116,-1e-05,820,820,168,166,0,0,0000,---,False,0.31122,0.01543,0.3116,-1e-05,9.85673,-0.30583,cached_path_to_final_target,w,"$1,0,0,0,0,0,0,0,0#",16000,16000,Set tank.c app_speed/duty level to the logged pwm before sending the move key/protocol command; e=stop.,10.73181,30.81917,41,16,0,0.17367,-0.21234,2.39761,10.49893,0.01631,1.5012,10.5333,10.4989,1.66055,6,-0.2139,54,0,125.76782,44.95192,0.3116,0.2488,1,False,running
4c5679641a,formation_4_gate_rejoin,211,42.2,1784504200,completion_astar,finish_first,r02,r02,True,center,member,local,1,3,11.59563,-0.25663,0.07575,0.3116,0.0,820,820,172,386,0,0,0000,---,False,0.31071,0.02358,0.3116,0.0,12.05628,-0.22167,cached_path_to_final_target,w,"$1,0,0,0,0,0,0,0,0#",16000,16000,Set tank.c app_speed/duty level to the logged pwm before sending the move key/protocol command; e=stop.,11.70396,32.07555,40,12,0,0.14259,-0.21392,0.61613,10.49893,0.01631,1.5012,10.5333,10.4989,1.66055,6,-0.2139,54,0,125.76782,44.95192,0.3116,0.2488,1,False,running
4c5679641a,formation_4_gate_rejoin,211,42.2,1784504200,completion_astar,finish_first,r03,r03,True,center,member,local,3,3,9.1226,0.42077,-0.07892,0.3116,0.00059,820,820,-162,140,0,0,0000,---,False,0.31063,-0.02454,0.3116,0.00059,9.58313,0.38439,cached_path_to_final_target,w,"$1,0,0,0,0,0,0,0,0#",16000,16000,Set tank.c app_speed/duty level to the logged pwm before sending the move key/protocol command; e=stop.,10.53161,30.09339,41,16,0,0.16258,-0.21234,2.67572,10.49893,0.01631,1.5012,10.5333,10.4989,1.66055,6,-0.2139,54,0,125.76782,44.95192,0.3116,0.2488,1,False,running
4c5679641a,formation_4_gate_rejoin,211,42.2,1784504200,completion_astar,finish_first,r04,r04,True,center,member,local,0,3,11.88218,0.22982,-0.06037,0.3116,0.0,820,820,0,-1,0,0,0000,---,False,0.31103,-0.0188,0.3116,0.0,12.20856,0.21009,cached_path_to_final_target,w,"$1,0,0,0,0,0,0,0,0#",16000,16000,Set tank.c app_speed/duty level to the logged pwm before sending the move key/protocol command; e=stop.,11.98454,32.77971,40,12,0,0.14937,-0.21392,0.32842,10.49893,0.01631,1.5012,10.5333,10.4989,1.66055,6,-0.2139,54,0,125.76782,44.95192,0.3116,0.2488,1,False,running
4c5679641a,formation_4_gate_rejoin,212,42.4,1784504400,completion_astar,finish_first,r01,r01,True,center,member,local,3,3,9.45757,-0.32562,0.04953,0.3116,-0.0,820,820,168,172,0,0,0000,---,False,0.31122,0.01543,0.3116,-0.0,9.91898,-0.30275,cached_path_to_final_target,w,"$1,0,0,0,0,0,0,0,0#",16000,16000,Set tank.c app_speed/duty level to the logged pwm before sending the move key/protocol command; e=stop.,10.79413,30.98441,41,16,0,0.17367,-0.21234,2.33529,10.56111,0.0161,1.439,10.5955,10.5611,1.65936,6,-0.2139,54,0,126.42881,45.2012,0.3116,0.2491,1,False,running
4c5679641a,formation_4_gate_rejoin,212,42.4,1784504400,completion_astar,finish_first,r02,r02,True,center,member,local,1,3,11.65777,-0.25191,0.07575,0.3116,0.0,820,820,172,392,0,0,0000,---,False,0.31071,0.02358,0.3116,0.0,12.11842,-0.21695,cached_path_to_final_target,w,"$1,0,0,0,0,0,0,0,0#",16000,16000,Set tank.c app_speed/duty level to the logged pwm before sending the move key/protocol command; e=stop.,11.76628,32.2408,40,12,0,0.14259,-0.21392,0.55381,10.56111,0.0161,1.439,10.5955,10.5611,1.65936,6,-0.2139,54,0,126.42881,45.2012,0.3116,0.2491,1,False,running
4c5679641a,formation_4_gate_rejoin,212,42.4,1784504400,completion_astar,finish_first,r03,r03,True,center,member,local,3,3,9.18472,0.41586,-0.07888,0.3116,0.00023,820,820,-162,146,0,0,0000,---,False,0.31063,-0.02454,0.3116,0.00023,9.64526,0.37947,cached_path_to_final_target,w,"$1,0,0,0,0,0,0,0,0#",16000,16000,Set tank.c app_speed/duty level to the logged pwm before sending the move key/protocol command; e=stop.,10.59393,30.25864,41,16,0,0.16258,-0.21234,2.6134,10.56111,0.0161,1.439,10.5955,10.5611,1.65936,6,-0.2139,54,0,126.42881,45.2012,0.3116,0.2491,1,False,running
4c5679641a,formation_4_gate_rejoin,212,42.4,1784504400,completion_astar,finish_first,r04,r04,True,center,member,local,0,3,11.94439,0.22606,-0.06037,0.3116,0.0,820,820,0,-1,0,0,0000,---,False,0.31103,-0.0188,0.3116,0.0,12.20957,0.21003,cached_path_to_final_target,w,"$1,0,0,0,0,0,0,0,0#",16000,16000,Set tank.c app_speed/duty level to the logged pwm before sending the move key/protocol command; e=stop.,12.04686,32.94496,40,12,0,0.14937,-0.21392,0.2661,10.56111,0.0161,1.439,10.5955,10.5611,1.65936,6,-0.2139,54,0,126.42881,45.2012,0.3116,0.2491,1,False,running
4c5679641a,formation_4_gate_rejoin,213,42.6,1784504600,completion_astar,finish_first,r01,r01,True,center,member,local,3,3,9.53348,-0.32185,0.04953,0.38,-0.0,1000,1000,169,180,0,0,0000,---,False,0.37953,0.01881,0.38,-0.0,9.98122,-0.29966,path_to_final_target,w,"$1,0,0,0,0,0,0,0,0#",20000,20000,Set tank.c app_speed/duty level to the logged pwm before sending the move key/protocol command; e=stop.,10.87013,31.19141,41,16,0,0.17367,-0.21234,2.25929,10.63694,0.01583,1.3631,10.6713,10.6369,1.65795,6,-0.2139,54,0,127.25678,45.5052,0.38,0.2497,1,False,running
4c5679641a,formation_4_gate_rejoin,213,42.6,1784504600,completion_astar,finish_first,r02,r02,True,center,member,local,1,3,11.73356,-0.24616,0.07575,0.38,0.0,1000,1000,172,400,0,0,0000,---,False,0.37891,0.02876,0.38,0.0,12.18056,-0.21223,path_to_final_target,w,"$1,0,0,0,0,0,0,0,0#",20000,20000,Set tank.c app_speed/duty level to the logged pwm before sending the move key/protocol command; e=stop.,11.84228,32.44779,40,12,0,0.14259,-0.21392,0.47781,10.63694,0.01583,1.3631,10.6713,10.6369,1.65795,6,-0.2139,54,0,127.25678,45.5052,0.38,0.2497,1,False,running
4c5679641a,formation_4_gate_rejoin,213,42.6,1784504600,completion_astar,finish_first,r03,r03,True,center,member,local,3,3,9.26049,0.40987,-0.07886,0.38,8e-05,1000,1000,-163,153,0,0,0000,---,False,0.37882,-0.02993,0.38,8e-05,9.70738,0.37456,path_to_final_target,w,"$1,0,0,0,0,0,0,0,0#",20000,20000,Set tank.c app_speed/duty level to the logged pwm before sending the move key/protocol command; e=stop.,10.66993,30.46563,41,16,0,0.16258,-0.21234,2.5374,10.63694,0.01583,1.3631,10.6713,10.6369,1.65795,6,-0.2139,54,0,127.25678,45.5052,0.38,0.2497,1,False,running
4c5679641a,formation_4_gate_rejoin,213,42.6,1784504600,completion_astar,finish_first,r04,r04,True,center,member,local,0,3,12.02025,0.22147,-0.06037,0.38,0.0,1000,1000,0,-1,0,0,0000,---,False,0.37931,-0.02293,0.38,0.0,12.20987,0.21001,path_to_final_target,w,"$1,0,0,0,0,0,0,0,0#",20000,20000,Set tank.c app_speed/duty level to the logged pwm before sending the move key/protocol command; e=stop.,12.12286,33.15195,40,12,0,0.14937,-0.21392,0.1901,10.63694,0.01583,1.3631,10.6713,10.6369,1.65795,6,-0.2139,54,0,127.25678,45.5052,0.38,0.2497,1,False,running
4c5679641a,formation_4_gate_rejoin,214,42.8,1784504800,completion_astar,finish_first,r01,r01,True,center,member,local,3,3,9.60939,-0.31809,0.04953,0.38,-0.0,1000,1000,169,188,0,0,0000,---,False,0.37953,0.01881,0.38,-0.0,10.05303,-0.2961,cached_path_to_final_target,w,"$1,0,0,0,0,0,0,0,0#",20000,20000,Set tank.c app_speed/duty level to the logged pwm before sending the move key/protocol command; e=stop.,10.94613,31.39293,41,16,0,0.17367,-0.21234,2.18329,10.71105,0.01567,1.289,10.7454,10.7111,1.6536,6,-0.2139,54,0,128.04728,45.80231,0.3714,0.2503,1,False,running
4c5679641a,formation_4_gate_rejoin,214,42.8,1784504800,completion_astar,finish_first,r02,r02,True,center,member,local,1,3,11.80934,-0.24041,0.07575,0.38,0.0,1000,1000,173,407,0,0,0000,---,False,0.37891,0.02876,0.38,0.0,12.20117,-0.21067,cached_path_to_final_target,w,"$1,0,0,0,0,0,0,0,0#",20000,20000,Set tank.c app_speed/duty level to the logged pwm before sending the move key/protocol command; e=stop.,11.91828,32.64931,40,12,0,0.14259,-0.21392,0.40181,10.71105,0.01567,1.289,10.7454,10.7111,1.6536,6,-0.2139,54,0,128.04728,45.80231,0.3714,0.2503,1,False,running
4c5679641a,formation_4_gate_rejoin,214,42.8,1784504800,completion_astar,finish_first,r03,r03,True,center,member,local,3,3,9.33625,0.40388,-0.07886,0.38,3e-05,1000,1000,-164,161,0,0,0000,---,False,0.37882,-0.02993,0.38,3e-05,9.77906,0.36889,cached_path_to_final_target,w,"$1,0,0,0,0,0,0,0,0#",20000,20000,Set tank.c app_speed/duty level to the logged pwm before sending the move key/protocol command; e=stop.,10.74593,30.66715,41,16,0,0.16258,-0.21234,2.4614,10.71105,0.01567,1.289,10.7454,10.7111,1.6536,6,-0.2139,54,0,128.04728,45.80231,0.3714,0.2503,1,False,running
4c5679641a,formation_4_gate_rejoin,214,42.8,1784504800,completion_astar,finish_first,r04,r04,True,center,member,local,0,3,12.08923,0.2173,-0.06037,0.34554,-0.0,909,909,0,-1,0,0,0000,---,False,0.34491,-0.02085,0.34554,-0.0,12.20996,0.21,cached_path_to_final_target,w,"$1,0,0,0,0,0,0,0,0#",18000,18000,Set tank.c app_speed/duty level to the logged pwm before sending the move key/protocol command; e=stop.,12.19197,33.33789,40,12,0,0.14937,-0.21392,0.12099,10.71105,0.01567,1.289,10.7454,10.7111,1.6536,6,-0.2139,54,0,128.04728,45.80231,0.3714,0.2503,1,False,running
4c5679641a,formation_4_gate_rejoin,215,43.0,1784505000,completion_astar,finish_first,r01,r01,True,center,member,local,3,3,9.68529,-0.31433,0.04953,0.38,-0.0,1000,1000,169,195,0,0,0000,---,False,0.37953,0.01881,0.38,-0.0,10.12771,-0.2924,cached_path_to_final_target,w,"$1,0,0,0,0,0,0,0,0#",20000,20000,Set tank.c app_speed/duty level to the logged pwm before sending the move key/protocol command; e=stop.,11.02213,31.59445,41,16,0,0.17367,-0.21234,2.10729,10.78361,0.0156,1.2165,10.8179,10.7836,1.64662,6,-0.2139,54,0,128.82098,46.0932,0.3636,0.2508,1,False,running
4c5679641a,formation_4_gate_rejoin,215,43.0,1784505000,completion_astar,finish_first,r02,r02,True,center,member,local,0,3,11.88512,-0.23466,0.07575,0.38,0.0,1000,1000,0,-1,0,0,0000,---,False,0.37891,0.02876,0.38,0.0,12.20735,-0.2102,cached_path_to_final_target,w,"$1,0,0,0,0,0,0,0,0#",20000,20000,Set tank.c app_speed/duty level to the logged pwm before sending the move key/protocol command; e=stop.,11.99428,32.85083,40,12,0,0.14259,-0.21392,0.32581,10.78361,0.0156,1.2165,10.8179,10.7836,1.64662,6,-0.2139,54,0,128.82098,46.0932,0.3636,0.2508,1,False,running
4c5679641a,formation_4_gate_rejoin,215,43.0,1784505000,completion_astar,finish_first,r03,r03,True,center,member,local,3,3,9.41201,0.39789,-0.07885,0.38,1e-05,1000,1000,-164,168,0,0,0000,---,False,0.37882,-0.02993,0.38,1e-05,9.85359,0.363,cached_path_to_final_target,w,"$1,0,0,0,0,0,0,0,0#",20000,20000,Set tank.c app_speed/duty level to the logged pwm before sending the move key/protocol command; e=stop.,10.82193,30.86867,41,16,0,0.16258,-0.21234,2.3854,10.78361,0.0156,1.2165,10.8179,10.7836,1.64662,6,-0.2139,54,0,128.82098,46.0932,0.3636,0.2508,1,False,running
4c5679641a,formation_4_gate_rejoin,215,43.0,1784505000,completion_astar,finish_first,r04,r04,True,center,member,local,0,3,12.15201,0.21351,-0.06037,0.31445,-0.0,827,827,0,-1,0,0,0000,---,False,0.31387,-0.01897,0.31445,-0.0,12.20999,0.21,cached_path_to_final_target,w,"$1,0,0,0,0,0,0,0,0#",17000,17000,Set tank.c app_speed/duty level to the logged pwm before sending the move key/protocol command; e=stop.,12.25486,33.50704,40,12,0,0.14937,-0.21392,0.0581,10.78361,0.0156,1.2165,10.8179,10.7836,1.64662,6,-0.2139,54,0,128.82098,46.0932,0.3636,0.2508,1,False,running
4c5679641a,formation_4_gate_rejoin,216,43.2,1784505200,completion_astar,finish_first,r01,r01,True,center,member,local,2,3,9.7612,-0.31057,0.04953,0.38,-0.0,1000,1000,170,203,0,0,0000,---,False,0.37953,0.01881,0.38,-0.0,10.20324,-0.28865,cached_path_to_final_target,w,"$1,0,0,0,0,0,0,0,0#",20000,20000,Set tank.c app_speed/duty level to the logged pwm before sending the move key/protocol command; e=stop.,11.09813,31.79597,41,16,0,0.17367,-0.21234,2.03129,10.85068,0.01587,1.1494,10.885,10.8507,1.63034,5,-0.2139,54,0,129.54276,46.36208,0.3361,0.2512,1,False,running
4c5679641a,formation_4_gate_rejoin,216,43.2,1784505200,completion_astar,finish_first,r02,r02,True,center,member,local,0,3,11.9609,-0.22891,0.07575,0.38,0.0,1000,1000,0,-1,0,0,0000,---,False,0.37891,0.02876,0.38,0.0,12.20921,-0.21006,cached_path_to_final_target,w,"$1,0,0,0,0,0,0,0,0#",20000,20000,Set tank.c app_speed/duty level to the logged pwm before sending the move key/protocol command; e=stop.,12.07028,33.05235,40,12,0,0.14259,-0.21392,0.24981,10.85068,0.01587,1.1494,10.885,10.8507,1.63034,5,-0.2139,54,0,129.54276,46.36208,0.3361,0.2512,1,False,running
4c5679641a,formation_4_gate_rejoin,216,43.2,1784505200,completion_astar,finish_first,r03,r03,True,center,member,local,3,3,9.48778,0.39191,-0.07885,0.38,1e-05,1000,1000,-165,176,0,0,0000,---,False,0.37882,-0.02993,0.38,1e-05,9.92899,0.35705,cached_path_to_final_target,w,"$1,0,0,0,0,0,0,0,0#",20000,20000,Set tank.c app_speed/duty level to the logged pwm before sending the move key/protocol command; e=stop.,10.89793,31.07019,41,16,0,0.16258,-0.21234,2.3094,10.85068,0.01587,1.1494,10.885,10.8507,1.63034,5,-0.2139,54,0,129.54276,46.36208,0.3361,0.2512,1,False,running
4c5679641a,formation_4_gate_rejoin,216,43.2,1784505200,completion_astar,finish_first,r04,r04,True,center,arrived,local,0,3,12.19282,0.21104,-0.06037,0.20445,0.0,538,538,0,-1,0,0,0000,-G-,False,0.0,0.0,0.20445,0.0,12.21,0.21,target_reached,w,"$1,0,0,0,0,0,0,0,0#",11000,11000,Set tank.c app_speed/duty level to the logged pwm before sending the move key/protocol command; e=stop.,12.29575,33.62425,40,12,0,0.14937,-0.21392,0.01721,10.85068,0.01587,1.1494,10.885,10.8507,1.63034,5,-0.2139,54,0,129.54276,46.36208,0.3361,0.2512,1,False,running
4c5679641a,formation_4_gate_rejoin,217,43.4,1784505400,completion_astar,finish_first,r01,r01,True,center,member,local,1,3,9.83711,-0.3068,0.04953,0.38,-0.0,1000,1000,170,210,0,0,0000,---,False,0.37953,0.01881,0.38,-0.0,10.27904,-0.2849,path_to_final_target,w,"$1,0,0,0,0,0,0,0,0#",20000,20000,Set tank.c app_speed/duty level to the logged pwm before sending the move key/protocol command; e=stop.,11.17413,31.99749,41,16,0,0.17367,-0.21234,1.95529,10.91225,0.01647,1.0879,10.9466,10.9123,1.60504,5,-0.2139,54,0,130.2063,46.60897,0.3086,0.2514,2,False,running
4c5679641a,formation_4_gate_rejoin,217,43.4,1784505400,completion_astar,finish_first,r02,r02,True,center,member,local,0,3,12.03669,-0.22315,0.07575,0.38,0.0,1000,1000,0,-1,0,0,0000,---,False,0.37891,0.02876,0.38,0.0,12.20976,-0.21002,path_to_final_target,w,"$1,0,0,0,0,0,0,0,0#",20000,20000,Set tank.c app_speed/duty level to the logged pwm before sending the move key/protocol command; e=stop.,12.14628,33.25387,40,12,0,0.14259,-0.21392,0.17381,10.91225,0.01647,1.0879,10.9466,10.9123,1.60504,5,-0.2139,54,0,130.2063,46.60897,0.3086,0.2514,2,False,running
4c5679641a,formation_4_gate_rejoin,217,43.4,1784505400,completion_astar,finish_first,r03,r03,True,center,member,local,3,3,9.56354,0.38592,-0.07885,0.38,0.0,1000,1000,-165,183,0,0,0000,---,False,0.37882,-0.02993,0.38,0.0,10.00464,0.35107,path_to_final_target,w,"$1,0,0,0,0,0,0,0,0#",20000,20000,Set tank.c app_speed/duty level to the logged pwm before sending the move key/protocol command; e=stop.,10.97393,31.27171,41,16,0,0.16258,-0.21234,2.2334,10.91225,0.01647,1.0879,10.9466,10.9123,1.60504,5,-0.2139,54,0,130.2063,46.60897,0.3086,0.2514,2,False,running
4c5679641a,formation_4_gate_rejoin,217,43.4,1784505400,completion_astar,finish_first,r04,r04,True,rejoined,arrived,local,0,3,12.21168,0.2099,-0.06037,0.09445,0.0,249,249,0,-1,0,0,0000,-G-,False,0.0,0.0,0.09445,0.0,12.21,0.21,target_reached,w,"$1,0,0,0,0,0,0,0,0#",5000,5000,Set tank.c app_speed/duty level to the logged pwm before sending the move key/protocol command; e=stop.,12.31463,33.68323,40,12,0,0.14937,-0.21392,0.00168,10.91225,0.01647,1.0879,10.9466,10.9123,1.60504,5,-0.2139,54,0,130.2063,46.60897,0.3086,0.2514,2,False,running
4c5679641a,formation_4_gate_rejoin,218,43.6,1784505600,completion_astar,finish_first,r01,r01,True,center,member,local,1,3,9.91301,-0.30304,0.04953,0.38,-0.0,1000,1000,170,218,0,0,0000,---,False,0.37953,0.01881,0.38,-0.0,10.35491,-0.28114,cached_path_to_final_target,w,"$1,0,0,0,0,0,0,0,0#",20000,20000,Set tank.c app_speed/duty level to the logged pwm before sending the move key/protocol command; e=stop.,11.25013,32.19901,41,16,0,0.17367,-0.21234,1.87929,10.96703,0.01719,1.0331,11.0014,10.967,1.56921,5,-0.2139,54,0,130.79959,46.82862,0.2746,0.2515,2,False,running
4c5679641a,formation_4_gate_rejoin,218,43.6,1784505600,completion_astar,finish_first,r02,r02,True,center,member,local,0,3,12.10413,-0.21803,0.07575,0.33822,0.0,890,890,0,-1,0,0,0000,---,False,0.33725,0.0256,0.33822,0.0,12.20993,-0.21001,cached_path_to_final_target,w,"$1,0,0,0,0,0,0,0,0#",18000,18000,Set tank.c app_speed/duty level to the logged pwm before sending the move key/protocol command; e=stop.,12.21392,33.43656,40,12,0,0.14259,-0.21392,0.10617,10.96703,0.01719,1.0331,11.0014,10.967,1.56921,5,-0.2139,54,0,130.79959,46.82862,0.2746,0.2515,2,False,running
4c5679641a,formation_4_gate_rejoin,218,43.6,1784505600,completion_astar,finish_first,r03,r03,True,center,member,local,3,3,9.63931,0.37994,-0.07885,0.38,0.0,1000,1000,-166,191,0,0,0000,---,False,0.37882,-0.02993,0.38,0.0,10.08037,0.34508,cached_path_to_final_target,w,"$1,0,0,0,0,0,0,0,0#",20000,20000,Set tank.c app_speed/duty level to the logged pwm before sending the move key/protocol command; e=stop.,11.04993,31.47323,41,16,0,0.16258,-0.21234,2.1574,10.96703,0.01719,1.0331,11.0014,10.967,1.56921,5,-0.2139,54,0,130.79959,46.82862,0.2746,0.2515,2,False,running
4c5679641a,formation_4_gate_rejoin,218,43.6,1784505600,completion_astar,finish_first,r04,r04,True,rejoined,arrived,local,0,3,12.21168,0.2099,-0.06037,0.0,0.0,0,0,0,-1,0,0,0000,-G-,False,0.0,0.0,0.0,0.0,12.21,0.21,target_reached,e,"$0,0,0,0,0,0,0,0,0#",0,0,Set tank.c app_speed/duty level to the logged pwm before sending the move key/protocol command; e=stop.,12.31463,33.69079,40,12,0,0.14937,-0.21392,0.00168,10.96703,0.01719,1.0331,11.0014,10.967,1.56921,5,-0.2139,54,0,130.79959,46.82862,0.2746,0.2515,2,False,running
4c5679641a,formation_4_gate_rejoin,219,43.8,1784505800,completion_astar,finish_first,r01,r01,True,center,member,local,1,3,9.98892,-0.29928,0.04953,0.38,-0.0,1000,1000,171,225,0,0,0000,---,False,0.37953,0.01881,0.38,-0.0,10.43081,-0.27737,cached_path_to_final_target,w,"$1,0,0,0,0,0,0,0,0#",20000,20000,Set tank.c app_speed/duty level to the logged pwm before sending the move key/protocol command; e=stop.,11.32613,32.40053,41,16,0,0.17367,-0.21234,1.80329,11.02029,0.0178,0.9799,11.0546,11.0203,1.53151,5,-0.2139,54,0,131.3683,47.04217,0.2669,0.2516,2,False,running
4c5679641a,formation_4_gate_rejoin,219,43.8,1784505800,completion_astar,finish_first,r02,r02,True,center,member,local,0,3,12.16551,-0.21338,0.07575,0.30778,0.0,810,810,0,-1,0,0,0000,---,False,0.30689,0.02329,0.30778,0.0,12.20998,-0.21,cached_path_to_final_target,w,"$1,0,0,0,0,0,0,0,0#",16000,16000,Set tank.c app_speed/duty level to the logged pwm before sending the move key/protocol command; e=stop.,12.27548,33.60223,40,12,0,0.14259,-0.21392,0.04461,11.02029,0.0178,0.9799,11.0546,11.0203,1.53151,5,-0.2139,54,0,131.3683,47.04217,0.2669,0.2516,2,False,running
4c5679641a,formation_4_gate_rejoin,219,43.8,1784505800,completion_astar,finish_first,r03,r03,True,center,member,local,2,3,9.71507,0.37395,-0.07885,0.38,0.0,1000,1000,-166,198,0,0,0000,---,False,0.37882,-0.02993,0.38,0.0,10.15613,0.3391,cached_path_to_final_target,w,"$1,0,0,0,0,0,0,0,0#",20000,20000,Set tank.c app_speed/duty level to the logged pwm before sending the move key/protocol command; e=stop.,11.12593,31.67475,41,16,0,0.16258,-0.21234,2.0814,11.02029,0.0178,0.9799,11.0546,11.0203,1.53151,5,-0.2139,54,0,131.3683,47.04217,0.2669,0.2516,2,False,running
4c5679641a,formation_4_gate_rejoin,219,43.8,1784505800,completion_astar,finish_first,r04,r04,True,rejoined,arrived,local,0,3,12.21168,0.2099,-0.06037,0.0,0.0,0,0,0,-1,0,0,0000,-G-,False,0.0,0.0,0.0,0.0,12.21,0.21,target_reached,e,"$0,0,0,0,0,0,0,0,0#",0,0,Set tank.c app_speed/duty level to the logged pwm before sending the move key/protocol command; e=stop.,12.31463,33.69079,40,12,0,0.14937,-0.21392,0.00168,11.02029,0.0178,0.9799,11.0546,11.0203,1.53151,5,-0.2139,54,0,131.3683,47.04217,0.2669,0.2516,2,False,running
4c5679641a,formation_4_gate_rejoin,220,44.0,1784506000,completion_astar,finish_first,r01,r01,True,center,member,local,1,3,10.06483,-0.29552,0.04953,0.38,-0.0,1000,1000,171,233,0,0,0000,---,False,0.37953,0.01881,0.38,-0.0,10.50672,-0.27361,cached_path_to_final_target,w,"$1,0,0,0,0,0,0,0,0#",20000,20000,Set tank.c app_speed/duty level to the logged pwm before sending the move key/protocol command; e=stop.,11.40213,32.60205,41,16,0,0.17367,-0.21234,1.72729,11.06807,0.01799,0.9321,11.1024,11.0681,1.48553,5,-0.2139,54,0,131.88493,47.23373,0.2394,0.2515,2,False,running
4c5679641a,formation_4_gate_rejoin,220,44.0,1784506000,completion_astar,finish_first,r02,r02,True,center,arrived,local,0,3,12.20495,-0.21038,0.07575,0.19778,0.0,520,520,0,-1,0,0,0000,-G-,False,0.0,0.0,0.19778,0.0,12.20999,-0.21,target_reached,w,"$1,0,0,0,0,0,0,0,0#",10000,10000,Set tank.c app_speed/duty level to the logged pwm before sending the move key/protocol command; e=stop.,12.31504,33.71582,40,12,0,0.14259,-0.21392,0.00506,11.06807,0.01799,0.9321,11.1024,11.0681,1.48553,5,-0.2139,54,0,131.88493,47.23373,0.2394,0.2515,2,False,running
4c5679641a,formation_4_gate_rejoin,220,44.0,1784506000,completion_astar,finish_first,r03,r03,True,center,member,local,2,3,9.79083,0.36796,-0.07885,0.38,0.0,1000,1000,-167,206,0,0,0000,---,False,0.37882,-0.02993,0.38,0.0,10.23189,0.33311,cached_path_to_final_target,w,"$1,0,0,0,0,0,0,0,0#",20000,20000,Set tank.c app_speed/duty level to the logged pwm before sending the move key/protocol command; e=stop.,11.20193,31.87627,41,16,0,0.16258,-0.21234,2.0054,11.06807,0.01799,0.9321,11.1024,11.0681,1.48553,5,-0.2139,54,0,131.88493,47.23373,0.2394,0.2515,2,False,running
4c5679641a,formation_4_gate_rejoin,220,44.0,1784506000,completion_astar,finish_first,r04,r04,True,rejoined,arrived,local,0,3,12.21168,0.2099,-0.06037,0.0,0.0,0,0,0,-1,0,0,0000,-G-,False,0.0,0.0,0.0,0.0,12.21,0.21,target_reached,e,"$0,0,0,0,0,0,0,0,0#",0,0,Set tank.c app_speed/duty level to the logged pwm before sending the move key/protocol command; e=stop.,12.31463,33.69079,40,12,0,0.14937,-0.21392,0.00168,11.06807,0.01799,0.9321,11.1024,11.0681,1.48553,5,-0.2139,54,0,131.88493,47.23373,0.2394,0.2515,2,False,running
4c5679641a,formation_4_gate_rejoin,221,44.2,1784506200,completion_astar,finish_first,r01,r01,True,center,member,local,1,3,10.14073,-0.29175,0.04953,0.38,-0.0,1000,1000,171,241,0,0,0000,---,False,0.37953,0.01881,0.38,-0.0,10.58262,-0.26985,path_to_final_target,w,"$1,0,0,0,0,0,0,0,0#",20000,20000,Set tank.c app_speed/duty level to the logged pwm before sending the move key/protocol command; e=stop.,11.47813,32.80357,41,16,0,0.17367,-0.21234,1.65129,11.11037,0.01777,0.8898,11.1447,11.1104,1.43099,5,-0.2139,54,0,132.34332,47.40328,0.2119,0.2514,2,False,running
4c5679641a,formation_4_gate_rejoin,221,44.2,1784506200,completion_astar,finish_first,r02,r02,True,rejoined,arrived,local,0,3,12.22246,-0.20905,0.07575,0.08778,0.0,231,231,0,-1,0,0,0000,-G-,False,0.0,0.0,0.08778,0.0,12.21,-0.21,target_reached,w,"$1,0,0,0,0,0,0,0,0#",5000,5000,Set tank.c app_speed/duty level to the logged pwm before sending the move key/protocol command; e=stop.,12.33259,33.77117,40,12,0,0.14259,-0.21392,0.0125,11.11037,0.01777,0.8898,11.1447,11.1104,1.43099,5,-0.2139,54,0,132.34332,47.40328,0.2119,0.2514,2,False,running
4c5679641a,formation_4_gate_rejoin,221,44.2,1784506200,completion_astar,finish_first,r03,r03,True,center,member,local,1,3,9.8666,0.36198,-0.07885,0.38,0.0,1000,1000,-167,213,0,0,0000,---,False,0.37882,-0.02993,0.38,0.0,10.30765,0.32713,path_to_final_target,w,"$1,0,0,0,0,0,0,0,0#",20000,20000,Set tank.c app_speed/duty level to the logged pwm before sending the move key/protocol command; e=stop.,11.27793,32.07779,41,16,0,0.16258,-0.21234,1.9294,11.11037,0.01777,0.8898,11.1447,11.1104,1.43099,5,-0.2139,54,0,132.34332,47.40328,0.2119,0.2514,2,False,running
4c5679641a,formation_4_gate_rejoin,221,44.2,1784506200,completion_astar,finish_first,r04,r04,True,rejoined,arrived,local,0,3,12.21168,0.2099,-0.06037,0.0,0.0,0,0,0,-1,0,0,0000,-G-,False,0.0,0.0,0.0,0.0,12.21,0.21,target_reached,e,"$0,0,0,0,0,0,0,0,0#",0,0,Set tank.c app_speed/duty level to the logged pwm before sending the move key/protocol command; e=stop.,12.31463,33.69079,40,12,0,0.14937,-0.21392,0.00168,11.11037,0.01777,0.8898,11.1447,11.1104,1.43099,5,-0.2139,54,0,132.34332,47.40328,0.2119,0.2514,2,False,running
4c5679641a,formation_4_gate_rejoin,222,44.4,1784506400,completion_astar,finish_first,r01,r01,True,center,member,local,1,3,10.21664,-0.28799,0.04953,0.38,-0.0,1000,1000,171,248,0,0,0000,---,False,0.37953,0.01881,0.38,-0.0,10.65853,-0.26609,cached_path_to_final_target,w,"$1,0,0,0,0,0,0,0,0#",20000,20000,Set tank.c app_speed/duty level to the logged pwm before sending the move key/protocol command; e=stop.,11.55413,33.00509,41,16,0,0.17367,-0.21234,1.57529,11.14828,0.01721,0.8519,11.1826,11.1483,1.36955,5,-0.2139,54,0,132.75338,47.55528,0.19,0.2511,2,False,running
4c5679641a,formation_4_gate_rejoin,222,44.4,1784506400,completion_astar,finish_first,r02,r02,True,rejoined,arrived,local,0,3,12.22246,-0.20905,0.07575,0.0,0.0,0,0,0,-1,0,0,0000,-G-,False,0.0,0.0,0.0,0.0,12.21,-0.21,target_reached,e,"$0,0,0,0,0,0,0,0,0#",0,0,Set tank.c app_speed/duty level to the logged pwm before sending the move key/protocol command; e=stop.,12.33259,33.77819,40,12,0,0.14259,-0.21392,0.0125,11.14828,0.01721,0.8519,11.1826,11.1483,1.36955,5,-0.2139,54,0,132.75338,47.55528,0.19,0.2511,2,False,running
4c5679641a,formation_4_gate_rejoin,222,44.4,1784506400,completion_astar,finish_first,r03,r03,True,center,member,local,1,3,9.94236,0.35599,-0.07885,0.38,0.0,1000,1000,-168,221,0,0,0000,---,False,0.37882,-0.02993,0.38,0.0,10.38341,0.32114,cached_path_to_final_target,w,"$1,0,0,0,0,0,0,0,0#",20000,20000,Set tank.c app_speed/duty level to the logged pwm before sending the move key/protocol command; e=stop.,11.35393,32.27931,41,16,0,0.16258,-0.21234,1.8534,11.14828,0.01721,0.8519,11.1826,11.1483,1.36955,5,-0.2139,54,0,132.75338,47.55528,0.19,0.2511,2,False,running
4c5679641a,formation_4_gate_rejoin,222,44.4,1784506400,completion_astar,finish_first,r04,r04,True,rejoined,arrived,local,0,3,12.21168,0.2099,-0.06037,0.0,0.0,0,0,0,-1,0,0,0000,-G-,False,0.0,0.0,0.0,0.0,12.21,0.21,target_reached,e,"$0,0,0,0,0,0,0,0,0#",0,0,Set tank.c app_speed/duty level to the logged pwm before sending the move key/protocol command; e=stop.,12.31463,33.69079,40,12,0,0.14937,-0.21392,0.00168,11.14828,0.01721,0.8519,11.1826,11.1483,1.36955,5,-0.2139,54,0,132.75338,47.55528,0.19,0.2511,2,False,running
4c5679641a,formation_4_gate_rejoin,223,44.6,1784506600,completion_astar,finish_first,r01,r01,True,center,member,local,1,3,10.29255,-0.28423,0.04953,0.38,-0.0,1000,1000,172,256,0,0,0000,---,False,0.37953,0.01881,0.38,-0.0,10.73443,-0.26232,cached_path_to_final_target,w,"$1,0,0,0,0,0,0,0,0#",20000,20000,Set tank.c app_speed/duty level to the logged pwm before sending the move key/protocol command; e=stop.,11.63013,33.20661,41,16,0,0.17367,-0.21234,1.49929,11.1862,0.01665,0.814,11.2206,11.1862,1.30817,5,-0.2139,54,0,133.15642,47.70728,0.19,0.2508,2,False,running
4c5679641a,formation_4_gate_rejoin,223,44.6,1784506600,completion_astar,finish_first,r02,r02,True,rejoined,arrived,local,0,3,12.22246,-0.20905,0.07575,0.0,0.0,0,0,0,-1,0,0,0000,-G-,False,0.0,0.0,0.0,0.0,12.21,-0.21,target_reached,e,"$0,0,0,0,0,0,0,0,0#",0,0,Set tank.c app_speed/duty level to the logged pwm before sending the move key/protocol command; e=stop.,12.33259,33.77819,40,12,0,0.14259,-0.21392,0.0125,11.1862,0.01665,0.814,11.2206,11.1862,1.30817,5,-0.2139,54,0,133.15642,47.70728,0.19,0.2508,2,False,running
4c5679641a,formation_4_gate_rejoin,223,44.6,1784506600,completion_astar,finish_first,r03,r03,True,center,member,local,1,3,10.01812,0.35,-0.07885,0.38,0.0,1000,1000,-168,229,0,0,0000,---,False,0.37882,-0.02993,0.38,0.0,10.45918,0.31515,cached_path_to_final_target,w,"$1,0,0,0,0,0,0,0,0#",20000,20000,Set tank.c app_speed/duty level to the logged pwm before sending the move key/protocol command; e=stop.,11.42993,32.48083,41,16,0,0.16258,-0.21234,1.7774,11.1862,0.01665,0.814,11.2206,11.1862,1.30817,5,-0.2139,54,0,133.15642,47.70728,0.19,0.2508,2,False,running
4c5679641a,formation_4_gate_rejoin,223,44.6,1784506600,completion_astar,finish_first,r04,r04,True,rejoined,arrived,local,0,3,12.21168,0.2099,-0.06037,0.0,0.0,0,0,0,-1,0,0,0000,-G-,False,0.0,0.0,0.0,0.0,12.21,0.21,target_reached,e,"$0,0,0,0,0,0,0,0,0#",0,0,Set tank.c app_speed/duty level to the logged pwm before sending the move key/protocol command; e=stop.,12.31463,33.69079,40,12,0,0.14937,-0.21392,0.00168,11.1862,0.01665,0.814,11.2206,11.1862,1.30817,5,-0.2139,54,0,133.15642,47.70728,0.19,0.2508,2,False,running
4c5679641a,formation_4_gate_rejoin,224,44.8,1784506800,completion_astar,finish_first,r01,r01,True,center,member,local,1,3,10.36845,-0.28047,0.04953,0.38,-0.0,1000,1000,172,263,0,0,0000,---,False,0.37953,0.01881,0.38,-0.0,10.81034,-0.25856,cached_path_to_final_target,w,"$1,0,0,0,0,0,0,0,0#",20000,20000,Set tank.c app_speed/duty level to the logged pwm before sending the move key/protocol command; e=stop.,11.70613,33.40813,41,16,0,0.17367,-0.21234,1.42329,11.22412,0.0161,0.776,11.2585,11.2241,1.24685,5,-0.2139,54,0,133.55946,47.85928,0.19,0.2505,2,False,running
4c5679641a,formation_4_gate_rejoin,224,44.8,1784506800,completion_astar,finish_first,r02,r02,True,rejoined,arrived,local,0,3,12.22246,-0.20905,0.07575,0.0,0.0,0,0,0,-1,0,0,0000,-G-,False,0.0,0.0,0.0,0.0,12.21,-0.21,target_reached,e,"$0,0,0,0,0,0,0,0,0#",0,0,Set tank.c app_speed/duty level to the logged pwm before sending the move key/protocol command; e=stop.,12.33259,33.77819,40,12,0,0.14259,-0.21392,0.0125,11.22412,0.0161,0.776,11.2585,11.2241,1.24685,5,-0.2139,54,0,133.55946,47.85928,0.19,0.2505,2,False,running
4c5679641a,formation_4_gate_rejoin,224,44.8,1784506800,completion_astar,finish_first,r03,r03,True,center,member,local,1,3,10.09389,0.34402,-0.07885,0.38,0.0,1000,1000,-168,236,0,0,0000,---,False,0.37882,-0.02993,0.38,0.0,10.53494,0.30917,cached_path_to_final_target,w,"$1,0,0,0,0,0,0,0,0#",20000,20000,Set tank.c app_speed/duty level to the logged pwm before sending the move key/protocol command; e=stop.,11.50593,32.68235,41,16,0,0.16258,-0.21234,1.7014,11.22412,0.0161,0.776,11.2585,11.2241,1.24685,5,-0.2139,54,0,133.55946,47.85928,0.19,0.2505,2,False,running
4c5679641a,formation_4_gate_rejoin,224,44.8,1784506800,completion_astar,finish_first,r04,r04,True,rejoined,arrived,local,0,3,12.21168,0.2099,-0.06037,0.0,0.0,0,0,0,-1,0,0,0000,-G-,False,0.0,0.0,0.0,0.0,12.21,0.21,target_reached,e,"$0,0,0,0,0,0,0,0,0#",0,0,Set tank.c app_speed/duty level to the logged pwm before sending the move key/protocol command; e=stop.,12.31463,33.69079,40,12,0,0.14937,-0.21392,0.00168,11.22412,0.0161,0.776,11.2585,11.2241,1.24685,5,-0.2139,54,0,133.55946,47.85928,0.19,0.2505,2,False,running
4c5679641a,formation_4_gate_rejoin,225,45.0,1784507000,completion_astar,finish_first,r01,r01,True,center,member,local,1,3,10.44436,-0.2767,0.04953,0.38,-0.0,1000,1000,172,271,0,0,0000,---,False,0.37953,0.01881,0.38,-0.0,10.88625,-0.2548,path_to_final_target,w,"$1,0,0,0,0,0,0,0,0#",20000,20000,Set tank.c app_speed/duty level to the logged pwm before sending the move key/protocol command; e=stop.,11.78213,33.60965,41,16,0,0.17367,-0.21234,1.34729,11.26204,0.01554,0.7381,11.2964,11.262,1.1856,5,-0.2139,54,0,133.9625,48.01128,0.19,0.2503,2,False,running
4c5679641a,formation_4_gate_rejoin,225,45.0,1784507000,completion_astar,finish_first,r02,r02,True,rejoined,arrived,local,0,3,12.22246,-0.20905,0.07575,0.0,0.0,0,0,0,-1,0,0,0000,-G-,False,0.0,0.0,0.0,0.0,12.21,-0.21,target_reached,e,"$0,0,0,0,0,0,0,0,0#",0,0,Set tank.c app_speed/duty level to the logged pwm before sending the move key/protocol command; e=stop.,12.33259,33.77819,40,12,0,0.14259,-0.21392,0.0125,11.26204,0.01554,0.7381,11.2964,11.262,1.1856,5,-0.2139,54,0,133.9625,48.01128,0.19,0.2503,2,False,running
4c5679641a,formation_4_gate_rejoin,225,45.0,1784507000,completion_astar,finish_first,r03,r03,True,center,member,local,1,3,10.16965,0.33803,-0.07885,0.38,0.0,1000,1000,-169,244,0,0,0000,---,False,0.37882,-0.02993,0.38,0.0,10.61071,0.30318,path_to_final_target,w,"$1,0,0,0,0,0,0,0,0#",20000,20000,Set tank.c app_speed/duty level to the logged pwm before sending the move key/protocol command; e=stop.,11.58193,32.88387,41,16,0,0.16258,-0.21234,1.6254,11.26204,0.01554,0.7381,11.2964,11.262,1.1856,5,-0.2139,54,0,133.9625,48.01128,0.19,0.2503,2,False,running
4c5679641a,formation_4_gate_rejoin,225,45.0,1784507000,completion_astar,finish_first,r04,r04,True,rejoined,arrived,local,0,3,12.21168,0.2099,-0.06037,0.0,0.0,0,0,0,-1,0,0,0000,-G-,False,0.0,0.0,0.0,0.0,12.21,0.21,target_reached,e,"$0,0,0,0,0,0,0,0,0#",0,0,Set tank.c app_speed/duty level to the logged pwm before sending the move key/protocol command; e=stop.,12.31463,33.69079,40,12,0,0.14937,-0.21392,0.00168,11.26204,0.01554,0.7381,11.2964,11.262,1.1856,5,-0.2139,54,0,133.9625,48.01128,0.19,0.2503,2,False,running
4c5679641a,formation_4_gate_rejoin,226,45.2,1784507200,completion_astar,finish_first,r01,r01,True,center,member,local,1,3,10.52027,-0.27294,0.04953,0.38,-0.0,1000,1000,172,278,0,0,0000,---,False,0.37953,0.01881,0.38,-0.0,10.96215,-0.25104,cached_path_to_final_target,w,"$1,0,0,0,0,0,0,0,0#",20000,20000,Set tank.c app_speed/duty level to the logged pwm before sending the move key/protocol command; e=stop.,11.85813,33.81117,41,16,0,0.17367,-0.21234,1.27129,11.29995,0.01499,0.7002,11.3343,11.3,1.12443,5,-0.2139,54,0,134.36554,48.16328,0.19,0.25,2,False,running
4c5679641a,formation_4_gate_rejoin,226,45.2,1784507200,completion_astar,finish_first,r02,r02,True,rejoined,arrived,local,0,3,12.22246,-0.20905,0.07575,0.0,0.0,0,0,0,-1,0,0,0000,-G-,False,0.0,0.0,0.0,0.0,12.21,-0.21,target_reached,e,"$0,0,0,0,0,0,0,0,0#",0,0,Set tank.c app_speed/duty level to the logged pwm before sending the move key/protocol command; e=stop.,12.33259,33.77819,40,12,0,0.14259,-0.21392,0.0125,11.29995,0.01499,0.7002,11.3343,11.3,1.12443,5,-0.2139,54,0,134.36554,48.16328,0.19,0.25,2,False,running
4c5679641a,formation_4_gate_rejoin,226,45.2,1784507200,completion_astar,finish_first,r03,r03,True,center,member,local,1,3,10.24542,0.33204,-0.07885,0.38,0.0,1000,1000,-169,251,0,0,0000,---,False,0.37882,-0.02993,0.38,0.0,10.68647,0.29719,cached_path_to_final_target,w,"$1,0,0,0,0,0,0,0,0#",20000,20000,Set tank.c app_speed/duty level to the logged pwm before sending the move key/protocol command; e=stop.,11.65793,33.08539,41,16,0,0.16258,-0.21234,1.5494,11.29995,0.01499,0.7002,11.3343,11.3,1.12443,5,-0.2139,54,0,134.36554,48.16328,0.19,0.25,2,False,running
4c5679641a,formation_4_gate_rejoin,226,45.2,1784507200,completion_astar,finish_first,r04,r04,True,rejoined,arrived,local,0,3,12.21168,0.2099,-0.06037,0.0,0.0,0,0,0,-1,0,0,0000,-G-,False,0.0,0.0,0.0,0.0,12.21,0.21,target_reached,e,"$0,0,0,0,0,0,0,0,0#",0,0,Set tank.c app_speed/duty level to the logged pwm before sending the move key/protocol command; e=stop.,12.31463,33.69079,40,12,0,0.14937,-0.21392,0.00168,11.29995,0.01499,0.7002,11.3343,11.3,1.12443,5,-0.2139,54,0,134.36554,48.16328,0.19,0.25,2,False,running
4c5679641a,formation_4_gate_rejoin,227,45.4,1784507400,completion_astar,finish_first,r01,r01,True,center,member,local,1,3,10.59618,-0.26918,0.04953,0.38,-0.0,1000,1000,172,286,0,0,0000,---,False,0.37953,0.01881,0.38,-0.0,11.03806,-0.24727,cached_path_to_final_target,w,"$1,0,0,0,0,0,0,0,0#",20000,20000,Set tank.c app_speed/duty level to the logged pwm before sending the move key/protocol command; e=stop.,11.93413,34.01269,41,16,0,0.17367,-0.21234,1.19529,11.33787,0.01443,0.6623,11.3722,11.3379,1.06335,5,-0.2139,54,0,134.76858,48.31528,0.19,0.2497,2,False,running
4c5679641a,formation_4_gate_rejoin,227,45.4,1784507400,completion_astar,finish_first,r02,r02,True,rejoined,arrived,local,0,3,12.22246,-0.20905,0.07575,0.0,0.0,0,0,0,-1,0,0,0000,-G-,False,0.0,0.0,0.0,0.0,12.21,-0.21,target_reached,e,"$0,0,0,0,0,0,0,0,0#",0,0,Set tank.c app_speed/duty level to the logged pwm before sending the move key/protocol command; e=stop.,12.33259,33.77819,40,12,0,0.14259,-0.21392,0.0125,11.33787,0.01443,0.6623,11.3722,11.3379,1.06335,5,-0.2139,54,0,134.76858,48.31528,0.19,0.2497,2,False,running
4c5679641a,formation_4_gate_rejoin,227,45.4,1784507400,completion_astar,finish_first,r03,r03,True,center,member,local,1,3,10.32118,0.32606,-0.07885,0.38,0.0,1000,1000,-169,259,0,0,0000,---,False,0.37882,-0.02993,0.38,0.0,10.76223,0.29121,cached_path_to_final_target,w,"$1,0,0,0,0,0,0,0,0#",20000,20000,Set tank.c app_speed/duty level to the logged pwm before sending the move key/protocol command; e=stop.,11.73393,33.28691,41,16,0,0.16258,-0.21234,1.4734,11.33787,0.01443,0.6623,11.3722,11.3379,1.06335,5,-0.2139,54,0,134.76858,48.31528,0.19,0.2497,2,False,running
4c5679641a,formation_4_gate_rejoin,227,45.4,1784507400,completion_astar,finish_first,r04,r04,True,rejoined,arrived,local,0,3,12.21168,0.2099,-0.06037,0.0,0.0,0,0,0,-1,0,0,0000,-G-,False,0.0,0.0,0.0,0.0,12.21,0.21,target_reached,e,"$0,0,0,0,0,0,0,0,0#",0,0,Set tank.c app_speed/duty level to the logged pwm before sending the move key/protocol command; e=stop.,12.31463,33.69079,40,12,0,0.14937,-0.21392,0.00168,11.33787,0.01443,0.6623,11.3722,11.3379,1.06335,5,-0.2139,54,0,134.76858,48.31528,0.19,0.2497,2,False,running
4c5679641a,formation_4_gate_rejoin,228,45.6,1784507600,completion_astar,finish_first,r01,r01,True,center,member,local,1,3,10.67208,-0.26541,0.04953,0.38,-0.0,1000,1000,173,294,0,0,0000,---,False,0.37953,0.01881,0.38,-0.0,11.11397,-0.24351,cached_path_to_final_target,w,"$1,0,0,0,0,0,0,0,0#",20000,20000,Set tank.c app_speed/duty level to the logged pwm before sending the move key/protocol command; e=stop.,12.01013,34.21421,41,16,0,0.17367,-0.21234,1.11929,11.37579,0.01388,0.6244,11.4102,11.3758,1.00238,5,-0.2139,54,0,135.17162,48.46728,0.19,0.2495,2,False,running
4c5679641a,formation_4_gate_rejoin,228,45.6,1784507600,completion_astar,finish_first,r02,r02,True,rejoined,arrived,local,0,3,12.22246,-0.20905,0.07575,0.0,0.0,0,0,0,-1,0,0,0000,-G-,False,0.0,0.0,0.0,0.0,12.21,-0.21,target_reached,e,"$0,0,0,0,0,0,0,0,0#",0,0,Set tank.c app_speed/duty level to the logged pwm before sending the move key/protocol command; e=stop.,12.33259,33.77819,40,12,0,0.14259,-0.21392,0.0125,11.37579,0.01388,0.6244,11.4102,11.3758,1.00238,5,-0.2139,54,0,135.17162,48.46728,0.19,0.2495,2,False,running
4c5679641a,formation_4_gate_rejoin,228,45.6,1784507600,completion_astar,finish_first,r03,r03,True,center,member,local,1,3,10.39694,0.32007,-0.07885,0.38,0.0,1000,1000,-169,266,0,0,0000,---,False,0.37882,-0.02993,0.38,0.0,10.838,0.28522,cached_path_to_final_target,w,"$1,0,0,0,0,0,0,0,0#",20000,20000,Set tank.c app_speed/duty level to the logged pwm before sending the move key/protocol command; e=stop.,11.80993,33.48843,41,16,0,0.16258,-0.21234,1.3974,11.37579,0.01388,0.6244,11.4102,11.3758,1.00238,5,-0.2139,54,0,135.17162,48.46728,0.19,0.2495,2,False,running
4c5679641a,formation_4_gate_rejoin,228,45.6,1784507600,completion_astar,finish_first,r04,r04,True,rejoined,arrived,local,0,3,12.21168,0.2099,-0.06037,0.0,0.0,0,0,0,-1,0,0,0000,-G-,False,0.0,0.0,0.0,0.0,12.21,0.21,target_reached,e,"$0,0,0,0,0,0,0,0,0#",0,0,Set tank.c app_speed/duty level to the logged pwm before sending the move key/protocol command; e=stop.,12.31463,33.69079,40,12,0,0.14937,-0.21392,0.00168,11.37579,0.01388,0.6244,11.4102,11.3758,1.00238,5,-0.2139,54,0,135.17162,48.46728,0.19,0.2495,2,False,running
4c5679641a,formation_4_gate_rejoin,229,45.8,1784507800,completion_astar,finish_first,r01,r01,True,center,member,local,1,3,10.74799,-0.26165,0.04953,0.38,-0.0,1000,1000,173,301,0,0,0000,---,False,0.37953,0.01881,0.38,-0.0,11.18987,-0.23975,path_to_final_target,w,"$1,0,0,0,0,0,0,0,0#",20000,20000,Set tank.c app_speed/duty level to the logged pwm before sending the move key/protocol command; e=stop.,12.08613,34.41573,41,16,0,0.17367,-0.21234,1.04329,11.41371,0.01332,0.5864,11.4481,11.4137,0.94152,5,-0.2139,54,0,135.57466,48.61928,0.19,0.2492,2,False,running
4c5679641a,formation_4_gate_rejoin,229,45.8,1784507800,completion_astar,finish_first,r02,r02,True,rejoined,arrived,local,0,3,12.22246,-0.20905,0.07575,0.0,0.0,0,0,0,-1,0,0,0000,-G-,False,0.0,0.0,0.0,0.0,12.21,-0.21,target_reached,e,"$0,0,0,0,0,0,0,0,0#",0,0,Set tank.c app_speed/duty level to the logged pwm before sending the move key/protocol command; e=stop.,12.33259,33.77819,40,12,0,0.14259,-0.21392,0.0125,11.41371,0.01332,0.5864,11.4481,11.4137,0.94152,5,-0.2139,54,0,135.57466,48.61928,0.19,0.2492,2,False,running
4c5679641a,formation_4_gate_rejoin,229,45.8,1784507800,completion_astar,finish_first,r03,r03,True,center,member,local,1,3,10.47271,0.31408,-0.07885,0.38,0.0,1000,1000,-170,274,0,0,0000,---,False,0.37882,-0.02993,0.38,0.0,10.91376,0.27924,path_to_final_target,w,"$1,0,0,0,0,0,0,0,0#",20000,20000,Set tank.c app_speed/duty level to the logged pwm before sending the move key/protocol command; e=stop.,11.88593,33.68995,41,16,0,0.16258,-0.21234,1.3214,11.41371,0.01332,0.5864,11.4481,11.4137,0.94152,5,-0.2139,54,0,135.57466,48.61928,0.19,0.2492,2,False,running
4c5679641a,formation_4_gate_rejoin,229,45.8,1784507800,completion_astar,finish_first,r04,r04,True,rejoined,arrived,local,0,3,12.21168,0.2099,-0.06037,0.0,0.0,0,0,0,-1,0,0,0000,-G-,False,0.0,0.0,0.0,0.0,12.21,0.21,target_reached,e,"$0,0,0,0,0,0,0,0,0#",0,0,Set tank.c app_speed/duty level to the logged pwm before sending the move key/protocol command; e=stop.,12.31463,33.69079,40,12,0,0.14937,-0.21392,0.00168,11.41371,0.01332,0.5864,11.4481,11.4137,0.94152,5,-0.2139,54,0,135.57466,48.61928,0.19,0.2492,2,False,running
4c5679641a,formation_4_gate_rejoin,230,46.0,1784508000,completion_astar,finish_first,r01,r01,True,center,member,local,1,3,10.8239,-0.25789,0.04953,0.38,-0.0,1000,1000,173,309,0,0,0000,---,False,0.37953,0.01881,0.38,-0.0,11.26578,-0.23599,cached_path_to_final_target,w,"$1,0,0,0,0,0,0,0,0#",20000,20000,Set tank.c app_speed/duty level to the logged pwm before sending the move key/protocol command; e=stop.,12.16213,34.61725,41,16,0,0.17367,-0.21234,0.96729,11.45163,0.01276,0.5485,11.486,11.4516,0.8808,5,-0.2139,54,0,135.9777,48.77128,0.19,0.2489,2,False,running
4c5679641a,formation_4_gate_rejoin,230,46.0,1784508000,completion_astar,finish_first,r02,r02,True,rejoined,arrived,local,0,3,12.22246,-0.20905,0.07575,0.0,0.0,0,0,0,-1,0,0,0000,-G-,False,0.0,0.0,0.0,0.0,12.21,-0.21,target_reached,e,"$0,0,0,0,0,0,0,0,0#",0,0,Set tank.c app_speed/duty level to the logged pwm before sending the move key/protocol command; e=stop.,12.33259,33.77819,40,12,0,0.14259,-0.21392,0.0125,11.45163,0.01276,0.5485,11.486,11.4516,0.8808,5,-0.2139,54,0,135.9777,48.77128,0.19,0.2489,2,False,running
4c5679641a,formation_4_gate_rejoin,230,46.0,1784508000,completion_astar,finish_first,r03,r03,True,center,member,local,1,3,10.54847,0.3081,-0.07885,0.38,0.0,1000,1000,-170,281,0,0,0000,---,False,0.37882,-0.02993,0.38,0.0,10.98953,0.27325,cached_path_to_final_target,w,"$1,0,0,0,0,0,0,0,0#",20000,20000,Set tank.c app_speed/duty level to the logged pwm before sending the move key/protocol command; e=stop.,11.96193,33.89147,41,16,0,0.16258,-0.21234,1.2454,11.45163,0.01276,0.5485,11.486,11.4516,0.8808,5,-0.2139,54,0,135.9777,48.77128,0.19,0.2489,2,False,running
4c5679641a,formation_4_gate_rejoin,230,46.0,1784508000,completion_astar,finish_first,r04,r04,True,rejoined,arrived,local,0,3,12.21168,0.2099,-0.06037,0.0,0.0,0,0,0,-1,0,0,0000,-G-,False,0.0,0.0,0.0,0.0,12.21,0.21,target_reached,e,"$0,0,0,0,0,0,0,0,0#",0,0,Set tank.c app_speed/duty level to the logged pwm before sending the move key/protocol command; e=stop.,12.31463,33.69079,40,12,0,0.14937,-0.21392,0.00168,11.45163,0.01276,0.5485,11.486,11.4516,0.8808,5,-0.2139,54,0,135.9777,48.77128,0.19,0.2489,2,False,running
4c5679641a,formation_4_gate_rejoin,231,46.2,1784508200,completion_astar,finish_first,r01,r01,True,center,member,local,1,3,10.8998,-0.25413,0.04953,0.38,-0.0,1000,1000,173,316,0,0,0000,---,False,0.37953,0.01881,0.38,-0.0,11.34169,-0.23222,cached_path_to_final_target,w,"$1,0,0,0,0,0,0,0,0#",20000,20000,Set tank.c app_speed/duty level to the logged pwm before sending the move key/protocol command; e=stop.,12.23813,34.81877,41,16,0,0.17367,-0.21234,0.89129,11.48954,0.01221,0.5106,11.5239,11.4895,0.82025,5,-0.2139,54,0,136.38074,48.92328,0.19,0.2487,2,False,running
4c5679641a,formation_4_gate_rejoin,231,46.2,1784508200,completion_astar,finish_first,r02,r02,True,rejoined,arrived,local,0,3,12.22246,-0.20905,0.07575,0.0,0.0,0,0,0,-1,0,0,0000,-G-,False,0.0,0.0,0.0,0.0,12.21,-0.21,target_reached,e,"$0,0,0,0,0,0,0,0,0#",0,0,Set tank.c app_speed/duty level to the logged pwm before sending the move key/protocol command; e=stop.,12.33259,33.77819,40,12,0,0.14259,-0.21392,0.0125,11.48954,0.01221,0.5106,11.5239,11.4895,0.82025,5,-0.2139,54,0,136.38074,48.92328,0.19,0.2487,2,False,running
4c5679641a,formation_4_gate_rejoin,231,46.2,1784508200,completion_astar,finish_first,r03,r03,True,center,member,local,1,3,10.62424,0.30211,-0.07885,0.38,0.0,1000,1000,-170,289,0,0,0000,---,False,0.37882,-0.02993,0.38,0.0,11.06529,0.26726,cached_path_to_final_target,w,"$1,0,0,0,0,0,0,0,0#",20000,20000,Set tank.c app_speed/duty level to the logged pwm before sending the move key/protocol command; e=stop.,12.03793,34.09299,41,16,0,0.16258,-0.21234,1.1694,11.48954,0.01221,0.5106,11.5239,11.4895,0.82025,5,-0.2139,54,0,136.38074,48.92328,0.19,0.2487,2,False,running
4c5679641a,formation_4_gate_rejoin,231,46.2,1784508200,completion_astar,finish_first,r04,r04,True,rejoined,arrived,local,0,3,12.21168,0.2099,-0.06037,0.0,0.0,0,0,0,-1,0,0,0000,-G-,False,0.0,0.0,0.0,0.0,12.21,0.21,target_reached,e,"$0,0,0,0,0,0,0,0,0#",0,0,Set tank.c app_speed/duty level to the logged pwm before sending the move key/protocol command; e=stop.,12.31463,33.69079,40,12,0,0.14937,-0.21392,0.00168,11.48954,0.01221,0.5106,11.5239,11.4895,0.82025,5,-0.2139,54,0,136.38074,48.92328,0.19,0.2487,2,False,running
4c5679641a,formation_4_gate_rejoin,232,46.4,1784508400,completion_astar,finish_first,r01,r01,True,center,member,local,1,3,10.97571,-0.25036,0.04953,0.38,-0.0,1000,1000,173,324,0,0,0000,---,False,0.37953,0.01881,0.38,-0.0,11.4176,-0.22846,cached_path_to_final_target,w,"$1,0,0,0,0,0,0,0,0#",20000,20000,Set tank.c app_speed/duty level to the logged pwm before sending the move key/protocol command; e=stop.,12.31413,35.02029,41,16,0,0.17367,-0.21234,0.81529,11.52746,0.01165,0.4727,11.5619,11.5275,0.75988,5,-0.2139,54,0,136.78378,49.07528,0.19,0.2484,2,False,running
4c5679641a,formation_4_gate_rejoin,232,46.4,1784508400,completion_astar,finish_first,r02,r02,True,rejoined,arrived,local,0,3,12.22246,-0.20905,0.07575,0.0,0.0,0,0,0,-1,0,0,0000,-G-,False,0.0,0.0,0.0,0.0,12.21,-0.21,target_reached,e,"$0,0,0,0,0,0,0,0,0#",0,0,Set tank.c app_speed/duty level to the logged pwm before sending the move key/protocol command; e=stop.,12.33259,33.77819,40,12,0,0.14259,-0.21392,0.0125,11.52746,0.01165,0.4727,11.5619,11.5275,0.75988,5,-0.2139,54,0,136.78378,49.07528,0.19,0.2484,2,False,running
4c5679641a,formation_4_gate_rejoin,232,46.4,1784508400,completion_astar,finish_first,r03,r03,True,center,member,local,1,3,10.7,0.29613,-0.07885,0.38,0.0,1000,1000,-170,296,0,0,0000,---,False,0.37882,-0.02993,0.38,0.0,11.14105,0.26128,cached_path_to_final_target,w,"$1,0,0,0,0,0,0,0,0#",20000,20000,Set tank.c app_speed/duty level to the logged pwm before sending the move key/protocol command; e=stop.,12.11393,34.29451,41,16,0,0.16258,-0.21234,1.0934,11.52746,0.01165,0.4727,11.5619,11.5275,0.75988,5,-0.2139,54,0,136.78378,49.07528,0.19,0.2484,2,False,running
4c5679641a,formation_4_gate_rejoin,232,46.4,1784508400,completion_astar,finish_first,r04,r04,True,rejoined,arrived,local,0,3,12.21168,0.2099,-0.06037,0.0,0.0,0,0,0,-1,0,0,0000,-G-,False,0.0,0.0,0.0,0.0,12.21,0.21,target_reached,e,"$0,0,0,0,0,0,0,0,0#",0,0,Set tank.c app_speed/duty level to the logged pwm before sending the move key/protocol command; e=stop.,12.31463,33.69079,40,12,0,0.14937,-0.21392,0.00168,11.52746,0.01165,0.4727,11.5619,11.5275,0.75988,5,-0.2139,54,0,136.78378,49.07528,0.19,0.2484,2,False,running
4c5679641a,formation_4_gate_rejoin,233,46.6,1784508600,completion_astar,finish_first,r01,r01,True,center,member,local,1,3,11.05162,-0.2466,0.04953,0.38,-0.0,1000,1000,173,332,0,0,0000,---,False,0.37953,0.01881,0.38,-0.0,11.4935,-0.2247,path_to_final_target,w,"$1,0,0,0,0,0,0,0,0#",20000,20000,Set tank.c app_speed/duty level to the logged pwm before sending the move key/protocol command; e=stop.,12.39013,35.22181,41,16,0,0.17367,-0.21234,0.73929,11.56538,0.0111,0.4348,11.5998,11.5654,0.69975,5,-0.2139,54,0,137.18682,49.22728,0.19,0.2482,2,False,running
4c5679641a,formation_4_gate_rejoin,233,46.6,1784508600,completion_astar,finish_first,r02,r02,True,rejoined,arrived,local,0,3,12.22246,-0.20905,0.07575,0.0,0.0,0,0,0,-1,0,0,0000,-G-,False,0.0,0.0,0.0,0.0,12.21,-0.21,target_reached,e,"$0,0,0,0,0,0,0,0,0#",0,0,Set tank.c app_speed/duty level to the logged pwm before sending the move key/protocol command; e=stop.,12.33259,33.77819,40,12,0,0.14259,-0.21392,0.0125,11.56538,0.0111,0.4348,11.5998,11.5654,0.69975,5,-0.2139,54,0,137.18682,49.22728,0.19,0.2482,2,False,running
4c5679641a,formation_4_gate_rejoin,233,46.6,1784508600,completion_astar,finish_first,r03,r03,True,center,member,local,1,3,10.77576,0.29014,-0.07885,0.38,0.0,1000,1000,-171,304,0,0,0000,---,False,0.37882,-0.02993,0.38,0.0,11.21682,0.25529,path_to_final_target,w,"$1,0,0,0,0,0,0,0,0#",20000,20000,Set tank.c app_speed/duty level to the logged pwm before sending the move key/protocol command; e=stop.,12.18993,34.49603,41,16,0,0.16258,-0.21234,1.0174,11.56538,0.0111,0.4348,11.5998,11.5654,0.69975,5,-0.2139,54,0,137.18682,49.22728,0.19,0.2482,2,False,running
4c5679641a,formation_4_gate_rejoin,233,46.6,1784508600,completion_astar,finish_first,r04,r04,True,rejoined,arrived,local,0,3,12.21168,0.2099,-0.06037,0.0,0.0,0,0,0,-1,0,0,0000,-G-,False,0.0,0.0,0.0,0.0,12.21,0.21,target_reached,e,"$0,0,0,0,0,0,0,0,0#",0,0,Set tank.c app_speed/duty level to the logged pwm before sending the move key/protocol command; e=stop.,12.31463,33.69079,40,12,0,0.14937,-0.21392,0.00168,11.56538,0.0111,0.4348,11.5998,11.5654,0.69975,5,-0.2139,54,0,137.18682,49.22728,0.19,0.2482,2,False,running
4c5679641a,formation_4_gate_rejoin,234,46.8,1784508800,completion_astar,finish_first,r01,r01,True,center,member,local,1,3,11.12752,-0.24284,0.04953,0.38,-0.0,1000,1000,173,339,0,0,0000,---,False,0.37953,0.01881,0.38,-0.0,11.56941,-0.22093,cached_path_to_final_target,w,"$1,0,0,0,0,0,0,0,0#",20000,20000,Set tank.c app_speed/duty level to the logged pwm before sending the move key/protocol command; e=stop.,12.46613,35.42333,41,16,0,0.17367,-0.21234,0.66329,11.6033,0.01054,0.3968,11.6377,11.6033,0.63989,5,-0.2139,54,0,137.58986,49.37928,0.19,0.2479,2,False,running
4c5679641a,formation_4_gate_rejoin,234,46.8,1784508800,completion_astar,finish_first,r02,r02,True,rejoined,arrived,local,0,3,12.22246,-0.20905,0.07575,0.0,0.0,0,0,0,-1,0,0,0000,-G-,False,0.0,0.0,0.0,0.0,12.21,-0.21,target_reached,e,"$0,0,0,0,0,0,0,0,0#",0,0,Set tank.c app_speed/duty level to the logged pwm before sending the move key/protocol command; e=stop.,12.33259,33.77819,40,12,0,0.14259,-0.21392,0.0125,11.6033,0.01054,0.3968,11.6377,11.6033,0.63989,5,-0.2139,54,0,137.58986,49.37928,0.19,0.2479,2,False,running
4c5679641a,formation_4_gate_rejoin,234,46.8,1784508800,completion_astar,finish_first,r03,r03,True,center,member,local,1,3,10.85153,0.28415,-0.07885,0.38,0.0,1000,1000,-171,312,0,0,0000,---,False,0.37882,-0.02993,0.38,0.0,11.29258,0.2493,cached_path_to_final_target,w,"$1,0,0,0,0,0,0,0,0#",20000,20000,Set tank.c app_speed/duty level to the logged pwm before sending the move key/protocol command; e=stop.,12.26593,34.69755,41,16,0,0.16258,-0.21234,0.9414,11.6033,0.01054,0.3968,11.6377,11.6033,0.63989,5,-0.2139,54,0,137.58986,49.37928,0.19,0.2479,2,False,running
4c5679641a,formation_4_gate_rejoin,234,46.8,1784508800,completion_astar,finish_first,r04,r04,True,rejoined,arrived,local,0,3,12.21168,0.2099,-0.06037,0.0,0.0,0,0,0,-1,0,0,0000,-G-,False,0.0,0.0,0.0,0.0,12.21,0.21,target_reached,e,"$0,0,0,0,0,0,0,0,0#",0,0,Set tank.c app_speed/duty level to the logged pwm before sending the move key/protocol command; e=stop.,12.31463,33.69079,40,12,0,0.14937,-0.21392,0.00168,11.6033,0.01054,0.3968,11.6377,11.6033,0.63989,5,-0.2139,54,0,137.58986,49.37928,0.19,0.2479,2,False,running
4c5679641a,formation_4_gate_rejoin,235,47.0,1784509000,completion_astar,finish_first,r01,r01,True,center,member,local,1,3,11.20343,-0.23908,0.04953,0.38,-0.0,1000,1000,174,347,0,0,0000,---,False,0.37953,0.01881,0.38,-0.0,11.64532,-0.21717,cached_path_to_final_target,w,"$1,0,0,0,0,0,0,0,0#",20000,20000,Set tank.c app_speed/duty level to the logged pwm before sending the move key/protocol command; e=stop.,12.54213,35.62485,41,16,0,0.17367,-0.21234,0.58729,11.64121,0.00998,0.3589,11.6756,11.6412,0.58037,5,-0.2139,54,0,137.9929,49.53128,0.19,0.2477,2,False,running
4c5679641a,formation_4_gate_rejoin,235,47.0,1784509000,completion_astar,finish_first,r02,r02,True,rejoined,arrived,local,0,3,12.22246,-0.20905,0.07575,0.0,0.0,0,0,0,-1,0,0,0000,-G-,False,0.0,0.0,0.0,0.0,12.21,-0.21,target_reached,e,"$0,0,0,0,0,0,0,0,0#",0,0,Set tank.c app_speed/duty level to the logged pwm before sending the move key/protocol command; e=stop.,12.33259,33.77819,40,12,0,0.14259,-0.21392,0.0125,11.64121,0.00998,0.3589,11.6756,11.6412,0.58037,5,-0.2139,54,0,137.9929,49.53128,0.19,0.2477,2,False,running
4c5679641a,formation_4_gate_rejoin,235,47.0,1784509000,completion_astar,finish_first,r03,r03,True,center,member,local,1,3,10.92729,0.27817,-0.07885,0.38,0.0,1000,1000,-171,319,0,0,0000,---,False,0.37882,-0.02993,0.38,0.0,11.36834,0.24332,cached_path_to_final_target,w,"$1,0,0,0,0,0,0,0,0#",20000,20000,Set tank.c app_speed/duty level to the logged pwm before sending the move key/protocol command; e=stop.,12.34193,34.89907,41,16,0,0.16258,-0.21234,0.8654,11.64121,0.00998,0.3589,11.6756,11.6412,0.58037,5,-0.2139,54,0,137.9929,49.53128,0.19,0.2477,2,False,running
4c5679641a,formation_4_gate_rejoin,235,47.0,1784509000,completion_astar,finish_first,r04,r04,True,rejoined,arrived,local,0,3,12.21168,0.2099,-0.06037,0.0,0.0,0,0,0,-1,0,0,0000,-G-,False,0.0,0.0,0.0,0.0,12.21,0.21,target_reached,e,"$0,0,0,0,0,0,0,0,0#",0,0,Set tank.c app_speed/duty level to the logged pwm before sending the move key/protocol command; e=stop.,12.31463,33.69079,40,12,0,0.14937,-0.21392,0.00168,11.64121,0.00998,0.3589,11.6756,11.6412,0.58037,5,-0.2139,54,0,137.9929,49.53128,0.19,0.2477,2,False,running
4c5679641a,formation_4_gate_rejoin,236,47.2,1784509200,completion_astar,finish_first,r01,r01,True,center,member,local,1,3,11.27934,-0.23531,0.04953,0.38,-0.0,1000,1000,174,354,0,0,0000,---,False,0.37953,0.01881,0.38,-0.0,11.72122,-0.21341,cached_path_to_final_target,w,"$1,0,0,0,0,0,0,0,0#",20000,20000,Set tank.c app_speed/duty level to the logged pwm before sending the move key/protocol command; e=stop.,12.61813,35.82637,41,16,0,0.17367,-0.21234,0.51129,11.67913,0.00943,0.321,11.7135,11.6791,0.52127,5,-0.2139,54,0,138.39594,49.68328,0.19,0.2474,2,False,running
4c5679641a,formation_4_gate_rejoin,236,47.2,1784509200,completion_astar,finish_first,r02,r02,True,rejoined,arrived,local,0,3,12.22246,-0.20905,0.07575,0.0,0.0,0,0,0,-1,0,0,0000,-G-,False,0.0,0.0,0.0,0.0,12.21,-0.21,target_reached,e,"$0,0,0,0,0,0,0,0,0#",0,0,Set tank.c app_speed/duty level to the logged pwm before sending the move key/protocol command; e=stop.,12.33259,33.77819,40,12,0,0.14259,-0.21392,0.0125,11.67913,0.00943,0.321,11.7135,11.6791,0.52127,5,-0.2139,54,0,138.39594,49.68328,0.19,0.2474,2,False,running
4c5679641a,formation_4_gate_rejoin,236,47.2,1784509200,completion_astar,finish_first,r03,r03,True,center,member,local,1,3,11.00305,0.27218,-0.07885,0.38,0.0,1000,1000,-171,327,0,0,0000,---,False,0.37882,-0.02993,0.38,0.0,11.44411,0.23733,cached_path_to_final_target,w,"$1,0,0,0,0,0,0,0,0#",20000,20000,Set tank.c app_speed/duty level to the logged pwm before sending the move key/protocol command; e=stop.,12.41793,35.10059,41,16,0,0.16258,-0.21234,0.7894,11.67913,0.00943,0.321,11.7135,11.6791,0.52127,5,-0.2139,54,0,138.39594,49.68328,0.19,0.2474,2,False,running
4c5679641a,formation_4_gate_rejoin,236,47.2,1784509200,completion_astar,finish_first,r04,r04,True,rejoined,arrived,local,0,3,12.21168,0.2099,-0.06037,0.0,0.0,0,0,0,-1,0,0,0000,-G-,False,0.0,0.0,0.0,0.0,12.21,0.21,target_reached,e,"$0,0,0,0,0,0,0,0,0#",0,0,Set tank.c app_speed/duty level to the logged pwm before sending the move key/protocol command; e=stop.,12.31463,33.69079,40,12,0,0.14937,-0.21392,0.00168,11.67913,0.00943,0.321,11.7135,11.6791,0.52127,5,-0.2139,54,0,138.39594,49.68328,0.19,0.2474,2,False,running
4c5679641a,formation_4_gate_rejoin,237,47.4,1784509400,completion_astar,finish_first,r01,r01,True,center,member,local,1,3,11.35524,-0.23155,0.04953,0.38,-0.0,1000,1000,174,362,0,0,0000,---,False,0.37953,0.01881,0.38,-0.0,11.76937,-0.21102,path_to_final_target,w,"$1,0,0,0,0,0,0,0,0#",20000,20000,Set tank.c app_speed/duty level to the logged pwm before sending the move key/protocol command; e=stop.,12.69413,36.02789,41,16,0,0.17367,-0.21234,0.43529,11.71705,0.00887,0.2831,11.7515,11.717,0.46272,5,-0.2139,54,0,138.79898,49.83528,0.19,0.2472,2,False,running
4c5679641a,formation_4_gate_rejoin,237,47.4,1784509400,completion_astar,finish_first,r02,r02,True,rejoined,arrived,local,0,3,12.22246,-0.20905,0.07575,0.0,0.0,0,0,0,-1,0,0,0000,-G-,False,0.0,0.0,0.0,0.0,12.21,-0.21,target_reached,e,"$0,0,0,0,0,0,0,0,0#",0,0,Set tank.c app_speed/duty level to the logged pwm before sending the move key/protocol command; e=stop.,12.33259,33.77819,40,12,0,0.14259,-0.21392,0.0125,11.71705,0.00887,0.2831,11.7515,11.717,0.46272,5,-0.2139,54,0,138.79898,49.83528,0.19,0.2472,2,False,running
4c5679641a,formation_4_gate_rejoin,237,47.4,1784509400,completion_astar,finish_first,r03,r03,True,center,member,local,1,3,11.07882,0.26619,-0.07885,0.38,0.0,1000,1000,-171,334,0,0,0000,---,False,0.37882,-0.02993,0.38,0.0,11.51987,0.23134,path_to_final_target,w,"$1,0,0,0,0,0,0,0,0#",20000,20000,Set tank.c app_speed/duty level to the logged pwm before sending the move key/protocol command; e=stop.,12.49393,35.30211,41,16,0,0.16258,-0.21234,0.7134,11.71705,0.00887,0.2831,11.7515,11.717,0.46272,5,-0.2139,54,0,138.79898,49.83528,0.19,0.2472,2,False,running
4c5679641a,formation_4_gate_rejoin,237,47.4,1784509400,completion_astar,finish_first,r04,r04,True,rejoined,arrived,local,0,3,12.21168,0.2099,-0.06037,0.0,0.0,0,0,0,-1,0,0,0000,-G-,False,0.0,0.0,0.0,0.0,12.21,0.21,target_reached,e,"$0,0,0,0,0,0,0,0,0#",0,0,Set tank.c app_speed/duty level to the logged pwm before sending the move key/protocol command; e=stop.,12.31463,33.69079,40,12,0,0.14937,-0.21392,0.00168,11.71705,0.00887,0.2831,11.7515,11.717,0.46272,5,-0.2139,54,0,138.79898,49.83528,0.19,0.2472,2,False,running
4c5679641a,formation_4_gate_rejoin,238,47.6,1784509600,completion_astar,finish_first,r01,r01,True,center,member,local,1,3,11.43115,-0.22779,0.04953,0.38,-0.0,1000,1000,174,370,0,0,0000,---,False,0.37953,0.01881,0.38,-0.0,11.78381,-0.21031,cached_path_to_final_target,w,"$1,0,0,0,0,0,0,0,0#",20000,20000,Set tank.c app_speed/duty level to the logged pwm before sending the move key/protocol command; e=stop.,12.77013,36.22941,41,16,0,0.17367,-0.21234,0.35929,11.75497,0.00832,0.2452,11.7894,11.755,0.40488,5,-0.2139,54,0,139.20202,49.98728,0.19,0.247,2,False,running
4c5679641a,formation_4_gate_rejoin,238,47.6,1784509600,completion_astar,finish_first,r02,r02,True,rejoined,arrived,local,0,3,12.22246,-0.20905,0.07575,0.0,0.0,0,0,0,-1,0,0,0000,-G-,False,0.0,0.0,0.0,0.0,12.21,-0.21,target_reached,e,"$0,0,0,0,0,0,0,0,0#",0,0,Set tank.c app_speed/duty level to the logged pwm before sending the move key/protocol command; e=stop.,12.33259,33.77819,40,12,0,0.14259,-0.21392,0.0125,11.75497,0.00832,0.2452,11.7894,11.755,0.40488,5,-0.2139,54,0,139.20202,49.98728,0.19,0.247,2,False,running
4c5679641a,formation_4_gate_rejoin,238,47.6,1784509600,completion_astar,finish_first,r03,r03,True,center,member,local,1,3,11.15458,0.26021,-0.07885,0.38,0.0,1000,1000,-172,342,0,0,0000,---,False,0.37882,-0.02993,0.38,0.0,11.59564,0.22536,cached_path_to_final_target,w,"$1,0,0,0,0,0,0,0,0#",20000,20000,Set tank.c app_speed/duty level to the logged pwm before sending the move key/protocol command; e=stop.,12.56993,35.50363,41,16,0,0.16258,-0.21234,0.6374,11.75497,0.00832,0.2452,11.7894,11.755,0.40488,5,-0.2139,54,0,139.20202,49.98728,0.19,0.247,2,False,running
4c5679641a,formation_4_gate_rejoin,238,47.6,1784509600,completion_astar,finish_first,r04,r04,True,rejoined,arrived,local,0,3,12.21168,0.2099,-0.06037,0.0,0.0,0,0,0,-1,0,0,0000,-G-,False,0.0,0.0,0.0,0.0,12.21,0.21,target_reached,e,"$0,0,0,0,0,0,0,0,0#",0,0,Set tank.c app_speed/duty level to the logged pwm before sending the move key/protocol command; e=stop.,12.31463,33.69079,40,12,0,0.14937,-0.21392,0.00168,11.75497,0.00832,0.2452,11.7894,11.755,0.40488,5,-0.2139,54,0,139.20202,49.98728,0.19,0.247,2,False,running
4c5679641a,formation_4_gate_rejoin,239,47.8,1784509800,completion_astar,finish_first,r01,r01,True,center,member,local,1,3,11.50706,-0.22403,0.04953,0.38,-0.0,1000,1000,174,377,0,0,0000,---,False,0.37953,0.01881,0.38,-0.0,11.78814,-0.21009,cached_path_to_final_target,w,"$1,0,0,0,0,0,0,0,0#",20000,20000,Set tank.c app_speed/duty level to the logged pwm before sending the move key/protocol command; e=stop.,12.84613,36.43093,41,16,0,0.17367,-0.21234,0.28329,11.79288,0.00776,0.2073,11.8273,11.7929,0.34801,5,-0.2139,54,0,139.60506,50.13928,0.19,0.2467,2,False,running
4c5679641a,formation_4_gate_rejoin,239,47.8,1784509800,completion_astar,finish_first,r02,r02,True,rejoined,arrived,local,0,3,12.22246,-0.20905,0.07575,0.0,0.0,0,0,0,-1,0,0,0000,-G-,False,0.0,0.0,0.0,0.0,12.21,-0.21,target_reached,e,"$0,0,0,0,0,0,0,0,0#",0,0,Set tank.c app_speed/duty level to the logged pwm before sending the move key/protocol command; e=stop.,12.33259,33.77819,40,12,0,0.14259,-0.21392,0.0125,11.79288,0.00776,0.2073,11.8273,11.7929,0.34801,5,-0.2139,54,0,139.60506,50.13928,0.19,0.2467,2,False,running
4c5679641a,formation_4_gate_rejoin,239,47.8,1784509800,completion_astar,finish_first,r03,r03,True,center,member,local,1,3,11.23035,0.25422,-0.07885,0.38,0.0,1000,1000,-172,349,0,0,0000,---,False,0.37882,-0.02993,0.38,0.0,11.6714,0.21937,cached_path_to_final_target,w,"$1,0,0,0,0,0,0,0,0#",20000,20000,Set tank.c app_speed/duty level to the logged pwm before sending the move key/protocol command; e=stop.,12.64593,35.70515,41,16,0,0.16258,-0.21234,0.5614,11.79288,0.00776,0.2073,11.8273,11.7929,0.34801,5,-0.2139,54,0,139.60506,50.13928,0.19,0.2467,2,False,running
4c5679641a,formation_4_gate_rejoin,239,47.8,1784509800,completion_astar,finish_first,r04,r04,True,rejoined,arrived,local,0,3,12.21168,0.2099,-0.06037,0.0,0.0,0,0,0,-1,0,0,0000,-G-,False,0.0,0.0,0.0,0.0,12.21,0.21,target_reached,e,"$0,0,0,0,0,0,0,0,0#",0,0,Set tank.c app_speed/duty level to the logged pwm before sending the move key/protocol command; e=stop.,12.31463,33.69079,40,12,0,0.14937,-0.21392,0.00168,11.79288,0.00776,0.2073,11.8273,11.7929,0.34801,5,-0.2139,54,0,139.60506,50.13928,0.19,0.2467,2,False,running
4c5679641a,formation_4_gate_rejoin,240,48.0,1784510000,completion_astar,finish_first,r01,r01,True,center,member,local,1,3,11.58296,-0.22026,0.04953,0.38,-0.0,1000,1000,174,385,0,0,0000,---,False,0.37953,0.01881,0.38,-0.0,11.78944,-0.21003,cached_path_to_final_target,w,"$1,0,0,0,0,0,0,0,0#",20000,20000,Set tank.c app_speed/duty level to the logged pwm before sending the move key/protocol command; e=stop.,12.92213,36.63245,41,16,0,0.17367,-0.21234,0.20729,11.8308,0.0072,0.1694,11.8652,11.8308,0.29252,5,-0.2139,54,0,140.0081,50.29128,0.19,0.2465,2,False,running
4c5679641a,formation_4_gate_rejoin,240,48.0,1784510000,completion_astar,finish_first,r02,r02,True,rejoined,arrived,local,0,3,12.22246,-0.20905,0.07575,0.0,0.0,0,0,0,-1,0,0,0000,-G-,False,0.0,0.0,0.0,0.0,12.21,-0.21,target_reached,e,"$0,0,0,0,0,0,0,0,0#",0,0,Set tank.c app_speed/duty level to the logged pwm before sending the move key/protocol command; e=stop.,12.33259,33.77819,40,12,0,0.14259,-0.21392,0.0125,11.8308,0.0072,0.1694,11.8652,11.8308,0.29252,5,-0.2139,54,0,140.0081,50.29128,0.19,0.2465,2,False,running
4c5679641a,formation_4_gate_rejoin,240,48.0,1784510000,completion_astar,finish_first,r03,r03,True,center,member,local,1,3,11.30611,0.24823,-0.07885,0.38,0.0,1000,1000,-172,357,0,0,0000,---,False,0.37882,-0.02993,0.38,0.0,11.74716,0.21338,cached_path_to_final_target,w,"$1,0,0,0,0,0,0,0,0#",20000,20000,Set tank.c app_speed/duty level to the logged pwm before sending the move key/protocol command; e=stop.,12.72193,35.90667,41,16,0,0.16258,-0.21234,0.4854,11.8308,0.0072,0.1694,11.8652,11.8308,0.29252,5,-0.2139,54,0,140.0081,50.29128,0.19,0.2465,2,False,running
4c5679641a,formation_4_gate_rejoin,240,48.0,1784510000,completion_astar,finish_first,r04,r04,True,rejoined,arrived,local,0,3,12.21168,0.2099,-0.06037,0.0,0.0,0,0,0,-1,0,0,0000,-G-,False,0.0,0.0,0.0,0.0,12.21,0.21,target_reached,e,"$0,0,0,0,0,0,0,0,0#",0,0,Set tank.c app_speed/duty level to the logged pwm before sending the move key/protocol command; e=stop.,12.31463,33.69079,40,12,0,0.14937,-0.21392,0.00168,11.8308,0.0072,0.1694,11.8652,11.8308,0.29252,5,-0.2139,54,0,140.0081,50.29128,0.19,0.2465,2,False,running
4c5679641a,formation_4_gate_rejoin,241,48.2,1784510200,completion_astar,finish_first,r01,r01,True,center,member,local,1,3,11.6369,-0.21759,0.04953,0.27,-0.0,711,711,174,390,0,0,0000,---,False,0.2355,0.01167,0.27,-0.0,11.78983,-0.21001,path_to_final_target,w,"$1,0,0,0,0,0,0,0,0#",14000,14000,Set tank.c app_speed/duty level to the logged pwm before sending the move key/protocol command; e=stop.,12.97613,36.78453,41,16,0,0.17367,-0.21234,0.15329,11.86323,0.00638,0.1369,11.8977,11.8632,0.24212,5,-0.2139,54,0,140.3617,50.42128,0.1625,0.2461,2,False,running
4c5679641a,formation_4_gate_rejoin,241,48.2,1784510200,completion_astar,finish_first,r02,r02,True,rejoined,arrived,local,0,3,12.22246,-0.20905,0.07575,0.0,0.0,0,0,0,-1,0,0,0000,-G-,False,0.0,0.0,0.0,0.0,12.21,-0.21,target_reached,e,"$0,0,0,0,0,0,0,0,0#",0,0,Set tank.c app_speed/duty level to the logged pwm before sending the move key/protocol command; e=stop.,12.33259,33.77819,40,12,0,0.14259,-0.21392,0.0125,11.86323,0.00638,0.1369,11.8977,11.8632,0.24212,5,-0.2139,54,0,140.3617,50.42128,0.1625,0.2461,2,False,running
4c5679641a,formation_4_gate_rejoin,241,48.2,1784510200,completion_astar,finish_first,r03,r03,True,center,member,local,1,3,11.38187,0.24225,-0.07885,0.38,0.0,1000,1000,-172,365,0,0,0000,---,False,0.37882,-0.02993,0.38,0.0,11.77715,0.21102,path_to_final_target,w,"$1,0,0,0,0,0,0,0,0#",20000,20000,Set tank.c app_speed/duty level to the logged pwm before sending the move key/protocol command; e=stop.,12.79793,36.10819,41,16,0,0.16258,-0.21234,0.4094,11.86323,0.00638,0.1369,11.8977,11.8632,0.24212,5,-0.2139,54,0,140.3617,50.42128,0.1625,0.2461,2,False,running
4c5679641a,formation_4_gate_rejoin,241,48.2,1784510200,completion_astar,finish_first,r04,r04,True,rejoined,arrived,local,0,3,12.21168,0.2099,-0.06037,0.0,0.0,0,0,0,-1,0,0,0000,-G-,False,0.0,0.0,0.0,0.0,12.21,0.21,target_reached,e,"$0,0,0,0,0,0,0,0,0#",0,0,Set tank.c app_speed/duty level to the logged pwm before sending the move key/protocol command; e=stop.,12.31463,33.69079,40,12,0,0.14937,-0.21392,0.00168,11.86323,0.00638,0.1369,11.8977,11.8632,0.24212,5,-0.2139,54,0,140.3617,50.42128,0.1625,0.2461,2,False,running
4c5679641a,formation_4_gate_rejoin,242,48.4,1784510400,completion_astar,finish_first,r01,r01,True,center,member,local,1,3,11.67961,-0.21547,0.04953,0.21384,-0.0,563,563,174,394,0,0,0000,---,False,0.21358,0.01059,0.21384,-0.0,11.78995,-0.21,cached_path_to_final_target,w,"$1,0,0,0,0,0,0,0,0#",11000,11000,Set tank.c app_speed/duty level to the logged pwm before sending the move key/protocol command; e=stop.,13.01889,36.90247,41,16,0,0.17367,-0.21234,0.11052,11.89285,0.00541,0.1073,11.9273,11.8928,0.19419,3,-0.2139,54,0,140.68117,50.54005,0.1485,0.2457,2,False,running
4c5679641a,formation_4_gate_rejoin,242,48.4,1784510400,completion_astar,finish_first,r02,r02,True,rejoined,arrived,local,0,3,12.22246,-0.20905,0.07575,0.0,0.0,0,0,0,-1,0,0,0000,-G-,False,0.0,0.0,0.0,0.0,12.21,-0.21,target_reached,e,"$0,0,0,0,0,0,0,0,0#",0,0,Set tank.c app_speed/duty level to the logged pwm before sending the move key/protocol command; e=stop.,12.33259,33.77819,40,12,0,0.14259,-0.21392,0.0125,11.89285,0.00541,0.1073,11.9273,11.8928,0.19419,3,-0.2139,54,0,140.68117,50.54005,0.1485,0.2457,2,False,running
4c5679641a,formation_4_gate_rejoin,242,48.4,1784510400,completion_astar,finish_first,r03,r03,True,center,member,local,1,3,11.45764,0.23626,-0.07885,0.38,0.0,1000,1000,-172,372,0,0,0000,---,False,0.37882,-0.02993,0.38,0.0,11.78614,0.2103,cached_path_to_final_target,w,"$1,0,0,0,0,0,0,0,0#",20000,20000,Set tank.c app_speed/duty level to the logged pwm before sending the move key/protocol command; e=stop.,12.87393,36.30971,41,16,0,0.16258,-0.21234,0.3334,11.89285,0.00541,0.1073,11.9273,11.8928,0.19419,3,-0.2139,54,0,140.68117,50.54005,0.1485,0.2457,2,False,running
4c5679641a,formation_4_gate_rejoin,242,48.4,1784510400,completion_astar,finish_first,r04,r04,True,rejoined,arrived,local,0,3,12.21168,0.2099,-0.06037,0.0,0.0,0,0,0,-1,0,0,0000,-G-,False,0.0,0.0,0.0,0.0,12.21,0.21,target_reached,e,"$0,0,0,0,0,0,0,0,0#",0,0,Set tank.c app_speed/duty level to the logged pwm before sending the move key/protocol command; e=stop.,12.31463,33.69079,40,12,0,0.14937,-0.21392,0.00168,11.89285,0.00541,0.1073,11.9273,11.8928,0.19419,3,-0.2139,54,0,140.68117,50.54005,0.1485,0.2457,2,False,running
4c5679641a,formation_4_gate_rejoin,243,48.6,1784510600,completion_astar,finish_first,r01,r01,True,center,member,local,1,3,11.71983,-0.21348,0.04953,0.20133,-0.0,530,530,174,398,0,0,0000,---,False,0.20108,0.00997,0.20133,-0.0,11.78998,-0.21,cached_path_to_final_target,w,"$1,0,0,0,0,0,0,0,0#",11000,11000,Set tank.c app_speed/duty level to the logged pwm before sending the move key/protocol command; e=stop.,13.05916,37.01028,41,16,0,0.17367,-0.21234,0.07026,11.92184,0.00441,0.0783,11.9563,11.9218,0.14737,2,-0.2139,54,0,140.9905,50.65632,0.1453,0.2453,2,False,running
4c5679641a,formation_4_gate_rejoin,243,48.6,1784510600,completion_astar,finish_first,r02,r02,True,rejoined,arrived,local,0,3,12.22246,-0.20905,0.07575,0.0,0.0,0,0,0,-1,0,0,0000,-G-,False,0.0,0.0,0.0,0.0,12.21,-0.21,target_reached,e,"$0,0,0,0,0,0,0,0,0#",0,0,Set tank.c app_speed/duty level to the logged pwm before sending the move key/protocol command; e=stop.,12.33259,33.77819,40,12,0,0.14259,-0.21392,0.0125,11.92184,0.00441,0.0783,11.9563,11.9218,0.14737,2,-0.2139,54,0,140.9905,50.65632,0.1453,0.2453,2,False,running
4c5679641a,formation_4_gate_rejoin,243,48.6,1784510600,completion_astar,finish_first,r03,r03,True,center,member,local,1,3,11.5334,0.23027,-0.07885,0.38,0.0,1000,1000,-172,380,0,0,0000,---,False,0.37882,-0.02993,0.38,0.0,11.78884,0.21009,cached_path_to_final_target,w,"$1,0,0,0,0,0,0,0,0#",20000,20000,Set tank.c app_speed/duty level to the logged pwm before sending the move key/protocol command; e=stop.,12.94993,36.51123,41,16,0,0.16258,-0.21234,0.2574,11.92184,0.00441,0.0783,11.9563,11.9218,0.14737,2,-0.2139,54,0,140.9905,50.65632,0.1453,0.2453,2,False,running
4c5679641a,formation_4_gate_rejoin,243,48.6,1784510600,completion_astar,finish_first,r04,r04,True,rejoined,arrived,local,0,3,12.21168,0.2099,-0.06037,0.0,0.0,0,0,0,-1,0,0,0000,-G-,False,0.0,0.0,0.0,0.0,12.21,0.21,target_reached,e,"$0,0,0,0,0,0,0,0,0#",0,0,Set tank.c app_speed/duty level to the logged pwm before sending the move key/protocol command; e=stop.,12.31463,33.69079,40,12,0,0.14937,-0.21392,0.00168,11.92184,0.00441,0.0783,11.9563,11.9218,0.14737,2,-0.2139,54,0,140.9905,50.65632,0.1453,0.2453,2,False,running
4c5679641a,formation_4_gate_rejoin,244,48.8,1784510800,completion_astar,finish_first,r01,r01,True,center,arrived,local,1,3,11.73807,-0.21257,0.04953,0.09133,0.0,240,240,174,400,0,0,0000,-G-,False,0.0,0.0,0.09133,0.0,11.79,-0.21,target_reached,w,"$1,0,0,0,0,0,0,0,0#",5000,5000,Set tank.c app_speed/duty level to the logged pwm before sending the move key/protocol command; e=stop.,13.07742,37.06745,41,16,0,0.17367,-0.21234,0.05199,11.93986,0.00357,0.0602,11.9744,11.9399,0.11588,2,-0.2139,54,0,141.19974,50.72858,0.0903,0.2447,2,False,running
4c5679641a,formation_4_gate_rejoin,244,48.8,1784510800,completion_astar,finish_first,r02,r02,True,rejoined,arrived,local,0,3,12.22246,-0.20905,0.07575,0.0,0.0,0,0,0,-1,0,0,0000,-G-,False,0.0,0.0,0.0,0.0,12.21,-0.21,target_reached,e,"$0,0,0,0,0,0,0,0,0#",0,0,Set tank.c app_speed/duty level to the logged pwm before sending the move key/protocol command; e=stop.,12.33259,33.77819,40,12,0,0.14259,-0.21392,0.0125,11.93986,0.00357,0.0602,11.9744,11.9399,0.11588,2,-0.2139,54,0,141.19974,50.72858,0.0903,0.2447,2,False,running
4c5679641a,formation_4_gate_rejoin,244,48.8,1784510800,completion_astar,finish_first,r03,r03,True,center,member,local,1,3,11.58723,0.22602,-0.07885,0.27,0.0,711,711,-172,385,0,0,0000,---,False,0.24623,-0.01946,0.27,0.0,11.78965,0.21003,cached_path_to_final_target,w,"$1,0,0,0,0,0,0,0,0#",14000,14000,Set tank.c app_speed/duty level to the logged pwm before sending the move key/protocol command; e=stop.,13.00393,36.66331,41,16,0,0.16258,-0.21234,0.2034,11.93986,0.00357,0.0602,11.9744,11.9399,0.11588,2,-0.2139,54,0,141.19974,50.72858,0.0903,0.2447,2,False,running
4c5679641a,formation_4_gate_rejoin,244,48.8,1784510800,completion_astar,finish_first,r04,r04,True,rejoined,arrived,local,0,3,12.21168,0.2099,-0.06037,0.0,0.0,0,0,0,-1,0,0,0000,-G-,False,0.0,0.0,0.0,0.0,12.21,0.21,target_reached,e,"$0,0,0,0,0,0,0,0,0#",0,0,Set tank.c app_speed/duty level to the logged pwm before sending the move key/protocol command; e=stop.,12.31463,33.69079,40,12,0,0.14937,-0.21392,0.00168,11.93986,0.00357,0.0602,11.9744,11.9399,0.11588,2,-0.2139,54,0,141.19974,50.72858,0.0903,0.2447,2,False,running
4c5679641a,formation_4_gate_rejoin,245,49.0,1784511000,completion_astar,finish_first,r01,r01,True,rejoined,arrived,local,1,3,11.73807,-0.21257,0.04953,0.0,0.0,0,0,174,400,0,0,0000,-G-,False,0.0,0.0,0.0,0.0,11.79,-0.21,target_reached,e,"$0,0,0,0,0,0,0,0,0#",0,0,Set tank.c app_speed/duty level to the logged pwm before sending the move key/protocol command; e=stop.,13.07742,37.07475,41,16,0,0.17367,-0.21234,0.05199,11.95139,0.00266,0.0487,11.9859,11.9514,0.09148,2,-0.2139,54,0,141.33286,50.77485,0.0578,0.2449,2,True,success
4c5679641a,formation_4_gate_rejoin,245,49.0,1784511000,completion_astar,finish_first,r02,r02,True,rejoined,arrived,local,0,3,12.22246,-0.20905,0.07575,0.0,0.0,0,0,0,-1,0,0,0000,-G-,False,0.0,0.0,0.0,0.0,12.21,-0.21,target_reached,e,"$0,0,0,0,0,0,0,0,0#",0,0,Set tank.c app_speed/duty level to the logged pwm before sending the move key/protocol command; e=stop.,12.33259,33.77819,40,12,0,0.14259,-0.21392,0.0125,11.95139,0.00266,0.0487,11.9859,11.9514,0.09148,2,-0.2139,54,0,141.33286,50.77485,0.0578,0.2449,2,True,success
4c5679641a,formation_4_gate_rejoin,245,49.0,1784511000,completion_astar,finish_first,r03,r03,True,center,member,local,1,3,11.63336,0.22238,-0.07885,0.23137,0.0,609,609,-172,390,0,0,0000,---,False,0.23065,-0.01822,0.23137,0.0,11.7899,0.21001,path_to_final_target,w,"$1,0,0,0,0,0,0,0,0#",12000,12000,Set tank.c app_speed/duty level to the logged pwm before sending the move key/protocol command; e=stop.,13.0502,36.78913,41,16,0,0.16258,-0.21234,0.15712,11.95139,0.00266,0.0487,11.9859,11.9514,0.09148,2,-0.2139,54,0,141.33286,50.77485,0.0578,0.2449,2,True,success
4c5679641a,formation_4_gate_rejoin,245,49.0,1784511000,completion_astar,finish_first,r04,r04,True,rejoined,arrived,local,0,3,12.21168,0.2099,-0.06037,0.0,0.0,0,0,0,-1,0,0,0000,-G-,False,0.0,0.0,0.0,0.0,12.21,0.21,target_reached,e,"$0,0,0,0,0,0,0,0,0#",0,0,Set tank.c app_speed/duty level to the logged pwm before sending the move key/protocol command; e=stop.,12.31463,33.69079,40,12,0,0.14937,-0.21392,0.00168,11.95139,0.00266,0.0487,11.9859,11.9514,0.09148,2,-0.2139,54,0,141.33286,50.77485,0.0578,0.2449,2,True,success
