mission_id,mission_name,step,time_s,ts_ms,algorithm,completion_policy,robot_id,robot_name,powered,cluster_id,role,perception_mode,visible_obstacle_count,known_obstacle_count,primary_x_m,primary_y_m,primary_theta_rad,primary_v_mps,primary_omega_radps,primary_pwr_left,primary_pwr_right,primary_sonic_angle_deg,primary_sonic_distance_cm,primary_camera_pan_deg,primary_camera_tilt_deg,primary_tracking_bits,primary_led,primary_buz,control_cmd_vx_mps,control_cmd_vy_mps,control_cmd_v_mps,control_cmd_omega_radps,control_target_x_m,control_target_y_m,control_reason,tank_key_command,tank_protocol_command,tank_pwm_left,tank_pwm_right,tank_command_note,agent_path_length_m,agent_energy_proxy,agent_collision_events,agent_near_miss_events,agent_lane_violations,agent_min_obstacle_clearance_m,agent_min_robot_clearance_m,agent_goal_distance_m,group_centroid_x_m,group_centroid_y_m,group_centroid_to_goal_m,group_centroid_path_m,group_effective_centroid_length_m,group_formation_rms_m,group_formation_bad_pairs,group_min_clearance_m,group_collision_steps,group_lane_violations,group_total_energy_proxy,group_sum_agent_path_m,group_mean_instant_speed_mps,group_average_speed_mps,group_active_cluster_count,done,finish_reason
88434632b5,formation_7_smooth_bypass,0,0.0,1784462000,smooth_adaptive_clusters,finish_first,r01,r01,True,main,member,local,1,0,0.08143,-0.51714,0.0,0.0,0.0,0,0,7,367,0,0,0000,---,False,0.0,0.0,0.0,0.0,12.08143,-0.51714,init,e,"$0,0,0,0,0,0,0,0,0#",0,0,Set tank.c app_speed/duty level to the logged pwm before sending the move key/protocol command; e=stop.,0.0,0.0,0,0,0,999.0,999.0,12.0,-0.0,0.0,12.0,0.0,0.0,0.0,0,999.0,0,0,0.0,0.0,0.0,0.0,1,False,running
88434632b5,formation_7_smooth_bypass,0,0.0,1784462000,smooth_adaptive_clusters,finish_first,r02,r02,True,main,member,local,1,0,-0.10857,-0.18805,0.0,0.0,0.0,0,0,2,386,0,0,0000,---,False,0.0,0.0,0.0,0.0,11.89143,-0.18805,init,e,"$0,0,0,0,0,0,0,0,0#",0,0,Set tank.c app_speed/duty level to the logged pwm before sending the move key/protocol command; e=stop.,0.0,0.0,0,0,0,999.0,999.0,12.0,-0.0,0.0,12.0,0.0,0.0,0.0,0,999.0,0,0,0.0,0.0,0.0,0.0,1,False,running
88434632b5,formation_7_smooth_bypass,0,0.0,1784462000,smooth_adaptive_clusters,finish_first,r03,r03,True,main,member,local,1,0,0.27143,-0.18805,0.0,0.0,0.0,0,0,3,348,0,0,0000,---,False,0.0,0.0,0.0,0.0,12.27143,-0.18805,init,e,"$0,0,0,0,0,0,0,0,0#",0,0,Set tank.c app_speed/duty level to the logged pwm before sending the move key/protocol command; e=stop.,0.0,0.0,0,0,0,999.0,999.0,12.0,-0.0,0.0,12.0,0.0,0.0,0.0,0,999.0,0,0,0.0,0.0,0.0,0.0,1,False,running
88434632b5,formation_7_smooth_bypass,0,0.0,1784462000,smooth_adaptive_clusters,finish_first,r04,r04,True,main,member,local,1,0,-0.29857,0.14104,0.0,0.0,0.0,0,0,-2,405,0,0,1000,---,False,0.0,0.0,0.0,0.0,11.70143,0.14104,init,e,"$0,0,0,0,0,0,0,0,0#",0,0,Set tank.c app_speed/duty level to the logged pwm before sending the move key/protocol command; e=stop.,0.0,0.0,0,0,0,999.0,999.0,12.0,-0.0,0.0,12.0,0.0,0.0,0.0,0,999.0,0,0,0.0,0.0,0.0,0.0,1,False,running
88434632b5,formation_7_smooth_bypass,0,0.0,1784462000,smooth_adaptive_clusters,finish_first,r05,r05,True,main,member,local,1,0,0.08143,0.14104,0.0,0.0,0.0,0,0,-2,367,0,0,1000,---,False,0.0,0.0,0.0,0.0,12.08143,0.14104,init,e,"$0,0,0,0,0,0,0,0,0#",0,0,Set tank.c app_speed/duty level to the logged pwm before sending the move key/protocol command; e=stop.,0.0,0.0,0,0,0,999.0,999.0,12.0,-0.0,0.0,12.0,0.0,0.0,0.0,0,999.0,0,0,0.0,0.0,0.0,0.0,1,False,running
88434632b5,formation_7_smooth_bypass,0,0.0,1784462000,smooth_adaptive_clusters,finish_first,r06,r06,True,main,member,local,1,0,0.46143,0.14104,0.0,0.0,0.0,0,0,-2,329,0,0,1000,---,False,0.0,0.0,0.0,0.0,12.46143,0.14104,init,e,"$0,0,0,0,0,0,0,0,0#",0,0,Set tank.c app_speed/duty level to the logged pwm before sending the move key/protocol command; e=stop.,0.0,0.0,0,0,0,999.0,999.0,12.0,-0.0,0.0,12.0,0.0,0.0,0.0,0,999.0,0,0,0.0,0.0,0.0,0.0,1,False,running
88434632b5,formation_7_smooth_bypass,0,0.0,1784462000,smooth_adaptive_clusters,finish_first,r07,r07,True,main,member,local,0,0,-0.48857,0.47013,0.0,0.0,0.0,0,0,0,-1,0,0,0000,---,False,0.0,0.0,0.0,0.0,11.51143,0.47013,init,e,"$0,0,0,0,0,0,0,0,0#",0,0,Set tank.c app_speed/duty level to the logged pwm before sending the move key/protocol command; e=stop.,0.0,0.0,0,0,0,999.0,999.0,12.0,-0.0,0.0,12.0,0.0,0.0,0.0,0,999.0,0,0,0.0,0.0,0.0,0.0,1,False,running
88434632b5,formation_7_smooth_bypass,1,0.2,1784462200,smooth_adaptive_clusters,finish_first,r01,r01,True,main,bypass,local,1,1,0.10341,-0.51812,-0.04457,0.11,-0.22285,336,243,10,365,0,0,0000,---,False,0.31061,-0.02477,0.11,-0.22285,0.15818,-0.52326,adaptive_split_to_bypass_target,d,"$4,0,0,0,0,0,0,0,0#",7000,5000,Set tank.c app_speed/duty level to the logged pwm before sending the move key/protocol command; e=stop.,0.022,0.06937,0,0,0,3.64934,0.15765,11.97802,0.01255,1e-05,11.9874,0.0126,0.0126,0.01242,0,0.1482,0,0,0.27916,0.088,0.0629,0.0628,1,False,running
88434632b5,formation_7_smooth_bypass,1,0.2,1784462200,smooth_adaptive_clusters,finish_first,r02,r02,True,main,bypass,local,1,1,-0.10857,-0.18805,0.0,0.0,0.0,0,0,2,386,0,0,0000,---,False,0.0,0.0,0.0,0.0,-0.03211,-0.19713,adaptive_split_to_bypass_target,e,"$0,0,0,0,0,0,0,0,0#",0,0,Set tank.c app_speed/duty level to the logged pwm before sending the move key/protocol command; e=stop.,0.0,0.0,0,0,0,3.85755,0.15796,12.0,0.01255,1e-05,11.9874,0.0126,0.0126,0.01242,0,0.1482,0,0,0.27916,0.088,0.0629,0.0628,1,False,running
88434632b5,formation_7_smooth_bypass,1,0.2,1784462200,smooth_adaptive_clusters,finish_first,r03,r03,True,main,bypass,local,1,1,0.29339,-0.18938,-0.06039,0.11,-0.30196,353,226,6,346,0,0,0000,---,False,0.30979,-0.03354,0.11,-0.30196,0.34798,-0.19634,adaptive_split_to_bypass_target,d,"$4,0,0,0,0,0,0,0,0#",7000,5000,Set tank.c app_speed/duty level to the logged pwm before sending the move key/protocol command; e=stop.,0.022,0.07016,0,0,0,3.45559,0.15765,11.97804,0.01255,1e-05,11.9874,0.0126,0.0126,0.01242,0,0.1482,0,0,0.27916,0.088,0.0629,0.0628,1,False,running
88434632b5,formation_7_smooth_bypass,1,0.2,1784462200,smooth_adaptive_clusters,finish_first,r04,r04,True,main,bypass,local,1,1,-0.29857,0.14104,0.0,0.0,0.0,0,0,-2,405,0,0,1000,---,False,0.0,0.0,0.0,0.0,-0.22271,0.12784,adaptive_split_to_bypass_target,e,"$0,0,0,0,0,0,0,0,0#",0,0,Set tank.c app_speed/duty level to the logged pwm before sending the move key/protocol command; e=stop.,0.0,0.0,0,0,0,4.04755,0.14818,12.0,0.01255,1e-05,11.9874,0.0126,0.0126,0.01242,0,0.1482,0,0,0.27916,0.088,0.0629,0.0628,1,False,running
88434632b5,formation_7_smooth_bypass,1,0.2,1784462200,smooth_adaptive_clusters,finish_first,r05,r05,True,main,bypass,local,1,1,0.08143,0.14104,0.0,0.0,0.0,0,0,-2,367,0,0,1000,---,False,0.0,0.0,0.0,0.0,0.15793,0.14983,adaptive_split_to_bypass_target,e,"$0,0,0,0,0,0,0,0,0#",0,0,Set tank.c app_speed/duty level to the logged pwm before sending the move key/protocol command; e=stop.,0.0,0.0,0,0,0,3.66755,0.15796,12.0,0.01255,1e-05,11.9874,0.0126,0.0126,0.01242,0,0.1482,0,0,0.27916,0.088,0.0629,0.0628,1,False,running
88434632b5,formation_7_smooth_bypass,1,0.2,1784462200,smooth_adaptive_clusters,finish_first,r06,r06,True,main,bypass,local,1,1,0.48337,0.14259,0.07039,0.11,0.35194,215,364,-6,327,0,0,1000,---,False,0.30914,0.03906,0.11,0.35194,0.53782,0.15069,adaptive_split_to_bypass_target,a,"$3,0,0,0,0,0,0,0,0#",4000,7000,Set tank.c app_speed/duty level to the logged pwm before sending the move key/protocol command; e=stop.,0.022,0.07066,0,0,0,3.26561,0.16045,11.97805,0.01255,1e-05,11.9874,0.0126,0.0126,0.01242,0,0.1482,0,0,0.27916,0.088,0.0629,0.0628,1,False,running
88434632b5,formation_7_smooth_bypass,1,0.2,1784462200,smooth_adaptive_clusters,finish_first,r07,r07,True,main,bypass,local,0,1,-0.46659,0.47094,0.03672,0.11,0.18359,251,328,0,-1,0,0,0000,---,False,0.31093,0.02042,0.11,0.18359,-0.41174,0.47517,adaptive_split_to_bypass_target,a,"$3,0,0,0,0,0,0,0,0#",5000,7000,Set tank.c app_speed/duty level to the logged pwm before sending the move key/protocol command; e=stop.,0.022,0.06898,0,0,0,4.21726,0.14818,11.97801,0.01255,1e-05,11.9874,0.0126,0.0126,0.01242,0,0.1482,0,0,0.27916,0.088,0.0629,0.0628,1,False,running
88434632b5,formation_7_smooth_bypass,2,0.4,1784462400,smooth_adaptive_clusters,finish_first,r01,r01,True,lower,bypass,local,1,1,0.14731,-0.52107,-0.06699,0.22,-0.11212,603,555,11,361,0,0,0000,---,False,0.31049,-0.02633,0.22,-0.11212,0.23495,-0.52928,cached_adaptive_split,w,"$1,0,0,0,0,0,0,0,0#",12000,11000,Set tank.c app_speed/duty level to the logged pwm before sending the move key/protocol command; e=stop.,0.066,0.19596,0,0,0,3.60561,0.15644,11.93412,0.04388,-1e-05,11.9561,0.0439,0.0439,0.03067,0,0.1327,0,0,0.92652,0.308,0.1571,0.1097,2,False,running
88434632b5,formation_7_smooth_bypass,2,0.4,1784462400,smooth_adaptive_clusters,finish_first,r02,r02,True,lower,bypass,local,1,1,-0.08661,-0.18938,-0.06052,0.11,-0.30261,353,226,6,384,0,0,0000,---,False,0.30978,-0.03361,0.11,-0.30261,0.04452,-0.20466,adaptive_split_to_bypass_target,d,"$4,0,0,0,0,0,0,0,0#",7000,5000,Set tank.c app_speed/duty level to the logged pwm before sending the move key/protocol command; e=stop.,0.022,0.07017,0,0,0,3.83559,0.15796,11.97804,0.04388,-1e-05,11.9561,0.0439,0.0439,0.03067,0,0.1327,0,0,0.92652,0.308,0.1571,0.1097,2,False,running
88434632b5,formation_7_smooth_bypass,2,0.4,1784462400,smooth_adaptive_clusters,finish_first,r03,r03,True,lower,bypass,local,1,1,0.33718,-0.19367,-0.09764,0.22,-0.18626,618,540,8,341,0,0,0000,---,False,0.30909,-0.03944,0.22,-0.18626,0.42436,-0.20609,adaptive_split_to_bypass_target,w,"$1,0,0,0,0,0,0,0,0#",12000,11000,Set tank.c app_speed/duty level to the logged pwm before sending the move key/protocol command; e=stop.,0.066,0.1968,0,0,0,3.4118,0.15644,11.93425,0.04388,-1e-05,11.9561,0.0439,0.0439,0.03067,0,0.1327,0,0,0.92652,0.308,0.1571,0.1097,2,False,running
88434632b5,formation_7_smooth_bypass,2,0.4,1784462400,smooth_adaptive_clusters,finish_first,r04,r04,True,lower,bypass,local,1,1,-0.29857,0.14104,0.0,0.0,0.0,0,0,-2,405,0,0,1000,---,False,0.0,0.0,0.0,0.0,-0.14685,0.11465,cached_adaptive_split,e,"$0,0,0,0,0,0,0,0,0#",0,0,Set tank.c app_speed/duty level to the logged pwm before sending the move key/protocol command; e=stop.,0.0,0.0,0,0,0,4.04755,0.1327,12.0,0.04388,-1e-05,11.9561,0.0439,0.0439,0.03067,0,0.1327,0,0,0.92652,0.308,0.1571,0.1097,2,False,running
88434632b5,formation_7_smooth_bypass,2,0.4,1784462400,smooth_adaptive_clusters,finish_first,r05,r05,True,upper,bypass,local,1,1,0.10338,0.14245,0.06404,0.11,0.32022,222,357,-6,365,0,0,1000,---,False,0.30956,0.03556,0.11,0.32022,0.23442,0.15861,cached_adaptive_split,a,"$3,0,0,0,0,0,0,0,0#",4000,7000,Set tank.c app_speed/duty level to the logged pwm before sending the move key/protocol command; e=stop.,0.022,0.07034,0,0,0,3.6456,0.15796,11.97805,0.04388,-1e-05,11.9561,0.0439,0.0439,0.03067,0,0.1327,0,0,0.92652,0.308,0.1571,0.1097,2,False,running
88434632b5,formation_7_smooth_bypass,2,0.4,1784462400,smooth_adaptive_clusters,finish_first,r06,r06,True,upper,bypass,local,1,1,0.52713,0.14723,0.10583,0.22,0.17722,542,616,-8,322,0,0,1000,---,False,0.30882,0.04153,0.22,0.17722,0.61423,0.16018,cached_adaptive_split,w,"$1,0,0,0,0,0,0,0,0#",11000,12000,Set tank.c app_speed/duty level to the logged pwm before sending the move key/protocol command; e=stop.,0.066,0.19789,0,0,0,3.22185,0.16045,11.9343,0.04388,-1e-05,11.9561,0.0439,0.0439,0.03067,0,0.1327,0,0,0.92652,0.308,0.1571,0.1097,2,False,running
88434632b5,formation_7_smooth_bypass,2,0.4,1784462400,smooth_adaptive_clusters,finish_first,r07,r07,True,upper,bypass,local,0,1,-0.42265,0.47336,0.05518,0.22,0.09232,560,598,0,-1,0,0,0000,---,False,0.31084,0.0217,0.22,0.09232,-0.3349,0.48013,cached_adaptive_split,w,"$1,0,0,0,0,0,0,0,0#",11000,12000,Set tank.c app_speed/duty level to the logged pwm before sending the move key/protocol command; e=stop.,0.066,0.19537,0,0,0,4.17341,0.1327,11.93408,0.04388,-1e-05,11.9561,0.0439,0.0439,0.03067,0,0.1327,0,0,0.92652,0.308,0.1571,0.1097,2,False,running
88434632b5,formation_7_smooth_bypass,3,0.6,1784462600,smooth_adaptive_clusters,finish_first,r01,r01,True,lower,bypass,local,1,1,0.20943,-0.5259,-0.07757,0.31154,-0.05288,831,809,12,354,0,0,0000,---,False,0.31045,-0.02673,0.31154,-0.05288,0.31172,-0.53522,cached_adaptive_split,w,"$1,0,0,0,0,0,0,0,0#",17000,16000,Set tank.c app_speed/duty level to the logged pwm before sending the move key/protocol command; e=stop.,0.12831,0.36912,0,0,0,3.54379,0.15415,11.872,0.09495,-0.00034,11.905,0.095,0.095,0.04815,2,0.1266,0,0,1.94572,0.66719,0.2566,0.1583,2,False,running
88434632b5,formation_7_smooth_bypass,3,0.6,1784462600,smooth_adaptive_clusters,finish_first,r02,r02,True,lower,bypass,local,1,1,-0.04278,-0.19323,-0.0875,0.22,-0.1349,607,551,8,379,0,0,0000,---,False,0.30976,-0.0338,0.22,-0.1349,0.12117,-0.21206,cached_adaptive_split,w,"$1,0,0,0,0,0,0,0,0#",12000,11000,Set tank.c app_speed/duty level to the logged pwm before sending the move key/protocol command; e=stop.,0.066,0.19732,0,0,0,3.79176,0.15796,11.93421,0.09495,-0.00034,11.905,0.095,0.095,0.04815,2,0.1266,0,0,1.94572,0.66719,0.2566,0.1583,2,False,running
88434632b5,formation_7_smooth_bypass,3,0.6,1784462600,smooth_adaptive_clusters,finish_first,r03,r03,True,lower,bypass,local,1,1,0.39903,-0.20099,-0.11777,0.3114,-0.10065,841,798,10,335,0,0,0000,---,False,0.30882,-0.0415,0.3114,-0.10065,0.50077,-0.21565,cached_adaptive_split,w,"$1,0,0,0,0,0,0,0,0#",17000,16000,Set tank.c app_speed/duty level to the logged pwm before sending the move key/protocol command; e=stop.,0.12828,0.37011,0,0,0,3.34995,0.15415,11.87241,0.09495,-0.00034,11.905,0.095,0.095,0.04815,2,0.1266,0,0,1.94572,0.66719,0.2566,0.1583,2,False,running
88434632b5,formation_7_smooth_bypass,3,0.6,1784462600,smooth_adaptive_clusters,finish_first,r04,r04,True,lower,bypass,local,1,1,-0.27667,0.13892,-0.09643,0.11,-0.48215,391,188,4,403,0,0,1000,---,False,0.30699,-0.05339,0.11,-0.48215,-0.07099,0.10146,cached_adaptive_split,d,"$4,0,0,0,0,0,0,0,0#",8000,4000,Set tank.c app_speed/duty level to the logged pwm before sending the move key/protocol command; e=stop.,0.022,0.07196,0,0,0,4.02566,0.1266,11.9781,0.09495,-0.00034,11.905,0.095,0.095,0.04815,2,0.1266,0,0,1.94572,0.66719,0.2566,0.1583,2,False,running
88434632b5,formation_7_smooth_bypass,3,0.6,1784462600,smooth_adaptive_clusters,finish_first,r05,r05,True,upper,bypass,local,1,1,0.14719,0.14661,0.09472,0.22,0.15336,547,611,-7,360,0,0,1000,---,False,0.3094,0.03694,0.22,0.15336,0.31094,0.16722,cached_adaptive_split,w,"$1,0,0,0,0,0,0,0,0#",11000,12000,Set tank.c app_speed/duty level to the logged pwm before sending the move key/protocol command; e=stop.,0.066,0.19749,0,0,0,3.6018,0.15796,11.93424,0.09495,-0.00034,11.905,0.095,0.095,0.04815,2,0.1266,0,0,1.94572,0.66719,0.2566,0.1583,2,False,running
88434632b5,formation_7_smooth_bypass,3,0.6,1784462600,smooth_adaptive_clusters,finish_first,r06,r06,True,upper,bypass,local,1,1,0.58895,0.15485,0.12258,0.31146,0.08375,802,837,-9,316,0,0,0000,---,False,0.30873,0.04217,0.31146,0.08375,0.69066,0.16957,cached_adaptive_split,w,"$1,0,0,0,0,0,0,0,0#",16000,17000,Set tank.c app_speed/duty level to the logged pwm before sending the move key/protocol command; e=stop.,0.12829,0.37128,0,0,0,3.16003,0.16045,11.87248,0.09495,-0.00034,11.905,0.095,0.095,0.04815,2,0.1266,0,0,1.94572,0.66719,0.2566,0.1583,2,False,running
88434632b5,formation_7_smooth_bypass,3,0.6,1784462600,smooth_adaptive_clusters,finish_first,r07,r07,True,upper,bypass,local,1,1,-0.36047,0.47734,0.06388,0.31156,0.04349,811,829,-10,411,0,0,0000,---,False,0.31082,0.02202,0.31156,0.04349,-0.25805,0.48502,cached_adaptive_split,w,"$1,0,0,0,0,0,0,0,0#",16000,17000,Set tank.c app_speed/duty level to the logged pwm before sending the move key/protocol command; e=stop.,0.12831,0.36843,0,0,0,4.11137,0.1266,11.8719,0.09495,-0.00034,11.905,0.095,0.095,0.04815,2,0.1266,0,0,1.94572,0.66719,0.2566,0.1583,2,False,running
88434632b5,formation_7_smooth_bypass,4,0.8,1784462800,smooth_adaptive_clusters,finish_first,r01,r01,True,lower,bypass,local,1,1,0.27154,-0.53099,-0.08179,0.31159,-0.02109,824,816,12,348,0,0,0000,---,False,0.31047,-0.02649,0.31159,-0.02109,0.38849,-0.54117,adaptive_split_to_bypass_target,w,"$1,0,0,0,0,0,0,0,0#",16000,16000,Set tank.c app_speed/duty level to the logged pwm before sending the move key/protocol command; e=stop.,0.19063,0.53469,0,0,0,3.482,0.15156,11.8099,0.15429,-0.00125,11.8457,0.1543,0.1543,0.05577,2,0.1266,0,0,3.08311,1.08506,0.2985,0.1929,2,False,running
88434632b5,formation_7_smooth_bypass,4,0.8,1784462800,smooth_adaptive_clusters,finish_first,r02,r02,True,lower,bypass,local,1,1,0.01922,-0.19939,-0.09915,0.31153,-0.05825,832,808,8,373,0,0,0000,---,False,0.30977,-0.03368,0.31153,-0.05825,0.19782,-0.21939,adaptive_split_to_bypass_target,w,"$1,0,0,0,0,0,0,0,0#",17000,16000,Set tank.c app_speed/duty level to the logged pwm before sending the move key/protocol command; e=stop.,0.12831,0.37066,0,0,0,3.72976,0.15796,11.87221,0.15429,-0.00125,11.8457,0.1543,0.1543,0.05577,2,0.1266,0,0,3.08311,1.08506,0.2985,0.1929,2,False,running
88434632b5,formation_7_smooth_bypass,4,0.8,1784462800,smooth_adaptive_clusters,finish_first,r03,r03,True,lower,bypass,local,1,1,0.46083,-0.2089,-0.12733,0.31155,-0.04777,830,810,10,329,0,0,0000,---,False,0.30877,-0.04189,0.31155,-0.04777,0.57718,-0.22515,adaptive_split_to_bypass_target,w,"$1,0,0,0,0,0,0,0,0#",17000,16000,Set tank.c app_speed/duty level to the logged pwm before sending the move key/protocol command; e=stop.,0.19059,0.5359,0,0,0,3.28815,0.15156,11.81061,0.15429,-0.00125,11.8457,0.1543,0.1543,0.05577,2,0.1266,0,0,3.08311,1.08506,0.2985,0.1929,2,False,running
88434632b5,formation_7_smooth_bypass,4,0.8,1784462800,smooth_adaptive_clusters,finish_first,r04,r04,True,lower,bypass,local,1,1,-0.23311,0.13273,-0.14126,0.22,-0.22417,626,532,6,398,0,0,1000,---,False,0.30676,-0.05471,0.22,-0.22417,0.00495,0.08869,adaptive_split_to_bypass_target,d,"$4,0,0,0,0,0,0,0,0#",13000,11000,Set tank.c app_speed/duty level to the logged pwm before sending the move key/protocol command; e=stop.,0.066,0.20002,0,0,0,3.98209,0.1266,11.93454,0.15429,-0.00125,11.8457,0.1543,0.1543,0.05577,2,0.1266,0,0,3.08311,1.08506,0.2985,0.1929,2,False,running
88434632b5,formation_7_smooth_bypass,4,0.8,1784462800,smooth_adaptive_clusters,finish_first,r05,r05,True,upper,bypass,local,1,1,0.20911,0.1534,0.10916,0.3115,0.07224,805,835,-8,354,0,0,1000,---,False,0.30934,0.03746,0.3115,0.07224,0.38747,0.17571,adaptive_split_to_bypass_target,w,"$1,0,0,0,0,0,0,0,0#",16000,17000,Set tank.c app_speed/duty level to the logged pwm before sending the move key/protocol command; e=stop.,0.1283,0.37087,0,0,0,3.53987,0.15796,11.87232,0.15429,-0.00125,11.8457,0.1543,0.1543,0.05577,2,0.1266,0,0,3.08311,1.08506,0.2985,0.1929,2,False,running
88434632b5,formation_7_smooth_bypass,4,0.8,1784462800,smooth_adaptive_clusters,finish_first,r06,r06,True,upper,bypass,local,1,1,0.65075,0.16288,0.12928,0.31158,0.03352,813,827,-10,310,0,0,0000,---,False,0.30878,0.0418,0.31158,0.03352,0.76708,0.17896,adaptive_split_to_bypass_target,w,"$1,0,0,0,0,0,0,0,0#",16000,17000,Set tank.c app_speed/duty level to the logged pwm before sending the move key/protocol command; e=stop.,0.19061,0.53704,0,0,0,3.09823,0.16045,11.8107,0.15429,-0.00125,11.8457,0.1543,0.1543,0.05577,2,0.1266,0,0,3.08311,1.08506,0.2985,0.1929,2,False,running
88434632b5,formation_7_smooth_bypass,4,0.8,1784462800,smooth_adaptive_clusters,finish_first,r07,r07,True,upper,bypass,local,1,1,-0.29829,0.48153,0.06734,0.31159,0.01731,816,824,-10,405,0,0,0000,---,False,0.31084,0.02181,0.31159,0.01731,-0.18121,0.48992,adaptive_split_to_bypass_target,w,"$1,0,0,0,0,0,0,0,0#",16000,16000,Set tank.c app_speed/duty level to the logged pwm before sending the move key/protocol command; e=stop.,0.19063,0.53394,0,0,0,4.04935,0.1266,11.80972,0.15429,-0.00125,11.8457,0.1543,0.1543,0.05577,2,0.1266,0,0,3.08311,1.08506,0.2985,0.1929,2,False,running
88434632b5,formation_7_smooth_bypass,5,1.0,1784463000,smooth_adaptive_clusters,finish_first,r01,r01,True,lower,bypass,local,1,1,0.33365,-0.53613,-0.08265,0.3116,-0.00432,821,819,13,342,0,0,0000,---,False,0.31052,-0.02594,0.3116,-0.00432,0.46526,-0.54717,cached_adaptive_split,w,"$1,0,0,0,0,0,0,0,0#",16000,16000,Set tank.c app_speed/duty level to the logged pwm before sending the move key/protocol command; e=stop.,0.25295,0.7001,0,0,0,3.42024,0.14884,11.7478,0.21618,-0.00271,11.7838,0.2162,0.2162,0.05846,2,0.1266,0,0,4.24984,1.52125,0.3116,0.2162,2,False,running
88434632b5,formation_7_smooth_bypass,5,1.0,1784463000,smooth_adaptive_clusters,finish_first,r02,r02,True,lower,bypass,local,1,1,0.08121,-0.20583,-0.10346,0.31159,-0.02153,825,815,9,367,0,0,0000,---,False,0.30982,-0.03323,0.31159,-0.02153,0.27446,-0.22677,cached_adaptive_split,w,"$1,0,0,0,0,0,0,0,0#",16000,16000,Set tank.c app_speed/duty level to the logged pwm before sending the move key/protocol command; e=stop.,0.19062,0.53628,0,0,0,3.66778,0.15796,11.81024,0.21618,-0.00271,11.7838,0.2162,0.2162,0.05846,2,0.1266,0,0,4.24984,1.52125,0.3116,0.2162,2,False,running
88434632b5,formation_7_smooth_bypass,5,1.0,1784463000,smooth_adaptive_clusters,finish_first,r03,r03,True,lower,bypass,local,1,1,0.52262,-0.21701,-0.13053,0.31159,-0.01599,823,817,11,323,0,0,0000,---,False,0.30885,-0.04133,0.31159,-0.01599,0.65358,-0.23469,cached_adaptive_split,w,"$1,0,0,0,0,0,0,0,0#",16000,16000,Set tank.c app_speed/duty level to the logged pwm before sending the move key/protocol command; e=stop.,0.25291,0.70146,0,0,0,3.22636,0.14884,11.74884,0.21618,-0.00271,11.7838,0.2162,0.2162,0.05846,2,0.1266,0,0,4.24984,1.52125,0.3116,0.2162,2,False,running
88434632b5,formation_7_smooth_bypass,5,1.0,1784463000,smooth_adaptive_clusters,finish_first,r04,r04,True,lower,bypass,local,1,1,-0.17165,0.12268,-0.16196,0.31139,-0.10346,841,798,8,392,0,0,1000,---,False,0.30666,-0.05524,0.31139,-0.10346,0.08092,0.07616,cached_adaptive_split,w,"$1,0,0,0,0,0,0,0,0#",17000,16000,Set tank.c app_speed/duty level to the logged pwm before sending the move key/protocol command; e=stop.,0.12828,0.37368,0,0,0,3.92063,0.1266,11.87309,0.21618,-0.00271,11.7838,0.2162,0.2162,0.05846,2,0.1266,0,0,4.24984,1.52125,0.3116,0.2162,2,False,running
88434632b5,formation_7_smooth_bypass,5,1.0,1784463000,smooth_adaptive_clusters,finish_first,r05,r05,True,upper,bypass,local,1,1,0.27102,0.16057,0.11535,0.31158,0.03094,813,826,-9,348,0,0,0000,---,False,0.30935,0.03737,0.31158,0.03094,0.464,0.18418,cached_adaptive_split,w,"$1,0,0,0,0,0,0,0,0#",16000,17000,Set tank.c app_speed/duty level to the logged pwm before sending the move key/protocol command; e=stop.,0.19062,0.53643,0,0,0,3.47797,0.15796,11.81043,0.21618,-0.00271,11.7838,0.2162,0.2162,0.05846,2,0.1266,0,0,4.24984,1.52125,0.3116,0.2162,2,False,running
88434632b5,formation_7_smooth_bypass,5,1.0,1784463000,smooth_adaptive_clusters,finish_first,r06,r06,True,upper,bypass,local,1,1,0.71254,0.171,0.13067,0.3116,0.00695,819,821,-10,304,0,0,0000,---,False,0.3089,0.04094,0.3116,0.00695,0.8435,0.18843,cached_adaptive_split,w,"$1,0,0,0,0,0,0,0,0#",16000,16000,Set tank.c app_speed/duty level to the logged pwm before sending the move key/protocol command; e=stop.,0.25293,0.70256,0,0,0,3.03645,0.16045,11.74893,0.21618,-0.00271,11.7838,0.2162,0.2162,0.05846,2,0.1266,0,0,4.24984,1.52125,0.3116,0.2162,2,False,running
88434632b5,formation_7_smooth_bypass,5,1.0,1784463000,smooth_adaptive_clusters,finish_first,r07,r07,True,upper,bypass,local,1,1,-0.23611,0.48577,0.06805,0.3116,0.00352,819,821,-10,399,0,0,0000,---,False,0.31087,0.02136,0.3116,0.00352,-0.10437,0.49486,cached_adaptive_split,w,"$1,0,0,0,0,0,0,0,0#",16000,16000,Set tank.c app_speed/duty level to the logged pwm before sending the move key/protocol command; e=stop.,0.25295,0.69932,0,0,0,3.98735,0.1266,11.74755,0.21618,-0.00271,11.7838,0.2162,0.2162,0.05846,2,0.1266,0,0,4.24984,1.52125,0.3116,0.2162,2,False,running
88434632b5,formation_7_smooth_bypass,6,1.2,1784463200,smooth_adaptive_clusters,finish_first,r01,r01,True,lower,bypass,local,1,1,0.39576,-0.54125,-0.08217,0.3116,0.00241,819,821,13,336,0,0,0000,---,False,0.31056,-0.02546,0.3116,0.00241,0.54202,-0.55321,cached_adaptive_split,w,"$1,0,0,0,0,0,0,0,0#",16000,16000,Set tank.c app_speed/duty level to the logged pwm before sending the move key/protocol command; e=stop.,0.31527,0.86541,0,0,0,3.3585,0.14609,11.6857,0.27806,-0.00424,11.7219,0.2781,0.2781,0.06214,4,0.1266,0,0,5.40794,1.95748,0.3116,0.2317,2,False,running
88434632b5,formation_7_smooth_bypass,6,1.2,1784463200,smooth_adaptive_clusters,finish_first,r02,r02,True,lower,bypass,local,1,1,0.14319,-0.21232,-0.10427,0.3116,-0.00405,821,819,9,361,0,0,0000,---,False,0.30989,-0.03263,0.3116,-0.00405,0.3511,-0.23425,cached_adaptive_split,w,"$1,0,0,0,0,0,0,0,0#",16000,16000,Set tank.c app_speed/duty level to the logged pwm before sending the move key/protocol command; e=stop.,0.25294,0.7017,0,0,0,3.6058,0.15796,11.74827,0.27806,-0.00424,11.7219,0.2781,0.2781,0.06214,4,0.1266,0,0,5.40794,1.95748,0.3116,0.2317,2,False,running
88434632b5,formation_7_smooth_bypass,6,1.2,1784463200,smooth_adaptive_clusters,finish_first,r03,r03,True,lower,bypass,local,1,1,0.58441,-0.22513,-0.13072,0.3116,-0.00096,820,820,11,316,0,0,0000,---,False,0.30894,-0.04066,0.3116,-0.00096,0.72998,-0.2443,cached_adaptive_split,w,"$1,0,0,0,0,0,0,0,0#",16000,16000,Set tank.c app_speed/duty level to the logged pwm before sending the move key/protocol command; e=stop.,0.31523,0.86686,0,0,0,3.16457,0.14609,11.68708,0.27806,-0.00424,11.7219,0.2781,0.2781,0.06214,4,0.1266,0,0,5.40794,1.95748,0.3116,0.2317,2,False,running
88434632b5,formation_7_smooth_bypass,6,1.2,1784463200,smooth_adaptive_clusters,finish_first,r04,r04,True,lower,bypass,local,1,1,-0.11024,0.11209,-0.17085,0.31156,-0.04449,829,811,8,386,0,0,1000,---,False,0.30669,-0.05512,0.31156,-0.04449,0.15689,0.06363,cached_adaptive_split,w,"$1,0,0,0,0,0,0,0,0#",17000,16000,Set tank.c app_speed/duty level to the logged pwm before sending the move key/protocol command; e=stop.,0.19059,0.53953,0,0,0,3.85923,0.1266,11.81171,0.27806,-0.00424,11.7219,0.2781,0.2781,0.06214,4,0.1266,0,0,5.40794,1.95748,0.3116,0.2317,2,False,running
88434632b5,formation_7_smooth_bypass,6,1.2,1784463200,smooth_adaptive_clusters,finish_first,r05,r05,True,upper,bypass,local,1,1,0.33291,0.16786,0.11727,0.3116,0.00957,818,822,-9,342,0,0,0000,---,False,0.3094,0.03692,0.3116,0.00957,0.54053,0.19273,cached_adaptive_split,w,"$1,0,0,0,0,0,0,0,0#",16000,16000,Set tank.c app_speed/duty level to the logged pwm before sending the move key/protocol command; e=stop.,0.25294,0.7019,0,0,0,3.41607,0.15796,11.74855,0.27806,-0.00424,11.7219,0.2781,0.2781,0.06214,4,0.1266,0,0,5.40794,1.95748,0.3116,0.2317,2,False,running
88434632b5,formation_7_smooth_bypass,6,1.2,1784463200,smooth_adaptive_clusters,finish_first,r06,r06,True,upper,bypass,local,1,1,0.77433,0.17908,0.12992,0.3116,-0.00377,821,819,-10,297,0,0,0000,---,False,0.309,0.04019,0.3116,-0.00377,0.91991,0.19797,cached_adaptive_split,w,"$1,0,0,0,0,0,0,0,0#",16000,16000,Set tank.c app_speed/duty level to the logged pwm before sending the move key/protocol command; e=stop.,0.31525,0.86791,0,0,0,2.97465,0.16045,11.68716,0.27806,-0.00424,11.7219,0.2781,0.2781,0.06214,4,0.1266,0,0,5.40794,1.95748,0.3116,0.2317,2,False,running
88434632b5,formation_7_smooth_bypass,6,1.2,1784463200,smooth_adaptive_clusters,finish_first,r07,r07,True,upper,bypass,local,1,1,-0.17394,0.48998,0.06765,0.3116,-0.00199,820,820,-10,393,0,0,0000,---,False,0.31089,0.02097,0.3116,-0.00199,-0.02753,0.49984,cached_adaptive_split,w,"$1,0,0,0,0,0,0,0,0#",16000,16000,Set tank.c app_speed/duty level to the logged pwm before sending the move key/protocol command; e=stop.,0.31527,0.86463,0,0,0,3.92535,0.1266,11.68538,0.27806,-0.00424,11.7219,0.2781,0.2781,0.06214,4,0.1266,0,0,5.40794,1.95748,0.3116,0.2317,2,False,running
88434632b5,formation_7_smooth_bypass,7,1.4,1784463400,smooth_adaptive_clusters,finish_first,r01,r01,True,lower,bypass,local,1,1,0.45787,-0.54631,-0.08138,0.3116,0.00394,819,821,13,330,0,0,0000,---,False,0.31058,-0.02514,0.3116,0.00394,0.61878,-0.5593,adaptive_split_to_bypass_target,w,"$1,0,0,0,0,0,0,0,0#",16000,16000,Set tank.c app_speed/duty level to the logged pwm before sending the move key/protocol command; e=stop.,0.37759,1.03068,0,0,0,3.29677,0.14335,11.6236,0.33994,-0.0058,11.6601,0.34,0.3399,0.06666,4,0.1266,0,0,6.56525,2.39372,0.3116,0.2428,2,False,running
88434632b5,formation_7_smooth_bypass,7,1.4,1784463400,smooth_adaptive_clusters,finish_first,r02,r02,True,lower,bypass,local,1,1,0.20517,-0.21877,-0.10374,0.3116,0.00266,819,821,9,354,0,0,0000,---,False,0.30994,-0.03214,0.3116,0.00266,0.42772,-0.24182,adaptive_split_to_bypass_target,w,"$1,0,0,0,0,0,0,0,0#",16000,16000,Set tank.c app_speed/duty level to the logged pwm before sending the move key/protocol command; e=stop.,0.31526,0.86701,0,0,0,3.54381,0.15796,11.6863,0.33994,-0.0058,11.6601,0.34,0.3399,0.06666,4,0.1266,0,0,6.56525,2.39372,0.3116,0.2428,2,False,running
88434632b5,formation_7_smooth_bypass,7,1.4,1784463400,smooth_adaptive_clusters,finish_first,r03,r03,True,lower,bypass,local,1,1,0.64621,-0.2332,-0.12987,0.3116,0.00423,819,821,11,310,0,0,0000,---,False,0.309,-0.04015,0.3116,0.00423,0.80637,-0.25397,adaptive_split_to_bypass_target,w,"$1,0,0,0,0,0,0,0,0#",16000,16000,Set tank.c app_speed/duty level to the logged pwm before sending the move key/protocol command; e=stop.,0.37755,1.03216,0,0,0,3.10278,0.14335,11.62531,0.33994,-0.0058,11.6601,0.34,0.3399,0.06666,4,0.1266,0,0,6.56525,2.39372,0.3116,0.2428,2,False,running
88434632b5,formation_7_smooth_bypass,7,1.4,1784463400,smooth_adaptive_clusters,finish_first,r04,r04,True,lower,bypass,local,1,1,-0.04886,0.10134,-0.17342,0.3116,-0.01284,823,817,9,380,0,0,1000,---,False,0.30682,-0.05439,0.3116,-0.01284,0.23289,0.05126,adaptive_split_to_bypass_target,w,"$1,0,0,0,0,0,0,0,0#",16000,16000,Set tank.c app_speed/duty level to the logged pwm before sending the move key/protocol command; e=stop.,0.25291,0.7051,0,0,0,3.79784,0.1266,11.75036,0.33994,-0.0058,11.6601,0.34,0.3399,0.06666,4,0.1266,0,0,6.56525,2.39372,0.3116,0.2428,2,False,running
88434632b5,formation_7_smooth_bypass,7,1.4,1784463400,smooth_adaptive_clusters,finish_first,r05,r05,True,upper,bypass,local,1,1,0.3948,0.17515,0.11731,0.3116,0.0002,820,820,-9,335,0,0,0000,---,False,0.30946,0.03648,0.3116,0.0002,0.61704,0.20135,adaptive_split_to_bypass_target,w,"$1,0,0,0,0,0,0,0,0#",16000,16000,Set tank.c app_speed/duty level to the logged pwm before sending the move key/protocol command; e=stop.,0.31526,0.86724,0,0,0,3.35418,0.15796,11.68668,0.33994,-0.0058,11.6601,0.34,0.3399,0.06666,4,0.1266,0,0,6.56525,2.39372,0.3116,0.2428,2,False,running
88434632b5,formation_7_smooth_bypass,7,1.4,1784463400,smooth_adaptive_clusters,finish_first,r06,r06,True,upper,bypass,local,1,1,0.83614,0.18707,0.12867,0.3116,-0.00625,821,819,-11,291,0,0,0000,---,False,0.30906,0.03968,0.3116,-0.00625,0.99631,0.20758,adaptive_split_to_bypass_target,w,"$1,0,0,0,0,0,0,0,0#",16000,16000,Set tank.c app_speed/duty level to the logged pwm before sending the move key/protocol command; e=stop.,0.37757,1.03318,0,0,0,2.91285,0.16045,11.62538,0.33994,-0.0058,11.6601,0.34,0.3399,0.06666,4,0.1266,0,0,6.56525,2.39372,0.3116,0.2428,2,False,running
88434632b5,formation_7_smooth_bypass,7,1.4,1784463400,smooth_adaptive_clusters,finish_first,r07,r07,True,upper,bypass,local,1,1,-0.11176,0.49416,0.067,0.3116,-0.00323,821,819,-10,386,0,0,0000,---,False,0.31091,0.0207,0.3116,-0.00323,0.04931,0.50485,adaptive_split_to_bypass_target,w,"$1,0,0,0,0,0,0,0,0#",16000,16000,Set tank.c app_speed/duty level to the logged pwm before sending the move key/protocol command; e=stop.,0.37759,1.02988,0,0,0,3.86335,0.1266,11.62321,0.33994,-0.0058,11.6601,0.34,0.3399,0.06666,4,0.1266,0,0,6.56525,2.39372,0.3116,0.2428,2,False,running
88434632b5,formation_7_smooth_bypass,8,1.6,1784463600,smooth_adaptive_clusters,finish_first,r01,r01,True,lower,bypass,local,1,1,0.51999,-0.55134,-0.08071,0.3116,0.00338,819,821,13,324,0,0,0000,---,False,0.3106,-0.02496,0.3116,0.00338,0.69553,-0.56541,cached_adaptive_split,w,"$1,0,0,0,0,0,0,0,0#",16000,16000,Set tank.c app_speed/duty level to the logged pwm before sending the move key/protocol command; e=stop.,0.43991,1.19593,0,0,0,3.23506,0.14063,11.56149,0.40182,-0.00735,11.5982,0.4019,0.4018,0.07188,5,0.1266,0,0,7.72217,2.82996,0.3116,0.2511,2,False,running
88434632b5,formation_7_smooth_bypass,8,1.6,1784463600,smooth_adaptive_clusters,finish_first,r02,r02,True,lower,bypass,local,1,1,0.26716,-0.22517,-0.1029,0.3116,0.00419,819,821,9,348,0,0,0000,---,False,0.30997,-0.0318,0.3116,0.00419,0.50434,-0.24946,cached_adaptive_split,w,"$1,0,0,0,0,0,0,0,0#",16000,16000,Set tank.c app_speed/duty level to the logged pwm before sending the move key/protocol command; e=stop.,0.37758,1.03227,0,0,0,3.48182,0.15796,11.62433,0.40182,-0.00735,11.5982,0.4019,0.4018,0.07188,5,0.1266,0,0,7.72217,2.82996,0.3116,0.2511,2,False,running
88434632b5,formation_7_smooth_bypass,8,1.6,1784463600,smooth_adaptive_clusters,finish_first,r03,r03,True,lower,bypass,local,1,1,0.70801,-0.24122,-0.12891,0.3116,0.00479,819,821,11,304,0,0,0000,---,False,0.30904,-0.03983,0.3116,0.00479,0.88276,-0.26369,cached_adaptive_split,w,"$1,0,0,0,0,0,0,0,0#",16000,16000,Set tank.c app_speed/duty level to the logged pwm before sending the move key/protocol command; e=stop.,0.43987,1.19741,0,0,0,3.04097,0.14063,11.56354,0.40182,-0.00735,11.5982,0.4019,0.4018,0.07188,5,0.1266,0,0,7.72217,2.82996,0.3116,0.2511,2,False,running
88434632b5,formation_7_smooth_bypass,8,1.6,1784463600,smooth_adaptive_clusters,finish_first,r04,r04,True,lower,bypass,local,1,1,0.01253,0.09058,-0.17339,0.3116,0.00014,820,820,9,374,0,0,1000,---,False,0.30693,-0.05375,0.3116,0.00014,0.30886,0.03869,cached_adaptive_split,w,"$1,0,0,0,0,0,0,0,0#",16000,16000,Set tank.c app_speed/duty level to the logged pwm before sending the move key/protocol command; e=stop.,0.31523,0.87048,0,0,0,3.73646,0.1266,11.68901,0.40182,-0.00735,11.5982,0.4019,0.4018,0.07188,5,0.1266,0,0,7.72217,2.82996,0.3116,0.2511,2,False,running
88434632b5,formation_7_smooth_bypass,8,1.6,1784463600,smooth_adaptive_clusters,finish_first,r05,r05,True,upper,bypass,local,1,1,0.4567,0.18241,0.11673,0.3116,-0.0029,821,819,-9,329,0,0,0000,---,False,0.3095,0.03615,0.3116,-0.0029,0.69355,0.21005,cached_adaptive_split,w,"$1,0,0,0,0,0,0,0,0#",16000,16000,Set tank.c app_speed/duty level to the logged pwm before sending the move key/protocol command; e=stop.,0.37758,1.03251,0,0,0,3.29229,0.15796,11.62481,0.40182,-0.00735,11.5982,0.4019,0.4018,0.07188,5,0.1266,0,0,7.72217,2.82996,0.3116,0.2511,2,False,running
88434632b5,formation_7_smooth_bypass,8,1.6,1784463600,smooth_adaptive_clusters,finish_first,r06,r06,True,upper,bypass,local,1,1,0.89795,0.195,0.12759,0.3116,-0.0054,821,819,-11,285,0,0,0000,---,False,0.3091,0.03939,0.3116,-0.0054,1.0727,0.21722,cached_adaptive_split,w,"$1,0,0,0,0,0,0,0,0#",16000,16000,Set tank.c app_speed/duty level to the logged pwm before sending the move key/protocol command; e=stop.,0.43989,1.19844,0,0,0,2.85103,0.16045,11.56361,0.40182,-0.00735,11.5982,0.4019,0.4018,0.07188,5,0.1266,0,0,7.72217,2.82996,0.3116,0.2511,2,False,running
88434632b5,formation_7_smooth_bypass,8,1.6,1784463600,smooth_adaptive_clusters,finish_first,r07,r07,True,upper,bypass,local,1,1,-0.04957,0.49829,0.06645,0.3116,-0.00276,821,819,-10,380,0,0,0000,---,False,0.31092,0.02056,0.3116,-0.00276,0.12614,0.50988,cached_adaptive_split,w,"$1,0,0,0,0,0,0,0,0#",16000,16000,Set tank.c app_speed/duty level to the logged pwm before sending the move key/protocol command; e=stop.,0.43991,1.19514,0,0,0,3.80137,0.1266,11.56104,0.40182,-0.00735,11.5982,0.4019,0.4018,0.07188,5,0.1266,0,0,7.72217,2.82996,0.3116,0.2511,2,False,running
88434632b5,formation_7_smooth_bypass,9,1.8,1784463800,smooth_adaptive_clusters,finish_first,r01,r01,True,lower,bypass,local,1,1,0.58211,-0.55633,-0.08025,0.3116,0.00231,820,820,13,317,0,0,0000,---,False,0.31061,-0.02486,0.3116,0.00231,0.77229,-0.57153,cached_adaptive_split,w,"$1,0,0,0,0,0,0,0,0#",16000,16000,Set tank.c app_speed/duty level to the logged pwm before sending the move key/protocol command; e=stop.,0.50223,1.36119,0,0,0,3.17336,0.13793,11.49939,0.46371,-0.00889,11.5363,0.4638,0.4637,0.07766,7,0.1266,0,0,8.87899,3.2662,0.3116,0.2576,2,False,running
88434632b5,formation_7_smooth_bypass,9,1.8,1784463800,smooth_adaptive_clusters,finish_first,r02,r02,True,lower,bypass,local,1,1,0.32916,-0.23153,-0.10216,0.3116,0.00368,819,821,9,342,0,0,0000,---,False,0.30999,-0.0316,0.3116,0.00368,0.58096,-0.25716,cached_adaptive_split,w,"$1,0,0,0,0,0,0,0,0#",16000,16000,Set tank.c app_speed/duty level to the logged pwm before sending the move key/protocol command; e=stop.,0.4399,1.19753,0,0,0,3.41982,0.15796,11.56235,0.46371,-0.00889,11.5363,0.4638,0.4637,0.07766,7,0.1266,0,0,8.87899,3.2662,0.3116,0.2576,2,False,running
88434632b5,formation_7_smooth_bypass,9,1.8,1784463800,smooth_adaptive_clusters,finish_first,r03,r03,True,lower,bypass,local,1,1,0.76982,-0.24918,-0.12817,0.3116,0.00373,819,821,11,298,0,0,0000,---,False,0.30907,-0.03965,0.3116,0.00373,0.95914,-0.27343,cached_adaptive_split,w,"$1,0,0,0,0,0,0,0,0#",16000,16000,Set tank.c app_speed/duty level to the logged pwm before sending the move key/protocol command; e=stop.,0.50219,1.36267,0,0,0,2.97916,0.13793,11.50177,0.46371,-0.00889,11.5363,0.4638,0.4637,0.07766,7,0.1266,0,0,8.87899,3.2662,0.3116,0.2576,2,False,running
88434632b5,formation_7_smooth_bypass,9,1.8,1784463800,smooth_adaptive_clusters,finish_first,r04,r04,True,lower,bypass,local,1,1,0.07392,0.07988,-0.17257,0.3116,0.00412,819,821,9,368,0,0,0000,---,False,0.30701,-0.05331,0.3116,0.00412,0.3848,0.02594,cached_adaptive_split,w,"$1,0,0,0,0,0,0,0,0#",16000,16000,Set tank.c app_speed/duty level to the logged pwm before sending the move key/protocol command; e=stop.,0.37755,1.03576,0,0,0,3.67506,0.1266,11.62767,0.46371,-0.00889,11.5363,0.4638,0.4637,0.07766,7,0.1266,0,0,8.87899,3.2662,0.3116,0.2576,2,False,running
88434632b5,formation_7_smooth_bypass,9,1.8,1784463800,smooth_adaptive_clusters,finish_first,r05,r05,True,upper,bypass,local,1,1,0.5186,0.18963,0.11608,0.3116,-0.00322,821,819,-10,323,0,0,0000,---,False,0.30952,0.03593,0.3116,-0.00322,0.77005,0.21879,cached_adaptive_split,w,"$1,0,0,0,0,0,0,0,0#",16000,16000,Set tank.c app_speed/duty level to the logged pwm before sending the move key/protocol command; e=stop.,0.4399,1.19776,0,0,0,3.23039,0.15796,11.56293,0.46371,-0.00889,11.5363,0.4638,0.4637,0.07766,7,0.1266,0,0,8.87899,3.2662,0.3116,0.2576,2,False,running
88434632b5,formation_7_smooth_bypass,9,1.8,1784463800,smooth_adaptive_clusters,finish_first,r06,r06,True,upper,bypass,local,1,1,0.95977,0.20289,0.12685,0.3116,-0.00372,821,819,-11,279,0,0,0000,---,False,0.30912,0.03924,0.3116,-0.00372,1.14909,0.22688,cached_adaptive_split,w,"$1,0,0,0,0,0,0,0,0#",16000,16000,Set tank.c app_speed/duty level to the logged pwm before sending the move key/protocol command; e=stop.,0.50221,1.3637,0,0,0,2.78921,0.16045,11.50183,0.46371,-0.00889,11.5363,0.4638,0.4637,0.07766,7,0.1266,0,0,8.87899,3.2662,0.3116,0.2576,2,False,running
88434632b5,formation_7_smooth_bypass,9,1.8,1784463800,smooth_adaptive_clusters,finish_first,r07,r07,True,upper,bypass,local,1,1,0.01261,0.50241,0.06607,0.3116,-0.00188,820,820,-11,374,0,0,0000,---,False,0.31093,0.02048,0.3116,-0.00188,0.20298,0.51493,cached_adaptive_split,w,"$1,0,0,0,0,0,0,0,0#",16000,16000,Set tank.c app_speed/duty level to the logged pwm before sending the move key/protocol command; e=stop.,0.50223,1.36039,0,0,0,3.73939,0.1266,11.49886,0.46371,-0.00889,11.5363,0.4638,0.4637,0.07766,7,0.1266,0,0,8.87899,3.2662,0.3116,0.2576,2,False,running
88434632b5,formation_7_smooth_bypass,10,2.0,1784464000,smooth_adaptive_clusters,finish_first,r01,r01,True,lower,bypass,local,1,1,0.64423,-0.56131,-0.07997,0.3116,0.00137,820,820,14,311,0,0,0000,---,False,0.31061,-0.02483,0.3116,0.00137,0.84905,-0.57767,adaptive_split_to_bypass_target,w,"$1,0,0,0,0,0,0,0,0#",16000,16000,Set tank.c app_speed/duty level to the logged pwm before sending the move key/protocol command; e=stop.,0.56455,1.52644,0,0,0,3.11169,0.13525,11.43729,0.5256,-0.01043,11.4744,0.5257,0.5256,0.08389,8,0.1266,0,0,10.03579,3.70244,0.3116,0.2628,2,False,running
88434632b5,formation_7_smooth_bypass,10,2.0,1784464000,smooth_adaptive_clusters,finish_first,r02,r02,True,lower,bypass,local,1,1,0.39116,-0.23785,-0.10164,0.3116,0.00263,819,821,9,336,0,0,0000,---,False,0.31001,-0.03149,0.3116,0.00263,0.65757,-0.26488,adaptive_split_to_bypass_target,w,"$1,0,0,0,0,0,0,0,0#",16000,16000,Set tank.c app_speed/duty level to the logged pwm before sending the move key/protocol command; e=stop.,0.50222,1.36278,0,0,0,3.35783,0.15796,11.50038,0.5256,-0.01043,11.4744,0.5257,0.5256,0.08389,8,0.1266,0,0,10.03579,3.70244,0.3116,0.2628,2,False,running
88434632b5,formation_7_smooth_bypass,10,2.0,1784464000,smooth_adaptive_clusters,finish_first,r03,r03,True,lower,bypass,local,1,1,0.83163,-0.25712,-0.12768,0.3116,0.00243,819,821,12,292,0,0,0000,---,False,0.30908,-0.03956,0.3116,0.00243,1.03552,-0.28319,adaptive_split_to_bypass_target,w,"$1,0,0,0,0,0,0,0,0#",16000,16000,Set tank.c app_speed/duty level to the logged pwm before sending the move key/protocol command; e=stop.,0.56451,1.52793,0,0,0,2.91735,0.13525,11.44001,0.5256,-0.01043,11.4744,0.5257,0.5256,0.08389,8,0.1266,0,0,10.03579,3.70244,0.3116,0.2628,2,False,running
88434632b5,formation_7_smooth_bypass,10,2.0,1784464000,smooth_adaptive_clusters,finish_first,r04,r04,True,lower,bypass,local,1,1,0.13532,0.06923,-0.17181,0.3116,0.00379,819,821,9,361,0,0,0100,---,False,0.30704,-0.05309,0.3116,0.00379,0.4607,0.01301,adaptive_split_to_bypass_target,w,"$1,0,0,0,0,0,0,0,0#",16000,16000,Set tank.c app_speed/duty level to the logged pwm before sending the move key/protocol command; e=stop.,0.43987,1.20101,0,0,0,3.61366,0.1266,11.56633,0.5256,-0.01043,11.4744,0.5257,0.5256,0.08389,8,0.1266,0,0,10.03579,3.70244,0.3116,0.2628,2,False,running
88434632b5,formation_7_smooth_bypass,10,2.0,1784464000,smooth_adaptive_clusters,finish_first,r05,r05,True,upper,bypass,local,1,1,0.5805,0.19681,0.11557,0.3116,-0.00256,821,819,-10,317,0,0,0000,---,False,0.30954,0.03581,0.3116,-0.00256,0.84655,0.22757,adaptive_split_to_bypass_target,w,"$1,0,0,0,0,0,0,0,0#",16000,16000,Set tank.c app_speed/duty level to the logged pwm before sending the move key/protocol command; e=stop.,0.50221,1.36302,0,0,0,3.16848,0.15796,11.50106,0.5256,-0.01043,11.4744,0.5257,0.5256,0.08389,8,0.1266,0,0,10.03579,3.70244,0.3116,0.2628,2,False,running
88434632b5,formation_7_smooth_bypass,10,2.0,1784464000,smooth_adaptive_clusters,finish_first,r06,r06,True,upper,bypass,local,1,1,1.02159,0.21075,0.1264,0.3116,-0.00223,820,820,-11,273,0,0,0000,---,False,0.30913,0.03917,0.3116,-0.00223,1.22548,0.23656,adaptive_split_to_bypass_target,w,"$1,0,0,0,0,0,0,0,0#",16000,16000,Set tank.c app_speed/duty level to the logged pwm before sending the move key/protocol command; e=stop.,0.56453,1.52896,0,0,0,2.72739,0.16045,11.44005,0.5256,-0.01043,11.4744,0.5257,0.5256,0.08389,8,0.1266,0,0,10.03579,3.70244,0.3116,0.2628,2,False,running
88434632b5,formation_7_smooth_bypass,10,2.0,1784464000,smooth_adaptive_clusters,finish_first,r07,r07,True,upper,bypass,local,1,1,0.07479,0.50651,0.06585,0.3116,-0.00111,820,820,-11,368,0,0,0000,---,False,0.31093,0.02045,0.3116,-0.00111,0.27981,0.51998,adaptive_split_to_bypass_target,w,"$1,0,0,0,0,0,0,0,0#",16000,16000,Set tank.c app_speed/duty level to the logged pwm before sending the move key/protocol command; e=stop.,0.56455,1.52564,0,0,0,3.67742,0.1266,11.43669,0.5256,-0.01043,11.4744,0.5257,0.5256,0.08389,8,0.1266,0,0,10.03579,3.70244,0.3116,0.2628,2,False,running
88434632b5,formation_7_smooth_bypass,11,2.2,1784464200,smooth_adaptive_clusters,finish_first,r01,r01,True,lower,bypass,local,1,1,0.70635,-0.56628,-0.07983,0.3116,0.00072,820,820,14,305,0,0,0000,---,False,0.31061,-0.02481,0.3116,0.00072,0.9258,-0.5838,cached_adaptive_split,w,"$1,0,0,0,0,0,0,0,0#",16000,16000,Set tank.c app_speed/duty level to the logged pwm before sending the move key/protocol command; e=stop.,0.62687,1.69169,0,0,0,3.05004,0.13258,11.37519,0.5875,-0.01196,11.4125,0.5876,0.5875,0.0905,9,0.1266,0,0,11.19257,4.13868,0.3116,0.267,2,False,running
88434632b5,formation_7_smooth_bypass,11,2.2,1784464200,smooth_adaptive_clusters,finish_first,r02,r02,True,lower,bypass,local,1,1,0.45316,-0.24415,-0.1013,0.3116,0.00167,820,820,10,330,0,0,0000,---,False,0.31001,-0.03143,0.3116,0.00167,0.73418,-0.27263,cached_adaptive_split,w,"$1,0,0,0,0,0,0,0,0#",16000,16000,Set tank.c app_speed/duty level to the logged pwm before sending the move key/protocol command; e=stop.,0.56454,1.52804,0,0,0,3.29583,0.15796,11.43841,0.5875,-0.01196,11.4125,0.5876,0.5875,0.0905,9,0.1266,0,0,11.19257,4.13868,0.3116,0.267,2,False,running
88434632b5,formation_7_smooth_bypass,11,2.2,1784464200,smooth_adaptive_clusters,finish_first,r03,r03,True,lower,bypass,local,1,1,0.89345,-0.26504,-0.1274,0.3116,0.0014,820,820,12,286,0,0,0000,---,False,0.30908,-0.03952,0.3116,0.0014,1.1119,-0.29296,cached_adaptive_split,w,"$1,0,0,0,0,0,0,0,0#",16000,16000,Set tank.c app_speed/duty level to the logged pwm before sending the move key/protocol command; e=stop.,0.62683,1.69319,0,0,0,2.85554,0.13258,11.37824,0.5875,-0.01196,11.4125,0.5876,0.5875,0.0905,9,0.1266,0,0,11.19257,4.13868,0.3116,0.267,2,False,running
88434632b5,formation_7_smooth_bypass,11,2.2,1784464200,smooth_adaptive_clusters,finish_first,r04,r04,True,lower,bypass,local,1,1,0.19673,0.05861,-0.17126,0.3116,0.00277,819,821,9,355,0,0,0100,---,False,0.30706,-0.05297,0.3116,0.00277,0.5366,1e-05,cached_adaptive_split,w,"$1,0,0,0,0,0,0,0,0#",16000,16000,Set tank.c app_speed/duty level to the logged pwm before sending the move key/protocol command; e=stop.,0.50219,1.36627,0,0,0,3.55225,0.1266,11.50499,0.5875,-0.01196,11.4125,0.5876,0.5875,0.0905,9,0.1266,0,0,11.19257,4.13868,0.3116,0.267,2,False,running
88434632b5,formation_7_smooth_bypass,11,2.2,1784464200,smooth_adaptive_clusters,finish_first,r05,r05,True,upper,bypass,local,1,1,0.64241,0.20398,0.11522,0.3116,-0.00174,820,820,-10,311,0,0,0000,---,False,0.30954,0.03574,0.3116,-0.00174,0.92305,0.23636,cached_adaptive_split,w,"$1,0,0,0,0,0,0,0,0#",16000,16000,Set tank.c app_speed/duty level to the logged pwm before sending the move key/protocol command; e=stop.,0.56453,1.52827,0,0,0,3.10657,0.15796,11.43919,0.5875,-0.01196,11.4125,0.5876,0.5875,0.0905,9,0.1266,0,0,11.19257,4.13868,0.3116,0.267,2,False,running
88434632b5,formation_7_smooth_bypass,11,2.2,1784464200,smooth_adaptive_clusters,finish_first,r06,r06,True,upper,bypass,local,1,1,1.08342,0.21859,0.12616,0.3116,-0.00119,820,820,-11,267,0,0,0000,---,False,0.30913,0.03915,0.3116,-0.00119,1.30187,0.24624,cached_adaptive_split,w,"$1,0,0,0,0,0,0,0,0#",16000,16000,Set tank.c app_speed/duty level to the logged pwm before sending the move key/protocol command; e=stop.,0.62685,1.69422,0,0,0,2.66557,0.16045,11.37828,0.5875,-0.01196,11.4125,0.5876,0.5875,0.0905,9,0.1266,0,0,11.19257,4.13868,0.3116,0.267,2,False,running
88434632b5,formation_7_smooth_bypass,11,2.2,1784464200,smooth_adaptive_clusters,finish_first,r07,r07,True,upper,bypass,local,1,1,0.13698,0.5106,0.06573,0.3116,-0.00058,820,820,-11,362,0,0,0000,---,False,0.31093,0.02044,0.3116,-0.00058,0.35665,0.52504,cached_adaptive_split,w,"$1,0,0,0,0,0,0,0,0#",16000,16000,Set tank.c app_speed/duty level to the logged pwm before sending the move key/protocol command; e=stop.,0.62687,1.6909,0,0,0,3.61546,0.1266,11.37452,0.5875,-0.01196,11.4125,0.5876,0.5875,0.0905,9,0.1266,0,0,11.19257,4.13868,0.3116,0.267,2,False,running
88434632b5,formation_7_smooth_bypass,12,2.4,1784464400,smooth_adaptive_clusters,finish_first,r01,r01,True,lower,bypass,local,1,1,0.76847,-0.57125,-0.07976,0.3116,0.00034,820,820,14,299,0,0,0000,---,False,0.31061,-0.02481,0.3116,0.00034,1.00256,-0.58994,cached_adaptive_split,w,"$1,0,0,0,0,0,0,0,0#",16000,16000,Set tank.c app_speed/duty level to the logged pwm before sending the move key/protocol command; e=stop.,0.68919,1.85694,0,0,0,2.98842,0.12992,11.31309,0.64939,-0.01348,11.3506,0.6496,0.6494,0.09743,12,0.1266,0,0,12.34934,4.57492,0.3116,0.2706,2,False,running
88434632b5,formation_7_smooth_bypass,12,2.4,1784464400,smooth_adaptive_clusters,finish_first,r02,r02,True,lower,bypass,local,1,1,0.51516,-0.25044,-0.10111,0.3116,0.00097,820,820,10,323,0,0,0000,---,False,0.31001,-0.0314,0.3116,0.00097,0.81079,-0.28038,cached_adaptive_split,w,"$1,0,0,0,0,0,0,0,0#",16000,16000,Set tank.c app_speed/duty level to the logged pwm before sending the move key/protocol command; e=stop.,0.62686,1.69329,0,0,0,3.23382,0.15796,11.37644,0.64939,-0.01348,11.3506,0.6496,0.6494,0.09743,12,0.1266,0,0,12.34934,4.57492,0.3116,0.2706,2,False,running
88434632b5,formation_7_smooth_bypass,12,2.4,1784464400,smooth_adaptive_clusters,finish_first,r03,r03,True,lower,bypass,local,1,1,0.95526,-0.27294,-0.12726,0.3116,0.00072,820,820,12,279,0,0,0000,---,False,0.30908,-0.03951,0.3116,0.00072,1.18827,-0.30272,cached_adaptive_split,w,"$1,0,0,0,0,0,0,0,0#",16000,16000,Set tank.c app_speed/duty level to the logged pwm before sending the move key/protocol command; e=stop.,0.68915,1.85844,0,0,0,2.79372,0.12992,11.31649,0.64939,-0.01348,11.3506,0.6496,0.6494,0.09743,12,0.1266,0,0,12.34934,4.57492,0.3116,0.2706,2,False,running
88434632b5,formation_7_smooth_bypass,12,2.4,1784464400,smooth_adaptive_clusters,finish_first,r04,r04,True,lower,bypass,local,1,1,0.25814,0.04801,-0.1709,0.3116,0.00177,820,820,9,349,0,0,0100,---,False,0.30708,-0.05291,0.3116,0.00177,0.61249,-0.01303,cached_adaptive_split,w,"$1,0,0,0,0,0,0,0,0#",16000,16000,Set tank.c app_speed/duty level to the logged pwm before sending the move key/protocol command; e=stop.,0.56451,1.53153,0,0,0,3.49084,0.1266,11.44366,0.64939,-0.01348,11.3506,0.6496,0.6494,0.09743,12,0.1266,0,0,12.34934,4.57492,0.3116,0.2706,2,False,running
88434632b5,formation_7_smooth_bypass,12,2.4,1784464400,smooth_adaptive_clusters,finish_first,r05,r05,True,upper,bypass,local,1,1,0.70432,0.21113,0.11501,0.3116,-0.00107,820,820,-10,304,0,0,0000,---,False,0.30955,0.0357,0.3116,-0.00107,0.99954,0.24517,cached_adaptive_split,w,"$1,0,0,0,0,0,0,0,0#",16000,16000,Set tank.c app_speed/duty level to the logged pwm before sending the move key/protocol command; e=stop.,0.62685,1.69352,0,0,0,3.04467,0.15796,11.37733,0.64939,-0.01348,11.3506,0.6496,0.6494,0.09743,12,0.1266,0,0,12.34934,4.57492,0.3116,0.2706,2,False,running
88434632b5,formation_7_smooth_bypass,12,2.4,1784464400,smooth_adaptive_clusters,finish_first,r06,r06,True,upper,bypass,local,1,1,1.14524,0.22642,0.12605,0.3116,-0.00056,820,820,-11,260,0,0,0000,---,False,0.30913,0.03915,0.3116,-0.00056,1.37826,0.25592,cached_adaptive_split,w,"$1,0,0,0,0,0,0,0,0#",16000,16000,Set tank.c app_speed/duty level to the logged pwm before sending the move key/protocol command; e=stop.,0.68917,1.85947,0,0,0,2.60374,0.16045,11.31651,0.64939,-0.01348,11.3506,0.6496,0.6494,0.09743,12,0.1266,0,0,12.34934,4.57492,0.3116,0.2706,2,False,running
88434632b5,formation_7_smooth_bypass,12,2.4,1784464400,smooth_adaptive_clusters,finish_first,r07,r07,True,upper,bypass,local,1,1,0.19917,0.51469,0.06568,0.3116,-0.00027,820,820,-11,355,0,0,0000,---,False,0.31093,0.02044,0.3116,-0.00027,0.43348,0.53009,cached_adaptive_split,w,"$1,0,0,0,0,0,0,0,0#",16000,16000,Set tank.c app_speed/duty level to the logged pwm before sending the move key/protocol command; e=stop.,0.68919,1.85615,0,0,0,3.55352,0.1266,11.31235,0.64939,-0.01348,11.3506,0.6496,0.6494,0.09743,12,0.1266,0,0,12.34934,4.57492,0.3116,0.2706,2,False,running
88434632b5,formation_7_smooth_bypass,13,2.6,1784464600,smooth_adaptive_clusters,finish_first,r01,r01,True,lower,bypass,local,1,1,0.83059,-0.57621,-0.07973,0.3116,0.00013,820,820,14,293,0,0,0000,---,False,0.31061,-0.02481,0.3116,0.00013,1.07931,-0.59608,adaptive_split_to_bypass_target,w,"$1,0,0,0,0,0,0,0,0#",16000,16000,Set tank.c app_speed/duty level to the logged pwm before sending the move key/protocol command; e=stop.,0.75151,2.02219,0,0,0,2.92682,0.12727,11.25099,0.71129,-0.01501,11.2887,0.7115,0.7113,0.10462,12,0.1266,0,0,13.50609,5.01116,0.3116,0.2736,2,False,running
88434632b5,formation_7_smooth_bypass,13,2.6,1784464600,smooth_adaptive_clusters,finish_first,r02,r02,True,lower,bypass,local,1,1,0.57716,-0.25673,-0.101,0.3116,0.00052,820,820,10,317,0,0,0000,---,False,0.31001,-0.03139,0.3116,0.00052,0.8874,-0.28814,adaptive_split_to_bypass_target,w,"$1,0,0,0,0,0,0,0,0#",16000,16000,Set tank.c app_speed/duty level to the logged pwm before sending the move key/protocol command; e=stop.,0.68918,1.85854,0,0,0,3.17182,0.15796,11.31448,0.71129,-0.01501,11.2887,0.7115,0.7113,0.10462,12,0.1266,0,0,13.50609,5.01116,0.3116,0.2736,2,False,running
88434632b5,formation_7_smooth_bypass,13,2.6,1784464600,smooth_adaptive_clusters,finish_first,r03,r03,True,lower,bypass,local,1,1,1.01708,-0.28085,-0.12719,0.3116,0.00033,820,820,12,273,0,0,0000,---,False,0.30908,-0.03951,0.3116,0.00033,1.26465,-0.31249,adaptive_split_to_bypass_target,w,"$1,0,0,0,0,0,0,0,0#",16000,16000,Set tank.c app_speed/duty level to the logged pwm before sending the move key/protocol command; e=stop.,0.75147,2.02369,0,0,0,2.7319,0.12727,11.25473,0.71129,-0.01501,11.2887,0.7115,0.7113,0.10462,12,0.1266,0,0,13.50609,5.01116,0.3116,0.2736,2,False,running
88434632b5,formation_7_smooth_bypass,13,2.6,1784464600,smooth_adaptive_clusters,finish_first,r04,r04,True,lower,bypass,local,1,1,0.31956,0.03742,-0.1707,0.3116,0.00104,820,820,9,343,0,0,0100,---,False,0.30708,-0.05288,0.3116,0.00104,0.68837,-0.02608,adaptive_split_to_bypass_target,w,"$1,0,0,0,0,0,0,0,0#",16000,16000,Set tank.c app_speed/duty level to the logged pwm before sending the move key/protocol command; e=stop.,0.62683,1.69678,0,0,0,3.42943,0.1266,11.38234,0.71129,-0.01501,11.2887,0.7115,0.7113,0.10462,12,0.1266,0,0,13.50609,5.01116,0.3116,0.2736,2,False,running
88434632b5,formation_7_smooth_bypass,13,2.6,1784464600,smooth_adaptive_clusters,finish_first,r05,r05,True,upper,bypass,local,1,1,0.76623,0.21827,0.11488,0.3116,-0.00061,820,820,-10,298,0,0,0000,---,False,0.30955,0.03569,0.3116,-0.00061,1.07603,0.25399,adaptive_split_to_bypass_target,w,"$1,0,0,0,0,0,0,0,0#",16000,16000,Set tank.c app_speed/duty level to the logged pwm before sending the move key/protocol command; e=stop.,0.68917,1.85877,0,0,0,2.98276,0.15796,11.31547,0.71129,-0.01501,11.2887,0.7115,0.7113,0.10462,12,0.1266,0,0,13.50609,5.01116,0.3116,0.2736,2,False,running
88434632b5,formation_7_smooth_bypass,13,2.6,1784464600,smooth_adaptive_clusters,finish_first,r06,r06,True,upper,bypass,local,1,1,1.20707,0.23425,0.12601,0.3116,-0.00022,820,820,-12,254,0,0,0000,---,False,0.30913,0.03915,0.3116,-0.00022,1.45465,0.26561,adaptive_split_to_bypass_target,w,"$1,0,0,0,0,0,0,0,0#",16000,16000,Set tank.c app_speed/duty level to the logged pwm before sending the move key/protocol command; e=stop.,0.75149,2.02472,0,0,0,2.54191,0.16045,11.25475,0.71129,-0.01501,11.2887,0.7115,0.7113,0.10462,12,0.1266,0,0,13.50609,5.01116,0.3116,0.2736,2,False,running
88434632b5,formation_7_smooth_bypass,13,2.6,1784464600,smooth_adaptive_clusters,finish_first,r07,r07,True,upper,bypass,local,1,1,0.26135,0.51878,0.06566,0.3116,-0.0001,820,820,-11,349,0,0,0000,---,False,0.31093,0.02044,0.3116,-0.0001,0.51031,0.53515,adaptive_split_to_bypass_target,w,"$1,0,0,0,0,0,0,0,0#",16000,16000,Set tank.c app_speed/duty level to the logged pwm before sending the move key/protocol command; e=stop.,0.75151,2.02139,0,0,0,3.49159,0.1266,11.25018,0.71129,-0.01501,11.2887,0.7115,0.7113,0.10462,12,0.1266,0,0,13.50609,5.01116,0.3116,0.2736,2,False,running
88434632b5,formation_7_smooth_bypass,14,2.8,1784464800,smooth_adaptive_clusters,finish_first,r01,r01,True,lower,bypass,local,1,1,0.89271,-0.58117,-0.07973,0.3116,3e-05,820,820,15,287,0,0,0000,---,False,0.31061,-0.02481,0.3116,3e-05,1.15607,-0.60221,cached_adaptive_split,w,"$1,0,0,0,0,0,0,0,0#",16000,16000,Set tank.c app_speed/duty level to the logged pwm before sending the move key/protocol command; e=stop.,0.81383,2.18744,0,0,0,2.86526,0.12462,11.1889,0.77319,-0.01653,11.2268,0.7734,0.7732,0.11203,13,0.1246,0,0,14.66283,5.4474,0.3116,0.2761,2,False,running
88434632b5,formation_7_smooth_bypass,14,2.8,1784464800,smooth_adaptive_clusters,finish_first,r02,r02,True,lower,bypass,local,1,1,0.63916,-0.26301,-0.10095,0.3116,0.00026,820,820,10,311,0,0,0000,---,False,0.31001,-0.03139,0.3116,0.00026,0.96401,-0.2959,cached_adaptive_split,w,"$1,0,0,0,0,0,0,0,0#",16000,16000,Set tank.c app_speed/duty level to the logged pwm before sending the move key/protocol command; e=stop.,0.7515,2.02379,0,0,0,3.10982,0.15796,11.25252,0.77319,-0.01653,11.2268,0.7734,0.7732,0.11203,13,0.1246,0,0,14.66283,5.4474,0.3116,0.2761,2,False,running
88434632b5,formation_7_smooth_bypass,14,2.8,1784464800,smooth_adaptive_clusters,finish_first,r03,r03,True,lower,bypass,local,1,1,1.07889,-0.28875,-0.12717,0.3116,0.00012,820,820,13,267,0,0,0000,---,False,0.30908,-0.03951,0.3116,0.00012,1.34103,-0.32226,cached_adaptive_split,w,"$1,0,0,0,0,0,0,0,0#",16000,16000,Set tank.c app_speed/duty level to the logged pwm before sending the move key/protocol command; e=stop.,0.81379,2.18894,0,0,0,2.67009,0.12462,11.19299,0.77319,-0.01653,11.2268,0.7734,0.7732,0.11203,13,0.1246,0,0,14.66283,5.4474,0.3116,0.2761,2,False,running
88434632b5,formation_7_smooth_bypass,14,2.8,1784464800,smooth_adaptive_clusters,finish_first,r04,r04,True,lower,bypass,local,1,1,0.38097,0.02684,-0.17058,0.3116,0.00056,820,820,9,337,0,0,0100,---,False,0.30708,-0.05287,0.3116,0.00056,0.76426,-0.03914,cached_adaptive_split,w,"$1,0,0,0,0,0,0,0,0#",16000,16000,Set tank.c app_speed/duty level to the logged pwm before sending the move key/protocol command; e=stop.,0.68915,1.86203,0,0,0,3.36801,0.1266,11.32103,0.77319,-0.01653,11.2268,0.7734,0.7732,0.11203,13,0.1246,0,0,14.66283,5.4474,0.3116,0.2761,2,False,running
88434632b5,formation_7_smooth_bypass,14,2.8,1784464800,smooth_adaptive_clusters,finish_first,r05,r05,True,upper,bypass,local,1,1,0.82813,0.22541,0.11482,0.3116,-0.00032,820,820,-10,292,0,0,0000,---,False,0.30955,0.03568,0.3116,-0.00032,1.15253,0.26281,cached_adaptive_split,w,"$1,0,0,0,0,0,0,0,0#",16000,16000,Set tank.c app_speed/duty level to the logged pwm before sending the move key/protocol command; e=stop.,0.75149,2.02402,0,0,0,2.92085,0.15796,11.25361,0.77319,-0.01653,11.2268,0.7734,0.7732,0.11203,13,0.1246,0,0,14.66283,5.4474,0.3116,0.2761,2,False,running
88434632b5,formation_7_smooth_bypass,14,2.8,1784464800,smooth_adaptive_clusters,finish_first,r06,r06,True,upper,bypass,local,1,1,1.26889,0.24208,0.126,0.3116,-6e-05,820,820,-12,248,0,0,0000,---,False,0.30913,0.03915,0.3116,-6e-05,1.53104,0.27529,cached_adaptive_split,w,"$1,0,0,0,0,0,0,0,0#",16000,16000,Set tank.c app_speed/duty level to the logged pwm before sending the move key/protocol command; e=stop.,0.81381,2.18997,0,0,0,2.48009,0.16045,11.19299,0.77319,-0.01653,11.2268,0.7734,0.7732,0.11203,13,0.1246,0,0,14.66283,5.4474,0.3116,0.2761,2,False,running
88434632b5,formation_7_smooth_bypass,14,2.8,1784464800,smooth_adaptive_clusters,finish_first,r07,r07,True,upper,bypass,local,1,1,0.32354,0.52287,0.06565,0.3116,-2e-05,820,820,-11,343,0,0,0000,---,False,0.31093,0.02044,0.3116,-2e-05,0.58715,0.5402,cached_adaptive_split,w,"$1,0,0,0,0,0,0,0,0#",16000,16000,Set tank.c app_speed/duty level to the logged pwm before sending the move key/protocol command; e=stop.,0.81383,2.18664,0,0,0,3.42967,0.1266,11.18802,0.77319,-0.01653,11.2268,0.7734,0.7732,0.11203,13,0.1246,0,0,14.66283,5.4474,0.3116,0.2761,2,False,running
88434632b5,formation_7_smooth_bypass,15,3.0,1784465000,smooth_adaptive_clusters,finish_first,r01,r01,True,lower,bypass,local,1,1,0.95484,-0.58614,-0.07973,0.3116,-1e-05,820,820,15,280,0,0,0000,---,False,0.31061,-0.02482,0.3116,-1e-05,1.23282,-0.60835,cached_adaptive_split,w,"$1,0,0,0,0,0,0,0,0#",16000,16000,Set tank.c app_speed/duty level to the logged pwm before sending the move key/protocol command; e=stop.,0.87615,2.35269,0,0,0,2.80373,0.12198,11.12681,0.83508,-0.01805,11.1649,0.8353,0.8351,0.11965,13,0.122,0,0,15.81956,5.88364,0.3116,0.2784,2,False,running
88434632b5,formation_7_smooth_bypass,15,3.0,1784465000,smooth_adaptive_clusters,finish_first,r02,r02,True,lower,bypass,local,1,1,0.70117,-0.26929,-0.10093,0.3116,0.00012,820,820,10,305,0,0,0000,---,False,0.31001,-0.03139,0.3116,0.00012,1.04061,-0.30365,cached_adaptive_split,w,"$1,0,0,0,0,0,0,0,0#",16000,16000,Set tank.c app_speed/duty level to the logged pwm before sending the move key/protocol command; e=stop.,0.81382,2.18904,0,0,0,3.04782,0.15796,11.19056,0.83508,-0.01805,11.1649,0.8353,0.8351,0.11965,13,0.122,0,0,15.81956,5.88364,0.3116,0.2784,2,False,running
88434632b5,formation_7_smooth_bypass,15,3.0,1784465000,smooth_adaptive_clusters,finish_first,r03,r03,True,lower,bypass,local,1,1,1.14071,-0.29666,-0.12716,0.3116,3e-05,820,820,13,261,0,0,0000,---,False,0.30908,-0.03952,0.3116,3e-05,1.41741,-0.33203,cached_adaptive_split,w,"$1,0,0,0,0,0,0,0,0#",16000,16000,Set tank.c app_speed/duty level to the logged pwm before sending the move key/protocol command; e=stop.,0.87611,2.35418,0,0,0,2.60827,0.12198,11.13125,0.83508,-0.01805,11.1649,0.8353,0.8351,0.11965,13,0.122,0,0,15.81956,5.88364,0.3116,0.2784,2,False,running
88434632b5,formation_7_smooth_bypass,15,3.0,1784465000,smooth_adaptive_clusters,finish_first,r04,r04,True,lower,bypass,local,1,1,0.44239,0.01627,-0.17053,0.3116,0.00028,820,820,10,331,0,0,0100,---,False,0.30708,-0.05287,0.3116,0.00028,0.84014,-0.05221,cached_adaptive_split,w,"$1,0,0,0,0,0,0,0,0#",16000,16000,Set tank.c app_speed/duty level to the logged pwm before sending the move key/protocol command; e=stop.,0.75147,2.02728,0,0,0,3.30659,0.1266,11.25973,0.83508,-0.01805,11.1649,0.8353,0.8351,0.11965,13,0.122,0,0,15.81956,5.88364,0.3116,0.2784,2,False,running
88434632b5,formation_7_smooth_bypass,15,3.0,1784465000,smooth_adaptive_clusters,finish_first,r05,r05,True,upper,bypass,local,1,1,0.89004,0.23255,0.11479,0.3116,-0.00016,820,820,-11,286,0,0,0000,---,False,0.30955,0.03568,0.3116,-0.00016,1.22902,0.27162,cached_adaptive_split,w,"$1,0,0,0,0,0,0,0,0#",16000,16000,Set tank.c app_speed/duty level to the logged pwm before sending the move key/protocol command; e=stop.,0.81381,2.18927,0,0,0,2.85894,0.15796,11.19176,0.83508,-0.01805,11.1649,0.8353,0.8351,0.11965,13,0.122,0,0,15.81956,5.88364,0.3116,0.2784,2,False,running
88434632b5,formation_7_smooth_bypass,15,3.0,1784465000,smooth_adaptive_clusters,finish_first,r06,r06,True,upper,bypass,local,1,1,1.33072,0.24992,0.126,0.3116,1e-05,820,820,-12,242,0,0,0000,---,False,0.30913,0.03916,0.3116,1e-05,1.60742,0.28497,cached_adaptive_split,w,"$1,0,0,0,0,0,0,0,0#",16000,16000,Set tank.c app_speed/duty level to the logged pwm before sending the move key/protocol command; e=stop.,0.87613,2.35521,0,0,0,2.41826,0.16045,11.13124,0.83508,-0.01805,11.1649,0.8353,0.8351,0.11965,13,0.122,0,0,15.81956,5.88364,0.3116,0.2784,2,False,running
88434632b5,formation_7_smooth_bypass,15,3.0,1784465000,smooth_adaptive_clusters,finish_first,r07,r07,True,upper,bypass,local,1,1,0.38572,0.52696,0.06565,0.3116,1e-05,820,820,-12,337,0,0,0000,---,False,0.31093,0.02044,0.3116,1e-05,0.66398,0.54525,cached_adaptive_split,w,"$1,0,0,0,0,0,0,0,0#",16000,16000,Set tank.c app_speed/duty level to the logged pwm before sending the move key/protocol command; e=stop.,0.87615,2.35189,0,0,0,3.36776,0.1266,11.12585,0.83508,-0.01805,11.1649,0.8353,0.8351,0.11965,13,0.122,0,0,15.81956,5.88364,0.3116,0.2784,2,False,running
88434632b5,formation_7_smooth_bypass,16,3.2,1784465200,smooth_adaptive_clusters,finish_first,r01,r01,True,lower,bypass,local,1,1,1.01696,-0.5911,-0.07973,0.3116,-2e-05,820,820,15,274,0,0,0000,---,False,0.31061,-0.02482,0.3116,-2e-05,1.30958,-0.61448,adaptive_split_to_bypass_target,w,"$1,0,0,0,0,0,0,0,0#",16000,16000,Set tank.c app_speed/duty level to the logged pwm before sending the move key/protocol command; e=stop.,0.93847,2.51793,0,0,0,2.74223,0.11934,11.06472,0.89698,-0.01958,11.103,0.8972,0.897,0.12743,13,0.1193,0,0,16.97629,6.31988,0.3116,0.2803,2,False,running
88434632b5,formation_7_smooth_bypass,16,3.2,1784465200,smooth_adaptive_clusters,finish_first,r02,r02,True,lower,bypass,local,1,1,0.76317,-0.27556,-0.10092,0.3116,5e-05,820,820,10,299,0,0,0000,---,False,0.31001,-0.03139,0.3116,5e-05,1.11722,-0.31141,adaptive_split_to_bypass_target,w,"$1,0,0,0,0,0,0,0,0#",16000,16000,Set tank.c app_speed/duty level to the logged pwm before sending the move key/protocol command; e=stop.,0.87614,2.35429,0,0,0,2.98581,0.15796,11.1286,0.89698,-0.01958,11.103,0.8972,0.897,0.12743,13,0.1193,0,0,16.97629,6.31988,0.3116,0.2803,2,False,running
88434632b5,formation_7_smooth_bypass,16,3.2,1784465200,smooth_adaptive_clusters,finish_first,r03,r03,True,lower,bypass,local,1,1,1.20253,-0.30456,-0.12716,0.3116,-1e-05,820,820,13,255,0,0,0000,---,False,0.30908,-0.03952,0.3116,-1e-05,1.49378,-0.3418,adaptive_split_to_bypass_target,w,"$1,0,0,0,0,0,0,0,0#",16000,16000,Set tank.c app_speed/duty level to the logged pwm before sending the move key/protocol command; e=stop.,0.93843,2.51943,0,0,0,2.54645,0.11934,11.06951,0.89698,-0.01958,11.103,0.8972,0.897,0.12743,13,0.1193,0,0,16.97629,6.31988,0.3116,0.2803,2,False,running
88434632b5,formation_7_smooth_bypass,16,3.2,1784465200,smooth_adaptive_clusters,finish_first,r04,r04,True,lower,bypass,local,1,1,0.5038,0.00569,-0.1705,0.3116,0.00013,820,820,10,325,0,0,0100,---,False,0.30708,-0.05287,0.3116,0.00013,0.91602,-0.06527,adaptive_split_to_bypass_target,w,"$1,0,0,0,0,0,0,0,0#",16000,16000,Set tank.c app_speed/duty level to the logged pwm before sending the move key/protocol command; e=stop.,0.81379,2.19253,0,0,0,3.24518,0.1266,11.19844,0.89698,-0.01958,11.103,0.8972,0.897,0.12743,13,0.1193,0,0,16.97629,6.31988,0.3116,0.2803,2,False,running
88434632b5,formation_7_smooth_bypass,16,3.2,1784465200,smooth_adaptive_clusters,finish_first,r05,r05,True,upper,bypass,local,1,1,0.95195,0.23969,0.11477,0.3116,-7e-05,820,820,-11,280,0,0,0000,---,False,0.30955,0.03568,0.3116,-7e-05,1.30551,0.28044,adaptive_split_to_bypass_target,w,"$1,0,0,0,0,0,0,0,0#",16000,16000,Set tank.c app_speed/duty level to the logged pwm before sending the move key/protocol command; e=stop.,0.87613,2.35452,0,0,0,2.79703,0.15796,11.12991,0.89698,-0.01958,11.103,0.8972,0.897,0.12743,13,0.1193,0,0,16.97629,6.31988,0.3116,0.2803,2,False,running
88434632b5,formation_7_smooth_bypass,16,3.2,1784465200,smooth_adaptive_clusters,finish_first,r06,r06,True,upper,bypass,local,1,1,1.39255,0.25775,0.126,0.3116,3e-05,820,820,-12,236,0,0,0000,---,False,0.30913,0.03916,0.3116,3e-05,1.68381,0.29464,adaptive_split_to_bypass_target,w,"$1,0,0,0,0,0,0,0,0#",16000,16000,Set tank.c app_speed/duty level to the logged pwm before sending the move key/protocol command; e=stop.,0.93845,2.52046,0,0,0,2.35644,0.16045,11.0695,0.89698,-0.01958,11.103,0.8972,0.897,0.12743,13,0.1193,0,0,16.97629,6.31988,0.3116,0.2803,2,False,running
88434632b5,formation_7_smooth_bypass,16,3.2,1784465200,smooth_adaptive_clusters,finish_first,r07,r07,True,upper,bypass,local,1,1,0.44791,0.53105,0.06566,0.3116,1e-05,820,820,-12,331,0,0,0000,---,False,0.31093,0.02044,0.3116,1e-05,0.74082,0.55031,adaptive_split_to_bypass_target,w,"$1,0,0,0,0,0,0,0,0#",16000,16000,Set tank.c app_speed/duty level to the logged pwm before sending the move key/protocol command; e=stop.,0.93847,2.51713,0,0,0,3.30587,0.1266,11.06369,0.89698,-0.01958,11.103,0.8972,0.897,0.12743,13,0.1193,0,0,16.97629,6.31988,0.3116,0.2803,2,False,running
88434632b5,formation_7_smooth_bypass,17,3.4,1784465400,smooth_adaptive_clusters,finish_first,r01,r01,True,lower,bypass,local,1,1,1.07908,-0.59606,-0.07973,0.3116,-2e-05,820,820,15,268,0,0,0000,---,False,0.31061,-0.02482,0.3116,-2e-05,1.38633,-0.62061,cached_adaptive_split,w,"$1,0,0,0,0,0,0,0,0#",16000,16000,Set tank.c app_speed/duty level to the logged pwm before sending the move key/protocol command; e=stop.,1.00079,2.68318,0,0,0,2.68077,0.11671,11.00263,0.95888,-0.0211,11.0411,0.9591,0.9589,0.13536,13,0.1167,0,0,18.13302,6.75612,0.3116,0.282,2,False,running
88434632b5,formation_7_smooth_bypass,17,3.4,1784465400,smooth_adaptive_clusters,finish_first,r02,r02,True,lower,bypass,local,1,1,0.82517,-0.28184,-0.10091,0.3116,1e-05,820,820,11,292,0,0,0000,---,False,0.31001,-0.03139,0.3116,1e-05,1.19383,-0.31917,cached_adaptive_split,w,"$1,0,0,0,0,0,0,0,0#",16000,16000,Set tank.c app_speed/duty level to the logged pwm before sending the move key/protocol command; e=stop.,0.93846,2.51953,0,0,0,2.92381,0.15781,11.06665,0.95888,-0.0211,11.0411,0.9591,0.9589,0.13536,13,0.1167,0,0,18.13302,6.75612,0.3116,0.282,2,False,running
88434632b5,formation_7_smooth_bypass,17,3.4,1784465400,smooth_adaptive_clusters,finish_first,r03,r03,True,lower,bypass,local,1,1,1.26434,-0.31246,-0.12717,0.3116,-2e-05,820,820,13,248,0,0,0000,---,False,0.30908,-0.03952,0.3116,-2e-05,1.57016,-0.35157,cached_adaptive_split,w,"$1,0,0,0,0,0,0,0,0#",16000,16000,Set tank.c app_speed/duty level to the logged pwm before sending the move key/protocol command; e=stop.,1.00075,2.68468,0,0,0,2.48464,0.11671,11.00779,0.95888,-0.0211,11.0411,0.9591,0.9589,0.13536,13,0.1167,0,0,18.13302,6.75612,0.3116,0.282,2,False,running
88434632b5,formation_7_smooth_bypass,17,3.4,1784465400,smooth_adaptive_clusters,finish_first,r04,r04,True,lower,bypass,local,1,1,0.56522,-0.00488,-0.17049,0.3116,5e-05,820,820,10,318,0,0,0010,---,False,0.30708,-0.05287,0.3116,5e-05,0.99191,-0.07834,cached_adaptive_split,w,"$1,0,0,0,0,0,0,0,0#",16000,16000,Set tank.c app_speed/duty level to the logged pwm before sending the move key/protocol command; e=stop.,0.87611,2.35778,0,0,0,3.18376,0.1266,11.13716,0.95888,-0.0211,11.0411,0.9591,0.9589,0.13536,13,0.1167,0,0,18.13302,6.75612,0.3116,0.282,2,False,running
88434632b5,formation_7_smooth_bypass,17,3.4,1784465400,smooth_adaptive_clusters,finish_first,r05,r05,True,upper,bypass,local,1,1,1.01386,0.24683,0.11477,0.3116,-3e-05,820,820,-11,274,0,0,0000,---,False,0.30955,0.03568,0.3116,-3e-05,1.38201,0.28926,cached_adaptive_split,w,"$1,0,0,0,0,0,0,0,0#",16000,16000,Set tank.c app_speed/duty level to the logged pwm before sending the move key/protocol command; e=stop.,0.93845,2.51977,0,0,0,2.73512,0.15796,11.06807,0.95888,-0.0211,11.0411,0.9591,0.9589,0.13536,13,0.1167,0,0,18.13302,6.75612,0.3116,0.282,2,False,running
88434632b5,formation_7_smooth_bypass,17,3.4,1784465400,smooth_adaptive_clusters,finish_first,r06,r06,True,upper,bypass,local,1,1,1.45437,0.26558,0.12601,0.3116,3e-05,820,820,-13,229,0,0,0000,---,False,0.30913,0.03916,0.3116,3e-05,1.7602,0.30432,cached_adaptive_split,w,"$1,0,0,0,0,0,0,0,0#",16000,16000,Set tank.c app_speed/duty level to the logged pwm before sending the move key/protocol command; e=stop.,1.00077,2.68571,0,0,0,2.29461,0.16045,11.00776,0.95888,-0.0211,11.0411,0.9591,0.9589,0.13536,13,0.1167,0,0,18.13302,6.75612,0.3116,0.282,2,False,running
88434632b5,formation_7_smooth_bypass,17,3.4,1784465400,smooth_adaptive_clusters,finish_first,r07,r07,True,upper,bypass,local,1,1,0.51009,0.53514,0.06566,0.3116,1e-05,820,820,-12,324,0,0,0000,---,False,0.31093,0.02045,0.3116,1e-05,0.81765,0.55536,cached_adaptive_split,w,"$1,0,0,0,0,0,0,0,0#",16000,16000,Set tank.c app_speed/duty level to the logged pwm before sending the move key/protocol command; e=stop.,1.00079,2.68238,0,0,0,3.244,0.1266,11.00153,0.95888,-0.0211,11.0411,0.9591,0.9589,0.13536,13,0.1167,0,0,18.13302,6.75612,0.3116,0.282,2,False,running
88434632b5,formation_7_smooth_bypass,18,3.6,1784465600,smooth_adaptive_clusters,finish_first,r01,r01,True,lower,bypass,local,1,1,1.1412,-0.60103,-0.07974,0.3116,-1e-05,820,820,16,262,0,0,0000,---,False,0.31061,-0.02482,0.3116,-1e-05,1.46309,-0.62675,cached_adaptive_split,w,"$1,0,0,0,0,0,0,0,0#",16000,16000,Set tank.c app_speed/duty level to the logged pwm before sending the move key/protocol command; e=stop.,1.06311,2.84843,0,0,0,2.61934,0.11409,10.94055,1.02078,-0.02262,10.9792,1.021,1.0208,0.14342,13,0.1141,0,0,19.28975,7.19236,0.3116,0.2835,2,False,running
88434632b5,formation_7_smooth_bypass,18,3.6,1784465600,smooth_adaptive_clusters,finish_first,r02,r02,True,lower,bypass,local,1,1,0.88717,-0.28812,-0.10091,0.3116,0.0,820,820,11,286,0,0,0000,---,False,0.31001,-0.03139,0.3116,0.0,1.27044,-0.32693,cached_adaptive_split,w,"$1,0,0,0,0,0,0,0,0#",16000,16000,Set tank.c app_speed/duty level to the logged pwm before sending the move key/protocol command; e=stop.,1.00078,2.68478,0,0,0,2.86181,0.15509,11.00471,1.02078,-0.02262,10.9792,1.021,1.0208,0.14342,13,0.1141,0,0,19.28975,7.19236,0.3116,0.2835,2,False,running
88434632b5,formation_7_smooth_bypass,18,3.6,1784465600,smooth_adaptive_clusters,finish_first,r03,r03,True,lower,bypass,local,1,1,1.32616,-0.32037,-0.12717,0.3116,-2e-05,820,820,14,242,0,0,0000,---,False,0.30908,-0.03952,0.3116,-2e-05,1.64654,-0.36133,cached_adaptive_split,w,"$1,0,0,0,0,0,0,0,0#",16000,16000,Set tank.c app_speed/duty level to the logged pwm before sending the move key/protocol command; e=stop.,1.06307,2.84992,0,0,0,2.42282,0.11409,10.94607,1.02078,-0.02262,10.9792,1.021,1.0208,0.14342,13,0.1141,0,0,19.28975,7.19236,0.3116,0.2835,2,False,running
88434632b5,formation_7_smooth_bypass,18,3.6,1784465600,smooth_adaptive_clusters,finish_first,r04,r04,True,lower,bypass,local,1,1,0.62664,-0.01545,-0.17049,0.3116,2e-05,820,820,10,312,0,0,0010,---,False,0.30708,-0.05287,0.3116,2e-05,1.06779,-0.0914,cached_adaptive_split,w,"$1,0,0,0,0,0,0,0,0#",16000,16000,Set tank.c app_speed/duty level to the logged pwm before sending the move key/protocol command; e=stop.,0.93843,2.52302,0,0,0,3.12234,0.1266,11.0759,1.02078,-0.02262,10.9792,1.021,1.0208,0.14342,13,0.1141,0,0,19.28975,7.19236,0.3116,0.2835,2,False,running
88434632b5,formation_7_smooth_bypass,18,3.6,1784465600,smooth_adaptive_clusters,finish_first,r05,r05,True,upper,bypass,local,1,1,1.07577,0.25396,0.11477,0.3116,-1e-05,820,820,-11,267,0,0,0000,---,False,0.30955,0.03568,0.3116,-1e-05,1.4585,0.29808,cached_adaptive_split,w,"$1,0,0,0,0,0,0,0,0#",16000,16000,Set tank.c app_speed/duty level to the logged pwm before sending the move key/protocol command; e=stop.,1.00077,2.68501,0,0,0,2.67321,0.15796,11.00623,1.02078,-0.02262,10.9792,1.021,1.0208,0.14342,13,0.1141,0,0,19.28975,7.19236,0.3116,0.2835,2,False,running
88434632b5,formation_7_smooth_bypass,18,3.6,1784465600,smooth_adaptive_clusters,finish_first,r06,r06,True,upper,bypass,local,1,1,1.5162,0.27341,0.12601,0.3116,2e-05,820,820,-13,223,0,0,0000,---,False,0.30913,0.03916,0.3116,2e-05,1.83659,0.314,cached_adaptive_split,w,"$1,0,0,0,0,0,0,0,0#",16000,16000,Set tank.c app_speed/duty level to the logged pwm before sending the move key/protocol command; e=stop.,1.06309,2.85095,0,0,0,2.23278,0.16045,10.94603,1.02078,-0.02262,10.9792,1.021,1.0208,0.14342,13,0.1141,0,0,19.28975,7.19236,0.3116,0.2835,2,False,running
88434632b5,formation_7_smooth_bypass,18,3.6,1784465600,smooth_adaptive_clusters,finish_first,r07,r07,True,upper,bypass,local,1,1,0.57228,0.53923,0.06566,0.3116,1e-05,820,820,-12,318,0,0,0000,---,False,0.31093,0.02045,0.3116,1e-05,0.89448,0.56041,cached_adaptive_split,w,"$1,0,0,0,0,0,0,0,0#",16000,16000,Set tank.c app_speed/duty level to the logged pwm before sending the move key/protocol command; e=stop.,1.06311,2.84763,0,0,0,3.18214,0.1266,10.93937,1.02078,-0.02262,10.9792,1.021,1.0208,0.14342,13,0.1141,0,0,19.28975,7.19236,0.3116,0.2835,2,False,running
88434632b5,formation_7_smooth_bypass,19,3.8,1784465800,smooth_adaptive_clusters,finish_first,r01,r01,True,lower,bypass,local,1,1,1.20332,-0.60599,-0.07974,0.3116,-1e-05,820,820,16,256,0,0,0000,---,False,0.31061,-0.02482,0.3116,-1e-05,1.53984,-0.63288,adaptive_split_to_bypass_target,w,"$1,0,0,0,0,0,0,0,0#",16000,16000,Set tank.c app_speed/duty level to the logged pwm before sending the move key/protocol command; e=stop.,1.12543,3.01367,0,0,0,2.55796,0.11147,10.87847,1.08267,-0.02415,10.9174,1.083,1.0827,0.15161,13,0.1115,0,0,20.44647,7.6286,0.3116,0.2849,2,False,running
88434632b5,formation_7_smooth_bypass,19,3.8,1784465800,smooth_adaptive_clusters,finish_first,r02,r02,True,lower,bypass,local,1,1,0.94918,-0.2944,-0.10091,0.3116,-0.0,820,820,11,280,0,0,0000,---,False,0.31001,-0.03139,0.3116,-0.0,1.34705,-0.33469,adaptive_split_to_bypass_target,w,"$1,0,0,0,0,0,0,0,0#",16000,16000,Set tank.c app_speed/duty level to the logged pwm before sending the move key/protocol command; e=stop.,1.0631,2.85003,0,0,0,2.7998,0.15241,10.94277,1.08267,-0.02415,10.9174,1.083,1.0827,0.15161,13,0.1115,0,0,20.44647,7.6286,0.3116,0.2849,2,False,running
88434632b5,formation_7_smooth_bypass,19,3.8,1784465800,smooth_adaptive_clusters,finish_first,r03,r03,True,lower,bypass,local,1,1,1.38798,-0.32827,-0.12717,0.3116,-1e-05,820,820,14,236,0,0,0000,---,False,0.30908,-0.03952,0.3116,-1e-05,1.72292,-0.3711,adaptive_split_to_bypass_target,w,"$1,0,0,0,0,0,0,0,0#",16000,16000,Set tank.c app_speed/duty level to the logged pwm before sending the move key/protocol command; e=stop.,1.12539,3.01517,0,0,0,2.361,0.11147,10.88435,1.08267,-0.02415,10.9174,1.083,1.0827,0.15161,13,0.1115,0,0,20.44647,7.6286,0.3116,0.2849,2,False,running
88434632b5,formation_7_smooth_bypass,19,3.8,1784465800,smooth_adaptive_clusters,finish_first,r04,r04,True,lower,bypass,local,1,1,0.68805,-0.02603,-0.17049,0.3116,1e-05,820,820,10,306,0,0,0010,---,False,0.30708,-0.05287,0.3116,1e-05,1.13909,-0.10368,adaptive_split_to_bypass_target,w,"$1,0,0,0,0,0,0,0,0#",16000,16000,Set tank.c app_speed/duty level to the logged pwm before sending the move key/protocol command; e=stop.,1.00075,2.68827,0,0,0,3.06093,0.1266,11.01464,1.08267,-0.02415,10.9174,1.083,1.0827,0.15161,13,0.1115,0,0,20.44647,7.6286,0.3116,0.2849,2,False,running
88434632b5,formation_7_smooth_bypass,19,3.8,1784465800,smooth_adaptive_clusters,finish_first,r05,r05,True,upper,bypass,local,1,1,1.13768,0.2611,0.11477,0.3116,-0.0,820,820,-11,261,0,0,0000,---,False,0.30955,0.03568,0.3116,-0.0,1.53499,0.3069,adaptive_split_to_bypass_target,w,"$1,0,0,0,0,0,0,0,0#",16000,16000,Set tank.c app_speed/duty level to the logged pwm before sending the move key/protocol command; e=stop.,1.06309,2.85026,0,0,0,2.6113,0.15796,10.9444,1.08267,-0.02415,10.9174,1.083,1.0827,0.15161,13,0.1115,0,0,20.44647,7.6286,0.3116,0.2849,2,False,running
88434632b5,formation_7_smooth_bypass,19,3.8,1784465800,smooth_adaptive_clusters,finish_first,r06,r06,True,upper,bypass,local,1,1,1.57802,0.28124,0.12601,0.3116,1e-05,820,820,-13,217,0,0,0000,---,False,0.30913,0.03916,0.3116,1e-05,1.91298,0.32368,adaptive_split_to_bypass_target,w,"$1,0,0,0,0,0,0,0,0#",16000,16000,Set tank.c app_speed/duty level to the logged pwm before sending the move key/protocol command; e=stop.,1.12541,3.0162,0,0,0,2.17096,0.16045,10.88431,1.08267,-0.02415,10.9174,1.083,1.0827,0.15161,13,0.1115,0,0,20.44647,7.6286,0.3116,0.2849,2,False,running
88434632b5,formation_7_smooth_bypass,19,3.8,1784465800,smooth_adaptive_clusters,finish_first,r07,r07,True,upper,bypass,local,1,1,0.63447,0.54331,0.06566,0.3116,1e-05,820,820,-12,312,0,0,0000,---,False,0.31093,0.02045,0.3116,1e-05,0.97132,0.56547,adaptive_split_to_bypass_target,w,"$1,0,0,0,0,0,0,0,0#",16000,16000,Set tank.c app_speed/duty level to the logged pwm before sending the move key/protocol command; e=stop.,1.12543,3.01287,0,0,0,3.1203,0.1266,10.87721,1.08267,-0.02415,10.9174,1.083,1.0827,0.15161,13,0.1115,0,0,20.44647,7.6286,0.3116,0.2849,2,False,running
88434632b5,formation_7_smooth_bypass,20,4.0,1784466000,smooth_adaptive_clusters,finish_first,r01,r01,True,lower,bypass,local,1,1,1.26545,-0.61096,-0.07974,0.3116,-0.0,820,820,16,250,0,0,0000,---,False,0.31061,-0.02482,0.3116,-0.0,1.6166,-0.63902,cached_adaptive_split,w,"$1,0,0,0,0,0,0,0,0#",16000,16000,Set tank.c app_speed/duty level to the logged pwm before sending the move key/protocol command; e=stop.,1.18775,3.17892,0,0,0,2.49663,0.10885,10.81639,1.14457,-0.02567,10.8555,1.1449,1.1446,0.15989,13,0.1089,0,0,21.6032,8.06484,0.3116,0.2861,2,False,running
88434632b5,formation_7_smooth_bypass,20,4.0,1784466000,smooth_adaptive_clusters,finish_first,r02,r02,True,lower,bypass,local,1,1,1.01118,-0.30068,-0.10091,0.3116,-0.0,820,820,11,274,0,0,0000,---,False,0.31001,-0.03139,0.3116,-0.0,1.42365,-0.34244,cached_adaptive_split,w,"$1,0,0,0,0,0,0,0,0#",16000,16000,Set tank.c app_speed/duty level to the logged pwm before sending the move key/protocol command; e=stop.,1.12542,3.01527,0,0,0,2.7378,0.14975,10.88083,1.14457,-0.02567,10.8555,1.1449,1.1446,0.15989,13,0.1089,0,0,21.6032,8.06484,0.3116,0.2861,2,False,running
88434632b5,formation_7_smooth_bypass,20,4.0,1784466000,smooth_adaptive_clusters,finish_first,r03,r03,True,lower,bypass,local,1,1,1.4498,-0.33618,-0.12717,0.3116,-1e-05,820,820,14,230,0,0,0000,---,False,0.30908,-0.03952,0.3116,-1e-05,1.7993,-0.38087,cached_adaptive_split,w,"$1,0,0,0,0,0,0,0,0#",16000,16000,Set tank.c app_speed/duty level to the logged pwm before sending the move key/protocol command; e=stop.,1.18771,3.18042,0,0,0,2.29919,0.10885,10.82265,1.14457,-0.02567,10.8555,1.1449,1.1446,0.15989,13,0.1089,0,0,21.6032,8.06484,0.3116,0.2861,2,False,running
88434632b5,formation_7_smooth_bypass,20,4.0,1784466000,smooth_adaptive_clusters,finish_first,r04,r04,True,lower,bypass,local,1,1,0.74947,-0.0366,-0.17048,0.3116,0.0,820,820,10,300,0,0,0010,---,False,0.30708,-0.05287,0.3116,0.0,1.20347,-0.11476,cached_adaptive_split,w,"$1,0,0,0,0,0,0,0,0#",16000,16000,Set tank.c app_speed/duty level to the logged pwm before sending the move key/protocol command; e=stop.,1.06307,2.85351,0,0,0,2.99951,0.1266,10.9534,1.14457,-0.02567,10.8555,1.1449,1.1446,0.15989,13,0.1089,0,0,21.6032,8.06484,0.3116,0.2861,2,False,running
88434632b5,formation_7_smooth_bypass,20,4.0,1784466000,smooth_adaptive_clusters,finish_first,r05,r05,True,upper,bypass,local,1,1,1.19959,0.26824,0.11477,0.3116,0.0,820,820,-12,255,0,0,0000,---,False,0.30955,0.03568,0.3116,0.0,1.61149,0.31572,cached_adaptive_split,w,"$1,0,0,0,0,0,0,0,0#",16000,16000,Set tank.c app_speed/duty level to the logged pwm before sending the move key/protocol command; e=stop.,1.12541,3.01551,0,0,0,2.54939,0.15796,10.88258,1.14457,-0.02567,10.8555,1.1449,1.1446,0.15989,13,0.1089,0,0,21.6032,8.06484,0.3116,0.2861,2,False,running
88434632b5,formation_7_smooth_bypass,20,4.0,1784466000,smooth_adaptive_clusters,finish_first,r06,r06,True,upper,bypass,local,2,1,1.63985,0.28908,0.12601,0.3116,1e-05,820,820,-14,211,0,0,0000,---,False,0.30913,0.03916,0.3116,1e-05,1.98937,0.33336,cached_adaptive_split,w,"$1,0,0,0,0,0,0,0,0#",16000,16000,Set tank.c app_speed/duty level to the logged pwm before sending the move key/protocol command; e=stop.,1.18773,3.18145,0,0,0,2.10913,0.16045,10.82259,1.14457,-0.02567,10.8555,1.1449,1.1446,0.15989,13,0.1089,0,0,21.6032,8.06484,0.3116,0.2861,2,False,running
88434632b5,formation_7_smooth_bypass,20,4.0,1784466000,smooth_adaptive_clusters,finish_first,r07,r07,True,upper,bypass,local,1,1,0.69665,0.5474,0.06566,0.3116,0.0,820,820,-13,306,0,0,0000,---,False,0.31093,0.02045,0.3116,0.0,1.04815,0.57052,cached_adaptive_split,w,"$1,0,0,0,0,0,0,0,0#",16000,16000,Set tank.c app_speed/duty level to the logged pwm before sending the move key/protocol command; e=stop.,1.18775,3.17812,0,0,0,3.05848,0.1266,10.81505,1.14457,-0.02567,10.8555,1.1449,1.1446,0.15989,13,0.1089,0,0,21.6032,8.06484,0.3116,0.2861,2,False,running
88434632b5,formation_7_smooth_bypass,21,4.2,1784466200,smooth_adaptive_clusters,finish_first,r01,r01,True,lower,bypass,local,1,2,1.32757,-0.61592,-0.07974,0.3116,-0.0,820,820,17,244,0,0,0000,---,False,0.31061,-0.02482,0.3116,-0.0,1.69335,-0.64515,adaptive_split_to_bypass_target,w,"$1,0,0,0,0,0,0,0,0#",16000,16000,Set tank.c app_speed/duty level to the logged pwm before sending the move key/protocol command; e=stop.,1.25007,3.34417,0,0,0,2.43534,0.10625,10.75431,1.20644,-0.02697,10.7936,1.2068,1.2064,0.16861,14,0.1062,0,0,22.7611,8.50106,0.3116,0.2872,2,False,running
88434632b5,formation_7_smooth_bypass,21,4.2,1784466200,smooth_adaptive_clusters,finish_first,r02,r02,True,lower,bypass,local,1,2,1.07318,-0.30696,-0.10091,0.3116,-0.0,820,820,11,268,0,0,0000,---,False,0.31001,-0.03139,0.3116,-0.0,1.50026,-0.3502,adaptive_split_to_bypass_target,w,"$1,0,0,0,0,0,0,0,0#",16000,16000,Set tank.c app_speed/duty level to the logged pwm before sending the move key/protocol command; e=stop.,1.18774,3.18052,0,0,0,2.6758,0.14713,10.8189,1.20644,-0.02697,10.7936,1.2068,1.2064,0.16861,14,0.1062,0,0,22.7611,8.50106,0.3116,0.2872,2,False,running
88434632b5,formation_7_smooth_bypass,21,4.2,1784466200,smooth_adaptive_clusters,finish_first,r03,r03,True,lower,bypass,local,1,2,1.51161,-0.34408,-0.12717,0.3116,-0.0,820,820,15,224,0,0,0000,---,False,0.30908,-0.03952,0.3116,-0.0,1.87567,-0.39063,adaptive_split_to_bypass_target,w,"$1,0,0,0,0,0,0,0,0#",16000,16000,Set tank.c app_speed/duty level to the logged pwm before sending the move key/protocol command; e=stop.,1.25003,3.34566,0,0,0,2.23737,0.10625,10.76095,1.20644,-0.02697,10.7936,1.2068,1.2064,0.16861,14,0.1062,0,0,22.7611,8.50106,0.3116,0.2872,2,False,running
88434632b5,formation_7_smooth_bypass,21,4.2,1784466200,smooth_adaptive_clusters,finish_first,r04,r04,True,lower,bypass,local,1,2,0.81089,-0.04717,-0.17048,0.3116,0.0,820,820,11,294,0,0,0010,---,False,0.30708,-0.05287,0.3116,0.0,1.26578,-0.12549,adaptive_split_to_bypass_target,w,"$1,0,0,0,0,0,0,0,0#",16000,16000,Set tank.c app_speed/duty level to the logged pwm before sending the move key/protocol command; e=stop.,1.12539,3.01876,0,0,0,2.93809,0.1266,10.89217,1.20644,-0.02697,10.7936,1.2068,1.2064,0.16861,14,0.1062,0,0,22.7611,8.50106,0.3116,0.2872,2,False,running
88434632b5,formation_7_smooth_bypass,21,4.2,1784466200,smooth_adaptive_clusters,finish_first,r05,r05,True,upper,bypass,local,1,2,1.26139,0.2762,0.12824,0.31151,0.06735,806,834,-13,249,0,0,0000,---,False,0.3086,0.04312,0.31151,0.06735,1.68573,0.33616,adaptive_split_to_bypass_target,w,"$1,0,0,0,0,0,0,0,0#",16000,17000,Set tank.c app_speed/duty level to the logged pwm before sending the move key/protocol command; e=stop.,1.18772,3.18143,0,0,0,2.4876,0.15796,10.82089,1.20644,-0.02697,10.7936,1.2068,1.2064,0.16861,14,0.1062,0,0,22.7611,8.50106,0.3116,0.2872,2,False,running
88434632b5,formation_7_smooth_bypass,21,4.2,1784466200,smooth_adaptive_clusters,finish_first,r06,r06,True,upper,bypass,local,2,2,1.7016,0.29741,0.13415,0.31157,0.04069,811,828,-14,205,0,0,0000,---,False,0.30853,0.04365,0.31157,0.04069,2.06473,0.34919,adaptive_split_to_bypass_target,w,"$1,0,0,0,0,0,0,0,0#",16000,17000,Set tank.c app_speed/duty level to the logged pwm before sending the move key/protocol command; e=stop.,1.25004,3.347,0,0,0,2.04738,0.16045,10.76096,1.20644,-0.02697,10.7936,1.2068,1.2064,0.16861,14,0.1062,0,0,22.7611,8.50106,0.3116,0.2872,2,False,running
88434632b5,formation_7_smooth_bypass,21,4.2,1784466200,smooth_adaptive_clusters,finish_first,r07,r07,True,upper,bypass,local,1,2,0.75882,0.55172,0.06935,0.31159,0.01845,816,824,-13,300,0,0,0000,---,False,0.31079,0.02249,0.31159,0.01845,1.12475,0.57839,adaptive_split_to_bypass_target,w,"$1,0,0,0,0,0,0,0,0#",16000,16000,Set tank.c app_speed/duty level to the logged pwm before sending the move key/protocol command; e=stop.,1.25007,3.34355,0,0,0,2.99672,0.1266,10.75292,1.20644,-0.02697,10.7936,1.2068,1.2064,0.16861,14,0.1062,0,0,22.7611,8.50106,0.3116,0.2872,2,False,running
88434632b5,formation_7_smooth_bypass,22,4.4,1784466400,smooth_adaptive_clusters,finish_first,r01,r01,True,lower,bypass,local,1,2,1.38969,-0.62088,-0.07974,0.3116,-0.0,820,820,17,237,0,0,0000,---,False,0.31061,-0.02482,0.3116,-0.0,1.77011,-0.65128,adaptive_split_to_bypass_target,w,"$1,0,0,0,0,0,0,0,0#",16000,16000,Set tank.c app_speed/duty level to the logged pwm before sending the move key/protocol command; e=stop.,1.31239,3.50941,0,0,0,2.3741,0.10364,10.69224,1.26828,-0.02806,10.7318,1.2686,1.2683,0.17774,14,0.1036,0,0,23.91781,8.93727,0.3116,0.2882,2,False,running
88434632b5,formation_7_smooth_bypass,22,4.4,1784466400,smooth_adaptive_clusters,finish_first,r02,r02,True,lower,bypass,local,1,2,1.13519,-0.31323,-0.10091,0.3116,-0.0,820,820,12,261,0,0,0000,---,False,0.31001,-0.03139,0.3116,-0.0,1.57687,-0.35796,adaptive_split_to_bypass_target,w,"$1,0,0,0,0,0,0,0,0#",16000,16000,Set tank.c app_speed/duty level to the logged pwm before sending the move key/protocol command; e=stop.,1.25006,3.34577,0,0,0,2.6138,0.14454,10.75697,1.26828,-0.02806,10.7318,1.2686,1.2683,0.17774,14,0.1036,0,0,23.91781,8.93727,0.3116,0.2882,2,False,running
88434632b5,formation_7_smooth_bypass,22,4.4,1784466400,smooth_adaptive_clusters,finish_first,r03,r03,True,lower,bypass,local,1,2,1.57343,-0.35198,-0.12718,0.3116,-0.0,820,820,15,218,0,0,0000,---,False,0.30908,-0.03952,0.3116,-0.0,1.95205,-0.4004,adaptive_split_to_bypass_target,w,"$1,0,0,0,0,0,0,0,0#",16000,16000,Set tank.c app_speed/duty level to the logged pwm before sending the move key/protocol command; e=stop.,1.31235,3.51091,0,0,0,2.17555,0.10364,10.69926,1.26828,-0.02806,10.7318,1.2686,1.2683,0.17774,14,0.1036,0,0,23.91781,8.93727,0.3116,0.2882,2,False,running
88434632b5,formation_7_smooth_bypass,22,4.4,1784466400,smooth_adaptive_clusters,finish_first,r04,r04,True,lower,bypass,local,1,2,0.8723,-0.05775,-0.17048,0.3116,0.0,820,820,11,288,0,0,0010,---,False,0.30708,-0.05287,0.3116,0.0,1.32746,-0.13611,adaptive_split_to_bypass_target,w,"$1,0,0,0,0,0,0,0,0#",16000,16000,Set tank.c app_speed/duty level to the logged pwm before sending the move key/protocol command; e=stop.,1.18771,3.18401,0,0,0,2.87668,0.1266,10.83095,1.26828,-0.02806,10.7318,1.2686,1.2683,0.17774,14,0.1036,0,0,23.91781,8.93727,0.3116,0.2882,2,False,running
88434632b5,formation_7_smooth_bypass,22,4.4,1784466400,smooth_adaptive_clusters,finish_first,r05,r05,True,upper,bypass,local,1,2,1.32308,0.2849,0.14002,0.31153,0.05894,807,832,-14,243,0,0,0000,---,False,0.30813,0.04634,0.31153,0.05894,1.76121,0.35138,adaptive_split_to_bypass_target,w,"$1,0,0,0,0,0,0,0,0#",16000,17000,Set tank.c app_speed/duty level to the logged pwm before sending the move key/protocol command; e=stop.,1.25002,3.34666,0,0,0,2.4259,0.15796,10.75931,1.26828,-0.02806,10.7318,1.2686,1.2683,0.17774,14,0.1036,0,0,23.91781,8.93727,0.3116,0.2882,2,False,running
88434632b5,formation_7_smooth_bypass,22,4.4,1784466400,smooth_adaptive_clusters,finish_first,r06,r06,True,upper,bypass,local,2,2,1.76329,0.30625,0.14239,0.31157,0.0412,811,829,-15,199,0,0,0000,---,False,0.30815,0.04622,0.31157,0.0412,2.14044,0.36323,adaptive_split_to_bypass_target,w,"$1,0,0,0,0,0,0,0,0#",16000,17000,Set tank.c app_speed/duty level to the logged pwm before sending the move key/protocol command; e=stop.,1.31235,3.51225,0,0,0,1.9857,0.16045,10.69942,1.26828,-0.02806,10.7318,1.2686,1.2683,0.17774,14,0.1036,0,0,23.91781,8.93727,0.3116,0.2882,2,False,running
88434632b5,formation_7_smooth_bypass,22,4.4,1784466400,smooth_adaptive_clusters,finish_first,r07,r07,True,upper,bypass,local,1,2,0.82097,0.55627,0.07308,0.31159,0.01862,816,824,-14,294,0,0,0000,---,False,0.3107,0.02366,0.31159,0.01862,1.20143,0.58543,adaptive_split_to_bypass_target,w,"$1,0,0,0,0,0,0,0,0#",16000,16000,Set tank.c app_speed/duty level to the logged pwm before sending the move key/protocol command; e=stop.,1.31239,3.5088,0,0,0,2.935,0.1266,10.6908,1.26828,-0.02806,10.7318,1.2686,1.2683,0.17774,14,0.1036,0,0,23.91781,8.93727,0.3116,0.2882,2,False,running
88434632b5,formation_7_smooth_bypass,23,4.6,1784466600,smooth_adaptive_clusters,finish_first,r01,r01,True,lower,bypass,local,1,2,1.45181,-0.62585,-0.07974,0.3116,-0.0,820,820,17,231,0,0,0000,---,False,0.31061,-0.02482,0.3116,-0.0,1.84686,-0.65742,cached_adaptive_split,w,"$1,0,0,0,0,0,0,0,0#",16000,16000,Set tank.c app_speed/duty level to the logged pwm before sending the move key/protocol command; e=stop.,1.37471,3.67466,0,0,0,2.31292,0.10105,10.63017,1.3301,-0.02901,10.6699,1.3304,1.3301,0.18716,14,0.101,0,0,25.07484,9.37351,0.3116,0.2892,2,False,running
88434632b5,formation_7_smooth_bypass,23,4.6,1784466600,smooth_adaptive_clusters,finish_first,r02,r02,True,lower,bypass,local,1,2,1.19719,-0.31951,-0.10091,0.3116,-0.0,820,820,12,255,0,0,0000,---,False,0.31001,-0.03139,0.3116,-0.0,1.65143,-0.36551,cached_adaptive_split,w,"$1,0,0,0,0,0,0,0,0#",16000,16000,Set tank.c app_speed/duty level to the logged pwm before sending the move key/protocol command; e=stop.,1.31238,3.51101,0,0,0,2.55179,0.14199,10.69505,1.3301,-0.02901,10.6699,1.3304,1.3301,0.18716,14,0.101,0,0,25.07484,9.37351,0.3116,0.2892,2,False,running
88434632b5,formation_7_smooth_bypass,23,4.6,1784466600,smooth_adaptive_clusters,finish_first,r03,r03,True,lower,bypass,local,1,2,1.63525,-0.35989,-0.12718,0.3116,-0.0,820,820,15,211,0,0,0000,---,False,0.30908,-0.03952,0.3116,-0.0,2.02843,-0.41016,cached_adaptive_split,w,"$1,0,0,0,0,0,0,0,0#",16000,16000,Set tank.c app_speed/duty level to the logged pwm before sending the move key/protocol command; e=stop.,1.37467,3.67616,0,0,0,2.11376,0.10105,10.63757,1.3301,-0.02901,10.6699,1.3304,1.3301,0.18716,14,0.101,0,0,25.07484,9.37351,0.3116,0.2892,2,False,running
88434632b5,formation_7_smooth_bypass,23,4.6,1784466600,smooth_adaptive_clusters,finish_first,r04,r04,True,lower,bypass,local,1,2,0.93372,-0.06832,-0.17048,0.3116,0.0,820,820,11,282,0,0,0010,---,False,0.30708,-0.05287,0.3116,0.0,1.38896,-0.14669,cached_adaptive_split,w,"$1,0,0,0,0,0,0,0,0#",16000,16000,Set tank.c app_speed/duty level to the logged pwm before sending the move key/protocol command; e=stop.,1.25003,3.34925,0,0,0,2.81526,0.1266,10.76974,1.3301,-0.02901,10.6699,1.3304,1.3301,0.18716,14,0.101,0,0,25.07484,9.37351,0.3116,0.2892,2,False,running
88434632b5,formation_7_smooth_bypass,23,4.6,1784466600,smooth_adaptive_clusters,finish_first,r05,r05,True,upper,bypass,local,1,2,1.38472,0.29404,0.14719,0.31157,0.03581,812,827,-14,236,0,0,0000,---,False,0.30797,0.04743,0.31157,0.03581,1.83568,0.36385,cached_adaptive_split,w,"$1,0,0,0,0,0,0,0,0#",16000,17000,Set tank.c app_speed/duty level to the logged pwm before sending the move key/protocol command; e=stop.,1.31234,3.51204,0,0,0,2.36426,0.15796,10.6978,1.3301,-0.02901,10.6699,1.3304,1.3301,0.18716,14,0.101,0,0,25.07484,9.37351,0.3116,0.2892,2,False,running
88434632b5,formation_7_smooth_bypass,23,4.6,1784466600,smooth_adaptive_clusters,finish_first,r06,r06,True,upper,bypass,local,2,2,1.82492,0.31547,0.1484,0.31158,0.03002,814,826,-16,192,0,0,0000,---,False,0.30795,0.04752,0.31158,0.03002,2.21634,0.37617,cached_adaptive_split,w,"$1,0,0,0,0,0,0,0,0#",16000,17000,Set tank.c app_speed/duty level to the logged pwm before sending the move key/protocol command; e=stop.,1.37467,3.67761,0,0,0,1.92407,0.16045,10.63794,1.3301,-0.02901,10.6699,1.3304,1.3301,0.18716,14,0.101,0,0,25.07484,9.37351,0.3116,0.2892,2,False,running
88434632b5,formation_7_smooth_bypass,23,4.6,1784466600,smooth_adaptive_clusters,finish_first,r07,r07,True,upper,bypass,local,1,2,0.88311,0.56099,0.07578,0.3116,0.01352,817,823,-14,287,0,0,0000,---,False,0.31065,0.02425,0.3116,0.01352,1.27815,0.59196,cached_adaptive_split,w,"$1,0,0,0,0,0,0,0,0#",16000,16000,Set tank.c app_speed/duty level to the logged pwm before sending the move key/protocol command; e=stop.,1.37471,3.6741,0,0,0,2.87334,0.1266,10.6287,1.3301,-0.02901,10.6699,1.3304,1.3301,0.18716,14,0.101,0,0,25.07484,9.37351,0.3116,0.2892,2,False,running
88434632b5,formation_7_smooth_bypass,24,4.8,1784466800,smooth_adaptive_clusters,finish_first,r01,r01,True,lower,bypass,local,1,2,1.51393,-0.63081,-0.07974,0.3116,-0.0,820,820,18,225,0,0,0000,---,False,0.31061,-0.02482,0.3116,-0.0,1.92362,-0.66355,cached_adaptive_split,w,"$1,0,0,0,0,0,0,0,0#",16000,16000,Set tank.c app_speed/duty level to the logged pwm before sending the move key/protocol command; e=stop.,1.43703,3.8399,0,0,0,2.25179,0.09846,10.56811,1.39192,-0.02988,10.6081,1.3923,1.3919,0.19679,14,0.0985,0,0,26.23191,9.80974,0.3116,0.29,2,False,running
88434632b5,formation_7_smooth_bypass,24,4.8,1784466800,smooth_adaptive_clusters,finish_first,r02,r02,True,lower,bypass,local,1,2,1.25919,-0.32579,-0.10091,0.3116,-0.0,820,820,12,249,0,0,0000,---,False,0.31001,-0.03139,0.3116,-0.0,1.7172,-0.37217,cached_adaptive_split,w,"$1,0,0,0,0,0,0,0,0#",16000,16000,Set tank.c app_speed/duty level to the logged pwm before sending the move key/protocol command; e=stop.,1.3747,3.67626,0,0,0,2.48979,0.13947,10.63313,1.39192,-0.02988,10.6081,1.3923,1.3919,0.19679,14,0.0985,0,0,26.23191,9.80974,0.3116,0.29,2,False,running
88434632b5,formation_7_smooth_bypass,24,4.8,1784466800,smooth_adaptive_clusters,finish_first,r03,r03,True,lower,bypass,local,2,2,1.69706,-0.36779,-0.12718,0.3116,-0.0,820,820,16,205,0,0,0000,---,False,0.30908,-0.03952,0.3116,-0.0,2.10481,-0.41993,cached_adaptive_split,w,"$1,0,0,0,0,0,0,0,0#",16000,16000,Set tank.c app_speed/duty level to the logged pwm before sending the move key/protocol command; e=stop.,1.43699,3.8414,0,0,0,2.05199,0.09846,10.57589,1.39192,-0.02988,10.6081,1.3923,1.3919,0.19679,14,0.0985,0,0,26.23191,9.80974,0.3116,0.29,2,False,running
88434632b5,formation_7_smooth_bypass,24,4.8,1784466800,smooth_adaptive_clusters,finish_first,r04,r04,True,lower,bypass,local,1,2,0.99514,-0.07889,-0.17048,0.3116,0.0,820,820,11,275,0,0,0000,---,False,0.30708,-0.05287,0.3116,0.0,1.4504,-0.15727,cached_adaptive_split,w,"$1,0,0,0,0,0,0,0,0#",16000,16000,Set tank.c app_speed/duty level to the logged pwm before sending the move key/protocol command; e=stop.,1.31235,3.5145,0,0,0,2.75385,0.1266,10.70855,1.39192,-0.02988,10.6081,1.3923,1.3919,0.19679,14,0.0985,0,0,26.23191,9.80974,0.3116,0.29,2,False,running
88434632b5,formation_7_smooth_bypass,24,4.8,1784466800,smooth_adaptive_clusters,finish_first,r05,r05,True,upper,bypass,local,1,2,1.44633,0.3034,0.1508,0.31159,0.01809,816,824,-15,230,0,0,0000,---,False,0.30793,0.04769,0.31159,0.01809,1.90116,0.37402,cached_adaptive_split,w,"$1,0,0,0,0,0,0,0,0#",16000,16000,Set tank.c app_speed/duty level to the logged pwm before sending the move key/protocol command; e=stop.,1.37466,3.67747,0,0,0,2.30265,0.15796,10.63633,1.39192,-0.02988,10.6081,1.3923,1.3919,0.19679,14,0.0985,0,0,26.23191,9.80974,0.3116,0.29,2,False,running
88434632b5,formation_7_smooth_bypass,24,4.8,1784466800,smooth_adaptive_clusters,finish_first,r06,r06,True,upper,bypass,local,2,2,1.88652,0.32491,0.15211,0.31159,0.01856,816,824,-17,186,0,0,0000,---,False,0.30786,0.04811,0.31159,0.01856,2.29234,0.38852,cached_adaptive_split,w,"$1,0,0,0,0,0,0,0,0#",16000,16000,Set tank.c app_speed/duty level to the logged pwm before sending the move key/protocol command; e=stop.,1.43699,3.84298,0,0,0,1.86247,0.16045,10.57651,1.39192,-0.02988,10.6081,1.3923,1.3919,0.19679,14,0.0985,0,0,26.23191,9.80974,0.3116,0.29,2,False,running
88434632b5,formation_7_smooth_bypass,24,4.8,1784466800,smooth_adaptive_clusters,finish_first,r07,r07,True,upper,bypass,local,1,2,0.94525,0.56581,0.07745,0.3116,0.00833,818,822,-14,281,0,0,0000,---,False,0.31063,0.02452,0.3116,0.00833,1.35489,0.59822,cached_adaptive_split,w,"$1,0,0,0,0,0,0,0,0#",16000,16000,Set tank.c app_speed/duty level to the logged pwm before sending the move key/protocol command; e=stop.,1.43703,3.8394,0,0,0,2.81171,0.1266,10.56662,1.39192,-0.02988,10.6081,1.3923,1.3919,0.19679,14,0.0985,0,0,26.23191,9.80974,0.3116,0.29,2,False,running
88434632b5,formation_7_smooth_bypass,25,5.0,1784467000,smooth_adaptive_clusters,finish_first,r01,r01,True,lower,bypass,local,1,2,1.57609,-0.63532,-0.07243,0.31157,0.03656,812,828,18,219,0,0,0000,---,False,0.31091,-0.02076,0.31157,0.03656,2.00062,-0.66331,adaptive_split_to_bypass_target,w,"$1,0,0,0,0,0,0,0,0#",16000,17000,Set tank.c app_speed/duty level to the logged pwm before sending the move key/protocol command; e=stop.,1.49934,4.00552,0,0,0,2.19065,0.09608,10.50601,1.45368,-0.03244,10.5464,1.4541,1.4537,0.20332,14,0.0961,0,0,27.39646,10.24416,0.3103,0.2907,2,False,running
88434632b5,formation_7_smooth_bypass,25,5.0,1784467000,smooth_adaptive_clusters,finish_first,r02,r02,True,lower,bypass,local,1,2,1.32121,-0.33193,-0.09872,0.3116,0.01099,818,822,12,243,0,0,0000,---,False,0.31014,-0.03017,0.3116,0.01099,1.78053,-0.37651,adaptive_split_to_bypass_target,w,"$1,0,0,0,0,0,0,0,0#",16000,16000,Set tank.c app_speed/duty level to the logged pwm before sending the move key/protocol command; e=stop.,1.43702,3.84161,0,0,0,2.42777,0.1369,10.5712,1.45368,-0.03244,10.5464,1.4541,1.4537,0.20332,14,0.0961,0,0,27.39646,10.24416,0.3103,0.2907,2,False,running
88434632b5,formation_7_smooth_bypass,25,5.0,1784467000,smooth_adaptive_clusters,finish_first,r03,r03,True,lower,bypass,local,2,2,1.75895,-0.37502,-0.11628,0.31154,0.05445,808,831,15,199,0,0,0000,---,False,0.30979,-0.0335,0.31154,0.05445,2.18181,-0.42022,adaptive_split_to_bypass_target,w,"$1,0,0,0,0,0,0,0,0#",16000,17000,Set tank.c app_speed/duty level to the logged pwm before sending the move key/protocol command; e=stop.,1.4993,4.0071,0,0,0,1.99018,0.09608,10.51414,1.45368,-0.03244,10.5464,1.4541,1.4537,0.20332,14,0.0961,0,0,27.39646,10.24416,0.3103,0.2907,2,False,running
88434632b5,formation_7_smooth_bypass,25,5.0,1784467000,smooth_adaptive_clusters,finish_first,r04,r04,True,lower,bypass,local,1,2,1.05655,-0.08947,-0.17048,0.3116,0.0,820,820,11,269,0,0,0001,---,False,0.30708,-0.05287,0.3116,0.0,1.51182,-0.16784,adaptive_split_to_bypass_target,w,"$1,0,0,0,0,0,0,0,0#",16000,16000,Set tank.c app_speed/duty level to the logged pwm before sending the move key/protocol command; e=stop.,1.37467,3.67975,0,0,0,2.69243,0.1266,10.64737,1.45368,-0.03244,10.5464,1.4541,1.4537,0.20332,14,0.0961,0,0,27.39646,10.24416,0.3103,0.2907,2,False,running
88434632b5,formation_7_smooth_bypass,25,5.0,1784467000,smooth_adaptive_clusters,finish_first,r05,r05,True,upper,bypass,local,1,2,1.50774,0.30715,0.06107,0.30761,-0.44868,904,715,-10,224,0,0,0000,---,False,0.31159,-0.00294,0.30761,-0.44868,1.91829,0.29895,adaptive_split_to_bypass_target,d,"$4,0,0,0,0,0,0,0,0#",18000,14000,Set tank.c app_speed/duty level to the logged pwm before sending the move key/protocol command; e=stop.,1.43618,3.84559,0,0,0,2.24124,0.15796,10.57499,1.45368,-0.03244,10.5464,1.4541,1.4537,0.20332,14,0.0961,0,0,27.39646,10.24416,0.3103,0.2907,2,False,running
88434632b5,formation_7_smooth_bypass,25,5.0,1784467000,smooth_adaptive_clusters,finish_first,r06,r06,True,upper,bypass,local,2,2,1.94779,0.32821,0.05376,0.30681,-0.49174,911,704,-11,180,0,0,0000,---,False,0.31151,-0.00733,0.30681,-0.49174,2.31472,0.31484,adaptive_split_to_bypass_target,d,"$4,0,0,0,0,0,0,0,0#",18000,14000,Set tank.c app_speed/duty level to the logged pwm before sending the move key/protocol command; e=stop.,1.49835,4.01119,0,0,0,1.80119,0.16045,10.51531,1.45368,-0.03244,10.5464,1.4541,1.4537,0.20332,14,0.0961,0,0,27.39646,10.24416,0.3103,0.2907,2,False,running
88434632b5,formation_7_smooth_bypass,25,5.0,1784467000,smooth_adaptive_clusters,finish_first,r07,r07,True,upper,bypass,local,1,2,1.00742,0.56931,0.05619,0.31138,-0.10628,842,797,-13,275,0,0,0000,---,False,0.31136,0.0123,0.31138,-0.10628,1.43075,0.58499,adaptive_split_to_bypass_target,w,"$1,0,0,0,0,0,0,0,0#",17000,16000,Set tank.c app_speed/duty level to the logged pwm before sending the move key/protocol command; e=stop.,1.4993,4.0057,0,0,0,2.74998,0.1266,10.50447,1.45368,-0.03244,10.5464,1.4541,1.4537,0.20332,14,0.0961,0,0,27.39646,10.24416,0.3103,0.2907,2,False,running
88434632b5,formation_7_smooth_bypass,26,5.2,1784467200,smooth_adaptive_clusters,finish_first,r01,r01,True,lower,bypass,local,1,2,1.63827,-0.63943,-0.06598,0.31158,0.03224,813,827,18,213,0,0,0000,---,False,0.31102,-0.01897,0.31158,0.03224,2.07758,-0.66591,cached_adaptive_split,w,"$1,0,0,0,0,0,0,0,0#",16000,17000,Set tank.c app_speed/duty level to the logged pwm before sending the move key/protocol command; e=stop.,1.56166,4.17081,0,0,0,2.12949,0.09388,10.44388,1.51518,-0.03735,10.4849,1.5158,1.5152,0.20561,14,0.0939,0,0,28.54854,10.67676,0.309,0.2914,1,False,running
88434632b5,formation_7_smooth_bypass,26,5.2,1784467200,smooth_adaptive_clusters,finish_first,r02,r02,True,lower,bypass,local,1,2,1.38323,-0.33797,-0.0971,0.3116,0.00806,818,822,12,237,0,0,0000,---,False,0.31017,-0.02982,0.3116,0.00806,1.84295,-0.38209,cached_adaptive_split,w,"$1,0,0,0,0,0,0,0,0#",16000,16000,Set tank.c app_speed/duty level to the logged pwm before sending the move key/protocol command; e=stop.,1.49934,4.00689,0,0,0,2.36575,0.1343,10.50926,1.51518,-0.03735,10.4849,1.5158,1.5152,0.20561,14,0.0939,0,0,28.54854,10.67676,0.309,0.2914,1,False,running
88434632b5,formation_7_smooth_bypass,26,5.2,1784467200,smooth_adaptive_clusters,finish_first,r03,r03,True,lower,bypass,local,2,2,1.82091,-0.38166,-0.10666,0.31155,0.04811,810,830,15,193,0,0,0000,---,False,0.31007,-0.03083,0.31155,0.04811,2.25868,-0.42471,cached_adaptive_split,w,"$1,0,0,0,0,0,0,0,0#",16000,17000,Set tank.c app_speed/duty level to the logged pwm before sending the move key/protocol command; e=stop.,1.56161,4.17241,0,0,0,1.92832,0.09388,10.45232,1.51518,-0.03735,10.4849,1.5158,1.5152,0.20561,14,0.0939,0,0,28.54854,10.67676,0.309,0.2914,1,False,running
88434632b5,formation_7_smooth_bypass,26,5.2,1784467200,smooth_adaptive_clusters,finish_first,r04,r04,True,lower,bypass,local,1,2,1.11797,-0.10004,-0.17048,0.3116,0.0,820,820,12,263,0,0,0001,---,False,0.30708,-0.05287,0.3116,0.0,1.57324,-0.17842,cached_adaptive_split,w,"$1,0,0,0,0,0,0,0,0#",16000,16000,Set tank.c app_speed/duty level to the logged pwm before sending the move key/protocol command; e=stop.,1.43699,3.84499,0,0,0,2.63101,0.1266,10.5862,1.51518,-0.03735,10.4849,1.5158,1.5152,0.20561,14,0.0939,0,0,28.54854,10.67676,0.309,0.2914,1,False,running
88434632b5,formation_7_smooth_bypass,26,5.2,1784467200,smooth_adaptive_clusters,finish_first,r05,r05,True,lower,bypass,local,1,2,1.56829,0.30306,-0.06757,0.30341,-0.64321,934,663,-3,218,0,0,0000,---,False,0.30718,-0.0523,0.30341,-0.64321,1.95464,0.23106,cached_adaptive_split,d,"$4,0,0,0,0,0,0,0,0#",19000,13000,Set tank.c app_speed/duty level to the logged pwm before sending the move key/protocol command; e=stop.,1.49686,4.00878,0,0,0,2.1807,0.15796,10.51439,1.51518,-0.03735,10.4849,1.5158,1.5152,0.20561,14,0.0939,0,0,28.54854,10.67676,0.309,0.2914,1,False,running
88434632b5,formation_7_smooth_bypass,26,5.2,1784467200,smooth_adaptive_clusters,finish_first,r06,r06,True,lower,bypass,local,2,2,2.00792,0.32296,-0.08698,0.30181,-0.70372,942,646,-3,174,0,0,0000,---,False,0.30554,-0.06116,0.30181,-0.70372,2.35177,0.24734,cached_adaptive_split,d,"$4,0,0,0,0,0,0,0,0#",19000,13000,Set tank.c app_speed/duty level to the logged pwm before sending the move key/protocol command; e=stop.,1.55871,4.17372,0,0,0,1.74106,0.16045,10.45509,1.51518,-0.03735,10.4849,1.5158,1.5152,0.20561,14,0.0939,0,0,28.54854,10.67676,0.309,0.2914,1,False,running
88434632b5,formation_7_smooth_bypass,26,5.2,1784467200,smooth_adaptive_clusters,finish_first,r07,r07,True,lower,bypass,local,1,2,1.06966,0.5716,0.0367,0.31141,-0.09748,840,799,-12,269,0,0,0000,---,False,0.31153,0.00666,0.31141,-0.09748,1.50759,0.58,cached_adaptive_split,w,"$1,0,0,0,0,0,0,0,0#",17000,16000,Set tank.c app_speed/duty level to the logged pwm before sending the move key/protocol command; e=stop.,1.56158,4.17094,0,0,0,2.6881,0.1266,10.44226,1.51518,-0.03735,10.4849,1.5158,1.5152,0.20561,14,0.0939,0,0,28.54854,10.67676,0.309,0.2914,1,False,running
88434632b5,formation_7_smooth_bypass,27,5.4,1784467400,smooth_adaptive_clusters,finish_first,r01,r01,True,lower,bypass,local,1,2,1.70046,-0.64329,-0.06201,0.31159,0.01985,816,824,18,207,0,0,0000,---,False,0.31106,-0.01834,0.31159,0.01985,2.15447,-0.66987,cached_adaptive_split,w,"$1,0,0,0,0,0,0,0,0#",16000,16000,Set tank.c app_speed/duty level to the logged pwm before sending the move key/protocol command; e=stop.,1.62398,4.33618,0,0,0,2.06834,0.09181,10.38173,1.57643,-0.04449,10.4237,1.5774,1.5764,0.20411,14,0.0918,0,0,29.6981,11.10971,0.3093,0.2919,1,False,running
88434632b5,formation_7_smooth_bypass,27,5.4,1784467400,smooth_adaptive_clusters,finish_first,r02,r02,True,lower,bypass,local,1,2,1.44527,-0.34396,-0.09622,0.3116,0.00443,819,821,13,230,0,0,0000,---,False,0.31018,-0.02972,0.3116,0.00443,1.90509,-0.38798,cached_adaptive_split,w,"$1,0,0,0,0,0,0,0,0#",16000,16000,Set tank.c app_speed/duty level to the logged pwm before sending the move key/protocol command; e=stop.,1.56166,4.17217,0,0,0,2.30372,0.13172,10.44733,1.57643,-0.04449,10.4237,1.5774,1.5764,0.20411,14,0.0918,0,0,29.6981,11.10971,0.3093,0.2919,1,False,running
88434632b5,formation_7_smooth_bypass,27,5.4,1784467400,smooth_adaptive_clusters,finish_first,r03,r03,True,lower,bypass,local,2,2,1.88291,-0.38792,-0.10073,0.31158,0.02967,814,826,15,187,0,0,0000,---,False,0.31016,-0.02989,0.31158,0.02967,2.3354,-0.43123,cached_adaptive_split,w,"$1,0,0,0,0,0,0,0,0#",16000,17000,Set tank.c app_speed/duty level to the logged pwm before sending the move key/protocol command; e=stop.,1.62392,4.33784,0,0,0,1.86644,0.09181,10.39044,1.57643,-0.04449,10.4237,1.5774,1.5764,0.20411,14,0.0918,0,0,29.6981,11.10971,0.3093,0.2919,1,False,running
88434632b5,formation_7_smooth_bypass,27,5.4,1784467400,smooth_adaptive_clusters,finish_first,r04,r04,True,lower,bypass,local,1,2,1.17939,-0.11061,-0.17048,0.3116,0.0,820,820,12,257,0,0,0001,---,False,0.30708,-0.05287,0.3116,0.0,1.63466,-0.18899,cached_adaptive_split,w,"$1,0,0,0,0,0,0,0,0#",16000,16000,Set tank.c app_speed/duty level to the logged pwm before sending the move key/protocol command; e=stop.,1.49931,4.01024,0,0,0,2.5696,0.1266,10.52505,1.57643,-0.04449,10.4237,1.5774,1.5764,0.20411,14,0.0918,0,0,29.6981,11.10971,0.3093,0.2919,1,False,running
88434632b5,formation_7_smooth_bypass,27,5.4,1784467400,smooth_adaptive_clusters,finish_first,r05,r05,True,lower,bypass,local,2,2,1.62809,0.29166,-0.18828,0.30439,-0.60354,928,674,4,212,0,0,0000,---,False,0.29919,-0.08705,0.30439,-0.60354,2.00766,0.17523,cached_adaptive_split,d,"$4,0,0,0,0,0,0,0,0#",19000,13000,Set tank.c app_speed/duty level to the logged pwm before sending the move key/protocol command; e=stop.,1.55774,4.17067,0,0,0,2.12089,0.15796,10.45443,1.57643,-0.04449,10.4237,1.5774,1.5764,0.20411,14,0.0918,0,0,29.6981,11.10971,0.3093,0.2919,1,False,running
88434632b5,formation_7_smooth_bypass,27,5.4,1784467400,smooth_adaptive_clusters,finish_first,r06,r06,True,lower,bypass,local,2,2,2.06693,0.30961,-0.22264,0.3025,-0.67828,939,653,4,168,0,0,0000,---,False,0.29486,-0.10074,0.3025,-0.67828,2.40145,0.18851,cached_adaptive_split,d,"$4,0,0,0,0,0,0,0,0#",19000,13000,Set tank.c app_speed/duty level to the logged pwm before sending the move key/protocol command; e=stop.,1.61921,4.33443,0,0,0,1.68205,0.16045,10.39587,1.57643,-0.04449,10.4237,1.5774,1.5764,0.20411,14,0.0918,0,0,29.6981,11.10971,0.3093,0.2919,1,False,running
88434632b5,formation_7_smooth_bypass,27,5.4,1784467400,smooth_adaptive_clusters,finish_first,r07,r07,True,lower,bypass,local,1,2,1.13195,0.57311,0.02438,0.31152,-0.06156,833,807,-12,263,0,0,0000,---,False,0.31157,0.00458,0.31152,-0.06156,1.58458,0.57917,cached_adaptive_split,w,"$1,0,0,0,0,0,0,0,0#",17000,16000,Set tank.c app_speed/duty level to the logged pwm before sending the move key/protocol command; e=stop.,1.62389,4.33656,0,0,0,2.62614,0.1266,10.37999,1.57643,-0.04449,10.4237,1.5774,1.5764,0.20411,14,0.0918,0,0,29.6981,11.10971,0.3093,0.2919,1,False,running
88434632b5,formation_7_smooth_bypass,28,5.6,1784467600,smooth_adaptive_clusters,finish_first,r01,r01,True,lower,bypass,local,2,2,1.76267,-0.64703,-0.05999,0.3116,0.01008,818,822,18,201,0,0,0000,---,False,0.31107,-0.01819,0.3116,0.01008,2.22171,-0.67377,adaptive_split_to_bypass_target,w,"$1,0,0,0,0,0,0,0,0#",16000,16000,Set tank.c app_speed/duty level to the logged pwm before sending the move key/protocol command; e=stop.,1.6863,4.50152,0,0,0,2.00724,0.0898,10.31957,1.63745,-0.05331,10.3627,1.6391,1.6374,0.1999,13,0.0898,0,0,30.85402,11.54407,0.3103,0.2924,1,False,running
88434632b5,formation_7_smooth_bypass,28,5.6,1784467600,smooth_adaptive_clusters,finish_first,r02,r02,True,lower,bypass,local,1,2,1.5073,-0.34992,-0.09579,0.3116,0.00217,820,820,13,224,0,0,0000,---,False,0.31018,-0.0297,0.3116,0.00217,1.96716,-0.39393,adaptive_split_to_bypass_target,w,"$1,0,0,0,0,0,0,0,0#",16000,16000,Set tank.c app_speed/duty level to the logged pwm before sending the move key/protocol command; e=stop.,1.62398,4.33744,0,0,0,2.24168,0.12916,10.38539,1.63745,-0.05331,10.3627,1.6391,1.6374,0.1999,13,0.0898,0,0,30.85402,11.54407,0.3103,0.2924,1,False,running
88434632b5,formation_7_smooth_bypass,28,5.6,1784467600,smooth_adaptive_clusters,finish_first,r03,r03,True,lower,bypass,local,2,2,1.94493,-0.394,-0.09771,0.3116,0.01509,817,823,16,180,0,0,0000,---,False,0.31018,-0.02966,0.3116,0.01509,2.4026,-0.43762,adaptive_split_to_bypass_target,w,"$1,0,0,0,0,0,0,0,0#",16000,16000,Set tank.c app_speed/duty level to the logged pwm before sending the move key/protocol command; e=stop.,1.68624,4.50324,0,0,0,1.80456,0.0898,10.32855,1.63745,-0.05331,10.3627,1.6391,1.6374,0.1999,13,0.0898,0,0,30.85402,11.54407,0.3103,0.2924,1,False,running
88434632b5,formation_7_smooth_bypass,28,5.6,1784467600,smooth_adaptive_clusters,finish_first,r04,r04,True,lower,bypass,local,1,2,1.2408,-0.12119,-0.17048,0.3116,0.0,820,820,12,251,0,0,0001,---,False,0.30708,-0.05287,0.3116,0.0,1.69608,-0.19956,adaptive_split_to_bypass_target,w,"$1,0,0,0,0,0,0,0,0#",16000,16000,Set tank.c app_speed/duty level to the logged pwm before sending the move key/protocol command; e=stop.,1.56163,4.17549,0,0,0,2.50818,0.1266,10.46391,1.63745,-0.05331,10.3627,1.6391,1.6374,0.1999,13,0.0898,0,0,30.85402,11.54407,0.3103,0.2924,1,False,running
88434632b5,formation_7_smooth_bypass,28,5.6,1784467600,smooth_adaptive_clusters,finish_first,r05,r05,True,lower,bypass,local,2,2,1.68728,0.27483,-0.277,0.3077,-0.44359,903,716,10,206,0,0,0000,---,False,0.29306,-0.10588,0.3077,-0.44359,2.0711,0.1316,adaptive_split_to_bypass_target,d,"$4,0,0,0,0,0,0,0,0#",18000,14000,Set tank.c app_speed/duty level to the logged pwm before sending the move key/protocol command; e=stop.,1.61928,4.33567,0,0,0,2.0617,0.15796,10.39501,1.63745,-0.05331,10.3627,1.6391,1.6374,0.1999,13,0.0898,0,0,30.85402,11.54407,0.3103,0.2924,1,False,running
88434632b5,formation_7_smooth_bypass,28,5.6,1784467600,smooth_adaptive_clusters,finish_first,r06,r06,True,lower,bypass,local,2,2,2.12488,0.28988,-0.32808,0.30609,-0.52721,916,695,11,162,0,0,0000,---,False,0.28566,-0.12447,0.30609,-0.52721,2.45989,0.13838,adaptive_split_to_bypass_target,d,"$4,0,0,0,0,0,0,0,0#",18000,14000,Set tank.c app_speed/duty level to the logged pwm before sending the move key/protocol command; e=stop.,1.68043,4.49856,0,0,0,1.6241,0.16045,10.33762,1.63745,-0.05331,10.3627,1.6391,1.6374,0.1999,13,0.0898,0,0,30.85402,11.54407,0.3103,0.2924,1,False,running
88434632b5,formation_7_smooth_bypass,28,5.6,1784467600,smooth_adaptive_clusters,finish_first,r07,r07,True,lower,bypass,local,1,2,1.19426,0.57424,0.018,0.31158,-0.03191,827,813,-12,256,0,0,0000,---,False,0.31157,0.00405,0.31158,-0.03191,1.65341,0.57989,adaptive_split_to_bypass_target,w,"$1,0,0,0,0,0,0,0,0#",17000,16000,Set tank.c app_speed/duty level to the logged pwm before sending the move key/protocol command; e=stop.,1.68621,4.5021,0,0,0,2.56414,0.1266,10.3177,1.63745,-0.05331,10.3627,1.6391,1.6374,0.1999,13,0.0898,0,0,30.85402,11.54407,0.3103,0.2924,1,False,running
88434632b5,formation_7_smooth_bypass,29,5.8,1784467800,smooth_adaptive_clusters,finish_first,r01,r01,True,lower,bypass,local,2,2,1.82488,-0.65071,-0.05906,0.3116,0.00467,819,821,19,195,0,0,0000,---,False,0.31107,-0.01816,0.3116,0.00467,2.28543,-0.67755,cached_adaptive_split,w,"$1,0,0,0,0,0,0,0,0#",16000,16000,Set tank.c app_speed/duty level to the logged pwm before sending the move key/protocol command; e=stop.,1.74862,4.66683,0,0,0,1.94619,0.08782,10.25741,1.69824,-0.06324,10.3019,1.7007,1.6982,0.19413,13,0.0878,0,0,32.01276,11.9795,0.311,0.2928,1,False,running
88434632b5,formation_7_smooth_bypass,29,5.8,1784467800,smooth_adaptive_clusters,finish_first,r02,r02,True,lower,bypass,local,1,2,1.56934,-0.35587,-0.09559,0.3116,0.00099,820,820,13,218,0,0,0000,---,False,0.31018,-0.02969,0.3116,0.00099,2.0292,-0.39988,cached_adaptive_split,w,"$1,0,0,0,0,0,0,0,0#",16000,16000,Set tank.c app_speed/duty level to the logged pwm before sending the move key/protocol command; e=stop.,1.6863,4.5027,0,0,0,2.17965,0.12664,10.32346,1.69824,-0.06324,10.3019,1.7007,1.6982,0.19413,13,0.0878,0,0,32.01276,11.9795,0.311,0.2928,1,False,running
88434632b5,formation_7_smooth_bypass,29,5.8,1784467800,smooth_adaptive_clusters,finish_first,r03,r03,True,lower,bypass,local,2,2,2.00696,-0.39999,-0.09631,0.3116,0.00699,819,821,16,174,0,0,0000,---,False,0.31019,-0.02962,0.3116,0.00699,2.46618,-0.44378,cached_adaptive_split,w,"$1,0,0,0,0,0,0,0,0#",16000,16000,Set tank.c app_speed/duty level to the logged pwm before sending the move key/protocol command; e=stop.,1.74856,4.66856,0,0,0,1.7427,0.08782,10.26666,1.69824,-0.06324,10.3019,1.7007,1.6982,0.19413,13,0.0878,0,0,32.01276,11.9795,0.311,0.2928,1,False,running
88434632b5,formation_7_smooth_bypass,29,5.8,1784467800,smooth_adaptive_clusters,finish_first,r04,r04,True,lower,bypass,local,1,2,1.30222,-0.13176,-0.17048,0.3116,0.0,820,820,12,245,0,0,0001,---,False,0.30708,-0.05287,0.3116,0.0,1.75749,-0.21014,cached_adaptive_split,w,"$1,0,0,0,0,0,0,0,0#",16000,16000,Set tank.c app_speed/duty level to the logged pwm before sending the move key/protocol command; e=stop.,1.62395,4.34073,0,0,0,2.44676,0.1266,10.40279,1.69824,-0.06324,10.3019,1.7007,1.6982,0.19413,13,0.0878,0,0,32.01276,11.9795,0.311,0.2928,1,False,running
88434632b5,formation_7_smooth_bypass,29,5.8,1784467800,smooth_adaptive_clusters,finish_first,r05,r05,True,lower,bypass,local,2,2,1.74591,0.2546,-0.33229,0.31008,-0.27643,874,758,13,200,0,0,0000,---,False,0.28986,-0.11434,0.31008,-0.27643,2.13959,0.09641,cached_adaptive_split,d,"$4,0,0,0,0,0,0,0,0#",17000,15000,Set tank.c app_speed/duty level to the logged pwm before sending the move key/protocol command; e=stop.,1.6813,4.50197,0,0,0,2.00308,0.15796,10.33615,1.69824,-0.06324,10.3019,1.7007,1.6982,0.19413,13,0.0878,0,0,32.01276,11.9795,0.311,0.2928,1,False,running
88434632b5,formation_7_smooth_bypass,29,5.8,1784467800,smooth_adaptive_clusters,finish_first,r06,r06,True,lower,bypass,local,2,2,2.18184,0.26585,-0.39916,0.30909,-0.35538,888,739,15,157,0,0,0000,---,False,0.2799,-0.13694,0.30909,-0.35538,2.52344,0.09489,cached_adaptive_split,d,"$4,0,0,0,0,0,0,0,0#",18000,15000,Set tank.c app_speed/duty level to the logged pwm before sending the move key/protocol command; e=stop.,1.74225,4.66445,0,0,0,1.56714,0.16045,10.28034,1.69824,-0.06324,10.3019,1.7007,1.6982,0.19413,13,0.0878,0,0,32.01276,11.9795,0.311,0.2928,1,False,running
88434632b5,formation_7_smooth_bypass,29,5.8,1784467800,smooth_adaptive_clusters,finish_first,r07,r07,True,lower,bypass,local,1,2,1.25657,0.57517,0.015,0.3116,-0.01501,823,817,-12,250,0,0,0000,---,False,0.31158,0.00394,0.3116,-0.01501,1.71767,0.58085,cached_adaptive_split,w,"$1,0,0,0,0,0,0,0,0#",16000,16000,Set tank.c app_speed/duty level to the logged pwm before sending the move key/protocol command; e=stop.,1.74852,4.66752,0,0,0,2.50213,0.1266,10.2554,1.69824,-0.06324,10.3019,1.7007,1.6982,0.19413,13,0.0878,0,0,32.01276,11.9795,0.311,0.2928,1,False,running
88434632b5,formation_7_smooth_bypass,30,6.0,1784468000,smooth_adaptive_clusters,finish_first,r01,r01,True,lower,bypass,local,2,2,1.8871,-0.65436,-0.05865,0.3116,0.00205,820,820,19,189,0,0,0000,---,False,0.31107,-0.01817,0.3116,0.00205,2.34809,-0.68126,cached_adaptive_split,w,"$1,0,0,0,0,0,0,0,0#",16000,16000,Set tank.c app_speed/duty level to the logged pwm before sending the move key/protocol command; e=stop.,1.81094,4.8321,0,0,0,1.88522,0.08585,10.19526,1.75887,-0.07381,10.2414,1.7622,1.7589,0.18774,13,0.0859,0,0,33.17179,12.41546,0.3114,0.2931,1,False,running
88434632b5,formation_7_smooth_bypass,30,6.0,1784468000,smooth_adaptive_clusters,finish_first,r02,r02,True,lower,bypass,local,1,2,1.63137,-0.36181,-0.0955,0.3116,0.00044,820,820,13,212,0,0,0000,---,False,0.31018,-0.02969,0.3116,0.00044,2.09124,-0.40583,cached_adaptive_split,w,"$1,0,0,0,0,0,0,0,0#",16000,16000,Set tank.c app_speed/duty level to the logged pwm before sending the move key/protocol command; e=stop.,1.74862,4.66795,0,0,0,2.11764,0.12416,10.26153,1.75887,-0.07381,10.2414,1.7622,1.7589,0.18774,13,0.0859,0,0,33.17179,12.41546,0.3114,0.2931,1,False,running
88434632b5,formation_7_smooth_bypass,30,6.0,1784468000,smooth_adaptive_clusters,finish_first,r03,r03,True,lower,bypass,local,2,2,2.06899,-0.40595,-0.0957,0.3116,0.00307,819,821,16,168,0,0,0000,---,False,0.31019,-0.02962,0.3116,0.00307,2.52868,-0.44982,cached_adaptive_split,w,"$1,0,0,0,0,0,0,0,0#",16000,16000,Set tank.c app_speed/duty level to the logged pwm before sending the move key/protocol command; e=stop.,1.81088,4.83385,0,0,0,1.68086,0.08585,10.20476,1.75887,-0.07381,10.2414,1.7622,1.7589,0.18774,13,0.0859,0,0,33.17179,12.41546,0.3114,0.2931,1,False,running
88434632b5,formation_7_smooth_bypass,30,6.0,1784468000,smooth_adaptive_clusters,finish_first,r04,r04,True,lower,bypass,local,1,2,1.36364,-0.14233,-0.17048,0.3116,0.0,820,820,13,239,0,0,0001,---,False,0.30708,-0.05287,0.3116,0.0,1.81891,-0.22071,cached_adaptive_split,w,"$1,0,0,0,0,0,0,0,0#",16000,16000,Set tank.c app_speed/duty level to the logged pwm before sending the move key/protocol command; e=stop.,1.68627,4.50598,0,0,0,2.38535,0.12416,10.34168,1.75887,-0.07381,10.2414,1.7622,1.7589,0.18774,13,0.0859,0,0,33.17179,12.41546,0.3114,0.2931,1,False,running
88434632b5,formation_7_smooth_bypass,30,6.0,1784468000,smooth_adaptive_clusters,finish_first,r05,r05,True,lower,bypass,local,2,2,1.80408,0.23252,-0.36273,0.31114,-0.15223,851,787,15,194,0,0,0000,---,False,0.2886,-0.1175,0.31114,-0.15223,2.21015,0.06559,cached_adaptive_split,w,"$1,0,0,0,0,0,0,0,0#",17000,16000,Set tank.c app_speed/duty level to the logged pwm before sending the move key/protocol command; e=stop.,1.74352,4.66834,0,0,0,1.9449,0.15796,10.27775,1.75887,-0.07381,10.2414,1.7622,1.7589,0.18774,13,0.0859,0,0,33.17179,12.41546,0.3114,0.2931,1,False,running
88434632b5,formation_7_smooth_bypass,30,6.0,1784468000,smooth_adaptive_clusters,finish_first,r06,r06,True,lower,bypass,local,2,2,2.238,0.23926,-0.44229,0.31068,-0.21569,863,772,18,151,0,0,0000,---,False,0.27693,-0.14284,0.31068,-0.21569,2.58962,0.05553,cached_adaptive_split,d,"$4,0,0,0,0,0,0,0,0#",17000,15000,Set tank.c app_speed/duty level to the logged pwm before sending the move key/protocol command; e=stop.,1.80439,4.83072,0,0,0,1.51098,0.16045,10.2239,1.75887,-0.07381,10.2414,1.7622,1.7589,0.18774,13,0.0859,0,0,33.17179,12.41546,0.3114,0.2931,1,False,running
88434632b5,formation_7_smooth_bypass,30,6.0,1784468000,smooth_adaptive_clusters,finish_first,r07,r07,True,lower,bypass,local,1,2,1.31888,0.57602,0.01367,0.3116,-0.00667,821,819,-12,244,0,0,0000,---,False,0.31158,0.00393,0.3116,-0.00667,1.78057,0.58178,cached_adaptive_split,w,"$1,0,0,0,0,0,0,0,0#",16000,16000,Set tank.c app_speed/duty level to the logged pwm before sending the move key/protocol command; e=stop.,1.81084,4.83285,0,0,0,2.44013,0.1266,10.1931,1.75887,-0.07381,10.2414,1.7622,1.7589,0.18774,13,0.0859,0,0,33.17179,12.41546,0.3114,0.2931,1,False,running
88434632b5,formation_7_smooth_bypass,31,6.2,1784468200,smooth_adaptive_clusters,finish_first,r01,r01,True,lower,bypass,local,2,2,1.94931,-0.658,-0.05848,0.3116,0.00086,820,820,20,182,0,0,0000,---,False,0.31107,-0.01817,0.3116,0.00086,2.41044,-0.68493,adaptive_split_to_bypass_target,w,"$1,0,0,0,0,0,0,0,0#",16000,16000,Set tank.c app_speed/duty level to the logged pwm before sending the move key/protocol command; e=stop.,1.87326,4.99736,0,0,0,1.82434,0.0839,10.1331,1.81937,-0.0847,10.181,1.8237,1.8194,0.18136,13,0.0839,0,0,34.33028,12.85162,0.3115,0.2934,1,False,running
88434632b5,formation_7_smooth_bypass,31,6.2,1784468200,smooth_adaptive_clusters,finish_first,r02,r02,True,lower,bypass,local,2,2,1.69341,-0.36775,-0.09546,0.3116,0.00019,820,820,14,206,0,0,0000,---,False,0.31018,-0.02969,0.3116,0.00019,2.15328,-0.41177,adaptive_split_to_bypass_target,w,"$1,0,0,0,0,0,0,0,0#",16000,16000,Set tank.c app_speed/duty level to the logged pwm before sending the move key/protocol command; e=stop.,1.81094,4.8332,0,0,0,2.05565,0.12173,10.1996,1.81937,-0.0847,10.181,1.8237,1.8194,0.18136,13,0.0839,0,0,34.33028,12.85162,0.3115,0.2934,1,False,running
88434632b5,formation_7_smooth_bypass,31,6.2,1784468200,smooth_adaptive_clusters,finish_first,r03,r03,True,lower,bypass,local,2,2,2.13103,-0.41189,-0.09544,0.3116,0.0013,820,820,17,162,0,0,0000,---,False,0.31019,-0.02963,0.3116,0.0013,2.59085,-0.4558,adaptive_split_to_bypass_target,w,"$1,0,0,0,0,0,0,0,0#",16000,16000,Set tank.c app_speed/duty level to the logged pwm before sending the move key/protocol command; e=stop.,1.8732,4.99911,0,0,0,1.61906,0.0839,10.14287,1.81937,-0.0847,10.181,1.8237,1.8194,0.18136,13,0.0839,0,0,34.33028,12.85162,0.3115,0.2934,1,False,running
88434632b5,formation_7_smooth_bypass,31,6.2,1784468200,smooth_adaptive_clusters,finish_first,r04,r04,True,lower,bypass,local,1,2,1.42505,-0.15291,-0.17048,0.3116,0.0,820,820,13,232,0,0,0001,---,False,0.30708,-0.05287,0.3116,0.0,1.88033,-0.23128,adaptive_split_to_bypass_target,w,"$1,0,0,0,0,0,0,0,0#",16000,16000,Set tank.c app_speed/duty level to the logged pwm before sending the move key/protocol command; e=stop.,1.74859,4.67123,0,0,0,2.32393,0.12173,10.28058,1.81937,-0.0847,10.181,1.8237,1.8194,0.18136,13,0.0839,0,0,34.33028,12.85162,0.3115,0.2934,1,False,running
88434632b5,formation_7_smooth_bypass,31,6.2,1784468200,smooth_adaptive_clusters,finish_first,r05,r05,True,lower,bypass,local,2,2,1.86199,0.20954,-0.37788,0.31149,-0.07576,836,804,17,189,0,0,0000,---,False,0.28823,-0.11841,0.31149,-0.07576,2.28142,0.03643,adaptive_split_to_bypass_target,w,"$1,0,0,0,0,0,0,0,0#",17000,16000,Set tank.c app_speed/duty level to the logged pwm before sending the move key/protocol command; e=stop.,1.80582,4.83438,0,0,0,1.887,0.15796,10.21967,1.81937,-0.0847,10.181,1.8237,1.8194,0.18136,13,0.0839,0,0,34.33028,12.85162,0.3115,0.2934,1,False,running
88434632b5,formation_7_smooth_bypass,31,6.2,1784468200,smooth_adaptive_clusters,finish_first,r06,r06,True,lower,bypass,local,2,2,2.29361,0.21127,-0.46631,0.31131,-0.1201,845,794,20,146,0,0,0000,---,False,0.27564,-0.14532,0.31131,-0.1201,2.65704,0.01833,adaptive_split_to_bypass_target,w,"$1,0,0,0,0,0,0,0,0#",17000,16000,Set tank.c app_speed/duty level to the logged pwm before sending the move key/protocol command; e=stop.,1.86665,4.99687,0,0,0,1.45537,0.16045,10.16806,1.81937,-0.0847,10.181,1.8237,1.8194,0.18136,13,0.0839,0,0,34.33028,12.85162,0.3115,0.2934,1,False,running
88434632b5,formation_7_smooth_bypass,31,6.2,1784468200,smooth_adaptive_clusters,finish_first,r07,r07,True,lower,bypass,local,1,2,1.3812,0.57684,0.01309,0.3116,-0.00286,821,819,-12,238,0,0,0000,---,False,0.31158,0.00394,0.3116,-0.00286,1.84306,0.58265,adaptive_split_to_bypass_target,w,"$1,0,0,0,0,0,0,0,0#",16000,16000,Set tank.c app_speed/duty level to the logged pwm before sending the move key/protocol command; e=stop.,1.87316,4.99813,0,0,0,2.37814,0.1266,10.13079,1.81937,-0.0847,10.181,1.8237,1.8194,0.18136,13,0.0839,0,0,34.33028,12.85162,0.3115,0.2934,1,False,running
88434632b5,formation_7_smooth_bypass,32,6.4,1784468400,smooth_adaptive_clusters,finish_first,r01,r01,True,lower,bypass,local,2,2,2.01152,-0.66164,-0.05841,0.3116,0.00036,820,820,20,176,0,0,0000,---,False,0.31107,-0.01817,0.3116,0.00036,2.47269,-0.68858,cached_adaptive_split,w,"$1,0,0,0,0,0,0,0,0#",16000,16000,Set tank.c app_speed/duty level to the logged pwm before sending the move key/protocol command; e=stop.,1.93558,5.16261,0,0,0,1.76354,0.08195,10.07094,1.87981,-0.09575,10.1206,1.8851,1.8798,0.17536,13,0.0819,0,0,35.48805,13.28784,0.3116,0.2937,1,False,running
88434632b5,formation_7_smooth_bypass,32,6.4,1784468400,smooth_adaptive_clusters,finish_first,r02,r02,True,lower,bypass,local,2,2,1.75544,-0.37369,-0.09545,0.3116,8e-05,820,820,14,199,0,0,0000,---,False,0.31018,-0.02969,0.3116,8e-05,2.21531,-0.41771,cached_adaptive_split,w,"$1,0,0,0,0,0,0,0,0#",16000,16000,Set tank.c app_speed/duty level to the logged pwm before sending the move key/protocol command; e=stop.,1.87326,4.99845,0,0,0,1.99367,0.11934,10.13768,1.87981,-0.09575,10.1206,1.8851,1.8798,0.17536,13,0.0819,0,0,35.48805,13.28784,0.3116,0.2937,1,False,running
88434632b5,formation_7_smooth_bypass,32,6.4,1784468400,smooth_adaptive_clusters,finish_first,r03,r03,True,lower,bypass,local,2,2,2.19307,-0.41782,-0.09533,0.3116,0.00053,820,820,17,156,0,0,0000,---,False,0.31019,-0.02963,0.3116,0.00053,2.65293,-0.46175,cached_adaptive_split,w,"$1,0,0,0,0,0,0,0,0#",16000,16000,Set tank.c app_speed/duty level to the logged pwm before sending the move key/protocol command; e=stop.,1.93552,5.16437,0,0,0,1.55729,0.08195,10.08098,1.87981,-0.09575,10.1206,1.8851,1.8798,0.17536,13,0.0819,0,0,35.48805,13.28784,0.3116,0.2937,1,False,running
88434632b5,formation_7_smooth_bypass,32,6.4,1784468400,smooth_adaptive_clusters,finish_first,r04,r04,True,lower,bypass,local,1,2,1.48647,-0.16348,-0.17048,0.3116,0.0,820,820,13,226,0,0,0000,---,False,0.30708,-0.05287,0.3116,0.0,1.94174,-0.24186,cached_adaptive_split,w,"$1,0,0,0,0,0,0,0,0#",16000,16000,Set tank.c app_speed/duty level to the logged pwm before sending the move key/protocol command; e=stop.,1.81091,4.83647,0,0,0,2.26251,0.11934,10.2195,1.87981,-0.09575,10.1206,1.8851,1.8798,0.17536,13,0.0819,0,0,35.48805,13.28784,0.3116,0.2937,1,False,running
88434632b5,formation_7_smooth_bypass,32,6.4,1784468400,smooth_adaptive_clusters,finish_first,r05,r05,True,lower,bypass,local,2,2,1.91974,0.18614,-0.3849,0.31158,-0.03507,827,813,17,183,0,0,0000,---,False,0.28815,-0.11858,0.31158,-0.03507,2.34455,0.01095,cached_adaptive_split,w,"$1,0,0,0,0,0,0,0,0#",17000,16000,Set tank.c app_speed/duty level to the logged pwm before sending the move key/protocol command; e=stop.,1.86814,5.00004,0,0,0,1.82924,0.15796,10.16179,1.87981,-0.09575,10.1206,1.8851,1.8798,0.17536,13,0.0819,0,0,35.48805,13.28784,0.3116,0.2937,1,False,running
88434632b5,formation_7_smooth_bypass,32,6.4,1784468400,smooth_adaptive_clusters,finish_first,r06,r06,True,lower,bypass,local,2,2,2.34891,0.18257,-0.47869,0.31152,-0.0619,833,807,22,140,0,0,0000,---,False,0.27517,-0.14621,0.31152,-0.0619,2.72496,-0.01794,cached_adaptive_split,w,"$1,0,0,0,0,0,0,0,0#",17000,16000,Set tank.c app_speed/duty level to the logged pwm before sending the move key/protocol command; e=stop.,1.92895,5.16272,0,0,0,1.40007,0.16045,10.1126,1.87981,-0.09575,10.1206,1.8851,1.8798,0.17536,13,0.0819,0,0,35.48805,13.28784,0.3116,0.2937,1,False,running
88434632b5,formation_7_smooth_bypass,32,6.4,1784468400,smooth_adaptive_clusters,finish_first,r07,r07,True,lower,bypass,local,1,2,1.44351,0.57764,0.01286,0.3116,-0.00119,820,820,-13,232,0,0,0000,---,False,0.31157,0.00395,0.3116,-0.00119,1.90542,0.58348,cached_adaptive_split,w,"$1,0,0,0,0,0,0,0,0#",16000,16000,Set tank.c app_speed/duty level to the logged pwm before sending the move key/protocol command; e=stop.,1.93548,5.1634,0,0,0,2.31617,0.1266,10.06849,1.87981,-0.09575,10.1206,1.8851,1.8798,0.17536,13,0.0819,0,0,35.48805,13.28784,0.3116,0.2937,1,False,running
88434632b5,formation_7_smooth_bypass,33,6.6,1784468600,smooth_adaptive_clusters,finish_first,r01,r01,True,lower,bypass,local,2,2,2.07374,-0.66528,-0.05838,0.3116,0.00014,820,820,21,170,0,0,0000,---,False,0.31107,-0.01817,0.3116,0.00014,2.53492,-0.69222,cached_adaptive_split,w,"$1,0,0,0,0,0,0,0,0#",16000,16000,Set tank.c app_speed/duty level to the logged pwm before sending the move key/protocol command; e=stop.,1.9979,5.32786,0,0,0,1.70285,0.08001,10.00879,1.93711,-0.10641,10.0635,1.9434,1.9371,0.17147,13,0.08,0,0,36.59627,13.70208,0.2959,0.2935,1,False,running
88434632b5,formation_7_smooth_bypass,33,6.6,1784468600,smooth_adaptive_clusters,finish_first,r02,r02,True,lower,bypass,local,2,2,1.81748,-0.37963,-0.09544,0.3116,3e-05,820,820,15,193,0,0,0000,---,False,0.31018,-0.02969,0.3116,3e-05,2.27735,-0.42365,cached_adaptive_split,w,"$1,0,0,0,0,0,0,0,0#",16000,16000,Set tank.c app_speed/duty level to the logged pwm before sending the move key/protocol command; e=stop.,1.93558,5.1637,0,0,0,1.93172,0.11934,10.07577,1.93711,-0.10641,10.0635,1.9434,1.9371,0.17147,13,0.08,0,0,36.59627,13.70208,0.2959,0.2935,1,False,running
88434632b5,formation_7_smooth_bypass,33,6.6,1784468600,smooth_adaptive_clusters,finish_first,r03,r03,True,lower,bypass,local,2,2,2.25511,-0.42375,-0.09529,0.3116,0.00021,820,820,18,150,0,0,0000,---,False,0.31019,-0.02964,0.3116,0.00021,2.71498,-0.46769,cached_adaptive_split,w,"$1,0,0,0,0,0,0,0,0#",16000,16000,Set tank.c app_speed/duty level to the logged pwm before sending the move key/protocol command; e=stop.,1.99784,5.32962,0,0,0,1.49557,0.08001,10.0191,1.93711,-0.10641,10.0635,1.9434,1.9371,0.17147,13,0.08,0,0,36.59627,13.70208,0.2959,0.2935,1,False,running
88434632b5,formation_7_smooth_bypass,33,6.6,1784468600,smooth_adaptive_clusters,finish_first,r04,r04,True,lower,bypass,local,1,2,1.52613,-0.17072,-0.18045,0.2016,-0.04983,541,520,14,222,0,0,0000,---,False,0.1438,-0.0274,0.2016,-0.04983,2.00316,-0.25243,cached_adaptive_split; completion_unstuck,w,"$1,0,0,0,0,0,0,0,0#",11000,10000,Set tank.c app_speed/duty level to the logged pwm before sending the move key/protocol command; e=stop.,1.85123,4.95268,0,0,0,2.22285,0.11934,10.18007,1.93711,-0.10641,10.0635,1.9434,1.9371,0.17147,13,0.08,0,0,36.59627,13.70208,0.2959,0.2935,1,False,running
88434632b5,formation_7_smooth_bypass,33,6.6,1784468600,smooth_adaptive_clusters,finish_first,r05,r05,True,lower,bypass,local,2,2,1.97743,0.16256,-0.38801,0.3116,-0.01557,823,817,18,177,0,0,0000,---,False,0.28815,-0.1186,0.3116,-0.01557,2.40389,-0.01313,adaptive_split_to_bypass_target,w,"$1,0,0,0,0,0,0,0,0#",16000,16000,Set tank.c app_speed/duty level to the logged pwm before sending the move key/protocol command; e=stop.,1.93045,5.16548,0,0,0,1.77155,0.15796,10.10402,1.93711,-0.10641,10.0635,1.9434,1.9371,0.17147,13,0.08,0,0,36.59627,13.70208,0.2959,0.2935,1,False,running
88434632b5,formation_7_smooth_bypass,33,6.6,1784468600,smooth_adaptive_clusters,finish_first,r06,r06,True,lower,bypass,local,2,2,2.40405,0.15354,-0.48463,0.31158,-0.02969,826,814,23,134,0,0,0000,---,False,0.27504,-0.14645,0.31158,-0.02969,2.79304,-0.05392,adaptive_split_to_bypass_target,w,"$1,0,0,0,0,0,0,0,0#",17000,16000,Set tank.c app_speed/duty level to the logged pwm before sending the move key/protocol command; e=stop.,1.99127,5.32829,0,0,0,1.34493,0.16045,10.05738,1.93711,-0.10641,10.0635,1.9434,1.9371,0.17147,13,0.08,0,0,36.59627,13.70208,0.2959,0.2935,1,False,running
88434632b5,formation_7_smooth_bypass,33,6.6,1784468600,smooth_adaptive_clusters,finish_first,r07,r07,True,lower,bypass,local,1,2,1.50583,0.57843,0.01276,0.3116,-0.00049,820,820,-13,225,0,0,0000,---,False,0.31157,0.00395,0.3116,-0.00049,1.96775,0.58429,cached_adaptive_split,w,"$1,0,0,0,0,0,0,0,0#",16000,16000,Set tank.c app_speed/duty level to the logged pwm before sending the move key/protocol command; e=stop.,1.9978,5.32865,0,0,0,2.25421,0.1266,10.00619,1.93711,-0.10641,10.0635,1.9434,1.9371,0.17147,13,0.08,0,0,36.59627,13.70208,0.2959,0.2935,1,False,running
88434632b5,formation_7_smooth_bypass,34,6.8,1784468800,smooth_adaptive_clusters,finish_first,r01,r01,True,lower,bypass,local,2,2,2.13595,-0.66891,-0.05837,0.3116,6e-05,820,820,21,164,0,0,0000,---,False,0.31107,-0.01817,0.3116,6e-05,2.59713,-0.69586,adaptive_split_to_bypass_target,w,"$1,0,0,0,0,0,0,0,0#",16000,16000,Set tank.c app_speed/duty level to the logged pwm before sending the move key/protocol command; e=stop.,2.06022,5.4931,0,0,0,1.64228,0.07807,9.94664,1.99749,-0.1176,10.0032,2.0048,1.9975,0.16681,13,0.0781,0,0,37.76284,14.13832,0.3116,0.2937,1,False,running
88434632b5,formation_7_smooth_bypass,34,6.8,1784468800,smooth_adaptive_clusters,finish_first,r02,r02,True,lower,bypass,local,2,2,1.87952,-0.38557,-0.09544,0.3116,1e-05,820,820,15,187,0,0,0000,---,False,0.31018,-0.02969,0.3116,1e-05,2.33939,-0.42959,adaptive_split_to_bypass_target,w,"$1,0,0,0,0,0,0,0,0#",16000,16000,Set tank.c app_speed/duty level to the logged pwm before sending the move key/protocol command; e=stop.,1.9979,5.32894,0,0,0,1.86978,0.11934,10.01386,1.99749,-0.1176,10.0032,2.0048,1.9975,0.16681,13,0.0781,0,0,37.76284,14.13832,0.3116,0.2937,1,False,running
88434632b5,formation_7_smooth_bypass,34,6.8,1784468800,smooth_adaptive_clusters,finish_first,r03,r03,True,lower,bypass,local,2,2,2.31714,-0.42968,-0.09527,0.3116,8e-05,820,820,18,143,0,0,0000,---,False,0.31019,-0.02964,0.3116,8e-05,2.77702,-0.47362,adaptive_split_to_bypass_target,w,"$1,0,0,0,0,0,0,0,0#",16000,16000,Set tank.c app_speed/duty level to the logged pwm before sending the move key/protocol command; e=stop.,2.06016,5.49486,0,0,0,1.4339,0.07807,9.95722,1.99749,-0.1176,10.0032,2.0048,1.9975,0.16681,13,0.0781,0,0,37.76284,14.13832,0.3116,0.2937,1,False,running
88434632b5,formation_7_smooth_bypass,34,6.8,1784468800,smooth_adaptive_clusters,finish_first,r04,r04,True,lower,bypass,local,1,2,1.5875,-0.18155,-0.17467,0.31158,0.02888,814,826,14,216,0,0,0000,---,False,0.3071,-0.05276,0.31158,0.02888,2.04936,-0.2606,adaptive_split_to_bypass_target,w,"$1,0,0,0,0,0,0,0,0#",16000,17000,Set tank.c app_speed/duty level to the logged pwm before sending the move key/protocol command; e=stop.,1.91355,5.12751,0,0,0,2.16148,0.11934,10.11907,1.99749,-0.1176,10.0032,2.0048,1.9975,0.16681,13,0.0781,0,0,37.76284,14.13832,0.3116,0.2937,1,False,running
88434632b5,formation_7_smooth_bypass,34,6.8,1784468800,smooth_adaptive_clusters,finish_first,r05,r05,True,lower,bypass,local,2,2,2.03508,0.13891,-0.38936,0.3116,-0.00673,821,819,19,171,0,0,1000,---,False,0.28815,-0.11859,0.3116,-0.00673,2.46206,-0.03688,adaptive_split_to_bypass_target,w,"$1,0,0,0,0,0,0,0,0#",16000,16000,Set tank.c app_speed/duty level to the logged pwm before sending the move key/protocol command; e=stop.,1.99277,5.33082,0,0,0,1.7139,0.15796,10.04634,1.99749,-0.1176,10.0032,2.0048,1.9975,0.16681,13,0.0781,0,0,37.76284,14.13832,0.3116,0.2937,1,False,running
88434632b5,formation_7_smooth_bypass,34,6.8,1784468800,smooth_adaptive_clusters,finish_first,r06,r06,True,lower,bypass,local,2,2,2.45912,0.12435,-0.4873,0.3116,-0.01336,823,817,24,129,0,0,1000,---,False,0.27502,-0.14648,0.3116,-0.01336,2.86111,-0.0899,adaptive_split_to_bypass_target,w,"$1,0,0,0,0,0,0,0,0#",16000,16000,Set tank.c app_speed/duty level to the logged pwm before sending the move key/protocol command; e=stop.,2.05359,5.4937,0,0,0,1.28986,0.16045,10.00232,1.99749,-0.1176,10.0032,2.0048,1.9975,0.16681,13,0.0781,0,0,37.76284,14.13832,0.3116,0.2937,1,False,running
88434632b5,formation_7_smooth_bypass,34,6.8,1784468800,smooth_adaptive_clusters,finish_first,r07,r07,True,lower,bypass,local,1,2,1.56814,0.57923,0.01272,0.3116,-0.0002,820,820,-13,219,0,0,0000,---,False,0.31157,0.00395,0.3116,-0.0002,2.03007,0.58509,adaptive_split_to_bypass_target,w,"$1,0,0,0,0,0,0,0,0#",16000,16000,Set tank.c app_speed/duty level to the logged pwm before sending the move key/protocol command; e=stop.,2.06012,5.4939,0,0,0,2.19228,0.1266,9.94389,1.99749,-0.1176,10.0032,2.0048,1.9975,0.16681,13,0.0781,0,0,37.76284,14.13832,0.3116,0.2937,1,False,running
88434632b5,formation_7_smooth_bypass,35,7.0,1784469000,smooth_adaptive_clusters,finish_first,r01,r01,True,lower,bypass,local,2,2,2.19817,-0.67255,-0.05836,0.3116,2e-05,820,820,22,158,0,0,0000,---,False,0.31107,-0.01817,0.3116,2e-05,2.65935,-0.69949,cached_adaptive_split,w,"$1,0,0,0,0,0,0,0,0#",16000,16000,Set tank.c app_speed/duty level to the logged pwm before sending the move key/protocol command; e=stop.,2.12254,5.65835,0,0,0,1.58183,0.07614,9.88448,2.05788,-0.12879,9.943,2.0663,2.0579,0.163,12,0.0761,0,0,38.91984,14.57455,0.3116,0.294,1,False,running
88434632b5,formation_7_smooth_bypass,35,7.0,1784469000,smooth_adaptive_clusters,finish_first,r02,r02,True,lower,bypass,local,2,2,1.94155,-0.39151,-0.09544,0.3116,1e-05,820,820,15,181,0,0,0000,---,False,0.31018,-0.02969,0.3116,1e-05,2.40142,-0.43553,cached_adaptive_split,w,"$1,0,0,0,0,0,0,0,0#",16000,16000,Set tank.c app_speed/duty level to the logged pwm before sending the move key/protocol command; e=stop.,2.06022,5.49419,0,0,0,1.80788,0.11934,9.95195,2.05788,-0.12879,9.943,2.0663,2.0579,0.163,12,0.0761,0,0,38.91984,14.57455,0.3116,0.294,1,False,running
88434632b5,formation_7_smooth_bypass,35,7.0,1784469000,smooth_adaptive_clusters,finish_first,r03,r03,True,lower,bypass,local,2,2,2.37918,-0.43561,-0.09527,0.3116,3e-05,820,820,19,137,0,0,0000,---,False,0.31019,-0.02964,0.3116,3e-05,2.83906,-0.47955,cached_adaptive_split,w,"$1,0,0,0,0,0,0,0,0#",16000,16000,Set tank.c app_speed/duty level to the logged pwm before sending the move key/protocol command; e=stop.,2.12248,5.66011,0,0,0,1.37227,0.07614,9.89535,2.05788,-0.12879,9.943,2.0663,2.0579,0.163,12,0.0761,0,0,38.91984,14.57455,0.3116,0.294,1,False,running
88434632b5,formation_7_smooth_bypass,35,7.0,1784469000,smooth_adaptive_clusters,finish_first,r04,r04,True,lower,bypass,local,2,2,1.6489,-0.19222,-0.17207,0.3116,0.01302,817,823,14,210,0,0,0000,---,False,0.30711,-0.05272,0.3116,0.01302,2.10619,-0.27059,cached_adaptive_split,w,"$1,0,0,0,0,0,0,0,0#",16000,16000,Set tank.c app_speed/duty level to the logged pwm before sending the move key/protocol command; e=stop.,1.97586,5.29291,0,0,0,2.10008,0.11934,10.05805,2.05788,-0.12879,9.943,2.0663,2.0579,0.163,12,0.0761,0,0,38.91984,14.57455,0.3116,0.294,1,False,running
88434632b5,formation_7_smooth_bypass,35,7.0,1784469000,smooth_adaptive_clusters,finish_first,r05,r05,True,lower,bypass,local,2,2,2.09273,0.11522,-0.38993,0.3116,-0.00285,821,819,19,166,0,0,1000,---,False,0.28816,-0.11857,0.3116,-0.00285,2.51987,-0.06058,cached_adaptive_split,w,"$1,0,0,0,0,0,0,0,0#",16000,16000,Set tank.c app_speed/duty level to the logged pwm before sending the move key/protocol command; e=stop.,2.05509,5.4961,0,0,0,1.65626,0.15796,9.98874,2.05788,-0.12879,9.943,2.0663,2.0579,0.163,12,0.0761,0,0,38.91984,14.57455,0.3116,0.294,1,False,running
88434632b5,formation_7_smooth_bypass,35,7.0,1784469000,smooth_adaptive_clusters,finish_first,r06,r06,True,lower,bypass,local,2,2,2.51415,0.09511,-0.48847,0.3116,-0.00586,821,819,25,123,0,0,1000,---,False,0.27502,-0.14648,0.3116,-0.00586,2.92016,-0.1212,cached_adaptive_split,w,"$1,0,0,0,0,0,0,0,0#",16000,16000,Set tank.c app_speed/duty level to the logged pwm before sending the move key/protocol command; e=stop.,2.11591,5.65902,0,0,0,1.23483,0.16045,9.94738,2.05788,-0.12879,9.943,2.0663,2.0579,0.163,12,0.0761,0,0,38.91984,14.57455,0.3116,0.294,1,False,running
88434632b5,formation_7_smooth_bypass,35,7.0,1784469000,smooth_adaptive_clusters,finish_first,r07,r07,True,lower,bypass,local,2,2,1.63046,0.58002,0.0127,0.3116,-8e-05,820,820,-13,213,0,0,0000,---,False,0.31157,0.00395,0.3116,-8e-05,2.09239,0.58588,cached_adaptive_split,w,"$1,0,0,0,0,0,0,0,0#",16000,16000,Set tank.c app_speed/duty level to the logged pwm before sending the move key/protocol command; e=stop.,2.12244,5.65915,0,0,0,2.13036,0.1266,9.88158,2.05788,-0.12879,9.943,2.0663,2.0579,0.163,12,0.0761,0,0,38.91984,14.57455,0.3116,0.294,1,False,running
88434632b5,formation_7_smooth_bypass,36,7.2,1784469200,smooth_adaptive_clusters,finish_first,r01,r01,True,lower,bypass,local,2,2,2.26038,-0.67618,-0.05836,0.3116,1e-05,820,820,23,152,0,0,0000,---,False,0.31107,-0.01817,0.3116,1e-05,2.72156,-0.70313,cached_adaptive_split,w,"$1,0,0,0,0,0,0,0,0#",16000,16000,Set tank.c app_speed/duty level to the logged pwm before sending the move key/protocol command; e=stop.,2.18486,5.8236,0,0,0,1.52152,0.07421,9.82234,2.11826,-0.13997,9.8827,2.1277,2.1183,0.16013,12,0.0742,0,0,40.07669,15.01079,0.3116,0.2942,1,False,running
88434632b5,formation_7_smooth_bypass,36,7.2,1784469200,smooth_adaptive_clusters,finish_first,r02,r02,True,lower,bypass,local,2,2,2.00359,-0.39745,-0.09544,0.3116,0.0,820,820,16,175,0,0,0000,---,False,0.31018,-0.02969,0.3116,0.0,2.46346,-0.44147,cached_adaptive_split,w,"$1,0,0,0,0,0,0,0,0#",16000,16000,Set tank.c app_speed/duty level to the logged pwm before sending the move key/protocol command; e=stop.,2.12254,5.65944,0,0,0,1.746,0.11934,9.89006,2.11826,-0.13997,9.8827,2.1277,2.1183,0.16013,12,0.0742,0,0,40.07669,15.01079,0.3116,0.2942,1,False,running
88434632b5,formation_7_smooth_bypass,36,7.2,1784469200,smooth_adaptive_clusters,finish_first,r03,r03,True,lower,bypass,local,2,2,2.44122,-0.44153,-0.09526,0.3116,1e-05,820,820,20,131,0,0,0000,---,False,0.31019,-0.02964,0.3116,1e-05,2.90109,-0.48548,cached_adaptive_split,w,"$1,0,0,0,0,0,0,0,0#",16000,16000,Set tank.c app_speed/duty level to the logged pwm before sending the move key/protocol command; e=stop.,2.1848,5.82536,0,0,0,1.31071,0.07421,9.83348,2.11826,-0.13997,9.8827,2.1277,2.1183,0.16013,12,0.0742,0,0,40.07669,15.01079,0.3116,0.2942,1,False,running
88434632b5,formation_7_smooth_bypass,36,7.2,1784469200,smooth_adaptive_clusters,finish_first,r04,r04,True,lower,bypass,local,2,2,1.71031,-0.20282,-0.17094,0.3116,0.00567,819,821,14,204,0,0,0000,---,False,0.30711,-0.05273,0.3116,0.00567,2.16622,-0.28104,cached_adaptive_split,w,"$1,0,0,0,0,0,0,0,0#",16000,16000,Set tank.c app_speed/duty level to the logged pwm before sending the move key/protocol command; e=stop.,2.03818,5.45823,0,0,0,2.03867,0.11934,9.99703,2.11826,-0.13997,9.8827,2.1277,2.1183,0.16013,12,0.0742,0,0,40.07669,15.01079,0.3116,0.2942,1,False,running
88434632b5,formation_7_smooth_bypass,36,7.2,1784469200,smooth_adaptive_clusters,finish_first,r05,r05,True,lower,bypass,local,2,2,2.15036,0.09151,-0.39017,0.3116,-0.00119,820,820,20,160,0,0,1000,---,False,0.28816,-0.11857,0.3116,-0.00119,2.57756,-0.08428,cached_adaptive_split,w,"$1,0,0,0,0,0,0,0,0#",16000,16000,Set tank.c app_speed/duty level to the logged pwm before sending the move key/protocol command; e=stop.,2.11741,5.66137,0,0,0,1.59862,0.15796,9.93119,2.11826,-0.13997,9.8827,2.1277,2.1183,0.16013,12,0.0742,0,0,40.07669,15.01079,0.3116,0.2942,1,False,running
88434632b5,formation_7_smooth_bypass,36,7.2,1784469200,smooth_adaptive_clusters,finish_first,r06,r06,True,lower,bypass,local,2,2,2.56917,0.06584,-0.48898,0.3116,-0.00253,821,819,26,118,0,0,0100,---,False,0.27503,-0.14648,0.3116,-0.00253,2.97639,-0.15107,cached_adaptive_split,w,"$1,0,0,0,0,0,0,0,0#",16000,16000,Set tank.c app_speed/duty level to the logged pwm before sending the move key/protocol command; e=stop.,2.17823,5.8243,0,0,0,1.17981,0.16045,9.89255,2.11826,-0.13997,9.8827,2.1277,2.1183,0.16013,12,0.0742,0,0,40.07669,15.01079,0.3116,0.2942,1,False,running
88434632b5,formation_7_smooth_bypass,36,7.2,1784469200,smooth_adaptive_clusters,finish_first,r07,r07,True,lower,bypass,local,2,2,1.69277,0.58081,0.0127,0.3116,-3e-05,820,820,-14,207,0,0,0000,---,False,0.31157,0.00396,0.3116,-3e-05,2.1547,0.58667,cached_adaptive_split,w,"$1,0,0,0,0,0,0,0,0#",16000,16000,Set tank.c app_speed/duty level to the logged pwm before sending the move key/protocol command; e=stop.,2.18476,5.82439,0,0,0,2.06847,0.1266,9.81928,2.11826,-0.13997,9.8827,2.1277,2.1183,0.16013,12,0.0742,0,0,40.07669,15.01079,0.3116,0.2942,1,False,running
88434632b5,formation_7_smooth_bypass,37,7.4,1784469400,smooth_adaptive_clusters,finish_first,r01,r01,True,lower,bypass,local,2,2,2.32259,-0.67982,-0.05836,0.3116,0.0,820,820,23,146,0,0,0000,---,False,0.31107,-0.01817,0.3116,0.0,2.78378,-0.70676,adaptive_split_to_bypass_target,w,"$1,0,0,0,0,0,0,0,0#",16000,16000,Set tank.c app_speed/duty level to the logged pwm before sending the move key/protocol command; e=stop.,2.24718,5.98884,0,0,0,1.46137,0.07229,9.76019,2.17864,-0.15116,9.8225,2.1891,2.1786,0.15827,12,0.0723,0,0,41.23347,15.44703,0.3116,0.2944,1,False,running
88434632b5,formation_7_smooth_bypass,37,7.4,1784469400,smooth_adaptive_clusters,finish_first,r02,r02,True,lower,bypass,local,2,2,2.06563,-0.40338,-0.09544,0.3116,0.0,820,820,16,168,0,0,0000,---,False,0.31018,-0.02969,0.3116,0.0,2.5255,-0.44741,adaptive_split_to_bypass_target,w,"$1,0,0,0,0,0,0,0,0#",16000,16000,Set tank.c app_speed/duty level to the logged pwm before sending the move key/protocol command; e=stop.,2.18486,5.82468,0,0,0,1.68415,0.11934,9.82816,2.17864,-0.15116,9.8225,2.1891,2.1786,0.15827,12,0.0723,0,0,41.23347,15.44703,0.3116,0.2944,1,False,running
88434632b5,formation_7_smooth_bypass,37,7.4,1784469400,smooth_adaptive_clusters,finish_first,r03,r03,True,lower,bypass,local,2,2,2.50325,-0.44746,-0.09526,0.3116,0.0,820,820,20,125,0,0,0000,---,False,0.31019,-0.02964,0.3116,0.0,2.96313,-0.4914,adaptive_split_to_bypass_target,w,"$1,0,0,0,0,0,0,0,0#",16000,16000,Set tank.c app_speed/duty level to the logged pwm before sending the move key/protocol command; e=stop.,2.24712,5.9906,0,0,0,1.24922,0.07229,9.77162,2.17864,-0.15116,9.8225,2.1891,2.1786,0.15827,12,0.0723,0,0,41.23347,15.44703,0.3116,0.2944,1,False,running
88434632b5,formation_7_smooth_bypass,37,7.4,1784469400,smooth_adaptive_clusters,finish_first,r04,r04,True,lower,bypass,local,2,2,1.77173,-0.21339,-0.17045,0.3116,0.00241,819,821,15,198,0,0,0000,---,False,0.3071,-0.05274,0.3116,0.00241,2.22722,-0.29159,adaptive_split_to_bypass_target,w,"$1,0,0,0,0,0,0,0,0#",16000,16000,Set tank.c app_speed/duty level to the logged pwm before sending the move key/protocol command; e=stop.,2.1005,5.62351,0,0,0,1.97725,0.11934,9.93602,2.17864,-0.15116,9.8225,2.1891,2.1786,0.15827,12,0.0723,0,0,41.23347,15.44703,0.3116,0.2944,1,False,running
88434632b5,formation_7_smooth_bypass,37,7.4,1784469400,smooth_adaptive_clusters,finish_first,r05,r05,True,lower,bypass,local,2,2,2.208,0.06781,-0.39026,0.3116,-0.00049,820,820,20,154,0,0,0100,---,False,0.28816,-0.11857,0.3116,-0.00049,2.63521,-0.10798,adaptive_split_to_bypass_target,w,"$1,0,0,0,0,0,0,0,0#",16000,16000,Set tank.c app_speed/duty level to the logged pwm before sending the move key/protocol command; e=stop.,2.17973,5.82662,0,0,0,1.54099,0.15796,9.8737,2.17864,-0.15116,9.8225,2.1891,2.1786,0.15827,12,0.0723,0,0,41.23347,15.44703,0.3116,0.2944,1,False,running
88434632b5,formation_7_smooth_bypass,37,7.4,1784469400,smooth_adaptive_clusters,finish_first,r06,r06,True,lower,bypass,local,2,2,2.62418,0.03655,-0.48919,0.3116,-0.00108,820,820,27,112,0,0,0100,---,False,0.27503,-0.14647,0.3116,-0.00108,3.03177,-0.18053,adaptive_split_to_bypass_target,w,"$1,0,0,0,0,0,0,0,0#",16000,16000,Set tank.c app_speed/duty level to the logged pwm before sending the move key/protocol command; e=stop.,2.24055,5.98956,0,0,0,1.1248,0.16045,9.8378,2.17864,-0.15116,9.8225,2.1891,2.1786,0.15827,12,0.0723,0,0,41.23347,15.44703,0.3116,0.2944,1,False,running
88434632b5,formation_7_smooth_bypass,37,7.4,1784469400,smooth_adaptive_clusters,finish_first,r07,r07,True,lower,bypass,local,2,2,1.75509,0.5816,0.0127,0.3116,-1e-05,820,820,-14,201,0,0,0000,---,False,0.31157,0.00396,0.3116,-1e-05,2.21702,0.58747,adaptive_split_to_bypass_target,w,"$1,0,0,0,0,0,0,0,0#",16000,16000,Set tank.c app_speed/duty level to the logged pwm before sending the move key/protocol command; e=stop.,2.24708,5.98964,0,0,0,2.0066,0.1266,9.75698,2.17864,-0.15116,9.8225,2.1891,2.1786,0.15827,12,0.0723,0,0,41.23347,15.44703,0.3116,0.2944,1,False,running
88434632b5,formation_7_smooth_bypass,38,7.6,1784469600,smooth_adaptive_clusters,finish_first,r01,r01,True,lower,bypass,local,2,2,2.38481,-0.68345,-0.05836,0.3116,0.0,820,820,24,140,0,0,0000,---,False,0.31107,-0.01817,0.3116,0.0,2.84599,-0.7104,cached_adaptive_split,w,"$1,0,0,0,0,0,0,0,0#",16000,16000,Set tank.c app_speed/duty level to the logged pwm before sending the move key/protocol command; e=stop.,2.3095,6.15409,0,0,0,1.40139,0.07037,9.69805,2.23902,-0.16234,9.7623,2.2505,2.239,0.15747,11,0.0704,0,0,42.39021,15.88327,0.3116,0.2946,1,False,running
88434632b5,formation_7_smooth_bypass,38,7.6,1784469600,smooth_adaptive_clusters,finish_first,r02,r02,True,lower,bypass,local,2,2,2.12766,-0.40932,-0.09544,0.3116,0.0,820,820,17,162,0,0,0000,---,False,0.31018,-0.02969,0.3116,0.0,2.58753,-0.45334,cached_adaptive_split,w,"$1,0,0,0,0,0,0,0,0#",16000,16000,Set tank.c app_speed/duty level to the logged pwm before sending the move key/protocol command; e=stop.,2.24718,5.98993,0,0,0,1.62233,0.11934,9.76627,2.23902,-0.16234,9.7623,2.2505,2.239,0.15747,11,0.0704,0,0,42.39021,15.88327,0.3116,0.2946,1,False,running
88434632b5,formation_7_smooth_bypass,38,7.6,1784469600,smooth_adaptive_clusters,finish_first,r03,r03,True,lower,bypass,local,2,2,2.56529,-0.45339,-0.09526,0.3116,0.0,820,820,21,119,0,0,0000,---,False,0.31019,-0.02964,0.3116,0.0,3.02517,-0.49733,cached_adaptive_split,w,"$1,0,0,0,0,0,0,0,0#",16000,16000,Set tank.c app_speed/duty level to the logged pwm before sending the move key/protocol command; e=stop.,2.30944,6.15585,0,0,0,1.18781,0.07037,9.70976,2.23902,-0.16234,9.7623,2.2505,2.239,0.15747,11,0.0704,0,0,42.39021,15.88327,0.3116,0.2946,1,False,running
88434632b5,formation_7_smooth_bypass,38,7.6,1784469600,smooth_adaptive_clusters,finish_first,r04,r04,True,lower,bypass,local,2,2,1.83315,-0.22395,-0.17025,0.3116,0.00101,820,820,15,192,0,0,0000,---,False,0.3071,-0.05275,0.3116,0.00101,2.28851,-0.30215,cached_adaptive_split,w,"$1,0,0,0,0,0,0,0,0#",16000,16000,Set tank.c app_speed/duty level to the logged pwm before sending the move key/protocol command; e=stop.,2.16282,5.78877,0,0,0,1.91583,0.11934,9.87503,2.23902,-0.16234,9.7623,2.2505,2.239,0.15747,11,0.0704,0,0,42.39021,15.88327,0.3116,0.2946,1,False,running
88434632b5,formation_7_smooth_bypass,38,7.6,1784469600,smooth_adaptive_clusters,finish_first,r05,r05,True,lower,bypass,local,2,2,2.26563,0.04409,-0.3903,0.3116,-0.0002,820,820,21,148,0,0,0100,---,False,0.28816,-0.11856,0.3116,-0.0002,2.69285,-0.13169,cached_adaptive_split,w,"$1,0,0,0,0,0,0,0,0#",16000,16000,Set tank.c app_speed/duty level to the logged pwm before sending the move key/protocol command; e=stop.,2.24205,5.99187,0,0,0,1.48335,0.15796,9.81628,2.23902,-0.16234,9.7623,2.2505,2.239,0.15747,11,0.0704,0,0,42.39021,15.88327,0.3116,0.2946,1,False,running
88434632b5,formation_7_smooth_bypass,38,7.6,1784469600,smooth_adaptive_clusters,finish_first,r06,r06,True,lower,bypass,local,2,2,2.67919,0.00726,-0.48929,0.3116,-0.00046,820,820,28,107,0,0,0100,---,False,0.27503,-0.14647,0.3116,-0.00046,3.08689,-0.20987,cached_adaptive_split,w,"$1,0,0,0,0,0,0,0,0#",16000,16000,Set tank.c app_speed/duty level to the logged pwm before sending the move key/protocol command; e=stop.,2.30287,6.15481,0,0,0,1.06979,0.16045,9.78316,2.23902,-0.16234,9.7623,2.2505,2.239,0.15747,11,0.0704,0,0,42.39021,15.88327,0.3116,0.2946,1,False,running
88434632b5,formation_7_smooth_bypass,38,7.6,1784469600,smooth_adaptive_clusters,finish_first,r07,r07,True,lower,bypass,local,2,2,1.8174,0.58239,0.01269,0.3116,-0.0,820,820,-14,194,0,0,0000,---,False,0.31157,0.00396,0.3116,-0.0,2.27933,0.58826,cached_adaptive_split,w,"$1,0,0,0,0,0,0,0,0#",16000,16000,Set tank.c app_speed/duty level to the logged pwm before sending the move key/protocol command; e=stop.,2.3094,6.15489,0,0,0,1.94476,0.1266,9.69468,2.23902,-0.16234,9.7623,2.2505,2.239,0.15747,11,0.0704,0,0,42.39021,15.88327,0.3116,0.2946,1,False,running
88434632b5,formation_7_smooth_bypass,39,7.8,1784469800,smooth_adaptive_clusters,finish_first,r01,r01,True,lower,bypass,local,2,2,2.44702,-0.68709,-0.05836,0.3116,0.0,820,820,25,134,0,0,0000,---,False,0.31107,-0.01817,0.3116,0.0,2.90821,-0.71403,cached_adaptive_split,w,"$1,0,0,0,0,0,0,0,0#",16000,16000,Set tank.c app_speed/duty level to the logged pwm before sending the move key/protocol command; e=stop.,2.37182,6.31934,0,0,0,1.34161,0.06846,9.63591,2.2994,-0.17352,9.7022,2.3119,2.2994,0.15774,9,0.0685,0,0,43.54695,16.31951,0.3116,0.2948,1,False,running
88434632b5,formation_7_smooth_bypass,39,7.8,1784469800,smooth_adaptive_clusters,finish_first,r02,r02,True,lower,bypass,local,2,2,2.1897,-0.41526,-0.09544,0.3116,0.0,820,820,17,156,0,0,0000,---,False,0.31018,-0.02969,0.3116,0.0,2.64957,-0.45928,cached_adaptive_split,w,"$1,0,0,0,0,0,0,0,0#",16000,16000,Set tank.c app_speed/duty level to the logged pwm before sending the move key/protocol command; e=stop.,2.3095,6.15517,0,0,0,1.56056,0.11934,9.70439,2.2994,-0.17352,9.7022,2.3119,2.2994,0.15774,9,0.0685,0,0,43.54695,16.31951,0.3116,0.2948,1,False,running
88434632b5,formation_7_smooth_bypass,39,7.8,1784469800,smooth_adaptive_clusters,finish_first,r03,r03,True,lower,bypass,local,2,2,2.62733,-0.45932,-0.09526,0.3116,0.0,820,820,22,113,0,0,0000,---,False,0.31019,-0.02964,0.3116,0.0,3.08721,-0.50326,cached_adaptive_split,w,"$1,0,0,0,0,0,0,0,0#",16000,16000,Set tank.c app_speed/duty level to the logged pwm before sending the move key/protocol command; e=stop.,2.37176,6.3211,0,0,0,1.12649,0.06846,9.64791,2.2994,-0.17352,9.7022,2.3119,2.2994,0.15774,9,0.0685,0,0,43.54695,16.31951,0.3116,0.2948,1,False,running
88434632b5,formation_7_smooth_bypass,39,7.8,1784469800,smooth_adaptive_clusters,finish_first,r04,r04,True,lower,bypass,local,2,2,1.89457,-0.2345,-0.17017,0.3116,0.00041,820,820,16,185,0,0,0000,---,False,0.3071,-0.05275,0.3116,0.00041,2.34989,-0.3127,cached_adaptive_split,w,"$1,0,0,0,0,0,0,0,0#",16000,16000,Set tank.c app_speed/duty level to the logged pwm before sending the move key/protocol command; e=stop.,2.22514,5.95403,0,0,0,1.85441,0.11934,9.81405,2.2994,-0.17352,9.7022,2.3119,2.2994,0.15774,9,0.0685,0,0,43.54695,16.31951,0.3116,0.2948,1,False,running
88434632b5,formation_7_smooth_bypass,39,7.8,1784469800,smooth_adaptive_clusters,finish_first,r05,r05,True,lower,bypass,local,2,2,2.32326,0.02038,-0.39032,0.3116,-8e-05,820,820,22,143,0,0,0100,---,False,0.28816,-0.11856,0.3116,-8e-05,2.75048,-0.1554,cached_adaptive_split,w,"$1,0,0,0,0,0,0,0,0#",16000,16000,Set tank.c app_speed/duty level to the logged pwm before sending the move key/protocol command; e=stop.,2.30437,6.15712,0,0,0,1.42572,0.15796,9.75891,2.2994,-0.17352,9.7022,2.3119,2.2994,0.15774,9,0.0685,0,0,43.54695,16.31951,0.3116,0.2948,1,False,running
88434632b5,formation_7_smooth_bypass,39,7.8,1784469800,smooth_adaptive_clusters,finish_first,r06,r06,True,lower,bypass,local,2,2,2.73419,-0.02203,-0.48932,0.3116,-0.00019,820,820,29,101,0,0,0010,---,False,0.27503,-0.14647,0.3116,-0.00019,3.14193,-0.23918,cached_adaptive_split,w,"$1,0,0,0,0,0,0,0,0#",16000,16000,Set tank.c app_speed/duty level to the logged pwm before sending the move key/protocol command; e=stop.,2.36519,6.32006,0,0,0,1.01479,0.16045,9.7286,2.2994,-0.17352,9.7022,2.3119,2.2994,0.15774,9,0.0685,0,0,43.54695,16.31951,0.3116,0.2948,1,False,running
88434632b5,formation_7_smooth_bypass,39,7.8,1784469800,smooth_adaptive_clusters,finish_first,r07,r07,True,lower,bypass,local,2,2,1.87972,0.58318,0.01269,0.3116,-0.0,820,820,-15,188,0,0,0000,---,False,0.31157,0.00396,0.3116,-0.0,2.34165,0.58905,cached_adaptive_split,w,"$1,0,0,0,0,0,0,0,0#",16000,16000,Set tank.c app_speed/duty level to the logged pwm before sending the move key/protocol command; e=stop.,2.37172,6.32013,0,0,0,1.88295,0.1266,9.63238,2.2994,-0.17352,9.7022,2.3119,2.2994,0.15774,9,0.0685,0,0,43.54695,16.31951,0.3116,0.2948,1,False,running
88434632b5,formation_7_smooth_bypass,40,8.0,1784470000,smooth_adaptive_clusters,finish_first,r01,r01,True,lower,bypass,local,2,2,2.50923,-0.69072,-0.05836,0.3116,0.0,820,820,26,128,0,0,0000,---,False,0.31107,-0.01817,0.3116,0.0,2.97042,-0.71767,adaptive_split_to_bypass_target,w,"$1,0,0,0,0,0,0,0,0#",16000,16000,Set tank.c app_speed/duty level to the logged pwm before sending the move key/protocol command; e=stop.,2.43414,6.48458,0,0,0,1.28206,0.06656,9.57377,2.35978,-0.1847,9.642,2.3733,2.3598,0.15908,9,0.0666,0,0,44.70368,16.75575,0.3116,0.295,1,False,running
88434632b5,formation_7_smooth_bypass,40,8.0,1784470000,smooth_adaptive_clusters,finish_first,r02,r02,True,lower,bypass,local,2,2,2.25174,-0.4212,-0.09544,0.3116,0.0,820,820,18,150,0,0,0000,---,False,0.31018,-0.02969,0.3116,0.0,2.71161,-0.46522,adaptive_split_to_bypass_target,w,"$1,0,0,0,0,0,0,0,0#",16000,16000,Set tank.c app_speed/duty level to the logged pwm before sending the move key/protocol command; e=stop.,2.37182,6.32042,0,0,0,1.49882,0.11934,9.64251,2.35978,-0.1847,9.642,2.3733,2.3598,0.15908,9,0.0666,0,0,44.70368,16.75575,0.3116,0.295,1,False,running
88434632b5,formation_7_smooth_bypass,40,8.0,1784470000,smooth_adaptive_clusters,finish_first,r03,r03,True,lower,bypass,local,2,2,2.68937,-0.46525,-0.09526,0.3116,0.0,820,820,23,107,0,0,0000,---,False,0.31019,-0.02964,0.3116,0.0,3.14924,-0.50919,adaptive_split_to_bypass_target,w,"$1,0,0,0,0,0,0,0,0#",16000,16000,Set tank.c app_speed/duty level to the logged pwm before sending the move key/protocol command; e=stop.,2.43408,6.48634,0,0,0,1.06527,0.06656,9.58607,2.35978,-0.1847,9.642,2.3733,2.3598,0.15908,9,0.0666,0,0,44.70368,16.75575,0.3116,0.295,1,False,running
88434632b5,formation_7_smooth_bypass,40,8.0,1784470000,smooth_adaptive_clusters,finish_first,r04,r04,True,lower,bypass,local,2,2,1.95599,-0.24505,-0.17014,0.3116,0.00017,820,820,16,179,0,0,0000,---,False,0.3071,-0.05275,0.3116,0.00017,2.4113,-0.32326,adaptive_split_to_bypass_target,w,"$1,0,0,0,0,0,0,0,0#",16000,16000,Set tank.c app_speed/duty level to the logged pwm before sending the move key/protocol command; e=stop.,2.28746,6.11928,0,0,0,1.79299,0.11934,9.75308,2.35978,-0.1847,9.642,2.3733,2.3598,0.15908,9,0.0666,0,0,44.70368,16.75575,0.3116,0.295,1,False,running
88434632b5,formation_7_smooth_bypass,40,8.0,1784470000,smooth_adaptive_clusters,finish_first,r05,r05,True,lower,bypass,local,2,2,2.38089,-0.00333,-0.39033,0.3116,-3e-05,820,820,22,137,0,0,0010,---,False,0.28816,-0.11856,0.3116,-3e-05,2.80812,-0.17911,adaptive_split_to_bypass_target,w,"$1,0,0,0,0,0,0,0,0#",16000,16000,Set tank.c app_speed/duty level to the logged pwm before sending the move key/protocol command; e=stop.,2.36669,6.32236,0,0,0,1.36809,0.15796,9.70161,2.35978,-0.1847,9.642,2.3733,2.3598,0.15908,9,0.0666,0,0,44.70368,16.75575,0.3116,0.295,1,False,running
88434632b5,formation_7_smooth_bypass,40,8.0,1784470000,smooth_adaptive_clusters,finish_first,r06,r06,True,lower,bypass,local,2,2,2.7892,-0.05132,-0.48934,0.3116,-8e-05,820,820,30,96,0,0,0010,---,False,0.27503,-0.14647,0.3116,-8e-05,3.19695,-0.26848,adaptive_split_to_bypass_target,w,"$1,0,0,0,0,0,0,0,0#",16000,16000,Set tank.c app_speed/duty level to the logged pwm before sending the move key/protocol command; e=stop.,2.42751,6.48531,0,0,0,0.95978,0.16045,9.67414,2.35978,-0.1847,9.642,2.3733,2.3598,0.15908,9,0.0666,0,0,44.70368,16.75575,0.3116,0.295,1,False,running
88434632b5,formation_7_smooth_bypass,40,8.0,1784470000,smooth_adaptive_clusters,finish_first,r07,r07,True,lower,bypass,local,2,2,1.94203,0.58397,0.01269,0.3116,-0.0,820,820,-15,182,0,0,0000,---,False,0.31157,0.00396,0.3116,-0.0,2.40396,0.58984,adaptive_split_to_bypass_target,w,"$1,0,0,0,0,0,0,0,0#",16000,16000,Set tank.c app_speed/duty level to the logged pwm before sending the move key/protocol command; e=stop.,2.43404,6.48538,0,0,0,1.82117,0.1266,9.57008,2.35978,-0.1847,9.642,2.3733,2.3598,0.15908,9,0.0666,0,0,44.70368,16.75575,0.3116,0.295,1,False,running
88434632b5,formation_7_smooth_bypass,41,8.2,1784470200,smooth_adaptive_clusters,finish_first,r01,r01,True,lower,bypass,local,2,2,2.57145,-0.69436,-0.05836,0.3116,0.0,820,820,26,122,0,0,0000,---,False,0.31107,-0.01817,0.3116,0.0,3.03263,-0.7213,cached_adaptive_split,w,"$1,0,0,0,0,0,0,0,0#",16000,16000,Set tank.c app_speed/duty level to the logged pwm before sending the move key/protocol command; e=stop.,2.49646,6.64983,0,0,0,1.22275,0.06466,9.51163,2.42016,-0.19588,9.5818,2.4347,2.4202,0.16146,11,0.0647,0,0,45.8604,17.19199,0.3116,0.2951,1,False,running
88434632b5,formation_7_smooth_bypass,41,8.2,1784470200,smooth_adaptive_clusters,finish_first,r02,r02,True,lower,bypass,local,2,2,2.31377,-0.42714,-0.09544,0.3116,0.0,820,820,18,144,0,0,0000,---,False,0.31018,-0.02969,0.3116,0.0,2.77364,-0.47116,cached_adaptive_split,w,"$1,0,0,0,0,0,0,0,0#",16000,16000,Set tank.c app_speed/duty level to the logged pwm before sending the move key/protocol command; e=stop.,2.43414,6.48567,0,0,0,1.43713,0.11934,9.58064,2.42016,-0.19588,9.5818,2.4347,2.4202,0.16146,11,0.0647,0,0,45.8604,17.19199,0.3116,0.2951,1,False,running
88434632b5,formation_7_smooth_bypass,41,8.2,1784470200,smooth_adaptive_clusters,finish_first,r03,r03,True,lower,bypass,local,2,2,2.7514,-0.47117,-0.09526,0.3116,0.0,820,820,23,100,0,0,0000,---,False,0.31019,-0.02964,0.3116,0.0,3.21128,-0.51511,cached_adaptive_split,w,"$1,0,0,0,0,0,0,0,0#",16000,16000,Set tank.c app_speed/duty level to the logged pwm before sending the move key/protocol command; e=stop.,2.4964,6.65159,0,0,0,1.00418,0.06466,9.52423,2.42016,-0.19588,9.5818,2.4347,2.4202,0.16146,11,0.0647,0,0,45.8604,17.19199,0.3116,0.2951,1,False,running
88434632b5,formation_7_smooth_bypass,41,8.2,1784470200,smooth_adaptive_clusters,finish_first,r04,r04,True,lower,bypass,local,2,2,2.01741,-0.2556,-0.17012,0.3116,7e-05,820,820,16,173,0,0,0000,---,False,0.3071,-0.05275,0.3116,7e-05,2.47271,-0.33381,cached_adaptive_split,w,"$1,0,0,0,0,0,0,0,0#",16000,16000,Set tank.c app_speed/duty level to the logged pwm before sending the move key/protocol command; e=stop.,2.34978,6.28452,0,0,0,1.73157,0.11934,9.69214,2.42016,-0.19588,9.5818,2.4347,2.4202,0.16146,11,0.0647,0,0,45.8604,17.19199,0.3116,0.2951,1,False,running
88434632b5,formation_7_smooth_bypass,41,8.2,1784470200,smooth_adaptive_clusters,finish_first,r05,r05,True,lower,bypass,local,2,2,2.43853,-0.02704,-0.39033,0.3116,-1e-05,820,820,23,131,0,0,0010,---,False,0.28816,-0.11856,0.3116,-1e-05,2.86575,-0.20282,cached_adaptive_split,w,"$1,0,0,0,0,0,0,0,0#",16000,16000,Set tank.c app_speed/duty level to the logged pwm before sending the move key/protocol command; e=stop.,2.42901,6.48761,0,0,0,1.31045,0.15796,9.64437,2.42016,-0.19588,9.5818,2.4347,2.4202,0.16146,11,0.0647,0,0,45.8604,17.19199,0.3116,0.2951,1,False,running
88434632b5,formation_7_smooth_bypass,41,8.2,1784470200,smooth_adaptive_clusters,finish_first,r06,r06,True,lower,bypass,local,2,2,2.84421,-0.08062,-0.48935,0.3116,-3e-05,820,820,31,90,0,0,0001,---,False,0.27503,-0.14647,0.3116,-3e-05,3.25196,-0.29777,cached_adaptive_split,w,"$1,0,0,0,0,0,0,0,0#",16000,16000,Set tank.c app_speed/duty level to the logged pwm before sending the move key/protocol command; e=stop.,2.48983,6.65056,0,0,0,0.90478,0.16045,9.61978,2.42016,-0.19588,9.5818,2.4347,2.4202,0.16146,11,0.0647,0,0,45.8604,17.19199,0.3116,0.2951,1,False,running
88434632b5,formation_7_smooth_bypass,41,8.2,1784470200,smooth_adaptive_clusters,finish_first,r07,r07,True,lower,bypass,local,2,2,2.00435,0.58477,0.01269,0.3116,-0.0,820,820,-16,176,0,0,0000,---,False,0.31157,0.00396,0.3116,-0.0,2.46628,0.59063,cached_adaptive_split,w,"$1,0,0,0,0,0,0,0,0#",16000,16000,Set tank.c app_speed/duty level to the logged pwm before sending the move key/protocol command; e=stop.,2.49636,6.65063,0,0,0,1.75943,0.1266,9.50777,2.42016,-0.19588,9.5818,2.4347,2.4202,0.16146,11,0.0647,0,0,45.8604,17.19199,0.3116,0.2951,1,False,running
88434632b5,formation_7_smooth_bypass,42,8.4,1784470400,smooth_adaptive_clusters,finish_first,r01,r01,True,lower,bypass,local,2,2,2.63366,-0.69799,-0.05836,0.3116,0.0,820,820,27,116,0,0,0000,---,False,0.31107,-0.01817,0.3116,0.0,3.09485,-0.72494,cached_adaptive_split,w,"$1,0,0,0,0,0,0,0,0#",16000,16000,Set tank.c app_speed/duty level to the logged pwm before sending the move key/protocol command; e=stop.,2.55878,6.81508,0,0,0,1.16374,0.06277,9.4495,2.47779,-0.2056,9.5244,2.4931,2.4778,0.16408,10,0.0628,0,0,46.96802,17.60642,0.296,0.295,1,False,running
88434632b5,formation_7_smooth_bypass,42,8.4,1784470400,smooth_adaptive_clusters,finish_first,r02,r02,True,lower,bypass,local,2,2,2.37581,-0.43308,-0.09544,0.3116,0.0,820,820,19,138,0,0,0000,---,False,0.31018,-0.02969,0.3116,0.0,2.83568,-0.4771,cached_adaptive_split,w,"$1,0,0,0,0,0,0,0,0#",16000,16000,Set tank.c app_speed/duty level to the logged pwm before sending the move key/protocol command; e=stop.,2.49646,6.65091,0,0,0,1.3755,0.11864,9.51877,2.47779,-0.2056,9.5244,2.4931,2.4778,0.16408,10,0.0628,0,0,46.96802,17.60642,0.296,0.295,1,False,running
88434632b5,formation_7_smooth_bypass,42,8.4,1784470400,smooth_adaptive_clusters,finish_first,r03,r03,True,lower,bypass,local,2,2,2.81344,-0.4771,-0.09526,0.3116,0.0,820,820,24,94,0,0,0000,---,False,0.31019,-0.02964,0.3116,0.0,3.27332,-0.52104,cached_adaptive_split,w,"$1,0,0,0,0,0,0,0,0#",16000,16000,Set tank.c app_speed/duty level to the logged pwm before sending the move key/protocol command; e=stop.,2.55872,6.81684,0,0,0,0.94323,0.06277,9.4624,2.47779,-0.2056,9.5244,2.4931,2.4778,0.16408,10,0.0628,0,0,46.96802,17.60642,0.296,0.295,1,False,running
88434632b5,formation_7_smooth_bypass,42,8.4,1784470400,smooth_adaptive_clusters,finish_first,r04,r04,True,lower,bypass,local,2,2,2.07883,-0.26615,-0.17012,0.3116,3e-05,820,820,17,167,0,0,0000,---,False,0.3071,-0.05275,0.3116,3e-05,2.53413,-0.34436,cached_adaptive_split,w,"$1,0,0,0,0,0,0,0,0#",16000,16000,Set tank.c app_speed/duty level to the logged pwm before sending the move key/protocol command; e=stop.,2.4121,6.44977,0,0,0,1.67015,0.11864,9.63121,2.47779,-0.2056,9.5244,2.4931,2.4778,0.16408,10,0.0628,0,0,46.96802,17.60642,0.296,0.295,1,False,running
88434632b5,formation_7_smooth_bypass,42,8.4,1784470400,smooth_adaptive_clusters,finish_first,r05,r05,True,lower,bypass,local,2,2,2.49616,-0.05075,-0.39033,0.3116,-1e-05,820,820,24,125,0,0,0010,---,False,0.28816,-0.11856,0.3116,-1e-05,2.92338,-0.22653,cached_adaptive_split,w,"$1,0,0,0,0,0,0,0,0#",16000,16000,Set tank.c app_speed/duty level to the logged pwm before sending the move key/protocol command; e=stop.,2.49133,6.65286,0,0,0,1.25282,0.15796,9.58719,2.47779,-0.2056,9.5244,2.4931,2.4778,0.16408,10,0.0628,0,0,46.96802,17.60642,0.296,0.295,1,False,running
88434632b5,formation_7_smooth_bypass,42,8.4,1784470400,smooth_adaptive_clusters,finish_first,r06,r06,True,lower,bypass,local,2,2,2.87996,-0.09966,-0.48935,0.20254,-1e-05,533,533,32,87,0,0,0001,---,False,0.17877,-0.0952,0.20254,-1e-05,3.30696,-0.32706,cached_adaptive_split,w,"$1,0,0,0,0,0,0,0,0#",11000,11000,Set tank.c app_speed/duty level to the logged pwm before sending the move key/protocol command; e=stop.,2.53034,6.76669,0,0,0,0.86902,0.16045,9.58449,2.47779,-0.2056,9.5244,2.4931,2.4778,0.16408,10,0.0628,0,0,46.96802,17.60642,0.296,0.295,1,False,running
88434632b5,formation_7_smooth_bypass,42,8.4,1784470400,smooth_adaptive_clusters,finish_first,r07,r07,True,lower,bypass,local,2,2,2.06666,0.58556,0.01269,0.3116,-0.0,820,820,-16,170,0,0,0000,---,False,0.31157,0.00396,0.3116,-0.0,2.52859,0.59142,cached_adaptive_split,w,"$1,0,0,0,0,0,0,0,0#",16000,16000,Set tank.c app_speed/duty level to the logged pwm before sending the move key/protocol command; e=stop.,2.55868,6.81587,0,0,0,1.69773,0.1266,9.44547,2.47779,-0.2056,9.5244,2.4931,2.4778,0.16408,10,0.0628,0,0,46.96802,17.60642,0.296,0.295,1,False,running
88434632b5,formation_7_smooth_bypass,43,8.6,1784470600,smooth_adaptive_clusters,finish_first,r01,r01,True,lower,bypass,local,2,2,2.69588,-0.70163,-0.05836,0.3116,0.0,820,820,28,111,0,0,0000,---,False,0.31107,-0.01817,0.3116,0.0,3.15706,-0.72857,adaptive_split_to_bypass_target,w,"$1,0,0,0,0,0,0,0,0#",16000,16000,Set tank.c app_speed/duty level to the logged pwm before sending the move key/protocol command; e=stop.,2.6211,6.98032,0,0,0,1.10505,0.06088,9.38736,2.52943,-0.21365,9.473,2.5454,2.5294,0.16826,10,0.0609,0,0,47.96875,17.97704,0.2647,0.2941,1,False,running
88434632b5,formation_7_smooth_bypass,43,8.6,1784470600,smooth_adaptive_clusters,finish_first,r02,r02,True,lower,bypass,local,2,2,2.43785,-0.43902,-0.09544,0.3116,0.0,820,820,19,131,0,0,0000,---,False,0.31018,-0.02969,0.3116,0.0,2.89771,-0.48304,adaptive_split_to_bypass_target,w,"$1,0,0,0,0,0,0,0,0#",16000,16000,Set tank.c app_speed/duty level to the logged pwm before sending the move key/protocol command; e=stop.,2.55878,6.81616,0,0,0,1.31392,0.11864,9.45691,2.52943,-0.21365,9.473,2.5454,2.5294,0.16826,10,0.0609,0,0,47.96875,17.97704,0.2647,0.2941,1,False,running
88434632b5,formation_7_smooth_bypass,43,8.6,1784470600,smooth_adaptive_clusters,finish_first,r03,r03,True,lower,bypass,local,2,2,2.87548,-0.48303,-0.09526,0.3116,0.0,820,820,25,88,0,0,0000,---,False,0.31019,-0.02964,0.3116,0.0,3.33536,-0.52697,adaptive_split_to_bypass_target,w,"$1,0,0,0,0,0,0,0,0#",16000,16000,Set tank.c app_speed/duty level to the logged pwm before sending the move key/protocol command; e=stop.,2.62104,6.98208,0,0,0,0.88245,0.06088,9.40058,2.52943,-0.21365,9.473,2.5454,2.5294,0.16826,10,0.0609,0,0,47.96875,17.97704,0.2647,0.2941,1,False,running
88434632b5,formation_7_smooth_bypass,43,8.6,1784470600,smooth_adaptive_clusters,finish_first,r04,r04,True,lower,bypass,local,2,2,2.1185,-0.27337,-0.18006,0.2016,-0.04971,541,520,18,163,0,0,0000,---,False,0.14381,-0.02734,0.2016,-0.04971,2.59555,-0.35491,adaptive_split_to_bypass_target; completion_unstuck,w,"$1,0,0,0,0,0,0,0,0#",11000,10000,Set tank.c app_speed/duty level to the logged pwm before sending the move key/protocol command; e=stop.,2.45242,6.56597,0,0,0,1.63048,0.11864,9.59189,2.52943,-0.21365,9.473,2.5454,2.5294,0.16826,10,0.0609,0,0,47.96875,17.97704,0.2647,0.2941,1,False,running
88434632b5,formation_7_smooth_bypass,43,8.6,1784470600,smooth_adaptive_clusters,finish_first,r05,r05,True,lower,bypass,local,2,2,2.53362,-0.06617,-0.39033,0.20254,-0.0,533,533,25,122,0,0,0010,---,False,0.18731,-0.07707,0.20254,-0.0,2.98102,-0.25024,adaptive_split_to_bypass_target,w,"$1,0,0,0,0,0,0,0,0#",11000,11000,Set tank.c app_speed/duty level to the logged pwm before sending the move key/protocol command; e=stop.,2.53184,6.76899,0,0,0,1.21536,0.15796,9.55006,2.52943,-0.21365,9.473,2.5454,2.5294,0.16826,10,0.0609,0,0,47.96875,17.97704,0.2647,0.2941,1,False,running
88434632b5,formation_7_smooth_bypass,43,8.6,1784470600,smooth_adaptive_clusters,finish_first,r06,r06,True,lower,bypass,local,2,2,2.91571,-0.1187,-0.48935,0.20254,-1e-05,533,533,33,83,0,0,0001,---,False,0.17877,-0.0952,0.20254,-1e-05,3.34849,-0.34918,adaptive_split_to_bypass_target,w,"$1,0,0,0,0,0,0,0,0#",11000,11000,Set tank.c app_speed/duty level to the logged pwm before sending the move key/protocol command; e=stop.,2.57084,6.8741,0,0,0,0.83327,0.14451,9.54925,2.52943,-0.21365,9.473,2.5454,2.5294,0.16826,10,0.0609,0,0,47.96875,17.97704,0.2647,0.2941,1,False,running
88434632b5,formation_7_smooth_bypass,43,8.6,1784470600,smooth_adaptive_clusters,finish_first,r07,r07,True,lower,bypass,local,2,2,2.12898,0.58635,0.01269,0.3116,-0.0,820,820,-17,164,0,0,0000,---,False,0.31157,0.00396,0.3116,-0.0,2.59091,0.59221,adaptive_split_to_bypass_target,w,"$1,0,0,0,0,0,0,0,0#",16000,16000,Set tank.c app_speed/duty level to the logged pwm before sending the move key/protocol command; e=stop.,2.621,6.98112,0,0,0,1.63607,0.1266,9.38317,2.52943,-0.21365,9.473,2.5454,2.5294,0.16826,10,0.0609,0,0,47.96875,17.97704,0.2647,0.2941,1,False,running
88434632b5,formation_7_smooth_bypass,44,8.8,1784470800,smooth_adaptive_clusters,finish_first,r01,r01,True,lower,bypass,local,2,2,2.75809,-0.70526,-0.05836,0.3116,0.0,820,820,29,105,0,0,0000,---,False,0.31107,-0.01817,0.3116,0.0,3.21928,-0.73221,cached_adaptive_split,w,"$1,0,0,0,0,0,0,0,0#",16000,16000,Set tank.c app_speed/duty level to the logged pwm before sending the move key/protocol command; e=stop.,2.68342,7.14557,0,0,0,1.04675,0.059,9.32524,2.58417,-0.22222,9.4185,2.6008,2.5842,0.1727,10,0.059,0,0,49.01939,18.36965,0.2804,0.2937,1,False,running
88434632b5,formation_7_smooth_bypass,44,8.8,1784470800,smooth_adaptive_clusters,finish_first,r02,r02,True,lower,bypass,local,2,2,2.49988,-0.44495,-0.09544,0.3116,0.0,820,820,20,125,0,0,0000,---,False,0.31018,-0.02969,0.3116,0.0,2.95975,-0.48898,cached_adaptive_split,w,"$1,0,0,0,0,0,0,0,0#",16000,16000,Set tank.c app_speed/duty level to the logged pwm before sending the move key/protocol command; e=stop.,2.6211,6.98141,0,0,0,1.25241,0.11864,9.39506,2.58417,-0.22222,9.4185,2.6008,2.5842,0.1727,10,0.059,0,0,49.01939,18.36965,0.2804,0.2937,1,False,running
88434632b5,formation_7_smooth_bypass,44,8.8,1784470800,smooth_adaptive_clusters,finish_first,r03,r03,True,lower,bypass,local,2,2,2.93752,-0.48896,-0.09526,0.3116,0.0,820,820,27,82,0,0,0000,---,False,0.31019,-0.02964,0.3116,0.0,3.39739,-0.5329,cached_adaptive_split,w,"$1,0,0,0,0,0,0,0,0#",16000,16000,Set tank.c app_speed/duty level to the logged pwm before sending the move key/protocol command; e=stop.,2.68336,7.14733,0,0,0,0.82187,0.059,9.33876,2.58417,-0.22222,9.4185,2.6008,2.5842,0.1727,10,0.059,0,0,49.01939,18.36965,0.2804,0.2937,1,False,running
88434632b5,formation_7_smooth_bypass,44,8.8,1784470800,smooth_adaptive_clusters,finish_first,r04,r04,True,lower,bypass,local,2,2,2.17987,-0.28418,-0.17427,0.31158,0.02894,814,826,18,157,0,0,0000,---,False,0.30712,-0.05263,0.31158,0.02894,2.64176,-0.36305,cached_adaptive_split,w,"$1,0,0,0,0,0,0,0,0#",16000,17000,Set tank.c app_speed/duty level to the logged pwm before sending the move key/protocol command; e=stop.,2.51474,6.7408,0,0,0,1.56911,0.11864,9.53105,2.58417,-0.22222,9.4185,2.6008,2.5842,0.1727,10,0.059,0,0,49.01939,18.36965,0.2804,0.2937,1,False,running
88434632b5,formation_7_smooth_bypass,44,8.8,1784470800,smooth_adaptive_clusters,finish_first,r05,r05,True,lower,bypass,local,2,2,2.57108,-0.08158,-0.39033,0.20254,-0.0,533,533,25,118,0,0,0001,---,False,0.18731,-0.07707,0.20254,-0.0,3.02453,-0.26815,cached_adaptive_split,w,"$1,0,0,0,0,0,0,0,0#",11000,11000,Set tank.c app_speed/duty level to the logged pwm before sending the move key/protocol command; e=stop.,2.57235,6.8764,0,0,0,1.1779,0.14825,9.51295,2.58417,-0.22222,9.4185,2.6008,2.5842,0.1727,10,0.059,0,0,49.01939,18.36965,0.2804,0.2937,1,False,running
88434632b5,formation_7_smooth_bypass,44,8.8,1784470800,smooth_adaptive_clusters,finish_first,r06,r06,True,lower,bypass,local,2,2,2.95147,-0.13774,-0.48935,0.20254,-0.0,533,533,34,80,0,0,0001,---,False,0.17877,-0.0952,0.20254,-0.0,3.38598,-0.36914,cached_adaptive_split,w,"$1,0,0,0,0,0,0,0,0#",11000,11000,Set tank.c app_speed/duty level to the logged pwm before sending the move key/protocol command; e=stop.,2.61135,6.98151,0,0,0,0.79751,0.12946,9.51405,2.58417,-0.22222,9.4185,2.6008,2.5842,0.1727,10,0.059,0,0,49.01939,18.36965,0.2804,0.2937,1,False,running
88434632b5,formation_7_smooth_bypass,44,8.8,1784470800,smooth_adaptive_clusters,finish_first,r07,r07,True,lower,bypass,local,2,2,2.19129,0.58714,0.01269,0.3116,-0.0,820,820,-17,157,0,0,0000,---,False,0.31157,0.00396,0.3116,-0.0,2.65322,0.593,cached_adaptive_split,w,"$1,0,0,0,0,0,0,0,0#",16000,16000,Set tank.c app_speed/duty level to the logged pwm before sending the move key/protocol command; e=stop.,2.68332,7.14637,0,0,0,1.57446,0.1266,9.32087,2.58417,-0.22222,9.4185,2.6008,2.5842,0.1727,10,0.059,0,0,49.01939,18.36965,0.2804,0.2937,1,False,running
88434632b5,formation_7_smooth_bypass,45,9.0,1784471000,smooth_adaptive_clusters,finish_first,r01,r01,True,lower,bypass,local,2,2,2.8203,-0.7089,-0.05836,0.3116,0.0,820,820,31,99,0,0,0000,---,False,0.31107,-0.01817,0.3116,0.0,3.28149,-0.73584,cached_adaptive_split,w,"$1,0,0,0,0,0,0,0,0#",16000,16000,Set tank.c app_speed/duty level to the logged pwm before sending the move key/protocol command; e=stop.,2.74574,7.31081,0,0,0,0.98888,0.05713,9.26311,2.63892,-0.23076,9.3639,2.6562,2.6389,0.17797,10,0.0571,0,0,50.0606,18.76227,0.2804,0.2932,1,False,running
88434632b5,formation_7_smooth_bypass,45,9.0,1784471000,smooth_adaptive_clusters,finish_first,r02,r02,True,lower,bypass,local,2,2,2.56192,-0.45089,-0.09544,0.3116,0.0,820,820,21,119,0,0,0000,---,False,0.31018,-0.02969,0.3116,0.0,3.02179,-0.49491,cached_adaptive_split,w,"$1,0,0,0,0,0,0,0,0#",16000,16000,Set tank.c app_speed/duty level to the logged pwm before sending the move key/protocol command; e=stop.,2.68342,7.14665,0,0,0,1.19098,0.11864,9.33321,2.63892,-0.23076,9.3639,2.6562,2.6389,0.17797,10,0.0571,0,0,50.0606,18.76227,0.2804,0.2932,1,False,running
88434632b5,formation_7_smooth_bypass,45,9.0,1784471000,smooth_adaptive_clusters,finish_first,r03,r03,True,lower,bypass,local,2,2,2.99955,-0.49488,-0.09526,0.3116,0.0,820,820,28,76,0,0,0000,---,False,0.31019,-0.02964,0.3116,0.0,3.45943,-0.53883,cached_adaptive_split,w,"$1,0,0,0,0,0,0,0,0#",16000,16000,Set tank.c app_speed/duty level to the logged pwm before sending the move key/protocol command; e=stop.,2.74568,7.31258,0,0,0,0.76154,0.05713,9.27695,2.63892,-0.23076,9.3639,2.6562,2.6389,0.17797,10,0.0571,0,0,50.0606,18.76227,0.2804,0.2932,1,False,running
88434632b5,formation_7_smooth_bypass,45,9.0,1784471000,smooth_adaptive_clusters,finish_first,r04,r04,True,lower,bypass,local,2,2,2.24127,-0.29482,-0.17164,0.3116,0.01316,817,823,18,151,0,0,0000,---,False,0.30713,-0.05259,0.3116,0.01316,2.6986,-0.37299,cached_adaptive_split,w,"$1,0,0,0,0,0,0,0,0#",16000,16000,Set tank.c app_speed/duty level to the logged pwm before sending the move key/protocol command; e=stop.,2.57706,6.90621,0,0,0,1.50771,0.11864,9.47019,2.63892,-0.23076,9.3639,2.6562,2.6389,0.17797,10,0.0571,0,0,50.0606,18.76227,0.2804,0.2932,1,False,running
88434632b5,formation_7_smooth_bypass,45,9.0,1784471000,smooth_adaptive_clusters,finish_first,r05,r05,True,lower,bypass,local,2,2,2.60854,-0.09699,-0.39033,0.20254,-0.0,533,533,26,114,0,0,0001,---,False,0.18731,-0.07707,0.20254,-0.0,3.0638,-0.28431,cached_adaptive_split,w,"$1,0,0,0,0,0,0,0,0#",11000,11000,Set tank.c app_speed/duty level to the logged pwm before sending the move key/protocol command; e=stop.,2.61286,6.98381,0,0,0,1.14044,0.13492,9.47588,2.63892,-0.23076,9.3639,2.6562,2.6389,0.17797,10,0.0571,0,0,50.0606,18.76227,0.2804,0.2932,1,False,running
88434632b5,formation_7_smooth_bypass,45,9.0,1784471000,smooth_adaptive_clusters,finish_first,r06,r06,True,lower,bypass,local,2,2,2.98722,-0.15678,-0.48935,0.20254,-0.0,533,533,35,76,0,0,0000,---,False,0.17877,-0.0952,0.20254,-0.0,3.42226,-0.38846,cached_adaptive_split,w,"$1,0,0,0,0,0,0,0,0#",11000,11000,Set tank.c app_speed/duty level to the logged pwm before sending the move key/protocol command; e=stop.,2.65186,7.08892,0,0,0,0.76176,0.11629,9.47889,2.63892,-0.23076,9.3639,2.6562,2.6389,0.17797,10,0.0571,0,0,50.0606,18.76227,0.2804,0.2932,1,False,running
88434632b5,formation_7_smooth_bypass,45,9.0,1784471000,smooth_adaptive_clusters,finish_first,r07,r07,True,lower,bypass,local,2,2,2.25361,0.58793,0.01269,0.3116,-0.0,820,820,-18,151,0,0,0000,---,False,0.31157,0.00396,0.3116,-0.0,2.71554,0.59379,cached_adaptive_split,w,"$1,0,0,0,0,0,0,0,0#",16000,16000,Set tank.c app_speed/duty level to the logged pwm before sending the move key/protocol command; e=stop.,2.74564,7.31161,0,0,0,1.5129,0.1266,9.25857,2.63892,-0.23076,9.3639,2.6562,2.6389,0.17797,10,0.0571,0,0,50.0606,18.76227,0.2804,0.2932,1,False,running
88434632b5,formation_7_smooth_bypass,46,9.2,1784471200,smooth_adaptive_clusters,finish_first,r01,r01,True,lower,bypass,local,2,2,2.88252,-0.71253,-0.05836,0.3116,0.0,820,820,32,93,0,0,0000,---,False,0.31107,-0.01817,0.3116,0.0,3.3437,-0.73948,adaptive_split_to_bypass_target,w,"$1,0,0,0,0,0,0,0,0#",16000,16000,Set tank.c app_speed/duty level to the logged pwm before sending the move key/protocol command; e=stop.,2.80806,7.47606,0,0,0,0.93153,0.05526,9.20099,2.69367,-0.2393,9.3094,2.7116,2.6937,0.18396,10,0.0553,0,0,51.10173,19.15488,0.2804,0.2928,1,False,running
88434632b5,formation_7_smooth_bypass,46,9.2,1784471200,smooth_adaptive_clusters,finish_first,r02,r02,True,lower,bypass,local,2,2,2.62395,-0.45683,-0.09544,0.3116,0.0,820,820,22,113,0,0,0000,---,False,0.31018,-0.02969,0.3116,0.0,3.08382,-0.50085,adaptive_split_to_bypass_target,w,"$1,0,0,0,0,0,0,0,0#",16000,16000,Set tank.c app_speed/duty level to the logged pwm before sending the move key/protocol command; e=stop.,2.74574,7.3119,0,0,0,1.12964,0.11864,9.27137,2.69367,-0.2393,9.3094,2.7116,2.6937,0.18396,10,0.0553,0,0,51.10173,19.15488,0.2804,0.2928,1,False,running
88434632b5,formation_7_smooth_bypass,46,9.2,1784471200,smooth_adaptive_clusters,finish_first,r03,r03,True,lower,bypass,local,2,2,3.06159,-0.50081,-0.09526,0.3116,0.0,820,820,29,70,0,0,0000,---,False,0.31019,-0.02964,0.3116,0.0,3.52147,-0.54475,adaptive_split_to_bypass_target,w,"$1,0,0,0,0,0,0,0,0#",16000,16000,Set tank.c app_speed/duty level to the logged pwm before sending the move key/protocol command; e=stop.,2.808,7.47782,0,0,0,0.70151,0.05526,9.21515,2.69367,-0.2393,9.3094,2.7116,2.6937,0.18396,10,0.0553,0,0,51.10173,19.15488,0.2804,0.2928,1,False,running
88434632b5,formation_7_smooth_bypass,46,9.2,1784471200,smooth_adaptive_clusters,finish_first,r04,r04,True,lower,bypass,local,2,2,2.30269,-0.3054,-0.17048,0.3116,0.00581,819,821,19,145,0,0,0000,---,False,0.30713,-0.05258,0.3116,0.00581,2.75863,-0.3834,adaptive_split_to_bypass_target,w,"$1,0,0,0,0,0,0,0,0#",16000,16000,Set tank.c app_speed/duty level to the logged pwm before sending the move key/protocol command; e=stop.,2.63938,7.07153,0,0,0,1.44629,0.11864,9.40933,2.69367,-0.2393,9.3094,2.7116,2.6937,0.18396,10,0.0553,0,0,51.10173,19.15488,0.2804,0.2928,1,False,running
88434632b5,formation_7_smooth_bypass,46,9.2,1784471200,smooth_adaptive_clusters,finish_first,r05,r05,True,lower,bypass,local,2,2,2.646,-0.11241,-0.39033,0.20254,-0.0,533,533,27,110,0,0,0001,---,False,0.18731,-0.07707,0.20254,-0.0,3.10181,-0.29995,adaptive_split_to_bypass_target,w,"$1,0,0,0,0,0,0,0,0#",11000,11000,Set tank.c app_speed/duty level to the logged pwm before sending the move key/protocol command; e=stop.,2.65337,7.09122,0,0,0,1.10298,0.12309,9.43883,2.69367,-0.2393,9.3094,2.7116,2.6937,0.18396,10,0.0553,0,0,51.10173,19.15488,0.2804,0.2928,1,False,running
88434632b5,formation_7_smooth_bypass,46,9.2,1784471200,smooth_adaptive_clusters,finish_first,r06,r06,True,lower,bypass,local,2,2,3.02298,-0.17582,-0.48935,0.20254,-0.0,533,533,37,73,0,0,0000,---,False,0.17877,-0.0952,0.20254,-0.0,3.45816,-0.40759,adaptive_split_to_bypass_target,w,"$1,0,0,0,0,0,0,0,0#",11000,11000,Set tank.c app_speed/duty level to the logged pwm before sending the move key/protocol command; e=stop.,2.69237,7.19633,0,0,0,0.72601,0.10524,9.44377,2.69367,-0.2393,9.3094,2.7116,2.6937,0.18396,10,0.0553,0,0,51.10173,19.15488,0.2804,0.2928,1,False,running
88434632b5,formation_7_smooth_bypass,46,9.2,1784471200,smooth_adaptive_clusters,finish_first,r07,r07,True,lower,bypass,local,2,2,2.31592,0.58872,0.01269,0.3116,-0.0,820,820,-18,145,0,0,0000,---,False,0.31157,0.00396,0.3116,-0.0,2.77785,0.59459,adaptive_split_to_bypass_target,w,"$1,0,0,0,0,0,0,0,0#",16000,16000,Set tank.c app_speed/duty level to the logged pwm before sending the move key/protocol command; e=stop.,2.80796,7.47686,0,0,0,1.45141,0.1266,9.19627,2.69367,-0.2393,9.3094,2.7116,2.6937,0.18396,10,0.0553,0,0,51.10173,19.15488,0.2804,0.2928,1,False,running
88434632b5,formation_7_smooth_bypass,47,9.4,1784471400,smooth_adaptive_clusters,finish_first,r01,r01,True,lower,bypass,local,2,2,2.94473,-0.71617,-0.05836,0.3116,0.0,820,820,33,87,0,0,0000,---,False,0.31107,-0.01817,0.3116,0.0,3.40592,-0.74311,cached_adaptive_split,w,"$1,0,0,0,0,0,0,0,0#",16000,16000,Set tank.c app_speed/duty level to the logged pwm before sending the move key/protocol command; e=stop.,2.87038,7.64131,0,1,0,0.87478,0.0534,9.13886,2.74534,-0.2473,9.258,2.7639,2.7453,0.19034,10,0.0534,0,0,52.0937,19.52569,0.2649,0.2921,1,False,running
88434632b5,formation_7_smooth_bypass,47,9.4,1784471400,smooth_adaptive_clusters,finish_first,r02,r02,True,lower,bypass,local,2,2,2.68599,-0.46277,-0.09544,0.3116,0.0,820,820,22,107,0,0,0000,---,False,0.31018,-0.02969,0.3116,0.0,3.14586,-0.50679,cached_adaptive_split,w,"$1,0,0,0,0,0,0,0,0#",16000,16000,Set tank.c app_speed/duty level to the logged pwm before sending the move key/protocol command; e=stop.,2.80806,7.47715,0,0,0,1.06839,0.11292,9.20954,2.74534,-0.2473,9.258,2.7639,2.7453,0.19034,10,0.0534,0,0,52.0937,19.52569,0.2649,0.2921,1,False,running
88434632b5,formation_7_smooth_bypass,47,9.4,1784471400,smooth_adaptive_clusters,finish_first,r03,r03,True,lower,bypass,local,2,2,3.12363,-0.50674,-0.09526,0.3116,0.0,820,820,31,64,0,0,0000,---,False,0.31019,-0.02964,0.3116,0.0,3.58351,-0.55068,cached_adaptive_split,w,"$1,0,0,0,0,0,0,0,0#",16000,16000,Set tank.c app_speed/duty level to the logged pwm before sending the move key/protocol command; e=stop.,2.87032,7.64307,0,1,0,0.64185,0.0534,9.15335,2.74534,-0.2473,9.258,2.7639,2.7453,0.19034,10,0.0534,0,0,52.0937,19.52569,0.2649,0.2921,1,False,running
88434632b5,formation_7_smooth_bypass,47,9.4,1784471400,smooth_adaptive_clusters,finish_first,r04,r04,True,lower,bypass,local,2,2,2.34262,-0.31225,-0.16998,0.20254,0.00251,532,534,19,141,0,0,0000,---,False,0.19963,-0.03418,0.20254,0.00251,2.81964,-0.39391,cached_adaptive_split,w,"$1,0,0,0,0,0,0,0,0#",11000,11000,Set tank.c app_speed/duty level to the logged pwm before sending the move key/protocol command; e=stop.,2.67989,7.1877,0,0,0,1.40637,0.11864,9.36978,2.74534,-0.2473,9.258,2.7639,2.7453,0.19034,10,0.0534,0,0,52.0937,19.52569,0.2649,0.2921,1,False,running
88434632b5,formation_7_smooth_bypass,47,9.4,1784471400,smooth_adaptive_clusters,finish_first,r05,r05,True,lower,bypass,local,2,2,2.68347,-0.12782,-0.39033,0.20254,-0.0,533,533,27,107,0,0,0001,---,False,0.18731,-0.07707,0.20254,-0.0,3.13943,-0.31543,cached_adaptive_split,w,"$1,0,0,0,0,0,0,0,0#",11000,11000,Set tank.c app_speed/duty level to the logged pwm before sending the move key/protocol command; e=stop.,2.69387,7.19863,0,0,0,1.06552,0.11292,9.40181,2.74534,-0.2473,9.258,2.7639,2.7453,0.19034,10,0.0534,0,0,52.0937,19.52569,0.2649,0.2921,1,False,running
88434632b5,formation_7_smooth_bypass,47,9.4,1784471400,smooth_adaptive_clusters,finish_first,r06,r06,True,lower,bypass,local,2,2,3.05873,-0.19486,-0.48935,0.20254,-0.0,533,533,38,69,0,0,0000,---,False,0.17877,-0.0952,0.20254,-0.0,3.49397,-0.42665,cached_adaptive_split,w,"$1,0,0,0,0,0,0,0,0#",11000,11000,Set tank.c app_speed/duty level to the logged pwm before sending the move key/protocol command; e=stop.,2.73288,7.30374,0,0,0,0.69025,0.09652,9.4087,2.74534,-0.2473,9.258,2.7639,2.7453,0.19034,10,0.0534,0,0,52.0937,19.52569,0.2649,0.2921,1,False,running
88434632b5,formation_7_smooth_bypass,47,9.4,1784471400,smooth_adaptive_clusters,finish_first,r07,r07,True,lower,bypass,local,2,2,2.37824,0.58951,0.01269,0.3116,-0.0,820,820,-19,139,0,0,0000,---,False,0.31157,0.00396,0.3116,-0.0,2.84017,0.59538,cached_adaptive_split,w,"$1,0,0,0,0,0,0,0,0#",16000,16000,Set tank.c app_speed/duty level to the logged pwm before sending the move key/protocol command; e=stop.,2.87028,7.64211,0,0,0,1.38998,0.1266,9.13397,2.74534,-0.2473,9.258,2.7639,2.7453,0.19034,10,0.0534,0,0,52.0937,19.52569,0.2649,0.2921,1,False,running
88434632b5,formation_7_smooth_bypass,48,9.6,1784471600,smooth_adaptive_clusters,finish_first,r01,r01,True,lower,bypass,local,2,2,3.00695,-0.7198,-0.05836,0.3116,0.0,820,820,34,82,0,0,0000,---,False,0.31107,-0.01817,0.3116,0.0,3.46813,-0.74675,cached_adaptive_split,w,"$1,0,0,0,0,0,0,0,0#",16000,16000,Set tank.c app_speed/duty level to the logged pwm before sending the move key/protocol command; e=stop.,2.9327,7.80655,0,2,0,0.81874,0.05154,9.07675,2.79702,-0.2553,9.2065,2.8162,2.797,0.19727,10,0.0515,0,0,53.07693,19.89649,0.2649,0.2914,1,False,running
88434632b5,formation_7_smooth_bypass,48,9.6,1784471600,smooth_adaptive_clusters,finish_first,r02,r02,True,lower,bypass,local,2,2,2.74803,-0.46871,-0.09544,0.3116,0.0,820,820,23,101,0,0,0000,---,False,0.31018,-0.02969,0.3116,0.0,3.2079,-0.51273,cached_adaptive_split,w,"$1,0,0,0,0,0,0,0,0#",16000,16000,Set tank.c app_speed/duty level to the logged pwm before sending the move key/protocol command; e=stop.,2.87038,7.64239,0,0,0,1.00727,0.10457,9.14771,2.79702,-0.2553,9.2065,2.8162,2.797,0.19727,10,0.0515,0,0,53.07693,19.89649,0.2649,0.2914,1,False,running
88434632b5,formation_7_smooth_bypass,48,9.6,1784471600,smooth_adaptive_clusters,finish_first,r03,r03,True,lower,bypass,local,2,2,3.18567,-0.51267,-0.09526,0.3116,0.0,820,820,32,58,0,0,0000,---,False,0.31019,-0.02964,0.3116,0.0,3.64554,-0.55661,cached_adaptive_split,w,"$1,0,0,0,0,0,0,0,0#",16000,16000,Set tank.c app_speed/duty level to the logged pwm before sending the move key/protocol command; e=stop.,2.93264,7.80831,0,2,0,0.58266,0.05154,9.09156,2.79702,-0.2553,9.2065,2.8162,2.797,0.19727,10,0.0515,0,0,53.07693,19.89649,0.2649,0.2914,1,False,running
88434632b5,formation_7_smooth_bypass,48,9.6,1784471600,smooth_adaptive_clusters,finish_first,r04,r04,True,lower,bypass,local,2,2,2.38254,-0.31909,-0.16977,0.20254,0.00104,533,533,20,137,0,0,0000,---,False,0.19963,-0.03419,0.20254,0.00104,2.86589,-0.40186,cached_adaptive_split,w,"$1,0,0,0,0,0,0,0,0#",11000,11000,Set tank.c app_speed/duty level to the logged pwm before sending the move key/protocol command; e=stop.,2.7204,7.29512,0,0,0,1.36644,0.11864,9.33024,2.79702,-0.2553,9.2065,2.8162,2.797,0.19727,10,0.0515,0,0,53.07693,19.89649,0.2649,0.2914,1,False,running
88434632b5,formation_7_smooth_bypass,48,9.6,1784471600,smooth_adaptive_clusters,finish_first,r05,r05,True,lower,bypass,local,2,2,2.72093,-0.14323,-0.39033,0.20254,-0.0,533,533,28,103,0,0,0001,---,False,0.18731,-0.07707,0.20254,-0.0,3.17694,-0.33086,cached_adaptive_split,w,"$1,0,0,0,0,0,0,0,0#",11000,11000,Set tank.c app_speed/duty level to the logged pwm before sending the move key/protocol command; e=stop.,2.73438,7.30604,0,0,0,1.02806,0.10457,9.36482,2.79702,-0.2553,9.2065,2.8162,2.797,0.19727,10,0.0515,0,0,53.07693,19.89649,0.2649,0.2914,1,False,running
88434632b5,formation_7_smooth_bypass,48,9.6,1784471600,smooth_adaptive_clusters,finish_first,r06,r06,True,lower,bypass,local,2,2,3.09448,-0.2139,-0.48935,0.20254,-0.0,533,533,39,65,0,0,0000,---,False,0.17877,-0.0952,0.20254,-0.0,3.52973,-0.4457,cached_adaptive_split,w,"$1,0,0,0,0,0,0,0,0#",11000,11000,Set tank.c app_speed/duty level to the logged pwm before sending the move key/protocol command; e=stop.,2.77338,7.41115,0,0,0,0.6545,0.09033,9.37367,2.79702,-0.2553,9.2065,2.8162,2.797,0.19727,10,0.0515,0,0,53.07693,19.89649,0.2649,0.2914,1,False,running
88434632b5,formation_7_smooth_bypass,48,9.6,1784471600,smooth_adaptive_clusters,finish_first,r07,r07,True,lower,bypass,local,2,2,2.44055,0.5903,0.01269,0.3116,-0.0,820,820,-19,133,0,0,0000,---,False,0.31157,0.00396,0.3116,-0.0,2.90248,0.59617,cached_adaptive_split,w,"$1,0,0,0,0,0,0,0,0#",16000,16000,Set tank.c app_speed/duty level to the logged pwm before sending the move key/protocol command; e=stop.,2.9326,7.80735,0,0,0,1.32863,0.1266,9.07167,2.79702,-0.2553,9.2065,2.8162,2.797,0.19727,10,0.0515,0,0,53.07693,19.89649,0.2649,0.2914,1,False,running
88434632b5,formation_7_smooth_bypass,49,9.8,1784471800,smooth_adaptive_clusters,finish_first,r01,r01,True,lower,bypass,local,2,2,3.06916,-0.72344,-0.05836,0.3116,0.0,820,820,36,76,0,0,0000,---,False,0.31107,-0.01817,0.3116,0.0,3.53034,-0.75038,adaptive_split_to_bypass_target,w,"$1,0,0,0,0,0,0,0,0#",16000,16000,Set tank.c app_speed/duty level to the logged pwm before sending the move key/protocol command; e=stop.,2.99502,7.9718,0,3,0,0.76356,0.0497,9.01463,2.8487,-0.2633,9.1551,2.8685,2.8487,0.20466,10,0.0497,0,0,54.06015,20.26729,0.2649,0.2907,1,False,running
88434632b5,formation_7_smooth_bypass,49,9.8,1784471800,smooth_adaptive_clusters,finish_first,r02,r02,True,lower,bypass,local,2,2,2.81006,-0.47465,-0.09544,0.3116,0.0,820,820,24,95,0,0,0000,---,False,0.31018,-0.02969,0.3116,0.0,3.26993,-0.51867,adaptive_split_to_bypass_target,w,"$1,0,0,0,0,0,0,0,0#",16000,16000,Set tank.c app_speed/duty level to the logged pwm before sending the move key/protocol command; e=stop.,2.9327,7.80764,0,0,0,0.94629,0.09816,9.08589,2.8487,-0.2633,9.1551,2.8685,2.8487,0.20466,10,0.0497,0,0,54.06015,20.26729,0.2649,0.2907,1,False,running
88434632b5,formation_7_smooth_bypass,49,9.8,1784471800,smooth_adaptive_clusters,finish_first,r03,r03,True,lower,bypass,local,3,2,3.2477,-0.51859,-0.09526,0.3116,0.0,820,820,34,52,0,0,0000,---,False,0.31019,-0.02964,0.3116,0.0,3.70758,-0.56254,adaptive_split_to_bypass_target,w,"$1,0,0,0,0,0,0,0,0#",16000,16000,Set tank.c app_speed/duty level to the logged pwm before sending the move key/protocol command; e=stop.,2.99496,7.97356,0,3,0,0.52407,0.0497,9.02978,2.8487,-0.2633,9.1551,2.8685,2.8487,0.20466,10,0.0497,0,0,54.06015,20.26729,0.2649,0.2907,1,False,running
88434632b5,formation_7_smooth_bypass,49,9.8,1784471800,smooth_adaptive_clusters,finish_first,r04,r04,True,lower,bypass,local,2,2,2.42247,-0.32593,-0.16968,0.20254,0.00044,533,533,20,133,0,0,0000,---,False,0.19963,-0.03419,0.20254,0.00044,2.90771,-0.40903,adaptive_split_to_bypass_target,w,"$1,0,0,0,0,0,0,0,0#",11000,11000,Set tank.c app_speed/duty level to the logged pwm before sending the move key/protocol command; e=stop.,2.7609,7.40254,0,0,0,1.32651,0.11864,9.2907,2.8487,-0.2633,9.1551,2.8685,2.8487,0.20466,10,0.0497,0,0,54.06015,20.26729,0.2649,0.2907,1,False,running
88434632b5,formation_7_smooth_bypass,49,9.8,1784471800,smooth_adaptive_clusters,finish_first,r05,r05,True,lower,bypass,local,2,2,2.75839,-0.15865,-0.39033,0.20254,-0.0,533,533,29,99,0,0,0000,---,False,0.18731,-0.07707,0.20254,-0.0,3.21442,-0.34628,adaptive_split_to_bypass_target,w,"$1,0,0,0,0,0,0,0,0#",11000,11000,Set tank.c app_speed/duty level to the logged pwm before sending the move key/protocol command; e=stop.,2.77489,7.41345,0,0,0,0.99059,0.09816,9.32786,2.8487,-0.2633,9.1551,2.8685,2.8487,0.20466,10,0.0497,0,0,54.06015,20.26729,0.2649,0.2907,1,False,running
88434632b5,formation_7_smooth_bypass,49,9.8,1784471800,smooth_adaptive_clusters,finish_first,r06,r06,True,lower,bypass,local,2,2,3.13024,-0.23295,-0.48935,0.20254,-0.0,533,533,40,62,0,0,0000,---,False,0.17877,-0.0952,0.20254,-0.0,3.56549,-0.46474,adaptive_split_to_bypass_target,w,"$1,0,0,0,0,0,0,0,0#",11000,11000,Set tank.c app_speed/duty level to the logged pwm before sending the move key/protocol command; e=stop.,2.81389,7.51856,0,0,0,0.61874,0.08682,9.33868,2.8487,-0.2633,9.1551,2.8685,2.8487,0.20466,10,0.0497,0,0,54.06015,20.26729,0.2649,0.2907,1,False,running
88434632b5,formation_7_smooth_bypass,49,9.8,1784471800,smooth_adaptive_clusters,finish_first,r07,r07,True,lower,bypass,local,2,2,2.50287,0.59109,0.01269,0.3116,-0.0,820,820,-20,127,0,0,0000,---,False,0.31157,0.00396,0.3116,-0.0,2.9648,0.59696,adaptive_split_to_bypass_target,w,"$1,0,0,0,0,0,0,0,0#",16000,16000,Set tank.c app_speed/duty level to the logged pwm before sending the move key/protocol command; e=stop.,2.99492,7.9726,0,0,0,1.26737,0.1266,9.00938,2.8487,-0.2633,9.1551,2.8685,2.8487,0.20466,10,0.0497,0,0,54.06015,20.26729,0.2649,0.2907,1,False,running
88434632b5,formation_7_smooth_bypass,50,10.0,1784472000,smooth_adaptive_clusters,finish_first,r01,r01,True,lower,bypass,local,2,3,3.11529,-0.73662,-0.27836,0.23987,-1.1,863,400,50,73,0,0,0000,---,False,0.22314,-0.29331,0.23987,-1.1,3.59256,-0.75402,adaptive_split_to_bypass_target,d,"$4,0,0,0,0,0,0,0,0#",17000,8000,Set tank.c app_speed/duty level to the logged pwm before sending the move key/protocol command; e=stop.,3.04299,8.1158,0,3,0,0.72807,0.0497,8.96883,2.89187,-0.27138,9.1122,2.9124,2.8919,0.21058,10,0.0497,0,0,54.93454,20.57994,0.2233,0.2892,1,False,running
88434632b5,formation_7_smooth_bypass,50,10.0,1784472000,smooth_adaptive_clusters,finish_first,r02,r02,True,lower,bypass,local,2,3,2.85038,-0.47856,-0.09677,0.20254,-0.00669,534,532,25,91,0,0,0000,---,False,0.20157,-0.01978,0.20254,-0.00669,3.33185,-0.52585,adaptive_split_to_bypass_target,w,"$1,0,0,0,0,0,0,0,0#",11000,11000,Set tank.c app_speed/duty level to the logged pwm before sending the move key/protocol command; e=stop.,2.97321,7.92384,0,0,0,0.90675,0.08731,9.04571,2.89187,-0.27138,9.1122,2.9124,2.8919,0.21058,10,0.0497,0,0,54.93454,20.57994,0.2233,0.2892,1,False,running
88434632b5,formation_7_smooth_bypass,50,10.0,1784472000,smooth_adaptive_clusters,finish_first,r03,r03,True,lower,bypass,local,3,3,3.30974,-0.52452,-0.09526,0.3116,0.0,820,820,36,47,0,0,0000,---,False,0.31019,-0.02964,0.3116,0.0,3.76962,-0.56846,adaptive_split_to_bypass_target,w,"$1,0,0,0,0,0,0,0,0#",16000,16000,Set tank.c app_speed/duty level to the logged pwm before sending the move key/protocol command; e=stop.,3.05728,8.13881,0,3,0,0.46625,0.0497,8.968,2.89187,-0.27138,9.1122,2.9124,2.8919,0.21058,10,0.0497,0,0,54.93454,20.57994,0.2233,0.2892,1,False,running
88434632b5,formation_7_smooth_bypass,50,10.0,1784472000,smooth_adaptive_clusters,finish_first,r04,r04,True,lower,bypass,local,2,3,2.46239,-0.33277,-0.16964,0.20254,0.00018,533,533,21,129,0,0,0000,---,False,0.19963,-0.03419,0.20254,0.00018,2.9482,-0.41597,adaptive_split_to_bypass_target,w,"$1,0,0,0,0,0,0,0,0#",11000,11000,Set tank.c app_speed/duty level to the logged pwm before sending the move key/protocol command; e=stop.,2.80141,7.50995,0,0,0,1.28659,0.11864,9.25118,2.89187,-0.27138,9.1122,2.9124,2.8919,0.21058,10,0.0497,0,0,54.93454,20.57994,0.2233,0.2892,1,False,running
88434632b5,formation_7_smooth_bypass,50,10.0,1784472000,smooth_adaptive_clusters,finish_first,r05,r05,True,lower,bypass,local,2,3,2.79585,-0.17406,-0.39033,0.20254,-0.0,533,533,29,95,0,0,0000,---,False,0.18731,-0.07707,0.20254,-0.0,3.25189,-0.36169,adaptive_split_to_bypass_target,w,"$1,0,0,0,0,0,0,0,0#",11000,11000,Set tank.c app_speed/duty level to the logged pwm before sending the move key/protocol command; e=stop.,2.8154,7.52086,0,0,0,0.95313,0.08731,9.29092,2.89187,-0.27138,9.1122,2.9124,2.8919,0.21058,10,0.0497,0,0,54.93454,20.57994,0.2233,0.2892,1,False,running
88434632b5,formation_7_smooth_bypass,50,10.0,1784472000,smooth_adaptive_clusters,finish_first,r06,r06,True,lower,bypass,local,2,3,3.14428,-0.245,-0.70935,0.09254,-1.1,475,12,54,60,0,0,0000,---,False,-0.14232,0.26069,0.09254,-1.1,3.60125,-0.48379,adaptive_split_to_bypass_target,d,"$4,0,0,0,0,0,0,0,0#",10000,4000,Set tank.c app_speed/duty level to the logged pwm before sending the move key/protocol command; e=stop.,2.8324,7.58743,0,0,0,0.6047,0.08682,9.32514,2.89187,-0.27138,9.1122,2.9124,2.8919,0.21058,10,0.0497,0,0,54.93454,20.57994,0.2233,0.2892,1,False,running
88434632b5,formation_7_smooth_bypass,50,10.0,1784472000,smooth_adaptive_clusters,finish_first,r07,r07,True,lower,bypass,local,2,3,2.56518,0.59189,0.01269,0.3116,-0.0,820,820,-21,121,0,0,0000,---,False,0.31157,0.00396,0.3116,-0.0,3.02711,0.59775,adaptive_split_to_bypass_target,w,"$1,0,0,0,0,0,0,0,0#",16000,16000,Set tank.c app_speed/duty level to the logged pwm before sending the move key/protocol command; e=stop.,3.05724,8.13784,0,0,0,1.2062,0.1266,8.94708,2.89187,-0.27138,9.1122,2.9124,2.8919,0.21058,10,0.0497,0,0,54.93454,20.57994,0.2233,0.2892,1,False,running
88434632b5,formation_7_smooth_bypass,51,10.2,1784472200,smooth_adaptive_clusters,finish_first,r01,r01,True,lower,bypass,local,2,3,3.16422,-0.77194,-0.6253,0.30174,-1.73468,1000,429,73,70,0,0,0000,---,False,0.23099,-0.28983,0.30174,-1.73468,3.64357,-0.76336,cached_adaptive_split,d,"$4,0,0,0,0,0,0,0,0#",20000,9000,Set tank.c app_speed/duty level to the logged pwm before sending the move key/protocol command; e=stop.,3.10334,8.2712,0,3,0,0.70271,0.0497,8.92085,2.93525,-0.28357,9.0692,2.9575,2.9353,0.21642,10,0.0497,0,0,55.84202,20.90723,0.2338,0.2878,1,False,running
88434632b5,formation_7_smooth_bypass,51,10.2,1784472200,smooth_adaptive_clusters,finish_first,r02,r02,True,lower,bypass,local,2,3,2.9124,-0.48464,-0.09773,0.3116,-0.00479,821,819,26,85,0,0,0000,---,False,0.31009,-0.03064,0.3116,-0.00479,3.37864,-0.53076,cached_adaptive_split,w,"$1,0,0,0,0,0,0,0,0#",16000,16000,Set tank.c app_speed/duty level to the logged pwm before sending the move key/protocol command; e=stop.,3.03553,8.09783,0,0,0,0.8461,0.08731,8.98392,2.93525,-0.28357,9.0692,2.9575,2.9353,0.21642,10,0.0497,0,0,55.84202,20.90723,0.2338,0.2878,1,False,running
88434632b5,formation_7_smooth_bypass,51,10.2,1784472200,smooth_adaptive_clusters,finish_first,r03,r03,True,lower,bypass,local,3,3,3.35007,-0.52838,-0.09526,0.20254,0.0,533,533,37,43,0,0,0000,---,False,0.20162,-0.01927,0.20254,0.0,3.83166,-0.57439,cached_adaptive_split,w,"$1,0,0,0,0,0,0,0,0#",11000,11000,Set tank.c app_speed/duty level to the logged pwm before sending the move key/protocol command; e=stop.,3.09779,8.25494,0,3,0,0.42921,0.0497,8.92785,2.93525,-0.28357,9.0692,2.9575,2.9353,0.21642,10,0.0497,0,0,55.84202,20.90723,0.2338,0.2878,1,False,running
88434632b5,formation_7_smooth_bypass,51,10.2,1784472200,smooth_adaptive_clusters,finish_first,r04,r04,True,lower,bypass,local,2,3,2.50232,-0.33961,-0.16963,0.20254,8e-05,533,533,21,125,0,0,0000,---,False,0.19963,-0.03419,0.20254,8e-05,2.9883,-0.42284,cached_adaptive_split,w,"$1,0,0,0,0,0,0,0,0#",11000,11000,Set tank.c app_speed/duty level to the logged pwm before sending the move key/protocol command; e=stop.,2.84192,7.61736,0,0,0,1.24666,0.11864,9.21166,2.93525,-0.28357,9.0692,2.9575,2.9353,0.21642,10,0.0497,0,0,55.84202,20.90723,0.2338,0.2878,1,False,running
88434632b5,formation_7_smooth_bypass,51,10.2,1784472200,smooth_adaptive_clusters,finish_first,r05,r05,True,lower,bypass,local,2,3,2.81602,-0.18236,-0.39033,0.10906,-0.0,287,287,30,93,0,0,0000,---,False,0.10086,-0.0415,0.10906,-0.0,3.28935,-0.37711,cached_adaptive_split,w,"$1,0,0,0,0,0,0,0,0#",6000,6000,Set tank.c app_speed/duty level to the logged pwm before sending the move key/protocol command; e=stop.,2.83721,7.58618,0,0,0,0.93296,0.08731,9.27105,2.93525,-0.28357,9.0692,2.9575,2.9353,0.21642,10,0.0497,0,0,55.84202,20.90723,0.2338,0.2878,1,False,running
88434632b5,formation_7_smooth_bypass,51,10.2,1784472200,smooth_adaptive_clusters,finish_first,r06,r06,True,lower,bypass,local,2,3,3.17423,-0.27071,-0.70935,0.19738,-0.0,519,519,55,57,0,0,0000,---,False,0.17936,-0.09408,0.19738,-0.0,3.62282,-0.49602,cached_adaptive_split,w,"$1,0,0,0,0,0,0,0,0#",10000,10000,Set tank.c app_speed/duty level to the logged pwm before sending the move key/protocol command; e=stop.,2.87188,7.71141,0,0,0,0.57475,0.08682,9.29632,2.93525,-0.28357,9.0692,2.9575,2.9353,0.21642,10,0.0497,0,0,55.84202,20.90723,0.2338,0.2878,1,False,running
88434632b5,formation_7_smooth_bypass,51,10.2,1784472200,smooth_adaptive_clusters,finish_first,r07,r07,True,lower,bypass,local,2,3,2.6275,0.59268,0.01269,0.3116,-0.0,820,820,-21,115,0,0,0000,---,False,0.31157,0.00396,0.3116,-0.0,3.08943,0.59854,cached_adaptive_split,w,"$1,0,0,0,0,0,0,0,0#",16000,16000,Set tank.c app_speed/duty level to the logged pwm before sending the move key/protocol command; e=stop.,3.11956,8.30309,0,0,0,1.14515,0.1266,8.88478,2.93525,-0.28357,9.0692,2.9575,2.9353,0.21642,10,0.0497,0,0,55.84202,20.90723,0.2338,0.2878,1,False,running
88434632b5,formation_7_smooth_bypass,52,10.4,1784472400,smooth_adaptive_clusters,finish_first,r01,r01,True,lower,bypass,local,2,3,3.21698,-0.82176,-0.75665,0.36284,-0.65678,1000,817,83,69,0,0,0000,---,False,0.24343,-0.28268,0.36284,-0.65678,3.69328,-0.78782,adaptive_split_to_bypass_target,d,"$4,0,0,0,0,0,0,0,0#",20000,16000,Set tank.c app_speed/duty level to the logged pwm before sending the move key/protocol command; e=stop.,3.1759,8.47002,0,3,0,0.68649,0.0497,8.86968,2.97623,-0.29671,9.0286,3.0005,2.9762,0.22622,10,0.0497,0,0,56.74296,21.22474,0.2268,0.2862,1,False,running
88434632b5,formation_7_smooth_bypass,52,10.4,1784472400,smooth_adaptive_clusters,finish_first,r02,r02,True,lower,bypass,local,2,3,2.95272,-0.48862,-0.09826,0.20254,-0.00265,534,532,27,81,0,0,0000,---,False,0.20155,-0.01995,0.20254,-0.00265,3.4361,-0.53649,adaptive_split_to_bypass_target,w,"$1,0,0,0,0,0,0,0,0#",11000,11000,Set tank.c app_speed/duty level to the logged pwm before sending the move key/protocol command; e=stop.,3.07604,8.21399,0,0,0,0.80679,0.08527,8.94376,2.97623,-0.29671,9.0286,3.0005,2.9762,0.22622,10,0.0497,0,0,56.74296,21.22474,0.2268,0.2862,1,False,running
88434632b5,formation_7_smooth_bypass,52,10.4,1784472400,smooth_adaptive_clusters,finish_first,r03,r03,True,lower,bypass,local,3,3,3.4121,-0.5343,-0.09526,0.3116,0.0,820,820,40,37,0,0,0000,---,False,0.31019,-0.02964,0.3116,0.0,3.87849,-0.57887,adaptive_split_to_bypass_target,w,"$1,0,0,0,0,0,0,0,0#",16000,16000,Set tank.c app_speed/duty level to the logged pwm before sending the move key/protocol command; e=stop.,3.16011,8.42891,0,3,0,0.37332,0.0497,8.86609,2.97623,-0.29671,9.0286,3.0005,2.9762,0.22622,10,0.0497,0,0,56.74296,21.22474,0.2268,0.2862,1,False,running
88434632b5,formation_7_smooth_bypass,52,10.4,1784472400,smooth_adaptive_clusters,finish_first,r04,r04,True,lower,bypass,local,2,3,2.52382,-0.34329,-0.16962,0.10906,3e-05,287,287,21,123,0,0,0000,---,False,0.10749,-0.01841,0.10906,3e-05,3.02828,-0.42969,adaptive_split_to_bypass_target,w,"$1,0,0,0,0,0,0,0,0#",6000,6000,Set tank.c app_speed/duty level to the logged pwm before sending the move key/protocol command; e=stop.,2.86373,7.68268,0,0,0,1.22516,0.11864,9.19038,2.97623,-0.29671,9.0286,3.0005,2.9762,0.22622,10,0.0497,0,0,56.74296,21.22474,0.2268,0.2862,1,False,running
88434632b5,formation_7_smooth_bypass,52,10.4,1784472400,smooth_adaptive_clusters,finish_first,r05,r05,True,lower,bypass,local,2,3,2.85348,-0.19777,-0.39033,0.20254,-0.0,533,533,31,90,0,0,0000,---,False,0.18731,-0.07707,0.20254,-0.0,3.31471,-0.38754,adaptive_split_to_bypass_target,w,"$1,0,0,0,0,0,0,0,0#",11000,11000,Set tank.c app_speed/duty level to the logged pwm before sending the move key/protocol command; e=stop.,2.87772,7.70107,0,0,0,0.8955,0.08527,9.23417,2.97623,-0.29671,9.0286,3.0005,2.9762,0.22622,10,0.0497,0,0,56.74296,21.22474,0.2268,0.2862,1,False,running
88434632b5,formation_7_smooth_bypass,52,10.4,1784472400,smooth_adaptive_clusters,finish_first,r06,r06,True,lower,bypass,local,2,3,3.18469,-0.28472,-0.92935,0.08738,-1.1,462,-2,69,56,0,0,0000,---,False,-0.02849,0.19082,0.08738,-1.1,3.65256,-0.51324,adaptive_split_to_bypass_target,d,"$0,2,0,0,0,0,0,0,0#",9000,-4000,Set tank.c app_speed/duty level to the logged pwm before sending the move key/protocol command; e=stop.,2.88935,7.77796,0,0,0,0.56429,0.08681,9.2865,2.97623,-0.29671,9.0286,3.0005,2.9762,0.22622,10,0.0497,0,0,56.74296,21.22474,0.2268,0.2862,1,False,running
88434632b5,formation_7_smooth_bypass,52,10.4,1784472400,smooth_adaptive_clusters,finish_first,r07,r07,True,lower,bypass,local,2,3,2.68981,0.59347,0.01269,0.3116,-0.0,820,820,-22,108,0,0,0000,---,False,0.31157,0.00396,0.3116,-0.0,3.15174,0.59933,adaptive_split_to_bypass_target,w,"$1,0,0,0,0,0,0,0,0#",16000,16000,Set tank.c app_speed/duty level to the logged pwm before sending the move key/protocol command; e=stop.,3.18188,8.46834,0,0,0,1.08423,0.1266,8.82248,2.97623,-0.29671,9.0286,3.0005,2.9762,0.22622,10,0.0497,0,0,56.74296,21.22474,0.2268,0.2862,1,False,running
88434632b5,formation_7_smooth_bypass,53,10.6,1784472600,smooth_adaptive_clusters,finish_first,r01,r01,True,lower,bypass,local,3,3,3.27,-0.87504,-0.78791,0.37583,-0.15629,1000,956,88,68,0,0,0000,---,False,0.25887,-0.27328,0.37583,-0.15629,3.74532,-0.82551,cached_adaptive_split,w,"$1,0,0,0,0,0,0,0,0#",20000,19000,Set tank.c app_speed/duty level to the logged pwm before sending the move key/protocol command; e=stop.,3.25107,8.67317,0,3,0,0.67877,0.0497,8.81869,3.01929,-0.31232,8.9861,3.0463,3.0193,0.23728,13,0.0412,0,0,57.70607,21.56685,0.2444,0.2848,1,False,running
88434632b5,formation_7_smooth_bypass,53,10.6,1784472600,smooth_adaptive_clusters,finish_first,r02,r02,True,lower,bypass,local,2,3,3.01473,-0.49475,-0.09852,0.3116,-0.00127,820,820,28,75,0,0,0000,---,False,0.31008,-0.03071,0.3116,-0.00127,3.48155,-0.54099,cached_adaptive_split,w,"$1,0,0,0,0,0,0,0,0#",16000,16000,Set tank.c app_speed/duty level to the logged pwm before sending the move key/protocol command; e=stop.,3.13836,8.38797,0,1,0,0.74655,0.04121,8.88199,3.01929,-0.31232,8.9861,3.0463,3.0193,0.23728,13,0.0412,0,0,57.70607,21.56685,0.2444,0.2848,1,False,running
88434632b5,formation_7_smooth_bypass,53,10.6,1784472600,smooth_adaptive_clusters,finish_first,r03,r03,True,lower,bypass,local,3,3,3.45243,-0.53816,-0.09526,0.20254,0.0,533,533,41,34,0,0,0000,---,False,0.20162,-0.01927,0.20254,0.0,3.93597,-0.58436,cached_adaptive_split,w,"$1,0,0,0,0,0,0,0,0#",11000,11000,Set tank.c app_speed/duty level to the logged pwm before sending the move key/protocol command; e=stop.,3.20062,8.54505,0,3,0,0.33789,0.0497,8.82595,3.01929,-0.31232,8.9861,3.0463,3.0193,0.23728,13,0.0412,0,0,57.70607,21.56685,0.2444,0.2848,1,False,running
88434632b5,formation_7_smooth_bypass,53,10.6,1784472600,smooth_adaptive_clusters,finish_first,r04,r04,True,lower,bypass,local,2,3,2.56375,-0.35013,-0.16962,0.20254,1e-05,533,533,22,119,0,0,0000,---,False,0.19963,-0.03419,0.20254,1e-05,3.05532,-0.43432,cached_adaptive_split,w,"$1,0,0,0,0,0,0,0,0#",11000,11000,Set tank.c app_speed/duty level to the logged pwm before sending the move key/protocol command; e=stop.,2.90424,7.79757,0,0,0,1.18524,0.11864,9.15087,3.01929,-0.31232,8.9861,3.0463,3.0193,0.23728,13,0.0412,0,0,57.70607,21.56685,0.2444,0.2848,1,False,running
88434632b5,formation_7_smooth_bypass,53,10.6,1784472600,smooth_adaptive_clusters,finish_first,r05,r05,True,lower,bypass,local,2,3,2.87365,-0.20607,-0.39033,0.10906,-0.0,287,287,31,88,0,0,0000,---,False,0.10086,-0.0415,0.10906,-0.0,3.34854,-0.40146,cached_adaptive_split,w,"$1,0,0,0,0,0,0,0,0#",6000,6000,Set tank.c app_speed/duty level to the logged pwm before sending the move key/protocol command; e=stop.,2.89953,7.76638,0,0,0,0.87533,0.08527,9.21432,3.01929,-0.31232,8.9861,3.0463,3.0193,0.23728,13,0.0412,0,0,57.70607,21.56685,0.2444,0.2848,1,False,running
88434632b5,formation_7_smooth_bypass,53,10.6,1784472600,smooth_adaptive_clusters,finish_first,r06,r06,True,lower,bypass,local,2,3,3.20831,-0.31634,-0.92935,0.19738,-0.0,519,519,71,54,0,0,0000,---,False,0.27952,-0.1377,0.19738,-0.0,3.67082,-0.52419,cached_adaptive_split,w,"$1,0,0,0,0,0,0,0,0#",10000,10000,Set tank.c app_speed/duty level to the logged pwm before sending the move key/protocol command; e=stop.,2.92883,7.90235,0,1,0,0.54067,0.04121,9.26441,3.01929,-0.31232,8.9861,3.0463,3.0193,0.23728,13,0.0412,0,0,57.70607,21.56685,0.2444,0.2848,1,False,running
88434632b5,formation_7_smooth_bypass,53,10.6,1784472600,smooth_adaptive_clusters,finish_first,r07,r07,True,lower,bypass,local,2,3,2.75213,0.59426,0.01269,0.3116,-0.0,820,820,-23,102,0,0,0000,---,False,0.31157,0.00396,0.3116,-0.0,3.21406,0.60012,cached_adaptive_split,w,"$1,0,0,0,0,0,0,0,0#",16000,16000,Set tank.c app_speed/duty level to the logged pwm before sending the move key/protocol command; e=stop.,3.2442,8.63358,0,0,0,1.02346,0.1266,8.76018,3.01929,-0.31232,8.9861,3.0463,3.0193,0.23728,13,0.0412,0,0,57.70607,21.56685,0.2444,0.2848,1,False,running
88434632b5,formation_7_smooth_bypass,54,10.8,1784472800,smooth_adaptive_clusters,finish_first,r01,r01,True,lower,member,local,3,3,3.31391,-0.90503,-0.59917,0.26583,0.94371,501,898,80,67,0,0,0000,---,False,0.31153,0.00657,0.26583,0.94371,3.79828,-0.8639,path_to_final_target,a,"$3,0,0,0,0,0,0,0,0#",10000,18000,Set tank.c app_speed/duty level to the logged pwm before sending the move key/protocol command; e=stop.,3.30424,8.83393,0,3,0,0.66762,0.0497,8.7761,3.05759,-0.32553,8.9483,3.0868,3.0576,0.24856,14,0.0168,0,0,58.58111,21.86281,0.2114,0.2831,1,False,running
88434632b5,formation_7_smooth_bypass,54,10.8,1784472800,smooth_adaptive_clusters,finish_first,r02,r02,True,lower,member,local,2,3,3.05305,-0.50739,-0.31877,0.20173,-1.10127,763,299,42,71,0,0,0000,---,False,0.1722,-0.30877,0.20173,-1.10127,3.5387,-0.54565,path_to_final_target,d,"$4,0,0,0,0,0,0,0,0#",15000,6000,Set tank.c app_speed/duty level to the logged pwm before sending the move key/protocol command; e=stop.,3.17871,8.51477,0,2,0,0.71114,0.01679,8.84415,3.05759,-0.32553,8.9483,3.0868,3.0576,0.24856,14,0.0168,0,0,58.58111,21.86281,0.2114,0.2831,1,False,running
88434632b5,formation_7_smooth_bypass,54,10.8,1784472800,smooth_adaptive_clusters,finish_first,r03,r03,True,lower,member,local,3,3,3.50283,-0.55459,-0.31526,0.26508,-1.1,929,466,57,30,0,0,0000,---,False,0.23824,-0.29354,0.26508,-1.1,3.98142,-0.58894,path_to_final_target,d,"$4,0,0,0,0,0,0,0,0#",19000,9000,Set tank.c app_speed/duty level to the logged pwm before sending the move key/protocol command; e=stop.,3.25364,8.70161,0,3,0,0.3006,0.0497,8.77626,3.05759,-0.32553,8.9483,3.0868,3.0576,0.24856,14,0.0168,0,0,58.58111,21.86281,0.2114,0.2831,1,False,running
88434632b5,formation_7_smooth_bypass,54,10.8,1784472800,smooth_adaptive_clusters,finish_first,r04,r04,True,lower,member,local,2,3,2.59255,-0.35536,-0.17954,0.14636,-0.04958,396,375,23,116,0,0,0000,---,False,0.14383,-0.02726,0.14636,-0.04958,3.09138,-0.4405,path_to_final_target; completion_unstuck,w,"$1,0,0,0,0,0,0,0,0#",8000,8000,Set tank.c app_speed/duty level to the logged pwm before sending the move key/protocol command; e=stop.,2.93351,7.88024,0,0,0,1.15644,0.11864,9.1224,3.05759,-0.32553,8.9483,3.0868,3.0576,0.24856,14,0.0168,0,0,58.58111,21.86281,0.2114,0.2831,1,False,running
88434632b5,formation_7_smooth_bypass,54,10.8,1784472800,smooth_adaptive_clusters,finish_first,r05,r05,True,lower,member,local,2,3,2.91111,-0.22148,-0.39033,0.20254,-0.0,533,533,32,84,0,0,0000,---,False,0.18731,-0.07707,0.20254,-0.0,3.37281,-0.41144,path_to_final_target,w,"$1,0,0,0,0,0,0,0,0#",11000,11000,Set tank.c app_speed/duty level to the logged pwm before sending the move key/protocol command; e=stop.,2.94004,7.88127,0,0,0,0.83787,0.08527,9.17748,3.05759,-0.32553,8.9483,3.0868,3.0576,0.24856,14,0.0168,0,0,58.58111,21.86281,0.2114,0.2831,1,False,running
88434632b5,formation_7_smooth_bypass,54,10.8,1784472800,smooth_adaptive_clusters,finish_first,r06,r06,True,lower,member,local,2,3,3.21546,-0.33229,-1.14935,0.08738,-1.1,462,-2,85,53,0,0,0000,---,False,-0.03871,0.18788,0.08738,-1.1,3.69755,-0.53971,path_to_final_target,d,"$0,2,0,0,0,0,0,0,0#",9000,-4000,Set tank.c app_speed/duty level to the logged pwm before sending the move key/protocol command; e=stop.,2.9463,7.9689,0,2,0,0.53352,0.01679,9.25808,3.05759,-0.32553,8.9483,3.0868,3.0576,0.24856,14,0.0168,0,0,58.58111,21.86281,0.2114,0.2831,1,False,running
88434632b5,formation_7_smooth_bypass,54,10.8,1784472800,smooth_adaptive_clusters,finish_first,r07,r07,True,lower,member,local,2,3,2.81422,0.59741,0.05075,0.31088,0.19029,778,858,-26,96,0,0,0000,---,False,0.31059,0.0251,0.31088,0.19029,3.27428,0.63646,path_to_final_target,w,"$1,0,0,0,0,0,0,0,0#",16000,17000,Set tank.c app_speed/duty level to the logged pwm before sending the move key/protocol command; e=stop.,3.30638,8.80039,0,0,0,0.96363,0.1266,8.69814,3.05759,-0.32553,8.9483,3.0868,3.0576,0.24856,14,0.0168,0,0,58.58111,21.86281,0.2114,0.2831,1,False,running
88434632b5,formation_7_smooth_bypass,55,11.0,1784473000,smooth_adaptive_clusters,finish_first,r01,r01,True,lower,member,local,3,3,3.34067,-0.92099,-0.53775,0.15583,0.30707,345,475,78,66,0,0,0000,---,False,-0.26213,0.13965,0.15583,0.30707,3.84491,-0.89445,path_to_final_target,a,"$3,0,0,0,0,0,0,0,0#",7000,10000,Set tank.c app_speed/duty level to the logged pwm before sending the move key/protocol command; e=stop.,3.3354,8.93172,0,3,0,0.66082,0.0497,8.75008,3.09744,-0.34188,8.9091,3.1299,3.0974,0.25836,16,0.0019,0,0,59.54054,22.18507,0.2302,0.2816,2,False,running
88434632b5,formation_7_smooth_bypass,55,11.0,1784473000,smooth_adaptive_clusters,finish_first,r02,r02,True,lower,member,local,2,3,3.07179,-0.52517,-0.75903,0.12917,-2.20127,803,-123,68,70,0,0,0000,---,False,0.03885,-0.29446,0.12917,-2.20127,3.58273,-0.55516,path_to_final_target,d,"$0,2,0,0,0,0,0,0,0#",16000,-4000,Set tank.c app_speed/duty level to the logged pwm before sending the move key/protocol command; e=stop.,3.20454,8.62469,0,3,0,0.69642,0.0019,8.82608,3.09744,-0.34188,8.9091,3.1299,3.0974,0.25836,16,0.0019,0,0,59.54054,22.18507,0.2302,0.2816,2,False,running
88434632b5,formation_7_smooth_bypass,55,11.0,1784473000,smooth_adaptive_clusters,finish_first,r03,r03,True,lower,member,local,3,3,3.56055,-0.57342,-0.31526,0.30354,0.0,799,799,60,26,0,0,0000,---,False,0.31041,-0.02716,0.30354,0.0,4.03044,-0.60075,path_to_final_target,w,"$1,0,0,0,0,0,0,0,0#",16000,16000,Set tank.c app_speed/duty level to the logged pwm before sending the move key/protocol command; e=stop.,3.31434,8.8767,0,3,0,0.2626,0.0497,8.7194,3.09744,-0.34188,8.9091,3.1299,3.0974,0.25836,16,0.0019,0,0,59.54054,22.18507,0.2302,0.2816,2,False,running
88434632b5,formation_7_smooth_bypass,55,11.0,1784473000,smooth_adaptive_clusters,finish_first,r04,r04,True,lower,member,local,2,3,2.63244,-0.36236,-0.1738,0.20253,0.02866,527,539,23,112,0,0,0000,---,False,0.19964,-0.03413,0.20253,0.02866,3.12238,-0.44592,path_to_final_target,w,"$1,0,0,0,0,0,0,0,0#",11000,11000,Set tank.c app_speed/duty level to the logged pwm before sending the move key/protocol command; e=stop.,2.97402,7.99293,0,0,0,1.1166,0.11864,9.08295,3.09744,-0.34188,8.9091,3.1299,3.0974,0.25836,16,0.0019,0,0,59.54054,22.18507,0.2302,0.2816,2,False,running
88434632b5,formation_7_smooth_bypass,55,11.0,1784473000,smooth_adaptive_clusters,finish_first,r05,r05,True,lower,member,local,2,3,2.96875,-0.2452,-0.39033,0.3116,-0.0,820,820,34,78,0,0,0000,---,False,0.28816,-0.11856,0.3116,-0.0,3.40631,-0.42523,path_to_final_target,w,"$1,0,0,0,0,0,0,0,0#",16000,16000,Set tank.c app_speed/duty level to the logged pwm before sending the move key/protocol command; e=stop.,3.00236,8.05524,0,0,0,0.78024,0.06823,9.12086,3.09744,-0.34188,8.9091,3.1299,3.0974,0.25836,16,0.0019,0,0,59.54054,22.18507,0.2302,0.2816,2,False,running
88434632b5,formation_7_smooth_bypass,55,11.0,1784473000,smooth_adaptive_clusters,finish_first,r06,r06,True,lower,member,local,2,3,3.23161,-0.36831,-1.14935,0.19738,-0.0,519,519,87,52,0,0,0000,---,False,0.28573,-0.1243,0.19738,-0.0,3.71352,-0.54896,path_to_final_target,w,"$1,0,0,0,0,0,0,0,0#",10000,10000,Set tank.c app_speed/duty level to the logged pwm before sending the move key/protocol command; e=stop.,2.98578,8.09329,0,3,0,0.51764,0.0019,9.24386,3.09744,-0.34188,8.9091,3.1299,3.0974,0.25836,16,0.0019,0,0,59.54054,22.18507,0.2302,0.2816,2,False,running
88434632b5,formation_7_smooth_bypass,55,11.0,1784473000,smooth_adaptive_clusters,finish_first,r07,r07,True,upper,member,local,2,3,2.87627,0.6023,0.07853,0.31122,0.1389,790,848,-29,90,0,0,0000,---,False,0.31003,0.03122,0.31122,0.1389,3.33577,0.64993,path_to_final_target,w,"$1,0,0,0,0,0,0,0,0#",16000,17000,Set tank.c app_speed/duty level to the logged pwm before sending the move key/protocol command; e=stop.,3.36862,8.96597,0,0,0,0.90455,0.1266,8.63617,3.09744,-0.34188,8.9091,3.1299,3.0974,0.25836,16,0.0019,0,0,59.54054,22.18507,0.2302,0.2816,2,False,running
88434632b5,formation_7_smooth_bypass,56,11.2,1784473200,smooth_adaptive_clusters,finish_first,r01,r01,True,lower,member,local,3,3,3.39204,-0.93445,-0.25634,0.26551,1.40707,402,995,64,64,0,0,0000,---,False,0.31157,0.00408,0.26551,1.40707,3.87764,-0.91397,cached_path_to_final_target,a,"$3,0,0,0,0,0,0,0,0#",8000,20000,Set tank.c app_speed/duty level to the logged pwm before sending the move key/protocol command; e=stop.,3.38851,9.09226,0,3,0,0.6377,0.0497,8.6994,3.14276,-0.36636,8.8648,3.1814,3.1428,0.27295,14,-0.0105,1,0,60.66623,22.57943,0.2817,0.2806,2,False,running
88434632b5,formation_7_smooth_bypass,56,11.2,1784473200,smooth_adaptive_clusters,finish_first,r02,r02,True,lower,member,local,2,3,3.09847,-0.56488,-0.97928,0.23917,-1.10127,861,398,83,68,0,0,0000,---,False,0.18424,-0.30509,0.23917,-1.10127,3.60919,-0.56911,cached_path_to_final_target,d,"$4,0,0,0,0,0,0,0,0#",17000,8000,Set tank.c app_speed/duty level to the logged pwm before sending the move key/protocol command; e=stop.,3.25238,8.77135,1,3,0,0.68025,-0.01048,8.80103,3.14276,-0.36636,8.8648,3.1814,3.1428,0.27295,14,-0.0105,1,0,60.66623,22.57943,0.2817,0.2806,2,False,running
88434632b5,formation_7_smooth_bypass,56,11.2,1784473200,smooth_adaptive_clusters,finish_first,r03,r03,True,lower,member,local,3,3,3.61818,-0.6076,-0.53526,0.33505,-1.1,1000,650,77,24,0,0,0000,---,False,0.26295,-0.27433,0.33505,-1.1,4.08566,-0.61621,cached_path_to_final_target,d,"$4,0,0,0,0,0,0,0,0#",20000,13000,Set tank.c app_speed/duty level to the logged pwm before sending the move key/protocol command; e=stop.,3.38135,9.05656,0,3,0,0.2423,0.0497,8.66341,3.14276,-0.36636,8.8648,3.1814,3.1428,0.27295,14,-0.0105,1,0,60.66623,22.57943,0.2817,0.2806,2,False,running
88434632b5,formation_7_smooth_bypass,56,11.2,1784473200,smooth_adaptive_clusters,finish_first,r04,r04,True,lower,member,local,2,3,2.69385,-0.37298,-0.17121,0.3116,0.01298,817,823,24,106,0,0,0000,---,False,0.30715,-0.05246,0.3116,0.01298,3.15961,-0.4524,cached_path_to_final_target,w,"$1,0,0,0,0,0,0,0,0#",16000,16000,Set tank.c app_speed/duty level to the logged pwm before sending the move key/protocol command; e=stop.,3.03634,8.16706,0,0,0,1.05536,0.1032,9.02223,3.14276,-0.36636,8.8648,3.1814,3.1428,0.27295,14,-0.0105,1,0,60.66623,22.57943,0.2817,0.2806,2,False,running
88434632b5,formation_7_smooth_bypass,56,11.2,1784473200,smooth_adaptive_clusters,finish_first,r05,r05,True,lower,member,local,2,3,3.00179,-0.26831,-0.61033,0.2016,-1.1,762,299,48,75,0,0,0000,---,False,-0.13765,0.26318,0.2016,-1.1,3.4567,-0.44596,cached_path_to_final_target,d,"$4,0,0,0,0,0,0,0,0#",15000,6000,Set tank.c app_speed/duty level to the logged pwm before sending the move key/protocol command; e=stop.,3.04268,8.18195,0,0,0,0.7472,0.06823,9.08886,3.14276,-0.36636,8.8648,3.1814,3.1428,0.27295,14,-0.0105,1,0,60.66623,22.57943,0.2817,0.2806,2,False,running
88434632b5,formation_7_smooth_bypass,56,11.2,1784473200,smooth_adaptive_clusters,finish_first,r06,r06,True,lower,member,local,3,3,3.25668,-0.42444,-1.15065,0.30738,-0.0065,810,808,90,50,0,0,0000,---,False,0.15419,-0.34608,0.30738,-0.0065,3.73623,-0.56082,cached_path_to_final_target,w,"$1,0,0,0,0,0,0,0,0#",16000,16000,Set tank.c app_speed/duty level to the logged pwm before sending the move key/protocol command; e=stop.,3.04725,8.26518,1,3,0,0.49687,-0.01048,9.2221,3.14276,-0.36636,8.8648,3.1814,3.1428,0.27295,14,-0.0105,1,0,60.66623,22.57943,0.2817,0.2806,2,False,running
88434632b5,formation_7_smooth_bypass,56,11.2,1784473200,smooth_adaptive_clusters,finish_first,r07,r07,True,upper,member,local,2,3,2.9383,0.60812,0.09371,0.31149,0.07588,804,836,-31,85,0,0,0000,---,False,0.30986,0.03285,0.31149,0.07588,3.39764,0.65757,cached_path_to_final_target,w,"$1,0,0,0,0,0,0,0,0#",16000,17000,Set tank.c app_speed/duty level to the logged pwm before sending the move key/protocol command; e=stop.,3.43092,9.13187,0,0,0,0.84615,0.1266,8.57424,3.14276,-0.36636,8.8648,3.1814,3.1428,0.27295,14,-0.0105,1,0,60.66623,22.57943,0.2817,0.2806,2,False,running
88434632b5,formation_7_smooth_bypass,57,11.4,1784473400,smooth_adaptive_clusters,finish_first,r01,r01,True,lower,member,local,3,3,3.42255,-0.94048,-0.19492,0.15551,0.30707,345,474,62,62,0,0,0000,---,False,-0.27027,0.12317,0.15551,0.30707,3.92342,-0.92855,cached_path_to_final_target,a,"$3,0,0,0,0,0,0,0,0#",7000,9000,Set tank.c app_speed/duty level to the logged pwm before sending the move key/protocol command; e=stop.,3.41961,9.19458,0,3,0,0.62384,0.0497,8.66922,3.17876,-0.38155,8.8295,3.2205,3.1788,0.2839,16,-0.0105,2,0,61.5415,22.87515,0.2112,0.2788,2,False,running
88434632b5,formation_7_smooth_bypass,57,11.4,1784473400,smooth_adaptive_clusters,finish_first,r02,r02,True,lower,member,local,2,3,3.11287,-0.58633,-0.97954,0.12917,-0.00127,340,340,84,67,0,0,0000,---,False,0.20216,-0.01244,0.12917,-0.00127,3.63607,-0.59795,cached_path_to_final_target,w,"$1,0,0,0,0,0,0,0,0#",7000,7000,Set tank.c app_speed/duty level to the logged pwm before sending the move key/protocol command; e=stop.,3.27821,8.85966,2,3,0,0.6726,-0.01048,8.78759,3.17876,-0.38155,8.8295,3.2205,3.1788,0.2839,16,-0.0105,2,0,61.5415,22.87515,0.2112,0.2788,2,False,running
88434632b5,formation_7_smooth_bypass,57,11.4,1784473400,smooth_adaptive_clusters,finish_first,r03,r03,True,lower,member,local,3,3,3.66598,-0.63594,-0.53526,0.27785,0.0,731,731,81,23,0,0,0000,---,False,0.31093,-0.0204,0.27785,0.0,4.14281,-0.64201,cached_path_to_final_target,w,"$1,0,0,0,0,0,0,0,0#",15000,15000,Set tank.c app_speed/duty level to the logged pwm before sending the move key/protocol command; e=stop.,3.43692,9.21945,0,3,0,0.23453,0.0497,8.6171,3.17876,-0.38155,8.8295,3.2205,3.1788,0.2839,16,-0.0105,2,0,61.5415,22.87515,0.2112,0.2788,2,False,running
88434632b5,formation_7_smooth_bypass,57,11.4,1784473400,smooth_adaptive_clusters,finish_first,r04,r04,True,lower,member,local,2,3,2.75527,-0.38353,-0.17002,0.3116,0.00593,819,821,25,99,0,0,0000,---,False,0.30716,-0.05244,0.3116,0.00593,3.21377,-0.46174,cached_path_to_final_target,w,"$1,0,0,0,0,0,0,0,0#",16000,16000,Set tank.c app_speed/duty level to the logged pwm before sending the move key/protocol command; e=stop.,3.09866,8.33237,0,0,0,0.99422,0.0555,8.96152,3.17876,-0.38155,8.8295,3.2205,3.1788,0.2839,16,-0.0105,2,0,61.5415,22.87515,0.2112,0.2788,2,False,running
88434632b5,formation_7_smooth_bypass,57,11.4,1784473400,smooth_adaptive_clusters,finish_first,r05,r05,True,lower,member,local,2,3,3.01367,-0.28225,-0.86505,0.0916,-1.27357,509,-27,63,74,0,0,0000,---,False,-0.14386,0.25985,0.0916,-1.27357,3.49647,-0.46461,cached_path_to_final_target,d,"$0,2,0,0,0,0,0,0,0#",10000,-4000,Set tank.c app_speed/duty level to the logged pwm before sending the move key/protocol command; e=stop.,3.061,8.24645,0,0,0,0.73531,0.0555,9.07763,3.17876,-0.38155,8.8295,3.2205,3.1788,0.2839,16,-0.0105,2,0,61.5415,22.87515,0.2112,0.2788,2,False,running
88434632b5,formation_7_smooth_bypass,57,11.4,1784473400,smooth_adaptive_clusters,finish_first,r06,r06,True,lower,member,local,3,3,3.28069,-0.45677,-0.93195,0.20133,1.0935,300,760,80,48,0,0,0000,---,False,0.29926,-0.08682,0.20133,1.0935,3.77061,-0.57353,cached_path_to_final_target,a,"$3,0,0,0,0,0,0,0,0#",6000,15000,Set tank.c app_speed/duty level to the logged pwm before sending the move key/protocol command; e=stop.,3.08752,8.39147,2,3,0,0.47805,-0.01048,9.20018,3.17876,-0.38155,8.8295,3.2205,3.1788,0.2839,16,-0.0105,2,0,61.5415,22.87515,0.2112,0.2788,2,False,running
88434632b5,formation_7_smooth_bypass,57,11.4,1784473400,smooth_adaptive_clusters,finish_first,r07,r07,True,upper,member,local,2,3,3.00029,0.61441,0.10106,0.31157,0.03677,812,828,-33,79,0,0,0000,---,False,0.30982,0.03323,0.31157,0.03677,3.45961,0.66403,cached_path_to_final_target,w,"$1,0,0,0,0,0,0,0,0#",16000,17000,Set tank.c app_speed/duty level to the logged pwm before sending the move key/protocol command; e=stop.,3.49324,9.29752,0,0,0,0.78843,0.1266,8.51236,3.17876,-0.38155,8.8295,3.2205,3.1788,0.2839,16,-0.0105,2,0,61.5415,22.87515,0.2112,0.2788,2,False,running
88434632b5,formation_7_smooth_bypass,58,11.6,1784473600,smooth_adaptive_clusters,finish_first,r01,r01,True,lower,member,local,3,3,3.47548,-0.94483,-0.08195,0.26551,0.56489,580,818,57,60,0,0,0000,---,False,0.31159,0.00213,0.26551,0.56489,3.95851,-0.93682,path_to_final_target,a,"$3,0,0,0,0,0,0,0,0#",12000,16000,Set tank.c app_speed/duty level to the logged pwm before sending the move key/protocol command; e=stop.,3.47271,9.34682,0,3,0,0.59727,0.0497,8.61657,3.21881,-0.39707,8.7902,3.2635,3.2188,0.30145,15,-0.0105,2,0,62.48333,23.20401,0.2349,0.2775,2,False,running
88434632b5,formation_7_smooth_bypass,58,11.6,1784473600,smooth_adaptive_clusters,finish_first,r02,r02,True,lower,member,local,2,3,3.13958,-0.62601,-0.97834,0.23917,0.00596,628,631,87,66,0,0,0000,---,False,0.20167,-0.299,0.23917,0.00596,3.65441,-0.61912,path_to_final_target,w,"$1,0,0,0,0,0,0,0,0#",13000,13000,Set tank.c app_speed/duty level to the logged pwm before sending the move key/protocol command; e=stop.,3.32604,8.99539,2,4,0,0.66047,-0.01048,8.7628,3.21881,-0.39707,8.7902,3.2635,3.2188,0.30145,15,-0.0105,2,0,62.48333,23.20401,0.2349,0.2775,2,False,running
88434632b5,formation_7_smooth_bypass,58,11.6,1784473600,smooth_adaptive_clusters,finish_first,r03,r03,True,lower,member,local,3,3,3.72674,-0.6799,-0.62634,0.37499,-0.45539,1000,891,91,24,0,0,0000,---,False,0.29115,-0.24419,0.37499,-0.45539,4.19367,-0.66637,path_to_final_target,d,"$4,0,0,0,0,0,0,0,0#",20000,18000,Set tank.c app_speed/duty level to the logged pwm before sending the move key/protocol command; e=stop.,3.51192,9.42238,0,3,0,0.23453,0.0497,8.55883,3.21881,-0.39707,8.7902,3.2635,3.2188,0.30145,15,-0.0105,2,0,62.48333,23.20401,0.2349,0.2775,2,False,running
88434632b5,formation_7_smooth_bypass,58,11.6,1784473600,smooth_adaptive_clusters,finish_first,r04,r04,True,lower,member,local,2,3,2.79502,-0.39033,-0.16949,0.2016,0.00265,530,531,25,95,0,0,0000,---,False,0.1075,-0.01835,0.2016,0.00265,3.27302,-0.47191,path_to_final_target,w,"$1,0,0,0,0,0,0,0,0#",11000,11000,Set tank.c app_speed/duty level to the logged pwm before sending the move key/protocol command; e=stop.,3.13898,8.44811,0,1,0,0.95473,0.02138,8.92225,3.21881,-0.39707,8.7902,3.2635,3.2188,0.30145,15,-0.0105,2,0,62.48333,23.20401,0.2349,0.2775,2,False,running
88434632b5,formation_7_smooth_bypass,58,11.6,1784473600,smooth_adaptive_clusters,finish_first,r05,r05,True,lower,member,local,2,3,3.01159,-0.27921,-0.96968,-0.0184,-0.52317,62,-159,69,74,0,0,0000,---,False,-0.1473,0.25791,-0.0184,-0.52317,3.51819,-0.47623,path_to_final_target,d,"$0,2,0,0,0,0,0,0,0#",4000,-4000,Set tank.c app_speed/duty level to the logged pwm before sending the move key/protocol command; e=stop.,3.06468,8.28493,0,1,0,0.73531,0.02138,9.07957,3.21881,-0.39707,8.7902,3.2635,3.2188,0.30145,15,-0.0105,2,0,62.48333,23.20401,0.2349,0.2775,2,False,running
88434632b5,formation_7_smooth_bypass,58,11.6,1784473600,smooth_adaptive_clusters,finish_first,r06,r06,True,upper,member,local,3,3,3.32101,-0.48014,-0.52534,0.233,2.03308,185,1000,59,44,0,0,0000,---,False,0.30502,-0.06369,0.233,2.03308,3.80607,-0.56647,path_to_final_target,a,"$3,0,0,0,0,0,0,0,0#",4000,20000,Set tank.c app_speed/duty level to the logged pwm before sending the move key/protocol command; e=stop.,3.13412,8.52283,2,4,0,0.44346,-0.01048,9.1615,3.21881,-0.39707,8.7902,3.2635,3.2188,0.30145,15,-0.0105,2,0,62.48333,23.20401,0.2349,0.2775,2,False,running
88434632b5,formation_7_smooth_bypass,58,11.6,1784473600,smooth_adaptive_clusters,finish_first,r07,r07,True,upper,member,local,2,3,3.06227,0.62091,0.10439,0.31159,0.01667,816,823,-35,73,0,0,0000,---,False,0.30982,0.03328,0.31159,0.01667,3.52159,0.67041,path_to_final_target,w,"$1,0,0,0,0,0,0,0,0#",16000,16000,Set tank.c app_speed/duty level to the logged pwm before sending the move key/protocol command; e=stop.,3.55555,9.46286,0,0,0,0.73145,0.1266,8.4505,3.21881,-0.39707,8.7902,3.2635,3.2188,0.30145,15,-0.0105,2,0,62.48333,23.20401,0.2349,0.2775,2,False,running
88434632b5,formation_7_smooth_bypass,59,11.8,1784473800,smooth_adaptive_clusters,finish_first,r01,r01,True,lower,member,local,3,3,3.51581,-0.94616,-0.0332,0.20177,0.24373,480,582,56,58,0,0,0000,---,False,0.20254,0.00103,0.20177,0.24373,4.00609,-0.94212,cached_path_to_final_target,a,"$3,0,0,0,0,0,0,0,0#",10000,12000,Set tank.c app_speed/duty level to the logged pwm before sending the move key/protocol command; e=stop.,3.51307,9.46214,0,3,0,0.57737,0.0497,8.57636,3.25701,-0.4119,8.7527,3.3044,3.257,0.31401,16,-0.0231,3,0,63.41253,23.52083,0.2263,0.276,2,False,running
88434632b5,formation_7_smooth_bypass,59,11.8,1784473800,smooth_adaptive_clusters,finish_first,r02,r02,True,lower,member,local,2,3,3.16133,-0.67752,-1.17126,0.27956,-0.96459,939,533,100,66,0,0,0000,---,False,0.07289,-0.28792,0.27956,-0.96459,3.67884,-0.65012,cached_path_to_final_target,d,"$4,0,0,0,0,0,0,0,0#",19000,11000,Set tank.c app_speed/duty level to the logged pwm before sending the move key/protocol command; e=stop.,3.38196,9.15665,2,5,0,0.66047,-0.01048,8.74381,3.25701,-0.4119,8.7527,3.3044,3.257,0.31401,16,-0.0231,3,0,63.41253,23.52083,0.2263,0.276,2,False,running
88434632b5,formation_7_smooth_bypass,59,11.8,1784473800,smooth_adaptive_clusters,finish_first,r03,r03,True,lower,member,local,3,3,3.77332,-0.70519,-0.49742,0.26499,0.64461,562,833,87,25,0,0,0000,---,False,0.31136,-0.01233,0.26499,0.64461,4.25172,-0.70069,cached_path_to_final_target,a,"$3,0,0,0,0,0,0,0,0#",11000,17000,Set tank.c app_speed/duty level to the logged pwm before sending the move key/protocol command; e=stop.,3.56492,9.58274,0,3,0,0.23453,0.0497,8.51383,3.25701,-0.4119,8.7527,3.3044,3.257,0.31401,16,-0.0231,3,0,63.41253,23.52083,0.2263,0.276,2,False,running
88434632b5,formation_7_smooth_bypass,59,11.8,1784473800,smooth_adaptive_clusters,finish_first,r04,r04,True,lower,member,local,2,3,2.85644,-0.40082,-0.16926,0.3116,0.00114,820,820,26,89,0,0,0000,---,False,0.30716,-0.05244,0.3116,0.00114,3.31862,-0.47971,cached_path_to_final_target,w,"$1,0,0,0,0,0,0,0,0#",16000,16000,Set tank.c app_speed/duty level to the logged pwm before sending the move key/protocol command; e=stop.,3.2013,8.62217,1,1,0,0.89382,-0.02312,8.86157,3.25701,-0.4119,8.7527,3.3044,3.257,0.31401,16,-0.0231,3,0,63.41253,23.52083,0.2263,0.276,2,False,running
88434632b5,formation_7_smooth_bypass,59,11.8,1784473800,smooth_adaptive_clusters,finish_first,r05,r05,True,lower,member,local,2,3,3.02362,-0.29303,-0.85431,0.0916,0.57683,120,362,63,73,0,0,0000,---,False,0.29033,-0.11316,0.0916,0.57683,3.52289,-0.4785,cached_path_to_final_target,a,"$3,0,0,0,0,0,0,0,0#",4000,7000,Set tank.c app_speed/duty level to the logged pwm before sending the move key/protocol command; e=stop.,3.083,8.35329,1,1,0,0.72536,-0.02312,9.0682,3.25701,-0.4119,8.7527,3.3044,3.257,0.31401,16,-0.0231,3,0,63.41253,23.52083,0.2263,0.276,2,False,running
88434632b5,formation_7_smooth_bypass,59,11.8,1784473800,smooth_adaptive_clusters,finish_first,r06,r06,True,upper,member,local,3,3,3.34431,-0.48804,-0.32693,0.123,0.99203,115,533,48,42,0,0,0000,---,False,0.10747,-0.01856,0.123,0.99203,3.84673,-0.57094,cached_path_to_final_target,a,"$3,0,0,0,0,0,0,0,0#",4000,11000,Set tank.c app_speed/duty level to the logged pwm before sending the move key/protocol command; e=stop.,3.15872,8.60734,2,5,0,0.42283,-0.01048,9.1388,3.25701,-0.4119,8.7527,3.3044,3.257,0.31401,16,-0.0231,3,0,63.41253,23.52083,0.2263,0.276,2,False,running
88434632b5,formation_7_smooth_bypass,59,11.8,1784473800,smooth_adaptive_clusters,finish_first,r07,r07,True,upper,member,local,2,3,3.12424,0.62749,0.10584,0.3116,0.00724,818,822,-36,68,0,0,0000,---,False,0.30982,0.03327,0.3116,0.00724,3.58357,0.67689,cached_path_to_final_target,w,"$1,0,0,0,0,0,0,0,0#",16000,16000,Set tank.c app_speed/duty level to the logged pwm before sending the move key/protocol command; e=stop.,3.61787,9.62821,0,0,0,0.67533,0.1266,8.38866,3.25701,-0.4119,8.7527,3.3044,3.257,0.31401,16,-0.0231,3,0,63.41253,23.52083,0.2263,0.276,2,False,running
88434632b5,formation_7_smooth_bypass,60,12.0,1784474000,smooth_adaptive_clusters,finish_first,r01,r01,True,lower,member,local,3,3,3.57808,-0.94697,-0.01294,0.3114,0.10132,798,841,57,55,0,0,0000,---,False,0.3116,0.00093,0.3114,0.10132,4.04859,-0.94457,cached_path_to_final_target,w,"$1,0,0,0,0,0,0,0,0#",16000,17000,Set tank.c app_speed/duty level to the logged pwm before sending the move key/protocol command; e=stop.,3.57535,9.63748,0,3,0,0.54917,0.0497,8.5142,3.29717,-0.42308,8.7131,3.3461,3.2972,0.33025,17,-0.0499,4,0,64.36872,23.85102,0.2358,0.2748,2,False,running
88434632b5,formation_7_smooth_bypass,60,12.0,1784474000,smooth_adaptive_clusters,finish_first,r02,r02,True,lower,member,local,2,3,3.181,-0.7332,-1.23112,0.29531,-0.29926,840,714,106,67,0,0,0000,---,False,0.08569,-0.28438,0.29531,-0.29926,3.70165,-0.69129,cached_path_to_final_target,d,"$4,0,0,0,0,0,0,0,0#",17000,14000,Set tank.c app_speed/duty level to the logged pwm before sending the move key/protocol command; e=stop.,3.44102,9.32114,2,5,0,0.66047,-0.01048,8.72747,3.29717,-0.42308,8.7131,3.3461,3.2972,0.33025,17,-0.0499,4,0,64.36872,23.85102,0.2358,0.2748,2,False,running
88434632b5,formation_7_smooth_bypass,60,12.0,1784474000,smooth_adaptive_clusters,finish_first,r03,r03,True,lower,member,local,3,3,3.82762,-0.71856,-0.24146,0.27962,1.27976,466,1000,76,26,0,0,0000,---,False,0.31135,-0.01257,0.27962,1.27976,4.30187,-0.72653,cached_path_to_final_target,a,"$3,0,0,0,0,0,0,0,0#",9000,20000,Set tank.c app_speed/duty level to the logged pwm before sending the move key/protocol command; e=stop.,3.62084,9.73798,0,3,0,0.23453,0.0497,8.46046,3.29717,-0.42308,8.7131,3.3461,3.2972,0.33025,17,-0.0499,4,0,64.36872,23.85102,0.2358,0.2748,2,False,running
88434632b5,formation_7_smooth_bypass,60,12.0,1784474000,smooth_adaptive_clusters,finish_first,r04,r04,True,lower,member,local,2,3,2.89612,-0.40801,-0.17905,0.2016,-0.04893,541,520,28,85,0,0,0000,---,False,0.14384,-0.02718,0.2016,-0.04893,3.3753,-0.4894,cached_path_to_final_target; completion_unstuck,w,"$1,0,0,0,0,0,0,0,0#",11000,10000,Set tank.c app_speed/duty level to the logged pwm before sending the move key/protocol command; e=stop.,3.24162,8.73838,2,1,0,0.85461,-0.04987,8.82241,3.29717,-0.42308,8.7131,3.3461,3.2972,0.33025,17,-0.0499,4,0,64.36872,23.85102,0.2358,0.2748,2,False,running
88434632b5,formation_7_smooth_bypass,60,12.0,1784474000,smooth_adaptive_clusters,finish_first,r05,r05,True,lower,member,local,2,3,3.02151,-0.29002,-0.95895,-0.0184,-0.52317,62,-159,69,73,0,0,0000,---,False,-0.15001,0.25634,-0.0184,-0.52317,3.53418,-0.48506,cached_path_to_final_target,d,"$0,2,0,0,0,0,0,0,0#",4000,-4000,Set tank.c app_speed/duty level to the logged pwm before sending the move key/protocol command; e=stop.,3.08668,8.39527,2,1,0,0.72536,-0.04987,9.07017,3.29717,-0.42308,8.7131,3.3461,3.2972,0.33025,17,-0.0499,4,0,64.36872,23.85102,0.2358,0.2748,2,False,running
88434632b5,formation_7_smooth_bypass,60,12.0,1784474000,smooth_adaptive_clusters,finish_first,r06,r06,True,upper,member,local,3,3,3.38963,-0.49888,-0.2349,0.233,0.46014,516,710,45,38,0,0,0000,---,False,0.30749,-0.05044,0.233,0.46014,3.87567,-0.5752,cached_path_to_final_target,a,"$3,0,0,0,0,0,0,0,0#",10000,14000,Set tank.c app_speed/duty level to the logged pwm before sending the move key/protocol command; e=stop.,3.20532,8.74499,2,5,0,0.38235,-0.01048,9.09434,3.29717,-0.42308,8.7131,3.3461,3.2972,0.33025,17,-0.0499,4,0,64.36872,23.85102,0.2358,0.2748,2,False,running
88434632b5,formation_7_smooth_bypass,60,12.0,1784474000,smooth_adaptive_clusters,finish_first,r07,r07,True,upper,member,local,2,3,3.18621,0.63411,0.10645,0.3116,0.00305,819,821,-38,62,0,0,0000,---,False,0.30982,0.03326,0.3116,0.00305,3.64554,0.68345,cached_path_to_final_target,w,"$1,0,0,0,0,0,0,0,0#",16000,16000,Set tank.c app_speed/duty level to the logged pwm before sending the move key/protocol command; e=stop.,3.68019,9.79349,0,0,0,0.62022,0.1266,8.32683,3.29717,-0.42308,8.7131,3.3461,3.2972,0.33025,17,-0.0499,4,0,64.36872,23.85102,0.2358,0.2748,2,False,running
88434632b5,formation_7_smooth_bypass,61,12.2,1784474200,smooth_adaptive_clusters,finish_first,r01,r01,True,lower,member,local,3,3,3.61859,-0.94715,-0.00449,0.20252,0.04225,524,542,59,53,0,0,0000,---,False,0.20254,0.00044,0.20252,0.04225,4.10494,-0.94584,path_to_final_target,w,"$1,0,0,0,0,0,0,0,0#",10000,11000,Set tank.c app_speed/duty level to the logged pwm before sending the move key/protocol command; e=stop.,3.61585,9.75419,0,3,0,0.53309,0.0497,8.47376,3.3306,-0.43005,8.6801,3.3803,3.3306,0.35106,18,-0.0596,5,0,65.24186,24.16346,0.2232,0.273,2,False,running
88434632b5,formation_7_smooth_bypass,61,12.2,1784474200,smooth_adaptive_clusters,finish_first,r02,r02,True,lower,member,local,2,3,3.20076,-0.78923,-1.23184,0.29701,-0.00362,782,781,109,68,0,0,0000,---,False,0.0986,-0.28017,0.29701,-0.00362,3.72254,-0.73715,path_to_final_target,w,"$1,0,0,0,0,0,0,0,0#",16000,16000,Set tank.c app_speed/duty level to the logged pwm before sending the move key/protocol command; e=stop.,3.50042,9.48172,2,5,0,0.66047,-0.01048,8.71144,3.3306,-0.43005,8.6801,3.3803,3.3306,0.35106,18,-0.0596,5,0,65.24186,24.16346,0.2232,0.273,2,False,running
88434632b5,formation_7_smooth_bypass,61,12.2,1784474200,smooth_adaptive_clusters,finish_first,r03,r03,True,lower,member,local,3,3,3.88821,-0.72655,-0.13112,0.30557,0.55172,688,920,74,27,0,0,0000,---,False,0.31129,-0.01384,0.30557,0.55172,4.35502,-0.74201,path_to_final_target,a,"$3,0,0,0,0,0,0,0,0#",14000,18000,Set tank.c app_speed/duty level to the logged pwm before sending the move key/protocol command; e=stop.,3.68195,9.90936,0,3,0,0.23453,0.0497,8.4005,3.3306,-0.43005,8.6801,3.3803,3.3306,0.35106,18,-0.0596,5,0,65.24186,24.16346,0.2232,0.273,2,False,running
88434632b5,formation_7_smooth_bypass,61,12.2,1784474200,smooth_adaptive_clusters,finish_first,r04,r04,True,lower,member,local,2,3,2.93602,-0.41499,-0.17318,0.20253,0.02933,527,539,28,82,0,0,0000,---,False,0.19967,-0.03398,0.20253,0.02933,3.4201,-0.49718,path_to_final_target,w,"$1,0,0,0,0,0,0,0,0#",11000,11000,Set tank.c app_speed/duty level to the logged pwm before sending the move key/protocol command; e=stop.,3.28212,8.84665,3,1,0,0.81524,-0.05963,8.78303,3.3306,-0.43005,8.6801,3.3803,3.3306,0.35106,18,-0.0596,5,0,65.24186,24.16346,0.2232,0.273,2,False,running
88434632b5,formation_7_smooth_bypass,61,12.2,1784474200,smooth_adaptive_clusters,finish_first,r05,r05,True,lower,member,local,2,3,3.00867,-0.26974,-1.00667,-0.12,-0.23863,-266,-366,70,74,0,0,0000,---,False,-0.14928,0.25677,-0.12,-0.23863,3.53574,-0.48584,path_to_final_target,d,"$4,0,0,0,0,0,0,0,0#",-5000,-7000,Set tank.c app_speed/duty level to the logged pwm before sending the move key/protocol command; e=stop.,3.11068,8.46992,3,1,0,0.72536,-0.05963,9.08205,3.3306,-0.43005,8.6801,3.3803,3.3306,0.35106,18,-0.0596,5,0,65.24186,24.16346,0.2232,0.273,2,False,running
88434632b5,formation_7_smooth_bypass,61,12.2,1784474200,smooth_adaptive_clusters,finish_first,r06,r06,True,upper,member,local,3,3,3.4138,-0.50345,-0.18663,0.123,0.24139,273,375,43,36,0,0,0000,---,False,0.10786,-0.01616,0.123,0.24139,3.91677,-0.57785,path_to_final_target,a,"$3,0,0,0,0,0,0,0,0#",5000,8000,Set tank.c app_speed/duty level to the logged pwm before sending the move key/protocol command; e=stop.,3.22992,8.82127,2,5,0,0.36083,-0.01048,9.07055,3.3306,-0.43005,8.6801,3.3803,3.3306,0.35106,18,-0.0596,5,0,65.24186,24.16346,0.2232,0.273,2,False,running
88434632b5,formation_7_smooth_bypass,61,12.2,1784474200,smooth_adaptive_clusters,finish_first,r07,r07,True,upper,member,local,2,3,3.24818,0.64075,0.1067,0.3116,0.00126,820,820,-40,57,0,0,0000,---,False,0.30982,0.03325,0.3116,0.00126,3.70751,0.69005,path_to_final_target,w,"$1,0,0,0,0,0,0,0,0#",16000,16000,Set tank.c app_speed/duty level to the logged pwm before sending the move key/protocol command; e=stop.,3.74251,9.95876,0,0,0,0.56638,0.1266,8.26501,3.3306,-0.43005,8.6801,3.3803,3.3306,0.35106,18,-0.0596,5,0,65.24186,24.16346,0.2232,0.273,2,False,running
88434632b5,formation_7_smooth_bypass,62,12.4,1784474400,smooth_adaptive_clusters,finish_first,r01,r01,True,lower,member,local,3,3,3.68091,-0.94722,-0.00111,0.31159,0.01689,816,824,61,51,0,0,0000,---,False,0.3116,0.00048,0.31159,0.01689,4.15019,-0.94633,cached_path_to_final_target,w,"$1,0,0,0,0,0,0,0,0#",16000,16000,Set tank.c app_speed/duty level to the logged pwm before sending the move key/protocol command; e=stop.,3.67817,9.92841,0,3,0,0.51248,0.0497,8.41152,3.36897,-0.43471,8.642,3.4189,3.369,0.37597,20,-0.0596,6,0,66.16236,24.48912,0.2326,0.2717,2,False,running
88434632b5,formation_7_smooth_bypass,62,12.4,1784474400,smooth_adaptive_clusters,finish_first,r02,r02,True,lower,member,local,2,3,3.22057,-0.82095,-1.01256,0.18701,1.09638,261,723,98,68,0,0,0000,---,False,0.31159,0.00204,0.18701,1.09638,3.7428,-0.78568,cached_path_to_final_target,a,"$3,0,0,0,0,0,0,0,0#",5000,14000,Set tank.c app_speed/duty level to the logged pwm before sending the move key/protocol command; e=stop.,3.53782,9.60067,2,5,0,0.66047,-0.01048,8.69393,3.36897,-0.43471,8.642,3.4189,3.369,0.37597,20,-0.0596,6,0,66.16236,24.48912,0.2326,0.2717,2,False,running
88434632b5,formation_7_smooth_bypass,62,12.4,1784474400,smooth_adaptive_clusters,finish_first,r03,r03,True,lower,member,local,3,3,3.95736,-0.74353,-0.24078,0.35603,-0.54828,1000,822,86,28,0,0,0000,---,False,0.33561,-0.17822,0.35603,-0.54828,4.4134,-0.75179,cached_path_to_final_target,d,"$4,0,0,0,0,0,0,0,0#",20000,16000,Set tank.c app_speed/duty level to the logged pwm before sending the move key/protocol command; e=stop.,3.75316,10.10802,0,3,0,0.23453,0.0497,8.33261,3.36897,-0.43471,8.642,3.4189,3.369,0.37597,20,-0.0596,6,0,66.16236,24.48912,0.2326,0.2717,2,False,running
88434632b5,formation_7_smooth_bypass,62,12.4,1784474400,smooth_adaptive_clusters,finish_first,r04,r04,True,lower,member,local,2,3,2.95752,-0.41869,-0.17052,0.10906,0.01333,284,290,28,79,0,0,0000,---,False,0.10752,-0.01828,0.10906,0.01333,3.46148,-0.50433,cached_path_to_final_target,w,"$1,0,0,0,0,0,0,0,0#",6000,6000,Set tank.c app_speed/duty level to the logged pwm before sending the move key/protocol command; e=stop.,3.30394,8.91212,4,1,0,0.79408,-0.05963,8.76181,3.36897,-0.43471,8.642,3.4189,3.369,0.37597,20,-0.0596,6,0,66.16236,24.48912,0.2326,0.2717,2,False,running
88434632b5,formation_7_smooth_bypass,62,12.4,1784474400,smooth_adaptive_clusters,finish_first,r05,r05,True,lower,member,local,2,3,2.99648,-0.24906,-1.03811,-0.12,-0.15717,-283,-349,71,75,0,0,0000,---,False,-0.14447,0.2595,-0.12,-0.15717,3.52479,-0.4781,cached_path_to_final_target,s,"$2,0,0,0,0,0,0,0,0#",-6000,-7000,Set tank.c app_speed/duty level to the logged pwm before sending the move key/protocol command; e=stop.,3.13468,8.53442,4,1,0,0.72536,-0.05963,9.09332,3.36897,-0.43471,8.642,3.4189,3.369,0.37597,20,-0.0596,6,0,66.16236,24.48912,0.2326,0.2717,2,False,running
88434632b5,formation_7_smooth_bypass,62,12.4,1784474400,smooth_adaptive_clusters,finish_first,r06,r06,True,upper,member,local,3,3,3.4598,-0.5109,-0.16067,0.233,0.12977,586,640,44,32,0,0,0000,---,False,0.30854,-0.04357,0.233,0.12977,3.94631,-0.57864,cached_path_to_final_target,w,"$1,0,0,0,0,0,0,0,0#",12000,13000,Set tank.c app_speed/duty level to the logged pwm before sending the move key/protocol command; e=stop.,3.27652,8.95472,2,5,0,0.32031,-0.01048,9.0252,3.36897,-0.43471,8.642,3.4189,3.369,0.37597,20,-0.0596,6,0,66.16236,24.48912,0.2326,0.2717,2,False,running
88434632b5,formation_7_smooth_bypass,62,12.4,1784474400,smooth_adaptive_clusters,finish_first,r07,r07,True,upper,member,local,2,3,3.31014,0.64739,0.10681,0.3116,0.00051,820,820,-42,51,0,0,0000,---,False,0.30982,0.03324,0.3116,0.00051,3.76948,0.69668,cached_path_to_final_target,w,"$1,0,0,0,0,0,0,0,0#",16000,16000,Set tank.c app_speed/duty level to the logged pwm before sending the move key/protocol command; e=stop.,3.80483,10.12401,0,0,0,0.51411,0.1266,8.2032,3.36897,-0.43471,8.642,3.4189,3.369,0.37597,20,-0.0596,6,0,66.16236,24.48912,0.2326,0.2717,2,False,running
88434632b5,formation_7_smooth_bypass,63,12.6,1784474600,smooth_adaptive_clusters,finish_first,r01,r01,True,lower,member,local,3,3,3.74323,-0.9472,0.00026,0.3116,0.00684,819,821,64,50,0,0,0000,---,False,0.3116,0.00042,0.3116,0.00684,4.20739,-0.94652,cached_path_to_final_target,w,"$1,0,0,0,0,0,0,0,0#",16000,16000,Set tank.c app_speed/duty level to the logged pwm before sending the move key/protocol command; e=stop.,3.74049,10.09376,0,3,0,0.4975,0.0497,8.34929,3.4095,-0.43884,8.6017,3.4597,3.4095,0.40365,20,-0.0596,7,0,67.08614,24.82009,0.2364,0.2706,2,False,running
88434632b5,formation_7_smooth_bypass,63,12.6,1784474600,smooth_adaptive_clusters,finish_first,r02,r02,True,lower,member,local,2,3,3.24822,-0.8388,-0.57329,0.16455,2.19638,-29,895,74,67,0,0,0000,---,False,0.3116,0.00058,0.16455,2.19638,3.76282,-0.81993,cached_path_to_final_target,a,"$0,1,0,0,0,0,0,0,0#",-4000,18000,Set tank.c app_speed/duty level to the logged pwm before sending the move key/protocol command; e=stop.,3.57073,9.70652,2,5,0,0.66047,-0.01048,8.66768,3.4095,-0.43884,8.6017,3.4597,3.4095,0.40365,20,-0.0596,7,0,67.08614,24.82009,0.2364,0.2706,2,False,running
88434632b5,formation_7_smooth_bypass,63,12.6,1784474600,smooth_adaptive_clusters,finish_first,r03,r03,True,lower,member,local,3,3,4.02773,-0.76869,-0.34327,0.37365,-0.51247,1000,875,97,31,0,0,0000,---,False,0.34638,-0.15627,0.37365,-0.51247,4.47939,-0.7653,cached_path_to_final_target,d,"$4,0,0,0,0,0,0,0,0#",20000,18000,Set tank.c app_speed/duty level to the logged pwm before sending the move key/protocol command; e=stop.,3.82789,10.29878,0,3,0,0.23453,0.0497,8.26412,3.4095,-0.43884,8.6017,3.4597,3.4095,0.40365,20,-0.0596,7,0,67.08614,24.82009,0.2364,0.2706,2,False,running
88434632b5,formation_7_smooth_bypass,63,12.6,1784474600,smooth_adaptive_clusters,finish_first,r04,r04,True,lower,member,local,2,3,2.96899,-0.42337,-0.38785,0.06198,-1.08667,392,-66,41,78,0,0,0000,---,False,0.01179,-0.29677,0.06198,-1.08667,3.48894,-0.50905,cached_path_to_final_target,d,"$0,2,0,0,0,0,0,0,0#",8000,-4000,Set tank.c app_speed/duty level to the logged pwm before sending the move key/protocol command; e=stop.,3.31633,8.97294,5,1,0,0.78301,-0.05963,8.75066,3.4095,-0.43884,8.6017,3.4597,3.4095,0.40365,20,-0.0596,7,0,67.08614,24.82009,0.2364,0.2706,2,False,running
88434632b5,formation_7_smooth_bypass,63,12.6,1784474600,smooth_adaptive_clusters,finish_first,r05,r05,True,lower,member,local,2,3,2.9848,-0.2281,-1.06235,-0.12,-0.12123,-290,-341,71,76,0,0,0000,---,False,-0.13962,0.26214,-0.12,-0.12123,3.51045,-0.46745,cached_path_to_final_target,s,"$2,0,0,0,0,0,0,0,0#",-6000,-7000,Set tank.c app_speed/duty level to the logged pwm before sending the move key/protocol command; e=stop.,3.15868,8.59835,5,1,0,0.72536,-0.05963,9.10411,3.4095,-0.43884,8.6017,3.4597,3.4095,0.40365,20,-0.0596,7,0,67.08614,24.82009,0.2364,0.2706,2,False,running
88434632b5,formation_7_smooth_bypass,63,12.6,1784474600,smooth_adaptive_clusters,finish_first,r06,r06,True,upper,member,local,3,3,3.52146,-0.51974,-0.1424,0.31143,0.09137,800,839,46,27,0,0,0000,---,False,0.30905,-0.03979,0.31143,0.09137,3.98779,-0.57888,cached_path_to_final_target,w,"$1,0,0,0,0,0,0,0,0#",16000,17000,Set tank.c app_speed/duty level to the logged pwm before sending the move key/protocol command; e=stop.,3.33881,9.12652,2,5,0,0.26769,-0.01048,8.96436,3.4095,-0.43884,8.6017,3.4597,3.4095,0.40365,20,-0.0596,7,0,67.08614,24.82009,0.2364,0.2706,2,False,running
88434632b5,formation_7_smooth_bypass,63,12.6,1784474600,smooth_adaptive_clusters,finish_first,r07,r07,True,upper,member,local,3,3,3.37211,0.65404,0.10685,0.3116,0.0002,820,820,-44,46,0,0,0000,---,False,0.30982,0.03324,0.3116,0.0002,3.83144,0.70332,cached_path_to_final_target,w,"$1,0,0,0,0,0,0,0,0#",16000,16000,Set tank.c app_speed/duty level to the logged pwm before sending the move key/protocol command; e=stop.,3.86715,10.28926,0,0,0,0.46386,0.1266,8.1414,3.4095,-0.43884,8.6017,3.4597,3.4095,0.40365,20,-0.0596,7,0,67.08614,24.82009,0.2364,0.2706,2,False,running
88434632b5,formation_7_smooth_bypass,64,12.8,1784474800,smooth_adaptive_clusters,finish_first,r01,r01,True,lower,member,local,3,3,3.78373,-0.94717,0.00079,0.20254,0.00267,532,534,66,49,0,0,0000,---,False,0.20254,0.00025,0.20254,0.00267,4.26818,-0.94657,path_to_final_target,w,"$1,0,0,0,0,0,0,0,0#",11000,11000,Set tank.c app_speed/duty level to the logged pwm before sending the move key/protocol command; e=stop.,3.781,10.20994,0,3,0,0.491,0.0497,8.30883,3.45124,-0.44419,8.5603,3.5017,3.4512,0.43144,20,-0.0596,7,0,68.06164,25.16261,0.2447,0.2696,2,False,running
88434632b5,formation_7_smooth_bypass,64,12.8,1784474800,smooth_adaptive_clusters,finish_first,r02,r02,True,upper,member,local,3,3,3.29898,-0.85197,-0.25372,0.26223,1.59781,354,1000,58,64,0,0,0000,---,False,0.3116,-0.00082,0.26223,1.59781,3.78823,-0.84023,path_to_final_target,a,"$3,0,0,0,0,0,0,0,0#",7000,20000,Set tank.c app_speed/duty level to the logged pwm before sending the move key/protocol command; e=stop.,3.62318,9.85677,2,5,0,0.64178,-0.01048,8.61806,3.45124,-0.44419,8.5603,3.5017,3.4512,0.43144,20,-0.0596,7,0,68.06164,25.16261,0.2447,0.2696,2,False,running
88434632b5,formation_7_smooth_bypass,64,12.8,1784474800,smooth_adaptive_clusters,finish_first,r03,r03,True,lower,member,local,3,3,4.09913,-0.79472,-0.34962,0.37998,-0.03176,1000,993,103,33,0,0,0000,---,False,0.35636,-0.13195,0.37998,-0.03176,4.54857,-0.78427,path_to_final_target,w,"$1,0,0,0,0,0,0,0,0#",20000,20000,Set tank.c app_speed/duty level to the logged pwm before sending the move key/protocol command; e=stop.,3.90389,10.50491,0,3,0,0.23453,0.0497,8.19479,3.45124,-0.44419,8.5603,3.5017,3.4512,0.43144,20,-0.0596,7,0,68.06164,25.16261,0.2447,0.2696,2,False,running
88434632b5,formation_7_smooth_bypass,64,12.8,1784474800,smooth_adaptive_clusters,finish_first,r04,r04,True,lower,member,local,2,3,2.98593,-0.44172,-0.82519,0.12483,-2.18667,789,-132,67,77,0,0,0000,---,False,0.01363,-0.2967,0.12483,-2.18667,3.5054,-0.51266,path_to_final_target,d,"$0,2,0,0,0,0,0,0,0#",16000,-4000,Set tank.c app_speed/duty level to the logged pwm before sending the move key/protocol command; e=stop.,3.3413,9.08156,5,2,0,0.76785,-0.05963,8.73496,3.45124,-0.44419,8.5603,3.5017,3.4512,0.43144,20,-0.0596,7,0,68.06164,25.16261,0.2447,0.2696,2,False,running
88434632b5,formation_7_smooth_bypass,64,12.8,1784474800,smooth_adaptive_clusters,finish_first,r05,r05,True,lower,member,local,2,3,2.97356,-0.20689,-1.08339,-0.12,-0.1052,-294,-338,72,78,0,0,0000,---,False,-0.13474,0.26469,-0.12,-0.1052,3.49537,-0.45561,path_to_final_target,s,"$2,0,0,0,0,0,0,0,0#",-6000,-7000,Set tank.c app_speed/duty level to the logged pwm before sending the move key/protocol command; e=stop.,3.18268,8.6622,5,2,0,0.72536,-0.05963,9.11451,3.45124,-0.44419,8.5603,3.5017,3.4512,0.43144,20,-0.0596,7,0,68.06164,25.16261,0.2447,0.2696,2,False,running
88434632b5,formation_7_smooth_bypass,64,12.8,1784474800,smooth_adaptive_clusters,finish_first,r06,r06,True,upper,member,local,3,3,3.58326,-0.52756,-0.12586,0.31146,0.0827,802,837,48,22,0,0,0000,---,False,0.30962,-0.03509,0.31146,0.0827,4.04384,-0.57895,path_to_final_target,w,"$1,0,0,0,0,0,0,0,0#",16000,17000,Set tank.c app_speed/duty level to the logged pwm before sending the move key/protocol command; e=stop.,3.4011,9.29175,2,5,0,0.21779,-0.01048,8.90331,3.45124,-0.44419,8.5603,3.5017,3.4512,0.43144,20,-0.0596,7,0,68.06164,25.16261,0.2447,0.2696,2,False,running
88434632b5,formation_7_smooth_bypass,64,12.8,1784474800,smooth_adaptive_clusters,finish_first,r07,r07,True,upper,member,local,3,3,3.43407,0.66068,0.10686,0.3116,8e-05,820,820,-47,42,0,0,0000,---,False,0.30982,0.03324,0.3116,8e-05,3.89341,0.70996,path_to_final_target,w,"$1,0,0,0,0,0,0,0,0#",16000,16000,Set tank.c app_speed/duty level to the logged pwm before sending the move key/protocol command; e=stop.,3.92947,10.45451,0,0,0,0.41618,0.1266,8.07961,3.45124,-0.44419,8.5603,3.5017,3.4512,0.43144,20,-0.0596,7,0,68.06164,25.16261,0.2447,0.2696,2,False,running
88434632b5,formation_7_smooth_bypass,65,13.0,1784475000,smooth_adaptive_clusters,finish_first,r01,r01,True,lower,member,local,3,3,3.84475,-0.96073,-0.21867,0.31254,-1.09733,1000,591,82,50,0,0,0000,---,False,0.33716,-0.17527,0.31254,-1.09733,4.31477,-0.94656,cached_path_to_final_target,d,"$4,0,0,0,0,0,0,0,0#",20000,12000,Set tank.c app_speed/duty level to the logged pwm before sending the move key/protocol command; e=stop.,3.8435,10.39009,0,3,0,0.491,0.0497,8.24861,3.4962,-0.44953,8.5157,3.547,3.4962,0.46341,20,-0.0596,7,0,69.06829,25.52695,0.2602,0.2689,2,False,running
88434632b5,formation_7_smooth_bypass,65,13.0,1784475000,smooth_adaptive_clusters,finish_first,r02,r02,True,upper,member,local,3,3,3.35899,-0.85886,-0.11447,0.30202,0.69627,648,941,52,60,0,0,0000,---,False,0.3116,-0.00158,0.30202,0.69627,3.83141,-0.85466,cached_path_to_final_target,a,"$3,0,0,0,0,0,0,0,0#",13000,19000,Set tank.c app_speed/duty level to the logged pwm before sending the move key/protocol command; e=stop.,3.68358,10.02908,2,5,0,0.60309,-0.01048,8.55877,3.4962,-0.44953,8.5157,3.547,3.4962,0.46341,20,-0.0596,7,0,69.06829,25.52695,0.2602,0.2689,2,False,running
88434632b5,formation_7_smooth_bypass,65,13.0,1784475000,smooth_adaptive_clusters,finish_first,r03,r03,True,lower,member,local,3,3,4.17125,-0.8182,-0.3147,0.37926,0.17458,961,1000,106,36,0,0,0000,---,False,0.36443,-0.10767,0.37926,0.17458,4.61939,-0.80591,cached_path_to_final_target,w,"$1,0,0,0,0,0,0,0,0#",19000,20000,Set tank.c app_speed/duty level to the logged pwm before sending the move key/protocol command; e=stop.,3.97974,10.70465,0,3,0,0.23453,0.0497,8.12465,3.4962,-0.44953,8.5157,3.547,3.4962,0.46341,20,-0.0596,7,0,69.06829,25.52695,0.2602,0.2689,2,False,running
88434632b5,formation_7_smooth_bypass,65,13.0,1784475000,smooth_adaptive_clusters,finish_first,r04,r04,True,upper,member,local,2,3,2.99448,-0.45637,-1.04252,0.0848,-1.08667,452,-6,80,76,0,0,0000,---,False,0.10791,-0.01578,0.0848,-1.08667,3.52319,-0.52028,cached_path_to_final_target,d,"$0,2,0,0,0,0,0,0,0#",9000,-4000,Set tank.c app_speed/duty level to the logged pwm before sending the move key/protocol command; e=stop.,3.35826,9.14191,5,3,0,0.76102,-0.05963,8.72742,3.4962,-0.44953,8.5157,3.547,3.4962,0.46341,20,-0.0596,7,0,69.06829,25.52695,0.2602,0.2689,2,False,running
88434632b5,formation_7_smooth_bypass,65,13.0,1784475000,smooth_adaptive_clusters,finish_first,r05,r05,True,lower,member,local,2,3,2.96274,-0.18547,-1.10297,-0.12,-0.09788,-295,-336,72,79,0,0,0000,---,False,-0.12984,0.26712,-0.12,-0.09788,3.48032,-0.4431,cached_path_to_final_target,s,"$2,0,0,0,0,0,0,0,0#",-6000,-7000,Set tank.c app_speed/duty level to the logged pwm before sending the move key/protocol command; e=stop.,3.20668,8.72585,5,3,0,0.72536,-0.05963,9.12453,3.4962,-0.44953,8.5157,3.547,3.4962,0.46341,20,-0.0596,7,0,69.06829,25.52695,0.2602,0.2689,2,False,running
88434632b5,formation_7_smooth_bypass,65,13.0,1784475000,smooth_adaptive_clusters,finish_first,r06,r06,True,upper,member,local,3,3,3.64518,-0.53443,-0.11046,0.31148,0.07699,803,836,50,17,0,0,0000,---,False,0.31009,-0.0306,0.31148,0.07699,4.10423,-0.57897,cached_path_to_final_target,w,"$1,0,0,0,0,0,0,0,0#",16000,17000,Set tank.c app_speed/duty level to the logged pwm before sending the move key/protocol command; e=stop.,3.4634,9.45696,2,5,0,0.17211,-0.01048,8.84209,3.4962,-0.44953,8.5157,3.547,3.4962,0.46341,20,-0.0596,7,0,69.06829,25.52695,0.2602,0.2689,2,False,running
88434632b5,formation_7_smooth_bypass,65,13.0,1784475000,smooth_adaptive_clusters,finish_first,r07,r07,True,upper,member,local,3,3,3.49604,0.66733,0.10687,0.3116,3e-05,820,820,-50,37,0,0,0000,---,False,0.30982,0.03324,0.3116,3e-05,3.95537,0.71661,cached_path_to_final_target,w,"$1,0,0,0,0,0,0,0,0#",16000,16000,Set tank.c app_speed/duty level to the logged pwm before sending the move key/protocol command; e=stop.,3.99179,10.61976,0,0,0,0.37186,0.1266,8.01782,3.4962,-0.44953,8.5157,3.547,3.4962,0.46341,20,-0.0596,7,0,69.06829,25.52695,0.2602,0.2689,2,False,running
88434632b5,formation_7_smooth_bypass,66,13.2,1784475200,smooth_adaptive_clusters,finish_first,r01,r01,True,lower,member,local,3,3,3.91474,-0.98547,-0.33971,0.37116,-0.60521,1000,849,93,52,0,0,0000,---,False,0.34464,-0.16007,0.37116,-0.60521,4.37146,-0.95532,cached_path_to_final_target,d,"$4,0,0,0,0,0,0,0,0#",20000,17000,Set tank.c app_speed/duty level to the logged pwm before sending the move key/protocol command; e=stop.,3.91774,10.58608,0,3,0,0.491,0.0497,8.1801,3.54322,-0.45855,8.4692,3.5949,3.5432,0.49892,18,-0.0596,7,0,70.13798,25.92642,0.2853,0.2684,2,False,running
88434632b5,formation_7_smooth_bypass,66,13.2,1784475200,smooth_adaptive_clusters,finish_first,r02,r02,True,upper,member,local,3,3,3.42087,-0.86228,-0.05517,0.30985,0.2965,753,878,51,56,0,0,0000,---,False,0.31159,-0.00267,0.30985,0.2965,3.88637,-0.86339,cached_path_to_final_target,a,"$3,0,0,0,0,0,0,0,0#",15000,18000,Set tank.c app_speed/duty level to the logged pwm before sending the move key/protocol command; e=stop.,3.74555,10.19804,2,5,0,0.56372,-0.01048,8.49735,3.54322,-0.45855,8.4692,3.5949,3.5432,0.49892,18,-0.0596,7,0,70.13798,25.92642,0.2853,0.2684,2,False,running
88434632b5,formation_7_smooth_bypass,66,13.2,1784475200,smooth_adaptive_clusters,finish_first,r03,r03,True,lower,member,local,3,3,4.24432,-0.83791,-0.26353,0.37841,0.25589,942,1000,108,38,0,0,0000,---,False,0.37056,-0.08416,0.37841,0.25589,4.6912,-0.82674,cached_path_to_final_target,w,"$1,0,0,0,0,0,0,0,0#",19000,20000,Set tank.c app_speed/duty level to the logged pwm before sending the move key/protocol command; e=stop.,4.05542,10.90124,0,3,0,0.23453,0.0497,8.05337,3.54322,-0.45855,8.4692,3.5949,3.5432,0.49892,18,-0.0596,7,0,70.13798,25.92642,0.2853,0.2684,2,False,running
88434632b5,formation_7_smooth_bypass,66,13.2,1784475200,smooth_adaptive_clusters,finish_first,r04,r04,True,upper,member,local,2,3,3.00507,-0.49386,-1.29548,0.1948,-1.2648,779,246,97,76,0,0,0000,---,False,0.02272,-0.29614,0.1948,-1.2648,3.5353,-0.52729,cached_path_to_final_target,d,"$4,0,0,0,0,0,0,0,0#",16000,5000,Set tank.c app_speed/duty level to the logged pwm before sending the move key/protocol command; e=stop.,3.39722,9.25577,5,3,0,0.75593,-0.05963,8.71951,3.54322,-0.45855,8.4692,3.5949,3.5432,0.49892,18,-0.0596,7,0,70.13798,25.92642,0.2853,0.2684,2,False,running
88434632b5,formation_7_smooth_bypass,66,13.2,1784475200,smooth_adaptive_clusters,finish_first,r05,r05,True,lower,member,local,2,3,2.95232,-0.16385,-1.12184,-0.12,-0.09437,-296,-336,72,80,0,0,0000,---,False,-0.12493,0.26946,-0.12,-0.09437,3.46553,-0.43009,cached_path_to_final_target,s,"$2,0,0,0,0,0,0,0,0#",-6000,-7000,Set tank.c app_speed/duty level to the logged pwm before sending the move key/protocol command; e=stop.,3.23068,8.78956,5,3,0,0.72536,-0.05963,9.1342,3.54322,-0.45855,8.4692,3.5949,3.5432,0.49892,18,-0.0596,7,0,70.13798,25.92642,0.2853,0.2684,2,False,running
88434632b5,formation_7_smooth_bypass,66,13.2,1784475200,smooth_adaptive_clusters,finish_first,r06,r06,True,upper,member,local,3,3,3.70719,-0.54043,-0.0964,0.3115,0.07032,805,835,53,13,0,0,0000,---,False,0.31047,-0.02656,0.3115,0.07032,4.16589,-0.57898,cached_path_to_final_target,w,"$1,0,0,0,0,0,0,0,0#",16000,17000,Set tank.c app_speed/duty level to the logged pwm before sending the move key/protocol command; e=stop.,3.5257,9.62227,2,5,0,0.13314,-0.01048,8.78072,3.54322,-0.45855,8.4692,3.5949,3.5432,0.49892,18,-0.0596,7,0,70.13798,25.92642,0.2853,0.2684,2,False,running
88434632b5,formation_7_smooth_bypass,66,13.2,1784475200,smooth_adaptive_clusters,finish_first,r07,r07,True,upper,member,local,3,3,3.558,0.67398,0.10687,0.3116,1e-05,820,820,-53,33,0,0,0000,---,False,0.30982,0.03324,0.3116,1e-05,4.01734,0.72326,cached_path_to_final_target,w,"$1,0,0,0,0,0,0,0,0#",16000,16000,Set tank.c app_speed/duty level to the logged pwm before sending the move key/protocol command; e=stop.,4.05411,10.785,0,0,0,0.33189,0.1266,7.95604,3.54322,-0.45855,8.4692,3.5949,3.5432,0.49892,18,-0.0596,7,0,70.13798,25.92642,0.2853,0.2684,2,False,running
88434632b5,formation_7_smooth_bypass,67,13.4,1784475400,smooth_adaptive_clusters,finish_first,r01,r01,True,lower,member,local,3,3,3.98574,-1.01241,-0.36277,0.37968,-0.11528,1000,975,99,55,0,0,0000,---,False,0.35277,-0.14126,0.37968,-0.11528,4.43745,-0.97393,path_to_final_target,w,"$1,0,0,0,0,0,0,0,0#",20000,20000,Set tank.c app_speed/duty level to the logged pwm before sending the move key/protocol command; e=stop.,3.99367,10.79068,0,3,0,0.491,0.0497,8.11083,3.58854,-0.46366,8.4242,3.6405,3.5885,0.54135,18,-0.0596,7,0,71.1724,26.30198,0.2683,0.2678,2,False,running
88434632b5,formation_7_smooth_bypass,67,13.4,1784475400,smooth_adaptive_clusters,finish_first,r02,r02,True,upper,member,local,3,3,3.47971,-0.87518,-0.21587,0.30119,-0.8035,962,623,63,54,0,0,0000,---,False,0.28796,-0.24795,0.30119,-0.8035,3.94618,-0.86775,path_to_final_target,d,"$4,0,0,0,0,0,0,0,0#",19000,12000,Set tank.c app_speed/duty level to the logged pwm before sending the move key/protocol command; e=stop.,3.80579,10.36944,2,5,0,0.5374,-0.01048,8.43974,3.58854,-0.46366,8.4242,3.6405,3.5885,0.54135,18,-0.0596,7,0,71.1724,26.30198,0.2683,0.2678,2,False,running
88434632b5,formation_7_smooth_bypass,67,13.4,1784475400,smooth_adaptive_clusters,finish_first,r03,r03,True,upper,member,local,3,3,4.31832,-0.85342,-0.2066,0.37804,0.28465,935,1000,110,39,0,0,0000,---,False,0.37503,-0.06124,0.37804,0.28465,4.76397,-0.84407,path_to_final_target,w,"$1,0,0,0,0,0,0,0,0#",19000,20000,Set tank.c app_speed/duty level to the logged pwm before sending the move key/protocol command; e=stop.,4.13103,11.09657,0,3,0,0.23453,0.0497,7.98089,3.58854,-0.46366,8.4242,3.6405,3.5885,0.54135,18,-0.0596,7,0,71.1724,26.30198,0.2683,0.2678,2,False,running
88434632b5,formation_7_smooth_bypass,67,13.4,1784475400,smooth_adaptive_clusters,finish_first,r04,r04,True,upper,member,local,2,3,3.00914,-0.51032,-1.32844,0.0848,-0.1648,258,188,99,75,0,0,0000,---,False,0.10866,-0.00932,0.0848,-0.1648,3.54811,-0.54041,path_to_final_target,w,"$1,0,0,0,0,0,0,0,0#",5000,4000,Set tank.c app_speed/duty level to the logged pwm before sending the move key/protocol command; e=stop.,3.41418,9.32051,5,3,0,0.75482,-0.05963,8.71666,3.58854,-0.46366,8.4242,3.6405,3.5885,0.54135,18,-0.0596,7,0,71.1724,26.30198,0.2683,0.2678,2,False,running
88434632b5,formation_7_smooth_bypass,67,13.4,1784475400,smooth_adaptive_clusters,finish_first,r05,r05,True,lower,member,local,2,3,2.94231,-0.14204,-1.14035,-0.12,-0.09254,-296,-335,72,81,0,0,0000,---,False,-0.12,0.27169,-0.12,-0.09254,3.45105,-0.41664,path_to_final_target,s,"$2,0,0,0,0,0,0,0,0#",-6000,-7000,Set tank.c app_speed/duty level to the logged pwm before sending the move key/protocol command; e=stop.,3.25468,8.85316,5,3,0,0.72536,-0.05963,9.1435,3.58854,-0.46366,8.4242,3.6405,3.5885,0.54135,18,-0.0596,7,0,71.1724,26.30198,0.2683,0.2678,2,False,running
88434632b5,formation_7_smooth_bypass,67,13.4,1784475400,smooth_adaptive_clusters,finish_first,r06,r06,True,upper,member,local,3,3,3.76927,-0.54564,-0.08381,0.31152,0.06294,807,833,57,10,0,0,0000,---,False,0.31075,-0.02301,0.31152,0.06294,4.22783,-0.57898,path_to_final_target,w,"$1,0,0,0,0,0,0,0,0#",16000,17000,Set tank.c app_speed/duty level to the logged pwm before sending the move key/protocol command; e=stop.,3.58801,9.78759,2,5,0,0.10464,-0.01048,8.71924,3.58854,-0.46366,8.4242,3.6405,3.5885,0.54135,18,-0.0596,7,0,71.1724,26.30198,0.2683,0.2678,2,False,running
88434632b5,formation_7_smooth_bypass,67,13.4,1784475400,smooth_adaptive_clusters,finish_first,r07,r07,True,upper,member,local,3,3,3.6153,0.69341,0.32687,0.30254,1.10001,565,1000,-69,31,0,0,0000,---,False,0.27629,0.26089,0.30254,1.10001,4.0793,0.72991,path_to_final_target,a,"$3,0,0,0,0,0,0,0,0#",11000,20000,Set tank.c app_speed/duty level to the logged pwm before sending the move key/protocol command; e=stop.,4.11462,10.95444,0,0,0,0.31065,0.1266,7.89928,3.58854,-0.46366,8.4242,3.6405,3.5885,0.54135,18,-0.0596,7,0,71.1724,26.30198,0.2683,0.2678,2,False,running
88434632b5,formation_7_smooth_bypass,68,13.6,1784475600,smooth_adaptive_clusters,finish_first,r01,r01,True,upper,member,local,3,3,4.05726,-1.03797,-0.34322,0.37977,0.09775,979,1000,102,58,0,0,0000,---,False,0.35976,-0.12237,0.37977,0.09775,4.50693,-0.99689,cached_path_to_final_target,w,"$1,0,0,0,0,0,0,0,0#",20000,20000,Set tank.c app_speed/duty level to the logged pwm before sending the move key/protocol command; e=stop.,4.06962,10.99224,0,3,0,0.491,0.0497,8.04105,3.63632,-0.473,8.377,3.6892,3.6363,0.58782,18,-0.0596,7,0,72.21506,26.67627,0.2674,0.2674,2,False,running
88434632b5,formation_7_smooth_bypass,68,13.6,1784475600,smooth_adaptive_clusters,finish_first,r02,r02,True,upper,member,local,3,3,3.54032,-0.90623,-0.47339,0.34052,-1.2876,1000,625,81,53,0,0,0000,---,False,0.2965,-0.23768,0.34052,-1.2876,4.00533,-0.87727,cached_path_to_final_target,d,"$4,0,0,0,0,0,0,0,0#",20000,12000,Set tank.c app_speed/duty level to the logged pwm before sending the move key/protocol command; e=stop.,3.8739,10.54129,2,5,0,0.53053,-0.01048,8.38193,3.63632,-0.473,8.377,3.6892,3.6363,0.58782,18,-0.0596,7,0,72.21506,26.67627,0.2674,0.2674,2,False,running
88434632b5,formation_7_smooth_bypass,68,13.6,1784475600,smooth_adaptive_clusters,finish_first,r03,r03,True,upper,member,local,3,3,4.39309,-0.86464,-0.14892,0.37799,0.28838,934,1000,111,40,0,0,0000,---,False,0.37796,-0.0393,0.37799,0.28838,4.83763,-0.85882,cached_path_to_final_target,w,"$1,0,0,0,0,0,0,0,0#",19000,20000,Set tank.c app_speed/duty level to the logged pwm before sending the move key/protocol command; e=stop.,4.20663,11.29153,0,3,0,0.23453,0.0497,7.90734,3.63632,-0.473,8.377,3.6892,3.6363,0.58782,18,-0.0596,7,0,72.21506,26.67627,0.2674,0.2674,2,False,running
88434632b5,formation_7_smooth_bypass,68,13.6,1784475600,smooth_adaptive_clusters,finish_first,r04,r04,True,upper,member,local,2,3,3.01713,-0.52777,-1.1414,0.09595,0.9352,56,449,89,75,0,0,0000,---,False,0.31082,-0.022,0.09595,0.9352,3.55539,-0.54899,cached_path_to_final_target,a,"$3,0,0,0,0,0,0,0,0#",4000,9000,Set tank.c app_speed/duty level to the logged pwm before sending the move key/protocol command; e=stop.,3.43337,9.38328,5,3,0,0.7504,-0.05963,8.71002,3.63632,-0.473,8.377,3.6892,3.6363,0.58782,18,-0.0596,7,0,72.21506,26.67627,0.2674,0.2674,2,False,running
88434632b5,formation_7_smooth_bypass,68,13.6,1784475600,smooth_adaptive_clusters,finish_first,r05,r05,True,lower,member,local,2,3,2.94113,-0.14043,-0.93886,-0.01,1.00746,-238,186,60,81,0,0,0000,---,False,0.17917,-0.09446,-0.01,1.00746,3.4369,-0.40279,cached_path_to_final_target,a,"$0,1,0,0,0,0,0,0,0#",-5000,4000,Set tank.c app_speed/duty level to the logged pwm before sending the move key/protocol command; e=stop.,3.25668,8.9154,5,3,0,0.72536,-0.05963,9.14464,3.63632,-0.473,8.377,3.6892,3.6363,0.58782,18,-0.0596,7,0,72.21506,26.67627,0.2674,0.2674,2,False,running
88434632b5,formation_7_smooth_bypass,68,13.6,1784475600,smooth_adaptive_clusters,finish_first,r06,r06,True,upper,member,local,3,3,3.82959,-0.56372,-0.29122,0.31485,-1.03706,1000,610,73,10,0,0,0000,---,False,0.29594,-0.23837,0.31485,-1.03706,4.28961,-0.57898,cached_path_to_final_target,d,"$4,0,0,0,0,0,0,0,0#",20000,12000,Set tank.c app_speed/duty level to the logged pwm before sending the move key/protocol command; e=stop.,3.65098,9.96112,2,5,0,0.10464,-0.01048,8.66056,3.63632,-0.473,8.377,3.6892,3.6363,0.58782,18,-0.0596,7,0,72.21506,26.67627,0.2674,0.2674,2,False,running
88434632b5,formation_7_smooth_bypass,68,13.6,1784475600,smooth_adaptive_clusters,finish_first,r07,r07,True,upper,member,local,3,3,3.6757,0.72974,0.54157,0.35241,1.07347,701,1000,-85,31,0,0,0000,---,False,0.28811,0.24777,0.35241,1.07347,4.13819,0.7437,cached_path_to_final_target,a,"$3,0,0,0,0,0,0,0,0#",14000,20000,Set tank.c app_speed/duty level to the logged pwm before sending the move key/protocol command; e=stop.,4.18511,11.1302,0,0,0,0.31065,0.1266,7.84003,3.63632,-0.473,8.377,3.6892,3.6363,0.58782,18,-0.0596,7,0,72.21506,26.67627,0.2674,0.2674,2,False,running
88434632b5,formation_7_smooth_bypass,69,13.8,1784475800,smooth_adaptive_clusters,finish_first,r01,r01,True,upper,member,local,3,3,4.12957,-1.06083,-0.30613,0.37917,0.18546,959,1000,104,60,0,0,0000,---,False,0.36552,-0.10391,0.37917,0.18546,4.57782,-1.02023,cached_path_to_final_target,w,"$1,0,0,0,0,0,0,0,0#",19000,20000,Set tank.c app_speed/duty level to the logged pwm before sending the move key/protocol command; e=stop.,4.14546,11.19058,0,3,0,0.491,0.0497,7.97043,3.68769,-0.48421,8.3264,3.7418,3.6877,0.62984,19,-0.0596,7,0,73.32567,27.07965,0.2881,0.2672,2,False,running
88434632b5,formation_7_smooth_bypass,69,13.8,1784475800,smooth_adaptive_clusters,finish_first,r02,r02,True,upper,member,local,3,3,3.5884,-0.93318,-0.51091,0.27557,-0.1876,765,686,86,53,0,0,0000,---,False,0.31158,0.00383,0.27557,-0.1876,4.06552,-0.89978,cached_path_to_final_target,w,"$1,0,0,0,0,0,0,0,0#",15000,14000,Set tank.c app_speed/duty level to the logged pwm before sending the move key/protocol command; e=stop.,3.92901,10.70369,2,5,0,0.53053,-0.01048,8.3364,3.68769,-0.48421,8.3264,3.7418,3.6877,0.62984,19,-0.0596,7,0,73.32567,27.07965,0.2881,0.2672,2,False,running
88434632b5,formation_7_smooth_bypass,69,13.8,1784475800,smooth_adaptive_clusters,finish_first,r03,r03,True,upper,member,local,3,3,4.46838,-0.87161,-0.0924,0.37807,0.28261,935,1000,112,41,0,0,0000,---,False,0.37956,-0.01823,0.37807,0.28261,4.91208,-0.87016,cached_path_to_final_target,w,"$1,0,0,0,0,0,0,0,0#",19000,20000,Set tank.c app_speed/duty level to the logged pwm before sending the move key/protocol command; e=stop.,4.28224,11.4866,0,3,0,0.23453,0.0497,7.83294,3.68769,-0.48421,8.3264,3.7418,3.6877,0.62984,19,-0.0596,7,0,73.32567,27.07965,0.2881,0.2672,2,False,running
88434632b5,formation_7_smooth_bypass,69,13.8,1784475800,smooth_adaptive_clusters,finish_first,r04,r04,True,upper,member,local,2,3,3.03856,-0.54712,-0.73436,0.1444,2.0352,-48,808,67,73,0,0,0000,---,False,0.31117,-0.01634,0.1444,2.0352,3.56366,-0.55647,cached_path_to_final_target,a,"$0,1,0,0,0,0,0,0,0#",-4000,16000,Set tank.c app_speed/duty level to the logged pwm before sending the move key/protocol command; e=stop.,3.46225,9.48434,5,3,0,0.73374,-0.05963,8.69015,3.68769,-0.48421,8.3264,3.7418,3.6877,0.62984,19,-0.0596,7,0,73.32567,27.07965,0.2881,0.2672,2,False,running
88434632b5,formation_7_smooth_bypass,69,13.8,1784475800,smooth_adaptive_clusters,finish_first,r05,r05,True,lower,member,local,2,3,2.95663,-0.15306,-0.68371,0.1,1.27572,-5,532,46,79,0,0,0000,---,False,0.27592,-0.14479,0.1,1.27572,3.43167,-0.39783,cached_path_to_final_target,a,"$0,1,0,0,0,0,0,0,0#",-4000,11000,Set tank.c app_speed/duty level to the logged pwm before sending the move key/protocol command; e=stop.,3.27668,8.98098,5,3,0,0.72536,-0.05963,9.12954,3.68769,-0.48421,8.3264,3.7418,3.6877,0.62984,19,-0.0596,7,0,73.32567,27.07965,0.2881,0.2672,2,False,running
88434632b5,formation_7_smooth_bypass,69,13.8,1784475800,smooth_adaptive_clusters,finish_first,r06,r06,True,upper,member,local,3,3,3.89428,-0.59617,-0.46495,0.36186,-0.86867,1000,769,89,14,0,0,0000,---,False,0.31331,-0.21502,0.36186,-0.86867,4.35329,-0.57047,cached_path_to_final_target,d,"$4,0,0,0,0,0,0,0,0#",20000,15000,Set tank.c app_speed/duty level to the logged pwm before sending the move key/protocol command; e=stop.,3.72335,10.14491,2,5,0,0.10464,-0.01048,8.59881,3.68769,-0.48421,8.3264,3.7418,3.6877,0.62984,19,-0.0596,7,0,73.32567,27.07965,0.2881,0.2672,2,False,running
88434632b5,formation_7_smooth_bypass,69,13.8,1784475800,smooth_adaptive_clusters,finish_first,r07,r07,True,upper,member,local,3,3,3.73799,0.77252,0.60179,0.3778,0.30112,931,1000,-94,33,0,0,0000,---,False,0.30272,0.2297,0.3778,0.30112,4.19854,0.7691,cached_path_to_final_target,w,"$1,0,0,0,0,0,0,0,0#",19000,20000,Set tank.c app_speed/duty level to the logged pwm before sending the move key/protocol command; e=stop.,4.26067,11.33457,0,0,0,0.31065,0.1266,7.77932,3.68769,-0.48421,8.3264,3.7418,3.6877,0.62984,19,-0.0596,7,0,73.32567,27.07965,0.2881,0.2672,2,False,running
88434632b5,formation_7_smooth_bypass,70,14.0,1784476000,smooth_adaptive_clusters,finish_first,r01,r01,True,upper,member,local,3,3,4.20276,-1.08036,-0.26083,0.37876,0.22651,949,1000,105,62,0,0,0000,---,False,0.3704,-0.08487,0.37876,0.22651,4.64957,-1.03738,path_to_final_target,w,"$1,0,0,0,0,0,0,0,0#",19000,20000,Set tank.c app_speed/duty level to the logged pwm before sending the move key/protocol command; e=stop.,4.22121,11.38744,0,3,0,0.491,0.0497,7.89878,3.74608,-0.49594,8.2688,3.8013,3.7461,0.66225,19,-0.0596,7,0,74.566,27.52963,0.3214,0.2676,2,False,running
88434632b5,formation_7_smooth_bypass,70,14.0,1784476000,smooth_adaptive_clusters,finish_first,r02,r02,True,upper,member,local,3,3,3.63932,-0.95053,-0.32843,0.26897,0.9124,516,900,78,53,0,0,0000,---,False,0.31155,0.00571,0.26897,0.9124,4.11723,-0.92349,path_to_final_target,a,"$3,0,0,0,0,0,0,0,0#",10000,18000,Set tank.c app_speed/duty level to the logged pwm before sending the move key/protocol command; e=stop.,3.9828,10.85789,2,5,0,0.52878,-0.01048,8.28726,3.74608,-0.49594,8.2688,3.8013,3.7461,0.66225,19,-0.0596,7,0,74.566,27.52963,0.3214,0.2676,2,False,running
88434632b5,formation_7_smooth_bypass,70,14.0,1784476000,smooth_adaptive_clusters,finish_first,r03,r03,True,upper,member,local,3,3,4.54396,-0.87444,-0.03743,0.37817,0.27484,937,1000,114,41,0,0,0000,---,False,0.37999,0.00219,0.37817,0.27484,4.98714,-0.87699,path_to_final_target,w,"$1,0,0,0,0,0,0,0,0#",19000,20000,Set tank.c app_speed/duty level to the logged pwm before sending the move key/protocol command; e=stop.,4.35787,11.6819,0,3,0,0.23453,0.0497,7.7579,3.74608,-0.49594,8.2688,3.8013,3.7461,0.66225,19,-0.0596,7,0,74.566,27.52963,0.3214,0.2676,2,False,running
88434632b5,formation_7_smooth_bypass,70,14.0,1784476000,smooth_adaptive_clusters,finish_first,r04,r04,True,upper,member,local,2,3,3.08201,-0.5736,-0.54732,0.2544,0.9352,473,866,59,70,0,0,0000,---,False,0.18602,-0.29634,0.2544,0.9352,3.5817,-0.55833,path_to_final_target,a,"$3,0,0,0,0,0,0,0,0#",9000,17000,Set tank.c app_speed/duty level to the logged pwm before sending the move key/protocol command; e=stop.,3.51313,9.63905,5,3,0,0.69846,-0.05963,8.64899,3.74608,-0.49594,8.2688,3.8013,3.7461,0.66225,19,-0.0596,7,0,74.566,27.52963,0.3214,0.2676,2,False,running
88434632b5,formation_7_smooth_bypass,70,14.0,1784476000,smooth_adaptive_clusters,finish_first,r05,r05,True,lower,member,local,2,3,2.99204,-0.17565,-0.56791,0.21,0.57903,431,675,41,76,0,0,0000,---,False,0.27683,-0.14304,0.21,0.57903,3.44172,-0.4037,path_to_final_target,a,"$3,0,0,0,0,0,0,0,0#",9000,14000,Set tank.c app_speed/duty level to the logged pwm before sending the move key/protocol command; e=stop.,3.31868,9.10819,5,3,0,0.72536,-0.05963,9.09491,3.74608,-0.49594,8.2688,3.8013,3.7461,0.66225,19,-0.0596,7,0,74.566,27.52963,0.3214,0.2676,2,False,running
88434632b5,formation_7_smooth_bypass,70,14.0,1784476000,smooth_adaptive_clusters,finish_first,r06,r06,True,upper,member,local,3,3,3.96134,-0.63179,-0.48827,0.37967,-0.11656,1000,975,97,17,0,0,0000,---,False,0.33228,-0.18437,0.37967,-0.11656,4.41721,-0.56935,path_to_final_target,w,"$1,0,0,0,0,0,0,0,0#",20000,20000,Set tank.c app_speed/duty level to the logged pwm before sending the move key/protocol command; e=stop.,3.79928,10.35288,2,5,0,0.10464,-0.01048,8.53515,3.74608,-0.49594,8.2688,3.8013,3.7461,0.66225,19,-0.0596,7,0,74.566,27.52963,0.3214,0.2676,2,False,running
88434632b5,formation_7_smooth_bypass,70,14.0,1784476000,smooth_adaptive_clusters,finish_first,r07,r07,True,upper,member,local,3,3,3.80111,0.81481,0.59033,0.37992,-0.05732,1000,988,-98,36,0,0,0000,---,False,0.31758,0.20867,0.37992,-0.05732,4.26102,0.79687,path_to_final_target,w,"$1,0,0,0,0,0,0,0,0#",20000,20000,Set tank.c app_speed/duty level to the logged pwm before sending the move key/protocol command; e=stop.,4.33665,11.53864,0,0,0,0.31065,0.1266,7.71802,3.74608,-0.49594,8.2688,3.8013,3.7461,0.66225,19,-0.0596,7,0,74.566,27.52963,0.3214,0.2676,2,False,running
88434632b5,formation_7_smooth_bypass,71,14.2,1784476200,smooth_adaptive_clusters,finish_first,r01,r01,True,upper,member,local,3,3,4.27677,-1.09639,-0.21328,0.37863,0.23773,946,1000,106,64,0,0,0000,---,False,0.37413,-0.06651,0.37863,0.23773,4.72224,-1.05335,cached_path_to_final_target,w,"$1,0,0,0,0,0,0,0,0#",19000,20000,Set tank.c app_speed/duty level to the logged pwm before sending the move key/protocol command; e=stop.,4.29694,11.58368,0,3,0,0.491,0.0497,7.82613,3.81008,-0.50759,8.2056,3.8664,3.8101,0.68653,19,-0.0596,7,0,75.87536,28.01705,0.3482,0.2683,2,False,running
88434632b5,formation_7_smooth_bypass,71,14.2,1784476200,smooth_adaptive_clusters,finish_first,r02,r02,True,upper,member,local,3,3,3.69743,-0.95844,-0.13522,0.29324,0.96603,568,975,70,52,0,0,0000,---,False,0.31156,0.00517,0.29324,0.96603,4.16839,-0.94176,cached_path_to_final_target,a,"$3,0,0,0,0,0,0,0,0#",11000,20000,Set tank.c app_speed/duty level to the logged pwm before sending the move key/protocol command; e=stop.,4.04145,11.01584,2,5,0,0.51877,-0.01048,8.23014,3.81008,-0.50759,8.2056,3.8664,3.8101,0.68653,19,-0.0596,7,0,75.87536,28.01705,0.3482,0.2683,2,False,running
88434632b5,formation_7_smooth_bypass,71,14.2,1784476200,smooth_adaptive_clusters,finish_first,r03,r03,True,upper,member,local,3,3,4.61961,-0.87328,0.01533,0.37831,0.26381,940,1000,115,42,0,0,0000,---,False,0.37939,0.02157,0.37831,0.26381,5.06257,-0.88087,cached_path_to_final_target,w,"$1,0,0,0,0,0,0,0,0#",19000,20000,Set tank.c app_speed/duty level to the logged pwm before sending the move key/protocol command; e=stop.,4.43354,11.87754,0,3,0,0.23453,0.0497,7.68244,3.81008,-0.50759,8.2056,3.8664,3.8101,0.68653,19,-0.0596,7,0,75.87536,28.01705,0.3482,0.2683,2,False,running
88434632b5,formation_7_smooth_bypass,71,14.2,1784476200,smooth_adaptive_clusters,finish_first,r04,r04,True,upper,member,local,2,3,3.13532,-0.60855,-0.58028,0.31871,-0.1648,873,804,63,66,0,0,0000,---,False,0.19594,-0.29092,0.31871,-0.1648,3.61762,-0.57049,cached_path_to_final_target,w,"$1,0,0,0,0,0,0,0,0#",17000,16000,Set tank.c app_speed/duty level to the logged pwm before sending the move key/protocol command; e=stop.,3.57687,9.82417,5,3,0,0.6584,-0.05963,8.59884,3.81008,-0.50759,8.2056,3.8664,3.8101,0.68653,19,-0.0596,7,0,75.87536,28.01705,0.3482,0.2683,2,False,running
88434632b5,formation_7_smooth_bypass,71,14.2,1784476200,smooth_adaptive_clusters,finish_first,r05,r05,True,lower,member,local,2,3,3.04605,-0.20616,-0.51422,0.31017,0.26842,760,873,40,70,0,0,0000,---,False,0.27752,-0.14169,0.31017,0.26842,3.47028,-0.41981,cached_path_to_final_target,a,"$3,0,0,0,0,0,0,0,0#",15000,17000,Set tank.c app_speed/duty level to the logged pwm before sending the move key/protocol command; e=stop.,3.38071,9.28385,5,3,0,0.70293,-0.05963,9.04205,3.81008,-0.50759,8.2056,3.8664,3.8101,0.68653,19,-0.0596,7,0,75.87536,28.01705,0.3482,0.2683,2,False,running
88434632b5,formation_7_smooth_bypass,71,14.2,1784476200,smooth_adaptive_clusters,finish_first,r06,r06,True,upper,member,local,3,3,4.02965,-0.66469,-0.44883,0.37906,0.19719,956,1000,101,20,0,0,0000,---,False,0.34731,-0.1542,0.37906,0.19719,4.48302,-0.58841,cached_path_to_final_target,w,"$1,0,0,0,0,0,0,0,0#",19000,20000,Set tank.c app_speed/duty level to the logged pwm before sending the move key/protocol command; e=stop.,3.87509,10.55318,2,5,0,0.10464,-0.01048,8.47019,3.81008,-0.50759,8.2056,3.8664,3.8101,0.68653,19,-0.0596,7,0,75.87536,28.01705,0.3482,0.2683,2,False,running
88434632b5,formation_7_smooth_bypass,71,14.2,1784476200,smooth_adaptive_clusters,finish_first,r07,r07,True,upper,member,local,3,3,3.86575,0.85439,0.54944,0.37899,-0.20442,1000,954,-100,39,0,0,0000,---,False,0.33028,0.18793,0.37899,-0.20442,4.32423,0.83009,cached_path_to_final_target,w,"$1,0,0,0,0,0,0,0,0#",20000,19000,Set tank.c app_speed/duty level to the logged pwm before sending the move key/protocol command; e=stop.,4.41245,11.7371,0,0,0,0.31065,0.1266,7.65533,3.81008,-0.50759,8.2056,3.8664,3.8101,0.68653,19,-0.0596,7,0,75.87536,28.01705,0.3482,0.2683,2,False,running
88434632b5,formation_7_smooth_bypass,72,14.4,1784476400,smooth_adaptive_clusters,finish_first,r01,r01,True,upper,member,local,3,3,4.35146,-1.10892,-0.16624,0.37866,0.2352,947,1000,107,65,0,0,0000,---,False,0.37683,-0.04899,0.37866,0.2352,4.79581,-1.06834,cached_path_to_final_target,w,"$1,0,0,0,0,0,0,0,0#",19000,20000,Set tank.c app_speed/duty level to the logged pwm before sending the move key/protocol command; e=stop.,4.37267,11.77992,0,3,0,0.491,0.0497,7.75259,3.8744,-0.51884,8.1421,3.9317,3.8744,0.71069,19,-0.0596,7,0,77.17281,28.50962,0.3518,0.2691,2,False,running
88434632b5,formation_7_smooth_bypass,72,14.4,1784476400,smooth_adaptive_clusters,finish_first,r02,r02,True,upper,member,local,3,3,3.75899,-0.96171,-0.05299,0.30825,0.41118,725,898,68,51,0,0,0000,---,False,0.31158,0.00362,0.30825,0.41118,4.22442,-0.95231,cached_path_to_final_target,a,"$3,0,0,0,0,0,0,0,0#",14000,18000,Set tank.c app_speed/duty level to the logged pwm before sending the move key/protocol command; e=stop.,4.1031,11.18613,2,5,0,0.50897,-0.01048,8.16915,3.8744,-0.51884,8.1421,3.9317,3.8744,0.71069,19,-0.0596,7,0,77.17281,28.50962,0.3518,0.2691,2,False,running
88434632b5,formation_7_smooth_bypass,72,14.4,1784476400,smooth_adaptive_clusters,finish_first,r03,r03,True,upper,member,local,3,3,4.69514,-0.86831,0.06582,0.37846,0.25245,943,1000,116,43,0,0,0000,---,False,0.37789,0.04001,0.37846,0.25245,5.13815,-0.88142,cached_path_to_final_target,w,"$1,0,0,0,0,0,0,0,0#",19000,20000,Set tank.c app_speed/duty level to the logged pwm before sending the move key/protocol command; e=stop.,4.50923,12.07348,0,3,0,0.23453,0.0497,7.60677,3.8744,-0.51884,8.1421,3.9317,3.8744,0.71069,19,-0.0596,7,0,77.17281,28.50962,0.3518,0.2691,2,False,running
88434632b5,formation_7_smooth_bypass,72,14.4,1784476400,smooth_adaptive_clusters,finish_first,r04,r04,True,upper,member,local,2,3,3.18231,-0.65498,-0.77944,0.3303,-0.99579,1000,660,77,63,0,0,0000,---,False,0.20897,-0.28369,0.3303,-0.99579,3.66562,-0.58878,cached_path_to_final_target,d,"$4,0,0,0,0,0,0,0,0#",20000,13000,Set tank.c app_speed/duty level to the logged pwm before sending the move key/protocol command; e=stop.,3.64293,10.00073,5,3,0,0.63214,-0.05963,8.55623,3.8744,-0.51884,8.1421,3.9317,3.8744,0.71069,19,-0.0596,7,0,77.17281,28.50962,0.3518,0.2691,2,False,running
88434632b5,formation_7_smooth_bypass,72,14.4,1784476400,smooth_adaptive_clusters,finish_first,r05,r05,True,lower,member,local,2,3,3.10101,-0.2354,-0.48893,0.31128,0.12644,793,846,40,65,0,0,0000,---,False,0.27794,-0.14086,0.31128,0.12644,3.5172,-0.44493,cached_path_to_final_target,w,"$1,0,0,0,0,0,0,0,0#",16000,17000,Set tank.c app_speed/duty level to the logged pwm before sending the move key/protocol command; e=stop.,3.44297,9.45051,5,3,0,0.64797,-0.05963,8.9883,3.8744,-0.51884,8.1421,3.9317,3.8744,0.71069,19,-0.0596,7,0,77.17281,28.50962,0.3518,0.2691,2,False,running
88434632b5,formation_7_smooth_bypass,72,14.4,1784476400,smooth_adaptive_clusters,finish_first,r06,r06,True,upper,member,local,3,3,4.09962,-0.69306,-0.38521,0.37755,0.31808,927,1000,104,23,0,0,0000,---,False,0.35885,-0.12501,0.37755,0.31808,4.55018,-0.61173,cached_path_to_final_target,w,"$1,0,0,0,0,0,0,0,0#",19000,20000,Set tank.c app_speed/duty level to the logged pwm before sending the move key/protocol command; e=stop.,3.9506,10.74872,2,5,0,0.10464,-0.01048,8.4033,3.8744,-0.51884,8.1421,3.9317,3.8744,0.71069,19,-0.0596,7,0,77.17281,28.50962,0.3518,0.2691,2,False,running
88434632b5,formation_7_smooth_bypass,72,14.4,1784476400,smooth_adaptive_clusters,finish_first,r07,r07,True,upper,member,local,3,3,3.93226,0.89048,0.49716,0.37835,-0.26142,1000,941,-102,43,0,0,0000,---,False,0.34116,0.16736,0.37835,-0.26142,4.38866,0.86318,cached_path_to_final_target,w,"$1,0,0,0,0,0,0,0,0#",20000,19000,Set tank.c app_speed/duty level to the logged pwm before sending the move key/protocol command; e=stop.,4.48812,11.93334,0,0,0,0.31065,0.1266,7.59081,3.8744,-0.51884,8.1421,3.9317,3.8744,0.71069,19,-0.0596,7,0,77.17281,28.50962,0.3518,0.2691,2,False,running
88434632b5,formation_7_smooth_bypass,73,14.6,1784476600,smooth_adaptive_clusters,finish_first,r01,r01,True,upper,member,local,3,3,4.42662,-1.11725,-0.11038,0.37811,0.27932,936,1000,108,66,0,0,0000,---,False,0.37916,-0.02524,0.37811,0.27932,4.86457,-1.05211,path_to_final_target,w,"$1,0,0,0,0,0,0,0,0#",19000,20000,Set tank.c app_speed/duty level to the logged pwm before sending the move key/protocol command; e=stop.,4.44829,11.97552,0,3,0,0.491,0.0497,7.6783,3.93942,-0.52907,8.0779,3.9975,3.9394,0.73346,19,-0.0596,7,0,78.4807,29.00642,0.3549,0.2698,2,False,running
88434632b5,formation_7_smooth_bypass,73,14.6,1784476600,smooth_adaptive_clusters,finish_first,r02,r02,True,upper,member,local,3,3,3.82119,-0.96288,-0.0189,0.31102,0.17044,783,854,70,50,0,0,0000,---,False,0.31159,0.00246,0.31102,0.17044,4.28432,-0.95756,path_to_final_target,w,"$1,0,0,0,0,0,0,0,0#",16000,17000,Set tank.c app_speed/duty level to the logged pwm before sending the move key/protocol command; e=stop.,4.1653,11.3537,2,5,0,0.50309,-0.01048,8.10735,3.93942,-0.52907,8.0779,3.9975,3.9394,0.73346,19,-0.0596,7,0,78.4807,29.00642,0.3549,0.2698,2,False,running
88434632b5,formation_7_smooth_bypass,73,14.6,1784476600,smooth_adaptive_clusters,finish_first,r03,r03,True,upper,member,local,3,3,4.77037,-0.85969,0.11396,0.3786,0.24072,946,1000,117,45,0,0,0000,---,False,0.37563,0.05746,0.3786,0.24072,5.21368,-0.87905,path_to_final_target,w,"$1,0,0,0,0,0,0,0,0#",19000,20000,Set tank.c app_speed/duty level to the logged pwm before sending the move key/protocol command; e=stop.,4.58495,12.26972,0,3,0,0.23453,0.0497,7.53107,3.93942,-0.52907,8.0779,3.9975,3.9394,0.73346,19,-0.0596,7,0,78.4807,29.00642,0.3549,0.2698,2,False,running
88434632b5,formation_7_smooth_bypass,73,14.6,1784476600,smooth_adaptive_clusters,finish_first,r04,r04,True,upper,member,local,2,3,3.22931,-0.70732,-0.83908,0.35169,-0.29819,988,863,84,61,0,0,0000,---,False,0.22373,-0.27394,0.35169,-0.29819,3.71239,-0.61342,path_to_final_target,d,"$4,0,0,0,0,0,0,0,0#",20000,17000,Set tank.c app_speed/duty level to the logged pwm before sending the move key/protocol command; e=stop.,3.71327,10.19592,5,3,0,0.61386,-0.05963,8.51449,3.93942,-0.52907,8.0779,3.9975,3.9394,0.73346,19,-0.0596,7,0,78.4807,29.00642,0.3549,0.2698,2,False,running
88434632b5,formation_7_smooth_bypass,73,14.6,1784476600,smooth_adaptive_clusters,finish_first,r05,r05,True,lower,member,local,2,3,3.15636,-0.26402,-0.47716,0.31153,0.05887,807,832,42,59,0,0,0000,---,False,0.27811,-0.14054,0.31153,0.05887,3.57001,-0.47241,path_to_final_target,w,"$1,0,0,0,0,0,0,0,0#",16000,17000,Set tank.c app_speed/duty level to the logged pwm before sending the move key/protocol command; e=stop.,3.50527,9.61635,5,3,0,0.59262,-0.05963,8.93426,3.93942,-0.52907,8.0779,3.9975,3.9394,0.73346,19,-0.0596,7,0,78.4807,29.00642,0.3549,0.2698,2,False,running
88434632b5,formation_7_smooth_bypass,73,14.6,1784476600,smooth_adaptive_clusters,finish_first,r06,r06,True,upper,member,local,3,3,4.1714,-0.71492,-0.29557,0.37514,0.44823,893,1000,105,25,0,0,0000,---,False,0.37041,-0.08483,0.37514,0.44823,4.6101,-0.57974,path_to_final_target,a,"$3,0,0,0,0,0,0,0,0#",18000,20000,Set tank.c app_speed/duty level to the logged pwm before sending the move key/protocol command; e=stop.,4.02563,10.94101,2,5,0,0.10464,-0.01048,8.3341,3.93942,-0.52907,8.0779,3.9975,3.9394,0.73346,19,-0.0596,7,0,78.4807,29.00642,0.3549,0.2698,2,False,running
88434632b5,formation_7_smooth_bypass,73,14.6,1784476600,smooth_adaptive_clusters,finish_first,r07,r07,True,upper,member,local,3,3,4.00069,0.9226,0.43889,0.37794,-0.29134,1000,933,-103,46,0,0,0000,---,False,0.35101,0.14556,0.37794,-0.29134,4.45484,0.88761,path_to_final_target,w,"$1,0,0,0,0,0,0,0,0#",20000,19000,Set tank.c app_speed/duty level to the logged pwm before sending the move key/protocol command; e=stop.,4.56371,12.12848,0,0,0,0.31065,0.1266,7.52436,3.93942,-0.52907,8.0779,3.9975,3.9394,0.73346,19,-0.0596,7,0,78.4807,29.00642,0.3549,0.2698,2,False,running
88434632b5,formation_7_smooth_bypass,74,14.8,1784476800,smooth_adaptive_clusters,finish_first,r01,r01,True,upper,member,local,3,3,4.50214,-1.12146,-0.05567,0.37819,0.27353,938,1000,108,66,0,0,0000,---,False,0.37997,-0.00482,0.37819,0.27353,4.92928,-1.0457,cached_path_to_final_target,w,"$1,0,0,0,0,0,0,0,0#",19000,20000,Set tank.c app_speed/duty level to the logged pwm before sending the move key/protocol command; e=stop.,4.52393,12.17089,0,3,0,0.491,0.0497,7.60334,4.00583,-0.53978,8.0124,4.0648,4.0058,0.75584,20,-0.0596,7,0,79.80377,29.51128,0.3606,0.2707,2,False,running
88434632b5,formation_7_smooth_bypass,74,14.8,1784476800,smooth_adaptive_clusters,finish_first,r02,r02,True,upper,member,local,3,3,3.88877,-0.97692,-0.20481,0.34514,-0.92956,1000,713,84,52,0,0,0000,---,False,0.34207,-0.16549,0.34514,-0.92956,4.34582,-0.95988,cached_path_to_final_target,d,"$4,0,0,0,0,0,0,0,0#",20000,14000,Set tank.c app_speed/duty level to the logged pwm before sending the move key/protocol command; e=stop.,4.23433,11.54011,2,5,0,0.50309,-0.01048,8.04145,4.00583,-0.53978,8.0124,4.0648,4.0058,0.75584,20,-0.0596,7,0,79.80377,29.51128,0.3606,0.2707,2,False,running
88434632b5,formation_7_smooth_bypass,74,14.8,1784476800,smooth_adaptive_clusters,finish_first,r03,r03,True,upper,member,local,3,3,4.84514,-0.84763,0.15999,0.37872,0.23012,948,1000,118,47,0,0,0000,---,False,0.37271,0.07406,0.37872,0.23012,5.28898,-0.87328,cached_path_to_final_target,w,"$1,0,0,0,0,0,0,0,0#",19000,20000,Set tank.c app_speed/duty level to the logged pwm before sending the move key/protocol command; e=stop.,4.66069,12.46615,0,3,0,0.23453,0.0497,7.45552,4.00583,-0.53978,8.0124,4.0648,4.0058,0.75584,20,-0.0596,7,0,79.80377,29.51128,0.3606,0.2707,2,False,running
88434632b5,formation_7_smooth_bypass,74,14.8,1784476800,smooth_adaptive_clusters,finish_first,r04,r04,True,upper,member,local,3,3,3.27716,-0.76036,-0.83686,0.3572,0.0111,938,942,87,60,0,0,0000,---,False,0.23972,-0.26482,0.3572,0.0111,3.75892,-0.6513,cached_path_to_final_target,w,"$1,0,0,0,0,0,0,0,0#",19000,19000,Set tank.c app_speed/duty level to the logged pwm before sending the move key/protocol command; e=stop.,3.78471,10.38889,5,3,0,0.6018,-0.05963,8.47236,4.00583,-0.53978,8.0124,4.0648,4.0058,0.75584,20,-0.0596,7,0,79.80377,29.51128,0.3606,0.2707,2,False,running
88434632b5,formation_7_smooth_bypass,74,14.8,1784476800,smooth_adaptive_clusters,finish_first,r05,r05,True,lower,member,local,2,3,3.21187,-0.29233,-0.4717,0.31159,0.02731,814,826,44,54,0,0,0000,---,False,0.27818,-0.1404,0.31159,0.02731,3.62474,-0.50041,cached_path_to_final_target,w,"$1,0,0,0,0,0,0,0,0#",16000,17000,Set tank.c app_speed/duty level to the logged pwm before sending the move key/protocol command; e=stop.,3.56759,9.78191,5,3,0,0.53711,-0.05963,8.88014,4.00583,-0.53978,8.0124,4.0648,4.0058,0.75584,20,-0.0596,7,0,79.80377,29.51128,0.3606,0.2707,2,False,running
88434632b5,formation_7_smooth_bypass,74,14.8,1784476800,smooth_adaptive_clusters,finish_first,r06,r06,True,upper,member,local,3,3,4.24486,-0.73049,-0.20897,0.37547,0.43299,897,1000,105,27,0,0,0000,---,False,0.37623,-0.05338,0.37547,0.43299,4.67735,-0.58145,cached_path_to_final_target,a,"$3,0,0,0,0,0,0,0,0#",18000,20000,Set tank.c app_speed/duty level to the logged pwm before sending the move key/protocol command; e=stop.,4.10073,11.13239,2,5,0,0.10464,-0.01048,8.26266,4.00583,-0.53978,8.0124,4.0648,4.0058,0.75584,20,-0.0596,7,0,79.80377,29.51128,0.3606,0.2707,2,False,running
88434632b5,formation_7_smooth_bypass,74,14.8,1784476800,smooth_adaptive_clusters,finish_first,r07,r07,True,upper,member,local,3,3,4.07086,0.95073,0.38117,0.37798,-0.28862,1000,934,-104,49,0,0,0000,---,False,0.35877,0.12522,0.37798,-0.28862,4.52262,0.91557,cached_path_to_final_target,w,"$1,0,0,0,0,0,0,0,0#",20000,19000,Set tank.c app_speed/duty level to the logged pwm before sending the move key/protocol command; e=stop.,4.6393,12.32342,0,0,0,0.31065,0.1266,7.45608,4.00583,-0.53978,8.0124,4.0648,4.0058,0.75584,20,-0.0596,7,0,79.80377,29.51128,0.3606,0.2707,2,False,running
88434632b5,formation_7_smooth_bypass,75,15.0,1784477000,smooth_adaptive_clusters,finish_first,r01,r01,True,upper,member,local,3,3,4.57794,-1.1227,-0.01635,0.37906,0.19658,956,1000,110,66,0,0,0000,---,False,0.37996,0.00552,0.37906,0.19658,5.00035,-1.07533,cached_path_to_final_target,w,"$1,0,0,0,0,0,0,0,0#",19000,20000,Set tank.c app_speed/duty level to the logged pwm before sending the move key/protocol command; e=stop.,4.59974,12.36885,0,3,0,0.491,0.0497,7.52788,4.07198,-0.5471,7.9469,4.1313,4.072,0.77686,20,-0.0596,7,0,81.0964,30.0,0.3491,0.2715,2,False,running
88434632b5,formation_7_smooth_bypass,75,15.0,1784477000,smooth_adaptive_clusters,finish_first,r02,r02,True,upper,member,local,3,3,3.95963,-1.00002,-0.31514,0.37265,-0.55164,1000,865,95,54,0,0,0000,---,False,0.34973,-0.14862,0.37265,-0.55164,4.41158,-0.96955,cached_path_to_final_target,d,"$4,0,0,0,0,0,0,0,0#",20000,17000,Set tank.c app_speed/duty level to the logged pwm before sending the move key/protocol command; e=stop.,4.30886,11.73408,2,5,0,0.50309,-0.01048,7.97325,4.07198,-0.5471,7.9469,4.1313,4.072,0.77686,20,-0.0596,7,0,81.0964,30.0,0.3491,0.2715,2,False,running
88434632b5,formation_7_smooth_bypass,75,15.0,1784477000,smooth_adaptive_clusters,finish_first,r03,r03,True,upper,member,local,3,3,4.91934,-0.83228,0.20398,0.37883,0.21994,951,1000,119,50,0,0,0000,---,False,0.36924,0.08979,0.37883,0.21994,5.36389,-0.86446,cached_path_to_final_target,w,"$1,0,0,0,0,0,0,0,0#",19000,20000,Set tank.c app_speed/duty level to the logged pwm before sending the move key/protocol command; e=stop.,4.73646,12.66288,0,3,0,0.23453,0.0497,7.38026,4.07198,-0.5471,7.9469,4.1313,4.072,0.77686,20,-0.0596,7,0,81.0964,30.0,0.3491,0.2715,2,False,running
88434632b5,formation_7_smooth_bypass,75,15.0,1784477000,smooth_adaptive_clusters,finish_first,r04,r04,True,upper,member,local,3,3,3.31755,-0.78887,-0.61464,0.2472,1.1111,417,884,77,59,0,0,0000,---,False,0.30913,0.03914,0.2472,1.1111,3.80587,-0.69342,cached_path_to_final_target,a,"$3,0,0,0,0,0,0,0,0#",8000,18000,Set tank.c app_speed/duty level to the logged pwm before sending the move key/protocol command; e=stop.,3.83415,10.53978,5,3,0,0.58674,-0.05963,8.43529,4.07198,-0.5471,7.9469,4.1313,4.072,0.77686,20,-0.0596,7,0,81.0964,30.0,0.3491,0.2715,2,False,running
88434632b5,formation_7_smooth_bypass,75,15.0,1784477000,smooth_adaptive_clusters,finish_first,r05,r05,True,lower,member,local,3,3,3.26746,-0.32051,-0.46916,0.3116,0.0127,817,823,46,48,0,0,0000,---,False,0.27821,-0.14033,0.3116,0.0127,3.68008,-0.5285,cached_path_to_final_target,w,"$1,0,0,0,0,0,0,0,0#",16000,16000,Set tank.c app_speed/duty level to the logged pwm before sending the move key/protocol command; e=stop.,3.62991,9.94731,5,3,0,0.48153,-0.05963,8.82605,4.07198,-0.5471,7.9469,4.1313,4.072,0.77686,20,-0.0596,7,0,81.0964,30.0,0.3491,0.2715,2,False,running
88434632b5,formation_7_smooth_bypass,75,15.0,1784477000,smooth_adaptive_clusters,finish_first,r06,r06,True,upper,member,local,3,3,4.31946,-0.74017,-0.12896,0.37613,0.40004,906,1000,107,28,0,0,0000,---,False,0.37917,-0.0251,0.37613,0.40004,4.74806,-0.58935,cached_path_to_final_target,a,"$3,0,0,0,0,0,0,0,0#",18000,20000,Set tank.c app_speed/duty level to the logged pwm before sending the move key/protocol command; e=stop.,4.17595,11.32488,2,5,0,0.10464,-0.01048,8.18952,4.07198,-0.5471,7.9469,4.1313,4.072,0.77686,20,-0.0596,7,0,81.0964,30.0,0.3491,0.2715,2,False,running
88434632b5,formation_7_smooth_bypass,75,15.0,1784477000,smooth_adaptive_clusters,finish_first,r07,r07,True,upper,member,local,3,3,4.14251,0.97489,0.32523,0.37811,-0.27972,1000,936,-105,51,0,0,0000,---,False,0.36507,0.10548,0.37811,-0.27972,4.59208,0.942,cached_path_to_final_target,w,"$1,0,0,0,0,0,0,0,0#",20000,19000,Set tank.c app_speed/duty level to the logged pwm before sending the move key/protocol command; e=stop.,4.71492,12.51863,0,0,0,0.31065,0.1266,7.38618,4.07198,-0.5471,7.9469,4.1313,4.072,0.77686,20,-0.0596,7,0,81.0964,30.0,0.3491,0.2715,2,False,running
88434632b5,formation_7_smooth_bypass,76,15.2,1784477200,smooth_adaptive_clusters,finish_first,r01,r01,True,upper,member,local,3,3,4.65362,-1.1203,0.03172,0.3786,0.24037,946,1000,110,67,0,0,0000,---,False,0.37908,0.02639,0.3786,0.24037,5.0749,-1.05606,path_to_final_target,w,"$1,0,0,0,0,0,0,0,0#",19000,20000,Set tank.c app_speed/duty level to the logged pwm before sending the move key/protocol command; e=stop.,4.67546,12.56544,0,3,0,0.491,0.0497,7.45225,4.14101,-0.55528,7.8786,4.2008,4.141,0.79428,20,-0.0596,7,0,82.45743,30.51217,0.3658,0.2724,2,False,running
88434632b5,formation_7_smooth_bypass,76,15.2,1784477200,smooth_adaptive_clusters,finish_first,r02,r02,True,upper,member,local,3,3,4.0314,-1.0249,-0.33374,0.37979,-0.093,1000,980,100,56,0,0,0000,---,False,0.35718,-0.12971,0.37979,-0.093,4.4809,-0.98721,path_to_final_target,w,"$1,0,0,0,0,0,0,0,0#",20000,20000,Set tank.c app_speed/duty level to the logged pwm before sending the move key/protocol command; e=stop.,4.38482,11.93876,2,5,0,0.50309,-0.01048,7.90446,4.14101,-0.55528,7.8786,4.2008,4.141,0.79428,20,-0.0596,7,0,82.45743,30.51217,0.3658,0.2724,2,False,running
88434632b5,formation_7_smooth_bypass,76,15.2,1784477200,smooth_adaptive_clusters,finish_first,r03,r03,True,upper,member,local,3,3,4.99286,-0.81387,0.2453,0.37897,0.20662,954,1000,120,54,0,0,0000,---,False,0.36543,0.1042,0.37897,0.20662,5.43819,-0.85487,path_to_final_target,w,"$1,0,0,0,0,0,0,0,0#",19000,20000,Set tank.c app_speed/duty level to the logged pwm before sending the move key/protocol command; e=stop.,4.81225,12.85994,0,3,0,0.23453,0.0497,7.30542,4.14101,-0.55528,7.8786,4.2008,4.141,0.79428,20,-0.0596,7,0,82.45743,30.51217,0.3658,0.2724,2,False,running
88434632b5,formation_7_smooth_bypass,76,15.2,1784477200,smooth_adaptive_clusters,finish_first,r04,r04,True,upper,member,local,3,3,3.376,-0.82994,-0.61242,0.3572,0.0111,938,942,80,57,0,0,0000,---,False,0.26587,-0.2448,0.3572,0.0111,3.84495,-0.69964,path_to_final_target,w,"$1,0,0,0,0,0,0,0,0#",19000,19000,Set tank.c app_speed/duty level to the logged pwm before sending the move key/protocol command; e=stop.,3.90559,10.749,5,3,0,0.57059,-0.05963,8.38185,4.14101,-0.55528,7.8786,4.2008,4.141,0.79428,20,-0.0596,7,0,82.45743,30.51217,0.3658,0.2724,2,False,running
88434632b5,formation_7_smooth_bypass,76,15.2,1784477200,smooth_adaptive_clusters,finish_first,r05,r05,True,lower,member,local,3,3,3.32308,-0.34862,-0.46796,0.3116,0.00596,819,821,48,43,0,0,0000,---,False,0.27823,-0.14029,0.3116,0.00596,3.73563,-0.55658,path_to_final_target,w,"$1,0,0,0,0,0,0,0,0#",16000,16000,Set tank.c app_speed/duty level to the logged pwm before sending the move key/protocol command; e=stop.,3.69223,10.11262,5,3,0,0.42591,-0.05963,8.77203,4.14101,-0.55528,7.8786,4.2008,4.141,0.79428,20,-0.0596,7,0,82.45743,30.51217,0.3658,0.2724,2,False,running
88434632b5,formation_7_smooth_bypass,76,15.2,1784477200,smooth_adaptive_clusters,finish_first,r06,r06,True,upper,member,local,3,3,4.39467,-0.74427,-0.05442,0.37664,0.37269,913,1000,108,28,0,0,0000,---,False,0.38,0.00157,0.37664,0.37269,4.82069,-0.59543,path_to_final_target,a,"$3,0,0,0,0,0,0,0,0#",18000,20000,Set tank.c app_speed/duty level to the logged pwm before sending the move key/protocol command; e=stop.,4.25128,11.518,2,5,0,0.10464,-0.01048,8.11519,4.14101,-0.55528,7.8786,4.2008,4.141,0.79428,20,-0.0596,7,0,82.45743,30.51217,0.3658,0.2724,2,False,running
88434632b5,formation_7_smooth_bypass,76,15.2,1784477200,smooth_adaptive_clusters,finish_first,r07,r07,True,upper,member,local,3,3,4.21541,0.99497,0.26874,0.37807,-0.28243,1000,935,-106,53,0,0,0000,---,False,0.37048,0.08454,0.37807,-0.28243,4.66303,0.95837,path_to_final_target,w,"$1,0,0,0,0,0,0,0,0#",20000,19000,Set tank.c app_speed/duty level to the logged pwm before sending the move key/protocol command; e=stop.,4.79054,12.71368,0,0,0,0.31065,0.1266,7.31487,4.14101,-0.55528,7.8786,4.2008,4.141,0.79428,20,-0.0596,7,0,82.45743,30.51217,0.3658,0.2724,2,False,running
88434632b5,formation_7_smooth_bypass,77,15.4,1784477400,smooth_adaptive_clusters,finish_first,r01,r01,True,upper,member,local,3,3,4.72913,-1.11439,0.07809,0.3787,0.23183,948,1000,111,68,0,0,0000,---,False,0.37751,0.04342,0.3787,0.23183,5.15135,-1.04684,cached_path_to_final_target,w,"$1,0,0,0,0,0,0,0,0#",19000,20000,Set tank.c app_speed/duty level to the logged pwm before sending the move key/protocol command; e=stop.,4.7512,12.76185,0,3,0,0.491,0.0497,7.37652,4.21006,-0.5625,7.8102,4.2702,4.2101,0.81024,21,-0.0596,7,0,83.80232,31.02569,0.3668,0.2734,2,False,running
88434632b5,formation_7_smooth_bypass,77,15.4,1784477400,smooth_adaptive_clusters,finish_first,r02,r02,True,upper,member,local,3,3,4.10366,-1.04825,-0.31253,0.37973,0.10604,977,1000,103,59,0,0,0000,---,False,0.36349,-0.1108,0.37973,0.10604,4.55191,-1.00838,cached_path_to_final_target,w,"$1,0,0,0,0,0,0,0,0#",20000,20000,Set tank.c app_speed/duty level to the logged pwm before sending the move key/protocol command; e=stop.,4.46077,12.13997,2,5,0,0.50309,-0.01048,7.83513,4.21006,-0.5625,7.8102,4.2702,4.2101,0.81024,21,-0.0596,7,0,83.80232,31.02569,0.3668,0.2734,2,False,running
88434632b5,formation_7_smooth_bypass,77,15.4,1784477400,smooth_adaptive_clusters,finish_first,r03,r03,True,upper,member,local,3,3,5.06562,-0.79258,0.28475,0.37906,0.19725,956,1000,121,58,0,0,0000,---,False,0.36121,0.118,0.37906,0.19725,5.51185,-0.84169,cached_path_to_final_target,w,"$1,0,0,0,0,0,0,0,0#",19000,20000,Set tank.c app_speed/duty level to the logged pwm before sending the move key/protocol command; e=stop.,4.88806,13.05715,0,3,0,0.23453,0.0497,7.23112,4.21006,-0.5625,7.8102,4.2702,4.2101,0.81024,21,-0.0596,7,0,83.80232,31.02569,0.3668,0.2734,2,False,running
88434632b5,formation_7_smooth_bypass,77,15.4,1784477400,smooth_adaptive_clusters,finish_first,r04,r04,True,upper,member,local,3,3,3.43357,-0.87431,-0.65665,0.36337,-0.22113,1000,910,86,56,0,0,0000,---,False,0.2808,-0.23242,0.36337,-0.22113,3.89672,-0.72497,cached_path_to_final_target,d,"$4,0,0,0,0,0,0,0,0#",20000,18000,Set tank.c app_speed/duty level to the logged pwm before sending the move key/protocol command; e=stop.,3.97827,10.94427,5,3,0,0.56481,-0.05963,8.32997,4.21006,-0.5625,7.8102,4.2702,4.2101,0.81024,21,-0.0596,7,0,83.80232,31.02569,0.3668,0.2734,2,False,running
88434632b5,formation_7_smooth_bypass,77,15.4,1784477400,smooth_adaptive_clusters,finish_first,r05,r05,True,lower,member,local,3,3,3.37906,-0.37595,-0.4541,0.3115,0.06932,805,834,51,37,0,0,0000,---,False,0.28149,-0.13363,0.3115,0.06932,3.79419,-0.57226,cached_path_to_final_target,w,"$1,0,0,0,0,0,0,0,0#",16000,17000,Set tank.c app_speed/duty level to the logged pwm before sending the move key/protocol command; e=stop.,3.75453,10.27841,5,3,0,0.37062,-0.05963,8.71771,4.21006,-0.5625,7.8102,4.2702,4.2101,0.81024,21,-0.0596,7,0,83.80232,31.02569,0.3668,0.2734,2,False,running
88434632b5,formation_7_smooth_bypass,77,15.4,1784477400,smooth_adaptive_clusters,finish_first,r06,r06,True,upper,member,local,3,3,4.47007,-0.74307,0.0159,0.37701,0.3516,918,1000,109,28,0,0,0000,---,False,0.37904,0.02701,0.37701,0.3516,4.89442,-0.59753,cached_path_to_final_target,a,"$3,0,0,0,0,0,0,0,0#",18000,20000,Set tank.c app_speed/duty level to the logged pwm before sending the move key/protocol command; e=stop.,4.32668,11.71155,2,5,0,0.10464,-0.01048,8.04012,4.21006,-0.5625,7.8102,4.2702,4.2101,0.81024,21,-0.0596,7,0,83.80232,31.02569,0.3668,0.2734,2,False,running
88434632b5,formation_7_smooth_bypass,77,15.4,1784477400,smooth_adaptive_clusters,finish_first,r07,r07,True,upper,member,local,3,3,4.28932,1.01107,0.21458,0.37822,-0.27079,1000,938,-107,55,0,0,0000,---,False,0.37439,0.06505,0.37822,-0.27079,4.73532,0.97607,cached_path_to_final_target,w,"$1,0,0,0,0,0,0,0,0#",20000,19000,Set tank.c app_speed/duty level to the logged pwm before sending the move key/protocol command; e=stop.,4.86618,12.90912,0,0,0,0.31065,0.1266,7.24233,4.21006,-0.5625,7.8102,4.2702,4.2101,0.81024,21,-0.0596,7,0,83.80232,31.02569,0.3668,0.2734,2,False,running
88434632b5,formation_7_smooth_bypass,78,15.6,1784477600,smooth_adaptive_clusters,finish_first,r01,r01,True,upper,member,local,3,3,4.80455,-1.10606,0.11004,0.37938,0.15978,965,1000,112,69,0,0,0000,---,False,0.37653,0.0512,0.37938,0.15978,5.22436,-1.0713,cached_path_to_final_target,w,"$1,0,0,0,0,0,0,0,0#",19000,20000,Set tank.c app_speed/duty level to the logged pwm before sending the move key/protocol command; e=stop.,4.82708,12.96064,0,3,0,0.491,0.0497,7.30067,4.27814,-0.56979,7.7429,4.3387,4.2781,0.82585,21,-0.0596,7,0,85.15554,31.53821,0.3661,0.2742,2,False,running
88434632b5,formation_7_smooth_bypass,78,15.6,1784477600,smooth_adaptive_clusters,finish_first,r02,r02,True,upper,member,local,3,3,4.17664,-1.06884,-0.27499,0.37915,0.1877,958,1000,105,61,0,0,0000,---,False,0.36861,-0.09235,0.37915,0.1877,4.62378,-1.02958,cached_path_to_final_target,w,"$1,0,0,0,0,0,0,0,0#",19000,20000,Set tank.c app_speed/duty level to the logged pwm before sending the move key/protocol command; e=stop.,4.53659,12.33815,2,5,0,0.50309,-0.01048,7.7649,4.27814,-0.56979,7.7429,4.3387,4.2781,0.82585,21,-0.0596,7,0,85.15554,31.53821,0.3661,0.2742,2,False,running
88434632b5,formation_7_smooth_bypass,78,15.6,1784477600,smooth_adaptive_clusters,finish_first,r03,r03,True,upper,member,local,3,3,5.13754,-0.76855,0.32244,0.37914,0.18847,958,1000,122,62,0,0,0000,---,False,0.35669,0.13104,0.37914,0.18847,5.58474,-0.8259,cached_path_to_final_target,w,"$1,0,0,0,0,0,0,0,0#",19000,20000,Set tank.c app_speed/duty level to the logged pwm before sending the move key/protocol command; e=stop.,4.96389,13.25456,0,3,0,0.23453,0.0497,7.15747,4.27814,-0.56979,7.7429,4.3387,4.2781,0.82585,21,-0.0596,7,0,85.15554,31.53821,0.3661,0.2742,2,False,running
88434632b5,formation_7_smooth_bypass,78,15.6,1784477600,smooth_adaptive_clusters,finish_first,r04,r04,True,upper,member,local,3,3,3.49242,-0.91875,-0.64682,0.36874,0.04913,960,981,89,57,0,0,0000,---,False,0.29601,-0.21998,0.36874,0.04913,3.9515,-0.75786,cached_path_to_final_target,w,"$1,0,0,0,0,0,0,0,0#",19000,20000,Set tank.c app_speed/duty level to the logged pwm before sending the move key/protocol command; e=stop.,4.05201,11.14298,5,3,0,0.56481,-0.05963,8.27714,4.27814,-0.56979,7.7429,4.3387,4.2781,0.82585,21,-0.0596,7,0,85.15554,31.53821,0.3661,0.2742,2,False,running
88434632b5,formation_7_smooth_bypass,78,15.6,1784477600,smooth_adaptive_clusters,finish_first,r05,r05,True,lower,member,local,3,3,3.42654,-0.41281,-0.66023,0.30054,-1.03068,1000,574,66,33,0,0,0000,---,False,0.16807,-0.34081,0.30054,-1.03068,3.85537,-0.57697,cached_path_to_final_target,d,"$4,0,0,0,0,0,0,0,0#",20000,11000,Set tank.c app_speed/duty level to the logged pwm before sending the move key/protocol command; e=stop.,3.81464,10.44889,5,3,0,0.32697,-0.05963,8.67259,4.27814,-0.56979,7.7429,4.3387,4.2781,0.82585,21,-0.0596,7,0,85.15554,31.53821,0.3661,0.2742,2,False,running
88434632b5,formation_7_smooth_bypass,78,15.6,1784477600,smooth_adaptive_clusters,finish_first,r06,r06,True,upper,member,local,3,3,4.54527,-0.73683,0.08276,0.37729,0.33432,922,1000,110,28,0,0,0000,---,False,0.37653,0.05126,0.37729,0.33432,4.96872,-0.59518,cached_path_to_final_target,a,"$3,0,0,0,0,0,0,0,0#",18000,20000,Set tank.c app_speed/duty level to the logged pwm before sending the move key/protocol command; e=stop.,4.40214,11.90546,2,5,0,0.10464,-0.01048,7.96469,4.27814,-0.56979,7.7429,4.3387,4.2781,0.82585,21,-0.0596,7,0,85.15554,31.53821,0.3661,0.2742,2,False,running
88434632b5,formation_7_smooth_bypass,78,15.6,1784477600,smooth_adaptive_clusters,finish_first,r07,r07,True,upper,member,local,3,3,4.364,1.02334,0.1628,0.37838,-0.25889,1000,941,-108,56,0,0,0000,---,False,0.37717,0.04629,0.37838,-0.25889,4.80872,0.9916,cached_path_to_final_target,w,"$1,0,0,0,0,0,0,0,0#",20000,19000,Set tank.c app_speed/duty level to the logged pwm before sending the move key/protocol command; e=stop.,4.94186,13.10486,0,0,0,0.31065,0.1266,7.16881,4.27814,-0.56979,7.7429,4.3387,4.2781,0.82585,21,-0.0596,7,0,85.15554,31.53821,0.3661,0.2742,2,False,running
88434632b5,formation_7_smooth_bypass,79,15.8,1784477800,smooth_adaptive_clusters,finish_first,r01,r01,True,upper,member,local,3,3,4.87954,-1.09484,0.14847,0.37911,0.19213,957,1000,113,71,0,0,0000,---,False,0.37395,0.06753,0.37911,0.19213,5.29971,-1.05544,path_to_final_target,w,"$1,0,0,0,0,0,0,0,0#",19000,20000,Set tank.c app_speed/duty level to the logged pwm before sending the move key/protocol command; e=stop.,4.9029,13.1582,0,3,0,0.491,0.0497,7.22503,4.34296,-0.57663,7.6787,4.4039,4.343,0.84231,21,-0.0596,7,0,86.46315,32.03888,0.3576,0.2749,2,False,running
88434632b5,formation_7_smooth_bypass,79,15.8,1784477800,smooth_adaptive_clusters,finish_first,r02,r02,True,upper,member,local,3,3,4.25042,-1.08593,-0.22758,0.37864,0.23708,947,1000,106,62,0,0,0000,---,False,0.37314,-0.07189,0.37864,0.23708,4.69585,-1.03806,path_to_final_target,w,"$1,0,0,0,0,0,0,0,0#",19000,20000,Set tank.c app_speed/duty level to the logged pwm before sending the move key/protocol command; e=stop.,4.61232,12.5349,2,5,0,0.50309,-0.01048,7.69358,4.34296,-0.57663,7.6787,4.4039,4.343,0.84231,21,-0.0596,7,0,86.46315,32.03888,0.3576,0.2749,2,False,running
88434632b5,formation_7_smooth_bypass,79,15.8,1784477800,smooth_adaptive_clusters,finish_first,r03,r03,True,lower,member,local,3,3,5.2086,-0.74201,0.35741,0.37926,0.17481,961,1000,123,66,0,0,0000,---,False,0.3522,0.14267,0.37926,0.17481,5.65658,-0.81096,path_to_final_target,w,"$1,0,0,0,0,0,0,0,0#",19000,20000,Set tank.c app_speed/duty level to the logged pwm before sending the move key/protocol command; e=stop.,5.03974,13.45233,0,3,0,0.23453,0.0497,7.08452,4.34296,-0.57663,7.6787,4.4039,4.343,0.84231,21,-0.0596,7,0,86.46315,32.03888,0.3576,0.2749,2,False,running
88434632b5,formation_7_smooth_bypass,79,15.8,1784477800,smooth_adaptive_clusters,finish_first,r04,r04,True,upper,member,local,3,3,3.53154,-0.95262,-0.71347,0.25874,-0.33323,751,611,96,58,0,0,0000,---,False,-0.13902,0.13369,0.25874,-0.33323,3.98936,-0.82491,path_to_final_target,d,"$4,0,0,0,0,0,0,0,0#",15000,12000,Set tank.c app_speed/duty level to the logged pwm before sending the move key/protocol command; e=stop.,4.10376,11.29284,5,3,0,0.56481,-0.05963,8.24276,4.34296,-0.57663,7.6787,4.4039,4.343,0.84231,21,-0.0596,7,0,86.46315,32.03888,0.3576,0.2749,2,False,running
88434632b5,formation_7_smooth_bypass,79,15.8,1784477800,smooth_adaptive_clusters,finish_first,r05,r05,True,lower,member,local,3,3,3.47148,-0.46692,-0.87774,0.3517,-1.08753,1000,697,83,29,0,0,0000,---,False,0.18953,-0.32936,0.3517,-1.08753,3.91491,-0.57838,path_to_final_target,d,"$4,0,0,0,0,0,0,0,0#",20000,14000,Set tank.c app_speed/duty level to the logged pwm before sending the move key/protocol command; e=stop.,3.88498,10.62466,5,3,0,0.29472,-0.05963,8.63139,4.34296,-0.57663,7.6787,4.4039,4.343,0.84231,21,-0.0596,7,0,86.46315,32.03888,0.3576,0.2749,2,False,running
88434632b5,formation_7_smooth_bypass,79,15.8,1784477800,smooth_adaptive_clusters,finish_first,r06,r06,True,upper,member,local,3,3,4.61996,-0.7258,0.14656,0.37754,0.31902,926,1000,112,27,0,0,0000,---,False,0.37267,0.07426,0.37754,0.31902,5.04318,-0.58845,path_to_final_target,w,"$1,0,0,0,0,0,0,0,0#",19000,20000,Set tank.c app_speed/duty level to the logged pwm before sending the move key/protocol command; e=stop.,4.47765,12.09974,2,5,0,0.10464,-0.01048,7.88923,4.34296,-0.57663,7.6787,4.4039,4.343,0.84231,21,-0.0596,7,0,86.46315,32.03888,0.3576,0.2749,2,False,running
88434632b5,formation_7_smooth_bypass,79,15.8,1784477800,smooth_adaptive_clusters,finish_first,r07,r07,True,upper,member,local,3,3,4.43921,1.0317,0.11078,0.37836,-0.26009,1000,941,-109,57,0,0,0000,---,False,0.37907,0.02654,0.37836,-0.26009,4.88276,0.99737,path_to_final_target,w,"$1,0,0,0,0,0,0,0,0#",20000,19000,Set tank.c app_speed/duty level to the logged pwm before sending the move key/protocol command; e=stop.,5.01753,13.30049,0,0,0,0.31065,0.1266,7.09448,4.34296,-0.57663,7.6787,4.4039,4.343,0.84231,21,-0.0596,7,0,86.46315,32.03888,0.3576,0.2749,2,False,running
88434632b5,formation_7_smooth_bypass,80,16.0,1784478000,smooth_adaptive_clusters,finish_first,r01,r01,True,upper,member,local,3,3,4.95407,-1.08087,0.18527,0.37918,0.184,959,1000,114,73,0,0,0000,---,False,0.37132,0.08077,0.37918,0.184,5.37628,-1.0473,cached_path_to_final_target,w,"$1,0,0,0,0,0,0,0,0#",19000,20000,Set tank.c app_speed/duty level to the logged pwm before sending the move key/protocol command; e=stop.,4.97873,13.3557,0,3,0,0.491,0.0497,7.14961,4.40342,-0.57768,7.6185,4.4644,4.4034,0.8623,21,-0.0596,7,0,87.68771,32.49656,0.3269,0.2752,2,False,running
88434632b5,formation_7_smooth_bypass,80,16.0,1784478000,smooth_adaptive_clusters,finish_first,r02,r02,True,upper,member,local,3,3,4.32492,-1.09955,-0.18077,0.37867,0.234,947,1000,107,64,0,0,0000,---,False,0.37607,-0.05453,0.37867,0.234,4.76942,-1.05572,cached_path_to_final_target,w,"$1,0,0,0,0,0,0,0,0#",19000,20000,Set tank.c app_speed/duty level to the logged pwm before sending the move key/protocol command; e=stop.,4.68806,12.73115,2,5,0,0.50309,-0.01048,7.62121,4.40342,-0.57768,7.6185,4.4644,4.4034,0.8623,21,-0.0596,7,0,87.68771,32.49656,0.3269,0.2752,2,False,running
88434632b5,formation_7_smooth_bypass,80,16.0,1784478000,smooth_adaptive_clusters,finish_first,r03,r03,True,lower,member,local,3,3,5.27875,-0.71312,0.39072,0.37933,0.16656,963,1000,124,71,0,0,0000,---,False,0.34745,0.15387,0.37933,0.16656,5.72753,-0.79262,cached_path_to_final_target,w,"$1,0,0,0,0,0,0,0,0#",19000,20000,Set tank.c app_speed/duty level to the logged pwm before sending the move key/protocol command; e=stop.,5.11561,13.65023,0,3,0,0.23453,0.0497,7.01237,4.40342,-0.57768,7.6185,4.4644,4.4034,0.8623,21,-0.0596,7,0,87.68771,32.49656,0.3269,0.2752,2,False,running
88434632b5,formation_7_smooth_bypass,80,16.0,1784478000,smooth_adaptive_clusters,finish_first,r04,r04,True,upper,member,local,3,3,3.55447,-0.97157,-0.69082,0.14874,0.11321,368,415,96,58,0,0,0000,---,False,-0.14227,0.11342,0.14874,0.11321,4.03504,-0.88689,cached_path_to_final_target,w,"$1,0,0,0,0,0,0,0,0#",7000,8000,Set tank.c app_speed/duty level to the logged pwm before sending the move key/protocol command; e=stop.,4.13351,11.385,5,3,0,0.56481,-0.05963,8.22258,4.40342,-0.57768,7.6185,4.4644,4.4034,0.8623,21,-0.0596,7,0,87.68771,32.49656,0.3269,0.2752,2,False,running
88434632b5,formation_7_smooth_bypass,80,16.0,1784478000,smooth_adaptive_clusters,finish_first,r05,r05,True,lower,member,local,3,3,3.50303,-0.50473,-0.87525,0.24622,0.01247,645,651,86,28,0,0,0000,---,False,0.30422,-0.06741,0.24622,0.01247,3.9764,-0.5788,cached_path_to_final_target,w,"$1,0,0,0,0,0,0,0,0#",13000,13000,Set tank.c app_speed/duty level to the logged pwm before sending the move key/protocol command; e=stop.,3.93422,10.77468,5,3,0,0.27804,-0.05963,8.60267,4.40342,-0.57768,7.6185,4.4644,4.4034,0.8623,21,-0.0596,7,0,87.68771,32.49656,0.3269,0.2752,2,False,running
88434632b5,formation_7_smooth_bypass,80,16.0,1784478000,smooth_adaptive_clusters,finish_first,r06,r06,True,upper,member,local,3,3,4.69389,-0.71024,0.20751,0.37775,0.30471,930,1000,113,28,0,0,0000,---,False,0.36767,0.096,0.37775,0.30471,5.11747,-0.57753,cached_path_to_final_target,w,"$1,0,0,0,0,0,0,0,0#",19000,20000,Set tank.c app_speed/duty level to the logged pwm before sending the move key/protocol command; e=stop.,4.5532,12.29441,2,5,0,0.10464,-0.01048,7.81404,4.40342,-0.57768,7.6185,4.4644,4.4034,0.8623,21,-0.0596,7,0,87.68771,32.49656,0.3269,0.2752,2,False,running
88434632b5,formation_7_smooth_bypass,80,16.0,1784478000,smooth_adaptive_clusters,finish_first,r07,r07,True,upper,member,local,3,3,4.51477,1.03633,0.06114,0.37851,-0.24824,1000,944,-110,58,0,0,0000,---,False,0.37991,0.00841,0.37851,-0.24824,4.95759,1.00428,cached_path_to_final_target,w,"$1,0,0,0,0,0,0,0,0#",20000,19000,Set tank.c app_speed/duty level to the logged pwm before sending the move key/protocol command; e=stop.,5.09323,13.49653,0,0,0,0.31065,0.1266,7.01953,4.40342,-0.57768,7.6185,4.4644,4.4034,0.8623,21,-0.0596,7,0,87.68771,32.49656,0.3269,0.2752,2,False,running
88434632b5,formation_7_smooth_bypass,81,16.2,1784478200,smooth_adaptive_clusters,finish_first,r01,r01,True,upper,member,local,3,3,5.02823,-1.06471,0.21455,0.37948,0.14643,968,1000,116,75,0,0,0000,---,False,0.36933,0.08943,0.37948,0.14643,5.453,-1.05387,cached_path_to_final_target,w,"$1,0,0,0,0,0,0,0,0#",19000,20000,Set tank.c app_speed/duty level to the logged pwm before sending the move key/protocol command; e=stop.,5.05463,13.55442,0,3,0,0.491,0.0497,7.07442,4.46702,-0.57625,7.555,4.528,4.467,0.87676,20,-0.0596,7,0,88.94628,32.96758,0.3364,0.2757,2,False,running
88434632b5,formation_7_smooth_bypass,81,16.2,1784478200,smooth_adaptive_clusters,finish_first,r02,r02,True,upper,member,local,3,3,4.39998,-1.10972,-0.13476,0.37872,0.23007,948,1000,108,65,0,0,0000,---,False,0.37815,-0.03741,0.37872,0.23007,4.8436,-1.06955,cached_path_to_final_target,w,"$1,0,0,0,0,0,0,0,0#",19000,20000,Set tank.c app_speed/duty level to the logged pwm before sending the move key/protocol command; e=stop.,4.7638,12.92751,2,5,0,0.50309,-0.01048,7.54794,4.46702,-0.57625,7.555,4.528,4.467,0.87676,20,-0.0596,7,0,88.94628,32.96758,0.3364,0.2757,2,False,running
88434632b5,formation_7_smooth_bypass,81,16.2,1784478200,smooth_adaptive_clusters,finish_first,r03,r03,True,lower,member,local,3,3,5.34795,-0.68201,0.42251,0.37939,0.15896,965,1000,125,76,0,0,0000,---,False,0.34258,0.16443,0.37939,0.15896,5.79747,-0.77222,cached_path_to_final_target,w,"$1,0,0,0,0,0,0,0,0#",19000,20000,Set tank.c app_speed/duty level to the logged pwm before sending the move key/protocol command; e=stop.,5.19148,13.84833,0,3,0,0.23453,0.0497,6.94107,4.46702,-0.57625,7.555,4.528,4.467,0.87676,20,-0.0596,7,0,88.94628,32.96758,0.3364,0.2757,2,False,running
88434632b5,formation_7_smooth_bypass,81,16.2,1784478200,smooth_adaptive_clusters,finish_first,r04,r04,True,upper,member,local,3,3,3.59584,-0.99146,-0.44818,0.22952,1.21321,349,859,84,58,0,0,0000,---,False,0.31118,0.01618,0.22952,1.21321,4.08434,-0.94402,cached_path_to_final_target,a,"$3,0,0,0,0,0,0,0,0#",7000,17000,Set tank.c app_speed/duty level to the logged pwm before sending the move key/protocol command; e=stop.,4.17941,11.52418,5,3,0,0.56481,-0.05963,8.18432,4.46702,-0.57625,7.555,4.528,4.467,0.87676,20,-0.0596,7,0,88.94628,32.96758,0.3364,0.2757,2,False,running
88434632b5,formation_7_smooth_bypass,81,16.2,1784478200,smooth_adaptive_clusters,finish_first,r05,r05,True,upper,member,local,3,3,3.5398,-0.53284,-0.65275,0.23142,1.11247,375,843,76,26,0,0,0000,---,False,0.30849,-0.04394,0.23142,1.11247,4.0239,-0.57893,cached_path_to_final_target,a,"$3,0,0,0,0,0,0,0,0#",8000,17000,Set tank.c app_speed/duty level to the logged pwm before sending the move key/protocol command; e=stop.,3.98051,10.90959,5,3,0,0.25771,-0.05963,8.56817,4.46702,-0.57625,7.555,4.528,4.467,0.87676,20,-0.0596,7,0,88.94628,32.96758,0.3364,0.2757,2,False,running
88434632b5,formation_7_smooth_bypass,81,16.2,1784478200,smooth_adaptive_clusters,finish_first,r06,r06,True,upper,member,local,3,3,4.76683,-0.69039,0.2657,0.37795,0.29095,933,1000,114,30,0,0,0000,---,False,0.36172,0.11643,0.37795,0.29095,5.19131,-0.56269,cached_path_to_final_target,w,"$1,0,0,0,0,0,0,0,0#",19000,20000,Set tank.c app_speed/duty level to the logged pwm before sending the move key/protocol command; e=stop.,4.62879,12.48937,2,5,0,0.10464,-0.01048,7.73939,4.46702,-0.57625,7.555,4.528,4.467,0.87676,20,-0.0596,7,0,88.94628,32.96758,0.3364,0.2757,2,False,running
88434632b5,formation_7_smooth_bypass,81,16.2,1784478200,smooth_adaptive_clusters,finish_first,r07,r07,True,upper,member,local,3,3,4.59049,1.03738,0.01384,0.37865,-0.23646,1000,947,-111,58,0,0,0000,---,False,0.3799,-0.00886,0.37865,-0.23646,5.03291,1.00912,cached_path_to_final_target,w,"$1,0,0,0,0,0,0,0,0#",20000,19000,Set tank.c app_speed/duty level to the logged pwm before sending the move key/protocol command; e=stop.,5.16896,13.69288,0,0,0,0.31065,0.1266,6.94415,4.46702,-0.57625,7.555,4.528,4.467,0.87676,20,-0.0596,7,0,88.94628,32.96758,0.3364,0.2757,2,False,running
88434632b5,formation_7_smooth_bypass,82,16.4,1784478400,smooth_adaptive_clusters,finish_first,r01,r01,True,upper,member,local,3,3,5.10187,-1.04635,0.24442,0.37946,0.14934,967,1000,117,78,0,0,0000,---,False,0.36645,0.10059,0.37946,0.14934,5.52957,-1.04577,path_to_final_target,w,"$1,0,0,0,0,0,0,0,0#",19000,20000,Set tank.c app_speed/duty level to the logged pwm before sending the move key/protocol command; e=stop.,5.13052,13.75267,0,3,0,0.491,0.0497,6.9996,4.53398,-0.57058,7.4878,4.5952,4.534,0.88304,19,-0.0596,7,0,90.22486,33.4542,0.3476,0.2765,2,False,running
88434632b5,formation_7_smooth_bypass,82,16.4,1784478400,smooth_adaptive_clusters,finish_first,r02,r02,True,upper,member,local,3,3,4.47537,-1.11571,-0.07928,0.37814,0.2774,937,1000,108,65,0,0,0000,---,False,0.37976,-0.01356,0.37814,0.2774,4.91004,-1.05034,path_to_final_target,w,"$1,0,0,0,0,0,0,0,0#",19000,20000,Set tank.c app_speed/duty level to the logged pwm before sending the move key/protocol command; e=stop.,4.83943,13.12324,2,5,0,0.50309,-0.01048,7.47386,4.53398,-0.57058,7.4878,4.5952,4.534,0.88304,19,-0.0596,7,0,90.22486,33.4542,0.3476,0.2765,2,False,running
88434632b5,formation_7_smooth_bypass,82,16.4,1784478400,smooth_adaptive_clusters,finish_first,r03,r03,True,lower,member,local,3,3,5.41622,-0.64885,0.4521,0.37947,0.14797,967,1000,30,79,0,0,0000,---,False,0.33787,0.17391,0.37947,0.14797,5.86606,-0.75242,path_to_final_target,w,"$1,0,0,0,0,0,0,0,0#",19000,20000,Set tank.c app_speed/duty level to the logged pwm before sending the move key/protocol command; e=stop.,5.26738,14.04666,0,3,0,0.23453,0.0497,6.87068,4.53398,-0.57058,7.4878,4.5952,4.534,0.88304,19,-0.0596,7,0,90.22486,33.4542,0.3476,0.2765,2,False,running
88434632b5,formation_7_smooth_bypass,82,16.4,1784478400,smooth_adaptive_clusters,finish_first,r04,r04,True,upper,member,local,3,3,3.6502,-1.00128,-0.17858,0.27618,1.34803,443,1000,71,57,0,0,0000,---,False,0.31143,0.01036,0.27618,1.34803,4.12807,-0.97376,path_to_final_target,a,"$3,0,0,0,0,0,0,0,0#",9000,20000,Set tank.c app_speed/duty level to the logged pwm before sending the move key/protocol command; e=stop.,4.23465,11.67467,5,3,0,0.56481,-0.05963,8.13186,4.53398,-0.57058,7.4878,4.5952,4.534,0.88304,19,-0.0596,7,0,90.22486,33.4542,0.3476,0.2765,2,False,running
88434632b5,formation_7_smooth_bypass,82,16.4,1784478400,smooth_adaptive_clusters,finish_first,r05,r05,True,upper,member,local,3,3,3.58947,-0.55018,-0.33593,0.26305,1.58413,359,1000,61,23,0,0,0000,---,False,0.31042,-0.02707,0.26305,1.58413,4.06867,-0.57897,path_to_final_target,a,"$3,0,0,0,0,0,0,0,0#",7000,20000,Set tank.c app_speed/duty level to the logged pwm before sending the move key/protocol command; e=stop.,4.03312,11.05379,5,3,0,0.22552,-0.05963,8.52004,4.53398,-0.57058,7.4878,4.5952,4.534,0.88304,19,-0.0596,7,0,90.22486,33.4542,0.3476,0.2765,2,False,running
88434632b5,formation_7_smooth_bypass,82,16.4,1784478400,smooth_adaptive_clusters,finish_first,r06,r06,True,upper,member,local,3,3,4.83859,-0.66651,0.3212,0.37813,0.27754,937,1000,115,32,0,0,0000,---,False,0.35499,0.13558,0.37813,0.27754,5.26448,-0.54417,path_to_final_target,w,"$1,0,0,0,0,0,0,0,0#",19000,20000,Set tank.c app_speed/duty level to the logged pwm before sending the move key/protocol command; e=stop.,4.70441,12.68474,2,5,0,0.10464,-0.01048,7.66549,4.53398,-0.57058,7.4878,4.5952,4.534,0.88304,19,-0.0596,7,0,90.22486,33.4542,0.3476,0.2765,2,False,running
88434632b5,formation_7_smooth_bypass,82,16.4,1784478400,smooth_adaptive_clusters,finish_first,r07,r07,True,upper,member,local,3,3,4.66618,1.03484,-0.03348,0.37864,-0.23664,1000,947,-112,59,0,0,0000,---,False,0.37905,-0.02683,0.37864,-0.23664,5.10818,1.00515,path_to_final_target,w,"$1,0,0,0,0,0,0,0,0#",20000,19000,Set tank.c app_speed/duty level to the logged pwm before sending the move key/protocol command; e=stop.,5.24469,13.88909,0,0,0,0.31065,0.1266,6.86851,4.53398,-0.57058,7.4878,4.5952,4.534,0.88304,19,-0.0596,7,0,90.22486,33.4542,0.3476,0.2765,2,False,running
88434632b5,formation_7_smooth_bypass,83,16.6,1784478600,smooth_adaptive_clusters,finish_first,r01,r01,True,upper,member,local,3,3,5.17491,-1.02577,0.2746,0.37945,0.15087,967,1000,118,82,0,0,0000,---,False,0.36322,0.11168,0.37945,0.15087,5.60562,-1.03371,cached_path_to_final_target,w,"$1,0,0,0,0,0,0,0,0#",19000,20000,Set tank.c app_speed/duty level to the logged pwm before sending the move key/protocol command; e=stop.,5.20641,13.9509,0,3,0,0.491,0.0497,6.92522,4.60065,-0.56503,7.4209,4.6621,4.6006,0.88063,19,-0.0596,7,0,91.51724,33.9321,0.3414,0.2771,2,False,running
88434632b5,formation_7_smooth_bypass,83,16.6,1784478600,smooth_adaptive_clusters,finish_first,r02,r02,True,upper,member,local,3,3,4.5511,-1.11852,-0.03705,0.37892,0.21113,953,1000,110,66,0,0,0000,---,False,0.38,-0.00147,0.37892,0.21113,4.98295,-1.07511,cached_path_to_final_target,w,"$1,0,0,0,0,0,0,0,0#",19000,20000,Set tank.c app_speed/duty level to the logged pwm before sending the move key/protocol command; e=stop.,4.91521,13.32078,2,5,0,0.50309,-0.01048,7.39907,4.60065,-0.56503,7.4209,4.6621,4.6006,0.88063,19,-0.0596,7,0,91.51724,33.9321,0.3414,0.2771,2,False,running
88434632b5,formation_7_smooth_bypass,83,16.6,1784478600,smooth_adaptive_clusters,finish_first,r03,r03,True,lower,member,local,3,3,5.46828,-0.63491,0.2617,0.26947,-0.95203,910,509,42,76,0,0,0000,---,False,0.30781,-0.04844,0.26947,-0.95203,5.93357,-0.73026,cached_path_to_final_target,d,"$4,0,0,0,0,0,0,0,0#",18000,10000,Set tank.c app_speed/duty level to the logged pwm before sending the move key/protocol command; e=stop.,5.32127,14.20944,0,3,0,0.23453,0.0497,6.81781,4.60065,-0.56503,7.4209,4.6621,4.6006,0.88063,19,-0.0596,7,0,91.51724,33.9321,0.3414,0.2771,2,False,running
88434632b5,formation_7_smooth_bypass,83,16.6,1784478600,smooth_adaptive_clusters,finish_first,r04,r04,True,upper,member,local,3,3,3.71112,-1.00527,-0.06543,0.30526,0.56573,684,922,68,56,0,0,0000,---,False,0.31151,0.00731,0.30526,0.56573,4.17924,-0.98886,cached_path_to_final_target,a,"$3,0,0,0,0,0,0,0,0#",14000,18000,Set tank.c app_speed/duty level to the logged pwm before sending the move key/protocol command; e=stop.,4.2957,11.84664,5,3,0,0.56095,-0.05963,8.07211,4.60065,-0.56503,7.4209,4.6621,4.6006,0.88063,19,-0.0596,7,0,91.51724,33.9321,0.3414,0.2771,2,False,running
88434632b5,formation_7_smooth_bypass,83,16.6,1784478600,smooth_adaptive_clusters,finish_first,r05,r05,True,upper,member,local,3,3,3.64839,-0.5608,-0.17829,0.29934,0.78821,622,954,56,19,0,0,0000,---,False,0.31114,-0.01695,0.29934,0.78821,4.118,-0.57898,cached_path_to_final_target,a,"$3,0,0,0,0,0,0,0,0#",12000,19000,Set tank.c app_speed/duty level to the logged pwm before sending the move key/protocol command; e=stop.,4.09298,11.22345,5,3,0,0.18767,-0.05963,8.4622,4.60065,-0.56503,7.4209,4.6621,4.6006,0.88063,19,-0.0596,7,0,91.51724,33.9321,0.3414,0.2771,2,False,running
88434632b5,formation_7_smooth_bypass,83,16.6,1784478600,smooth_adaptive_clusters,finish_first,r06,r06,True,upper,member,local,3,3,4.90902,-0.63886,0.37409,0.37831,0.26445,940,1000,117,36,0,0,0000,---,False,0.34764,0.15344,0.37831,0.26445,5.33676,-0.52227,cached_path_to_final_target,w,"$1,0,0,0,0,0,0,0,0#",19000,20000,Set tank.c app_speed/duty level to the logged pwm before sending the move key/protocol command; e=stop.,4.78008,12.88039,2,5,0,0.10464,-0.01048,7.59257,4.60065,-0.56503,7.4209,4.6621,4.6006,0.88063,19,-0.0596,7,0,91.51724,33.9321,0.3414,0.2771,2,False,running
88434632b5,formation_7_smooth_bypass,83,16.6,1784478600,smooth_adaptive_clusters,finish_first,r07,r07,True,upper,member,local,3,3,4.7417,1.0289,-0.07856,0.37877,-0.22539,1000,949,-113,60,0,0,0000,---,False,0.37753,-0.04322,0.37877,-0.22539,5.18374,1.00207,cached_path_to_final_target,w,"$1,0,0,0,0,0,0,0,0#",20000,19000,Set tank.c app_speed/duty level to the logged pwm before sending the move key/protocol command; e=stop.,5.32044,14.08563,0,0,0,0.31065,0.1266,6.79275,4.60065,-0.56503,7.4209,4.6621,4.6006,0.88063,19,-0.0596,7,0,91.51724,33.9321,0.3414,0.2771,2,False,running
88434632b5,formation_7_smooth_bypass,84,16.8,1784478800,smooth_adaptive_clusters,finish_first,r01,r01,True,upper,member,local,3,3,5.23467,-1.01794,0.13036,0.30132,-0.7212,945,641,128,85,0,0,0000,---,False,0.31155,0.0053,0.30132,-0.7212,5.68082,-1.01716,cached_path_to_final_target,d,"$4,0,0,0,0,0,0,0,0#",19000,13000,Set tank.c app_speed/duty level to the logged pwm before sending the move key/protocol command; e=stop.,5.26668,14.12568,0,3,0,0.491,0.0497,6.86505,4.66638,-0.56155,7.3551,4.7279,4.6664,0.87615,19,-0.0596,7,0,92.77293,34.40036,0.3345,0.2778,2,False,running
88434632b5,formation_7_smooth_bypass,84,16.8,1784478800,smooth_adaptive_clusters,finish_first,r02,r02,True,upper,member,local,3,3,4.62691,-1.11834,0.00237,0.37906,0.19713,956,1000,111,66,0,0,0000,---,False,0.37979,0.01267,0.37906,0.19713,5.05919,-1.0859,cached_path_to_final_target,w,"$1,0,0,0,0,0,0,0,0#",19000,20000,Set tank.c app_speed/duty level to the logged pwm before sending the move key/protocol command; e=stop.,4.99102,13.51805,2,5,0,0.50309,-0.01048,7.32384,4.66638,-0.56155,7.3551,4.7279,4.6664,0.87615,19,-0.0596,7,0,92.77293,34.40036,0.3345,0.2778,2,False,running
88434632b5,formation_7_smooth_bypass,84,16.8,1784478800,smooth_adaptive_clusters,finish_first,r03,r03,True,lower,member,local,3,3,5.52519,-0.63336,0.0272,0.28468,-1.17247,996,502,58,73,0,0,0000,---,False,0.30777,-0.04873,0.28468,-1.17247,5.98977,-0.71748,cached_path_to_final_target,d,"$4,0,0,0,0,0,0,0,0#",20000,10000,Set tank.c app_speed/duty level to the logged pwm before sending the move key/protocol command; e=stop.,5.37821,14.3638,0,3,0,0.23453,0.0497,6.76091,4.66638,-0.56155,7.3551,4.7279,4.6664,0.87615,19,-0.0596,7,0,92.77293,34.40036,0.3345,0.2778,2,False,running
88434632b5,formation_7_smooth_bypass,84,16.8,1784478800,smooth_adaptive_clusters,finish_first,r04,r04,True,upper,member,local,3,3,3.77321,-1.00643,-0.01878,0.31052,0.23323,768,866,68,55,0,0,0000,---,False,0.31155,0.00557,0.31052,0.23323,4.23723,-0.99587,cached_path_to_final_target,a,"$3,0,0,0,0,0,0,0,0#",15000,17000,Set tank.c app_speed/duty level to the logged pwm before sending the move key/protocol command; e=stop.,4.35781,12.01502,5,3,0,0.55113,-0.05963,8.01082,4.66638,-0.56155,7.3551,4.7279,4.6664,0.87615,19,-0.0596,7,0,92.77293,34.40036,0.3345,0.2778,2,False,running
88434632b5,formation_7_smooth_bypass,84,16.8,1784478800,smooth_adaptive_clusters,finish_first,r05,r05,True,upper,member,local,3,3,3.70977,-0.56682,-0.09779,0.30839,0.40249,727,896,55,15,0,0,0000,---,False,0.31141,-0.01076,0.30839,0.40249,4.17451,-0.57898,cached_path_to_final_target,a,"$3,0,0,0,0,0,0,0,0#",15000,18000,Set tank.c app_speed/duty level to the logged pwm before sending the move key/protocol command; e=stop.,4.15466,11.39156,5,3,0,0.15276,-0.05963,8.40153,4.66638,-0.56155,7.3551,4.7279,4.6664,0.87615,19,-0.0596,7,0,92.77293,34.40036,0.3345,0.2778,2,False,running
88434632b5,formation_7_smooth_bypass,84,16.8,1784478800,smooth_adaptive_clusters,finish_first,r06,r06,True,upper,member,local,3,3,4.978,-0.60769,0.42443,0.37847,0.25167,943,1000,118,40,0,0,0000,---,False,0.33983,0.17005,0.37847,0.25167,5.40801,-0.49725,cached_path_to_final_target,w,"$1,0,0,0,0,0,0,0,0#",19000,20000,Set tank.c app_speed/duty level to the logged pwm before sending the move key/protocol command; e=stop.,4.85577,13.07635,2,5,0,0.10464,-0.01048,7.52079,4.66638,-0.56155,7.3551,4.7279,4.6664,0.87615,19,-0.0596,7,0,92.77293,34.40036,0.3345,0.2778,2,False,running
88434632b5,formation_7_smooth_bypass,84,16.8,1784478800,smooth_adaptive_clusters,finish_first,r07,r07,True,upper,member,local,3,3,4.81692,1.01972,-0.12143,0.37889,-0.21434,1000,952,-114,61,0,0,0000,---,False,0.37544,-0.05871,0.37889,-0.21434,5.25927,0.99705,cached_path_to_final_target,w,"$1,0,0,0,0,0,0,0,0#",20000,19000,Set tank.c app_speed/duty level to the logged pwm before sending the move key/protocol command; e=stop.,5.39622,14.28247,0,0,0,0.31065,0.1266,6.71703,4.66638,-0.56155,7.3551,4.7279,4.6664,0.87615,19,-0.0596,7,0,92.77293,34.40036,0.3345,0.2778,2,False,running
88434632b5,formation_7_smooth_bypass,85,17.0,1784479000,smooth_adaptive_clusters,finish_first,r01,r01,True,upper,member,local,3,3,5.29648,-1.01353,0.07115,0.30986,-0.29602,878,753,133,90,0,0,0000,---,False,0.31151,0.00768,0.30986,-0.29602,5.75401,-1.00514,path_to_final_target,d,"$4,0,0,0,0,0,0,0,0#",18000,15000,Set tank.c app_speed/duty level to the logged pwm before sending the move key/protocol command; e=stop.,5.32865,14.29496,0,3,0,0.491,0.0497,6.80308,4.7328,-0.55829,7.2886,4.7944,4.7328,0.87113,19,-0.0596,7,0,94.03531,34.87513,0.3391,0.2784,2,False,running
88434632b5,formation_7_smooth_bypass,85,17.0,1784479000,smooth_adaptive_clusters,finish_first,r02,r02,True,upper,member,local,3,3,4.70249,-1.1143,0.05338,0.37842,0.25505,942,1000,111,67,0,0,0000,---,False,0.37834,0.03546,0.37842,0.25505,5.13012,-1.05593,path_to_final_target,w,"$1,0,0,0,0,0,0,0,0#",19000,20000,Set tank.c app_speed/duty level to the logged pwm before sending the move key/protocol command; e=stop.,5.06671,13.71439,2,5,0,0.50309,-0.01048,7.24837,4.7328,-0.55829,7.2886,4.7944,4.7328,0.87113,19,-0.0596,7,0,94.03531,34.87513,0.3391,0.2784,2,False,running
88434632b5,formation_7_smooth_bypass,85,17.0,1784479000,smooth_adaptive_clusters,finish_first,r03,r03,True,lower,member,local,3,3,5.58624,-0.63812,-0.07786,0.30613,-0.52534,916,695,67,72,0,0,0000,---,False,0.3076,-0.04977,0.30613,-0.52534,6.04573,-0.71759,path_to_final_target,d,"$4,0,0,0,0,0,0,0,0#",18000,14000,Set tank.c app_speed/duty level to the logged pwm before sending the move key/protocol command; e=stop.,5.43943,14.53431,0,3,0,0.23453,0.0497,6.70033,4.7328,-0.55829,7.2886,4.7944,4.7328,0.87113,19,-0.0596,7,0,94.03531,34.87513,0.3391,0.2784,2,False,running
88434632b5,formation_7_smooth_bypass,85,17.0,1784479000,smooth_adaptive_clusters,finish_first,r04,r04,True,upper,member,local,3,3,3.8355,-1.00643,3e-05,0.31142,0.09408,800,839,70,55,0,0,0000,---,False,0.31157,0.00462,0.31142,0.09408,4.29809,-0.99866,path_to_final_target,w,"$1,0,0,0,0,0,0,0,0#",16000,17000,Set tank.c app_speed/duty level to the logged pwm before sending the move key/protocol command; e=stop.,4.42009,12.18163,5,3,0,0.54587,-0.05963,7.94918,4.7328,-0.55829,7.2886,4.7944,4.7328,0.87113,19,-0.0596,7,0,94.03531,34.87513,0.3391,0.2784,2,False,running
88434632b5,formation_7_smooth_bypass,85,17.0,1784479000,smooth_adaptive_clusters,finish_first,r05,r05,True,upper,member,local,3,3,3.77178,-0.56984,-0.04868,0.3104,0.24553,765,869,56,13,0,0,0000,---,False,0.31158,-0.00315,0.3104,0.24553,4.23489,-0.57213,path_to_final_target,a,"$3,0,0,0,0,0,0,0,0#",15000,17000,Set tank.c app_speed/duty level to the logged pwm before sending the move key/protocol command; e=stop.,4.21674,11.55793,5,3,0,0.12587,-0.05963,8.34,4.7328,-0.55829,7.2886,4.7944,4.7328,0.87113,19,-0.0596,7,0,94.03531,34.87513,0.3391,0.2784,2,False,running
88434632b5,formation_7_smooth_bypass,85,17.0,1784479000,smooth_adaptive_clusters,finish_first,r06,r06,True,upper,member,local,3,3,5.04543,-0.57325,0.47227,0.37861,0.23923,946,1000,119,44,0,0,0000,---,False,0.33167,0.18546,0.37861,0.23923,5.47809,-0.4694,path_to_final_target,w,"$1,0,0,0,0,0,0,0,0#",19000,20000,Set tank.c app_speed/duty level to the logged pwm before sending the move key/protocol command; e=stop.,4.93149,13.2726,2,5,0,0.10464,-0.01048,7.45032,4.7328,-0.55829,7.2886,4.7944,4.7328,0.87113,19,-0.0596,7,0,94.03531,34.87513,0.3391,0.2784,2,False,running
88434632b5,formation_7_smooth_bypass,85,17.0,1784479000,smooth_adaptive_clusters,finish_first,r07,r07,True,upper,member,local,3,3,4.89171,1.00746,-0.16243,0.37898,-0.20499,1000,954,-115,63,0,0,0000,---,False,0.37282,-0.0735,0.37898,-0.20499,5.3346,0.98939,path_to_final_target,w,"$1,0,0,0,0,0,0,0,0#",20000,19000,Set tank.c app_speed/duty level to the logged pwm before sending the move key/protocol command; e=stop.,5.47202,14.47948,0,0,0,0.31065,0.1266,6.64149,4.7328,-0.55829,7.2886,4.7944,4.7328,0.87113,19,-0.0596,7,0,94.03531,34.87513,0.3391,0.2784,2,False,running
88434632b5,formation_7_smooth_bypass,86,17.2,1784479200,smooth_adaptive_clusters,finish_first,r01,r01,True,upper,member,local,3,3,5.35867,-1.01059,0.04729,0.31132,-0.11929,844,794,136,94,0,0,0000,---,False,0.31147,0.00889,0.31132,-0.11929,5.81924,-0.9986,cached_path_to_final_target,w,"$1,0,0,0,0,0,0,0,0#",17000,16000,Set tank.c app_speed/duty level to the logged pwm before sending the move key/protocol command; e=stop.,5.39091,14.46188,0,3,0,0.491,0.0497,6.74084,4.79579,-0.55598,7.2256,4.8574,4.7958,0.87108,19,-0.0596,7,0,95.25406,35.3293,0.3244,0.2788,2,False,running
88434632b5,formation_7_smooth_bypass,86,17.2,1784479200,smooth_adaptive_clusters,finish_first,r02,r02,True,upper,member,local,3,3,4.77802,-1.10748,0.09011,0.37918,0.18365,959,1000,112,68,0,0,0000,---,False,0.37731,0.0451,0.37918,0.18365,5.20471,-1.07505,cached_path_to_final_target,w,"$1,0,0,0,0,0,0,0,0#",19000,20000,Set tank.c app_speed/duty level to the logged pwm before sending the move key/protocol command; e=stop.,5.14255,13.91258,2,5,0,0.50309,-0.01048,7.17259,4.79579,-0.55598,7.2256,4.8574,4.7958,0.87108,19,-0.0596,7,0,95.25406,35.3293,0.3244,0.2788,2,False,running
88434632b5,formation_7_smooth_bypass,86,17.2,1784479200,smooth_adaptive_clusters,finish_first,r03,r03,True,lower,member,local,3,3,5.64787,-0.64579,-0.12386,0.31055,-0.23,866,769,72,72,0,0,0000,---,False,0.30762,-0.04965,0.31055,-0.23,6.1051,-0.72186,cached_path_to_final_target,d,"$4,0,0,0,0,0,0,0,0#",17000,15000,Set tank.c app_speed/duty level to the logged pwm before sending the move key/protocol command; e=stop.,5.50154,14.70236,0,3,0,0.23453,0.0497,6.63936,4.79579,-0.55598,7.2256,4.8574,4.7958,0.87108,19,-0.0596,7,0,95.25406,35.3293,0.3244,0.2788,2,False,running
88434632b5,formation_7_smooth_bypass,86,17.2,1784479200,smooth_adaptive_clusters,finish_first,r04,r04,True,upper,member,local,3,3,3.89781,-1.00597,0.00748,0.31157,0.03723,812,828,73,54,0,0,0000,---,False,0.31157,0.00415,0.31157,0.03723,4.35995,-0.99944,cached_path_to_final_target,w,"$1,0,0,0,0,0,0,0,0#",16000,17000,Set tank.c app_speed/duty level to the logged pwm before sending the move key/protocol command; e=stop.,4.48241,12.34746,5,3,0,0.54495,-0.05963,7.88746,4.79579,-0.55598,7.2256,4.8574,4.7958,0.87108,19,-0.0596,7,0,95.25406,35.3293,0.3244,0.2788,2,False,running
88434632b5,formation_7_smooth_bypass,86,17.2,1784479200,smooth_adaptive_clusters,finish_first,r05,r05,True,upper,member,local,3,3,3.8109,-0.57857,-0.21958,0.2004,-0.85447,707,347,69,12,0,0,0000,---,False,-0.27806,0.10438,0.2004,-0.85447,4.29641,-0.5718,cached_path_to_final_target,d,"$4,0,0,0,0,0,0,0,0#",14000,7000,Set tank.c app_speed/duty level to the logged pwm before sending the move key/protocol command; e=stop.,4.25682,11.68394,5,3,0,0.12277,-0.05963,8.30178,4.79579,-0.55598,7.2256,4.8574,4.7958,0.87108,19,-0.0596,7,0,95.25406,35.3293,0.3244,0.2788,2,False,running
88434632b5,formation_7_smooth_bypass,86,17.2,1784479200,smooth_adaptive_clusters,finish_first,r06,r06,True,upper,member,local,3,3,5.11125,-0.53576,0.5177,0.37875,0.22714,949,1000,120,49,0,0,0000,---,False,0.32328,0.19972,0.37875,0.22714,5.54689,-0.43898,cached_path_to_final_target,w,"$1,0,0,0,0,0,0,0,0#",19000,20000,Set tank.c app_speed/duty level to the logged pwm before sending the move key/protocol command; e=stop.,5.00724,13.46915,2,5,0,0.10464,-0.01048,7.38127,4.79579,-0.55598,7.2256,4.8574,4.7958,0.87108,19,-0.0596,7,0,95.25406,35.3293,0.3244,0.2788,2,False,running
88434632b5,formation_7_smooth_bypass,86,17.2,1784479200,smooth_adaptive_clusters,finish_first,r07,r07,True,upper,member,local,3,3,4.96599,0.99227,-0.20181,0.37906,-0.19691,1000,956,-116,66,0,0,0000,---,False,0.36975,-0.08765,0.37906,-0.19691,5.40959,0.97897,cached_path_to_final_target,w,"$1,0,0,0,0,0,0,0,0#",20000,19000,Set tank.c app_speed/duty level to the logged pwm before sending the move key/protocol command; e=stop.,5.54783,14.67669,0,0,0,0.31065,0.1266,6.56623,4.79579,-0.55598,7.2256,4.8574,4.7958,0.87108,19,-0.0596,7,0,95.25406,35.3293,0.3244,0.2788,2,False,running
88434632b5,formation_7_smooth_bypass,87,17.4,1784479400,smooth_adaptive_clusters,finish_first,r01,r01,True,upper,member,local,3,3,5.42094,-1.00823,0.03785,0.31156,-0.04719,830,810,138,99,0,0,0000,---,False,0.31146,0.00948,0.31156,-0.04719,5.88235,-0.99464,cached_path_to_final_target,w,"$1,0,0,0,0,0,0,0,0#",17000,16000,Set tank.c app_speed/duty level to the logged pwm before sending the move key/protocol command; e=stop.,5.45322,14.62787,0,3,0,0.491,0.0497,6.67857,4.86186,-0.55598,7.1598,4.9235,4.8619,0.86585,18,-0.0596,7,0,96.53836,35.81155,0.3445,0.2794,2,False,running
88434632b5,formation_7_smooth_bypass,87,17.4,1784479400,smooth_adaptive_clusters,finish_first,r02,r02,True,upper,member,local,3,3,4.85329,-1.09807,0.12438,0.37929,0.17135,962,1000,114,70,0,0,0000,---,False,0.37566,0.05728,0.37929,0.17135,5.28162,-1.07866,cached_path_to_final_target,w,"$1,0,0,0,0,0,0,0,0#",19000,20000,Set tank.c app_speed/duty level to the logged pwm before sending the move key/protocol command; e=stop.,5.2184,14.11043,2,5,0,0.50309,-0.01048,7.09673,4.86186,-0.55598,7.1598,4.9235,4.8619,0.86585,18,-0.0596,7,0,96.53836,35.81155,0.3445,0.2794,2,False,running
88434632b5,formation_7_smooth_bypass,87,17.4,1784479400,smooth_adaptive_clusters,finish_first,r03,r03,True,lower,member,local,3,3,5.71284,-0.67018,-0.35907,0.34697,-1.17602,1000,666,89,73,0,0,0000,---,False,0.32517,-0.19663,0.34697,-1.17602,6.166,-0.72892,cached_path_to_final_target,d,"$4,0,0,0,0,0,0,0,0#",20000,13000,Set tank.c app_speed/duty level to the logged pwm before sending the move key/protocol command; e=stop.,5.57094,14.88273,0,3,0,0.23453,0.0497,6.57629,4.86186,-0.55598,7.1598,4.9235,4.8619,0.86585,18,-0.0596,7,0,96.53836,35.81155,0.3445,0.2794,2,False,running
88434632b5,formation_7_smooth_bypass,87,17.4,1784479400,smooth_adaptive_clusters,finish_first,r04,r04,True,upper,member,local,3,3,3.96013,-1.00532,0.01038,0.3116,0.01449,817,823,76,54,0,0,0000,---,False,0.31158,0.00394,0.3116,0.01449,4.42212,-0.99933,cached_path_to_final_target,w,"$1,0,0,0,0,0,0,0,0#",16000,16000,Set tank.c app_speed/duty level to the logged pwm before sending the move key/protocol command; e=stop.,4.54472,12.51294,5,3,0,0.5443,-0.05963,7.82572,4.86186,-0.55598,7.1598,4.9235,4.8619,0.86585,18,-0.0596,7,0,96.53836,35.81155,0.3445,0.2794,2,False,running
88434632b5,formation_7_smooth_bypass,87,17.4,1784479400,smooth_adaptive_clusters,finish_first,r05,r05,True,upper,member,local,3,3,3.87079,-0.58888,-0.17047,0.30386,0.24553,748,851,71,13,0,0,0000,---,False,0.3116,0.00116,0.30386,0.24553,4.34225,-0.5766,cached_path_to_final_target,a,"$3,0,0,0,0,0,0,0,0#",15000,17000,Set tank.c app_speed/duty level to the logged pwm before sending the move key/protocol command; e=stop.,4.31759,11.86433,5,3,0,0.12277,-0.05963,8.24302,4.86186,-0.55598,7.1598,4.9235,4.8619,0.86585,18,-0.0596,7,0,96.53836,35.81155,0.3445,0.2794,2,False,running
88434632b5,formation_7_smooth_bypass,87,17.4,1784479400,smooth_adaptive_clusters,finish_first,r06,r06,True,upper,member,local,3,3,5.17542,-0.49546,0.56079,0.37888,0.21544,952,1000,121,54,0,0,0000,---,False,0.31477,0.21288,0.37888,0.21544,5.61433,-0.40627,cached_path_to_final_target,w,"$1,0,0,0,0,0,0,0,0#",19000,20000,Set tank.c app_speed/duty level to the logged pwm before sending the move key/protocol command; e=stop.,5.08302,13.66599,2,5,0,0.10464,-0.01048,7.31375,4.86186,-0.55598,7.1598,4.9235,4.8619,0.86585,18,-0.0596,7,0,96.53836,35.81155,0.3445,0.2794,2,False,running
88434632b5,formation_7_smooth_bypass,87,17.4,1784479400,smooth_adaptive_clusters,finish_first,r07,r07,True,upper,member,local,3,3,5.03965,0.97426,-0.23973,0.37913,-0.1896,1000,958,-117,69,0,0,0000,---,False,0.36628,-0.10118,0.37913,-0.1896,5.48412,0.96585,cached_path_to_final_target,w,"$1,0,0,0,0,0,0,0,0#",20000,19000,Set tank.c app_speed/duty level to the logged pwm before sending the move key/protocol command; e=stop.,5.62366,14.87408,0,0,0,0.31065,0.1266,6.49139,4.86186,-0.55598,7.1598,4.9235,4.8619,0.86585,18,-0.0596,7,0,96.53836,35.81155,0.3445,0.2794,2,False,running
88434632b5,formation_7_smooth_bypass,88,17.6,1784479600,smooth_adaptive_clusters,finish_first,r01,r01,True,upper,member,local,3,3,5.48322,-1.0061,0.03418,0.31159,-0.01837,824,816,140,104,0,0,0000,---,False,0.31145,0.00975,0.31159,-0.01837,5.94487,-0.99183,path_to_final_target,w,"$1,0,0,0,0,0,0,0,0#",16000,16000,Set tank.c app_speed/duty level to the logged pwm before sending the move key/protocol command; e=stop.,5.51554,14.79341,0,3,0,0.491,0.0497,6.6163,4.92925,-0.5578,7.0927,4.9909,4.9292,0.86045,18,-0.0596,7,0,97.85146,36.30898,0.3553,0.2801,2,False,running
88434632b5,formation_7_smooth_bypass,88,17.6,1784479600,smooth_adaptive_clusters,finish_first,r02,r02,True,upper,member,local,3,3,4.92804,-1.08557,0.16566,0.37897,0.2064,954,1000,114,72,0,0,0000,---,False,0.37257,0.07479,0.37897,0.2064,5.35499,-1.05528,path_to_final_target,w,"$1,0,0,0,0,0,0,0,0#",19000,20000,Set tank.c app_speed/duty level to the logged pwm before sending the move key/protocol command; e=stop.,5.2942,14.30772,2,5,0,0.50309,-0.01048,7.02099,4.92925,-0.5578,7.0927,4.9909,4.9292,0.86045,18,-0.0596,7,0,97.85146,36.30898,0.3553,0.2801,2,False,running
88434632b5,formation_7_smooth_bypass,88,17.6,1784479600,smooth_adaptive_clusters,finish_first,r03,r03,True,lower,member,local,3,3,5.78102,-0.70205,-0.43731,0.3763,-0.39119,1000,908,97,76,0,0,0000,---,False,0.3337,-0.18177,0.3763,-0.39119,6.2302,-0.74517,path_to_final_target,d,"$4,0,0,0,0,0,0,0,0#",20000,18000,Set tank.c app_speed/duty level to the logged pwm before sending the move key/protocol command; e=stop.,5.6462,15.08523,0,3,0,0.23453,0.0497,6.51073,4.92925,-0.5578,7.0927,4.9909,4.9292,0.86045,18,-0.0596,7,0,97.85146,36.30898,0.3553,0.2801,2,False,running
88434632b5,formation_7_smooth_bypass,88,17.6,1784479600,smooth_adaptive_clusters,finish_first,r04,r04,True,upper,member,local,3,3,4.02991,-1.01888,-0.19198,0.35546,-1.01178,1000,722,92,56,0,0,0000,---,False,0.35683,-0.13065,0.35546,-1.01178,4.4844,-0.99884,path_to_final_target,d,"$4,0,0,0,0,0,0,0,0#",20000,14000,Set tank.c app_speed/duty level to the logged pwm before sending the move key/protocol command; e=stop.,4.61582,12.70033,5,3,0,0.5443,-0.05963,7.75871,4.92925,-0.5578,7.0927,4.9909,4.9292,0.86045,18,-0.0596,7,0,97.85146,36.30898,0.3553,0.2801,2,False,running
88434632b5,formation_7_smooth_bypass,88,17.6,1784479600,smooth_adaptive_clusters,finish_first,r05,r05,True,upper,member,local,3,3,3.93195,-0.59315,-0.06957,0.30656,0.5045,701,913,70,13,0,0,0000,---,False,0.31159,0.00302,0.30656,0.5045,4.39792,-0.58377,path_to_final_target,a,"$3,0,0,0,0,0,0,0,0#",14000,18000,Set tank.c app_speed/duty level to the logged pwm before sending the move key/protocol command; e=stop.,4.3789,12.02976,5,3,0,0.12277,-0.05963,8.18248,4.92925,-0.5578,7.0927,4.9909,4.9292,0.86045,18,-0.0596,7,0,97.85146,36.30898,0.3553,0.2801,2,False,running
88434632b5,formation_7_smooth_bypass,88,17.6,1784479600,smooth_adaptive_clusters,finish_first,r06,r06,True,upper,member,local,3,3,5.23791,-0.45256,0.60161,0.37899,0.20413,954,1000,122,59,0,0,0000,---,False,0.30622,0.22501,0.37899,0.20413,5.68035,-0.37152,path_to_final_target,w,"$1,0,0,0,0,0,0,0,0#",19000,20000,Set tank.c app_speed/duty level to the logged pwm before sending the move key/protocol command; e=stop.,5.15881,13.86303,2,5,0,0.10464,-0.01048,7.24786,4.92925,-0.5578,7.0927,4.9909,4.9292,0.86045,18,-0.0596,7,0,97.85146,36.30898,0.3553,0.2801,2,False,running
88434632b5,formation_7_smooth_bypass,88,17.6,1784479600,smooth_adaptive_clusters,finish_first,r07,r07,True,upper,member,local,3,3,5.11267,0.95373,-0.27409,0.37929,-0.17178,1000,962,-11,62,0,0,0000,---,False,0.36291,-0.11269,0.37929,-0.17178,5.55839,0.95661,path_to_final_target,w,"$1,0,0,0,0,0,0,0,0#",20000,19000,Set tank.c app_speed/duty level to the logged pwm before sending the move key/protocol command; e=stop.,5.69951,15.07199,0,0,0,0.31065,0.1266,6.41701,4.92925,-0.5578,7.0927,4.9909,4.9292,0.86045,18,-0.0596,7,0,97.85146,36.30898,0.3553,0.2801,2,False,running
88434632b5,formation_7_smooth_bypass,89,17.8,1784479800,smooth_adaptive_clusters,finish_first,r01,r01,True,upper,member,local,3,3,5.54551,-1.00406,0.03277,0.3116,-0.00704,821,819,65,109,0,0,0000,---,False,0.31144,0.00987,0.3116,-0.00704,6.00722,-0.9895,cached_path_to_final_target,w,"$1,0,0,0,0,0,0,0,0#",16000,16000,Set tank.c app_speed/duty level to the logged pwm before sending the move key/protocol command; e=stop.,5.57786,14.95877,0,3,0,0.491,0.0497,6.55403,4.99602,-0.55928,7.0263,5.0577,4.996,0.8571,18,-0.0596,7,0,99.19013,36.8045,0.3539,0.2807,2,False,running
88434632b5,formation_7_smooth_bypass,89,17.8,1784479800,smooth_adaptive_clusters,finish_first,r02,r02,True,upper,member,local,3,3,5.00241,-1.07058,0.19886,0.37933,0.166,963,1000,115,75,0,0,0000,---,False,0.37043,0.08476,0.37933,0.166,5.43193,-1.05842,cached_path_to_final_target,w,"$1,0,0,0,0,0,0,0,0#",19000,20000,Set tank.c app_speed/duty level to the logged pwm before sending the move key/protocol command; e=stop.,5.37006,14.50597,2,5,0,0.50309,-0.01048,6.94531,4.99602,-0.55928,7.0263,5.0577,4.996,0.8571,18,-0.0596,7,0,99.19013,36.8045,0.3539,0.2807,2,False,running
88434632b5,formation_7_smooth_bypass,89,17.8,1784479800,smooth_adaptive_clusters,finish_first,r03,r03,True,lower,member,local,3,3,5.84963,-0.73472,-0.44428,0.37997,-0.03487,1000,993,101,79,0,0,0000,---,False,0.34221,-0.16521,0.37997,-0.03487,6.29786,-0.76765,cached_path_to_final_target,w,"$1,0,0,0,0,0,0,0,0#",20000,20000,Set tank.c app_speed/duty level to the logged pwm before sending the move key/protocol command; e=stop.,5.72219,15.2899,0,3,0,0.23453,0.0497,6.44502,4.99602,-0.55928,7.0263,5.0577,4.996,0.8571,18,-0.0596,7,0,99.19013,36.8045,0.3539,0.2807,2,False,running
88434632b5,formation_7_smooth_bypass,89,17.8,1784479800,smooth_adaptive_clusters,finish_first,r04,r04,True,upper,member,local,3,3,4.10307,-1.03777,-0.25269,0.37777,-0.30354,1000,930,99,58,0,0,0000,---,False,0.36298,-0.11244,0.37777,-0.30354,4.55192,-1.00715,cached_path_to_final_target,w,"$1,0,0,0,0,0,0,0,0#",20000,19000,Set tank.c app_speed/duty level to the logged pwm before sending the move key/protocol command; e=stop.,4.69137,12.90371,5,3,0,0.5443,-0.05963,7.68926,4.99602,-0.55928,7.0263,5.0577,4.996,0.8571,18,-0.0596,7,0,99.19013,36.8045,0.3539,0.2807,2,False,running
88434632b5,formation_7_smooth_bypass,89,17.8,1784479800,smooth_adaptive_clusters,finish_first,r05,r05,True,upper,member,local,3,3,4.00028,-0.60619,-0.18867,0.3478,-0.5955,1000,790,83,15,0,0,0000,---,False,0.33632,-0.17689,0.3478,-0.5955,4.45744,-0.58824,cached_path_to_final_target,d,"$4,0,0,0,0,0,0,0,0#",20000,16000,Set tank.c app_speed/duty level to the logged pwm before sending the move key/protocol command; e=stop.,4.44846,12.22445,5,3,0,0.12277,-0.05963,8.11563,4.99602,-0.55928,7.0263,5.0577,4.996,0.8571,18,-0.0596,7,0,99.19013,36.8045,0.3539,0.2807,2,False,running
88434632b5,formation_7_smooth_bypass,89,17.8,1784479800,smooth_adaptive_clusters,finish_first,r06,r06,True,upper,member,local,3,3,5.29872,-0.40726,0.64026,0.3791,0.19323,957,1000,8,65,0,0,0000,---,False,0.2977,0.23616,0.3791,0.19323,5.7449,-0.33499,cached_path_to_final_target,w,"$1,0,0,0,0,0,0,0,0#",19000,20000,Set tank.c app_speed/duty level to the logged pwm before sending the move key/protocol command; e=stop.,5.23463,14.06036,2,5,0,0.10464,-0.01048,7.18367,4.99602,-0.55928,7.0263,5.0577,4.996,0.8571,18,-0.0596,7,0,99.19013,36.8045,0.3539,0.2807,2,False,running
88434632b5,formation_7_smooth_bypass,89,17.8,1784479800,smooth_adaptive_clusters,finish_first,r07,r07,True,upper,member,local,3,3,5.17252,0.94562,-0.13474,0.302,0.69674,648,941,-20,56,0,0,0000,---,False,0.3115,-0.00787,0.302,0.69674,5.63183,0.94062,cached_path_to_final_target,a,"$3,0,0,0,0,0,0,0,0#",13000,19000,Set tank.c app_speed/duty level to the logged pwm before sending the move key/protocol command; e=stop.,5.75991,15.24697,0,0,0,0.31065,0.1266,6.35671,4.99602,-0.55928,7.0263,5.0577,4.996,0.8571,18,-0.0596,7,0,99.19013,36.8045,0.3539,0.2807,2,False,running
88434632b5,formation_7_smooth_bypass,90,18.0,1784480000,smooth_adaptive_clusters,finish_first,r01,r01,True,upper,member,local,3,3,5.6078,-1.00205,0.03224,0.3116,-0.00267,821,819,67,108,0,0,0000,---,False,0.31144,0.00991,0.3116,-0.00267,6.06953,-0.98738,cached_path_to_final_target,w,"$1,0,0,0,0,0,0,0,0#",16000,16000,Set tank.c app_speed/duty level to the logged pwm before sending the move key/protocol command; e=stop.,5.64018,15.12406,0,3,0,0.491,0.0497,6.49177,5.06208,-0.56395,6.9608,5.1239,5.0621,0.85439,18,-0.0596,7,0,100.4848,37.28751,0.345,0.2812,2,False,running
88434632b5,formation_7_smooth_bypass,90,18.0,1784480000,smooth_adaptive_clusters,finish_first,r02,r02,True,upper,member,local,3,3,5.07628,-1.05322,0.23087,0.37938,0.16006,965,1000,117,77,0,0,0000,---,False,0.36761,0.09623,0.37938,0.16006,5.50855,-1.05083,cached_path_to_final_target,w,"$1,0,0,0,0,0,0,0,0#",19000,20000,Set tank.c app_speed/duty level to the logged pwm before sending the move key/protocol command; e=stop.,5.44594,14.70405,2,5,0,0.50309,-0.01048,6.86985,5.06208,-0.56395,6.9608,5.1239,5.0621,0.85439,18,-0.0596,7,0,100.4848,37.28751,0.345,0.2812,2,False,running
88434632b5,formation_7_smooth_bypass,90,18.0,1784480000,smooth_adaptive_clusters,finish_first,r03,r03,True,lower,member,local,3,3,5.91895,-0.76571,-0.42041,0.37965,0.11934,974,1000,103,82,0,0,0000,---,False,0.34976,-0.14856,0.37965,0.11934,6.36688,-0.79197,cached_path_to_final_target,w,"$1,0,0,0,0,0,0,0,0#",19000,20000,Set tank.c app_speed/duty level to the logged pwm before sending the move key/protocol command; e=stop.,5.79812,15.49039,0,3,0,0.23453,0.0497,6.37869,5.06208,-0.56395,6.9608,5.1239,5.0621,0.85439,18,-0.0596,7,0,100.4848,37.28751,0.345,0.2812,2,False,running
88434632b5,formation_7_smooth_bypass,90,18.0,1784480000,smooth_adaptive_clusters,finish_first,r04,r04,True,upper,member,local,3,3,4.1767,-1.05658,-0.25002,0.38,0.01334,997,1000,103,60,0,0,0000,---,False,0.36838,-0.09325,0.38,0.01334,4.62336,-1.02142,cached_path_to_final_target,w,"$1,0,0,0,0,0,0,0,0#",20000,20000,Set tank.c app_speed/duty level to the logged pwm before sending the move key/protocol command; e=stop.,4.76737,13.10827,5,3,0,0.5443,-0.05963,7.61943,5.06208,-0.56395,6.9608,5.1239,5.0621,0.85439,18,-0.0596,7,0,100.4848,37.28751,0.345,0.2812,2,False,running
88434632b5,formation_7_smooth_bypass,90,18.0,1784480000,smooth_adaptive_clusters,finish_first,r05,r05,True,upper,member,local,3,3,4.0709,-0.62891,-0.31117,0.37094,-0.61248,1000,847,96,17,0,0,0000,---,False,0.3489,-0.15057,0.37094,-0.61248,4.5231,-0.59667,cached_path_to_final_target,d,"$4,0,0,0,0,0,0,0,0#",20000,17000,Set tank.c app_speed/duty level to the logged pwm before sending the move key/protocol command; e=stop.,4.52265,12.41266,5,3,0,0.12277,-0.05963,8.04744,5.06208,-0.56395,6.9608,5.1239,5.0621,0.85439,18,-0.0596,7,0,100.4848,37.28751,0.345,0.2812,2,False,running
88434632b5,formation_7_smooth_bypass,90,18.0,1784480000,smooth_adaptive_clusters,finish_first,r06,r06,True,upper,member,local,3,3,5.34957,-0.38214,0.45891,0.28364,-0.90677,937,556,19,60,0,0,0000,---,False,0.30453,0.06599,0.28364,-0.90677,5.80794,-0.29692,cached_path_to_final_target,d,"$4,0,0,0,0,0,0,0,0#",19000,11000,Set tank.c app_speed/duty level to the logged pwm before sending the move key/protocol command; e=stop.,5.29136,14.22943,2,5,0,0.10464,-0.01048,7.13107,5.06208,-0.56395,6.9608,5.1239,5.0621,0.85439,18,-0.0596,7,0,100.4848,37.28751,0.345,0.2812,2,False,running
88434632b5,formation_7_smooth_bypass,90,18.0,1784480000,smooth_adaptive_clusters,finish_first,r07,r07,True,upper,member,local,3,3,5.23432,0.94095,-0.07542,0.30985,0.2966,753,878,-25,50,0,0,0000,---,False,0.31147,-0.00898,0.30985,0.2966,5.69578,0.93054,cached_path_to_final_target,a,"$3,0,0,0,0,0,0,0,0#",15000,18000,Set tank.c app_speed/duty level to the logged pwm before sending the move key/protocol command; e=stop.,5.82188,15.41593,0,0,0,0.31065,0.1266,6.29474,5.06208,-0.56395,6.9608,5.1239,5.0621,0.85439,18,-0.0596,7,0,100.4848,37.28751,0.345,0.2812,2,False,running
88434632b5,formation_7_smooth_bypass,91,18.2,1784480200,smooth_adaptive_clusters,finish_first,r01,r01,True,upper,member,local,3,3,5.67009,-1.00005,0.03204,0.3116,-0.001,820,820,70,107,0,0,0000,---,False,0.31144,0.00993,0.3116,-0.001,6.13182,-0.98534,path_to_final_target,w,"$1,0,0,0,0,0,0,0,0#",16000,16000,Set tank.c app_speed/duty level to the logged pwm before sending the move key/protocol command; e=stop.,5.7025,15.28932,0,3,0,0.491,0.0497,6.4295,5.12763,-0.56614,6.8957,5.1895,5.1276,0.8492,17,-0.0596,7,0,101.75693,37.75912,0.3369,0.2817,2,False,running
88434632b5,formation_7_smooth_bypass,91,18.2,1784480200,smooth_adaptive_clusters,finish_first,r02,r02,True,upper,member,local,3,3,5.14955,-1.0335,0.26289,0.37938,0.16008,965,1000,118,80,0,0,0000,---,False,0.36434,0.10795,0.37938,0.16008,5.58443,-1.03775,path_to_final_target,w,"$1,0,0,0,0,0,0,0,0#",19000,20000,Set tank.c app_speed/duty level to the logged pwm before sending the move key/protocol command; e=stop.,5.52182,14.90207,2,5,0,0.50309,-0.01048,6.79469,5.12763,-0.56614,6.8957,5.1895,5.1276,0.8492,17,-0.0596,7,0,101.75693,37.75912,0.3369,0.2817,2,False,running
88434632b5,formation_7_smooth_bypass,91,18.2,1784480200,smooth_adaptive_clusters,finish_first,r03,r03,True,lower,member,local,3,3,5.97628,-0.77947,-0.23561,0.29479,0.92402,581,970,95,84,0,0,0000,---,False,0.31033,-0.02813,0.29479,0.92402,6.43704,-0.81267,path_to_final_target,a,"$3,0,0,0,0,0,0,0,0#",12000,19000,Set tank.c app_speed/duty level to the logged pwm before sending the move key/protocol command; e=stop.,5.85708,15.6615,0,3,0,0.23453,0.0497,6.32287,5.12763,-0.56614,6.8957,5.1895,5.1276,0.8492,17,-0.0596,7,0,101.75693,37.75912,0.3369,0.2817,2,False,running
88434632b5,formation_7_smooth_bypass,91,18.2,1784480200,smooth_adaptive_clusters,finish_first,r04,r04,True,upper,member,local,3,3,4.25076,-1.07318,-0.2206,0.37948,0.14707,968,1000,105,61,0,0,0000,---,False,0.37261,-0.07456,0.37948,0.14707,4.6963,-1.03738,path_to_final_target,w,"$1,0,0,0,0,0,0,0,0#",19000,20000,Set tank.c app_speed/duty level to the logged pwm before sending the move key/protocol command; e=stop.,4.84326,13.30797,5,3,0,0.5443,-0.05963,7.54896,5.12763,-0.56614,6.8957,5.1895,5.1276,0.8492,17,-0.0596,7,0,101.75693,37.75912,0.3369,0.2817,2,False,running
88434632b5,formation_7_smooth_bypass,91,18.2,1784480200,smooth_adaptive_clusters,finish_first,r05,r05,True,upper,member,local,3,3,4.14336,-0.65184,-0.30649,0.37999,0.02341,995,1000,103,19,0,0,0000,---,False,0.36271,-0.11332,0.37999,0.02341,4.59007,-0.57819,path_to_final_target,w,"$1,0,0,0,0,0,0,0,0#",20000,20000,Set tank.c app_speed/duty level to the logged pwm before sending the move key/protocol command; e=stop.,4.59865,12.62076,5,3,0,0.12277,-0.05963,7.97757,5.12763,-0.56614,6.8957,5.1895,5.1276,0.8492,17,-0.0596,7,0,101.75693,37.75912,0.3369,0.2817,2,False,running
88434632b5,formation_7_smooth_bypass,91,18.2,1784480200,smooth_adaptive_clusters,finish_first,r06,r06,True,upper,member,local,3,3,5.4069,-0.36327,0.31786,0.30177,-0.70523,943,646,29,55,0,0,0000,---,False,0.30495,0.06405,0.30177,-0.70523,5.86387,-0.27411,path_to_final_target,d,"$4,0,0,0,0,0,0,0,0#",19000,13000,Set tank.c app_speed/duty level to the logged pwm before sending the move key/protocol command; e=stop.,5.35172,14.393,2,5,0,0.10464,-0.01048,7.07253,5.12763,-0.56614,6.8957,5.1895,5.1276,0.8492,17,-0.0596,7,0,101.75693,37.75912,0.3369,0.2817,2,False,running
88434632b5,formation_7_smooth_bypass,91,18.2,1784480200,smooth_adaptive_clusters,finish_first,r07,r07,True,upper,member,local,3,3,5.29647,0.9383,-0.0425,0.31106,0.16458,784,853,-28,44,0,0,0000,---,False,0.31156,-0.00518,0.31106,0.16458,5.75842,0.93222,path_to_final_target,w,"$1,0,0,0,0,0,0,0,0#",16000,17000,Set tank.c app_speed/duty level to the logged pwm before sending the move key/protocol command; e=stop.,5.8841,15.5823,0,0,0,0.31065,0.1266,6.23256,5.12763,-0.56614,6.8957,5.1895,5.1276,0.8492,17,-0.0596,7,0,101.75693,37.75912,0.3369,0.2817,2,False,running
88434632b5,formation_7_smooth_bypass,92,18.4,1784480400,smooth_adaptive_clusters,finish_first,r01,r01,True,upper,member,local,3,3,5.73237,-0.99806,0.03197,0.3116,-0.00037,820,820,72,106,0,0,0000,---,False,0.31144,0.00994,0.3116,-0.00037,6.19411,-0.98333,cached_path_to_final_target,w,"$1,0,0,0,0,0,0,0,0#",16000,16000,Set tank.c app_speed/duty level to the logged pwm before sending the move key/protocol command; e=stop.,5.76482,15.45457,0,3,0,0.491,0.0497,6.36724,5.19238,-0.56875,6.8313,5.2543,5.1924,0.84534,17,-0.0596,7,0,102.99757,38.21936,0.3287,0.2822,2,False,running
88434632b5,formation_7_smooth_bypass,92,18.4,1784480400,smooth_adaptive_clusters,finish_first,r02,r02,True,upper,member,local,3,3,5.20959,-1.0257,0.12911,0.30275,-0.66889,938,656,127,84,0,0,0000,---,False,0.31151,0.00748,0.30275,-0.66889,5.65964,-1.02126,cached_path_to_final_target,d,"$4,0,0,0,0,0,0,0,0#",19000,13000,Set tank.c app_speed/duty level to the logged pwm before sending the move key/protocol command; e=stop.,5.58237,15.0771,2,5,0,0.50309,-0.01048,6.73414,5.19238,-0.56875,6.8313,5.2543,5.1924,0.84534,17,-0.0596,7,0,102.99757,38.21936,0.3287,0.2822,2,False,running
88434632b5,formation_7_smooth_bypass,92,18.4,1784480400,smooth_adaptive_clusters,finish_first,r03,r03,True,lower,member,local,3,3,6.03721,-0.78894,-0.15417,0.30831,0.40719,726,897,94,85,0,0,0000,---,False,0.31033,-0.02806,0.30831,0.40719,6.49841,-0.82668,cached_path_to_final_target,a,"$3,0,0,0,0,0,0,0,0#",15000,18000,Set tank.c app_speed/duty level to the logged pwm before sending the move key/protocol command; e=stop.,5.91874,15.83129,0,3,0,0.23453,0.0497,6.26311,5.19238,-0.56875,6.8313,5.2543,5.1924,0.84534,17,-0.0596,7,0,102.99757,38.21936,0.3287,0.2822,2,False,running
88434632b5,formation_7_smooth_bypass,92,18.4,1784480400,smooth_adaptive_clusters,finish_first,r04,r04,True,upper,member,local,3,3,4.32533,-1.0868,-0.18061,0.37903,0.19996,955,1000,107,63,0,0,0000,---,False,0.37578,-0.05648,0.37903,0.19996,4.76999,-1.05243,cached_path_to_final_target,w,"$1,0,0,0,0,0,0,0,0#",19000,20000,Set tank.c app_speed/duty level to the logged pwm before sending the move key/protocol command; e=stop.,4.91907,13.50555,5,3,0,0.5443,-0.05963,7.47759,5.19238,-0.56875,6.8313,5.2543,5.1924,0.84534,17,-0.0596,7,0,102.99757,38.21936,0.3287,0.2822,2,False,running
88434632b5,formation_7_smooth_bypass,92,18.4,1784480400,smooth_adaptive_clusters,finish_first,r05,r05,True,upper,member,local,3,3,4.2166,-0.67085,-0.25398,0.37833,0.26253,940,1000,106,21,0,0,0000,---,False,0.37143,-0.08023,0.37833,0.26253,4.66039,-0.5843,cached_path_to_final_target,w,"$1,0,0,0,0,0,0,0,0#",19000,20000,Set tank.c app_speed/duty level to the logged pwm before sending the move key/protocol command; e=stop.,4.67432,12.8188,5,3,0,0.12277,-0.05963,7.90663,5.19238,-0.56875,6.8313,5.2543,5.1924,0.84534,17,-0.0596,7,0,102.99757,38.21936,0.3287,0.2822,2,False,running
88434632b5,formation_7_smooth_bypass,92,18.4,1784480400,smooth_adaptive_clusters,finish_first,r06,r06,True,upper,member,local,3,3,5.46683,-0.34758,0.25606,0.3097,-0.30898,880,750,34,50,0,0,0000,---,False,0.30492,0.0642,0.3097,-0.30898,5.92099,-0.25504,cached_path_to_final_target,d,"$4,0,0,0,0,0,0,0,0#",18000,15000,Set tank.c app_speed/duty level to the logged pwm before sending the move key/protocol command; e=stop.,5.41366,14.56184,2,5,0,0.10464,-0.01048,7.01165,5.19238,-0.56875,6.8313,5.2543,5.1924,0.84534,17,-0.0596,7,0,102.99757,38.21936,0.3287,0.2822,2,False,running
88434632b5,formation_7_smooth_bypass,92,18.4,1784480400,smooth_adaptive_clusters,finish_first,r07,r07,True,upper,member,local,3,3,5.35875,0.93665,-0.0265,0.31147,0.08002,803,837,-31,39,0,0,0000,---,False,0.31157,-0.00434,0.31147,0.08002,5.82072,0.931,cached_path_to_final_target,w,"$1,0,0,0,0,0,0,0,0#",16000,17000,Set tank.c app_speed/duty level to the logged pwm before sending the move key/protocol command; e=stop.,5.94639,15.74842,0,0,0,0.31065,0.1266,6.17034,5.19238,-0.56875,6.8313,5.2543,5.1924,0.84534,17,-0.0596,7,0,102.99757,38.21936,0.3287,0.2822,2,False,running
88434632b5,formation_7_smooth_bypass,93,18.6,1784480600,smooth_adaptive_clusters,finish_first,r01,r01,True,upper,member,local,3,3,5.79466,-0.99607,0.03194,0.3116,-0.00013,820,820,74,106,0,0,0000,---,False,0.31144,0.00994,0.3116,-0.00013,6.2564,-0.98133,cached_path_to_final_target,w,"$1,0,0,0,0,0,0,0,0#",16000,16000,Set tank.c app_speed/duty level to the logged pwm before sending the move key/protocol command; e=stop.,5.82714,15.61982,0,3,0,0.491,0.0497,6.30498,5.25781,-0.57048,6.7663,5.3198,5.2578,0.84132,17,-0.0596,7,0,104.22309,38.68166,0.3302,0.2827,2,False,running
88434632b5,formation_7_smooth_bypass,93,18.6,1784480600,smooth_adaptive_clusters,finish_first,r02,r02,True,upper,member,local,3,3,5.27144,-1.02113,0.07374,0.31008,-0.27685,874,758,132,88,0,0,0000,---,False,0.31146,0.00942,0.31008,-0.27685,5.73004,-1.00996,cached_path_to_final_target,d,"$4,0,0,0,0,0,0,0,0#",17000,15000,Set tank.c app_speed/duty level to the logged pwm before sending the move key/protocol command; e=stop.,5.64438,15.24605,2,5,0,0.50309,-0.01048,6.6722,5.25781,-0.57048,6.7663,5.3198,5.2578,0.84132,17,-0.0596,7,0,104.22309,38.68166,0.3302,0.2827,2,False,running
88434632b5,formation_7_smooth_bypass,93,18.6,1784480600,smooth_adaptive_clusters,finish_first,r03,r03,True,lower,member,local,3,3,6.09897,-0.79631,-0.11886,0.31098,0.17656,781,856,94,86,0,0,0000,---,False,0.31031,-0.02835,0.31098,0.17656,6.55955,-0.83666,cached_path_to_final_target,w,"$1,0,0,0,0,0,0,0,0#",16000,17000,Set tank.c app_speed/duty level to the logged pwm before sending the move key/protocol command; e=stop.,5.98094,15.99875,0,3,0,0.23453,0.0497,6.20236,5.25781,-0.57048,6.7663,5.3198,5.2578,0.84132,17,-0.0596,7,0,104.22309,38.68166,0.3302,0.2827,2,False,running
88434632b5,formation_7_smooth_bypass,93,18.6,1784480600,smooth_adaptive_clusters,finish_first,r04,r04,True,upper,member,local,3,3,4.40039,-1.09715,-0.13697,0.37885,0.21822,951,1000,108,64,0,0,0000,---,False,0.378,-0.03895,0.37885,0.21822,4.84427,-1.0653,cached_path_to_final_target,w,"$1,0,0,0,0,0,0,0,0#",19000,20000,Set tank.c app_speed/duty level to the logged pwm before sending the move key/protocol command; e=stop.,4.99484,13.70236,5,3,0,0.5443,-0.05963,7.40528,5.25781,-0.57048,6.7663,5.3198,5.2578,0.84132,17,-0.0596,7,0,104.22309,38.68166,0.3302,0.2827,2,False,running
88434632b5,formation_7_smooth_bypass,93,18.6,1784480600,smooth_adaptive_clusters,finish_first,r05,r05,True,upper,member,local,3,3,4.29073,-0.68474,-0.18527,0.37714,0.34355,920,1000,108,22,0,0,0000,---,False,0.37673,-0.04975,0.37714,0.34355,4.73224,-0.59536,cached_path_to_final_target,a,"$3,0,0,0,0,0,0,0,0#",18000,20000,Set tank.c app_speed/duty level to the logged pwm before sending the move key/protocol command; e=stop.,4.74975,13.01321,5,3,0,0.12277,-0.05963,7.83434,5.25781,-0.57048,6.7663,5.3198,5.2578,0.84132,17,-0.0596,7,0,104.22309,38.68166,0.3302,0.2827,2,False,running
88434632b5,formation_7_smooth_bypass,93,18.6,1784480600,smooth_adaptive_clusters,finish_first,r06,r06,True,upper,member,local,3,3,5.52744,-0.33341,0.22964,0.31125,-0.13209,847,791,38,46,0,0,0000,---,False,0.30483,0.06462,0.31125,-0.13209,5.98016,-0.23877,cached_path_to_final_target,w,"$1,0,0,0,0,0,0,0,0#",17000,16000,Set tank.c app_speed/duty level to the logged pwm before sending the move key/protocol command; e=stop.,5.47591,14.72878,2,5,0,0.10464,-0.01048,6.9502,5.25781,-0.57048,6.7663,5.3198,5.2578,0.84132,17,-0.0596,7,0,104.22309,38.68166,0.3302,0.2827,2,False,running
88434632b5,formation_7_smooth_bypass,93,18.6,1784480600,smooth_adaptive_clusters,finish_first,r07,r07,True,upper,member,local,3,3,5.42105,0.93545,-0.01926,0.31157,0.03619,812,828,-34,33,0,0,0000,---,False,0.31157,-0.00423,0.31157,0.03619,5.883,0.92954,cached_path_to_final_target,w,"$1,0,0,0,0,0,0,0,0#",16000,17000,Set tank.c app_speed/duty level to the logged pwm before sending the move key/protocol command; e=stop.,6.00871,15.91411,0,0,0,0.31065,0.1266,6.10813,5.25781,-0.57048,6.7663,5.3198,5.2578,0.84132,17,-0.0596,7,0,104.22309,38.68166,0.3302,0.2827,2,False,running
88434632b5,formation_7_smooth_bypass,94,18.8,1784480800,smooth_adaptive_clusters,finish_first,r01,r01,True,upper,member,local,3,3,5.85695,-0.99408,0.03193,0.3116,-5e-05,820,820,77,105,0,0,0000,---,False,0.31144,0.00995,0.3116,-5e-05,6.31869,-0.97934,path_to_final_target,w,"$1,0,0,0,0,0,0,0,0#",16000,16000,Set tank.c app_speed/duty level to the logged pwm before sending the move key/protocol command; e=stop.,5.88946,15.78507,0,3,0,0.491,0.0497,6.24272,5.32348,-0.57085,6.7009,5.3854,5.3235,0.83662,18,-0.0596,7,0,105.44122,39.14394,0.3302,0.2832,2,False,running
88434632b5,formation_7_smooth_bypass,94,18.8,1784480800,smooth_adaptive_clusters,finish_first,r02,r02,True,upper,member,local,3,3,5.33363,-1.01794,0.05128,0.31135,-0.11229,843,796,135,93,0,0,0000,---,False,0.31142,0.01048,0.31135,-0.11229,5.79446,-1.00353,path_to_final_target,w,"$1,0,0,0,0,0,0,0,0#",17000,16000,Set tank.c app_speed/duty level to the logged pwm before sending the move key/protocol command; e=stop.,5.70665,15.41294,2,5,0,0.50309,-0.01048,6.6101,5.32348,-0.57085,6.7009,5.3854,5.3235,0.83662,18,-0.0596,7,0,105.44122,39.14394,0.3302,0.2832,2,False,running
88434632b5,formation_7_smooth_bypass,94,18.8,1784480800,smooth_adaptive_clusters,finish_first,r03,r03,True,lower,member,local,3,3,6.16093,-0.80277,-0.10376,0.31149,0.07549,804,836,96,86,0,0,0000,---,False,0.31029,-0.0286,0.31149,0.07549,6.62116,-0.84444,path_to_final_target,w,"$1,0,0,0,0,0,0,0,0#",16000,17000,Set tank.c app_speed/duty level to the logged pwm before sending the move key/protocol command; e=stop.,6.04324,16.16505,0,3,0,0.23453,0.0497,6.14134,5.32348,-0.57085,6.7009,5.3854,5.3235,0.83662,18,-0.0596,7,0,105.44122,39.14394,0.3302,0.2832,2,False,running
88434632b5,formation_7_smooth_bypass,94,18.8,1784480800,smooth_adaptive_clusters,finish_first,r04,r04,True,upper,member,local,3,3,4.47579,-1.10356,-0.08484,0.37836,0.26062,941,1000,109,64,0,0,0000,---,False,0.37963,-0.01667,0.37836,0.26062,4.91422,-1.05329,path_to_final_target,w,"$1,0,0,0,0,0,0,0,0#",19000,20000,Set tank.c app_speed/duty level to the logged pwm before sending the move key/protocol command; e=stop.,5.07051,13.89844,5,3,0,0.5443,-0.05963,7.33204,5.32348,-0.57085,6.7009,5.3854,5.3235,0.83662,18,-0.0596,7,0,105.44122,39.14394,0.3302,0.2832,2,False,running
88434632b5,formation_7_smooth_bypass,94,18.8,1784480800,smooth_adaptive_clusters,finish_first,r05,r05,True,upper,member,local,3,3,4.36546,-0.69214,-0.09873,0.37547,0.43273,897,1000,109,23,0,0,0000,---,False,0.37982,-0.01167,0.37547,0.43273,4.79754,-0.56508,path_to_final_target,a,"$3,0,0,0,0,0,0,0,0#",18000,20000,Set tank.c app_speed/duty level to the logged pwm before sending the move key/protocol command; e=stop.,4.82484,13.20544,5,3,0,0.12277,-0.05963,7.76082,5.32348,-0.57085,6.7009,5.3854,5.3235,0.83662,18,-0.0596,7,0,105.44122,39.14394,0.3302,0.2832,2,False,running
88434632b5,formation_7_smooth_bypass,94,18.8,1784480800,smooth_adaptive_clusters,finish_first,r06,r06,True,upper,member,local,3,3,5.58827,-0.3199,0.21857,0.31154,-0.05537,831,808,41,42,0,0,0000,---,False,0.30476,0.06492,0.31154,-0.05537,6.04039,-0.22415,path_to_final_target,w,"$1,0,0,0,0,0,0,0,0#",17000,16000,Set tank.c app_speed/duty level to the logged pwm before sending the move key/protocol command; e=stop.,5.53821,14.89471,2,5,0,0.10464,-0.01048,6.8886,5.32348,-0.57085,6.7009,5.3854,5.3235,0.83662,18,-0.0596,7,0,105.44122,39.14394,0.3302,0.2832,2,False,running
88434632b5,formation_7_smooth_bypass,94,18.8,1784480800,smooth_adaptive_clusters,finish_first,r07,r07,True,upper,member,local,3,3,5.48336,0.93445,-0.01613,0.3116,0.01562,817,823,-36,28,0,0,0000,---,False,0.31157,-0.00426,0.3116,0.01562,5.9453,0.92828,path_to_final_target,w,"$1,0,0,0,0,0,0,0,0#",16000,16000,Set tank.c app_speed/duty level to the logged pwm before sending the move key/protocol command; e=stop.,6.07102,16.07957,0,0,0,0.28113,0.1266,6.04592,5.32348,-0.57085,6.7009,5.3854,5.3235,0.83662,18,-0.0596,7,0,105.44122,39.14394,0.3302,0.2832,2,False,running
88434632b5,formation_7_smooth_bypass,95,19.0,1784481000,smooth_adaptive_clusters,finish_first,r01,r01,True,upper,member,local,3,3,5.91924,-0.99209,0.03193,0.3116,-2e-05,820,820,79,105,0,0,0000,---,False,0.31144,0.00995,0.3116,-2e-05,6.38097,-0.97735,cached_path_to_final_target,w,"$1,0,0,0,0,0,0,0,0#",16000,16000,Set tank.c app_speed/duty level to the logged pwm before sending the move key/protocol command; e=stop.,5.95178,15.95032,0,3,0,0.491,0.0497,6.18047,5.38929,-0.56993,6.6352,5.4513,5.3893,0.83123,18,-0.0596,7,0,106.6582,39.60648,0.3304,0.2836,2,False,running
88434632b5,formation_7_smooth_bypass,95,19.0,1784481000,smooth_adaptive_clusters,finish_first,r02,r02,True,upper,member,local,3,3,5.39588,-1.0153,0.04235,0.31156,-0.04468,829,810,137,97,0,0,0000,---,False,0.31141,0.01101,0.31156,-0.04468,5.85731,-0.99944,cached_path_to_final_target,w,"$1,0,0,0,0,0,0,0,0#",17000,16000,Set tank.c app_speed/duty level to the logged pwm before sending the move key/protocol command; e=stop.,5.76896,15.57878,2,5,0,0.50309,-0.01048,6.54801,5.38929,-0.56993,6.6352,5.4513,5.3893,0.83123,18,-0.0596,7,0,106.6582,39.60648,0.3304,0.2836,2,False,running
88434632b5,formation_7_smooth_bypass,95,19.0,1784481000,smooth_adaptive_clusters,finish_first,r03,r03,True,lower,member,local,3,3,6.22295,-0.80882,-0.09737,0.31158,0.03195,813,827,99,87,0,0,0000,---,False,0.31027,-0.02874,0.31158,0.03195,6.68303,-0.85112,cached_path_to_final_target,w,"$1,0,0,0,0,0,0,0,0#",16000,17000,Set tank.c app_speed/duty level to the logged pwm before sending the move key/protocol command; e=stop.,6.10555,16.33074,0,3,0,0.23453,0.0497,6.08025,5.38929,-0.56993,6.6352,5.4513,5.3893,0.83123,18,-0.0596,7,0,106.6582,39.60648,0.3304,0.2836,2,False,running
88434632b5,formation_7_smooth_bypass,95,19.0,1784481000,smooth_adaptive_clusters,finish_first,r04,r04,True,upper,member,local,3,3,4.55151,-1.10678,-0.0425,0.37891,0.21173,953,1000,110,65,0,0,0000,---,False,0.37998,-0.00351,0.37891,0.21173,4.98828,-1.07436,cached_path_to_final_target,w,"$1,0,0,0,0,0,0,0,0#",19000,20000,Set tank.c app_speed/duty level to the logged pwm before sending the move key/protocol command; e=stop.,5.14629,14.09579,5,3,0,0.5443,-0.05963,7.25799,5.38929,-0.56993,6.6352,5.4513,5.3893,0.83123,18,-0.0596,7,0,106.6582,39.60648,0.3304,0.2836,2,False,running
88434632b5,formation_7_smooth_bypass,95,19.0,1784481000,smooth_adaptive_clusters,finish_first,r05,r05,True,upper,member,local,3,3,4.44063,-0.69337,-0.01628,0.37589,0.41224,902,1000,110,23,0,0,0000,---,False,0.37955,0.01842,0.37589,0.41224,4.86874,-0.55837,cached_path_to_final_target,a,"$3,0,0,0,0,0,0,0,0#",18000,20000,Set tank.c app_speed/duty level to the logged pwm before sending the move key/protocol command; e=stop.,4.90002,13.39738,5,3,0,0.12277,-0.05963,7.68622,5.38929,-0.56993,6.6352,5.4513,5.3893,0.83123,18,-0.0596,7,0,106.6582,39.60648,0.3304,0.2836,2,False,running
88434632b5,formation_7_smooth_bypass,95,19.0,1784481000,smooth_adaptive_clusters,finish_first,r06,r06,True,upper,member,local,3,3,5.64916,-0.30667,0.214,0.31159,-0.02286,825,815,44,39,0,0,0000,---,False,0.30473,0.06508,0.31159,-0.02286,6.10105,-0.21039,cached_path_to_final_target,w,"$1,0,0,0,0,0,0,0,0#",16000,16000,Set tank.c app_speed/duty level to the logged pwm before sending the move key/protocol command; e=stop.,5.60053,15.06029,2,5,0,0.10464,-0.01048,6.82696,5.38929,-0.56993,6.6352,5.4513,5.3893,0.83123,18,-0.0596,7,0,106.6582,39.60648,0.3304,0.2836,2,False,running
88434632b5,formation_7_smooth_bypass,95,19.0,1784481000,smooth_adaptive_clusters,finish_first,r07,r07,True,upper,member,local,3,3,5.54567,0.93352,-0.01483,0.3116,0.00652,819,821,-39,23,0,0,0000,---,False,0.31157,-0.0043,0.3116,0.00652,6.0076,0.92721,cached_path_to_final_target,w,"$1,0,0,0,0,0,0,0,0#",16000,16000,Set tank.c app_speed/duty level to the logged pwm before sending the move key/protocol command; e=stop.,6.13334,16.2449,0,0,0,0.23394,0.1266,5.98372,5.38929,-0.56993,6.6352,5.4513,5.3893,0.83123,18,-0.0596,7,0,106.6582,39.60648,0.3304,0.2836,2,False,running
88434632b5,formation_7_smooth_bypass,96,19.2,1784481200,smooth_adaptive_clusters,finish_first,r01,r01,True,upper,member,local,3,3,5.98153,-0.9901,0.03192,0.3116,-1e-05,820,820,81,105,0,0,0000,---,False,0.31144,0.00995,0.3116,-1e-05,6.44326,-0.97536,cached_path_to_final_target,w,"$1,0,0,0,0,0,0,0,0#",16000,16000,Set tank.c app_speed/duty level to the logged pwm before sending the move key/protocol command; e=stop.,6.0141,16.11556,0,3,0,0.491,0.0497,6.11821,5.45512,-0.56778,6.5695,5.5171,5.4551,0.82527,18,-0.0596,7,0,107.87517,40.06919,0.3305,0.2841,2,False,running
88434632b5,formation_7_smooth_bypass,96,19.2,1784481200,smooth_adaptive_clusters,finish_first,r02,r02,True,upper,member,local,3,3,5.45816,-1.01288,0.03885,0.31159,-0.01749,824,816,139,102,0,0,0000,---,False,0.3114,0.01125,0.31159,-0.01749,5.91975,-0.99638,cached_path_to_final_target,w,"$1,0,0,0,0,0,0,0,0#",16000,16000,Set tank.c app_speed/duty level to the logged pwm before sending the move key/protocol command; e=stop.,5.83128,15.7443,2,5,0,0.50309,-0.01048,6.48594,5.45512,-0.56778,6.5695,5.5171,5.4551,0.82527,18,-0.0596,7,0,107.87517,40.06919,0.3305,0.2841,2,False,running
88434632b5,formation_7_smooth_bypass,96,19.2,1784481200,smooth_adaptive_clusters,finish_first,r03,r03,True,lower,member,local,3,3,6.28499,-0.81472,-0.09469,0.3116,0.01343,817,823,102,87,0,0,0000,---,False,0.31027,-0.02881,0.3116,0.01343,6.74501,-0.85729,cached_path_to_final_target,w,"$1,0,0,0,0,0,0,0,0#",16000,16000,Set tank.c app_speed/duty level to the logged pwm before sending the move key/protocol command; e=stop.,6.16787,16.49617,0,3,0,0.23453,0.0497,6.01915,5.45512,-0.56778,6.5695,5.5171,5.4551,0.82527,18,-0.0596,7,0,107.87517,40.06919,0.3305,0.2841,2,False,running
88434632b5,formation_7_smooth_bypass,96,19.2,1784481200,smooth_adaptive_clusters,finish_first,r04,r04,True,upper,member,local,3,3,4.62731,-1.10694,-0.00208,0.37901,0.2021,955,1000,111,65,0,0,0000,---,False,0.37983,0.01128,0.37901,0.2021,5.06475,-1.08338,cached_path_to_final_target,w,"$1,0,0,0,0,0,0,0,0#",19000,20000,Set tank.c app_speed/duty level to the logged pwm before sending the move key/protocol command; e=stop.,5.2221,14.29291,5,3,0,0.5443,-0.05963,7.18336,5.45512,-0.56778,6.5695,5.5171,5.4551,0.82527,18,-0.0596,7,0,107.87517,40.06919,0.3305,0.2841,2,False,running
88434632b5,formation_7_smooth_bypass,96,19.2,1784481200,smooth_adaptive_clusters,finish_first,r05,r05,True,upper,member,local,3,3,4.5158,-0.68888,0.05965,0.37651,0.37964,911,1000,111,23,0,0,0000,---,False,0.3773,0.04523,0.37651,0.37964,4.94213,-0.55496,cached_path_to_final_target,a,"$3,0,0,0,0,0,0,0,0#",18000,20000,Set tank.c app_speed/duty level to the logged pwm before sending the move key/protocol command; e=stop.,4.97532,13.59036,5,3,0,0.12277,-0.05963,7.61101,5.45512,-0.56778,6.5695,5.5171,5.4551,0.82527,18,-0.0596,7,0,107.87517,40.06919,0.3305,0.2841,2,False,running
88434632b5,formation_7_smooth_bypass,96,19.2,1784481200,smooth_adaptive_clusters,finish_first,r06,r06,True,upper,member,local,3,3,5.71009,-0.29355,0.21213,0.3116,-0.00933,822,818,47,36,0,0,0000,---,False,0.30471,0.06516,0.3116,-0.00933,6.16188,-0.19703,cached_path_to_final_target,w,"$1,0,0,0,0,0,0,0,0#",16000,16000,Set tank.c app_speed/duty level to the logged pwm before sending the move key/protocol command; e=stop.,5.66285,15.22567,2,5,0,0.10464,-0.01048,6.76531,5.45512,-0.56778,6.5695,5.5171,5.4551,0.82527,18,-0.0596,7,0,107.87517,40.06919,0.3305,0.2841,2,False,running
88434632b5,formation_7_smooth_bypass,96,19.2,1784481200,smooth_adaptive_clusters,finish_first,r07,r07,True,upper,member,local,3,3,5.60799,0.93263,-0.0143,0.3116,0.00266,819,821,-42,19,0,0,0000,---,False,0.31157,-0.00433,0.3116,0.00266,6.06992,0.92625,cached_path_to_final_target,w,"$1,0,0,0,0,0,0,0,0#",16000,16000,Set tank.c app_speed/duty level to the logged pwm before sending the move key/protocol command; e=stop.,6.19566,16.41019,0,0,0,0.1923,0.1266,5.92153,5.45512,-0.56778,6.5695,5.5171,5.4551,0.82527,18,-0.0596,7,0,107.87517,40.06919,0.3305,0.2841,2,False,running
88434632b5,formation_7_smooth_bypass,97,19.4,1784481400,smooth_adaptive_clusters,finish_first,r01,r01,True,upper,member,local,3,3,6.04381,-0.98811,0.03192,0.3116,-0.0,820,820,84,105,0,0,0000,---,False,0.31144,0.00995,0.3116,-0.0,6.50555,-0.97337,path_to_final_target,w,"$1,0,0,0,0,0,0,0,0#",16000,16000,Set tank.c app_speed/duty level to the logged pwm before sending the move key/protocol command; e=stop.,6.07642,16.28081,0,3,0,0.491,0.0497,6.05596,5.52087,-0.56434,6.5037,5.583,5.5209,0.81879,18,-0.0596,7,0,109.0917,40.53188,0.3305,0.2846,2,False,running
88434632b5,formation_7_smooth_bypass,97,19.4,1784481400,smooth_adaptive_clusters,finish_first,r02,r02,True,upper,member,local,3,3,5.52043,-1.01055,0.0375,0.3116,-0.00675,821,819,140,107,0,0,0000,---,False,0.31139,0.01135,0.3116,-0.00675,5.98207,-0.99378,path_to_final_target,w,"$1,0,0,0,0,0,0,0,0#",16000,16000,Set tank.c app_speed/duty level to the logged pwm before sending the move key/protocol command; e=stop.,5.8936,15.90966,2,5,0,0.50309,-0.01048,6.42387,5.52087,-0.56434,6.5037,5.583,5.5209,0.81879,18,-0.0596,7,0,109.0917,40.53188,0.3305,0.2846,2,False,running
88434632b5,formation_7_smooth_bypass,97,19.4,1784481400,smooth_adaptive_clusters,finish_first,r03,r03,True,lower,member,local,3,3,6.34704,-0.82054,-0.09356,0.3116,0.00563,819,821,104,88,0,0,0000,---,False,0.31026,-0.02884,0.3116,0.00563,6.80704,-0.86324,path_to_final_target,w,"$1,0,0,0,0,0,0,0,0#",16000,16000,Set tank.c app_speed/duty level to the logged pwm before sending the move key/protocol command; e=stop.,6.23019,16.66149,0,3,0,0.23453,0.0497,5.95806,5.52087,-0.56434,6.5037,5.583,5.5209,0.81879,18,-0.0596,7,0,109.0917,40.53188,0.3305,0.2846,2,False,running
88434632b5,formation_7_smooth_bypass,97,19.4,1784481400,smooth_adaptive_clusters,finish_first,r04,r04,True,upper,member,local,3,3,4.70292,-1.10333,0.04765,0.3785,0.24866,944,1000,112,66,0,0,0000,---,False,0.37857,0.03292,0.3785,0.24866,5.1373,-1.05861,path_to_final_target,w,"$1,0,0,0,0,0,0,0,0#",19000,20000,Set tank.c app_speed/duty level to the logged pwm before sending the move key/protocol command; e=stop.,5.2978,14.48933,5,3,0,0.5443,-0.05963,7.10827,5.52087,-0.56434,6.5037,5.583,5.5209,0.81879,18,-0.0596,7,0,109.0917,40.53188,0.3305,0.2846,2,False,running
88434632b5,formation_7_smooth_bypass,97,19.4,1784481400,smooth_adaptive_clusters,finish_first,r05,r05,True,upper,member,local,3,3,4.59056,-0.6791,0.13012,0.377,0.35233,918,1000,112,22,0,0,0000,---,False,0.37348,0.07008,0.377,0.35233,5.01631,-0.54909,path_to_final_target,a,"$3,0,0,0,0,0,0,0,0#",18000,20000,Set tank.c app_speed/duty level to the logged pwm before sending the move key/protocol command; e=stop.,5.05072,13.78398,5,3,0,0.12277,-0.05963,7.53563,5.52087,-0.56434,6.5037,5.583,5.5209,0.81879,18,-0.0596,7,0,109.0917,40.53188,0.3305,0.2846,2,False,running
88434632b5,formation_7_smooth_bypass,97,19.4,1784481400,smooth_adaptive_clusters,finish_first,r06,r06,True,upper,member,local,3,3,5.77102,-0.28047,0.21138,0.3116,-0.00377,821,819,50,34,0,0,0000,---,False,0.3047,0.0652,0.3116,-0.00377,6.22278,-0.18385,path_to_final_target,w,"$1,0,0,0,0,0,0,0,0#",16000,16000,Set tank.c app_speed/duty level to the logged pwm before sending the move key/protocol command; e=stop.,5.72517,15.39097,2,5,0,0.10464,-0.01048,6.70367,5.52087,-0.56434,6.5037,5.583,5.5209,0.81879,18,-0.0596,7,0,109.0917,40.53188,0.3305,0.2846,2,False,running
88434632b5,formation_7_smooth_bypass,97,19.4,1784481400,smooth_adaptive_clusters,finish_first,r07,r07,True,upper,member,local,3,3,5.6703,0.93175,-0.01409,0.3116,0.00106,820,820,-45,16,0,0,0000,---,False,0.31157,-0.00434,0.3116,0.00106,6.13223,0.92533,path_to_final_target,w,"$1,0,0,0,0,0,0,0,0#",16000,16000,Set tank.c app_speed/duty level to the logged pwm before sending the move key/protocol command; e=stop.,6.25798,16.57545,0,0,0,0.15875,0.1266,5.85934,5.52087,-0.56434,6.5037,5.583,5.5209,0.81879,18,-0.0596,7,0,109.0917,40.53188,0.3305,0.2846,2,False,running
88434632b5,formation_7_smooth_bypass,98,19.6,1784481600,smooth_adaptive_clusters,finish_first,r01,r01,True,upper,member,local,3,3,6.1061,-0.98613,0.03192,0.3116,-0.0,820,820,86,105,0,0,0000,---,False,0.31144,0.00995,0.3116,-0.0,6.56784,-0.97138,cached_path_to_final_target,w,"$1,0,0,0,0,0,0,0,0#",16000,16000,Set tank.c app_speed/duty level to the logged pwm before sending the move key/protocol command; e=stop.,6.13874,16.44606,0,3,0,0.491,0.0497,5.9937,5.58651,-0.55979,6.4379,5.6488,5.5865,0.81202,18,-0.0596,7,0,110.31008,40.99479,0.3306,0.285,2,False,running
88434632b5,formation_7_smooth_bypass,98,19.6,1784481600,smooth_adaptive_clusters,finish_first,r02,r02,True,upper,member,local,3,3,5.58271,-1.00824,0.03699,0.3116,-0.00257,821,819,66,109,0,0,0000,---,False,0.31139,0.0114,0.3116,-0.00257,6.04436,-0.99137,cached_path_to_final_target,w,"$1,0,0,0,0,0,0,0,0#",16000,16000,Set tank.c app_speed/duty level to the logged pwm before sending the move key/protocol command; e=stop.,5.95592,16.07494,2,5,0,0.50309,-0.01048,6.36181,5.58651,-0.55979,6.4379,5.6488,5.5865,0.81202,18,-0.0596,7,0,110.31008,40.99479,0.3306,0.285,2,False,running
88434632b5,formation_7_smooth_bypass,98,19.6,1784481600,smooth_adaptive_clusters,finish_first,r03,r03,True,lower,member,local,3,3,6.40909,-0.82633,-0.09309,0.3116,0.00235,820,820,107,89,0,0,0000,---,False,0.31026,-0.02885,0.3116,0.00235,6.86908,-0.86908,cached_path_to_final_target,w,"$1,0,0,0,0,0,0,0,0#",16000,16000,Set tank.c app_speed/duty level to the logged pwm before sending the move key/protocol command; e=stop.,6.29251,16.82677,0,3,0,0.23453,0.0497,5.89699,5.58651,-0.55979,6.4379,5.6488,5.5865,0.81202,18,-0.0596,7,0,110.31008,40.99479,0.3306,0.285,2,False,running
88434632b5,formation_7_smooth_bypass,98,19.6,1784481600,smooth_adaptive_clusters,finish_first,r04,r04,True,upper,member,local,3,3,4.77848,-1.09689,0.08506,0.37915,0.18701,958,1000,113,67,0,0,0000,---,False,0.37751,0.04339,0.37915,0.18701,5.21251,-1.07512,cached_path_to_final_target,w,"$1,0,0,0,0,0,0,0,0#",19000,20000,Set tank.c app_speed/duty level to the logged pwm before sending the move key/protocol command; e=stop.,5.37363,14.68732,5,3,0,0.5443,-0.05963,7.03276,5.58651,-0.55979,6.4379,5.6488,5.5865,0.81202,18,-0.0596,7,0,110.31008,40.99479,0.3306,0.285,2,False,running
88434632b5,formation_7_smooth_bypass,98,19.6,1784481600,smooth_adaptive_clusters,finish_first,r05,r05,True,upper,member,local,3,3,4.66458,-0.66438,0.19621,0.37736,0.33047,923,1000,114,23,0,0,0000,---,False,0.36836,0.09333,0.37736,0.33047,5.09059,-0.53931,cached_path_to_final_target,a,"$3,0,0,0,0,0,0,0,0#",18000,20000,Set tank.c app_speed/duty level to the logged pwm before sending the move key/protocol command; e=stop.,5.12619,13.97804,5,3,0,0.12277,-0.05963,7.46045,5.58651,-0.55979,6.4379,5.6488,5.5865,0.81202,18,-0.0596,7,0,110.31008,40.99479,0.3306,0.285,2,False,running
88434632b5,formation_7_smooth_bypass,98,19.6,1784481600,smooth_adaptive_clusters,finish_first,r06,r06,True,upper,member,local,3,3,5.83196,-0.26742,0.21107,0.3116,-0.00152,820,820,53,33,0,0,0000,---,False,0.3047,0.06521,0.3116,-0.00152,6.2837,-0.17075,cached_path_to_final_target,w,"$1,0,0,0,0,0,0,0,0#",16000,16000,Set tank.c app_speed/duty level to the logged pwm before sending the move key/protocol command; e=stop.,5.78749,15.55624,2,5,0,0.10464,-0.01048,6.64204,5.58651,-0.55979,6.4379,5.6488,5.5865,0.81202,18,-0.0596,7,0,110.31008,40.99479,0.3306,0.285,2,False,running
88434632b5,formation_7_smooth_bypass,98,19.6,1784481600,smooth_adaptive_clusters,finish_first,r07,r07,True,upper,member,local,3,3,5.73262,0.93088,-0.014,0.3116,0.00042,820,820,-49,14,0,0,0000,---,False,0.31157,-0.00434,0.3116,0.00042,6.19454,0.92445,cached_path_to_final_target,w,"$1,0,0,0,0,0,0,0,0#",16000,16000,Set tank.c app_speed/duty level to the logged pwm before sending the move key/protocol command; e=stop.,6.3203,16.7407,0,0,0,0.1366,0.1266,5.79715,5.58651,-0.55979,6.4379,5.6488,5.5865,0.81202,18,-0.0596,7,0,110.31008,40.99479,0.3306,0.285,2,False,running
88434632b5,formation_7_smooth_bypass,99,19.8,1784481800,smooth_adaptive_clusters,finish_first,r01,r01,True,upper,member,local,3,3,6.16839,-0.98414,0.03192,0.3116,-0.0,820,820,89,104,0,0,0000,---,False,0.31144,0.00995,0.3116,-0.0,6.63013,-0.96939,cached_path_to_final_target,w,"$1,0,0,0,0,0,0,0,0#",16000,16000,Set tank.c app_speed/duty level to the logged pwm before sending the move key/protocol command; e=stop.,6.20106,16.6113,0,3,0,0.491,0.0497,5.93145,5.65197,-0.55614,6.3723,5.7143,5.652,0.80444,18,-0.0596,7,0,111.53318,41.45645,0.3298,0.2855,2,False,running
88434632b5,formation_7_smooth_bypass,99,19.8,1784481800,smooth_adaptive_clusters,finish_first,r02,r02,True,upper,member,local,3,3,5.64499,-1.00595,0.03679,0.3116,-0.00097,820,820,69,107,0,0,0000,---,False,0.31139,0.01141,0.3116,-0.00097,6.10665,-0.98904,cached_path_to_final_target,w,"$1,0,0,0,0,0,0,0,0#",16000,16000,Set tank.c app_speed/duty level to the logged pwm before sending the move key/protocol command; e=stop.,6.01824,16.24021,2,5,0,0.50309,-0.01048,6.29976,5.65197,-0.55614,6.3723,5.7143,5.652,0.80444,18,-0.0596,7,0,111.53318,41.45645,0.3298,0.2855,2,False,running
88434632b5,formation_7_smooth_bypass,99,19.8,1784481800,smooth_adaptive_clusters,finish_first,r03,r03,True,lower,member,local,3,3,6.47114,-0.83211,-0.09289,0.3116,0.00098,820,820,23,89,0,0,0000,---,False,0.31026,-0.02886,0.3116,0.00098,6.93113,-0.87488,cached_path_to_final_target,w,"$1,0,0,0,0,0,0,0,0#",16000,16000,Set tank.c app_speed/duty level to the logged pwm before sending the move key/protocol command; e=stop.,6.35483,16.99203,0,3,0,0.23453,0.0497,5.83594,5.65197,-0.55614,6.3723,5.7143,5.652,0.80444,18,-0.0596,7,0,111.53318,41.45645,0.3298,0.2855,2,False,running
88434632b5,formation_7_smooth_bypass,99,19.8,1784481800,smooth_adaptive_clusters,finish_first,r04,r04,True,upper,member,local,3,3,4.85378,-1.08777,0.12047,0.37924,0.17709,961,1000,114,69,0,0,0000,---,False,0.37583,0.05615,0.37924,0.17709,5.28948,-1.07712,cached_path_to_final_target,w,"$1,0,0,0,0,0,0,0,0#",19000,20000,Set tank.c app_speed/duty level to the logged pwm before sending the move key/protocol command; e=stop.,5.44948,14.88504,5,3,0,0.5443,-0.05963,6.95703,5.65197,-0.55614,6.3723,5.7143,5.652,0.80444,18,-0.0596,7,0,111.53318,41.45645,0.3298,0.2855,2,False,running
88434632b5,formation_7_smooth_bypass,99,19.8,1784481800,smooth_adaptive_clusters,finish_first,r05,r05,True,upper,member,local,3,3,4.7376,-0.64507,0.25861,0.37764,0.31201,928,1000,115,24,0,0,0000,---,False,0.36216,0.11507,0.37764,0.31201,5.16451,-0.52545,cached_path_to_final_target,w,"$1,0,0,0,0,0,0,0,0#",19000,20000,Set tank.c app_speed/duty level to the logged pwm before sending the move key/protocol command; e=stop.,5.20172,14.17256,5,3,0,0.12277,-0.05963,7.38578,5.65197,-0.55614,6.3723,5.7143,5.652,0.80444,18,-0.0596,7,0,111.53318,41.45645,0.3298,0.2855,2,False,running
88434632b5,formation_7_smooth_bypass,99,19.8,1784481800,smooth_adaptive_clusters,finish_first,r06,r06,True,upper,member,local,3,3,5.89296,-0.26798,-0.00923,0.30504,-1.10152,1000,571,70,33,0,0,0000,---,False,0.34574,-0.15768,0.30504,-1.10152,6.34464,-0.15768,cached_path_to_final_target,d,"$4,0,0,0,0,0,0,0,0#",20000,11000,Set tank.c app_speed/duty level to the logged pwm before sending the move key/protocol command; e=stop.,5.8485,15.72609,2,5,0,0.10464,-0.01048,6.58119,5.65197,-0.55614,6.3723,5.7143,5.652,0.80444,18,-0.0596,7,0,111.53318,41.45645,0.3298,0.2855,2,False,running
88434632b5,formation_7_smooth_bypass,99,19.8,1784481800,smooth_adaptive_clusters,finish_first,r07,r07,True,upper,member,local,3,3,5.79493,0.93001,-0.01397,0.3116,0.00016,820,820,-54,13,0,0,0000,---,False,0.31157,-0.00435,0.3116,0.00016,6.25686,0.92357,cached_path_to_final_target,w,"$1,0,0,0,0,0,0,0,0#",16000,16000,Set tank.c app_speed/duty level to the logged pwm before sending the move key/protocol command; e=stop.,6.38262,16.90595,0,0,0,0.12899,0.1266,5.73497,5.65197,-0.55614,6.3723,5.7143,5.652,0.80444,18,-0.0596,7,0,111.53318,41.45645,0.3298,0.2855,2,False,running
88434632b5,formation_7_smooth_bypass,100,20.0,1784482000,smooth_adaptive_clusters,finish_first,r01,r01,True,upper,member,local,3,3,6.20888,-0.98284,0.03192,0.20254,-0.0,533,533,91,104,0,0,0000,---,False,0.20244,0.00646,0.20254,-0.0,6.69242,-0.9674,path_to_final_target,w,"$1,0,0,0,0,0,0,0,0#",11000,11000,Set tank.c app_speed/duty level to the logged pwm before sending the move key/protocol command; e=stop.,6.24157,16.72744,0,3,0,0.491,0.0497,5.89099,5.71529,-0.55361,6.309,5.7777,5.7153,0.79459,19,-0.0596,7,0,112.71581,41.90639,0.3214,0.2858,2,False,running
88434632b5,formation_7_smooth_bypass,100,20.0,1784482000,smooth_adaptive_clusters,finish_first,r02,r02,True,upper,member,local,3,3,5.70726,-1.00366,0.03672,0.3116,-0.00036,820,820,71,107,0,0,0000,---,False,0.31139,0.01142,0.3116,-0.00036,6.16892,-0.98673,path_to_final_target,w,"$1,0,0,0,0,0,0,0,0#",16000,16000,Set tank.c app_speed/duty level to the logged pwm before sending the move key/protocol command; e=stop.,6.08056,16.40546,2,5,0,0.50309,-0.01048,6.23772,5.71529,-0.55361,6.309,5.7777,5.7153,0.79459,19,-0.0596,7,0,112.71581,41.90639,0.3214,0.2858,2,False,running
88434632b5,formation_7_smooth_bypass,100,20.0,1784482000,smooth_adaptive_clusters,finish_first,r03,r03,True,lower,member,local,3,3,6.53319,-0.83789,-0.09281,0.3116,0.00041,820,820,24,83,0,0,0000,---,False,0.31026,-0.02886,0.3116,0.00041,6.99318,-0.88067,path_to_final_target,w,"$1,0,0,0,0,0,0,0,0#",16000,16000,Set tank.c app_speed/duty level to the logged pwm before sending the move key/protocol command; e=stop.,6.41715,17.15729,0,3,0,0.23453,0.0497,5.77492,5.71529,-0.55361,6.309,5.7777,5.7153,0.79459,19,-0.0596,7,0,112.71581,41.90639,0.3214,0.2858,2,False,running
88434632b5,formation_7_smooth_bypass,100,20.0,1784482000,smooth_adaptive_clusters,finish_first,r04,r04,True,upper,member,local,3,3,4.9286,-1.07562,0.16104,0.379,0.20284,955,1000,115,71,0,0,0000,---,False,0.37295,0.07285,0.379,0.20284,5.36393,-1.05748,path_to_final_target,w,"$1,0,0,0,0,0,0,0,0#",19000,20000,Set tank.c app_speed/duty level to the logged pwm before sending the move key/protocol command; e=stop.,5.52528,15.08233,5,3,0,0.5443,-0.05963,6.88124,5.71529,-0.55361,6.309,5.7777,5.7153,0.79459,19,-0.0596,7,0,112.71581,41.90639,0.3214,0.2858,2,False,running
88434632b5,formation_7_smooth_bypass,100,20.0,1784482000,smooth_adaptive_clusters,finish_first,r05,r05,True,upper,member,local,3,3,4.8094,-0.62146,0.3177,0.37789,0.29545,932,1000,116,27,0,0,0000,---,False,0.35508,0.13533,0.37789,0.29545,5.23779,-0.5077,path_to_final_target,w,"$1,0,0,0,0,0,0,0,0#",19000,20000,Set tank.c app_speed/duty level to the logged pwm before sending the move key/protocol command; e=stop.,5.2773,14.36745,5,3,0,0.12277,-0.05963,7.3119,5.71529,-0.55361,6.309,5.7777,5.7153,0.79459,19,-0.0596,7,0,112.71581,41.90639,0.3214,0.2858,2,False,running
88434632b5,formation_7_smooth_bypass,100,20.0,1784482000,smooth_adaptive_clusters,finish_first,r06,r06,True,upper,member,local,3,3,5.96247,-0.28291,-0.21163,0.35545,-1.01198,1000,722,87,34,0,0,0000,---,False,0.35419,-0.13764,0.35545,-1.01198,6.40504,-0.1515,path_to_final_target,d,"$4,0,0,0,0,0,0,0,0#",20000,14000,Set tank.c app_speed/duty level to the logged pwm before sending the move key/protocol command; e=stop.,5.91959,15.90464,2,5,0,0.10464,-0.01048,6.51278,5.71529,-0.55361,6.309,5.7777,5.7153,0.79459,19,-0.0596,7,0,112.71581,41.90639,0.3214,0.2858,2,False,running
88434632b5,formation_7_smooth_bypass,100,20.0,1784482000,smooth_adaptive_clusters,finish_first,r07,r07,True,upper,member,local,3,3,5.85724,0.92914,-0.01396,0.3116,6e-05,820,820,-59,13,0,0,0000,---,False,0.31157,-0.00435,0.3116,6e-05,6.31917,0.9227,path_to_final_target,w,"$1,0,0,0,0,0,0,0,0#",16000,16000,Set tank.c app_speed/duty level to the logged pwm before sending the move key/protocol command; e=stop.,6.44494,17.0712,0,0,0,0.12812,0.1266,5.67279,5.71529,-0.55361,6.309,5.7777,5.7153,0.79459,19,-0.0596,7,0,112.71581,41.90639,0.3214,0.2858,2,False,running
88434632b5,formation_7_smooth_bypass,101,20.2,1784482200,smooth_adaptive_clusters,finish_first,r01,r01,True,upper,member,local,3,3,6.27117,-0.98085,0.03192,0.3116,-0.0,820,820,93,104,0,0,0000,---,False,0.31144,0.00995,0.3116,-0.0,6.73944,-0.9659,cached_path_to_final_target,w,"$1,0,0,0,0,0,0,0,0#",16000,16000,Set tank.c app_speed/duty level to the logged pwm before sending the move key/protocol command; e=stop.,6.30389,16.90141,0,3,0,0.491,0.0497,5.82874,5.782,-0.55067,6.2423,5.8445,5.782,0.78713,19,-0.0596,7,0,113.98472,42.38288,0.3404,0.2862,2,False,running
88434632b5,formation_7_smooth_bypass,101,20.2,1784482200,smooth_adaptive_clusters,finish_first,r02,r02,True,upper,member,local,3,3,5.76954,-1.00138,0.03669,0.3116,-0.00013,820,820,73,106,0,0,0000,---,False,0.31139,0.01142,0.3116,-0.00013,6.2312,-0.98444,cached_path_to_final_target,w,"$1,0,0,0,0,0,0,0,0#",16000,16000,Set tank.c app_speed/duty level to the logged pwm before sending the move key/protocol command; e=stop.,6.14288,16.57071,2,5,0,0.50309,-0.01048,6.17568,5.782,-0.55067,6.2423,5.8445,5.782,0.78713,19,-0.0596,7,0,113.98472,42.38288,0.3404,0.2862,2,False,running
88434632b5,formation_7_smooth_bypass,101,20.2,1784482200,smooth_adaptive_clusters,finish_first,r03,r03,True,lower,member,local,3,3,6.59524,-0.84366,-0.09278,0.3116,0.00017,820,820,25,77,0,0,0000,---,False,0.31026,-0.02886,0.3116,0.00017,7.05523,-0.88644,cached_path_to_final_target,w,"$1,0,0,0,0,0,0,0,0#",16000,16000,Set tank.c app_speed/duty level to the logged pwm before sending the move key/protocol command; e=stop.,6.47947,17.32253,0,3,0,0.23453,0.0497,5.71392,5.782,-0.55067,6.2423,5.8445,5.782,0.78713,19,-0.0596,7,0,113.98472,42.38288,0.3404,0.2862,2,False,running
88434632b5,formation_7_smooth_bypass,101,20.2,1784482200,smooth_adaptive_clusters,finish_first,r04,r04,True,upper,member,local,3,3,5.00302,-1.06092,0.19499,0.3793,0.16975,962,1000,116,74,0,0,0000,---,False,0.3707,0.08355,0.3793,0.16975,5.44093,-1.0584,cached_path_to_final_target,w,"$1,0,0,0,0,0,0,0,0#",19000,20000,Set tank.c app_speed/duty level to the logged pwm before sending the move key/protocol command; e=stop.,5.60114,15.2804,5,3,0,0.5443,-0.05963,6.80539,5.782,-0.55067,6.2423,5.8445,5.782,0.78713,19,-0.0596,7,0,113.98472,42.38288,0.3404,0.2862,2,False,running
88434632b5,formation_7_smooth_bypass,101,20.2,1784482200,smooth_adaptive_clusters,finish_first,r05,r05,True,upper,member,local,3,3,4.8798,-0.59385,0.37371,0.3781,0.28001,936,1000,117,31,0,0,0000,---,False,0.34733,0.15415,0.3781,0.28001,5.31016,-0.48635,cached_path_to_final_target,w,"$1,0,0,0,0,0,0,0,0#",19000,20000,Set tank.c app_speed/duty level to the logged pwm before sending the move key/protocol command; e=stop.,5.35292,14.56274,5,3,0,0.12277,-0.05963,7.23903,5.782,-0.55067,6.2423,5.8445,5.782,0.78713,19,-0.0596,7,0,113.98472,42.38288,0.3404,0.2862,2,False,running
88434632b5,formation_7_smooth_bypass,101,20.2,1784482200,smooth_adaptive_clusters,finish_first,r06,r06,True,upper,member,local,3,3,6.03568,-0.30228,-0.25868,0.37866,-0.23525,1000,947,96,36,0,0,0000,---,False,0.36351,-0.11072,0.37866,-0.23525,6.47042,-0.15401,cached_path_to_final_target,w,"$1,0,0,0,0,0,0,0,0#",20000,19000,Set tank.c app_speed/duty level to the logged pwm before sending the move key/protocol command; e=stop.,5.99532,16.11048,2,5,0,0.10464,-0.01048,6.44103,5.782,-0.55067,6.2423,5.8445,5.782,0.78713,19,-0.0596,7,0,113.98472,42.38288,0.3404,0.2862,2,False,running
88434632b5,formation_7_smooth_bypass,101,20.2,1784482200,smooth_adaptive_clusters,finish_first,r07,r07,True,upper,member,local,3,3,5.91956,0.92827,-0.01395,0.3116,2e-05,820,820,-64,13,0,0,0000,---,False,0.31157,-0.00435,0.3116,2e-05,6.38148,0.92183,cached_path_to_final_target,w,"$1,0,0,0,0,0,0,0,0#",16000,16000,Set tank.c app_speed/duty level to the logged pwm before sending the move key/protocol command; e=stop.,6.50726,17.23645,0,0,0,0.12725,0.1266,5.61061,5.782,-0.55067,6.2423,5.8445,5.782,0.78713,19,-0.0596,7,0,113.98472,42.38288,0.3404,0.2862,2,False,running
88434632b5,formation_7_smooth_bypass,102,20.4,1784482400,smooth_adaptive_clusters,finish_first,r01,r01,True,upper,member,local,3,3,6.33346,-0.97886,0.03192,0.3116,-0.0,820,820,96,104,0,0,0000,---,False,0.31144,0.00995,0.3116,-0.0,6.79715,-0.96406,cached_path_to_final_target,w,"$1,0,0,0,0,0,0,0,0#",16000,16000,Set tank.c app_speed/duty level to the logged pwm before sending the move key/protocol command; e=stop.,6.36621,17.06666,0,3,0,0.491,0.0497,5.76649,5.84892,-0.54454,6.1751,5.9117,5.8489,0.78542,18,-0.0596,7,0,115.25519,42.86389,0.3436,0.2867,2,False,running
88434632b5,formation_7_smooth_bypass,102,20.4,1784482400,smooth_adaptive_clusters,finish_first,r02,r02,True,upper,member,local,3,3,5.83182,-0.99909,0.03668,0.3116,-5e-05,820,820,75,106,0,0,0000,---,False,0.31139,0.01143,0.3116,-5e-05,6.29348,-0.98215,cached_path_to_final_target,w,"$1,0,0,0,0,0,0,0,0#",16000,16000,Set tank.c app_speed/duty level to the logged pwm before sending the move key/protocol command; e=stop.,6.2052,16.73596,2,5,0,0.50309,-0.01048,6.11364,5.84892,-0.54454,6.1751,5.9117,5.8489,0.78542,18,-0.0596,7,0,115.25519,42.86389,0.3436,0.2867,2,False,running
88434632b5,formation_7_smooth_bypass,102,20.4,1784482400,smooth_adaptive_clusters,finish_first,r03,r03,True,lower,member,local,3,3,6.6573,-0.84943,-0.09276,0.3116,7e-05,820,820,27,71,0,0,0000,---,False,0.31026,-0.02886,0.3116,7e-05,7.11728,-0.89222,cached_path_to_final_target,w,"$1,0,0,0,0,0,0,0,0#",16000,16000,Set tank.c app_speed/duty level to the logged pwm before sending the move key/protocol command; e=stop.,6.54179,17.48778,0,3,0,0.23453,0.0497,5.65296,5.84892,-0.54454,6.1751,5.9117,5.8489,0.78542,18,-0.0596,7,0,115.25519,42.86389,0.3436,0.2867,2,False,running
88434632b5,formation_7_smooth_bypass,102,20.4,1784482400,smooth_adaptive_clusters,finish_first,r04,r04,True,upper,member,local,3,3,5.07693,-1.04378,0.2279,0.37934,0.16453,964,1000,117,77,0,0,0000,---,False,0.36783,0.09539,0.37934,0.16453,5.51744,-1.0498,cached_path_to_final_target,w,"$1,0,0,0,0,0,0,0,0#",19000,20000,Set tank.c app_speed/duty level to the logged pwm before sending the move key/protocol command; e=stop.,5.67701,15.47838,5,3,0,0.5443,-0.05963,6.72962,5.84892,-0.54454,6.1751,5.9117,5.8489,0.78542,18,-0.0596,7,0,115.25519,42.86389,0.3436,0.2867,2,False,running
88434632b5,formation_7_smooth_bypass,102,20.4,1784482400,smooth_adaptive_clusters,finish_first,r05,r05,True,upper,member,local,3,3,4.94867,-0.56253,0.42677,0.3783,0.26533,940,1000,119,35,0,0,0000,---,False,0.33906,0.17158,0.3783,0.26533,5.38144,-0.46169,cached_path_to_final_target,w,"$1,0,0,0,0,0,0,0,0#",19000,20000,Set tank.c app_speed/duty level to the logged pwm before sending the move key/protocol command; e=stop.,5.42858,14.75841,5,3,0,0.12277,-0.05963,7.16737,5.84892,-0.54454,6.1751,5.9117,5.8489,0.78542,18,-0.0596,7,0,115.25519,42.86389,0.3436,0.2867,2,False,running
88434632b5,formation_7_smooth_bypass,102,20.4,1784482400,smooth_adaptive_clusters,finish_first,r06,r06,True,upper,member,local,3,3,6.10952,-0.31995,-0.23483,0.37966,0.11921,974,1000,100,38,0,0,0000,---,False,0.37116,-0.08148,0.37966,0.11921,6.53938,-0.16071,cached_path_to_final_target,w,"$1,0,0,0,0,0,0,0,0#",19000,20000,Set tank.c app_speed/duty level to the logged pwm before sending the move key/protocol command; e=stop.,6.07125,16.31302,2,5,0,0.10464,-0.01048,6.36861,5.84892,-0.54454,6.1751,5.9117,5.8489,0.78542,18,-0.0596,7,0,115.25519,42.86389,0.3436,0.2867,2,False,running
88434632b5,formation_7_smooth_bypass,102,20.4,1784482400,smooth_adaptive_clusters,finish_first,r07,r07,True,upper,member,local,3,3,5.98474,0.9419,0.20605,0.33295,1.10002,645,1000,-84,14,0,0,0000,---,False,0.33547,0.17849,0.33295,1.10002,6.4438,0.92096,cached_path_to_final_target,a,"$3,0,0,0,0,0,0,0,0#",13000,20000,Set tank.c app_speed/duty level to the logged pwm before sending the move key/protocol command; e=stop.,6.57385,17.41499,0,0,0,0.12725,0.1266,5.54679,5.84892,-0.54454,6.1751,5.9117,5.8489,0.78542,18,-0.0596,7,0,115.25519,42.86389,0.3436,0.2867,2,False,running
88434632b5,formation_7_smooth_bypass,103,20.6,1784482600,smooth_adaptive_clusters,finish_first,r01,r01,True,upper,member,local,3,3,6.39574,-0.97688,0.03192,0.3116,-0.0,820,820,21,99,0,0,0000,---,False,0.31144,0.00995,0.3116,-0.0,6.85807,-0.96211,path_to_final_target,w,"$1,0,0,0,0,0,0,0,0#",16000,16000,Set tank.c app_speed/duty level to the logged pwm before sending the move key/protocol command; e=stop.,6.42853,17.2319,0,3,0,0.491,0.0497,5.70424,5.91645,-0.53566,6.1071,5.9798,5.9165,0.78809,18,-0.0596,7,0,116.53953,43.35272,0.3492,0.2872,2,False,running
88434632b5,formation_7_smooth_bypass,103,20.6,1784482600,smooth_adaptive_clusters,finish_first,r02,r02,True,upper,member,local,3,3,5.8941,-0.99681,0.03668,0.3116,-2e-05,820,820,78,106,0,0,0000,---,False,0.31139,0.01143,0.3116,-2e-05,6.35576,-0.97987,path_to_final_target,w,"$1,0,0,0,0,0,0,0,0#",16000,16000,Set tank.c app_speed/duty level to the logged pwm before sending the move key/protocol command; e=stop.,6.26752,16.9012,2,5,0,0.50309,-0.01048,6.05162,5.91645,-0.53566,6.1071,5.9798,5.9165,0.78809,18,-0.0596,7,0,116.53953,43.35272,0.3492,0.2872,2,False,running
88434632b5,formation_7_smooth_bypass,103,20.6,1784482600,smooth_adaptive_clusters,finish_first,r03,r03,True,lower,member,local,3,3,6.71935,-0.85521,-0.09276,0.3116,3e-05,820,820,28,65,0,0,0000,---,False,0.31026,-0.02886,0.3116,3e-05,7.17933,-0.89799,path_to_final_target,w,"$1,0,0,0,0,0,0,0,0#",16000,16000,Set tank.c app_speed/duty level to the logged pwm before sending the move key/protocol command; e=stop.,6.60411,17.65303,0,3,0,0.23453,0.0497,5.59202,5.91645,-0.53566,6.1071,5.9798,5.9165,0.78809,18,-0.0596,7,0,116.53953,43.35272,0.3492,0.2872,2,False,running
88434632b5,formation_7_smooth_bypass,103,20.6,1784482600,smooth_adaptive_clusters,finish_first,r04,r04,True,upper,member,local,3,3,5.15024,-1.02423,0.26053,0.37935,0.16319,964,1000,118,80,0,0,0000,---,False,0.36455,0.10727,0.37935,0.16319,5.59329,-1.03652,path_to_final_target,w,"$1,0,0,0,0,0,0,0,0#",19000,20000,Set tank.c app_speed/duty level to the logged pwm before sending the move key/protocol command; e=stop.,5.75288,15.67631,5,3,0,0.5443,-0.05963,6.65402,5.91645,-0.53566,6.1071,5.9798,5.9165,0.78809,18,-0.0596,7,0,116.53953,43.35272,0.3492,0.2872,2,False,running
88434632b5,formation_7_smooth_bypass,103,20.6,1784482600,smooth_adaptive_clusters,finish_first,r05,r05,True,upper,member,local,3,3,5.01591,-0.52778,0.47702,0.37847,0.25126,943,1000,120,40,0,0,0000,---,False,0.33043,0.18766,0.37847,0.25126,5.45148,-0.43405,path_to_final_target,w,"$1,0,0,0,0,0,0,0,0#",19000,20000,Set tank.c app_speed/duty level to the logged pwm before sending the move key/protocol command; e=stop.,5.50427,14.95438,5,3,0,0.12277,-0.05963,7.0971,5.91645,-0.53566,6.1071,5.9798,5.9165,0.78809,18,-0.0596,7,0,116.53953,43.35272,0.3492,0.2872,2,False,running
88434632b5,formation_7_smooth_bypass,103,20.6,1784482600,smooth_adaptive_clusters,finish_first,r06,r06,True,upper,member,local,3,3,6.18394,-0.33338,-0.1785,0.37808,0.28167,936,1000,103,39,0,0,0000,---,False,0.37658,-0.05086,0.37808,0.28167,6.60738,-0.1596,path_to_final_target,w,"$1,0,0,0,0,0,0,0,0#",19000,20000,Set tank.c app_speed/duty level to the logged pwm before sending the move key/protocol command; e=stop.,6.14687,16.50988,2,5,0,0.10464,-0.01048,6.29539,5.91645,-0.53566,6.1071,5.9798,5.9165,0.78809,18,-0.0596,7,0,116.53953,43.35272,0.3492,0.2872,2,False,running
88434632b5,formation_7_smooth_bypass,103,20.6,1784482600,smooth_adaptive_clusters,finish_first,r07,r07,True,upper,member,local,3,3,6.05587,0.96468,0.31003,0.37347,0.51991,873,1000,-98,16,0,0,0000,---,False,0.35121,0.14508,0.37347,0.51991,6.50747,0.91255,path_to_final_target,a,"$3,0,0,0,0,0,0,0,0#",17000,20000,Set tank.c app_speed/duty level to the logged pwm before sending the move key/protocol command; e=stop.,6.64855,17.61282,0,0,0,0.12725,0.1266,5.47793,5.91645,-0.53566,6.1071,5.9798,5.9165,0.78809,18,-0.0596,7,0,116.53953,43.35272,0.3492,0.2872,2,False,running
88434632b5,formation_7_smooth_bypass,104,20.8,1784482800,smooth_adaptive_clusters,finish_first,r01,r01,True,upper,member,local,3,3,6.45803,-0.97489,0.03192,0.3116,-0.0,820,820,21,93,0,0,0000,---,False,0.31144,0.00995,0.3116,-0.0,6.91994,-0.96014,cached_path_to_final_target,w,"$1,0,0,0,0,0,0,0,0#",16000,16000,Set tank.c app_speed/duty level to the logged pwm before sending the move key/protocol command; e=stop.,6.49085,17.39715,0,3,0,0.491,0.0497,5.642,5.98394,-0.52533,6.039,6.0481,5.9839,0.79162,19,-0.0596,7,0,117.83052,43.84272,0.35,0.2877,2,False,running
88434632b5,formation_7_smooth_bypass,104,20.8,1784482800,smooth_adaptive_clusters,finish_first,r02,r02,True,upper,member,local,3,3,5.95638,-0.99452,0.03668,0.3116,-1e-05,820,820,80,105,0,0,0000,---,False,0.31139,0.01143,0.3116,-1e-05,6.41804,-0.97758,cached_path_to_final_target,w,"$1,0,0,0,0,0,0,0,0#",16000,16000,Set tank.c app_speed/duty level to the logged pwm before sending the move key/protocol command; e=stop.,6.32984,17.06645,2,5,0,0.50309,-0.01048,5.98959,5.98394,-0.52533,6.039,6.0481,5.9839,0.79162,19,-0.0596,7,0,117.83052,43.84272,0.35,0.2877,2,False,running
88434632b5,formation_7_smooth_bypass,104,20.8,1784482800,smooth_adaptive_clusters,finish_first,r03,r03,True,lower,member,local,3,3,6.7814,-0.86098,-0.09275,0.3116,1e-05,820,820,30,59,0,0,0000,---,False,0.31026,-0.02886,0.3116,1e-05,7.24139,-0.90376,cached_path_to_final_target,w,"$1,0,0,0,0,0,0,0,0#",16000,16000,Set tank.c app_speed/duty level to the logged pwm before sending the move key/protocol command; e=stop.,6.66643,17.81828,0,3,0,0.23453,0.0497,5.53112,5.98394,-0.52533,6.039,6.0481,5.9839,0.79162,19,-0.0596,7,0,117.83052,43.84272,0.35,0.2877,2,False,running
88434632b5,formation_7_smooth_bypass,104,20.8,1784482800,smooth_adaptive_clusters,finish_first,r04,r04,True,upper,member,local,3,3,5.22289,-1.00234,0.29269,0.37937,0.16076,965,1000,119,83,0,0,0000,---,False,0.36095,0.1188,0.37937,0.16076,5.66856,-1.02027,cached_path_to_final_target,w,"$1,0,0,0,0,0,0,0,0#",19000,20000,Set tank.c app_speed/duty level to the logged pwm before sending the move key/protocol command; e=stop.,5.82875,15.87435,5,3,0,0.5443,-0.05963,6.57867,5.98394,-0.52533,6.039,6.0481,5.9839,0.79162,19,-0.0596,7,0,117.83052,43.84272,0.35,0.2877,2,False,running
88434632b5,formation_7_smooth_bypass,104,20.8,1784482800,smooth_adaptive_clusters,finish_first,r05,r05,True,upper,member,local,3,3,5.08146,-0.48985,0.52457,0.37863,0.23774,946,1000,121,45,0,0,0000,---,False,0.32157,0.20247,0.37863,0.23774,5.52016,-0.40372,cached_path_to_final_target,w,"$1,0,0,0,0,0,0,0,0#",19000,20000,Set tank.c app_speed/duty level to the logged pwm before sending the move key/protocol command; e=stop.,5.58,15.15064,5,3,0,0.12277,-0.05963,7.02834,5.98394,-0.52533,6.039,6.0481,5.9839,0.79162,19,-0.0596,7,0,117.83052,43.84272,0.35,0.2877,2,False,running
88434632b5,formation_7_smooth_bypass,104,20.8,1784482800,smooth_adaptive_clusters,finish_first,r06,r06,True,upper,member,local,3,3,6.25892,-0.34174,-0.11101,0.37724,0.33744,922,1000,104,40,0,0,0000,---,False,0.37936,-0.02202,0.37724,0.33744,6.67721,-0.16026,cached_path_to_final_target,a,"$3,0,0,0,0,0,0,0,0#",18000,20000,Set tank.c app_speed/duty level to the logged pwm before sending the move key/protocol command; e=stop.,6.22232,16.70422,2,5,0,0.10464,-0.01048,6.22127,5.98394,-0.52533,6.039,6.0481,5.9839,0.79162,19,-0.0596,7,0,117.83052,43.84272,0.35,0.2877,2,False,running
88434632b5,formation_7_smooth_bypass,104,20.8,1784482800,smooth_adaptive_clusters,finish_first,r07,r07,True,upper,member,local,3,3,6.1285,0.98702,0.2984,0.37992,-0.05818,1000,988,-105,19,0,0,0000,---,False,0.36421,0.10839,0.37992,-0.05818,6.57624,0.92401,cached_path_to_final_target,w,"$1,0,0,0,0,0,0,0,0#",20000,20000,Set tank.c app_speed/duty level to the logged pwm before sending the move key/protocol command; e=stop.,6.72453,17.81944,0,0,0,0.12725,0.1266,5.40769,5.98394,-0.52533,6.039,6.0481,5.9839,0.79162,19,-0.0596,7,0,117.83052,43.84272,0.35,0.2877,2,False,running
88434632b5,formation_7_smooth_bypass,105,21.0,1784483000,smooth_adaptive_clusters,finish_first,r01,r01,True,upper,member,local,3,3,6.52032,-0.9729,0.03192,0.3116,-0.0,820,820,22,87,0,0,0000,---,False,0.31144,0.00995,0.3116,-0.0,6.98211,-0.95815,cached_path_to_final_target,w,"$1,0,0,0,0,0,0,0,0#",16000,16000,Set tank.c app_speed/duty level to the logged pwm before sending the move key/protocol command; e=stop.,6.55317,17.56239,0,3,0,0.491,0.0497,5.57975,6.04942,-0.51649,5.973,6.1141,6.0494,0.7988,19,-0.0596,7,0,119.088,44.31609,0.3381,0.2881,2,False,running
88434632b5,formation_7_smooth_bypass,105,21.0,1784483000,smooth_adaptive_clusters,finish_first,r02,r02,True,upper,member,local,3,3,6.01865,-0.99224,0.03668,0.3116,-0.0,820,820,83,105,0,0,0000,---,False,0.31139,0.01143,0.3116,-0.0,6.48032,-0.97529,cached_path_to_final_target,w,"$1,0,0,0,0,0,0,0,0#",16000,16000,Set tank.c app_speed/duty level to the logged pwm before sending the move key/protocol command; e=stop.,6.39216,17.2317,2,5,0,0.50309,-0.01048,5.92758,6.04942,-0.51649,5.973,6.1141,6.0494,0.7988,19,-0.0596,7,0,119.088,44.31609,0.3381,0.2881,2,False,running
88434632b5,formation_7_smooth_bypass,105,21.0,1784483000,smooth_adaptive_clusters,finish_first,r03,r03,True,lower,member,local,3,3,6.84345,-0.86675,-0.09275,0.3116,1e-05,820,820,32,53,0,0,0000,---,False,0.31026,-0.02886,0.3116,1e-05,7.30344,-0.90954,cached_path_to_final_target,w,"$1,0,0,0,0,0,0,0,0#",16000,16000,Set tank.c app_speed/duty level to the logged pwm before sending the move key/protocol command; e=stop.,6.72875,17.98352,0,3,0,0.23453,0.0497,5.47024,6.04942,-0.51649,5.973,6.1141,6.0494,0.7988,19,-0.0596,7,0,119.088,44.31609,0.3381,0.2881,2,False,running
88434632b5,formation_7_smooth_bypass,105,21.0,1784483000,smooth_adaptive_clusters,finish_first,r04,r04,True,upper,member,local,3,3,5.28207,-0.99465,0.12926,0.29842,-0.81713,957,613,130,87,0,0,0000,---,False,0.3116,0.00027,0.29842,-0.81713,5.74224,-1.0019,cached_path_to_final_target,d,"$4,0,0,0,0,0,0,0,0#",19000,12000,Set tank.c app_speed/duty level to the logged pwm before sending the move key/protocol command; e=stop.,5.88844,16.0488,5,3,0,0.5443,-0.05963,6.51904,6.04942,-0.51649,5.973,6.1141,6.0494,0.7988,19,-0.0596,7,0,119.088,44.31609,0.3381,0.2881,2,False,running
88434632b5,formation_7_smooth_bypass,105,21.0,1784483000,smooth_adaptive_clusters,finish_first,r05,r05,True,upper,member,local,3,3,5.14526,-0.449,0.56953,0.37878,0.22477,949,1000,122,50,0,0,0000,---,False,0.31258,0.21608,0.37878,0.22477,5.58738,-0.37099,cached_path_to_final_target,w,"$1,0,0,0,0,0,0,0,0#",19000,20000,Set tank.c app_speed/duty level to the logged pwm before sending the move key/protocol command; e=stop.,5.65575,15.3472,5,3,0,0.12277,-0.05963,6.96122,6.04942,-0.51649,5.973,6.1141,6.0494,0.7988,19,-0.0596,7,0,119.088,44.31609,0.3381,0.2881,2,False,running
88434632b5,formation_7_smooth_bypass,105,21.0,1784483000,smooth_adaptive_clusters,finish_first,r06,r06,True,upper,member,local,3,3,6.33426,-0.34479,-0.04057,0.377,0.35222,918,1000,106,40,0,0,0000,---,False,0.37996,0.00562,0.377,0.35222,6.74792,-0.15836,cached_path_to_final_target,a,"$3,0,0,0,0,0,0,0,0#",18000,20000,Set tank.c app_speed/duty level to the logged pwm before sending the move key/protocol command; e=stop.,6.29772,16.89769,2,5,0,0.10464,-0.01048,6.1464,6.04942,-0.51649,5.973,6.1141,6.0494,0.7988,19,-0.0596,7,0,119.088,44.31609,0.3381,0.2881,2,False,running
88434632b5,formation_7_smooth_bypass,105,21.0,1784483000,smooth_adaptive_clusters,finish_first,r07,r07,True,upper,member,local,3,3,6.20192,1.00493,0.23918,0.37788,-0.29607,1000,932,-109,20,0,0,0000,---,False,0.37297,0.07276,0.37788,-0.29607,6.64757,0.9411,cached_path_to_final_target,w,"$1,0,0,0,0,0,0,0,0#",20000,19000,Set tank.c app_speed/duty level to the logged pwm before sending the move key/protocol command; e=stop.,6.80011,18.01669,0,0,0,0.12725,0.1266,5.33637,6.04942,-0.51649,5.973,6.1141,6.0494,0.7988,19,-0.0596,7,0,119.088,44.31609,0.3381,0.2881,2,False,running
88434632b5,formation_7_smooth_bypass,106,21.2,1784483200,smooth_adaptive_clusters,finish_first,r01,r01,True,upper,member,local,3,3,6.56081,-0.9716,0.03192,0.20254,-0.0,533,533,23,83,0,0,0000,---,False,0.20244,0.00646,0.20254,-0.0,7.04436,-0.95616,path_to_final_target,w,"$1,0,0,0,0,0,0,0,0#",11000,11000,Set tank.c app_speed/duty level to the logged pwm before sending the move key/protocol command; e=stop.,6.59368,17.67853,0,3,0,0.491,0.0497,5.5393,6.11201,-0.50797,5.9099,6.1773,6.112,0.80317,19,-0.0596,7,0,120.28738,44.76943,0.3238,0.2883,2,False,running
88434632b5,formation_7_smooth_bypass,106,21.2,1784483200,smooth_adaptive_clusters,finish_first,r02,r02,True,upper,member,local,3,3,6.08093,-0.98995,0.03668,0.3116,-0.0,820,820,85,105,0,0,0000,---,False,0.31139,0.01143,0.3116,-0.0,6.54259,-0.97301,path_to_final_target,w,"$1,0,0,0,0,0,0,0,0#",16000,16000,Set tank.c app_speed/duty level to the logged pwm before sending the move key/protocol command; e=stop.,6.45448,17.39694,2,5,0,0.50309,-0.01048,5.86557,6.11201,-0.50797,5.9099,6.1773,6.112,0.80317,19,-0.0596,7,0,120.28738,44.76943,0.3238,0.2883,2,False,running
88434632b5,formation_7_smooth_bypass,106,21.2,1784483200,smooth_adaptive_clusters,finish_first,r03,r03,True,lower,member,local,3,3,6.9055,-0.87252,-0.09275,0.3116,0.0,820,820,33,47,0,0,0000,---,False,0.31026,-0.02886,0.3116,0.0,7.36549,-0.91531,path_to_final_target,w,"$1,0,0,0,0,0,0,0,0#",16000,16000,Set tank.c app_speed/duty level to the logged pwm before sending the move key/protocol command; e=stop.,6.79107,18.14877,0,3,0,0.23453,0.0497,5.4094,6.11201,-0.50797,5.9099,6.1773,6.112,0.80317,19,-0.0596,7,0,120.28738,44.76943,0.3238,0.2883,2,False,running
88434632b5,formation_7_smooth_bypass,106,21.2,1784483200,smooth_adaptive_clusters,finish_first,r04,r04,True,upper,member,local,3,3,5.34381,-0.99093,0.0601,0.30923,-0.34582,887,741,136,92,0,0,0000,---,False,0.31159,0.00179,0.30923,-0.34582,5.80579,-0.99164,path_to_final_target,d,"$4,0,0,0,0,0,0,0,0#",18000,15000,Set tank.c app_speed/duty level to the logged pwm before sending the move key/protocol command; e=stop.,5.95028,16.21841,5,3,0,0.5443,-0.05963,6.45761,6.11201,-0.50797,5.9099,6.1773,6.112,0.80317,19,-0.0596,7,0,120.28738,44.76943,0.3238,0.2883,2,False,running
88434632b5,formation_7_smooth_bypass,106,21.2,1784483200,smooth_adaptive_clusters,finish_first,r05,r05,True,upper,member,local,3,3,5.20728,-0.40547,0.612,0.37891,0.21234,952,1000,123,56,0,0,0000,---,False,0.30357,0.22857,0.37891,0.21234,5.65308,-0.33615,path_to_final_target,w,"$1,0,0,0,0,0,0,0,0#",19000,20000,Set tank.c app_speed/duty level to the logged pwm before sending the move key/protocol command; e=stop.,5.73153,15.54405,5,3,0,0.12277,-0.05963,6.89583,6.11201,-0.50797,5.9099,6.1773,6.112,0.80317,19,-0.0596,7,0,120.28738,44.76943,0.3238,0.2883,2,False,running
88434632b5,formation_7_smooth_bypass,106,21.2,1784483200,smooth_adaptive_clusters,finish_first,r06,r06,True,upper,member,local,3,3,6.40955,-0.34223,0.03398,0.37664,0.37276,913,1000,107,40,0,0,0000,---,False,0.37837,0.03512,0.37664,0.37276,6.81438,-0.1405,path_to_final_target,a,"$3,0,0,0,0,0,0,0,0#",18000,20000,Set tank.c app_speed/duty level to the logged pwm before sending the move key/protocol command; e=stop.,6.37304,17.09073,2,5,0,0.10464,-0.01048,6.07115,6.11201,-0.50797,5.9099,6.1773,6.112,0.80317,19,-0.0596,7,0,120.28738,44.76943,0.3238,0.2883,2,False,running
88434632b5,formation_7_smooth_bypass,106,21.2,1784483200,smooth_adaptive_clusters,finish_first,r07,r07,True,upper,member,local,3,3,6.2762,1.0169,0.15975,0.37618,-0.39715,1000,906,-111,22,0,0,0000,---,False,0.3782,0.03693,0.37618,-0.39715,6.71937,0.94712,path_to_final_target,d,"$4,0,0,0,0,0,0,0,0#",20000,18000,Set tank.c app_speed/duty level to the logged pwm before sending the move key/protocol command; e=stop.,6.87534,18.20995,0,0,0,0.12725,0.1266,5.2637,6.11201,-0.50797,5.9099,6.1773,6.112,0.80317,19,-0.0596,7,0,120.28738,44.76943,0.3238,0.2883,2,False,running
88434632b5,formation_7_smooth_bypass,107,21.4,1784483400,smooth_adaptive_clusters,finish_first,r01,r01,True,upper,member,local,3,3,6.6231,-0.96962,0.03192,0.3116,-0.0,820,820,24,77,0,0,0000,---,False,0.31144,0.00995,0.3116,-0.0,7.09138,-0.95466,cached_path_to_final_target,w,"$1,0,0,0,0,0,0,0,0#",16000,16000,Set tank.c app_speed/duty level to the logged pwm before sending the move key/protocol command; e=stop.,6.656,17.8525,0,3,0,0.491,0.0497,5.47705,6.17758,-0.49936,5.8438,6.2434,6.1776,0.80846,19,-0.0596,7,0,121.54124,45.24498,0.3397,0.2887,2,False,running
88434632b5,formation_7_smooth_bypass,107,21.4,1784483400,smooth_adaptive_clusters,finish_first,r02,r02,True,upper,member,local,3,3,6.14321,-0.98766,0.03668,0.3116,-0.0,820,820,88,105,0,0,0000,---,False,0.31139,0.01143,0.3116,-0.0,6.60487,-0.97072,cached_path_to_final_target,w,"$1,0,0,0,0,0,0,0,0#",16000,16000,Set tank.c app_speed/duty level to the logged pwm before sending the move key/protocol command; e=stop.,6.5168,17.56219,2,5,0,0.50309,-0.01048,5.80357,6.17758,-0.49936,5.8438,6.2434,6.1776,0.80846,19,-0.0596,7,0,121.54124,45.24498,0.3397,0.2887,2,False,running
88434632b5,formation_7_smooth_bypass,107,21.4,1784483400,smooth_adaptive_clusters,finish_first,r03,r03,True,upper,member,local,3,3,6.96756,-0.87829,-0.09275,0.3116,0.0,820,820,36,41,0,0,0000,---,False,0.31026,-0.02886,0.3116,0.0,7.42754,-0.92108,cached_path_to_final_target,w,"$1,0,0,0,0,0,0,0,0#",16000,16000,Set tank.c app_speed/duty level to the logged pwm before sending the move key/protocol command; e=stop.,6.85339,18.31402,0,3,0,0.23453,0.0497,5.3486,6.17758,-0.49936,5.8438,6.2434,6.1776,0.80846,19,-0.0596,7,0,121.54124,45.24498,0.3397,0.2887,2,False,running
88434632b5,formation_7_smooth_bypass,107,21.4,1784483400,smooth_adaptive_clusters,finish_first,r04,r04,True,upper,member,local,3,3,5.40601,-0.98898,0.03147,0.31119,-0.14314,849,789,139,97,0,0,0000,---,False,0.31159,0.0028,0.31119,-0.14314,5.86807,-0.98623,cached_path_to_final_target,w,"$1,0,0,0,0,0,0,0,0#",17000,16000,Set tank.c app_speed/duty level to the logged pwm before sending the move key/protocol command; e=stop.,6.01252,16.38564,5,3,0,0.5443,-0.05963,6.39603,6.17758,-0.49936,5.8438,6.2434,6.1776,0.80846,19,-0.0596,7,0,121.54124,45.24498,0.3397,0.2887,2,False,running
88434632b5,formation_7_smooth_bypass,107,21.4,1784483400,smooth_adaptive_clusters,finish_first,r05,r05,True,upper,member,local,3,3,5.26753,-0.35946,0.65209,0.37903,0.20047,955,1000,124,62,0,0,0000,---,False,0.29462,0.24,0.37903,0.20047,5.71719,-0.29947,cached_path_to_final_target,w,"$1,0,0,0,0,0,0,0,0#",19000,20000,Set tank.c app_speed/duty level to the logged pwm before sending the move key/protocol command; e=stop.,5.80734,15.74119,5,3,0,0.12277,-0.05963,6.83225,6.17758,-0.49936,5.8438,6.2434,6.1776,0.80846,19,-0.0596,7,0,121.54124,45.24498,0.3397,0.2887,2,False,running
88434632b5,formation_7_smooth_bypass,107,21.4,1784483400,smooth_adaptive_clusters,finish_first,r06,r06,True,upper,member,local,3,3,6.48449,-0.33424,0.10634,0.37683,0.36179,915,1000,108,39,0,0,0000,---,False,0.37495,0.06174,0.37683,0.36179,6.88362,-0.12544,cached_path_to_final_target,a,"$3,0,0,0,0,0,0,0,0#",18000,20000,Set tank.c app_speed/duty level to the logged pwm before sending the move key/protocol command; e=stop.,6.44841,17.28387,2,5,0,0.10464,-0.01048,5.99581,6.17758,-0.49936,5.8438,6.2434,6.1776,0.80846,19,-0.0596,7,0,121.54124,45.24498,0.3397,0.2887,2,False,running
88434632b5,formation_7_smooth_bypass,107,21.4,1784483400,smooth_adaptive_clusters,finish_first,r07,r07,True,center,member,local,3,3,6.35115,1.02269,0.0772,0.37588,-0.41275,1000,902,-113,22,0,0,0000,---,False,0.37997,0.00469,0.37588,-0.41275,6.79277,0.9559,cached_path_to_final_target,d,"$4,0,0,0,0,0,0,0,0#",20000,18000,Set tank.c app_speed/duty level to the logged pwm before sending the move key/protocol command; e=stop.,6.95052,18.40183,0,0,0,0.12725,0.1266,5.18978,6.17758,-0.49936,5.8438,6.2434,6.1776,0.80846,19,-0.0596,7,0,121.54124,45.24498,0.3397,0.2887,2,False,running
88434632b5,formation_7_smooth_bypass,108,21.6,1784483600,smooth_adaptive_clusters,finish_first,r01,r01,True,upper,member,local,3,3,6.68538,-0.96763,0.03192,0.3116,-0.0,820,820,25,71,0,0,0000,---,False,0.31144,0.00995,0.3116,-0.0,7.14908,-0.95282,cached_path_to_final_target,w,"$1,0,0,0,0,0,0,0,0#",16000,16000,Set tank.c app_speed/duty level to the logged pwm before sending the move key/protocol command; e=stop.,6.71832,18.01775,0,3,0,0.491,0.0497,5.41482,6.24159,-0.49393,5.7796,6.3077,6.2416,0.81418,20,-0.0596,7,0,122.75565,45.70065,0.3255,0.289,2,False,running
88434632b5,formation_7_smooth_bypass,108,21.6,1784483600,smooth_adaptive_clusters,finish_first,r02,r02,True,upper,member,local,3,3,6.20549,-0.98538,0.03668,0.3116,-0.0,820,820,90,104,0,0,0000,---,False,0.31139,0.01143,0.3116,-0.0,6.66715,-0.96844,cached_path_to_final_target,w,"$1,0,0,0,0,0,0,0,0#",16000,16000,Set tank.c app_speed/duty level to the logged pwm before sending the move key/protocol command; e=stop.,6.57912,17.72743,2,5,0,0.50309,-0.01048,5.74157,6.24159,-0.49393,5.7796,6.3077,6.2416,0.81418,20,-0.0596,7,0,122.75565,45.70065,0.3255,0.289,2,False,running
88434632b5,formation_7_smooth_bypass,108,21.6,1784483600,smooth_adaptive_clusters,finish_first,r03,r03,True,upper,member,local,3,3,7.02961,-0.88407,-0.09275,0.3116,0.0,820,820,38,36,0,0,0000,---,False,0.31026,-0.02886,0.3116,0.0,7.48959,-0.92685,cached_path_to_final_target,w,"$1,0,0,0,0,0,0,0,0#",16000,16000,Set tank.c app_speed/duty level to the logged pwm before sending the move key/protocol command; e=stop.,6.91571,18.47926,0,3,0,0.23453,0.0497,5.28783,6.24159,-0.49393,5.7796,6.3077,6.2416,0.81418,20,-0.0596,7,0,122.75565,45.70065,0.3255,0.289,2,False,running
88434632b5,formation_7_smooth_bypass,108,21.6,1784483600,smooth_adaptive_clusters,finish_first,r04,r04,True,upper,member,local,3,3,5.46831,-0.98774,0.01986,0.31153,-0.05806,832,808,141,102,0,0,0000,---,False,0.31158,0.00334,0.31153,-0.05806,5.9303,-0.98335,cached_path_to_final_target,w,"$1,0,0,0,0,0,0,0,0#",17000,16000,Set tank.c app_speed/duty level to the logged pwm before sending the move key/protocol command; e=stop.,6.07483,16.55177,5,3,0,0.5443,-0.05963,6.3345,6.24159,-0.49393,5.7796,6.3077,6.2416,0.81418,20,-0.0596,7,0,122.75565,45.70065,0.3255,0.289,2,False,running
88434632b5,formation_7_smooth_bypass,108,21.6,1784483600,smooth_adaptive_clusters,finish_first,r05,r05,True,upper,member,local,3,3,5.3172,-0.3341,0.47218,0.27886,-0.89953,923,544,15,58,0,0,0000,---,False,0.30602,0.05871,0.27886,-0.89953,5.77969,-0.2612,cached_path_to_final_target,d,"$4,0,0,0,0,0,0,0,0#",18000,11000,Set tank.c app_speed/duty level to the logged pwm before sending the move key/protocol command; e=stop.,5.86311,15.90802,5,3,0,0.12277,-0.05963,6.78089,6.24159,-0.49393,5.7796,6.3077,6.2416,0.81418,20,-0.0596,7,0,122.75565,45.70065,0.3255,0.289,2,False,running
88434632b5,formation_7_smooth_bypass,108,21.6,1784483600,smooth_adaptive_clusters,finish_first,r06,r06,True,upper,member,local,3,3,6.55875,-0.32106,0.17562,0.3771,0.34636,919,1000,108,38,0,0,0000,---,False,0.36999,0.08665,0.3771,0.34636,6.95356,-0.10811,cached_path_to_final_target,a,"$3,0,0,0,0,0,0,0,0#",18000,20000,Set tank.c app_speed/duty level to the logged pwm before sending the move key/protocol command; e=stop.,6.52383,17.47745,2,5,0,0.10464,-0.01048,5.92074,6.24159,-0.49393,5.7796,6.3077,6.2416,0.81418,20,-0.0596,7,0,122.75565,45.70065,0.3255,0.289,2,False,running
88434632b5,formation_7_smooth_bypass,108,21.6,1784483600,smooth_adaptive_clusters,finish_first,r07,r07,True,center,member,local,3,3,6.42637,1.02246,-0.00312,0.3761,-0.40161,1000,905,-115,22,0,0,0000,---,False,0.37917,-0.02515,0.3761,-0.40161,6.86714,0.96159,cached_path_to_final_target,d,"$4,0,0,0,0,0,0,0,0#",20000,18000,Set tank.c app_speed/duty level to the logged pwm before sending the move key/protocol command; e=stop.,7.02574,18.59396,0,0,0,0.12725,0.1266,5.11497,6.24159,-0.49393,5.7796,6.3077,6.2416,0.81418,20,-0.0596,7,0,122.75565,45.70065,0.3255,0.289,2,False,running
88434632b5,formation_7_smooth_bypass,109,21.8,1784483800,smooth_adaptive_clusters,finish_first,r01,r01,True,upper,member,local,3,3,6.74767,-0.96564,0.03192,0.3116,0.0,820,820,27,65,0,0,0000,---,False,0.31144,0.00995,0.3116,0.0,7.21,-0.95087,path_to_final_target,w,"$1,0,0,0,0,0,0,0,0#",16000,16000,Set tank.c app_speed/duty level to the logged pwm before sending the move key/protocol command; e=stop.,6.78064,18.18299,0,3,0,0.491,0.0497,5.35258,6.30647,-0.48961,5.7145,6.3727,6.3065,0.81607,20,-0.0596,7,0,123.96491,46.16043,0.3284,0.2893,2,False,running
88434632b5,formation_7_smooth_bypass,109,21.8,1784483800,smooth_adaptive_clusters,finish_first,r02,r02,True,upper,member,local,3,3,6.26777,-0.98309,0.03668,0.3116,-0.0,820,820,93,104,0,0,0000,---,False,0.31139,0.01143,0.3116,-0.0,6.72943,-0.96615,path_to_final_target,w,"$1,0,0,0,0,0,0,0,0#",16000,16000,Set tank.c app_speed/duty level to the logged pwm before sending the move key/protocol command; e=stop.,6.64144,17.89268,2,5,0,0.50309,-0.01048,5.67958,6.30647,-0.48961,5.7145,6.3727,6.3065,0.81607,20,-0.0596,7,0,123.96491,46.16043,0.3284,0.2893,2,False,running
88434632b5,formation_7_smooth_bypass,109,21.8,1784483800,smooth_adaptive_clusters,finish_first,r03,r03,True,upper,member,local,3,3,7.09169,-0.88944,-0.08632,0.31158,0.03213,813,827,40,30,0,0,0000,---,False,0.31057,-0.0253,0.31158,0.03213,7.55216,-0.92663,path_to_final_target,w,"$1,0,0,0,0,0,0,0,0#",16000,17000,Set tank.c app_speed/duty level to the logged pwm before sending the move key/protocol command; e=stop.,6.97803,18.64483,0,3,0,0.23453,0.0497,5.22701,6.30647,-0.48961,5.7145,6.3727,6.3065,0.81607,20,-0.0596,7,0,123.96491,46.16043,0.3284,0.2893,2,False,running
88434632b5,formation_7_smooth_bypass,109,21.8,1784483800,smooth_adaptive_clusters,finish_first,r04,r04,True,upper,member,local,3,3,5.53062,-0.98679,0.01523,0.31159,-0.02315,825,815,143,107,0,0,0000,---,False,0.31158,0.00361,0.31159,-0.02315,5.99258,-0.98166,path_to_final_target,w,"$1,0,0,0,0,0,0,0,0#",16000,16000,Set tank.c app_speed/duty level to the logged pwm before sending the move key/protocol command; e=stop.,6.13714,16.71737,5,3,0,0.5443,-0.05963,6.27303,6.30647,-0.48961,5.7145,6.3727,6.3065,0.81607,20,-0.0596,7,0,123.96491,46.16043,0.3284,0.2893,2,False,running
88434632b5,formation_7_smooth_bypass,109,21.8,1784483800,smooth_adaptive_clusters,finish_first,r05,r05,True,upper,member,local,3,3,5.37409,-0.31584,0.31062,0.29872,-0.8078,956,616,26,53,0,0,0000,---,False,0.30636,0.05691,0.29872,-0.8078,5.83444,-0.23801,path_to_final_target,d,"$4,0,0,0,0,0,0,0,0#",19000,12000,Set tank.c app_speed/duty level to the logged pwm before sending the move key/protocol command; e=stop.,5.92285,16.06892,5,3,0,0.12277,-0.05963,6.72288,6.30647,-0.48961,5.7145,6.3727,6.3065,0.81607,20,-0.0596,7,0,123.96491,46.16043,0.3284,0.2893,2,False,running
88434632b5,formation_7_smooth_bypass,109,21.8,1784483800,smooth_adaptive_clusters,finish_first,r06,r06,True,upper,member,local,3,3,6.63201,-0.30298,0.24194,0.37734,0.33163,923,1000,109,38,0,0,0000,---,False,0.36369,0.11014,0.37734,0.33163,7.02342,-0.0872,path_to_final_target,a,"$3,0,0,0,0,0,0,0,0#",18000,20000,Set tank.c app_speed/duty level to the logged pwm before sending the move key/protocol command; e=stop.,6.5993,17.67143,2,5,0,0.10464,-0.01048,5.8463,6.30647,-0.48961,5.7145,6.3727,6.3065,0.81607,20,-0.0596,7,0,123.96491,46.16043,0.3284,0.2893,2,False,running
88434632b5,formation_7_smooth_bypass,109,21.8,1784483800,smooth_adaptive_clusters,finish_first,r07,r07,True,center,member,local,3,3,6.50142,1.01647,-0.07964,0.37646,-0.38261,1000,910,-116,22,0,0,0000,---,False,0.37629,-0.05294,0.37646,-0.38261,6.94205,0.96255,path_to_final_target,d,"$4,0,0,0,0,0,0,0,0#",20000,18000,Set tank.c app_speed/duty level to the logged pwm before sending the move key/protocol command; e=stop.,7.10103,18.78669,0,0,0,0.12725,0.1266,5.03971,6.30647,-0.48961,5.7145,6.3727,6.3065,0.81607,20,-0.0596,7,0,123.96491,46.16043,0.3284,0.2893,2,False,running
88434632b5,formation_7_smooth_bypass,110,22.0,1784484000,smooth_adaptive_clusters,finish_first,r01,r01,True,upper,member,local,3,3,6.80996,-0.96365,0.03192,0.3116,0.0,820,820,28,59,0,0,0000,---,False,0.31144,0.00995,0.3116,0.0,7.27187,-0.9489,cached_path_to_final_target,w,"$1,0,0,0,0,0,0,0,0#",16000,16000,Set tank.c app_speed/duty level to the logged pwm before sending the move key/protocol command; e=stop.,6.84296,18.34824,0,3,0,0.491,0.0497,5.29034,6.37155,-0.48589,5.6494,6.4379,6.3715,0.8154,19,-0.0596,7,0,125.18314,46.62241,0.33,0.2896,2,False,running
88434632b5,formation_7_smooth_bypass,110,22.0,1784484000,smooth_adaptive_clusters,finish_first,r02,r02,True,upper,member,local,3,3,6.33005,-0.98081,0.03668,0.3116,-0.0,820,820,95,104,0,0,0000,---,False,0.31139,0.01143,0.3116,-0.0,6.79171,-0.96387,cached_path_to_final_target,w,"$1,0,0,0,0,0,0,0,0#",16000,16000,Set tank.c app_speed/duty level to the logged pwm before sending the move key/protocol command; e=stop.,6.70376,18.05793,2,5,0,0.50309,-0.01048,5.6176,6.37155,-0.48589,5.6494,6.4379,6.3715,0.8154,19,-0.0596,7,0,125.18314,46.62241,0.33,0.2896,2,False,running
88434632b5,formation_7_smooth_bypass,110,22.0,1784484000,smooth_adaptive_clusters,finish_first,r03,r03,True,upper,member,local,3,3,7.1538,-0.8945,-0.08133,0.31159,0.02495,815,825,43,25,0,0,0000,---,False,0.31067,-0.0241,0.31159,0.02495,7.61441,-0.92998,cached_path_to_final_target,w,"$1,0,0,0,0,0,0,0,0#",16000,16000,Set tank.c app_speed/duty level to the logged pwm before sending the move key/protocol command; e=stop.,7.04034,18.81015,0,3,0,0.23453,0.0497,5.16615,6.37155,-0.48589,5.6494,6.4379,6.3715,0.8154,19,-0.0596,7,0,125.18314,46.62241,0.33,0.2896,2,False,running
88434632b5,formation_7_smooth_bypass,110,22.0,1784484000,smooth_adaptive_clusters,finish_first,r04,r04,True,upper,member,local,3,3,5.59293,-0.98595,0.01341,0.3116,-0.0091,822,818,68,106,0,0,0000,---,False,0.31158,0.00373,0.3116,-0.0091,6.05488,-0.98051,cached_path_to_final_target,w,"$1,0,0,0,0,0,0,0,0#",16000,16000,Set tank.c app_speed/duty level to the logged pwm before sending the move key/protocol command; e=stop.,6.19946,16.88275,5,3,0,0.5443,-0.05963,6.21159,6.37155,-0.48589,5.6494,6.4379,6.3715,0.8154,19,-0.0596,7,0,125.18314,46.62241,0.33,0.2896,2,False,running
88434632b5,formation_7_smooth_bypass,110,22.0,1784484000,smooth_adaptive_clusters,finish_first,r05,r05,True,upper,member,local,3,3,5.43414,-0.30114,0.24002,0.30913,-0.353,888,739,32,48,0,0,0000,---,False,0.30631,0.05718,0.30913,-0.353,5.8909,-0.21936,cached_path_to_final_target,d,"$4,0,0,0,0,0,0,0,0#",18000,15000,Set tank.c app_speed/duty level to the logged pwm before sending the move key/protocol command; e=stop.,5.98468,16.23824,5,3,0,0.12277,-0.05963,6.66198,6.37155,-0.48589,5.6494,6.4379,6.3715,0.8154,19,-0.0596,7,0,125.18314,46.62241,0.33,0.2896,2,False,running
88434632b5,formation_7_smooth_bypass,110,22.0,1784484000,smooth_adaptive_clusters,finish_first,r06,r06,True,upper,member,local,3,3,6.70403,-0.28027,0.3055,0.37755,0.31782,927,1000,110,38,0,0,0000,---,False,0.35625,0.13224,0.37755,0.31782,7.09282,-0.0626,cached_path_to_final_target,w,"$1,0,0,0,0,0,0,0,0#",19000,20000,Set tank.c app_speed/duty level to the logged pwm before sending the move key/protocol command; e=stop.,6.67481,17.86579,2,5,0,0.10464,-0.01048,5.77279,6.37155,-0.48589,5.6494,6.4379,6.3715,0.8154,19,-0.0596,7,0,125.18314,46.62241,0.33,0.2896,2,False,running
88434632b5,formation_7_smooth_bypass,110,22.0,1784484000,smooth_adaptive_clusters,finish_first,r07,r07,True,center,member,local,3,3,6.57592,1.00506,-0.152,0.37683,-0.36178,1000,916,-118,21,0,0,0000,---,False,0.37174,-0.07879,0.37683,-0.36178,7.01704,0.95848,cached_path_to_final_target,d,"$4,0,0,0,0,0,0,0,0#",20000,18000,Set tank.c app_speed/duty level to the logged pwm before sending the move key/protocol command; e=stop.,7.1764,18.98003,0,0,0,0.12725,0.1266,4.96441,6.37155,-0.48589,5.6494,6.4379,6.3715,0.8154,19,-0.0596,7,0,125.18314,46.62241,0.33,0.2896,2,False,running
88434632b5,formation_7_smooth_bypass,111,22.2,1784484200,smooth_adaptive_clusters,finish_first,r01,r01,True,upper,member,local,3,3,6.87225,-0.96166,0.03192,0.3116,0.0,820,820,30,53,0,0,0000,---,False,0.31144,0.00995,0.3116,0.0,7.33404,-0.94691,cached_path_to_final_target,w,"$1,0,0,0,0,0,0,0,0#",16000,16000,Set tank.c app_speed/duty level to the logged pwm before sending the move key/protocol command; e=stop.,6.90528,18.51349,0,3,0,0.491,0.0497,5.22811,6.43641,-0.4825,5.5845,6.5028,6.4364,0.81302,19,-0.0596,7,0,126.40001,47.08491,0.3304,0.2899,2,False,running
88434632b5,formation_7_smooth_bypass,111,22.2,1784484200,smooth_adaptive_clusters,finish_first,r02,r02,True,upper,member,local,3,3,6.39232,-0.97852,0.03668,0.3116,-0.0,820,820,20,99,0,0,0000,---,False,0.31139,0.01143,0.3116,-0.0,6.85398,-0.96158,cached_path_to_final_target,w,"$1,0,0,0,0,0,0,0,0#",16000,16000,Set tank.c app_speed/duty level to the logged pwm before sending the move key/protocol command; e=stop.,6.76608,18.22317,2,5,0,0.50309,-0.01048,5.55563,6.43641,-0.4825,5.5845,6.5028,6.4364,0.81302,19,-0.0596,7,0,126.40001,47.08491,0.3304,0.2899,2,False,running
88434632b5,formation_7_smooth_bypass,111,22.2,1784484200,smooth_adaptive_clusters,finish_first,r03,r03,True,upper,member,local,3,3,7.21593,-0.89938,-0.07837,0.3116,0.01483,817,823,46,20,0,0,0000,---,False,0.3107,-0.02367,0.3116,0.01483,7.67658,-0.93433,cached_path_to_final_target,w,"$1,0,0,0,0,0,0,0,0#",16000,16000,Set tank.c app_speed/duty level to the logged pwm before sending the move key/protocol command; e=stop.,7.10266,18.9755,0,3,0,0.20414,0.0497,5.1053,6.43641,-0.4825,5.5845,6.5028,6.4364,0.81302,19,-0.0596,7,0,126.40001,47.08491,0.3304,0.2899,2,False,running
88434632b5,formation_7_smooth_bypass,111,22.2,1784484200,smooth_adaptive_clusters,finish_first,r04,r04,True,upper,member,local,3,3,5.65525,-0.98516,0.0127,0.3116,-0.00353,821,819,70,105,0,0,0000,---,False,0.31158,0.00378,0.3116,-0.00353,6.11719,-0.97959,cached_path_to_final_target,w,"$1,0,0,0,0,0,0,0,0#",16000,16000,Set tank.c app_speed/duty level to the logged pwm before sending the move key/protocol command; e=stop.,6.26178,17.04806,5,3,0,0.5443,-0.05963,6.15017,6.43641,-0.4825,5.5845,6.5028,6.4364,0.81302,19,-0.0596,7,0,126.40001,47.08491,0.3304,0.2899,2,False,running
88434632b5,formation_7_smooth_bypass,111,22.2,1784484200,smooth_adaptive_clusters,finish_first,r05,r05,True,upper,member,local,3,3,5.49501,-0.28817,0.20988,0.31115,-0.15072,851,787,36,43,0,0,0000,---,False,0.30621,0.05768,0.31115,-0.15072,5.94997,-0.20397,cached_path_to_final_target,w,"$1,0,0,0,0,0,0,0,0#",17000,16000,Set tank.c app_speed/duty level to the logged pwm before sending the move key/protocol command; e=stop.,6.04691,16.40547,5,3,0,0.12277,-0.05963,6.60039,6.43641,-0.4825,5.5845,6.5028,6.4364,0.81302,19,-0.0596,7,0,126.40001,47.08491,0.3304,0.2899,2,False,running
88434632b5,formation_7_smooth_bypass,111,22.2,1784484200,smooth_adaptive_clusters,finish_first,r06,r06,True,upper,member,local,3,3,6.77457,-0.2532,0.36638,0.37776,0.30439,930,1000,111,39,0,0,0000,---,False,0.34786,0.15294,0.37776,0.30439,7.16156,-0.03454,cached_path_to_final_target,w,"$1,0,0,0,0,0,0,0,0#",19000,20000,Set tank.c app_speed/duty level to the logged pwm before sending the move key/protocol command; e=stop.,6.75036,18.06045,2,5,0,0.10464,-0.01048,5.70051,6.43641,-0.4825,5.5845,6.5028,6.4364,0.81302,19,-0.0596,7,0,126.40001,47.08491,0.3304,0.2899,2,False,running
88434632b5,formation_7_smooth_bypass,111,22.2,1784484200,smooth_adaptive_clusters,finish_first,r07,r07,True,center,member,local,3,3,6.64954,0.98858,-0.22021,0.37718,-0.34109,1000,921,-119,22,0,0,0000,---,False,0.36584,-0.10275,0.37718,-0.34109,7.09171,0.94952,cached_path_to_final_target,d,"$4,0,0,0,0,0,0,0,0#",20000,18000,Set tank.c app_speed/duty level to the logged pwm before sending the move key/protocol command; e=stop.,7.25183,19.17388,0,0,0,0.12725,0.1266,4.88946,6.43641,-0.4825,5.5845,6.5028,6.4364,0.81302,19,-0.0596,7,0,126.40001,47.08491,0.3304,0.2899,2,False,running
88434632b5,formation_7_smooth_bypass,112,22.4,1784484400,smooth_adaptive_clusters,finish_first,r01,r01,True,upper,member,local,3,3,6.93454,-0.95967,0.03192,0.3116,0.0,820,820,32,48,0,0,0000,---,False,0.31144,0.00995,0.3116,0.0,7.39629,-0.94492,path_to_final_target,w,"$1,0,0,0,0,0,0,0,0#",16000,16000,Set tank.c app_speed/duty level to the logged pwm before sending the move key/protocol command; e=stop.,6.9676,18.67873,0,3,0,0.4751,0.0497,5.16588,6.50091,-0.47925,5.5199,6.5674,6.5009,0.80938,19,-0.0596,7,0,127.61669,47.54758,0.3305,0.2902,2,False,running
88434632b5,formation_7_smooth_bypass,112,22.4,1784484400,smooth_adaptive_clusters,finish_first,r02,r02,True,upper,member,local,3,3,6.4546,-0.97624,0.03668,0.3116,-0.0,820,820,21,93,0,0,0000,---,False,0.31139,0.01143,0.3116,-0.0,6.91626,-0.9593,path_to_final_target,w,"$1,0,0,0,0,0,0,0,0#",16000,16000,Set tank.c app_speed/duty level to the logged pwm before sending the move key/protocol command; e=stop.,6.8284,18.38842,2,5,0,0.50309,-0.01048,5.49366,6.50091,-0.47925,5.5199,6.5674,6.5009,0.80938,19,-0.0596,7,0,127.61669,47.54758,0.3305,0.2902,2,False,running
88434632b5,formation_7_smooth_bypass,112,22.4,1784484400,smooth_adaptive_clusters,finish_first,r03,r03,True,upper,member,local,3,3,7.27809,-0.9038,-0.07099,0.31157,0.03689,812,828,50,16,0,0,0000,---,False,0.31094,-0.0203,0.31157,0.03689,7.7391,-0.93354,path_to_final_target,w,"$1,0,0,0,0,0,0,0,0#",16000,17000,Set tank.c app_speed/duty level to the logged pwm before sending the move key/protocol command; e=stop.,7.16498,19.14097,0,3,0,0.16216,0.0497,5.04438,6.50091,-0.47925,5.5199,6.5674,6.5009,0.80938,19,-0.0596,7,0,127.61669,47.54758,0.3305,0.2902,2,False,running
88434632b5,formation_7_smooth_bypass,112,22.4,1784484400,smooth_adaptive_clusters,finish_first,r04,r04,True,upper,member,local,3,3,5.71756,-0.98439,0.01243,0.3116,-0.00136,820,820,72,105,0,0,0000,---,False,0.31158,0.00381,0.3116,-0.00136,6.1795,-0.97876,path_to_final_target,w,"$1,0,0,0,0,0,0,0,0#",16000,16000,Set tank.c app_speed/duty level to the logged pwm before sending the move key/protocol command; e=stop.,6.3241,17.21333,5,3,0,0.5443,-0.05963,6.08878,6.50091,-0.47925,5.5199,6.5674,6.5009,0.80938,19,-0.0596,7,0,127.61669,47.54758,0.3305,0.2902,2,False,running
88434632b5,formation_7_smooth_bypass,112,22.4,1784484400,smooth_adaptive_clusters,finish_first,r05,r05,True,upper,member,local,3,3,5.5561,-0.27596,0.19726,0.31152,-0.06311,833,807,39,39,0,0,0000,---,False,0.30615,0.05803,0.31152,-0.06311,6.01033,-0.19049,path_to_final_target,w,"$1,0,0,0,0,0,0,0,0#",17000,16000,Set tank.c app_speed/duty level to the logged pwm before sending the move key/protocol command; e=stop.,6.10921,16.57162,5,3,0,0.12277,-0.05963,6.53864,6.50091,-0.47925,5.5199,6.5674,6.5009,0.80938,19,-0.0596,7,0,127.61669,47.54758,0.3305,0.2902,2,False,running
88434632b5,formation_7_smooth_bypass,112,22.4,1784484400,smooth_adaptive_clusters,finish_first,r06,r06,True,upper,member,local,3,3,6.84345,-0.22206,0.42455,0.37795,0.29085,933,1000,112,40,0,0,0000,---,False,0.33875,0.17218,0.37795,0.29085,7.22956,-0.00344,path_to_final_target,w,"$1,0,0,0,0,0,0,0,0#",19000,20000,Set tank.c app_speed/duty level to the logged pwm before sending the move key/protocol command; e=stop.,6.82595,18.25542,2,5,0,0.10464,-0.01048,5.6297,6.50091,-0.47925,5.5199,6.5674,6.5009,0.80938,19,-0.0596,7,0,127.61669,47.54758,0.3305,0.2902,2,False,running
88434632b5,formation_7_smooth_bypass,112,22.4,1784484400,smooth_adaptive_clusters,finish_first,r07,r07,True,center,member,local,3,3,6.722,0.96739,-0.28446,0.3775,-0.32122,1000,926,-120,24,0,0,0000,---,False,0.35888,-0.12491,0.3775,-0.32122,7.16571,0.93596,path_to_final_target,w,"$1,0,0,0,0,0,0,0,0#",20000,19000,Set tank.c app_speed/duty level to the logged pwm before sending the move key/protocol command; e=stop.,7.32733,19.36821,0,0,0,0.12725,0.1266,4.81517,6.50091,-0.47925,5.5199,6.5674,6.5009,0.80938,19,-0.0596,7,0,127.61669,47.54758,0.3305,0.2902,2,False,running
88434632b5,formation_7_smooth_bypass,113,22.6,1784484600,smooth_adaptive_clusters,finish_first,r01,r01,True,upper,member,local,3,3,6.99683,-0.95768,0.03192,0.3116,0.0,820,820,34,42,0,0,0000,---,False,0.31144,0.00995,0.3116,0.0,7.45857,-0.94293,cached_path_to_final_target,w,"$1,0,0,0,0,0,0,0,0#",16000,16000,Set tank.c app_speed/duty level to the logged pwm before sending the move key/protocol command; e=stop.,7.02992,18.84398,0,3,0,0.41901,0.0497,5.10365,6.56497,-0.47607,5.4558,6.6315,6.565,0.80483,19,-0.0596,7,0,128.8335,48.01036,0.3306,0.2905,2,False,running
88434632b5,formation_7_smooth_bypass,113,22.6,1784484600,smooth_adaptive_clusters,finish_first,r02,r02,True,upper,member,local,3,3,6.51688,-0.97395,0.03668,0.3116,-0.0,820,820,22,87,0,0,0000,---,False,0.31139,0.01143,0.3116,-0.0,6.97854,-0.95701,cached_path_to_final_target,w,"$1,0,0,0,0,0,0,0,0#",16000,16000,Set tank.c app_speed/duty level to the logged pwm before sending the move key/protocol command; e=stop.,6.89072,18.55367,2,5,0,0.50309,-0.01048,5.43171,6.56497,-0.47607,5.4558,6.6315,6.565,0.80483,19,-0.0596,7,0,128.8335,48.01036,0.3306,0.2905,2,False,running
88434632b5,formation_7_smooth_bypass,113,22.6,1784484600,smooth_adaptive_clusters,finish_first,r03,r03,True,upper,member,local,3,3,7.34027,-0.90789,-0.06565,0.31159,0.02671,814,826,54,13,0,0,0000,---,False,0.31101,-0.01914,0.31159,0.02671,7.80139,-0.936,cached_path_to_final_target,w,"$1,0,0,0,0,0,0,0,0#",16000,17000,Set tank.c app_speed/duty level to the logged pwm before sending the move key/protocol command; e=stop.,7.22729,19.30632,0,3,0,0.12888,0.0497,4.98342,6.56497,-0.47607,5.4558,6.6315,6.565,0.80483,19,-0.0596,7,0,128.8335,48.01036,0.3306,0.2905,2,False,running
88434632b5,formation_7_smooth_bypass,113,22.6,1784484600,smooth_adaptive_clusters,finish_first,r04,r04,True,upper,member,local,3,3,5.77988,-0.98362,0.01232,0.3116,-0.00052,820,820,75,104,0,0,0000,---,False,0.31158,0.00381,0.3116,-0.00052,6.24182,-0.97797,cached_path_to_final_target,w,"$1,0,0,0,0,0,0,0,0#",16000,16000,Set tank.c app_speed/duty level to the logged pwm before sending the move key/protocol command; e=stop.,6.38642,17.37858,5,3,0,0.5443,-0.05963,6.0274,6.56497,-0.47607,5.4558,6.6315,6.565,0.80483,19,-0.0596,7,0,128.8335,48.01036,0.3306,0.2905,2,False,running
88434632b5,formation_7_smooth_bypass,113,22.6,1784484600,smooth_adaptive_clusters,finish_first,r05,r05,True,upper,member,local,3,3,5.61727,-0.26407,0.19205,0.31159,-0.02603,825,814,41,36,0,0,0000,---,False,0.30611,0.05822,0.31159,-0.02603,6.07123,-0.17798,cached_path_to_final_target,w,"$1,0,0,0,0,0,0,0,0#",16000,16000,Set tank.c app_speed/duty level to the logged pwm before sending the move key/protocol command; e=stop.,6.17153,16.73714,5,3,0,0.12277,-0.05963,6.47684,6.56497,-0.47607,5.4558,6.6315,6.565,0.80483,19,-0.0596,7,0,128.8335,48.01036,0.3306,0.2905,2,False,running
88434632b5,formation_7_smooth_bypass,113,22.6,1784484600,smooth_adaptive_clusters,finish_first,r06,r06,True,upper,member,local,3,3,6.91053,-0.18714,0.47991,0.37814,0.27681,937,1000,113,43,0,0,0000,---,False,0.32913,0.18994,0.37814,0.27681,7.29681,0.03018,cached_path_to_final_target,w,"$1,0,0,0,0,0,0,0,0#",19000,20000,Set tank.c app_speed/duty level to the logged pwm before sending the move key/protocol command; e=stop.,6.90158,18.45078,2,5,0,0.10464,-0.01048,5.56059,6.56497,-0.47607,5.4558,6.6315,6.565,0.80483,19,-0.0596,7,0,128.8335,48.01036,0.3306,0.2905,2,False,running
88434632b5,formation_7_smooth_bypass,113,22.6,1784484600,smooth_adaptive_clusters,finish_first,r07,r07,True,center,member,local,3,3,6.79311,0.94184,-0.34494,0.37779,-0.3024,1000,931,-122,27,0,0,0000,---,False,0.35111,-0.14534,0.37779,-0.3024,7.23875,0.91813,cached_path_to_final_target,w,"$1,0,0,0,0,0,0,0,0#",20000,19000,Set tank.c app_speed/duty level to the logged pwm before sending the move key/protocol command; e=stop.,7.40289,19.56303,0,0,0,0.12725,0.1266,4.74184,6.56497,-0.47607,5.4558,6.6315,6.565,0.80483,19,-0.0596,7,0,128.8335,48.01036,0.3306,0.2905,2,False,running
88434632b5,formation_7_smooth_bypass,114,22.8,1784484800,smooth_adaptive_clusters,finish_first,r01,r01,True,upper,member,local,3,3,7.05911,-0.95569,0.03192,0.3116,0.0,820,820,36,36,0,0,0000,---,False,0.31144,0.00995,0.3116,0.0,7.52085,-0.94095,cached_path_to_final_target,w,"$1,0,0,0,0,0,0,0,0#",16000,16000,Set tank.c app_speed/duty level to the logged pwm before sending the move key/protocol command; e=stop.,7.09224,19.00923,0,3,0,0.36447,0.0497,5.04143,6.62855,-0.47294,5.3922,6.6952,6.6285,0.7997,18,-0.0596,7,0,130.05095,48.47323,0.3306,0.2907,2,False,running
88434632b5,formation_7_smooth_bypass,114,22.8,1784484800,smooth_adaptive_clusters,finish_first,r02,r02,True,upper,member,local,3,3,6.57916,-0.97167,0.03668,0.3116,-0.0,820,820,23,81,0,0,0000,---,False,0.31139,0.01143,0.3116,-0.0,7.04082,-0.95473,cached_path_to_final_target,w,"$1,0,0,0,0,0,0,0,0#",16000,16000,Set tank.c app_speed/duty level to the logged pwm before sending the move key/protocol command; e=stop.,6.95304,18.71891,2,5,0,0.50309,-0.01048,5.36976,6.62855,-0.47294,5.3922,6.6952,6.6285,0.7997,18,-0.0596,7,0,130.05095,48.47323,0.3306,0.2907,2,False,running
88434632b5,formation_7_smooth_bypass,114,22.8,1784484800,smooth_adaptive_clusters,finish_first,r03,r03,True,upper,member,local,3,3,7.40248,-0.91156,-0.05898,0.31158,0.03332,813,827,58,11,0,0,0000,---,False,0.31115,-0.01674,0.31158,0.03332,7.86356,-0.93604,cached_path_to_final_target,w,"$1,0,0,0,0,0,0,0,0#",16000,17000,Set tank.c app_speed/duty level to the logged pwm before sending the move key/protocol command; e=stop.,7.28961,19.47163,0,3,0,0.10822,0.0497,4.92241,6.62855,-0.47294,5.3922,6.6952,6.6285,0.7997,18,-0.0596,7,0,130.05095,48.47323,0.3306,0.2907,2,False,running
88434632b5,formation_7_smooth_bypass,114,22.8,1784484800,smooth_adaptive_clusters,finish_first,r04,r04,True,upper,member,local,3,3,5.84219,-0.98286,0.01228,0.3116,-0.0002,820,820,77,104,0,0,0000,---,False,0.31158,0.00382,0.3116,-0.0002,6.30413,-0.9772,cached_path_to_final_target,w,"$1,0,0,0,0,0,0,0,0#",16000,16000,Set tank.c app_speed/duty level to the logged pwm before sending the move key/protocol command; e=stop.,6.44874,17.54383,5,3,0,0.5443,-0.05963,5.96605,6.62855,-0.47294,5.3922,6.6952,6.6285,0.7997,18,-0.0596,7,0,130.05095,48.47323,0.3306,0.2907,2,False,running
88434632b5,formation_7_smooth_bypass,114,22.8,1784484800,smooth_adaptive_clusters,finish_first,r05,r05,True,upper,member,local,3,3,5.67847,-0.2523,0.18993,0.3116,-0.01061,822,818,44,33,0,0,0000,---,False,0.30609,0.05832,0.3116,-0.01061,6.13232,-0.16594,cached_path_to_final_target,w,"$1,0,0,0,0,0,0,0,0#",16000,16000,Set tank.c app_speed/duty level to the logged pwm before sending the move key/protocol command; e=stop.,6.23385,16.90255,5,3,0,0.12277,-0.05963,6.41503,6.62855,-0.47294,5.3922,6.6952,6.6285,0.7997,18,-0.0596,7,0,130.05095,48.47323,0.3306,0.2907,2,False,running
88434632b5,formation_7_smooth_bypass,114,22.8,1784484800,smooth_adaptive_clusters,finish_first,r06,r06,True,upper,member,local,3,3,6.97573,-0.14874,0.53228,0.37834,0.26185,941,1000,-50,37,0,0,0000,---,False,0.31922,0.20616,0.37834,0.26185,7.36341,0.06566,cached_path_to_final_target,w,"$1,0,0,0,0,0,0,0,0#",19000,20000,Set tank.c app_speed/duty level to the logged pwm before sending the move key/protocol command; e=stop.,6.97725,18.64656,2,5,0,0.10464,-0.01048,5.49335,6.62855,-0.47294,5.3922,6.6952,6.6285,0.7997,18,-0.0596,7,0,130.05095,48.47323,0.3306,0.2907,2,False,running
88434632b5,formation_7_smooth_bypass,114,22.8,1784484800,smooth_adaptive_clusters,finish_first,r07,r07,True,center,member,local,3,3,6.86269,0.91227,-0.40188,0.37804,-0.28471,1000,935,-123,31,0,0,0000,---,False,0.34273,-0.16413,0.37804,-0.28471,7.31059,0.89636,cached_path_to_final_target,w,"$1,0,0,0,0,0,0,0,0#",20000,19000,Set tank.c app_speed/duty level to the logged pwm before sending the move key/protocol command; e=stop.,7.4785,19.75824,0,0,0,0.12725,0.1266,4.66971,6.62855,-0.47294,5.3922,6.6952,6.6285,0.7997,18,-0.0596,7,0,130.05095,48.47323,0.3306,0.2907,2,False,running
88434632b5,formation_7_smooth_bypass,115,23.0,1784485000,smooth_adaptive_clusters,finish_first,r01,r01,True,upper,member,local,3,3,7.1214,-0.9537,0.03192,0.3116,0.0,820,820,39,31,0,0,0000,---,False,0.31144,0.00995,0.3116,0.0,7.58314,-0.93896,path_to_final_target,w,"$1,0,0,0,0,0,0,0,0#",16000,16000,Set tank.c app_speed/duty level to the logged pwm before sending the move key/protocol command; e=stop.,7.15456,19.17447,0,3,0,0.31208,0.0497,4.9792,6.68846,-0.46967,5.3323,6.7552,6.6885,0.7927,19,-0.0596,7,0,131.24094,48.91974,0.3189,0.2908,2,False,running
88434632b5,formation_7_smooth_bypass,115,23.0,1784485000,smooth_adaptive_clusters,finish_first,r02,r02,True,upper,member,local,3,3,6.64144,-0.96938,0.03668,0.3116,-0.0,820,820,24,75,0,0,0000,---,False,0.31139,0.01143,0.3116,-0.0,7.1031,-0.95244,path_to_final_target,w,"$1,0,0,0,0,0,0,0,0#",16000,16000,Set tank.c app_speed/duty level to the logged pwm before sending the move key/protocol command; e=stop.,7.01536,18.88416,2,5,0,0.50309,-0.01048,5.30782,6.68846,-0.46967,5.3323,6.7552,6.6885,0.7927,19,-0.0596,7,0,131.24094,48.91974,0.3189,0.2908,2,False,running
88434632b5,formation_7_smooth_bypass,115,23.0,1784485000,smooth_adaptive_clusters,finish_first,r03,r03,True,upper,member,local,3,3,7.46471,-0.91488,-0.05335,0.31158,0.02817,814,826,63,10,0,0,0000,---,False,0.31123,-0.01524,0.31158,0.02817,7.92607,-0.9372,path_to_final_target,w,"$1,0,0,0,0,0,0,0,0#",16000,17000,Set tank.c app_speed/duty level to the logged pwm before sending the move key/protocol command; e=stop.,7.35193,19.63693,0,3,0,0.10387,0.0497,4.86136,6.68846,-0.46967,5.3323,6.7552,6.6885,0.7927,19,-0.0596,7,0,131.24094,48.91974,0.3189,0.2908,2,False,running
88434632b5,formation_7_smooth_bypass,115,23.0,1784485000,smooth_adaptive_clusters,finish_first,r04,r04,True,upper,member,local,3,3,5.90451,-0.98209,0.01227,0.3116,-7e-05,820,820,79,104,0,0,0000,---,False,0.31158,0.00382,0.3116,-7e-05,6.36645,-0.97643,path_to_final_target,w,"$1,0,0,0,0,0,0,0,0#",16000,16000,Set tank.c app_speed/duty level to the logged pwm before sending the move key/protocol command; e=stop.,6.51106,17.70908,5,3,0,0.5443,-0.05963,5.90472,6.68846,-0.46967,5.3323,6.7552,6.6885,0.7927,19,-0.0596,7,0,131.24094,48.91974,0.3189,0.2908,2,False,running
88434632b5,formation_7_smooth_bypass,115,23.0,1784485000,smooth_adaptive_clusters,finish_first,r05,r05,True,upper,member,local,3,3,5.73968,-0.24059,0.18907,0.3116,-0.00429,821,819,48,30,0,0,0000,---,False,0.30609,0.05836,0.3116,-0.00429,6.19349,-0.15411,path_to_final_target,w,"$1,0,0,0,0,0,0,0,0#",16000,16000,Set tank.c app_speed/duty level to the logged pwm before sending the move key/protocol command; e=stop.,6.29617,17.06786,5,3,0,0.12277,-0.05963,6.35322,6.68846,-0.46967,5.3323,6.7552,6.6885,0.7927,19,-0.0596,7,0,131.24094,48.91974,0.3189,0.2908,2,False,running
88434632b5,formation_7_smooth_bypass,115,23.0,1784485000,smooth_adaptive_clusters,finish_first,r06,r06,True,upper,member,local,3,3,7.01682,-0.10604,0.80466,0.29633,1.36185,493,1000,-69,33,0,0,0001,---,False,0.13461,0.35536,0.29633,1.36185,7.42961,0.10215,path_to_final_target,a,"$3,0,0,0,0,0,0,0,0#",10000,20000,Set tank.c app_speed/duty level to the logged pwm before sending the move key/protocol command; e=stop.,7.03651,18.81461,2,5,0,0.10464,-0.01048,5.45021,6.68846,-0.46967,5.3323,6.7552,6.6885,0.7927,19,-0.0596,7,0,131.24094,48.91974,0.3189,0.2908,2,False,running
88434632b5,formation_7_smooth_bypass,115,23.0,1784485000,smooth_adaptive_clusters,finish_first,r07,r07,True,center,member,local,3,3,6.93063,0.87899,-0.45551,0.37826,-0.26816,1000,939,-124,35,0,0,0000,---,False,0.33391,-0.1814,0.37826,-0.26816,7.38103,0.87098,path_to_final_target,w,"$1,0,0,0,0,0,0,0,0#",20000,19000,Set tank.c app_speed/duty level to the logged pwm before sending the move key/protocol command; e=stop.,7.55415,19.95384,0,0,0,0.12725,0.1266,4.59901,6.68846,-0.46967,5.3323,6.7552,6.6885,0.7927,19,-0.0596,7,0,131.24094,48.91974,0.3189,0.2908,2,False,running
88434632b5,formation_7_smooth_bypass,116,23.2,1784485200,smooth_adaptive_clusters,finish_first,r01,r01,True,upper,member,local,3,3,7.18369,-0.95171,0.03192,0.3116,0.0,820,820,41,26,0,0,0000,---,False,0.31144,0.00995,0.3116,0.0,7.64543,-0.93697,cached_path_to_final_target,w,"$1,0,0,0,0,0,0,0,0#",16000,16000,Set tank.c app_speed/duty level to the logged pwm before sending the move key/protocol command; e=stop.,7.21688,19.33972,0,3,0,0.26276,0.0497,4.91698,6.74642,-0.46579,5.2742,6.8133,6.7464,0.79236,19,-0.0596,7,0,132.4187,49.35175,0.3086,0.2908,2,False,running
88434632b5,formation_7_smooth_bypass,116,23.2,1784485200,smooth_adaptive_clusters,finish_first,r02,r02,True,upper,member,local,3,3,6.70371,-0.9671,0.03668,0.3116,-0.0,820,820,26,69,0,0,0000,---,False,0.31139,0.01143,0.3116,-0.0,7.16537,-0.95016,cached_path_to_final_target,w,"$1,0,0,0,0,0,0,0,0#",16000,16000,Set tank.c app_speed/duty level to the logged pwm before sending the move key/protocol command; e=stop.,7.07768,19.04941,2,5,0,0.50309,-0.01048,5.24588,6.74642,-0.46579,5.2742,6.8133,6.7464,0.79236,19,-0.0596,7,0,132.4187,49.35175,0.3086,0.2908,2,False,running
88434632b5,formation_7_smooth_bypass,116,23.2,1784485200,smooth_adaptive_clusters,finish_first,r03,r03,True,upper,member,local,3,3,7.52854,-0.93239,-0.26772,0.33093,-1.07183,1000,645,82,12,0,0,0000,---,False,0.3205,-0.20415,0.33093,-1.07183,7.98805,-0.93421,cached_path_to_final_target,d,"$4,0,0,0,0,0,0,0,0#",20000,13000,Set tank.c app_speed/duty level to the logged pwm before sending the move key/protocol command; e=stop.,7.41811,19.8153,0,3,0,0.10387,0.0497,4.80095,6.74642,-0.46579,5.2742,6.8133,6.7464,0.79236,19,-0.0596,7,0,132.4187,49.35175,0.3086,0.2908,2,False,running
88434632b5,formation_7_smooth_bypass,116,23.2,1784485200,smooth_adaptive_clusters,finish_first,r04,r04,True,upper,member,local,3,3,5.96682,-0.98133,0.01226,0.3116,-3e-05,820,820,82,104,0,0,0000,---,False,0.31158,0.00382,0.3116,-3e-05,6.42876,-0.97566,cached_path_to_final_target,w,"$1,0,0,0,0,0,0,0,0#",16000,16000,Set tank.c app_speed/duty level to the logged pwm before sending the move key/protocol command; e=stop.,6.57338,17.87432,5,3,0,0.5443,-0.05963,5.84341,6.74642,-0.46579,5.2742,6.8133,6.7464,0.79236,19,-0.0596,7,0,132.4187,49.35175,0.3086,0.2908,2,False,running
88434632b5,formation_7_smooth_bypass,116,23.2,1784485200,smooth_adaptive_clusters,finish_first,r05,r05,True,upper,member,local,3,3,5.8009,-0.2289,0.18873,0.3116,-0.00172,820,820,51,29,0,0,0000,---,False,0.30608,0.05838,0.3116,-0.00172,6.25469,-0.14237,cached_path_to_final_target,w,"$1,0,0,0,0,0,0,0,0#",16000,16000,Set tank.c app_speed/duty level to the logged pwm before sending the move key/protocol command; e=stop.,6.35849,17.23313,5,3,0,0.12277,-0.05963,6.29142,6.74642,-0.46579,5.2742,6.8133,6.7464,0.79236,19,-0.0596,7,0,132.4187,49.35175,0.3086,0.2908,2,False,running
88434632b5,formation_7_smooth_bypass,116,23.2,1784485200,smooth_adaptive_clusters,finish_first,r06,r06,True,upper,member,local,3,3,7.05531,-0.0616,0.85703,0.29391,0.26185,718,829,-76,30,0,0,0001,---,False,0.27836,0.14004,0.29391,0.26185,7.48471,0.12936,cached_path_to_final_target,a,"$3,0,0,0,0,0,0,0,0#",14000,17000,Set tank.c app_speed/duty level to the logged pwm before sending the move key/protocol command; e=stop.,7.0953,18.98168,2,5,0,0.10464,-0.01048,5.40992,6.74642,-0.46579,5.2742,6.8133,6.7464,0.79236,19,-0.0596,7,0,132.4187,49.35175,0.3086,0.2908,2,False,running
88434632b5,formation_7_smooth_bypass,116,23.2,1784485200,smooth_adaptive_clusters,finish_first,r07,r07,True,center,member,local,3,3,6.98599,0.86252,-0.28915,0.28879,0.83184,585,935,-136,40,0,0,0000,---,False,0.31083,-0.02196,0.28879,0.83184,7.44992,0.84229,cached_path_to_final_target,a,"$3,0,0,0,0,0,0,0,0#",12000,19000,Set tank.c app_speed/duty level to the logged pwm before sending the move key/protocol command; e=stop.,7.61191,20.12515,0,0,0,0.12725,0.1266,4.54242,6.74642,-0.46579,5.2742,6.8133,6.7464,0.79236,19,-0.0596,7,0,132.4187,49.35175,0.3086,0.2908,2,False,running
88434632b5,formation_7_smooth_bypass,117,23.4,1784485400,smooth_adaptive_clusters,finish_first,r01,r01,True,upper,member,local,3,3,7.24598,-0.94972,0.03192,0.3116,0.0,820,820,45,22,0,0,0000,---,False,0.31144,0.00995,0.3116,0.0,7.70771,-0.93498,cached_path_to_final_target,w,"$1,0,0,0,0,0,0,0,0#",16000,16000,Set tank.c app_speed/duty level to the logged pwm before sending the move key/protocol command; e=stop.,7.2792,19.50496,0,3,0,0.21787,0.0497,4.85476,6.80723,-0.464,5.2135,6.8741,6.8072,0.79588,20,-0.0596,7,0,133.6834,49.81994,0.3344,0.2909,2,False,running
88434632b5,formation_7_smooth_bypass,117,23.4,1784485400,smooth_adaptive_clusters,finish_first,r02,r02,True,upper,member,local,3,3,6.76599,-0.96481,0.03668,0.3116,0.0,820,820,27,63,0,0,0000,---,False,0.31139,0.01143,0.3116,0.0,7.22765,-0.94787,cached_path_to_final_target,w,"$1,0,0,0,0,0,0,0,0#",16000,16000,Set tank.c app_speed/duty level to the logged pwm before sending the move key/protocol command; e=stop.,7.14,19.21465,2,5,0,0.50309,-0.01048,5.18396,6.80723,-0.464,5.2135,6.8741,6.8072,0.79588,20,-0.0596,7,0,133.6834,49.81994,0.3344,0.2909,2,False,running
88434632b5,formation_7_smooth_bypass,117,23.4,1784485400,smooth_adaptive_clusters,finish_first,r03,r03,True,upper,member,local,3,3,7.5976,-0.96013,-0.38185,0.37213,-0.57069,1000,859,96,15,0,0,0000,---,False,0.33853,-0.17262,0.37213,-0.57069,8.05102,-0.92555,cached_path_to_final_target,d,"$4,0,0,0,0,0,0,0,0#",20000,17000,Set tank.c app_speed/duty level to the logged pwm before sending the move key/protocol command; e=stop.,7.49254,20.01099,0,3,0,0.10387,0.0497,4.73717,6.80723,-0.464,5.2135,6.8741,6.8072,0.79588,20,-0.0596,7,0,133.6834,49.81994,0.3344,0.2909,2,False,running
88434632b5,formation_7_smooth_bypass,117,23.4,1784485400,smooth_adaptive_clusters,finish_first,r04,r04,True,upper,member,local,3,3,6.02914,-0.98056,0.01226,0.3116,-1e-05,820,820,84,104,0,0,0000,---,False,0.31158,0.00382,0.3116,-1e-05,6.49108,-0.9749,cached_path_to_final_target,w,"$1,0,0,0,0,0,0,0,0#",16000,16000,Set tank.c app_speed/duty level to the logged pwm before sending the move key/protocol command; e=stop.,6.6357,18.03957,5,3,0,0.5443,-0.05963,5.78211,6.80723,-0.464,5.2135,6.8741,6.8072,0.79588,20,-0.0596,7,0,133.6834,49.81994,0.3344,0.2909,2,False,running
88434632b5,formation_7_smooth_bypass,117,23.4,1784485400,smooth_adaptive_clusters,finish_first,r05,r05,True,upper,member,local,3,3,5.86065,-0.23079,-0.03162,0.2989,-1.10172,1000,555,68,29,0,0,0000,---,False,0.33761,-0.17441,0.2989,-1.10172,6.3159,-0.13066,cached_path_to_final_target,d,"$4,0,0,0,0,0,0,0,0#",20000,11000,Set tank.c app_speed/duty level to the logged pwm before sending the move key/protocol command; e=stop.,6.41827,17.40184,5,3,0,0.12277,-0.05963,6.23189,6.80723,-0.464,5.2135,6.8741,6.8072,0.79588,20,-0.0596,7,0,133.6834,49.81994,0.3344,0.2909,2,False,running
88434632b5,formation_7_smooth_bypass,117,23.4,1784485400,smooth_adaptive_clusters,finish_first,r06,r06,True,upper,member,local,3,3,7.09664,-0.0,0.97978,0.37091,0.61378,847,1000,-89,28,0,0,0110,---,False,0.18037,0.33447,0.37091,0.61378,7.53904,0.13752,cached_path_to_final_target,a,"$3,0,0,0,0,0,0,0,0#",17000,20000,Set tank.c app_speed/duty level to the logged pwm before sending the move key/protocol command; e=stop.,7.16948,19.17754,2,5,0,0.10464,-0.01048,5.36664,6.80723,-0.464,5.2135,6.8741,6.8072,0.79588,20,-0.0596,7,0,133.6834,49.81994,0.3344,0.2909,2,False,running
88434632b5,formation_7_smooth_bypass,117,23.4,1784485400,smooth_adaptive_clusters,finish_first,r07,r07,True,center,member,local,3,3,7.0546,0.83803,-0.34278,0.36422,-0.26816,1000,902,-136,45,0,0,0000,---,False,0.3182,-0.20772,0.36422,-0.26816,7.50943,0.82313,cached_path_to_final_target,d,"$4,0,0,0,0,0,0,0,0#",20000,18000,Set tank.c app_speed/duty level to the logged pwm before sending the move key/protocol command; e=stop.,7.68475,20.33384,0,0,0,0.12725,0.1266,4.47199,6.80723,-0.464,5.2135,6.8741,6.8072,0.79588,20,-0.0596,7,0,133.6834,49.81994,0.3344,0.2909,2,False,running
88434632b5,formation_7_smooth_bypass,118,23.6,1784485600,smooth_adaptive_clusters,finish_first,r01,r01,True,upper,member,local,3,3,7.30827,-0.94773,0.03192,0.3116,0.0,820,820,48,18,0,0,0000,---,False,0.31144,0.00995,0.3116,0.0,7.77,-0.93299,path_to_final_target,w,"$1,0,0,0,0,0,0,0,0#",16000,16000,Set tank.c app_speed/duty level to the logged pwm before sending the move key/protocol command; e=stop.,7.34152,19.67021,0,3,0,0.17949,0.0497,4.79255,6.86695,-0.46551,5.1541,6.9339,6.8669,0.7977,20,-0.0596,7,0,134.89432,50.26541,0.3182,0.291,2,False,running
88434632b5,formation_7_smooth_bypass,118,23.6,1784485600,smooth_adaptive_clusters,finish_first,r02,r02,True,upper,member,local,3,3,6.82827,-0.96253,0.03668,0.3116,0.0,820,820,28,57,0,0,0000,---,False,0.31139,0.01143,0.3116,0.0,7.28993,-0.94558,path_to_final_target,w,"$1,0,0,0,0,0,0,0,0#",16000,16000,Set tank.c app_speed/duty level to the logged pwm before sending the move key/protocol command; e=stop.,7.20232,19.3799,2,5,0,0.50309,-0.01048,5.12205,6.86695,-0.46551,5.1541,6.9339,6.8669,0.7977,20,-0.0596,7,0,134.89432,50.26541,0.3182,0.291,2,False,running
88434632b5,formation_7_smooth_bypass,118,23.6,1784485600,smooth_adaptive_clusters,finish_first,r03,r03,True,upper,member,local,3,3,7.66852,-0.98739,-0.36702,0.37987,0.07417,984,1000,103,18,0,0,0000,---,False,0.35626,-0.13221,0.37987,0.07417,8.11757,-0.91301,path_to_final_target,w,"$1,0,0,0,0,0,0,0,0#",20000,20000,Set tank.c app_speed/duty level to the logged pwm before sending the move key/protocol command; e=stop.,7.56851,20.21798,0,3,0,0.10387,0.0497,4.6718,6.86695,-0.46551,5.1541,6.9339,6.8669,0.7977,20,-0.0596,7,0,134.89432,50.26541,0.3182,0.291,2,False,running
88434632b5,formation_7_smooth_bypass,118,23.6,1784485600,smooth_adaptive_clusters,finish_first,r04,r04,True,upper,member,local,3,3,6.09146,-0.9798,0.01226,0.3116,-0.0,820,820,87,104,0,0,0000,---,False,0.31158,0.00382,0.3116,-0.0,6.55339,-0.97413,path_to_final_target,w,"$1,0,0,0,0,0,0,0,0#",16000,16000,Set tank.c app_speed/duty level to the logged pwm before sending the move key/protocol command; e=stop.,6.69802,18.20482,5,3,0,0.5443,-0.05963,5.72085,6.86695,-0.46551,5.1541,6.9339,6.8669,0.7977,20,-0.0596,7,0,134.89432,50.26541,0.3182,0.291,2,False,running
88434632b5,formation_7_smooth_bypass,118,23.6,1784485600,smooth_adaptive_clusters,finish_first,r05,r05,True,upper,member,local,3,3,5.92882,-0.24813,-0.24904,0.35172,-1.0871,1000,697,86,31,0,0,0000,---,False,0.34699,-0.1549,0.35172,-1.0871,6.37559,-0.1259,path_to_final_target,d,"$4,0,0,0,0,0,0,0,0#",20000,14000,Set tank.c app_speed/duty level to the logged pwm before sending the move key/protocol command; e=stop.,6.48861,17.57732,5,3,0,0.12277,-0.05963,6.16491,6.86695,-0.46551,5.1541,6.9339,6.8669,0.7977,20,-0.0596,7,0,134.89432,50.26541,0.3182,0.291,2,False,running
88434632b5,formation_7_smooth_bypass,118,23.6,1784485600,smooth_adaptive_clusters,finish_first,r06,r06,True,center,member,local,3,3,7.12979,0.0403,0.88254,0.26091,-0.48622,789,584,-87,27,0,0,0100,---,False,0.30278,0.0736,0.26091,-0.48622,7.60612,0.12384,path_to_final_target,d,"$4,0,0,0,0,0,0,0,0#",16000,12000,Set tank.c app_speed/duty level to the logged pwm before sending the move key/protocol command; e=stop.,7.22166,19.33568,2,5,0,0.10464,-0.01048,5.33259,6.86695,-0.46551,5.1541,6.9339,6.8669,0.7977,20,-0.0596,7,0,134.89432,50.26541,0.3182,0.291,2,False,running
88434632b5,formation_7_smooth_bypass,118,23.6,1784485600,smooth_adaptive_clusters,finish_first,r07,r07,True,center,member,local,3,3,7.11353,0.82672,-0.18968,0.30003,0.76548,628,951,-147,51,0,0,0000,---,False,0.31085,-0.02161,0.30003,0.76548,7.57544,0.80183,path_to_final_target,a,"$3,0,0,0,0,0,0,0,0#",13000,19000,Set tank.c app_speed/duty level to the logged pwm before sending the move key/protocol command; e=stop.,7.74476,20.50841,0,0,0,0.12725,0.1266,4.41233,6.86695,-0.46551,5.1541,6.9339,6.8669,0.7977,20,-0.0596,7,0,134.89432,50.26541,0.3182,0.291,2,False,running
88434632b5,formation_7_smooth_bypass,119,23.8,1784485800,smooth_adaptive_clusters,finish_first,r01,r01,True,upper,member,local,3,3,7.37055,-0.94575,0.03192,0.3116,0.0,820,820,52,15,0,0,0000,---,False,0.31144,0.00995,0.3116,0.0,7.83229,-0.931,cached_path_to_final_target,w,"$1,0,0,0,0,0,0,0,0#",16000,16000,Set tank.c app_speed/duty level to the logged pwm before sending the move key/protocol command; e=stop.,7.40384,19.83546,0,3,0,0.1505,0.0497,4.73033,6.92871,-0.46873,5.0929,6.9957,6.9287,0.7983,20,-0.0596,7,0,136.09975,50.71246,0.3193,0.2911,2,False,running
88434632b5,formation_7_smooth_bypass,119,23.8,1784485800,smooth_adaptive_clusters,finish_first,r02,r02,True,upper,member,local,3,3,6.89055,-0.96024,0.03668,0.3116,0.0,820,820,30,52,0,0,0000,---,False,0.31139,0.01143,0.3116,0.0,7.35221,-0.9433,cached_path_to_final_target,w,"$1,0,0,0,0,0,0,0,0#",16000,16000,Set tank.c app_speed/duty level to the logged pwm before sending the move key/protocol command; e=stop.,7.26464,19.54514,2,5,0,0.50309,-0.01048,5.06015,6.92871,-0.46873,5.0929,6.9957,6.9287,0.7983,20,-0.0596,7,0,136.09975,50.71246,0.3193,0.2911,2,False,running
88434632b5,formation_7_smooth_bypass,119,23.8,1784485800,smooth_adaptive_clusters,finish_first,r03,r03,True,upper,member,local,3,3,7.74057,-1.01,-0.30401,0.3776,0.31504,927,1000,107,20,0,0,0000,---,False,0.36776,-0.09567,0.3776,0.31504,8.18685,-0.92502,cached_path_to_final_target,w,"$1,0,0,0,0,0,0,0,0#",19000,20000,Set tank.c app_speed/duty level to the logged pwm before sending the move key/protocol command; e=stop.,7.64403,20.41478,0,3,0,0.10387,0.0497,4.60481,6.92871,-0.46873,5.0929,6.9957,6.9287,0.7983,20,-0.0596,7,0,136.09975,50.71246,0.3193,0.2911,2,False,running
88434632b5,formation_7_smooth_bypass,119,23.8,1784485800,smooth_adaptive_clusters,finish_first,r04,r04,True,upper,member,local,3,3,6.15377,-0.97903,0.01226,0.3116,-0.0,820,820,89,104,0,0,0000,---,False,0.31158,0.00382,0.3116,-0.0,6.61571,-0.97337,cached_path_to_final_target,w,"$1,0,0,0,0,0,0,0,0#",16000,16000,Set tank.c app_speed/duty level to the logged pwm before sending the move key/protocol command; e=stop.,6.76034,18.37006,5,3,0,0.5443,-0.05963,5.6596,6.92871,-0.46873,5.0929,6.9957,6.9287,0.7983,20,-0.0596,7,0,136.09975,50.71246,0.3193,0.2911,2,False,running
88434632b5,formation_7_smooth_bypass,119,23.8,1784485800,smooth_adaptive_clusters,finish_first,r05,r05,True,upper,member,local,3,3,6.00106,-0.27061,-0.30177,0.37832,-0.26367,1000,940,95,33,0,0,0000,---,False,0.35784,-0.12787,0.37832,-0.26367,6.43994,-0.13044,cached_path_to_final_target,w,"$1,0,0,0,0,0,0,0,0#",20000,19000,Set tank.c app_speed/duty level to the logged pwm before sending the move key/protocol command; e=stop.,6.56428,17.78319,5,3,0,0.12277,-0.05963,6.09428,6.92871,-0.46873,5.0929,6.9957,6.9287,0.7983,20,-0.0596,7,0,136.09975,50.71246,0.3193,0.2911,2,False,running
88434632b5,formation_7_smooth_bypass,119,23.8,1784485800,smooth_adaptive_clusters,finish_first,r06,r06,True,center,member,local,3,3,7.16948,0.06548,0.56529,0.23504,-1.58622,952,285,-72,24,0,0,0100,---,False,0.3073,0.05159,0.23504,-1.58622,7.65324,0.12817,cached_path_to_final_target,d,"$4,0,0,0,0,0,0,0,0#",19000,6000,Set tank.c app_speed/duty level to the logged pwm before sending the move key/protocol command; e=stop.,7.26867,19.47339,2,5,0,0.10464,-0.01048,5.29249,6.92871,-0.46873,5.0929,6.9957,6.9287,0.7983,20,-0.0596,7,0,136.09975,50.71246,0.3193,0.2911,2,False,running
88434632b5,formation_7_smooth_bypass,119,23.8,1784485800,smooth_adaptive_clusters,finish_first,r07,r07,True,center,member,local,3,3,7.17495,0.81902,-0.12476,0.30951,0.32464,746,883,-152,57,0,0,0000,---,False,0.31075,-0.02296,0.30951,0.32464,7.63654,0.78808,cached_path_to_final_target,a,"$3,0,0,0,0,0,0,0,0#",15000,18000,Set tank.c app_speed/duty level to the logged pwm before sending the move key/protocol command; e=stop.,7.80666,20.67772,0,0,0,0.12725,0.1266,4.35049,6.92871,-0.46873,5.0929,6.9957,6.9287,0.7983,20,-0.0596,7,0,136.09975,50.71246,0.3193,0.2911,2,False,running
88434632b5,formation_7_smooth_bypass,120,24.0,1784486000,smooth_adaptive_clusters,finish_first,r01,r01,True,upper,member,local,3,3,7.43284,-0.94376,0.03192,0.3116,-0.0,820,820,57,13,0,0,0000,---,False,0.31144,0.00995,0.3116,-0.0,7.89458,-0.92901,cached_path_to_final_target,w,"$1,0,0,0,0,0,0,0,0#",16000,16000,Set tank.c app_speed/duty level to the logged pwm before sending the move key/protocol command; e=stop.,7.46616,20.0007,0,3,0,0.13425,0.0497,4.66812,6.99282,-0.47171,5.0293,7.0599,6.9928,0.79908,20,-0.0596,7,0,137.31603,51.16939,0.3264,0.2914,2,False,running
88434632b5,formation_7_smooth_bypass,120,24.0,1784486000,smooth_adaptive_clusters,finish_first,r02,r02,True,upper,member,local,3,3,6.95283,-0.95796,0.03668,0.3116,0.0,820,820,32,46,0,0,0000,---,False,0.31139,0.01143,0.3116,0.0,7.41449,-0.94101,cached_path_to_final_target,w,"$1,0,0,0,0,0,0,0,0#",16000,16000,Set tank.c app_speed/duty level to the logged pwm before sending the move key/protocol command; e=stop.,7.32696,19.71039,2,5,0,0.45799,-0.01048,4.99825,6.99282,-0.47171,5.0293,7.0599,6.9928,0.79908,20,-0.0596,7,0,137.31603,51.16939,0.3264,0.2914,2,False,running
88434632b5,formation_7_smooth_bypass,120,24.0,1784486000,smooth_adaptive_clusters,finish_first,r03,r03,True,upper,member,local,3,3,7.81392,-1.02681,-0.22533,0.37626,0.39341,907,1000,109,22,0,0,0000,---,False,0.37493,-0.06186,0.37626,0.39341,8.25775,-0.94147,cached_path_to_final_target,a,"$3,0,0,0,0,0,0,0,0#",18000,20000,Set tank.c app_speed/duty level to the logged pwm before sending the move key/protocol command; e=stop.,7.71928,20.60788,0,3,0,0.10387,0.0497,4.53573,6.99282,-0.47171,5.0293,7.0599,6.9928,0.79908,20,-0.0596,7,0,137.31603,51.16939,0.3264,0.2914,2,False,running
88434632b5,formation_7_smooth_bypass,120,24.0,1784486000,smooth_adaptive_clusters,finish_first,r04,r04,True,upper,member,local,3,3,6.21609,-0.97827,0.01226,0.3116,-0.0,820,820,92,104,0,0,0000,---,False,0.31158,0.00382,0.3116,-0.0,6.67802,-0.97261,cached_path_to_final_target,w,"$1,0,0,0,0,0,0,0,0#",16000,16000,Set tank.c app_speed/duty level to the logged pwm before sending the move key/protocol command; e=stop.,6.82266,18.53531,5,3,0,0.5443,-0.05963,5.59838,6.99282,-0.47171,5.0293,7.0599,6.9928,0.79908,20,-0.0596,7,0,137.31603,51.16939,0.3264,0.2914,2,False,running
88434632b5,formation_7_smooth_bypass,120,24.0,1784486000,smooth_adaptive_clusters,finish_first,r05,r05,True,upper,member,local,3,3,6.07407,-0.29151,-0.27881,0.37968,0.1148,975,1000,100,35,0,0,0000,---,False,0.36715,-0.09797,0.37968,0.1148,6.50805,-0.13972,cached_path_to_final_target,w,"$1,0,0,0,0,0,0,0,0#",20000,20000,Set tank.c app_speed/duty level to the logged pwm before sending the move key/protocol command; e=stop.,6.64021,17.98611,5,3,0,0.12277,-0.05963,6.02291,6.99282,-0.47171,5.0293,7.0599,6.9928,0.79908,20,-0.0596,7,0,137.31603,51.16939,0.3264,0.2914,2,False,running
88434632b5,formation_7_smooth_bypass,120,24.0,1784486000,smooth_adaptive_clusters,finish_first,r06,r06,True,center,member,local,3,3,7.22311,0.08337,0.32202,0.28266,-1.21636,1000,488,-62,21,0,0,1000,---,False,0.30894,0.04067,0.28266,-1.21636,7.69697,0.13491,cached_path_to_final_target,d,"$4,0,0,0,0,0,0,0,0#",20000,10000,Set tank.c app_speed/duty level to the logged pwm before sending the move key/protocol command; e=stop.,7.3252,19.63083,2,5,0,0.10464,-0.01048,5.23864,6.99282,-0.47171,5.0293,7.0599,6.9928,0.79908,20,-0.0596,7,0,137.31603,51.16939,0.3264,0.2914,2,False,running
88434632b5,formation_7_smooth_bypass,120,24.0,1784486000,smooth_adaptive_clusters,finish_first,r07,r07,True,center,member,local,3,3,7.2369,0.81294,-0.09787,0.31124,0.13443,791,847,-155,63,0,0,0000,---,False,0.31068,-0.02389,0.31124,0.13443,7.69788,0.77881,cached_path_to_final_target,w,"$1,0,0,0,0,0,0,0,0#",16000,17000,Set tank.c app_speed/duty level to the logged pwm before sending the move key/protocol command; e=stop.,7.86891,20.8448,0,0,0,0.12725,0.1266,4.28825,6.99282,-0.47171,5.0293,7.0599,6.9928,0.79908,20,-0.0596,7,0,137.31603,51.16939,0.3264,0.2914,2,False,running
88434632b5,formation_7_smooth_bypass,121,24.2,1784486200,smooth_adaptive_clusters,finish_first,r01,r01,True,upper,bypass,local,3,3,7.49514,-0.94245,0.02094,0.31154,-0.05492,831,808,63,13,0,0,0000,---,False,0.31158,0.00384,0.31154,-0.05492,7.95706,-0.9373,adaptive_split_to_bypass_target,w,"$1,0,0,0,0,0,0,0,0#",17000,16000,Set tank.c app_speed/duty level to the logged pwm before sending the move key/protocol command; e=stop.,7.52846,20.1664,0,3,0,0.13143,0.0497,4.60597,7.05785,-0.47189,4.9646,7.1249,7.0578,0.79989,20,-0.0596,7,0,138.54431,51.62958,0.3287,0.2916,2,False,running
88434632b5,formation_7_smooth_bypass,121,24.2,1784486200,smooth_adaptive_clusters,finish_first,r02,r02,True,upper,bypass,local,3,3,7.01511,-0.95626,0.0272,0.31156,-0.04738,830,810,35,40,0,0,0000,---,False,0.31154,0.00616,0.31156,-0.04738,7.47699,-0.9476,adaptive_split_to_bypass_target,w,"$1,0,0,0,0,0,0,0,0#",17000,16000,Set tank.c app_speed/duty level to the logged pwm before sending the move key/protocol command; e=stop.,7.38927,19.87611,2,5,0,0.4024,-0.01048,4.93646,7.05785,-0.47189,4.9646,7.1249,7.0578,0.79989,20,-0.0596,7,0,138.54431,51.62958,0.3287,0.2916,2,False,running
88434632b5,formation_7_smooth_bypass,121,24.2,1784486200,smooth_adaptive_clusters,finish_first,r03,r03,True,upper,bypass,local,3,3,7.88794,-1.03528,-0.11391,0.3725,0.55711,863,1000,109,22,0,0,0000,---,False,0.37987,-0.01002,0.3725,0.55711,8.29668,-0.87504,adaptive_split_to_bypass_target,a,"$3,0,0,0,0,0,0,0,0#",17000,20000,Set tank.c app_speed/duty level to the logged pwm before sending the move key/protocol command; e=stop.,7.79378,20.79761,0,3,0,0.10387,0.0497,4.46461,7.05785,-0.47189,4.9646,7.1249,7.0578,0.79989,20,-0.0596,7,0,138.54431,51.62958,0.3287,0.2916,2,False,running
88434632b5,formation_7_smooth_bypass,121,24.2,1784486200,smooth_adaptive_clusters,finish_first,r04,r04,True,upper,bypass,local,3,3,6.27719,-0.97177,0.10603,0.30724,0.46886,710,907,89,103,0,0,0000,---,False,0.30658,0.0557,0.30724,0.46886,6.66496,-0.89672,adaptive_split_to_bypass_target,a,"$3,0,0,0,0,0,0,0,0#",14000,18000,Set tank.c app_speed/duty level to the logged pwm before sending the move key/protocol command; e=stop.,6.88411,18.70328,5,3,0,0.5443,-0.05963,5.53721,7.05785,-0.47189,4.9646,7.1249,7.0578,0.79989,20,-0.0596,7,0,138.54431,51.62958,0.3287,0.2916,2,False,running
88434632b5,formation_7_smooth_bypass,121,24.2,1784486200,smooth_adaptive_clusters,finish_first,r05,r05,True,upper,bypass,local,3,3,6.14782,-0.30804,-0.22048,0.37794,0.29166,933,1000,102,37,0,0,0000,---,False,0.37422,-0.06603,0.37794,0.29166,6.57485,-0.13907,adaptive_split_to_bypass_target,w,"$1,0,0,0,0,0,0,0,0#",19000,20000,Set tank.c app_speed/duty level to the logged pwm before sending the move key/protocol command; e=stop.,6.7158,18.18283,5,3,0,0.12277,-0.05963,5.95057,7.05785,-0.47189,4.9646,7.1249,7.0578,0.79989,20,-0.0596,7,0,138.54431,51.62958,0.3287,0.2916,2,False,running
88434632b5,formation_7_smooth_bypass,121,24.2,1784486200,smooth_adaptive_clusters,finish_first,r06,r06,True,center,bypass,local,3,3,7.2829,0.10001,0.27148,0.31033,-0.25271,870,763,-64,19,0,0,1000,---,False,0.30327,0.07157,0.31033,-0.25271,7.73202,0.20348,adaptive_split_to_bypass_target,d,"$4,0,0,0,0,0,0,0,0#",17000,15000,Set tank.c app_speed/duty level to the logged pwm before sending the move key/protocol command; e=stop.,7.38726,19.80722,2,5,0,0.10464,-0.01048,5.17869,7.05785,-0.47189,4.9646,7.1249,7.0578,0.79989,20,-0.0596,7,0,138.54431,51.62958,0.3287,0.2916,2,False,running
88434632b5,formation_7_smooth_bypass,121,24.2,1784486200,smooth_adaptive_clusters,finish_first,r07,r07,True,center,bypass,local,3,3,7.29883,0.81053,-0.03881,0.30987,0.2953,753,878,-159,69,0,0,0000,---,False,0.31159,0.00237,0.30987,0.2953,7.76063,0.81691,adaptive_split_to_bypass_target,a,"$3,0,0,0,0,0,0,0,0#",15000,18000,Set tank.c app_speed/duty level to the logged pwm before sending the move key/protocol command; e=stop.,7.93088,21.01086,0,0,0,0.12725,0.1266,4.22633,7.05785,-0.47189,4.9646,7.1249,7.0578,0.79989,20,-0.0596,7,0,138.54431,51.62958,0.3287,0.2916,2,False,running
88434632b5,formation_7_smooth_bypass,122,24.4,1784486400,smooth_adaptive_clusters,finish_first,r01,r01,True,upper,bypass,local,3,3,7.55939,-0.95615,-0.21004,0.32848,-1.15492,1000,621,82,15,0,0,0000,---,False,0.33241,-0.18413,0.32848,-1.15492,8.01941,-0.93932,cached_adaptive_split,d,"$4,0,0,0,0,0,0,0,0#",20000,12000,Set tank.c app_speed/duty level to the logged pwm before sending the move key/protocol command; e=stop.,7.59416,20.34217,0,3,0,0.13143,0.0497,4.5433,7.12294,-0.47065,4.8997,7.19,7.1229,0.80123,20,-0.0596,7,0,139.76305,52.09185,0.3302,0.2919,1,False,running
88434632b5,formation_7_smooth_bypass,122,24.4,1784486400,smooth_adaptive_clusters,finish_first,r02,r02,True,upper,bypass,local,3,3,7.07742,-0.95501,0.02012,0.31158,-0.03543,827,812,37,35,0,0,0000,---,False,0.31157,0.00453,0.31158,-0.03543,7.53934,-0.94863,cached_adaptive_split,w,"$1,0,0,0,0,0,0,0,0#",17000,16000,Set tank.c app_speed/duty level to the logged pwm before sending the move key/protocol command; e=stop.,7.45159,20.04138,2,5,0,0.34876,-0.01048,4.87472,7.12294,-0.47065,4.8997,7.19,7.1229,0.80123,20,-0.0596,7,0,139.76305,52.09185,0.3302,0.2919,1,False,running
88434632b5,formation_7_smooth_bypass,122,24.4,1784486400,smooth_adaptive_clusters,finish_first,r03,r03,True,upper,bypass,local,3,3,7.96217,-1.03476,0.00693,0.37119,0.60417,850,1000,109,22,0,0,0000,---,False,0.37803,0.03864,0.37119,0.60417,8.3395,-0.81105,cached_adaptive_split,a,"$3,0,0,0,0,0,0,0,0#",17000,20000,Set tank.c app_speed/duty level to the logged pwm before sending the move key/protocol command; e=stop.,7.86802,20.98467,0,3,0,0.10387,0.0497,4.39165,7.12294,-0.47065,4.8997,7.19,7.1229,0.80123,20,-0.0596,7,0,139.76305,52.09185,0.3302,0.2919,1,False,running
88434632b5,formation_7_smooth_bypass,122,24.4,1784486400,smooth_adaptive_clusters,finish_first,r04,r04,True,upper,bypass,local,3,3,6.33533,-0.95655,0.2559,0.30051,0.74935,633,949,83,102,0,0,0000,---,False,0.2901,0.11374,0.30051,0.74935,6.66498,-0.81972,cached_adaptive_split,a,"$3,0,0,0,0,0,0,0,0#",13000,19000,Set tank.c app_speed/duty level to the logged pwm before sending the move key/protocol command; e=stop.,6.94421,18.86602,5,3,0,0.5443,-0.05963,5.4772,7.12294,-0.47065,4.8997,7.19,7.1229,0.80123,20,-0.0596,7,0,139.76305,52.09185,0.3302,0.2919,1,False,running
88434632b5,formation_7_smooth_bypass,122,24.4,1784486400,smooth_adaptive_clusters,finish_first,r05,r05,True,upper,bypass,local,3,3,6.22239,-0.31946,-0.15194,0.37716,0.34268,920,1000,104,38,0,0,0000,---,False,0.37817,-0.03722,0.37716,0.34268,6.64537,-0.14654,cached_adaptive_split,a,"$3,0,0,0,0,0,0,0,0#",18000,20000,Set tank.c app_speed/duty level to the logged pwm before sending the move key/protocol command; e=stop.,6.79123,18.37691,5,3,0,0.12277,-0.05963,5.87711,7.12294,-0.47065,4.8997,7.19,7.1229,0.80123,20,-0.0596,7,0,139.76305,52.09185,0.3302,0.2919,1,False,running
88434632b5,formation_7_smooth_bypass,122,24.4,1784486400,smooth_adaptive_clusters,finish_first,r06,r06,True,upper,bypass,local,3,3,7.34292,0.11679,0.2726,0.3116,0.00558,819,821,-68,17,0,0,1000,---,False,0.30002,0.08416,0.3116,0.00558,7.78719,0.24147,cached_adaptive_split,w,"$1,0,0,0,0,0,0,0,0#",16000,16000,Set tank.c app_speed/duty level to the logged pwm before sending the move key/protocol command; e=stop.,7.44958,19.97515,2,5,0,0.10464,-0.01048,5.11857,7.12294,-0.47065,4.8997,7.19,7.1229,0.80123,20,-0.0596,7,0,139.76305,52.09185,0.3302,0.2919,1,False,running
88434632b5,formation_7_smooth_bypass,122,24.4,1784486400,smooth_adaptive_clusters,finish_first,r07,r07,True,upper,bypass,local,3,3,7.36099,0.81059,0.00094,0.31082,0.19875,776,860,-163,75,0,0,0000,---,False,0.31144,0.01002,0.31082,0.19875,7.82278,0.82739,cached_adaptive_split,w,"$1,0,0,0,0,0,0,0,0#",16000,17000,Set tank.c app_speed/duty level to the logged pwm before sending the move key/protocol command; e=stop.,7.99305,21.17675,0,0,0,0.12725,0.1266,4.16438,7.12294,-0.47065,4.8997,7.19,7.1229,0.80123,20,-0.0596,7,0,139.76305,52.09185,0.3302,0.2919,1,False,running
88434632b5,formation_7_smooth_bypass,123,24.6,1784486600,smooth_adaptive_clusters,finish_first,r01,r01,True,upper,bypass,local,3,3,7.62973,-0.98011,-0.32836,0.37155,-0.59159,1000,853,97,17,0,0,0000,---,False,0.34677,-0.15541,0.37155,-0.59159,8.083,-0.94262,cached_adaptive_split,d,"$4,0,0,0,0,0,0,0,0#",20000,17000,Set tank.c app_speed/duty level to the logged pwm before sending the move key/protocol command; e=stop.,7.66847,20.53804,0,3,0,0.13143,0.0497,4.47571,7.18838,-0.46514,4.8341,7.2557,7.1884,0.80544,20,-0.0596,7,0,141.01033,52.56813,0.3402,0.2922,1,False,running
88434632b5,formation_7_smooth_bypass,123,24.6,1784486600,smooth_adaptive_clusters,finish_first,r02,r02,True,upper,bypass,local,3,3,7.13973,-0.954,0.01612,0.31159,-0.01997,824,816,40,30,0,0,0000,---,False,0.31157,0.00405,0.31159,-0.01997,7.60166,-0.9482,cached_adaptive_split,w,"$1,0,0,0,0,0,0,0,0#",16000,16000,Set tank.c app_speed/duty level to the logged pwm before sending the move key/protocol command; e=stop.,7.51391,20.20678,2,5,0,0.29775,-0.01048,4.81304,7.18838,-0.46514,4.8341,7.2557,7.1884,0.80544,20,-0.0596,7,0,141.01033,52.56813,0.3402,0.2922,1,False,running
88434632b5,formation_7_smooth_bypass,123,24.6,1784486600,smooth_adaptive_clusters,finish_first,r03,r03,True,upper,bypass,local,3,3,8.03577,-1.02523,0.12883,0.37103,0.6095,848,1000,108,21,0,0,0000,---,False,0.37046,0.08463,0.37103,0.6095,8.37822,-0.74512,cached_adaptive_split,a,"$3,0,0,0,0,0,0,0,0#",17000,20000,Set tank.c app_speed/duty level to the logged pwm before sending the move key/protocol command; e=stop.,7.94223,21.17102,0,3,0,0.10387,0.0497,4.3176,7.18838,-0.46514,4.8341,7.2557,7.1884,0.80544,20,-0.0596,7,0,141.01033,52.56813,0.3402,0.2922,1,False,running
88434632b5,formation_7_smooth_bypass,123,24.6,1784486600,smooth_adaptive_clusters,finish_first,r04,r04,True,upper,bypass,local,3,3,6.38969,-0.93213,0.42233,0.29794,0.83214,609,959,-4,98,0,0,0000,---,False,0.26514,0.16369,0.29794,0.83214,6.67946,-0.7441,cached_adaptive_split,a,"$3,0,0,0,0,0,0,0,0#",12000,19000,Set tank.c app_speed/duty level to the logged pwm before sending the move key/protocol command; e=stop.,7.0038,19.02505,5,3,0,0.5443,-0.05963,5.41907,7.18838,-0.46514,4.8341,7.2557,7.1884,0.80544,20,-0.0596,7,0,141.01033,52.56813,0.3402,0.2922,1,False,running
88434632b5,formation_7_smooth_bypass,123,24.6,1784486600,smooth_adaptive_clusters,finish_first,r05,r05,True,upper,bypass,local,3,3,6.29754,-0.32561,-0.08162,0.37701,0.35164,918,1000,106,38,0,0,0000,---,False,0.37987,-0.01001,0.37701,0.35164,6.71764,-0.15323,cached_adaptive_split,a,"$3,0,0,0,0,0,0,0,0#",18000,20000,Set tank.c app_speed/duty level to the logged pwm before sending the move key/protocol command; e=stop.,6.86663,18.57032,5,3,0,0.12277,-0.05963,5.80269,7.18838,-0.46514,4.8341,7.2557,7.1884,0.80544,20,-0.0596,7,0,141.01033,52.56813,0.3402,0.2922,1,False,running
88434632b5,formation_7_smooth_bypass,123,24.6,1784486600,smooth_adaptive_clusters,finish_first,r06,r06,True,upper,bypass,local,3,3,7.40296,0.14911,0.49371,0.34093,1.10558,664,1000,-87,18,0,0,0000,---,False,0.28316,0.25342,0.34093,1.10558,7.84571,0.26478,cached_adaptive_split,a,"$3,0,0,0,0,0,0,0,0#",13000,20000,Set tank.c app_speed/duty level to the logged pwm before sending the move key/protocol command; e=stop.,7.51777,20.15626,2,5,0,0.10464,-0.01048,5.05847,7.18838,-0.46514,4.8341,7.2557,7.1884,0.80544,20,-0.0596,7,0,141.01033,52.56813,0.3402,0.2922,1,False,running
88434632b5,formation_7_smooth_bypass,123,24.6,1784486600,smooth_adaptive_clusters,finish_first,r07,r07,True,upper,bypass,local,3,3,7.42325,0.81197,0.02217,0.31138,0.10616,797,842,-165,81,0,0,0000,---,False,0.31136,0.0121,0.31138,0.10616,7.88492,0.83096,cached_adaptive_split,w,"$1,0,0,0,0,0,0,0,0#",16000,17000,Set tank.c app_speed/duty level to the logged pwm before sending the move key/protocol command; e=stop.,8.05532,21.34286,0,0,0,0.12725,0.1266,4.10245,7.18838,-0.46514,4.8341,7.2557,7.1884,0.80544,20,-0.0596,7,0,141.01033,52.56813,0.3402,0.2922,1,False,running
88434632b5,formation_7_smooth_bypass,124,24.8,1784486800,smooth_adaptive_clusters,finish_first,r01,r01,True,upper,bypass,local,3,3,7.70179,-1.00425,-0.32326,0.37998,0.02552,995,1000,104,19,0,0,0000,---,False,0.3608,-0.11926,0.37998,0.02552,8.15077,-0.94657,adaptive_split_to_bypass_target,w,"$1,0,0,0,0,0,0,0,0#",20000,20000,Set tank.c app_speed/duty level to the logged pwm before sending the move key/protocol command; e=stop.,7.74447,20.7459,0,3,0,0.13143,0.0497,4.40664,7.25365,-0.45503,4.7681,7.3218,7.2537,0.81073,20,-0.0596,7,0,142.28871,53.05336,0.3466,0.2925,1,False,running
88434632b5,formation_7_smooth_bypass,124,24.8,1784486800,smooth_adaptive_clusters,finish_first,r02,r02,True,upper,bypass,local,3,3,7.20204,-0.95312,0.01411,0.3116,-0.01007,822,818,43,25,0,0,0000,---,False,0.31158,0.0039,0.3116,-0.01007,7.66398,-0.94744,adaptive_split_to_bypass_target,w,"$1,0,0,0,0,0,0,0,0#",16000,16000,Set tank.c app_speed/duty level to the logged pwm before sending the move key/protocol command; e=stop.,7.57623,20.37213,2,5,0,0.25039,-0.01048,4.75139,7.25365,-0.45503,4.7681,7.3218,7.2537,0.81073,20,-0.0596,7,0,142.28871,53.05336,0.3466,0.2925,1,False,running
88434632b5,formation_7_smooth_bypass,124,24.8,1784486800,smooth_adaptive_clusters,finish_first,r03,r03,True,upper,bypass,local,3,3,8.10758,-1.00671,0.25233,0.3708,0.61752,846,1000,107,20,0,0,0000,---,False,0.35704,0.13008,0.3708,0.61752,8.40115,-0.67161,adaptive_split_to_bypass_target,a,"$3,0,0,0,0,0,0,0,0#",17000,20000,Set tank.c app_speed/duty level to the logged pwm before sending the move key/protocol command; e=stop.,8.01639,21.3572,0,3,0,0.10387,0.0497,4.24357,7.25365,-0.45503,4.7681,7.3218,7.2537,0.81073,20,-0.0596,7,0,142.28871,53.05336,0.3466,0.2925,1,False,running
88434632b5,formation_7_smooth_bypass,124,24.8,1784486800,smooth_adaptive_clusters,finish_first,r04,r04,True,upper,bypass,local,3,3,6.44035,-0.89967,0.56987,0.30085,0.73766,636,947,-13,93,0,0,0000,---,False,0.24115,0.19733,0.30085,0.73766,6.70724,-0.67228,adaptive_split_to_bypass_target,a,"$3,0,0,0,0,0,0,0,0#",13000,19000,Set tank.c app_speed/duty level to the logged pwm before sending the move key/protocol command; e=stop.,7.06397,19.18573,5,3,0,0.5443,-0.05963,5.36303,7.25365,-0.45503,4.7681,7.3218,7.2537,0.81073,20,-0.0596,7,0,142.28871,53.05336,0.3466,0.2925,1,False,running
88434632b5,formation_7_smooth_bypass,124,24.8,1784486800,smooth_adaptive_clusters,finish_first,r05,r05,True,upper,bypass,local,3,3,6.37282,-0.32595,-0.00448,0.3764,0.38569,909,1000,107,38,0,0,0000,---,False,0.3794,0.02132,0.3764,0.38569,6.78314,-0.13436,adaptive_split_to_bypass_target,a,"$3,0,0,0,0,0,0,0,0#",18000,20000,Set tank.c app_speed/duty level to the logged pwm before sending the move key/protocol command; e=stop.,6.94191,18.76311,5,3,0,0.12277,-0.05963,5.72768,7.25365,-0.45503,4.7681,7.3218,7.2537,0.81073,20,-0.0596,7,0,142.28871,53.05336,0.3466,0.2925,1,False,running
88434632b5,formation_7_smooth_bypass,124,24.8,1784486800,smooth_adaptive_clusters,finish_first,r06,r06,True,upper,bypass,local,3,3,7.46548,0.19052,0.58514,0.37495,0.45712,890,1000,-99,22,0,0,0000,---,False,0.3009,0.23207,0.37495,0.45712,7.90595,0.29218,adaptive_split_to_bypass_target,a,"$3,0,0,0,0,0,0,0,0#",18000,20000,Set tank.c app_speed/duty level to the logged pwm before sending the move key/protocol command; e=stop.,7.59276,20.35597,2,5,0,0.10464,-0.01048,4.9962,7.25365,-0.45503,4.7681,7.3218,7.2537,0.81073,20,-0.0596,7,0,142.28871,53.05336,0.3466,0.2925,1,False,running
88434632b5,formation_7_smooth_bypass,124,24.8,1784486800,smooth_adaptive_clusters,finish_first,r07,r07,True,upper,bypass,local,3,3,7.48553,0.81399,0.03241,0.31155,0.05117,809,831,-80,84,0,0,0000,---,False,0.31135,0.0126,0.31155,0.05117,7.94714,0.83317,adaptive_split_to_bypass_target,w,"$1,0,0,0,0,0,0,0,0#",16000,17000,Set tank.c app_speed/duty level to the logged pwm before sending the move key/protocol command; e=stop.,8.11763,21.50867,0,0,0,0.12725,0.1266,4.04056,7.25365,-0.45503,4.7681,7.3218,7.2537,0.81073,20,-0.0596,7,0,142.28871,53.05336,0.3466,0.2925,1,False,running
88434632b5,formation_7_smooth_bypass,125,25.0,1784487000,smooth_adaptive_clusters,finish_first,r01,r01,True,upper,bypass,local,3,3,7.77475,-1.02393,-0.26338,0.37783,0.29937,931,1000,107,21,0,0,0000,---,False,0.37114,-0.08157,0.37783,0.29937,8.22018,-0.94771,cached_adaptive_split,w,"$1,0,0,0,0,0,0,0,0#",19000,20000,Set tank.c app_speed/duty level to the logged pwm before sending the move key/protocol command; e=stop.,7.82003,20.94343,0,3,0,0.13143,0.0497,4.33639,7.3184,-0.44138,4.7024,7.3879,7.3184,0.81537,20,-0.0596,7,0,143.56836,53.54041,0.3479,0.2927,1,False,running
88434632b5,formation_7_smooth_bypass,125,25.0,1784487000,smooth_adaptive_clusters,finish_first,r02,r02,True,upper,bypass,local,3,3,7.26435,-0.9523,0.01315,0.3116,-0.0048,821,819,47,21,0,0,0000,---,False,0.31158,0.00386,0.3116,-0.0048,7.72629,-0.94662,cached_adaptive_split,w,"$1,0,0,0,0,0,0,0,0#",16000,16000,Set tank.c app_speed/duty level to the logged pwm before sending the move key/protocol command; e=stop.,7.63855,20.53743,2,5,0,0.20825,-0.01048,4.68976,7.3184,-0.44138,4.7024,7.3879,7.3184,0.81537,20,-0.0596,7,0,143.56836,53.54041,0.3479,0.2927,1,False,running
88434632b5,formation_7_smooth_bypass,125,25.0,1784487000,smooth_adaptive_clusters,finish_first,r03,r03,True,upper,bypass,local,3,3,8.17709,-0.98008,0.36591,0.37221,0.56791,860,1000,106,20,0,0,0000,---,False,0.34131,0.16705,0.37221,0.56791,8.44091,-0.60851,cached_adaptive_split,a,"$3,0,0,0,0,0,0,0,0#",17000,20000,Set tank.c app_speed/duty level to the logged pwm before sending the move key/protocol command; e=stop.,8.09083,21.5453,0,3,0,0.10387,0.0497,4.17024,7.3184,-0.44138,4.7024,7.3879,7.3184,0.81537,20,-0.0596,7,0,143.56836,53.54041,0.3479,0.2927,1,False,running
88434632b5,formation_7_smooth_bypass,125,25.0,1784487000,smooth_adaptive_clusters,finish_first,r04,r04,True,upper,bypass,local,3,3,6.48782,-0.8612,0.68099,0.30549,0.5556,687,921,-20,87,0,0,0000,---,False,0.22407,0.21653,0.30549,0.5556,6.74506,-0.60521,cached_adaptive_split,a,"$3,0,0,0,0,0,0,0,0#",14000,18000,Set tank.c app_speed/duty level to the logged pwm before sending the move key/protocol command; e=stop.,7.12507,19.34994,5,3,0,0.5443,-0.05963,5.30907,7.3184,-0.44138,4.7024,7.3879,7.3184,0.81537,20,-0.0596,7,0,143.56836,53.54041,0.3479,0.2927,1,False,running
88434632b5,formation_7_smooth_bypass,125,25.0,1784487000,smooth_adaptive_clusters,finish_first,r05,r05,True,upper,bypass,local,3,3,6.44795,-0.32063,0.07064,0.37659,0.37559,912,1000,108,38,0,0,0000,---,False,0.37681,0.04913,0.37659,0.37559,6.85225,-0.12085,cached_adaptive_split,a,"$3,0,0,0,0,0,0,0,0#",18000,20000,Set tank.c app_speed/duty level to the logged pwm before sending the move key/protocol command; e=stop.,7.01723,18.95593,5,3,0,0.12277,-0.05963,5.65237,7.3184,-0.44138,4.7024,7.3879,7.3184,0.81537,20,-0.0596,7,0,143.56836,53.54041,0.3479,0.2927,1,False,running
88434632b5,formation_7_smooth_bypass,125,25.0,1784487000,smooth_adaptive_clusters,finish_first,r06,r06,True,upper,bypass,local,3,3,7.52906,0.23215,0.57973,0.37998,-0.02703,1000,994,-105,26,0,0,0000,---,False,0.31879,0.20681,0.37998,-0.02703,7.96884,0.32569,cached_adaptive_split,w,"$1,0,0,0,0,0,0,0,0#",20000,20000,Set tank.c app_speed/duty level to the logged pwm before sending the move key/protocol command; e=stop.,7.66876,20.56213,2,5,0,0.10464,-0.01048,4.93321,7.3184,-0.44138,4.7024,7.3879,7.3184,0.81537,20,-0.0596,7,0,143.56836,53.54041,0.3479,0.2927,1,False,running
88434632b5,formation_7_smooth_bypass,125,25.0,1784487000,smooth_adaptive_clusters,finish_first,r07,r07,True,upper,bypass,local,3,3,7.5478,0.8163,0.03706,0.31159,0.02327,815,825,-83,85,0,0,0000,---,False,0.31134,0.01268,0.31159,0.02327,8.00939,0.83533,cached_adaptive_split,w,"$1,0,0,0,0,0,0,0,0#",16000,16000,Set tank.c app_speed/duty level to the logged pwm before sending the move key/protocol command; e=stop.,8.17995,21.6742,0,0,0,0.12725,0.1266,3.97872,7.3184,-0.44138,4.7024,7.3879,7.3184,0.81537,20,-0.0596,7,0,143.56836,53.54041,0.3479,0.2927,1,False,running
88434632b5,formation_7_smooth_bypass,126,25.2,1784487200,smooth_adaptive_clusters,finish_first,r01,r01,True,upper,bypass,local,3,3,7.8487,-1.03751,-0.18158,0.37595,0.40901,903,1000,109,23,0,0,0000,---,False,0.37739,-0.04447,0.37595,0.40901,8.2898,-0.94374,cached_adaptive_split,a,"$3,0,0,0,0,0,0,0,0#",18000,20000,Set tank.c app_speed/duty level to the logged pwm before sending the move key/protocol command; e=stop.,7.89522,21.13648,0,3,0,0.13143,0.0497,4.26459,7.38266,-0.42494,4.6368,7.4543,7.3827,0.81867,20,-0.0596,7,0,144.83864,54.02777,0.3481,0.293,1,False,running
88434632b5,formation_7_smooth_bypass,126,25.2,1784487200,smooth_adaptive_clusters,finish_first,r02,r02,True,upper,bypass,local,3,3,7.32667,-0.95151,0.01271,0.3116,-0.00221,820,820,51,17,0,0,0000,---,False,0.31158,0.00385,0.3116,-0.00221,7.78861,-0.94582,cached_adaptive_split,w,"$1,0,0,0,0,0,0,0,0#",16000,16000,Set tank.c app_speed/duty level to the logged pwm before sending the move key/protocol command; e=stop.,7.70087,20.7027,2,5,0,0.17365,-0.01048,4.62816,7.38266,-0.42494,4.6368,7.4543,7.3827,0.81867,20,-0.0596,7,0,144.83864,54.02777,0.3481,0.293,1,False,running
88434632b5,formation_7_smooth_bypass,126,25.2,1784487200,smooth_adaptive_clusters,finish_first,r03,r03,True,upper,bypass,local,3,3,8.24357,-0.94614,0.47196,0.37321,0.53026,870,1000,106,21,0,0,0000,---,False,0.3229,0.20033,0.37321,0.53026,8.47447,-0.55088,cached_adaptive_split,a,"$3,0,0,0,0,0,0,0,0#",17000,20000,Set tank.c app_speed/duty level to the logged pwm before sending the move key/protocol command; e=stop.,8.16547,21.73425,0,3,0,0.10387,0.0497,4.09858,7.38266,-0.42494,4.6368,7.4543,7.3827,0.81867,20,-0.0596,7,0,144.83864,54.02777,0.3481,0.293,1,False,running
88434632b5,formation_7_smooth_bypass,126,25.2,1784487200,smooth_adaptive_clusters,finish_first,r04,r04,True,upper,bypass,local,3,3,6.53279,-0.81886,0.75531,0.30886,0.37162,735,891,-25,82,0,0,0000,---,False,0.21401,0.22648,0.30886,0.37162,6.78928,-0.54217,cached_adaptive_split,a,"$3,0,0,0,0,0,0,0,0#",15000,18000,Set tank.c app_speed/duty level to the logged pwm before sending the move key/protocol command; e=stop.,7.18684,19.51589,5,3,0,0.5443,-0.05963,5.25702,7.38266,-0.42494,4.6368,7.4543,7.3827,0.81867,20,-0.0596,7,0,144.83864,54.02777,0.3481,0.293,1,False,running
88434632b5,formation_7_smooth_bypass,126,25.2,1784487200,smooth_adaptive_clusters,finish_first,r05,r05,True,upper,bypass,local,3,3,6.52256,-0.30993,0.14239,0.37689,0.35875,916,1000,109,37,0,0,0000,---,False,0.37252,0.07503,0.37689,0.35875,6.92243,-0.10571,cached_adaptive_split,a,"$3,0,0,0,0,0,0,0,0#",18000,20000,Set tank.c app_speed/duty level to the logged pwm before sending the move key/protocol command; e=stop.,7.09261,19.14923,5,3,0,0.12277,-0.05963,5.57713,7.38266,-0.42494,4.6368,7.4543,7.3827,0.81867,20,-0.0596,7,0,144.83864,54.02777,0.3481,0.293,1,False,running
88434632b5,formation_7_smooth_bypass,126,25.2,1784487200,smooth_adaptive_clusters,finish_first,r06,r06,True,upper,bypass,local,3,3,7.59428,0.27065,0.53314,0.37869,-0.23295,1000,947,-108,30,0,0,0000,---,False,0.33411,0.18102,0.37869,-0.23295,8.03331,0.36094,cached_adaptive_split,w,"$1,0,0,0,0,0,0,0,0#",20000,19000,Set tank.c app_speed/duty level to the logged pwm before sending the move key/protocol command; e=stop.,7.74449,20.76051,2,5,0,0.10464,-0.01048,4.86887,7.38266,-0.42494,4.6368,7.4543,7.3827,0.81867,20,-0.0596,7,0,144.83864,54.02777,0.3481,0.293,1,False,running
88434632b5,formation_7_smooth_bypass,126,25.2,1784487200,smooth_adaptive_clusters,finish_first,r07,r07,True,upper,bypass,local,3,3,7.61007,0.81873,0.0391,0.3116,0.0102,818,822,-86,85,0,0,0000,---,False,0.31134,0.01268,0.3116,0.0102,8.07166,0.83763,cached_adaptive_split,w,"$1,0,0,0,0,0,0,0,0#",16000,16000,Set tank.c app_speed/duty level to the logged pwm before sending the move key/protocol command; e=stop.,8.24227,21.83958,0,0,0,0.12725,0.1266,3.9169,7.38266,-0.42494,4.6368,7.4543,7.3827,0.81867,20,-0.0596,7,0,144.83864,54.02777,0.3481,0.293,1,False,running
88434632b5,formation_7_smooth_bypass,127,25.4,1784487400,smooth_adaptive_clusters,finish_first,r01,r01,True,upper,bypass,local,3,3,7.92298,-1.04258,-0.06822,0.37224,0.5668,860,1000,109,23,0,0,0000,---,False,0.37992,0.00792,0.37224,0.5668,8.31876,-0.8724,adaptive_split_to_bypass_target,a,"$3,0,0,0,0,0,0,0,0#",17000,20000,Set tank.c app_speed/duty level to the logged pwm before sending the move key/protocol command; e=stop.,7.96967,21.32584,0,3,0,0.13143,0.0497,4.19151,7.44643,-0.40592,4.5716,7.5208,7.4464,0.8202,20,-0.0596,7,0,146.10439,54.51484,0.3479,0.2932,1,False,running
88434632b5,formation_7_smooth_bypass,127,25.4,1784487400,smooth_adaptive_clusters,finish_first,r02,r02,True,upper,bypass,local,3,3,7.38898,-0.95073,0.01251,0.3116,-0.001,820,820,55,15,0,0,0000,---,False,0.31158,0.00385,0.3116,-0.001,7.85092,-0.94504,adaptive_split_to_bypass_target,w,"$1,0,0,0,0,0,0,0,0#",16000,16000,Set tank.c app_speed/duty level to the logged pwm before sending the move key/protocol command; e=stop.,7.76319,20.86796,2,5,0,0.14958,-0.01048,4.56658,7.44643,-0.40592,4.5716,7.5208,7.4464,0.8202,20,-0.0596,7,0,146.10439,54.51484,0.3479,0.2932,1,False,running
88434632b5,formation_7_smooth_bypass,127,25.4,1784487400,smooth_adaptive_clusters,finish_first,r03,r03,True,upper,bypass,local,3,3,8.30673,-0.90589,0.56742,0.37449,0.47728,885,1000,106,23,0,0,0000,---,False,0.30425,0.22767,0.37449,0.47728,8.51794,-0.50092,adaptive_split_to_bypass_target,a,"$3,0,0,0,0,0,0,0,0#",18000,20000,Set tank.c app_speed/duty level to the logged pwm before sending the move key/protocol command; e=stop.,8.24037,21.92488,0,3,0,0.10387,0.0497,4.02916,7.44643,-0.40592,4.5716,7.5208,7.4464,0.8202,20,-0.0596,7,0,146.10439,54.51484,0.3479,0.2932,1,False,running
88434632b5,formation_7_smooth_bypass,127,25.4,1784487400,smooth_adaptive_clusters,finish_first,r04,r04,True,upper,bypass,local,3,3,6.57604,-0.77427,0.8007,0.31058,0.22694,770,865,-29,78,0,0,0000,---,False,0.20882,0.23127,0.31058,0.22694,6.83711,-0.48183,adaptive_split_to_bypass_target,a,"$3,0,0,0,0,0,0,0,0#",15000,17000,Set tank.c app_speed/duty level to the logged pwm before sending the move key/protocol command; e=stop.,7.24896,19.68221,5,3,0,0.5443,-0.05963,5.20648,7.44643,-0.40592,4.5716,7.5208,7.4464,0.8202,20,-0.0596,7,0,146.10439,54.51484,0.3479,0.2932,1,False,running
88434632b5,formation_7_smooth_bypass,127,25.4,1784487400,smooth_adaptive_clusters,finish_first,r05,r05,True,upper,bypass,local,3,3,6.59632,-0.29414,0.21091,0.37716,0.34258,920,1000,110,36,0,0,0000,---,False,0.36676,0.09943,0.37716,0.34258,6.99274,-0.08709,adaptive_split_to_bypass_target,a,"$3,0,0,0,0,0,0,0,0#",18000,20000,Set tank.c app_speed/duty level to the logged pwm before sending the move key/protocol command; e=stop.,7.16804,19.34293,5,3,0,0.12277,-0.05963,5.50234,7.44643,-0.40592,4.5716,7.5208,7.4464,0.8202,20,-0.0596,7,0,146.10439,54.51484,0.3479,0.2932,1,False,running
88434632b5,formation_7_smooth_bypass,127,25.4,1784487400,smooth_adaptive_clusters,finish_first,r06,r06,True,upper,bypass,local,3,3,7.66159,0.30492,0.47093,0.37766,-0.31106,1000,928,-110,33,0,0,0000,---,False,0.34666,0.15566,0.37766,-0.31106,8.09927,0.39484,adaptive_split_to_bypass_target,w,"$1,0,0,0,0,0,0,0,0#",20000,19000,Set tank.c app_speed/duty level to the logged pwm before sending the move key/protocol command; e=stop.,7.82002,20.95569,2,5,0,0.10464,-0.01048,4.80263,7.44643,-0.40592,4.5716,7.5208,7.4464,0.8202,20,-0.0596,7,0,146.10439,54.51484,0.3479,0.2932,1,False,running
88434632b5,formation_7_smooth_bypass,127,25.4,1784487400,smooth_adaptive_clusters,finish_first,r07,r07,True,upper,bypass,local,3,3,7.67234,0.82122,0.03997,0.3116,0.00436,819,821,-89,85,0,0,0000,---,False,0.31134,0.01266,0.3116,0.00436,8.13393,0.84004,adaptive_split_to_bypass_target,w,"$1,0,0,0,0,0,0,0,0#",16000,16000,Set tank.c app_speed/duty level to the logged pwm before sending the move key/protocol command; e=stop.,8.30459,22.00488,0,0,0,0.12725,0.1266,3.85511,7.44643,-0.40592,4.5716,7.5208,7.4464,0.8202,20,-0.0596,7,0,146.10439,54.51484,0.3479,0.2932,1,False,running
88434632b5,formation_7_smooth_bypass,128,25.6,1784487600,smooth_adaptive_clusters,finish_first,r01,r01,True,upper,bypass,local,3,3,7.997,-1.03843,0.05596,0.3707,0.62091,845,1000,109,23,0,0,0000,---,False,0.37553,0.05811,0.3707,0.62091,8.34875,-0.80148,cached_adaptive_split,a,"$3,0,0,0,0,0,0,0,0#",17000,20000,Set tank.c app_speed/duty level to the logged pwm before sending the move key/protocol command; e=stop.,8.04381,21.51249,0,3,0,0.13143,0.0497,4.11756,7.50964,-0.38462,4.5068,7.5875,7.5096,0.81977,19,-0.0596,7,0,147.36778,55.00193,0.3479,0.2933,1,False,running
88434632b5,formation_7_smooth_bypass,128,25.6,1784487600,smooth_adaptive_clusters,finish_first,r02,r02,True,upper,bypass,local,3,3,7.4513,-0.94996,0.01242,0.3116,-0.00045,820,820,60,14,0,0,0000,---,False,0.31158,0.00385,0.3116,-0.00045,7.91324,-0.94426,cached_adaptive_split,w,"$1,0,0,0,0,0,0,0,0#",16000,16000,Set tank.c app_speed/duty level to the logged pwm before sending the move key/protocol command; e=stop.,7.82551,21.03321,2,5,0,0.13909,-0.01048,4.50502,7.50964,-0.38462,4.5068,7.5875,7.5096,0.81977,19,-0.0596,7,0,147.36778,55.00193,0.3479,0.2933,1,False,running
88434632b5,formation_7_smooth_bypass,128,25.6,1784487600,smooth_adaptive_clusters,finish_first,r03,r03,True,upper,bypass,local,3,3,8.36641,-0.86026,0.65274,0.3756,0.42662,899,1000,107,25,0,0,0000,---,False,0.28574,0.2505,0.3756,0.42662,8.56855,-0.45367,cached_adaptive_split,a,"$3,0,0,0,0,0,0,0,0#",18000,20000,Set tank.c app_speed/duty level to the logged pwm before sending the move key/protocol command; e=stop.,8.31549,22.11687,0,3,0,0.10387,0.0497,3.96245,7.50964,-0.38462,4.5068,7.5875,7.5096,0.81977,19,-0.0596,7,0,147.36778,55.00193,0.3479,0.2933,1,False,running
88434632b5,formation_7_smooth_bypass,128,25.6,1784487600,smooth_adaptive_clusters,finish_first,r04,r04,True,upper,bypass,local,3,3,6.61821,-0.72848,0.8264,0.31127,0.12849,792,846,-32,73,0,0,0000,---,False,0.20645,0.2334,0.31127,0.12849,6.88676,-0.42298,cached_adaptive_split,w,"$1,0,0,0,0,0,0,0,0#",16000,17000,Set tank.c app_speed/duty level to the logged pwm before sending the move key/protocol command; e=stop.,7.31121,19.8483,5,3,0,0.5443,-0.05963,5.15705,7.50964,-0.38462,4.5068,7.5875,7.5096,0.81977,19,-0.0596,7,0,147.36778,55.00193,0.3479,0.2933,1,False,running
88434632b5,formation_7_smooth_bypass,128,25.6,1784487600,smooth_adaptive_clusters,finish_first,r05,r05,True,upper,bypass,local,3,3,6.66894,-0.27354,0.27643,0.3774,0.32762,924,1000,111,36,0,0,0000,---,False,0.35975,0.12239,0.3774,0.32762,7.06276,-0.06469,cached_adaptive_split,a,"$3,0,0,0,0,0,0,0,0#",18000,20000,Set tank.c app_speed/duty level to the logged pwm before sending the move key/protocol command; e=stop.,7.24352,19.537,5,3,0,0.12277,-0.05963,5.42835,7.50964,-0.38462,4.5068,7.5875,7.5096,0.81977,19,-0.0596,7,0,147.36778,55.00193,0.3479,0.2933,1,False,running
88434632b5,formation_7_smooth_bypass,128,25.6,1784487600,smooth_adaptive_clusters,finish_first,r06,r06,True,upper,bypass,local,3,3,7.73097,0.33459,0.40418,0.3773,-0.33375,1000,923,-112,36,0,0,0000,---,False,0.35674,0.13092,0.3773,-0.33375,8.16694,0.42597,cached_adaptive_split,d,"$4,0,0,0,0,0,0,0,0#",20000,18000,Set tank.c app_speed/duty level to the logged pwm before sending the move key/protocol command; e=stop.,7.89549,21.14975,2,5,0,0.10464,-0.01048,4.73441,7.50964,-0.38462,4.5068,7.5875,7.5096,0.81977,19,-0.0596,7,0,147.36778,55.00193,0.3479,0.2933,1,False,running
88434632b5,formation_7_smooth_bypass,128,25.6,1784487600,smooth_adaptive_clusters,finish_first,r07,r07,True,upper,bypass,local,3,3,7.73461,0.82374,0.04034,0.3116,0.00183,820,820,-92,85,0,0,0000,---,False,0.31134,0.01265,0.3116,0.00183,8.1962,0.84252,cached_adaptive_split,w,"$1,0,0,0,0,0,0,0,0#",16000,16000,Set tank.c app_speed/duty level to the logged pwm before sending the move key/protocol command; e=stop.,8.36691,22.17016,0,0,0,0.12725,0.1266,3.79333,7.50964,-0.38462,4.5068,7.5875,7.5096,0.81977,19,-0.0596,7,0,147.36778,55.00193,0.3479,0.2933,1,False,running
88434632b5,formation_7_smooth_bypass,129,25.8,1784487800,smooth_adaptive_clusters,finish_first,r01,r01,True,upper,bypass,local,3,3,8.06991,-1.0251,0.18082,0.37059,0.6243,844,1000,108,22,0,0,0000,---,False,0.36531,0.10462,0.37059,0.6243,8.37935,-0.73082,cached_adaptive_split,a,"$3,0,0,0,0,0,0,0,0#",17000,20000,Set tank.c app_speed/duty level to the logged pwm before sending the move key/protocol command; e=stop.,8.11793,21.69841,0,3,0,0.13143,0.0497,4.04355,7.57214,-0.36128,4.4426,7.6542,7.5721,0.81729,19,-0.0596,7,0,148.63099,55.48924,0.3481,0.2935,1,False,running
88434632b5,formation_7_smooth_bypass,129,25.8,1784487800,smooth_adaptive_clusters,finish_first,r02,r02,True,upper,bypass,local,3,3,7.51362,-0.94919,0.01238,0.3116,-0.0002,820,820,65,14,0,0,0000,---,False,0.31158,0.00385,0.3116,-0.0002,7.97555,-0.94348,cached_adaptive_split,w,"$1,0,0,0,0,0,0,0,0#",16000,16000,Set tank.c app_speed/duty level to the logged pwm before sending the move key/protocol command; e=stop.,7.88783,21.19846,2,5,0,0.13817,-0.01048,4.44349,7.57214,-0.36128,4.4426,7.6542,7.5721,0.81729,19,-0.0596,7,0,148.63099,55.48924,0.3481,0.2935,1,False,running
88434632b5,formation_7_smooth_bypass,129,25.8,1784487800,smooth_adaptive_clusters,finish_first,r03,r03,True,upper,bypass,local,3,3,8.42244,-0.81002,0.73097,0.3763,0.39115,908,1000,108,29,0,0,0000,---,False,0.2668,0.27059,0.3763,0.39115,8.61943,-0.40399,cached_adaptive_split,a,"$3,0,0,0,0,0,0,0,0#",18000,20000,Set tank.c app_speed/duty level to the logged pwm before sending the move key/protocol command; e=stop.,8.39075,22.30959,0,3,0,0.10387,0.0497,3.89892,7.57214,-0.36128,4.4426,7.6542,7.5721,0.81729,19,-0.0596,7,0,148.63099,55.48924,0.3481,0.2935,1,False,running
88434632b5,formation_7_smooth_bypass,129,25.8,1784487800,smooth_adaptive_clusters,finish_first,r04,r04,True,upper,bypass,local,3,3,6.6598,-0.68209,0.84,0.31151,0.068,805,834,-35,69,0,0,0000,---,False,0.20549,0.23424,0.31151,0.068,6.93724,-0.36483,cached_adaptive_split,w,"$1,0,0,0,0,0,0,0,0#",16000,17000,Set tank.c app_speed/duty level to the logged pwm before sending the move key/protocol command; e=stop.,7.37351,20.01407,5,3,0,0.5443,-0.05963,5.10838,7.57214,-0.36128,4.4426,7.6542,7.5721,0.81729,19,-0.0596,7,0,148.63099,55.48924,0.3481,0.2935,1,False,running
88434632b5,formation_7_smooth_bypass,129,25.8,1784487800,smooth_adaptive_clusters,finish_first,r05,r05,True,upper,bypass,local,3,3,6.74016,-0.24842,0.33908,0.37762,0.31327,928,1000,112,37,0,0,0000,---,False,0.35171,0.14388,0.37762,0.31327,7.13222,-0.03872,cached_adaptive_split,w,"$1,0,0,0,0,0,0,0,0#",19000,20000,Set tank.c app_speed/duty level to the logged pwm before sending the move key/protocol command; e=stop.,7.31905,19.73148,5,3,0,0.12277,-0.05963,5.35545,7.57214,-0.36128,4.4426,7.6542,7.5721,0.81729,19,-0.0596,7,0,148.63099,55.48924,0.3481,0.2935,1,False,running
88434632b5,formation_7_smooth_bypass,129,25.8,1784487800,smooth_adaptive_clusters,finish_first,r06,r06,True,upper,bypass,local,3,3,7.80218,0.35958,0.33757,0.37731,-0.33305,1000,923,-113,39,0,0,0000,---,False,0.36465,0.10692,0.37731,-0.33305,8.23639,0.45378,cached_adaptive_split,d,"$4,0,0,0,0,0,0,0,0#",20000,18000,Set tank.c app_speed/duty level to the logged pwm before sending the move key/protocol command; e=stop.,7.97095,21.34357,2,5,0,0.10464,-0.01048,4.66437,7.57214,-0.36128,4.4426,7.6542,7.5721,0.81729,19,-0.0596,7,0,148.63099,55.48924,0.3481,0.2935,1,False,running
88434632b5,formation_7_smooth_bypass,129,25.8,1784487800,smooth_adaptive_clusters,finish_first,r07,r07,True,upper,bypass,local,3,3,7.79688,0.82626,0.04049,0.3116,0.00076,820,820,-94,86,0,0,0000,---,False,0.31134,0.01265,0.3116,0.00076,8.25847,0.84502,cached_adaptive_split,w,"$1,0,0,0,0,0,0,0,0#",16000,16000,Set tank.c app_speed/duty level to the logged pwm before sending the move key/protocol command; e=stop.,8.42923,22.33541,0,0,0,0.12725,0.1266,3.73158,7.57214,-0.36128,4.4426,7.6542,7.5721,0.81729,19,-0.0596,7,0,148.63099,55.48924,0.3481,0.2935,1,False,running
88434632b5,formation_7_smooth_bypass,130,26.0,1784488000,smooth_adaptive_clusters,finish_first,r01,r01,True,upper,bypass,local,3,3,8.14045,-1.00263,0.30845,0.37017,0.63812,840,1000,106,21,0,0,0000,---,False,0.3487,0.15103,0.37017,0.63812,8.38858,-0.65437,adaptive_split_to_bypass_target,a,"$3,0,0,0,0,0,0,0,0#",17000,20000,Set tank.c app_speed/duty level to the logged pwm before sending the move key/protocol command; e=stop.,8.19196,21.88406,0,3,0,0.13143,0.0497,3.97077,7.63417,-0.33816,4.3789,7.7204,7.6342,0.81483,19,-0.0596,7,0,149.90879,55.98129,0.3515,0.2936,1,False,running
88434632b5,formation_7_smooth_bypass,130,26.0,1784488000,smooth_adaptive_clusters,finish_first,r02,r02,True,upper,bypass,local,3,3,7.57914,-0.96299,-0.20766,0.33481,-1.1002,1000,649,84,15,0,0,0000,---,False,0.33701,-0.17556,0.33481,-1.1002,8.03787,-0.94271,adaptive_split_to_bypass_target,d,"$4,0,0,0,0,0,0,0,0#",20000,13000,Set tank.c app_speed/duty level to the logged pwm before sending the move key/protocol command; e=stop.,7.95479,21.37756,2,5,0,0.13817,-0.01048,4.38137,7.63417,-0.33816,4.3789,7.7204,7.6342,0.81483,19,-0.0596,7,0,149.90879,55.98129,0.3515,0.2936,1,False,running
88434632b5,formation_7_smooth_bypass,130,26.0,1784488000,smooth_adaptive_clusters,finish_first,r03,r03,True,upper,bypass,local,3,3,8.47471,-0.75575,0.80422,0.37675,0.36625,914,1000,109,33,0,0,0000,---,False,0.24741,0.28842,0.37675,0.36625,8.66846,-0.35083,adaptive_split_to_bypass_target,a,"$3,0,0,0,0,0,0,0,0#",18000,20000,Set tank.c app_speed/duty level to the logged pwm before sending the move key/protocol command; e=stop.,8.4661,22.50278,0,3,0,0.10387,0.0497,3.83892,7.63417,-0.33816,4.3789,7.7204,7.6342,0.81483,19,-0.0596,7,0,149.90879,55.98129,0.3515,0.2936,1,False,running
88434632b5,formation_7_smooth_bypass,130,26.0,1784488000,smooth_adaptive_clusters,finish_first,r04,r04,True,upper,bypass,local,3,3,6.70108,-0.6354,0.84676,0.31158,0.03382,813,827,-37,65,0,0,0000,---,False,0.20516,0.23453,0.31158,0.03382,6.98799,-0.30693,adaptive_split_to_bypass_target,w,"$1,0,0,0,0,0,0,0,0#",16000,17000,Set tank.c app_speed/duty level to the logged pwm before sending the move key/protocol command; e=stop.,7.43583,20.17966,5,3,0,0.5443,-0.05963,5.06027,7.63417,-0.33816,4.3789,7.7204,7.6342,0.81483,19,-0.0596,7,0,149.90879,55.98129,0.3515,0.2936,1,False,running
88434632b5,formation_7_smooth_bypass,130,26.0,1784488000,smooth_adaptive_clusters,finish_first,r05,r05,True,upper,bypass,local,3,3,6.80981,-0.21909,0.39855,0.37786,0.29734,932,1000,113,38,0,0,0000,---,False,0.34295,0.16367,0.37786,0.29734,7.20144,-0.01041,adaptive_split_to_bypass_target,w,"$1,0,0,0,0,0,0,0,0#",19000,20000,Set tank.c app_speed/duty level to the logged pwm before sending the move key/protocol command; e=stop.,7.39462,19.92637,5,3,0,0.12277,-0.05963,5.28391,7.63417,-0.33816,4.3789,7.7204,7.6342,0.81483,19,-0.0596,7,0,149.90879,55.98129,0.3515,0.2936,1,False,running
88434632b5,formation_7_smooth_bypass,130,26.0,1784488000,smooth_adaptive_clusters,finish_first,r06,r06,True,upper,bypass,local,3,3,7.87488,0.37994,0.27304,0.37748,-0.32263,1000,925,-115,41,0,0,0000,---,False,0.37065,0.0838,0.37748,-0.32263,8.30742,0.47814,adaptive_split_to_bypass_target,d,"$4,0,0,0,0,0,0,0,0#",20000,18000,Set tank.c app_speed/duty level to the logged pwm before sending the move key/protocol command; e=stop.,8.04644,21.5377,2,5,0,0.10464,-0.01048,4.59277,7.63417,-0.33816,4.3789,7.7204,7.6342,0.81483,19,-0.0596,7,0,149.90879,55.98129,0.3515,0.2936,1,False,running
88434632b5,formation_7_smooth_bypass,130,26.0,1784488000,smooth_adaptive_clusters,finish_first,r07,r07,True,upper,bypass,local,3,3,7.85915,0.82879,0.04055,0.3116,0.00031,820,820,-97,86,0,0,0000,---,False,0.31134,0.01265,0.3116,0.00031,8.32074,0.84754,adaptive_split_to_bypass_target,w,"$1,0,0,0,0,0,0,0,0#",16000,16000,Set tank.c app_speed/duty level to the logged pwm before sending the move key/protocol command; e=stop.,8.49155,22.50066,0,0,0,0.12725,0.1266,3.66985,7.63417,-0.33816,4.3789,7.7204,7.6342,0.81483,19,-0.0596,7,0,149.90879,55.98129,0.3515,0.2936,1,False,running
88434632b5,formation_7_smooth_bypass,131,26.2,1784488200,smooth_adaptive_clusters,finish_first,r01,r01,True,upper,bypass,local,3,3,8.20795,-0.97173,0.42935,0.37118,0.60452,850,1000,105,21,0,0,0000,---,False,0.32895,0.19025,0.37118,0.60452,8.40973,-0.58034,cached_adaptive_split,a,"$3,0,0,0,0,0,0,0,0#",17000,20000,Set tank.c app_speed/duty level to the logged pwm before sending the move key/protocol command; e=stop.,8.2662,22.07097,0,3,0,0.13143,0.0497,3.90006,7.69592,-0.3147,4.3156,7.7865,7.6959,0.8122,19,-0.0596,7,0,151.20765,56.48144,0.3572,0.2937,1,False,running
88434632b5,formation_7_smooth_bypass,131,26.2,1784488200,smooth_adaptive_clusters,finish_first,r02,r02,True,upper,bypass,local,3,3,7.65024,-0.98588,-0.31146,0.37349,-0.51898,1000,874,98,17,0,0,0000,---,False,0.35103,-0.14553,0.37349,-0.51898,8.10227,-0.94474,cached_adaptive_split,d,"$4,0,0,0,0,0,0,0,0#",20000,17000,Set tank.c app_speed/duty level to the logged pwm before sending the move key/protocol command; e=stop.,8.02949,21.57536,2,5,0,0.13817,-0.01048,4.31558,7.69592,-0.3147,4.3156,7.7865,7.6959,0.8122,19,-0.0596,7,0,151.20765,56.48144,0.3572,0.2937,1,False,running
88434632b5,formation_7_smooth_bypass,131,26.2,1784488200,smooth_adaptive_clusters,finish_first,r03,r03,True,upper,bypass,local,3,3,8.52313,-0.69793,0.87362,0.37709,0.34696,919,1000,110,37,0,0,0000,---,False,0.22774,0.30419,0.37709,0.34696,8.71497,-0.29428,cached_adaptive_split,a,"$3,0,0,0,0,0,0,0,0#",18000,20000,Set tank.c app_speed/duty level to the logged pwm before sending the move key/protocol command; e=stop.,8.54152,22.69641,0,3,0,0.10387,0.0497,3.78281,7.69592,-0.3147,4.3156,7.7865,7.6959,0.8122,19,-0.0596,7,0,151.20765,56.48144,0.3572,0.2937,1,False,running
88434632b5,formation_7_smooth_bypass,131,26.2,1784488200,smooth_adaptive_clusters,finish_first,r04,r04,True,upper,bypass,local,3,3,6.74221,-0.58859,0.84994,0.31159,0.01591,817,823,-39,61,0,0,0000,---,False,0.20508,0.2346,0.31159,0.01591,7.0388,-0.24906,cached_adaptive_split,w,"$1,0,0,0,0,0,0,0,0#",16000,16000,Set tank.c app_speed/duty level to the logged pwm before sending the move key/protocol command; e=stop.,7.49815,20.34509,5,3,0,0.5443,-0.05963,5.0126,7.69592,-0.3147,4.3156,7.7865,7.6959,0.8122,19,-0.0596,7,0,151.20765,56.48144,0.3572,0.2937,1,False,running
88434632b5,formation_7_smooth_bypass,131,26.2,1784488200,smooth_adaptive_clusters,finish_first,r05,r05,True,upper,bypass,local,3,3,6.87774,-0.18587,0.45488,0.37808,0.28166,936,1000,114,40,0,0,0000,---,False,0.33364,0.1819,0.37808,0.28166,7.27004,0.02042,cached_adaptive_split,w,"$1,0,0,0,0,0,0,0,0#",19000,20000,Set tank.c app_speed/duty level to the logged pwm before sending the move key/protocol command; e=stop.,7.47023,20.12165,5,3,0,0.12277,-0.05963,5.21395,7.69592,-0.3147,4.3156,7.7865,7.6959,0.8122,19,-0.0596,7,0,151.20765,56.48144,0.3572,0.2937,1,False,running
88434632b5,formation_7_smooth_bypass,131,26.2,1784488200,smooth_adaptive_clusters,finish_first,r06,r06,True,upper,bypass,local,3,3,7.94873,0.39579,0.21139,0.3777,-0.30825,1000,929,-116,42,0,0,0000,---,False,0.37497,0.06165,0.3777,-0.30825,8.37976,0.49911,cached_adaptive_split,w,"$1,0,0,0,0,0,0,0,0#",20000,19000,Set tank.c app_speed/duty level to the logged pwm before sending the move key/protocol command; e=stop.,8.12198,21.73227,2,5,0,0.10464,-0.01048,4.51988,7.69592,-0.3147,4.3156,7.7865,7.6959,0.8122,19,-0.0596,7,0,151.20765,56.48144,0.3572,0.2937,1,False,running
88434632b5,formation_7_smooth_bypass,131,26.2,1784488200,smooth_adaptive_clusters,finish_first,r07,r07,True,upper,bypass,local,3,3,7.92142,0.83131,0.04057,0.3116,0.00013,820,820,-100,86,0,0,0000,---,False,0.31134,0.01265,0.3116,0.00013,8.38301,0.85006,cached_adaptive_split,w,"$1,0,0,0,0,0,0,0,0#",16000,16000,Set tank.c app_speed/duty level to the logged pwm before sending the move key/protocol command; e=stop.,8.55387,22.66591,0,0,0,0.12725,0.1266,3.60813,7.69592,-0.3147,4.3156,7.7865,7.6959,0.8122,19,-0.0596,7,0,151.20765,56.48144,0.3572,0.2937,1,False,running
88434632b5,formation_7_smooth_bypass,132,26.4,1784488400,smooth_adaptive_clusters,finish_first,r01,r01,True,upper,bypass,local,3,3,8.27184,-0.93339,0.54052,0.37254,0.55584,863,1000,104,22,0,0,0000,---,False,0.30753,0.22322,0.37254,0.55584,8.43816,-0.50878,cached_adaptive_split,a,"$3,0,0,0,0,0,0,0,0#",17000,20000,Set tank.c app_speed/duty level to the logged pwm before sending the move key/protocol command; e=stop.,8.34071,22.25935,0,3,0,0.13143,0.0497,3.83226,7.75665,-0.28976,4.2532,7.8521,7.7567,0.80851,19,-0.0596,7,0,152.5179,56.98328,0.3585,0.2938,1,False,running
88434632b5,formation_7_smooth_bypass,132,26.4,1784488400,smooth_adaptive_clusters,finish_first,r02,r02,True,upper,bypass,local,3,3,7.72284,-1.00833,-0.29983,0.37992,0.05814,988,1000,105,20,0,0,0000,---,False,0.36406,-0.10891,0.37992,0.05814,8.17066,-0.94738,cached_adaptive_split,w,"$1,0,0,0,0,0,0,0,0#",20000,20000,Set tank.c app_speed/duty level to the logged pwm before sending the move key/protocol command; e=stop.,8.10547,21.78196,2,5,0,0.13817,-0.01048,4.24853,7.75665,-0.28976,4.2532,7.8521,7.7567,0.80851,19,-0.0596,7,0,152.5179,56.98328,0.3585,0.2938,1,False,running
88434632b5,formation_7_smooth_bypass,132,26.4,1784488400,smooth_adaptive_clusters,finish_first,r03,r03,True,upper,bypass,local,3,3,8.56767,-0.63699,0.93967,0.37736,0.33028,924,1000,111,42,0,0,0000,---,False,0.208,0.31802,0.37736,0.33028,8.75878,-0.23471,cached_adaptive_split,a,"$3,0,0,0,0,0,0,0,0#",18000,20000,Set tank.c app_speed/duty level to the logged pwm before sending the move key/protocol command; e=stop.,8.61699,22.89051,0,3,0,0.10387,0.0497,3.73087,7.75665,-0.28976,4.2532,7.8521,7.7567,0.80851,19,-0.0596,7,0,152.5179,56.98328,0.3585,0.2938,1,False,running
88434632b5,formation_7_smooth_bypass,132,26.4,1784488400,smooth_adaptive_clusters,finish_first,r04,r04,True,upper,bypass,local,3,3,6.78327,-0.54171,0.85139,0.3116,0.00725,818,822,-42,57,0,0,0000,---,False,0.20506,0.23462,0.3116,0.00725,7.08503,-0.19634,cached_adaptive_split,w,"$1,0,0,0,0,0,0,0,0#",16000,16000,Set tank.c app_speed/duty level to the logged pwm before sending the move key/protocol command; e=stop.,7.56047,20.51042,5,3,0,0.5443,-0.05963,4.96532,7.75665,-0.28976,4.2532,7.8521,7.7567,0.80851,19,-0.0596,7,0,152.5179,56.98328,0.3585,0.2938,1,False,running
88434632b5,formation_7_smooth_bypass,132,26.4,1784488400,smooth_adaptive_clusters,finish_first,r05,r05,True,upper,bypass,local,3,3,6.94383,-0.14906,0.50813,0.37828,0.26625,939,1000,-48,41,0,0,0000,---,False,0.32396,0.19861,0.37828,0.26625,7.33787,0.05349,cached_adaptive_split,w,"$1,0,0,0,0,0,0,0,0#",19000,20000,Set tank.c app_speed/duty level to the logged pwm before sending the move key/protocol command; e=stop.,7.54589,20.31724,5,3,0,0.12277,-0.05963,5.14578,7.75665,-0.28976,4.2532,7.8521,7.7567,0.80851,19,-0.0596,7,0,152.5179,56.98328,0.3585,0.2938,1,False,running
88434632b5,formation_7_smooth_bypass,132,26.4,1784488400,smooth_adaptive_clusters,finish_first,r06,r06,True,upper,bypass,local,3,3,8.02344,0.40731,0.15292,0.37793,-0.29234,1000,933,-117,44,0,0,0000,---,False,0.37783,0.04058,0.37793,-0.29234,8.45307,0.51689,cached_adaptive_split,w,"$1,0,0,0,0,0,0,0,0#",20000,19000,Set tank.c app_speed/duty level to the logged pwm before sending the move key/protocol command; e=stop.,8.19757,21.92726,2,5,0,0.10464,-0.01048,4.44597,7.75665,-0.28976,4.2532,7.8521,7.7567,0.80851,19,-0.0596,7,0,152.5179,56.98328,0.3585,0.2938,1,False,running
88434632b5,formation_7_smooth_bypass,132,26.4,1784488400,smooth_adaptive_clusters,finish_first,r07,r07,True,upper,bypass,local,3,3,7.98369,0.83384,0.04058,0.3116,5e-05,820,820,-103,86,0,0,0000,---,False,0.31134,0.01265,0.3116,5e-05,8.44528,0.85259,cached_adaptive_split,w,"$1,0,0,0,0,0,0,0,0#",16000,16000,Set tank.c app_speed/duty level to the logged pwm before sending the move key/protocol command; e=stop.,8.61619,22.83116,0,0,0,0.12725,0.1266,3.54644,7.75665,-0.28976,4.2532,7.8521,7.7567,0.80851,19,-0.0596,7,0,152.5179,56.98328,0.3585,0.2938,1,False,running
88434632b5,formation_7_smooth_bypass,133,26.6,1784488600,smooth_adaptive_clusters,finish_first,r01,r01,True,upper,bypass,local,3,3,8.33204,-0.88886,0.63682,0.3744,0.48149,884,1000,105,24,0,0,0000,---,False,0.28756,0.24841,0.3744,0.48149,8.48208,-0.45521,adaptive_split_to_bypass_target,a,"$3,0,0,0,0,0,0,0,0#",18000,20000,Set tank.c app_speed/duty level to the logged pwm before sending the move key/protocol command; e=stop.,8.41559,22.45014,0,3,0,0.13143,0.0497,3.76777,7.81294,-0.2627,4.1953,7.9146,7.8129,0.8085,19,-0.0596,7,0,153.79154,57.46717,0.3456,0.2937,1,False,running
88434632b5,formation_7_smooth_bypass,133,26.6,1784488600,smooth_adaptive_clusters,finish_first,r02,r02,True,upper,bypass,local,3,3,7.79625,-1.02475,-0.22008,0.37615,0.39874,906,1000,107,21,0,0,0000,---,False,0.3753,-0.05957,0.37615,0.39874,8.22827,-0.89629,adaptive_split_to_bypass_target,a,"$3,0,0,0,0,0,0,0,0#",18000,20000,Set tank.c app_speed/duty level to the logged pwm before sending the move key/protocol command; e=stop.,8.1807,21.97777,2,5,0,0.13817,-0.01048,4.17978,7.81294,-0.2627,4.1953,7.9146,7.8129,0.8085,19,-0.0596,7,0,153.79154,57.46717,0.3456,0.2937,1,False,running
88434632b5,formation_7_smooth_bypass,133,26.6,1784488600,smooth_adaptive_clusters,finish_first,r03,r03,True,upper,bypass,local,3,3,8.6083,-0.57334,1.0026,0.3776,0.31465,927,1000,112,46,0,0,0000,---,False,0.1884,0.33001,0.3776,0.31465,8.79991,-0.17255,adaptive_split_to_bypass_target,w,"$1,0,0,0,0,0,0,0,0#",19000,20000,Set tank.c app_speed/duty level to the logged pwm before sending the move key/protocol command; e=stop.,8.69251,23.08489,0,3,0,0.10387,0.0497,3.68333,7.81294,-0.2627,4.1953,7.9146,7.8129,0.8085,19,-0.0596,7,0,153.79154,57.46717,0.3456,0.2937,1,False,running
88434632b5,formation_7_smooth_bypass,133,26.6,1784488600,smooth_adaptive_clusters,finish_first,r04,r04,True,upper,bypass,local,3,3,6.82431,-0.49481,0.85205,0.3116,0.00327,819,821,-44,52,0,0,0000,---,False,0.20505,0.23462,0.3116,0.00327,7.12763,-0.14769,adaptive_split_to_bypass_target,w,"$1,0,0,0,0,0,0,0,0#",16000,16000,Set tank.c app_speed/duty level to the logged pwm before sending the move key/protocol command; e=stop.,7.62279,20.67571,5,3,0,0.52467,-0.05963,4.91839,7.81294,-0.2627,4.1953,7.9146,7.8129,0.8085,19,-0.0596,7,0,153.79154,57.46717,0.3456,0.2937,1,False,running
88434632b5,formation_7_smooth_bypass,133,26.6,1784488600,smooth_adaptive_clusters,finish_first,r05,r05,True,upper,bypass,local,3,3,6.985,-0.10822,0.78138,0.28994,1.36625,475,1000,-67,37,0,0,0001,---,False,0.1338,0.35566,0.28994,1.36625,7.40402,0.09007,adaptive_split_to_bypass_target,a,"$3,0,0,0,0,0,0,0,0#",10000,20000,Set tank.c app_speed/duty level to the logged pwm before sending the move key/protocol command; e=stop.,7.60388,20.48396,5,3,0,0.12277,-0.05963,5.10252,7.81294,-0.2627,4.1953,7.9146,7.8129,0.8085,19,-0.0596,7,0,153.79154,57.46717,0.3456,0.2937,1,False,running
88434632b5,formation_7_smooth_bypass,133,26.6,1784488600,smooth_adaptive_clusters,finish_first,r06,r06,True,upper,bypass,local,3,3,8.09871,0.41469,0.09774,0.37816,-0.27591,1000,937,-118,45,0,0,0000,---,False,0.37944,0.02066,0.37816,-0.27591,8.52701,0.53172,adaptive_split_to_bypass_target,w,"$1,0,0,0,0,0,0,0,0#",20000,19000,Set tank.c app_speed/duty level to the logged pwm before sending the move key/protocol command; e=stop.,8.2732,22.12265,2,5,0,0.10464,-0.01048,4.37129,7.81294,-0.2627,4.1953,7.9146,7.8129,0.8085,19,-0.0596,7,0,153.79154,57.46717,0.3456,0.2937,1,False,running
88434632b5,formation_7_smooth_bypass,133,26.6,1784488600,smooth_adaptive_clusters,finish_first,r07,r07,True,upper,bypass,local,3,3,8.04596,0.83637,0.04059,0.3116,2e-05,820,820,-106,87,0,0,0000,---,False,0.31134,0.01264,0.3116,2e-05,8.50755,0.85512,adaptive_split_to_bypass_target,w,"$1,0,0,0,0,0,0,0,0#",16000,16000,Set tank.c app_speed/duty level to the logged pwm before sending the move key/protocol command; e=stop.,8.67851,22.99641,0,0,0,0.12725,0.1266,3.48477,7.81294,-0.2627,4.1953,7.9146,7.8129,0.8085,19,-0.0596,7,0,153.79154,57.46717,0.3456,0.2937,1,False,running
88434632b5,formation_7_smooth_bypass,134,26.8,1784488800,smooth_adaptive_clusters,finish_first,r01,r01,True,upper,bypass,local,3,3,8.38833,-0.83916,0.72334,0.37547,0.43262,897,1000,105,26,0,0,0000,---,False,0.2671,0.27029,0.37547,0.43262,8.52684,-0.40334,cached_adaptive_split,a,"$3,0,0,0,0,0,0,0,0#",18000,20000,Set tank.c app_speed/duty level to the logged pwm before sending the move key/protocol command; e=stop.,8.49068,22.64192,0,3,0,0.13143,0.0497,3.70711,7.86793,-0.23148,4.1385,7.9778,7.8679,0.80788,19,-0.0596,7,0,155.07582,57.96373,0.3547,0.2936,1,False,running
88434632b5,formation_7_smooth_bypass,134,26.8,1784488800,smooth_adaptive_clusters,finish_first,r02,r02,True,upper,bypass,local,3,3,7.87056,-1.034,-0.12386,0.3744,0.48111,884,1000,108,22,0,0,0000,---,False,0.37956,-0.01833,0.3744,0.48111,8.29426,-0.872,cached_adaptive_split,a,"$3,0,0,0,0,0,0,0,0#",18000,20000,Set tank.c app_speed/duty level to the logged pwm before sending the move key/protocol command; e=stop.,8.25558,22.16864,2,5,0,0.13817,-0.01048,4.10889,7.86793,-0.23148,4.1385,7.9778,7.8679,0.80788,19,-0.0596,7,0,155.07582,57.96373,0.3547,0.2936,1,False,running
88434632b5,formation_7_smooth_bypass,134,26.8,1784488800,smooth_adaptive_clusters,finish_first,r03,r03,True,upper,bypass,local,3,3,8.64508,-0.50733,1.06246,0.37783,0.29929,931,1000,114,49,0,0,0000,---,False,0.16914,0.34028,0.37783,0.29929,8.8385,-0.10823,cached_adaptive_split,w,"$1,0,0,0,0,0,0,0,0#",19000,20000,Set tank.c app_speed/duty level to the logged pwm before sending the move key/protocol command; e=stop.,8.76808,23.27968,0,3,0,0.10387,0.0497,3.64037,7.86793,-0.23148,4.1385,7.9778,7.8679,0.80788,19,-0.0596,7,0,155.07582,57.96373,0.3547,0.2936,1,False,running
88434632b5,formation_7_smooth_bypass,134,26.8,1784488800,smooth_adaptive_clusters,finish_first,r04,r04,True,upper,bypass,local,3,3,6.86533,-0.44789,0.85234,0.3116,0.00147,820,820,-47,48,0,0,0000,---,False,0.20505,0.23463,0.3116,0.00147,7.16912,-0.10025,cached_adaptive_split,w,"$1,0,0,0,0,0,0,0,0#",16000,16000,Set tank.c app_speed/duty level to the logged pwm before sending the move key/protocol command; e=stop.,7.68511,20.84097,5,3,0,0.48365,-0.05963,4.87183,7.86793,-0.23148,4.1385,7.9778,7.8679,0.80788,19,-0.0596,7,0,155.07582,57.96373,0.3547,0.2936,1,False,running
88434632b5,formation_7_smooth_bypass,134,26.8,1784488800,smooth_adaptive_clusters,finish_first,r05,r05,True,upper,bypass,local,3,3,7.0237,-0.04904,0.99166,0.35352,1.05141,709,1000,-84,33,0,0,0011,---,False,0.15283,0.34791,0.35352,1.05141,7.45789,0.11929,cached_adaptive_split,a,"$3,0,0,0,0,0,0,0,0#",14000,20000,Set tank.c app_speed/duty level to the logged pwm before sending the move key/protocol command; e=stop.,7.67458,20.66451,5,3,0,0.12277,-0.05963,5.0613,7.86793,-0.23148,4.1385,7.9778,7.8679,0.80788,19,-0.0596,7,0,155.07582,57.96373,0.3547,0.2936,1,False,running
88434632b5,formation_7_smooth_bypass,134,26.8,1784488800,smooth_adaptive_clusters,finish_first,r06,r06,True,upper,bypass,local,3,3,8.1743,0.41816,0.04586,0.37837,-0.25939,1000,941,-119,46,0,0,0000,---,False,0.38,0.00194,0.37837,-0.25939,8.60124,0.54392,cached_adaptive_split,w,"$1,0,0,0,0,0,0,0,0#",20000,19000,Set tank.c app_speed/duty level to the logged pwm before sending the move key/protocol command; e=stop.,8.34888,22.31845,2,5,0,0.10464,-0.01048,4.29607,7.86793,-0.23148,4.1385,7.9778,7.8679,0.80788,19,-0.0596,7,0,155.07582,57.96373,0.3547,0.2936,1,False,running
88434632b5,formation_7_smooth_bypass,134,26.8,1784488800,smooth_adaptive_clusters,finish_first,r07,r07,True,upper,bypass,local,3,3,8.10822,0.8389,0.04059,0.3116,1e-05,820,820,-108,87,0,0,0000,---,False,0.31134,0.01264,0.3116,1e-05,8.56982,0.85765,cached_adaptive_split,w,"$1,0,0,0,0,0,0,0,0#",16000,16000,Set tank.c app_speed/duty level to the logged pwm before sending the move key/protocol command; e=stop.,8.74083,23.16165,0,0,0,0.12725,0.1266,3.42313,7.86793,-0.23148,4.1385,7.9778,7.8679,0.80788,19,-0.0596,7,0,155.07582,57.96373,0.3547,0.2936,1,False,running
88434632b5,formation_7_smooth_bypass,135,27.0,1784489000,smooth_adaptive_clusters,finish_first,r01,r01,True,upper,bypass,local,3,3,8.44053,-0.785,0.80377,0.37609,0.40215,905,1000,106,30,0,0,0000,---,False,0.24591,0.2897,0.37609,0.40215,8.56951,-0.34887,cached_adaptive_split,a,"$3,0,0,0,0,0,0,0,0#",18000,20000,Set tank.c app_speed/duty level to the logged pwm before sending the move key/protocol command; e=stop.,8.5659,22.83428,0,3,0,0.13143,0.0497,3.65074,7.92186,-0.19795,4.0829,8.0413,7.9219,0.80614,19,-0.0596,7,0,156.38636,58.46551,0.3584,0.2934,1,False,running
88434632b5,formation_7_smooth_bypass,135,27.0,1784489000,smooth_adaptive_clusters,finish_first,r02,r02,True,upper,bypass,local,3,3,7.94539,-1.03598,-0.0264,0.37426,0.48731,882,1000,109,22,0,0,0000,---,False,0.37952,0.01906,0.37426,0.48731,8.36002,-0.85322,cached_adaptive_split,a,"$3,0,0,0,0,0,0,0,0#",18000,20000,Set tank.c app_speed/duty level to the logged pwm before sending the move key/protocol command; e=stop.,8.33043,22.35841,2,5,0,0.13817,-0.01048,4.03612,7.92186,-0.19795,4.0829,8.0413,7.9219,0.80614,19,-0.0596,7,0,156.38636,58.46551,0.3584,0.2934,1,False,running
88434632b5,formation_7_smooth_bypass,135,27.0,1784489000,smooth_adaptive_clusters,finish_first,r03,r03,True,upper,bypass,local,3,3,8.67808,-0.4393,1.11922,0.37805,0.28382,935,1000,115,53,0,0,0000,---,False,0.15042,0.34896,0.37805,0.28382,8.87475,-0.0422,cached_adaptive_split,w,"$1,0,0,0,0,0,0,0,0#",19000,20000,Set tank.c app_speed/duty level to the logged pwm before sending the move key/protocol command; e=stop.,8.84369,23.47486,0,3,0,0.10387,0.0497,3.60212,7.92186,-0.19795,4.0829,8.0413,7.9219,0.80614,19,-0.0596,7,0,156.38636,58.46551,0.3584,0.2934,1,False,running
88434632b5,formation_7_smooth_bypass,135,27.0,1784489000,smooth_adaptive_clusters,finish_first,r04,r04,True,upper,bypass,local,3,3,6.90634,-0.40097,0.85247,0.3116,0.00066,820,820,-50,44,0,0,0000,---,False,0.20505,0.23463,0.3116,0.00066,7.21028,-0.05318,cached_adaptive_split,w,"$1,0,0,0,0,0,0,0,0#",16000,16000,Set tank.c app_speed/duty level to the logged pwm before sending the move key/protocol command; e=stop.,7.74743,21.00623,5,3,0,0.44264,-0.05963,4.82562,7.92186,-0.19795,4.0829,8.0413,7.9219,0.80614,19,-0.0596,7,0,156.38636,58.46551,0.3584,0.2934,1,False,running
88434632b5,formation_7_smooth_bypass,135,27.0,1784489000,smooth_adaptive_clusters,finish_first,r05,r05,True,upper,bypass,local,3,3,7.06219,0.01619,1.03775,0.37871,0.23043,948,1000,-92,32,0,0,0100,---,False,0.18112,0.33406,0.37871,0.23043,7.51312,0.14165,cached_adaptive_split,w,"$1,0,0,0,0,0,0,0,0#",19000,20000,Set tank.c app_speed/duty level to the logged pwm before sending the move key/protocol command; e=stop.,7.75033,20.87105,5,3,0,0.12277,-0.05963,5.02079,7.92186,-0.19795,4.0829,8.0413,7.9219,0.80614,19,-0.0596,7,0,156.38636,58.46551,0.3584,0.2934,1,False,running
88434632b5,formation_7_smooth_bypass,135,27.0,1784489000,smooth_adaptive_clusters,finish_first,r06,r06,True,upper,bypass,local,3,3,8.25002,0.41795,-0.00273,0.37857,-0.24297,1000,945,-121,49,0,0,0000,---,False,0.37968,-0.01554,0.37857,-0.24297,8.67544,0.55382,cached_adaptive_split,w,"$1,0,0,0,0,0,0,0,0#",20000,19000,Set tank.c app_speed/duty level to the logged pwm before sending the move key/protocol command; e=stop.,8.42459,22.51464,2,5,0,0.10464,-0.01048,4.22051,7.92186,-0.19795,4.0829,8.0413,7.9219,0.80614,19,-0.0596,7,0,156.38636,58.46551,0.3584,0.2934,1,False,running
88434632b5,formation_7_smooth_bypass,135,27.0,1784489000,smooth_adaptive_clusters,finish_first,r07,r07,True,upper,bypass,local,3,3,8.17049,0.84143,0.04059,0.3116,0.0,820,820,-111,88,0,0,0000,---,False,0.31134,0.01264,0.3116,0.0,8.63208,0.86018,cached_adaptive_split,w,"$1,0,0,0,0,0,0,0,0#",16000,16000,Set tank.c app_speed/duty level to the logged pwm before sending the move key/protocol command; e=stop.,8.80315,23.3269,0,0,0,0.12725,0.1266,3.36151,7.92186,-0.19795,4.0829,8.0413,7.9219,0.80614,19,-0.0596,7,0,156.38636,58.46551,0.3584,0.2934,1,False,running
88434632b5,formation_7_smooth_bypass,136,27.2,1784489200,smooth_adaptive_clusters,finish_first,r01,r01,True,upper,bypass,local,3,3,8.4885,-0.72696,0.88009,0.37648,0.3816,910,1000,107,34,0,0,0000,---,False,0.2241,0.30688,0.37648,0.3816,8.6091,-0.29099,adaptive_split_to_bypass_target,a,"$3,0,0,0,0,0,0,0,0#",18000,20000,Set tank.c app_speed/duty level to the logged pwm before sending the move key/protocol command; e=stop.,8.64119,23.02702,0,3,0,0.13143,0.0497,3.59905,7.97303,-0.1623,4.0302,8.1037,7.973,0.80536,19,-0.0596,7,0,157.69474,58.96392,0.356,0.2931,1,False,running
88434632b5,formation_7_smooth_bypass,136,27.2,1784489200,smooth_adaptive_clusters,finish_first,r02,r02,True,upper,bypass,local,3,3,8.01937,-1.02912,0.09241,0.37148,0.59401,853,1000,109,22,0,0,0000,---,False,0.37346,0.07018,0.37148,0.59401,8.37688,-0.77809,adaptive_split_to_bypass_target,a,"$3,0,0,0,0,0,0,0,0#",17000,20000,Set tank.c app_speed/duty level to the logged pwm before sending the move key/protocol command; e=stop.,8.40473,22.54648,2,5,0,0.13817,-0.01048,3.96236,7.97303,-0.1623,4.0302,8.1037,7.973,0.80536,19,-0.0596,7,0,157.69474,58.96392,0.356,0.2931,1,False,running
88434632b5,formation_7_smooth_bypass,136,27.2,1784489200,smooth_adaptive_clusters,finish_first,r03,r03,True,upper,bypass,local,3,3,8.7074,-0.36956,1.17282,0.37826,0.26798,939,1000,116,56,0,0,0000,---,False,0.13239,0.35619,0.37826,0.26798,8.90897,0.02511,adaptive_split_to_bypass_target,w,"$1,0,0,0,0,0,0,0,0#",19000,20000,Set tank.c app_speed/duty level to the logged pwm before sending the move key/protocol command; e=stop.,8.91934,23.67045,0,3,0,0.10387,0.0497,3.56865,7.97303,-0.1623,4.0302,8.1037,7.973,0.80536,19,-0.0596,7,0,157.69474,58.96392,0.356,0.2931,1,False,running
88434632b5,formation_7_smooth_bypass,136,27.2,1784489200,smooth_adaptive_clusters,finish_first,r04,r04,True,upper,bypass,local,3,3,6.93465,-0.34894,1.0726,0.29615,1.10066,548,1000,-66,41,0,0,0000,---,False,0.01562,0.37968,0.29615,1.10066,7.25503,-0.00948,adaptive_split_to_bypass_target,a,"$3,0,0,0,0,0,0,0,0#",11000,20000,Set tank.c app_speed/duty level to the logged pwm before sending the move key/protocol command; e=stop.,7.80666,21.17445,5,3,0,0.41434,-0.05963,4.7919,7.97303,-0.1623,4.0302,8.1037,7.973,0.80536,19,-0.0596,7,0,157.69474,58.96392,0.356,0.2931,1,False,running
88434632b5,formation_7_smooth_bypass,136,27.2,1784489200,smooth_adaptive_clusters,finish_first,r05,r05,True,upper,bypass,local,3,3,7.10286,0.08023,1.00494,0.37935,-0.16405,1000,964,-95,31,0,0,1000,---,False,0.21193,0.31541,0.37935,-0.16405,7.56898,0.15746,adaptive_split_to_bypass_target,w,"$1,0,0,0,0,0,0,0,0#",20000,19000,Set tank.c app_speed/duty level to the logged pwm before sending the move key/protocol command; e=stop.,7.8262,21.07296,5,3,0,0.12277,-0.05963,4.97894,7.97303,-0.1623,4.0302,8.1037,7.973,0.80536,19,-0.0596,7,0,157.69474,58.96392,0.356,0.2931,1,False,running
88434632b5,formation_7_smooth_bypass,136,27.2,1784489200,smooth_adaptive_clusters,finish_first,r06,r06,True,upper,bypass,local,3,3,8.32568,0.41431,-0.04807,0.37876,-0.22671,1000,949,-122,51,0,0,0000,---,False,0.37867,-0.03177,0.37876,-0.22671,8.74931,0.5618,adaptive_split_to_bypass_target,w,"$1,0,0,0,0,0,0,0,0#",20000,19000,Set tank.c app_speed/duty level to the logged pwm before sending the move key/protocol command; e=stop.,8.50034,22.71123,2,5,0,0.10464,-0.01048,4.14477,7.97303,-0.1623,4.0302,8.1037,7.973,0.80536,19,-0.0596,7,0,157.69474,58.96392,0.356,0.2931,1,False,running
88434632b5,formation_7_smooth_bypass,136,27.2,1784489200,smooth_adaptive_clusters,finish_first,r07,r07,True,upper,bypass,local,3,3,8.23276,0.84396,0.04059,0.3116,0.0,820,820,-113,89,0,0,0000,---,False,0.31134,0.01264,0.3116,0.0,8.69435,0.86271,adaptive_split_to_bypass_target,w,"$1,0,0,0,0,0,0,0,0#",16000,16000,Set tank.c app_speed/duty level to the logged pwm before sending the move key/protocol command; e=stop.,8.86547,23.49215,0,0,0,0.12725,0.1266,3.29991,7.97303,-0.1623,4.0302,8.1037,7.973,0.80536,19,-0.0596,7,0,157.69474,58.96392,0.356,0.2931,1,False,running
88434632b5,formation_7_smooth_bypass,137,27.4,1784489400,smooth_adaptive_clusters,finish_first,r01,r01,True,upper,bypass,local,3,3,8.53213,-0.66553,0.95325,0.37676,0.36578,914,1000,108,38,0,0,0000,---,False,0.20187,0.32194,0.37676,0.36578,8.64527,-0.22981,cached_adaptive_split,a,"$3,0,0,0,0,0,0,0,0#",18000,20000,Set tank.c app_speed/duty level to the logged pwm before sending the move key/protocol command; e=stop.,8.71655,23.22011,0,3,0,0.13143,0.0497,3.5524,8.02198,-0.12334,3.9799,8.1662,8.022,0.80436,20,-0.0596,7,0,159.00273,59.47273,0.3634,0.2928,1,False,running
88434632b5,formation_7_smooth_bypass,137,27.4,1784489400,smooth_adaptive_clusters,finish_first,r02,r02,True,upper,bypass,local,3,3,8.09188,-1.01335,0.21419,0.37105,0.60895,848,1000,108,21,0,0,0000,---,False,0.3619,0.11588,0.37105,0.60895,8.4053,-0.70653,cached_adaptive_split,a,"$3,0,0,0,0,0,0,0,0#",17000,20000,Set tank.c app_speed/duty level to the logged pwm before sending the move key/protocol command; e=stop.,8.47894,22.73295,2,5,0,0.13817,-0.01048,3.88815,8.02198,-0.12334,3.9799,8.1662,8.022,0.80436,20,-0.0596,7,0,159.00273,59.47273,0.3634,0.2928,1,False,running
88434632b5,formation_7_smooth_bypass,137,27.4,1784489400,smooth_adaptive_clusters,finish_first,r03,r03,True,upper,bypass,local,3,3,8.73319,-0.29839,1.22313,0.37847,0.25158,943,1000,117,58,0,0,0000,---,False,0.11524,0.3621,0.37847,0.25158,8.94157,0.09322,cached_adaptive_split,w,"$1,0,0,0,0,0,0,0,0#",19000,20000,Set tank.c app_speed/duty level to the logged pwm before sending the move key/protocol command; e=stop.,8.99503,23.86644,0,3,0,0.10387,0.0497,3.53996,8.02198,-0.12334,3.9799,8.1662,8.022,0.80436,20,-0.0596,7,0,159.00273,59.47273,0.3634,0.2928,1,False,running
88434632b5,formation_7_smooth_bypass,137,27.4,1784489400,smooth_adaptive_clusters,finish_first,r04,r04,True,upper,bypass,local,3,3,6.9534,-0.28163,1.29909,0.34934,1.13243,681,1000,-84,40,0,0,0000,---,False,0.03557,0.37833,0.34934,1.13243,7.29295,0.03577,cached_adaptive_split,a,"$3,0,0,0,0,0,0,0,0#",14000,20000,Set tank.c app_speed/duty level to the logged pwm before sending the move key/protocol command; e=stop.,7.87652,21.34852,5,3,0,0.39559,-0.05963,4.76681,8.02198,-0.12334,3.9799,8.1662,8.022,0.80436,20,-0.0596,7,0,159.00273,59.47273,0.3634,0.2928,1,False,running
88434632b5,formation_7_smooth_bypass,137,27.4,1784489400,smooth_adaptive_clusters,finish_first,r05,r05,True,upper,bypass,local,3,3,7.14707,0.14154,0.94603,0.3779,-0.29457,1000,932,-97,31,0,0,0000,---,False,0.23629,0.2976,0.3779,-0.29457,7.61631,0.19921,cached_adaptive_split,w,"$1,0,0,0,0,0,0,0,0#",20000,19000,Set tank.c app_speed/duty level to the logged pwm before sending the move key/protocol command; e=stop.,7.90178,21.2691,5,3,0,0.12277,-0.05963,4.93436,8.02198,-0.12334,3.9799,8.1662,8.022,0.80436,20,-0.0596,7,0,159.00273,59.47273,0.3634,0.2928,1,False,running
88434632b5,formation_7_smooth_bypass,137,27.4,1784489400,smooth_adaptive_clusters,finish_first,r06,r06,True,upper,bypass,local,3,3,8.40116,0.40748,-0.0902,0.37893,-0.21064,1000,953,-123,54,0,0,0000,---,False,0.37711,-0.04674,0.37893,-0.21064,8.82254,0.56824,cached_adaptive_split,w,"$1,0,0,0,0,0,0,0,0#",20000,19000,Set tank.c app_speed/duty level to the logged pwm before sending the move key/protocol command; e=stop.,8.57613,22.90822,2,5,0,0.10464,-0.01048,4.069,8.02198,-0.12334,3.9799,8.1662,8.022,0.80436,20,-0.0596,7,0,159.00273,59.47273,0.3634,0.2928,1,False,running
88434632b5,formation_7_smooth_bypass,137,27.4,1784489400,smooth_adaptive_clusters,finish_first,r07,r07,True,upper,bypass,local,3,3,8.29503,0.84649,0.04059,0.3116,0.0,820,820,-116,91,0,0,0000,---,False,0.31134,0.01264,0.3116,0.0,8.75662,0.86523,cached_adaptive_split,w,"$1,0,0,0,0,0,0,0,0#",16000,16000,Set tank.c app_speed/duty level to the logged pwm before sending the move key/protocol command; e=stop.,8.92779,23.65739,0,0,0,0.12725,0.1266,3.23834,8.02198,-0.12334,3.9799,8.1662,8.022,0.80436,20,-0.0596,7,0,159.00273,59.47273,0.3634,0.2928,1,False,running
88434632b5,formation_7_smooth_bypass,138,27.6,1784489600,smooth_adaptive_clusters,finish_first,r01,r01,True,upper,bypass,local,3,3,8.57136,-0.60114,1.02365,0.377,0.352,918,1000,109,42,0,0,0000,---,False,0.17945,0.33496,0.377,0.352,8.67791,-0.16568,cached_adaptive_split,a,"$3,0,0,0,0,0,0,0,0#",18000,20000,Set tank.c app_speed/duty level to the logged pwm before sending the move key/protocol command; e=stop.,8.79195,23.41357,0,3,0,0.13143,0.0497,3.51107,8.06742,-0.08271,3.9334,8.2272,8.0674,0.80325,20,-0.0596,7,0,160.29381,59.95466,0.3442,0.2923,1,False,running
88434632b5,formation_7_smooth_bypass,138,27.6,1784489600,smooth_adaptive_clusters,finish_first,r02,r02,True,upper,bypass,local,3,3,8.1622,-0.98918,0.33102,0.37176,0.58412,855,1000,107,20,0,0,0000,---,False,0.34654,0.15592,0.37176,0.58412,8.43766,-0.63981,cached_adaptive_split,a,"$3,0,0,0,0,0,0,0,0#",17000,20000,Set tank.c app_speed/duty level to the logged pwm before sending the move key/protocol command; e=stop.,8.55329,22.92024,2,5,0,0.13817,-0.01048,3.81431,8.06742,-0.08271,3.9334,8.2272,8.0674,0.80325,20,-0.0596,7,0,160.29381,59.95466,0.3442,0.2923,1,False,running
88434632b5,formation_7_smooth_bypass,138,27.6,1784489600,smooth_adaptive_clusters,finish_first,r03,r03,True,upper,bypass,local,3,3,8.7585,-0.24205,1.14865,0.30885,-0.37243,891,734,124,61,0,0,0000,---,False,0.14408,0.27629,0.30885,-0.37243,8.97306,0.1616,cached_adaptive_split,d,"$4,0,0,0,0,0,0,0,0#",18000,15000,Set tank.c app_speed/duty level to the logged pwm before sending the move key/protocol command; e=stop.,9.0568,24.04199,0,3,0,0.10387,0.0497,3.51335,8.06742,-0.08271,3.9334,8.2272,8.0674,0.80325,20,-0.0596,7,0,160.29381,59.95466,0.3442,0.2923,1,False,running
88434632b5,formation_7_smooth_bypass,138,27.6,1784489600,smooth_adaptive_clusters,finish_first,r04,r04,True,upper,bypass,local,3,3,6.96943,-0.20776,1.35712,0.37796,0.29015,934,1000,-93,38,0,0,0000,---,False,0.06357,0.37464,0.37796,0.29015,7.32898,0.08533,cached_adaptive_split,w,"$1,0,0,0,0,0,0,0,0#",19000,20000,Set tank.c app_speed/duty level to the logged pwm before sending the move key/protocol command; e=stop.,7.95212,21.55414,5,3,0,0.37956,-0.05963,4.74484,8.06742,-0.08271,3.9334,8.2272,8.0674,0.80325,20,-0.0596,7,0,160.29381,59.95466,0.3442,0.2923,1,False,running
88434632b5,formation_7_smooth_bypass,138,27.6,1784489600,smooth_adaptive_clusters,finish_first,r05,r05,True,upper,bypass,local,3,3,7.19521,0.19965,0.87904,0.37728,-0.33495,1000,922,-99,32,0,0,0000,---,False,0.25746,0.27949,0.37728,-0.33495,7.66334,0.24696,cached_adaptive_split,d,"$4,0,0,0,0,0,0,0,0#",20000,18000,Set tank.c app_speed/duty level to the logged pwm before sending the move key/protocol command; e=stop.,7.97723,21.46326,5,3,0,0.12277,-0.05963,4.88657,8.06742,-0.08271,3.9334,8.2272,8.0674,0.80325,20,-0.0596,7,0,160.29381,59.95466,0.3442,0.2923,1,False,running
88434632b5,formation_7_smooth_bypass,138,27.6,1784489600,smooth_adaptive_clusters,finish_first,r06,r06,True,upper,bypass,local,3,3,8.45797,0.41248,0.08767,0.28518,0.88936,563,938,-135,58,0,0,0000,---,False,0.29533,0.09936,0.28518,0.88936,8.89482,0.57358,cached_adaptive_split,a,"$3,0,0,0,0,0,0,0,0#",11000,19000,Set tank.c app_speed/duty level to the logged pwm before sending the move key/protocol command; e=stop.,8.63316,23.07796,2,5,0,0.10464,-0.01048,4.01265,8.06742,-0.08271,3.9334,8.2272,8.0674,0.80325,20,-0.0596,7,0,160.29381,59.95466,0.3442,0.2923,1,False,running
88434632b5,formation_7_smooth_bypass,138,27.6,1784489600,smooth_adaptive_clusters,finish_first,r07,r07,True,upper,bypass,local,3,3,8.3573,0.84902,0.04059,0.3116,0.0,820,820,-118,93,0,0,0000,---,False,0.31134,0.01264,0.3116,0.0,8.81889,0.86776,cached_adaptive_split,w,"$1,0,0,0,0,0,0,0,0#",16000,16000,Set tank.c app_speed/duty level to the logged pwm before sending the move key/protocol command; e=stop.,8.99011,23.82264,0,0,0,0.12725,0.1266,3.17681,8.06742,-0.08271,3.9334,8.2272,8.0674,0.80325,20,-0.0596,7,0,160.29381,59.95466,0.3442,0.2923,1,False,running
88434632b5,formation_7_smooth_bypass,139,27.8,1784489800,smooth_adaptive_clusters,finish_first,r01,r01,True,upper,bypass,local,3,3,8.60615,-0.53419,1.09144,0.37722,0.33896,921,1000,110,46,0,0,0000,---,False,0.15706,0.34602,0.37722,0.33896,8.70705,-0.09901,adaptive_split_to_bypass_target,a,"$3,0,0,0,0,0,0,0,0#",18000,20000,Set tank.c app_speed/duty level to the logged pwm before sending the move key/protocol command; e=stop.,8.86739,23.60733,0,3,0,0.13143,0.0497,3.47532,8.11255,-0.03777,3.8876,8.2909,8.1126,0.80077,19,-0.0596,7,0,161.60287,60.45314,0.3561,0.2918,1,False,running
88434632b5,formation_7_smooth_bypass,139,27.8,1784489800,smooth_adaptive_clusters,finish_first,r02,r02,True,upper,bypass,local,3,3,8.22903,-0.95682,0.45095,0.37132,0.59967,851,1000,106,21,0,0,0000,---,False,0.32491,0.19706,0.37132,0.59967,8.44307,-0.563,adaptive_split_to_bypass_target,a,"$3,0,0,0,0,0,0,0,0#",17000,20000,Set tank.c app_speed/duty level to the logged pwm before sending the move key/protocol command; e=stop.,8.62756,23.10702,2,5,0,0.13817,-0.01048,3.74221,8.11255,-0.03777,3.8876,8.2909,8.1126,0.80077,19,-0.0596,7,0,161.60287,60.45314,0.3561,0.2918,1,False,running
88434632b5,formation_7_smooth_bypass,139,27.8,1784489800,smooth_adaptive_clusters,finish_first,r03,r03,True,upper,bypass,local,3,3,8.78156,-0.17111,1.25644,0.37298,0.53895,868,1000,122,63,0,0,0000,---,False,0.08651,0.37002,0.37298,0.53895,9.00171,0.22077,adaptive_split_to_bypass_target,a,"$3,0,0,0,0,0,0,0,0#",17000,20000,Set tank.c app_speed/duty level to the logged pwm before sending the move key/protocol command; e=stop.,9.1314,24.24453,0,3,0,0.10387,0.0497,3.48991,8.11255,-0.03777,3.8876,8.2909,8.1126,0.80077,19,-0.0596,7,0,161.60287,60.45314,0.3561,0.2918,1,False,running
88434632b5,formation_7_smooth_bypass,139,27.8,1784489800,smooth_adaptive_clusters,finish_first,r04,r04,True,upper,bypass,local,3,3,6.98738,-0.13399,1.33203,0.37962,-0.12546,1000,973,-97,36,0,0,0000,---,False,0.09713,0.36738,0.37962,-0.12546,7.37308,0.12619,adaptive_split_to_bypass_target,w,"$1,0,0,0,0,0,0,0,0#",20000,19000,Set tank.c app_speed/duty level to the logged pwm before sending the move key/protocol command; e=stop.,8.02804,21.75725,5,3,0,0.36164,-0.05963,4.72206,8.11255,-0.03777,3.8876,8.2909,8.1126,0.80077,19,-0.0596,7,0,161.60287,60.45314,0.3561,0.2918,1,False,running
88434632b5,formation_7_smooth_bypass,139,27.8,1784489800,smooth_adaptive_clusters,finish_first,r05,r05,True,upper,bypass,local,3,3,7.2472,0.25428,0.81014,0.37713,-0.3445,1000,920,-100,34,0,0,0000,---,False,0.27648,0.26069,0.37713,-0.3445,7.71282,0.2945,adaptive_split_to_bypass_target,d,"$4,0,0,0,0,0,0,0,0#",20000,18000,Set tank.c app_speed/duty level to the logged pwm before sending the move key/protocol command; e=stop.,8.05266,21.65688,5,3,0,0.12277,-0.05963,4.83555,8.11255,-0.03777,3.8876,8.2909,8.1126,0.80077,19,-0.0596,7,0,161.60287,60.45314,0.3561,0.2918,1,False,running
88434632b5,formation_7_smooth_bypass,139,27.8,1784489800,smooth_adaptive_clusters,finish_first,r06,r06,True,upper,bypass,local,3,3,8.51698,0.42587,0.22315,0.30253,0.67738,654,939,-145,63,0,0,0000,---,False,0.29483,0.10085,0.30253,0.67738,8.95503,0.5825,adaptive_split_to_bypass_target,a,"$3,0,0,0,0,0,0,0,0#",13000,19000,Set tank.c app_speed/duty level to the logged pwm before sending the move key/protocol command; e=stop.,8.69367,23.24198,2,5,0,0.10464,-0.01048,3.95472,8.11255,-0.03777,3.8876,8.2909,8.1126,0.80077,19,-0.0596,7,0,161.60287,60.45314,0.3561,0.2918,1,False,running
88434632b5,formation_7_smooth_bypass,139,27.8,1784489800,smooth_adaptive_clusters,finish_first,r07,r07,True,upper,bypass,local,3,3,8.41957,0.85155,0.04059,0.3116,0.0,820,820,-120,95,0,0,0000,---,False,0.31134,0.01264,0.3116,0.0,8.88116,0.87029,adaptive_split_to_bypass_target,w,"$1,0,0,0,0,0,0,0,0#",16000,16000,Set tank.c app_speed/duty level to the logged pwm before sending the move key/protocol command; e=stop.,9.05243,23.98788,0,0,0,0.12725,0.1266,3.1153,8.11255,-0.03777,3.8876,8.2909,8.1126,0.80077,19,-0.0596,7,0,161.60287,60.45314,0.3561,0.2918,1,False,running
88434632b5,formation_7_smooth_bypass,140,28.0,1784490000,smooth_adaptive_clusters,finish_first,r01,r01,True,upper,bypass,local,3,3,8.63653,-0.46509,1.15664,0.37743,0.32601,925,1000,111,49,0,0,0000,---,False,0.1349,0.35525,0.37743,0.32601,8.73282,-0.03018,cached_adaptive_split,a,"$3,0,0,0,0,0,0,0,0#",18000,20000,Set tank.c app_speed/duty level to the logged pwm before sending the move key/protocol command; e=stop.,8.94288,23.80148,0,3,0,0.13143,0.0497,3.44529,8.15718,0.00857,3.8428,8.3552,8.1572,0.7954,19,-0.0596,7,0,162.90596,60.95389,0.3577,0.2913,1,False,running
88434632b5,formation_7_smooth_bypass,140,28.0,1784490000,smooth_adaptive_clusters,finish_first,r02,r02,True,upper,bypass,local,3,3,8.29247,-0.91742,0.55574,0.37337,0.52395,872,1000,106,22,0,0,0000,---,False,0.30523,0.22635,0.37337,0.52395,8.48305,-0.50291,cached_adaptive_split,a,"$3,0,0,0,0,0,0,0,0#",17000,20000,Set tank.c app_speed/duty level to the logged pwm before sending the move key/protocol command; e=stop.,8.70223,23.29663,2,5,0,0.13817,-0.01048,3.67212,8.15718,0.00857,3.8428,8.3552,8.1572,0.7954,19,-0.0596,7,0,162.90596,60.95389,0.3577,0.2913,1,False,running
88434632b5,formation_7_smooth_bypass,140,28.0,1784490000,smooth_adaptive_clusters,finish_first,r03,r03,True,upper,bypass,local,2,3,8.79996,-0.09794,1.32439,0.37721,0.33979,921,1000,121,65,0,0,0000,---,False,0.07289,0.37294,0.37721,0.33979,9.0324,0.28501,cached_adaptive_split,a,"$3,0,0,0,0,0,0,0,0#",18000,20000,Set tank.c app_speed/duty level to the logged pwm before sending the move key/protocol command; e=stop.,9.20684,24.44046,0,3,0,0.10387,0.0497,3.47264,8.15718,0.00857,3.8428,8.3552,8.1572,0.7954,19,-0.0596,7,0,162.90596,60.95389,0.3577,0.2913,1,False,running
88434632b5,formation_7_smooth_bypass,140,28.0,1784490000,smooth_adaptive_clusters,finish_first,r04,r04,True,upper,bypass,local,3,3,7.01015,-0.06206,1.26426,0.37722,-0.33887,1000,921,-98,35,0,0,0001,---,False,0.13379,0.35567,0.37722,-0.33887,7.42686,0.14754,cached_adaptive_split,d,"$4,0,0,0,0,0,0,0,0#",20000,18000,Set tank.c app_speed/duty level to the logged pwm before sending the move key/protocol command; e=stop.,8.10348,21.95318,5,3,0,0.34554,-0.05963,4.69567,8.15718,0.00857,3.8428,8.3552,8.1572,0.7954,19,-0.0596,7,0,162.90596,60.95389,0.3577,0.2913,1,False,running
88434632b5,formation_7_smooth_bypass,140,28.0,1784490000,smooth_adaptive_clusters,finish_first,r05,r05,True,upper,bypass,local,3,3,7.30283,0.30523,0.7415,0.37715,-0.34318,1000,920,-101,36,0,0,0000,---,False,0.29366,0.24117,0.37715,-0.34318,7.76553,0.33982,cached_adaptive_split,d,"$4,0,0,0,0,0,0,0,0#",20000,18000,Set tank.c app_speed/duty level to the logged pwm before sending the move key/protocol command; e=stop.,8.12809,21.8504,5,3,0,0.12277,-0.05963,4.78142,8.15718,0.00857,3.8428,8.3552,8.1572,0.7954,19,-0.0596,7,0,162.90596,60.95389,0.3577,0.2913,1,False,running
88434632b5,formation_7_smooth_bypass,140,28.0,1784490000,smooth_adaptive_clusters,finish_first,r06,r06,True,upper,bypass,local,3,3,8.57647,0.44319,0.2834,0.3098,0.30127,752,879,-150,68,0,0,0000,---,False,0.29471,0.10119,0.3098,0.30127,9.01376,0.59644,cached_adaptive_split,a,"$3,0,0,0,0,0,0,0,0#",15000,18000,Set tank.c app_speed/duty level to the logged pwm before sending the move key/protocol command; e=stop.,8.75563,23.41066,2,5,0,0.10464,-0.01048,3.89669,8.15718,0.00857,3.8428,8.3552,8.1572,0.7954,19,-0.0596,7,0,162.90596,60.95389,0.3577,0.2913,1,False,running
88434632b5,formation_7_smooth_bypass,140,28.0,1784490000,smooth_adaptive_clusters,finish_first,r07,r07,True,upper,bypass,local,3,3,8.48184,0.85407,0.04059,0.3116,0.0,820,820,-122,98,0,0,0000,---,False,0.31134,0.01264,0.3116,0.0,8.94343,0.87282,cached_adaptive_split,w,"$1,0,0,0,0,0,0,0,0#",16000,16000,Set tank.c app_speed/duty level to the logged pwm before sending the move key/protocol command; e=stop.,9.11475,24.15313,0,0,0,0.12725,0.1266,3.05382,8.15718,0.00857,3.8428,8.3552,8.1572,0.7954,19,-0.0596,7,0,162.90596,60.95389,0.3577,0.2913,1,False,running
88434632b5,formation_7_smooth_bypass,141,28.2,1784490200,smooth_adaptive_clusters,finish_first,r01,r01,True,upper,bypass,local,3,3,8.66254,-0.39419,1.2192,0.37763,0.31277,928,1000,112,51,0,0,0000,---,False,0.11319,0.36275,0.37763,0.31277,8.75544,0.04043,cached_adaptive_split,w,"$1,0,0,0,0,0,0,0,0#",19000,20000,Set tank.c app_speed/duty level to the logged pwm before sending the move key/protocol command; e=stop.,9.0184,23.99594,0,3,0,0.13143,0.0497,3.4211,8.19901,0.05307,3.8014,8.4163,8.199,0.78565,19,-0.0596,7,0,164.14469,61.417,0.3308,0.2907,1,False,running
88434632b5,formation_7_smooth_bypass,141,28.2,1784490200,smooth_adaptive_clusters,finish_first,r02,r02,True,upper,bypass,local,3,3,8.35231,-0.87222,0.64692,0.37497,0.4559,891,1000,106,25,0,0,0000,---,False,0.28605,0.25016,0.37497,0.4559,8.53096,-0.45264,cached_adaptive_split,a,"$3,0,0,0,0,0,0,0,0#",18000,20000,Set tank.c app_speed/duty level to the logged pwm before sending the move key/protocol command; e=stop.,8.77722,23.48804,2,5,0,0.13817,-0.01048,3.60464,8.19901,0.05307,3.8014,8.4163,8.199,0.78565,19,-0.0596,7,0,164.14469,61.417,0.3308,0.2907,1,False,running
88434632b5,formation_7_smooth_bypass,141,28.2,1784490200,smooth_adaptive_clusters,finish_first,r03,r03,True,upper,bypass,local,2,3,8.82315,-0.04285,1.17235,0.29885,-0.76021,947,626,132,68,0,0,0011,---,False,0.15844,0.26831,0.29885,-0.76021,9.0644,0.34989,cached_adaptive_split,d,"$4,0,0,0,0,0,0,0,0#",19000,13000,Set tank.c app_speed/duty level to the logged pwm before sending the move key/protocol command; e=stop.,9.26661,24.61623,0,3,0,0.10387,0.0497,3.45133,8.19901,0.05307,3.8014,8.4163,8.199,0.78565,19,-0.0596,7,0,164.14469,61.417,0.3308,0.2907,1,False,running
88434632b5,formation_7_smooth_bypass,141,28.2,1784490200,smooth_adaptive_clusters,finish_first,r04,r04,True,upper,bypass,local,3,3,7.03891,0.0073,1.17775,0.37548,-0.43253,1000,897,-98,34,0,0,0110,---,False,0.16905,0.34033,0.37548,-0.43253,7.48222,0.16273,cached_adaptive_split,d,"$4,0,0,0,0,0,0,0,0#",20000,18000,Set tank.c app_speed/duty level to the logged pwm before sending the move key/protocol command; e=stop.,8.17858,22.14546,5,3,0,0.33509,-0.05963,4.66444,8.19901,0.05307,3.8014,8.4163,8.199,0.78565,19,-0.0596,7,0,164.14469,61.417,0.3308,0.2907,1,False,running
88434632b5,formation_7_smooth_bypass,141,28.2,1784490200,smooth_adaptive_clusters,finish_first,r05,r05,True,upper,bypass,local,3,3,7.36178,0.35231,0.67394,0.37724,-0.33781,1000,922,-102,39,0,0,0000,---,False,0.30908,0.22106,0.37724,-0.33781,7.82155,0.3822,cached_adaptive_split,d,"$4,0,0,0,0,0,0,0,0#",20000,18000,Set tank.c app_speed/duty level to the logged pwm before sending the move key/protocol command; e=stop.,8.20354,22.04417,5,3,0,0.12277,-0.05963,4.72437,8.19901,0.05307,3.8014,8.4163,8.199,0.78565,19,-0.0596,7,0,164.14469,61.417,0.3308,0.2907,1,False,running
88434632b5,formation_7_smooth_bypass,141,28.2,1784490200,smooth_adaptive_clusters,finish_first,r06,r06,True,upper,bypass,local,3,3,8.61025,0.46454,0.56366,0.1998,1.40127,231,821,-166,72,0,0,0000,---,False,-0.01543,0.30303,0.1998,1.40127,9.07272,0.61364,cached_adaptive_split,a,"$3,0,0,0,0,0,0,0,0#",5000,16000,Set tank.c app_speed/duty level to the logged pwm before sending the move key/protocol command; e=stop.,8.79559,23.53646,2,5,0,0.10464,-0.01048,3.86475,8.19901,0.05307,3.8014,8.4163,8.199,0.78565,19,-0.0596,7,0,164.14469,61.417,0.3308,0.2907,1,False,running
88434632b5,formation_7_smooth_bypass,141,28.2,1784490200,smooth_adaptive_clusters,finish_first,r07,r07,True,upper,bypass,local,3,3,8.5441,0.8566,0.04059,0.3116,0.0,820,820,-124,101,0,0,0000,---,False,0.31134,0.01264,0.3116,0.0,9.0057,0.87535,cached_adaptive_split,w,"$1,0,0,0,0,0,0,0,0#",16000,16000,Set tank.c app_speed/duty level to the logged pwm before sending the move key/protocol command; e=stop.,9.17707,24.31838,0,0,0,0.12725,0.1266,2.99239,8.19901,0.05307,3.8014,8.4163,8.199,0.78565,19,-0.0596,7,0,164.14469,61.417,0.3308,0.2907,1,False,running
88434632b5,formation_7_smooth_bypass,142,28.4,1784490400,smooth_adaptive_clusters,finish_first,r01,r01,True,upper,bypass,local,3,3,8.6855,-0.32198,1.26297,0.37884,0.21885,951,1000,114,53,0,0,0000,---,False,0.10262,0.36588,0.37884,0.21885,8.81601,0.08797,adaptive_split_to_bypass_target,w,"$1,0,0,0,0,0,0,0,0#",19000,20000,Set tank.c app_speed/duty level to the logged pwm before sending the move key/protocol command; e=stop.,9.09417,24.19359,0,3,0,0.13143,0.0497,3.40153,8.24359,0.10139,3.7578,8.482,8.2436,0.77605,18,-0.0596,7,0,165.47182,61.91467,0.3555,0.2903,1,False,running
88434632b5,formation_7_smooth_bypass,142,28.4,1784490400,smooth_adaptive_clusters,finish_first,r02,r02,True,upper,bypass,local,3,3,8.40885,-0.82245,0.72179,0.37661,0.37434,912,1000,107,28,0,0,0000,---,False,0.26998,0.26741,0.37661,0.37434,8.59773,-0.41429,adaptive_split_to_bypass_target,a,"$3,0,0,0,0,0,0,0,0#",18000,20000,Set tank.c app_speed/duty level to the logged pwm before sending the move key/protocol command; e=stop.,8.85255,23.68169,2,5,0,0.13817,-0.01048,3.53989,8.24359,0.10139,3.7578,8.482,8.2436,0.77605,18,-0.0596,7,0,165.47182,61.91467,0.3555,0.2903,1,False,running
88434632b5,formation_7_smooth_bypass,142,28.4,1784490400,smooth_adaptive_clusters,finish_first,r03,r03,True,upper,bypass,local,2,3,8.84715,0.02708,1.24031,0.3697,0.33979,901,1000,131,71,0,0,1100,---,False,0.06243,0.37484,0.3697,0.33979,9.13568,0.37678,adaptive_split_to_bypass_target,a,"$3,0,0,0,0,0,0,0,0#",18000,20000,Set tank.c app_speed/duty level to the logged pwm before sending the move key/protocol command; e=stop.,9.34055,24.82447,0,3,0,0.10387,0.0497,3.43103,8.24359,0.10139,3.7578,8.482,8.2436,0.77605,18,-0.0596,7,0,165.47182,61.91467,0.3555,0.2903,1,False,running
88434632b5,formation_7_smooth_bypass,142,28.4,1784490400,smooth_adaptive_clusters,finish_first,r04,r04,True,upper,bypass,local,3,3,7.07446,0.07303,1.0749,0.37361,-0.51424,1000,875,-98,33,0,0,1000,---,False,0.2072,0.31854,0.37361,-0.51424,7.547,0.14373,adaptive_split_to_bypass_target,d,"$4,0,0,0,0,0,0,0,0#",20000,18000,Set tank.c app_speed/duty level to the logged pwm before sending the move key/protocol command; e=stop.,8.2533,22.33542,5,3,0,0.32946,-0.05963,4.62746,8.24359,0.10139,3.7578,8.482,8.2436,0.77605,18,-0.0596,7,0,165.47182,61.91467,0.3555,0.2903,1,False,running
88434632b5,formation_7_smooth_bypass,142,28.4,1784490400,smooth_adaptive_clusters,finish_first,r05,r05,True,upper,bypass,local,3,3,7.42376,0.39535,0.60694,0.37728,-0.33501,1000,922,-103,43,0,0,0000,---,False,0.3231,0.20001,0.37728,-0.33501,7.88111,0.41875,adaptive_split_to_bypass_target,d,"$4,0,0,0,0,0,0,0,0#",20000,18000,Set tank.c app_speed/duty level to the logged pwm before sending the move key/protocol command; e=stop.,8.27899,22.23791,5,3,0,0.12277,-0.05963,4.6646,8.24359,0.10139,3.7578,8.482,8.2436,0.77605,18,-0.0596,7,0,165.47182,61.91467,0.3555,0.2903,1,False,running
88434632b5,formation_7_smooth_bypass,142,28.4,1784490400,smooth_adaptive_clusters,finish_first,r06,r06,True,upper,bypass,local,3,3,8.65905,0.49968,0.62391,0.3007,0.30127,728,855,-170,78,0,0,0000,---,False,0.29784,0.09158,0.3007,0.30127,9.11823,0.62075,adaptive_split_to_bypass_target,a,"$3,0,0,0,0,0,0,0,0#",15000,17000,Set tank.c app_speed/duty level to the logged pwm before sending the move key/protocol command; e=stop.,8.85573,23.71504,2,5,0,0.10464,-0.01048,3.81925,8.24359,0.10139,3.7578,8.482,8.2436,0.77605,18,-0.0596,7,0,165.47182,61.91467,0.3555,0.2903,1,False,running
88434632b5,formation_7_smooth_bypass,142,28.4,1784490400,smooth_adaptive_clusters,finish_first,r07,r07,True,upper,bypass,local,3,3,8.60638,0.85906,0.03937,0.3116,-0.00609,821,819,-126,104,0,0,0000,---,False,0.31137,0.01197,0.3116,-0.00609,9.06801,0.87674,adaptive_split_to_bypass_target,w,"$1,0,0,0,0,0,0,0,0#",16000,16000,Set tank.c app_speed/duty level to the logged pwm before sending the move key/protocol command; e=stop.,9.23939,24.48368,0,0,0,0.12725,0.1266,2.93097,8.24359,0.10139,3.7578,8.482,8.2436,0.77605,18,-0.0596,7,0,165.47182,61.91467,0.3555,0.2903,1,False,running
88434632b5,formation_7_smooth_bypass,143,28.6,1784490600,smooth_adaptive_clusters,finish_first,r01,r01,True,upper,bypass,local,3,3,8.7055,-0.24887,1.30374,0.37899,0.20388,954,1000,115,55,0,0,0000,---,False,0.08849,0.36955,0.37899,0.20388,8.85847,0.15221,cached_adaptive_split,w,"$1,0,0,0,0,0,0,0,0#",19000,20000,Set tank.c app_speed/duty level to the logged pwm before sending the move key/protocol command; e=stop.,9.16997,24.39067,0,3,0,0.13143,0.0497,3.38657,8.2853,0.14593,3.7176,8.5431,8.2853,0.7606,18,-0.0596,7,0,166.70493,62.3747,0.3286,0.2897,1,False,running
88434632b5,formation_7_smooth_bypass,143,28.6,1784490600,smooth_adaptive_clusters,finish_first,r02,r02,True,upper,bypass,local,3,3,8.46183,-0.76879,0.79186,0.37703,0.35035,918,1000,109,32,0,0,0000,---,False,0.25167,0.28471,0.37703,0.35035,8.65357,-0.36325,cached_adaptive_split,a,"$3,0,0,0,0,0,0,0,0#",18000,20000,Set tank.c app_speed/duty level to the logged pwm before sending the move key/protocol command; e=stop.,8.92795,23.87528,2,5,0,0.13817,-0.01048,3.47842,8.2853,0.14593,3.7176,8.5431,8.2853,0.7606,18,-0.0596,7,0,166.70493,62.3747,0.3286,0.2897,1,False,running
88434632b5,formation_7_smooth_bypass,143,28.6,1784490600,smooth_adaptive_clusters,finish_first,r03,r03,True,upper,bypass,local,2,3,8.87402,0.07838,1.08827,0.28953,-0.76021,922,602,142,75,0,0,1000,---,False,0.20289,0.23649,0.28953,-0.76021,9.18683,0.42302,cached_adaptive_split,d,"$4,0,0,0,0,0,0,0,0#",18000,12000,Set tank.c app_speed/duty level to the logged pwm before sending the move key/protocol command; e=stop.,9.39846,24.99544,0,3,0,0.10387,0.0497,3.40784,8.2853,0.14593,3.7176,8.5431,8.2853,0.7606,18,-0.0596,7,0,166.70493,62.3747,0.3286,0.2897,1,False,running
88434632b5,formation_7_smooth_bypass,143,28.6,1784490600,smooth_adaptive_clusters,finish_first,r04,r04,True,upper,bypass,local,3,3,7.11605,0.13541,0.98285,0.37488,-0.46026,1000,890,-98,33,0,0,0000,---,False,0.23307,0.30013,0.37488,-0.46026,7.59334,0.17515,cached_adaptive_split,d,"$4,0,0,0,0,0,0,0,0#",20000,18000,Set tank.c app_speed/duty level to the logged pwm before sending the move key/protocol command; e=stop.,8.32828,22.52656,5,3,0,0.32946,-0.05963,4.58538,8.2853,0.14593,3.7176,8.5431,8.2853,0.7606,18,-0.0596,7,0,166.70493,62.3747,0.3286,0.2897,1,False,running
88434632b5,formation_7_smooth_bypass,143,28.6,1784490600,smooth_adaptive_clusters,finish_first,r05,r05,True,upper,bypass,local,3,3,7.48844,0.43428,0.5418,0.37743,-0.3257,1000,925,-104,46,0,0,0000,---,False,0.33518,0.17905,0.37743,-0.3257,7.94321,0.45388,cached_adaptive_split,d,"$4,0,0,0,0,0,0,0,0#",20000,18000,Set tank.c app_speed/duty level to the logged pwm before sending the move key/protocol command; e=stop.,8.35448,22.43202,5,3,0,0.12277,-0.05963,4.60234,8.2853,0.14593,3.7176,8.5431,8.2853,0.7606,18,-0.0596,7,0,166.70493,62.3747,0.3286,0.2897,1,False,running
88434632b5,formation_7_smooth_bypass,143,28.6,1784490600,smooth_adaptive_clusters,finish_first,r06,r06,True,upper,bypass,local,3,3,8.68264,0.52965,0.90417,0.1907,1.40127,207,797,174,82,0,0,0000,---,False,-0.0088,0.29727,0.1907,1.40127,9.168,0.64078,cached_adaptive_split,a,"$3,0,0,0,0,0,0,0,0#",4000,16000,Set tank.c app_speed/duty level to the logged pwm before sending the move key/protocol command; e=stop.,8.89387,23.836,2,5,0,0.10464,-0.01048,3.79872,8.2853,0.14593,3.7176,8.5431,8.2853,0.7606,18,-0.0596,7,0,166.70493,62.3747,0.3286,0.2897,1,False,running
88434632b5,formation_7_smooth_bypass,143,28.6,1784490600,smooth_adaptive_clusters,finish_first,r07,r07,True,upper,bypass,local,3,3,8.66865,0.86145,0.03846,0.3116,-0.00456,821,819,-128,107,0,0,0000,---,False,0.31138,0.01176,0.3116,-0.00456,9.13029,0.87884,cached_adaptive_split,w,"$1,0,0,0,0,0,0,0,0#",16000,16000,Set tank.c app_speed/duty level to the logged pwm before sending the move key/protocol command; e=stop.,9.30171,24.64895,0,0,0,0.12725,0.11006,2.86959,8.2853,0.14593,3.7176,8.5431,8.2853,0.7606,18,-0.0596,7,0,166.70493,62.3747,0.3286,0.2897,1,False,running
88434632b5,formation_7_smooth_bypass,144,28.8,1784490800,smooth_adaptive_clusters,finish_first,r01,r01,True,upper,bypass,local,3,3,8.72364,-0.17515,1.32954,0.3796,0.129,972,1000,118,57,0,0,0000,---,False,0.08329,0.37076,0.3796,0.129,8.92471,0.19147,adaptive_split_to_bypass_target,w,"$1,0,0,0,0,0,0,0,0#",19000,20000,Set tank.c app_speed/duty level to the logged pwm before sending the move key/protocol command; e=stop.,9.24589,24.59019,0,3,0,0.13143,0.0497,3.37516,8.32676,0.18686,3.678,8.6013,8.3268,0.7409,19,-0.0596,7,0,167.87389,62.81499,0.3145,0.2891,1,False,running
88434632b5,formation_7_smooth_bypass,144,28.8,1784490800,smooth_adaptive_clusters,finish_first,r02,r02,True,upper,bypass,local,3,3,8.51153,-0.71189,0.85282,0.37775,0.30481,930,1000,110,36,0,0,0000,---,False,0.236,0.29783,0.37775,0.30481,8.71794,-0.321,adaptive_split_to_bypass_target,w,"$1,0,0,0,0,0,0,0,0#",19000,20000,Set tank.c app_speed/duty level to the logged pwm before sending the move key/protocol command; e=stop.,9.0035,24.0703,2,5,0,0.13817,-0.01048,3.42025,8.32676,0.18686,3.678,8.6013,8.3268,0.7409,19,-0.0596,7,0,167.87389,62.81499,0.3145,0.2891,1,False,running
88434632b5,formation_7_smooth_bypass,144,28.8,1784490800,smooth_adaptive_clusters,finish_first,r03,r03,True,upper,bypass,local,2,3,8.91064,0.12432,0.89787,0.29376,-0.95199,973,573,154,80,0,0,0000,---,False,0.22836,0.212,0.29376,-0.95199,9.2585,0.43533,adaptive_split_to_bypass_target,d,"$4,0,0,0,0,0,0,0,0#",19000,11000,Set tank.c app_speed/duty level to the logged pwm before sending the move key/protocol command; e=stop.,9.45721,25.15348,0,3,0,0.10387,0.0497,3.37528,8.32676,0.18686,3.678,8.6013,8.3268,0.7409,19,-0.0596,7,0,167.87389,62.81499,0.3145,0.2891,1,False,running
88434632b5,formation_7_smooth_bypass,144,28.8,1784490800,smooth_adaptive_clusters,finish_first,r04,r04,True,upper,bypass,local,3,3,7.16277,0.1943,0.90017,0.37587,-0.41338,1000,902,-98,34,0,0,0000,---,False,0.25499,0.28175,0.37587,-0.41338,7.63857,0.2171,adaptive_split_to_bypass_target,d,"$4,0,0,0,0,0,0,0,0#",20000,18000,Set tank.c app_speed/duty level to the logged pwm before sending the move key/protocol command; e=stop.,8.40345,22.71882,5,3,0,0.32946,-0.05963,4.53897,8.32676,0.18686,3.678,8.6013,8.3268,0.7409,19,-0.0596,7,0,167.87389,62.81499,0.3145,0.2891,1,False,running
88434632b5,formation_7_smooth_bypass,144,28.8,1784490800,smooth_adaptive_clusters,finish_first,r05,r05,True,upper,bypass,local,3,3,7.55548,0.46902,0.47805,0.37754,-0.31877,1000,926,-105,50,0,0,0000,---,False,0.34573,0.1577,0.37754,-0.31877,8.00804,0.48428,adaptive_split_to_bypass_target,w,"$1,0,0,0,0,0,0,0,0#",20000,19000,Set tank.c app_speed/duty level to the logged pwm before sending the move key/protocol command; e=stop.,8.42999,22.62621,5,3,0,0.12277,-0.05963,4.53782,8.32676,0.18686,3.678,8.6013,8.3268,0.7409,19,-0.0596,7,0,167.87389,62.81499,0.3145,0.2891,1,False,running
88434632b5,formation_7_smooth_bypass,144,28.8,1784490800,smooth_adaptive_clusters,finish_first,r06,r06,True,upper,bypass,local,3,3,8.69236,0.54367,0.96442,0.08534,0.30127,161,288,170,83,0,0,0000,---,False,0.10614,0.02507,0.08534,0.30127,9.20338,0.65266,adaptive_split_to_bypass_target,a,"$3,0,0,0,0,0,0,0,0#",4000,6000,Set tank.c app_speed/duty level to the logged pwm before sending the move key/protocol command; e=stop.,8.91093,23.90067,2,5,0,0.10464,-0.01048,3.79051,8.32676,0.18686,3.678,8.6013,8.3268,0.7409,19,-0.0596,7,0,167.87389,62.81499,0.3145,0.2891,1,False,running
88434632b5,formation_7_smooth_bypass,144,28.8,1784490800,smooth_adaptive_clusters,finish_first,r07,r07,True,upper,bypass,local,2,3,8.73093,0.86375,0.0369,0.3116,-0.0078,822,818,-129,111,0,0,0000,---,False,0.3114,0.01111,0.3116,-0.0078,9.19261,0.88015,adaptive_split_to_bypass_target,w,"$1,0,0,0,0,0,0,0,0#",16000,16000,Set tank.c app_speed/duty level to the logged pwm before sending the move key/protocol command; e=stop.,9.36403,24.81423,0,0,0,0.12725,0.10036,2.80822,8.32676,0.18686,3.678,8.6013,8.3268,0.7409,19,-0.0596,7,0,167.87389,62.81499,0.3145,0.2891,1,False,running
88434632b5,formation_7_smooth_bypass,145,29.0,1784491000,smooth_adaptive_clusters,finish_first,r01,r01,True,upper,bypass,local,3,3,8.74085,-0.10114,1.34227,0.3799,0.06364,986,1000,121,59,0,0,0000,---,False,0.08238,0.37096,0.3799,0.06364,8.99615,0.21766,adaptive_split_to_bypass_target,w,"$1,0,0,0,0,0,0,0,0#",20000,20000,Set tank.c app_speed/duty level to the logged pwm before sending the move key/protocol command; e=stop.,9.32187,24.79099,0,3,0,0.13143,0.0497,3.36638,8.37007,0.224,3.6368,8.6584,8.3701,0.7241,20,-0.0596,7,0,169.04825,63.24797,0.3093,0.2886,1,False,running
88434632b5,formation_7_smooth_bypass,145,29.0,1784491000,smooth_adaptive_clusters,finish_first,r02,r02,True,upper,bypass,local,3,3,8.55799,-0.65223,0.90915,0.37808,0.28167,936,1000,112,41,0,0,0000,---,False,0.21998,0.30985,0.37808,0.28167,8.77797,-0.27277,adaptive_split_to_bypass_target,w,"$1,0,0,0,0,0,0,0,0#",19000,20000,Set tank.c app_speed/duty level to the logged pwm before sending the move key/protocol command; e=stop.,9.07912,24.26567,2,5,0,0.13817,-0.01048,3.36561,8.37007,0.224,3.6368,8.6584,8.3701,0.7241,20,-0.0596,7,0,169.04825,63.24797,0.3093,0.2886,1,False,running
88434632b5,formation_7_smooth_bypass,145,29.0,1784491000,smooth_adaptive_clusters,finish_first,r03,r03,True,upper,bypass,local,2,3,8.95421,0.1666,0.77024,0.30354,-0.63817,933,664,162,85,0,0,0000,---,False,0.24425,0.19349,0.30354,-0.63817,9.32029,0.44884,adaptive_split_to_bypass_target,d,"$4,0,0,0,0,0,0,0,0#",19000,13000,Set tank.c app_speed/duty level to the logged pwm before sending the move key/protocol command; e=stop.,9.51792,25.31831,0,3,0,0.10387,0.0497,3.33612,8.37007,0.224,3.6368,8.6584,8.3701,0.7241,20,-0.0596,7,0,169.04825,63.24797,0.3093,0.2886,1,False,running
88434632b5,formation_7_smooth_bypass,145,29.0,1784491000,smooth_adaptive_clusters,finish_first,r04,r04,True,upper,bypass,local,3,3,7.20673,0.22422,0.5975,0.26587,-1.51338,1000,381,-84,33,0,0,0000,---,False,0.30904,0.03983,0.26587,-1.51338,7.68641,0.26179,adaptive_split_to_bypass_target,d,"$4,0,0,0,0,0,0,0,0#",20000,8000,Set tank.c app_speed/duty level to the logged pwm before sending the move key/protocol command; e=stop.,8.45662,22.87778,5,3,0,0.32946,-0.05963,4.49547,8.37007,0.224,3.6368,8.6584,8.3701,0.7241,20,-0.0596,7,0,169.04825,63.24797,0.3093,0.2886,1,False,running
88434632b5,formation_7_smooth_bypass,145,29.0,1784491000,smooth_adaptive_clusters,finish_first,r05,r05,True,upper,bypass,local,3,3,7.62457,0.49955,0.4162,0.37768,-0.30925,1000,929,-106,53,0,0,0000,---,False,0.35461,0.13656,0.37768,-0.30925,8.07503,0.51202,adaptive_split_to_bypass_target,w,"$1,0,0,0,0,0,0,0,0#",20000,19000,Set tank.c app_speed/duty level to the logged pwm before sending the move key/protocol command; e=stop.,8.50552,22.82073,5,3,0,0.12277,-0.05963,4.47126,8.37007,0.224,3.6368,8.6584,8.3701,0.7241,20,-0.0596,7,0,169.04825,63.24797,0.3093,0.2886,1,False,running
88434632b5,formation_7_smooth_bypass,145,29.0,1784491000,smooth_adaptive_clusters,finish_first,r06,r06,True,upper,bypass,local,3,3,8.71292,0.56504,0.80467,0.14823,-0.79873,558,222,180,86,0,0,0000,---,False,0.19789,0.04315,0.14823,-0.79873,9.22236,0.65924,adaptive_split_to_bypass_target,d,"$4,0,0,0,0,0,0,0,0#",11000,4000,Set tank.c app_speed/duty level to the logged pwm before sending the move key/protocol command; e=stop.,8.94058,23.9953,2,5,0,0.10464,-0.01048,3.77241,8.37007,0.224,3.6368,8.6584,8.3701,0.7241,20,-0.0596,7,0,169.04825,63.24797,0.3093,0.2886,1,False,running
88434632b5,formation_7_smooth_bypass,145,29.0,1784491000,smooth_adaptive_clusters,finish_first,r07,r07,True,upper,bypass,local,2,3,8.79321,0.86596,0.03538,0.3116,-0.00759,822,818,-131,115,0,0,0000,---,False,0.31142,0.01065,0.3116,-0.00759,9.25491,0.88167,adaptive_split_to_bypass_target,w,"$1,0,0,0,0,0,0,0,0#",16000,16000,Set tank.c app_speed/duty level to the logged pwm before sending the move key/protocol command; e=stop.,9.42635,24.97947,0,0,0,0.12725,0.08941,2.74689,8.37007,0.224,3.6368,8.6584,8.3701,0.7241,20,-0.0596,7,0,169.04825,63.24797,0.3093,0.2886,1,False,running
88434632b5,formation_7_smooth_bypass,146,29.2,1784491200,smooth_adaptive_clusters,finish_first,r01,r01,True,upper,bypass,local,3,3,8.75698,-0.0269,1.35686,0.37987,0.07298,984,1000,124,61,0,0,0011,---,False,0.07641,0.37224,0.37987,0.07298,9.01758,0.22552,cached_adaptive_split,w,"$1,0,0,0,0,0,0,0,0#",20000,20000,Set tank.c app_speed/duty level to the logged pwm before sending the move key/protocol command; e=stop.,9.39784,24.991,0,3,0,0.13143,0.0497,3.3604,8.41605,0.25797,3.5932,8.7155,8.4161,0.70497,19,-0.0596,7,0,170.21885,63.6881,0.3144,0.2882,1,False,running
88434632b5,formation_7_smooth_bypass,146,29.2,1784491200,smooth_adaptive_clusters,finish_first,r02,r02,True,upper,bypass,local,3,3,8.60103,-0.59005,0.96529,0.37809,0.28068,936,1000,113,45,0,0,0000,---,False,0.2023,0.32167,0.37809,0.28068,8.82835,-0.21454,cached_adaptive_split,w,"$1,0,0,0,0,0,0,0,0#",19000,20000,Set tank.c app_speed/duty level to the logged pwm before sending the move key/protocol command; e=stop.,9.15474,24.46079,2,5,0,0.13817,-0.01048,3.31487,8.41605,0.25797,3.5932,8.7155,8.4161,0.70497,19,-0.0596,7,0,170.21885,63.6881,0.3144,0.2882,1,False,running
88434632b5,formation_7_smooth_bypass,146,29.2,1784491200,smooth_adaptive_clusters,finish_first,r03,r03,True,upper,bypass,local,2,3,9.00158,0.20627,0.69724,0.30896,-0.36495,890,736,167,91,0,0,0000,---,False,0.24995,0.18606,0.30896,-0.36495,9.33882,0.45289,cached_adaptive_split,d,"$4,0,0,0,0,0,0,0,0#",18000,15000,Set tank.c app_speed/duty level to the logged pwm before sending the move key/protocol command; e=stop.,9.57971,25.48531,0,3,0,0.10387,0.0497,3.29354,8.41605,0.25797,3.5932,8.7155,8.4161,0.70497,19,-0.0596,7,0,170.21885,63.6881,0.3144,0.2882,1,False,running
88434632b5,formation_7_smooth_bypass,146,29.2,1784491200,smooth_adaptive_clusters,finish_first,r04,r04,True,upper,bypass,local,3,3,7.25924,0.24251,0.3352,0.27804,-1.31152,1000,456,-73,32,0,0,0000,---,False,0.30901,0.04012,0.27804,-1.31152,7.73211,0.29243,cached_adaptive_split,d,"$4,0,0,0,0,0,0,0,0#",20000,9000,Set tank.c app_speed/duty level to the logged pwm before sending the move key/protocol command; e=stop.,8.51223,23.02748,5,3,0,0.32098,-0.05963,4.44335,8.41605,0.25797,3.5932,8.7155,8.4161,0.70497,19,-0.0596,7,0,170.21885,63.6881,0.3144,0.2882,1,False,running
88434632b5,formation_7_smooth_bypass,146,29.2,1784491200,smooth_adaptive_clusters,finish_first,r05,r05,True,upper,bypass,local,3,3,7.69539,0.52593,0.35658,0.37785,-0.29806,1000,932,-107,55,0,0,0000,---,False,0.36192,0.11583,0.37785,-0.29806,8.1439,0.53731,cached_adaptive_split,w,"$1,0,0,0,0,0,0,0,0#",20000,19000,Set tank.c app_speed/duty level to the logged pwm before sending the move key/protocol command; e=stop.,8.58109,23.01557,5,3,0,0.12277,-0.05963,4.4029,8.41605,0.25797,3.5932,8.7155,8.4161,0.70497,19,-0.0596,7,0,170.21885,63.6881,0.3144,0.2882,1,False,running
88434632b5,formation_7_smooth_bypass,146,29.2,1784491200,smooth_adaptive_clusters,finish_first,r06,r06,True,upper,bypass,local,3,3,8.74265,0.57992,0.46413,0.16623,-1.70272,796,79,-161,89,0,0,0000,---,False,0.19864,0.03956,0.16623,-1.70272,9.2436,0.67071,cached_adaptive_split,d,"$4,0,0,0,0,0,0,0,0#",16000,4000,Set tank.c app_speed/duty level to the logged pwm before sending the move key/protocol command; e=stop.,8.97383,24.09394,2,5,0,0.10464,-0.01048,3.74459,8.41605,0.25797,3.5932,8.7155,8.4161,0.70497,19,-0.0596,7,0,170.21885,63.6881,0.3144,0.2882,1,False,running
88434632b5,formation_7_smooth_bypass,146,29.2,1784491200,smooth_adaptive_clusters,finish_first,r07,r07,True,upper,bypass,local,2,3,8.85549,0.8681,0.03446,0.3116,-0.00461,821,819,-133,119,0,0,0000,---,False,0.31142,0.01051,0.3116,-0.00461,9.3172,0.88364,cached_adaptive_split,w,"$1,0,0,0,0,0,0,0,0#",16000,16000,Set tank.c app_speed/duty level to the logged pwm before sending the move key/protocol command; e=stop.,9.48867,25.14475,0,0,0,0.12725,0.08745,2.68559,8.41605,0.25797,3.5932,8.7155,8.4161,0.70497,19,-0.0596,7,0,170.21885,63.6881,0.3144,0.2882,1,False,running
88434632b5,formation_7_smooth_bypass,147,29.4,1784491400,smooth_adaptive_clusters,finish_first,r01,r01,True,upper,bypass,local,3,3,8.77896,0.0224,1.15146,0.26987,-1.02702,926,494,137,65,0,0,1100,---,False,0.24651,0.19059,0.26987,-1.02702,9.08651,0.22788,adaptive_split_to_bypass_target,d,"$4,0,0,0,0,0,0,0,0#",19000,10000,Set tank.c app_speed/duty level to the logged pwm before sending the move key/protocol command; e=stop.,9.45182,25.15388,0,3,0,0.13143,0.0497,3.34625,8.46866,0.28806,3.5431,8.7762,8.4687,0.68358,19,-0.0596,7,0,171.47422,64.14425,0.3258,0.288,1,False,running
88434632b5,formation_7_smooth_bypass,147,29.4,1784491400,smooth_adaptive_clusters,finish_first,r02,r02,True,upper,bypass,local,3,3,8.64113,-0.52582,1.01273,0.37864,0.2372,946,1000,115,49,0,0,0000,---,False,0.18908,0.32962,0.37864,0.2372,8.89033,-0.16886,adaptive_split_to_bypass_target,w,"$1,0,0,0,0,0,0,0,0#",19000,20000,Set tank.c app_speed/duty level to the logged pwm before sending the move key/protocol command; e=stop.,9.23046,24.65739,2,5,0,0.13817,-0.01048,3.2678,8.46866,0.28806,3.5431,8.7762,8.4687,0.68358,19,-0.0596,7,0,171.47422,64.14425,0.3258,0.288,1,False,running
88434632b5,formation_7_smooth_bypass,147,29.4,1784491400,smooth_adaptive_clusters,finish_first,r03,r03,True,upper,bypass,local,2,3,9.05195,0.24179,0.61413,0.30817,-0.41558,898,723,172,97,0,0,0000,---,False,0.26584,0.16256,0.30817,-0.41558,9.40688,0.45411,adaptive_split_to_bypass_target,d,"$4,0,0,0,0,0,0,0,0#",18000,14000,Set tank.c app_speed/duty level to the logged pwm before sending the move key/protocol command; e=stop.,9.64134,25.64921,0,3,0,0.10387,0.0497,3.24804,8.46866,0.28806,3.5431,8.7762,8.4687,0.68358,19,-0.0596,7,0,171.47422,64.14425,0.3258,0.288,1,False,running
88434632b5,formation_7_smooth_bypass,147,29.4,1784491400,smooth_adaptive_clusters,finish_first,r04,r04,True,upper,bypass,local,3,3,7.32784,0.2632,0.29289,0.35824,-0.21152,987,898,-75,31,0,0,0000,---,False,0.29661,0.23753,0.35824,-0.21152,7.78312,0.31061,adaptive_split_to_bypass_target,d,"$4,0,0,0,0,0,0,0,0#",20000,18000,Set tank.c app_speed/duty level to the logged pwm before sending the move key/protocol command; e=stop.,8.58388,23.23483,5,3,0,0.31329,-0.05963,4.3753,8.46866,0.28806,3.5431,8.7762,8.4687,0.68358,19,-0.0596,7,0,171.47422,64.14425,0.3258,0.288,1,False,running
88434632b5,formation_7_smooth_bypass,147,29.4,1784491400,smooth_adaptive_clusters,finish_first,r05,r05,True,upper,bypass,local,3,3,7.76763,0.54818,0.29868,0.37797,-0.28953,1000,934,-108,58,0,0,0000,---,False,0.36789,0.09518,0.37797,-0.28953,8.21456,0.55817,adaptive_split_to_bypass_target,w,"$1,0,0,0,0,0,0,0,0#",20000,19000,Set tank.c app_speed/duty level to the logged pwm before sending the move key/protocol command; e=stop.,8.65669,23.21057,5,3,0,0.12277,-0.05963,4.33297,8.46866,0.28806,3.5431,8.7762,8.4687,0.68358,19,-0.0596,7,0,171.47422,64.14425,0.3258,0.288,1,False,running
88434632b5,formation_7_smooth_bypass,147,29.4,1784491400,smooth_adaptive_clusters,finish_first,r06,r06,True,upper,bypass,local,2,3,8.79535,0.5965,0.30484,0.27623,-0.79646,895,559,-153,94,0,0,0000,---,False,0.30658,0.05569,0.27623,-0.79646,9.27241,0.67615,adaptive_split_to_bypass_target,d,"$4,0,0,0,0,0,0,0,0#",18000,11000,Set tank.c app_speed/duty level to the logged pwm before sending the move key/protocol command; e=stop.,9.02907,24.25831,2,5,0,0.10464,-0.01048,3.69427,8.46866,0.28806,3.5431,8.7762,8.4687,0.68358,19,-0.0596,7,0,171.47422,64.14425,0.3258,0.288,1,False,running
88434632b5,formation_7_smooth_bypass,147,29.4,1784491400,smooth_adaptive_clusters,finish_first,r07,r07,True,upper,bypass,local,2,3,8.91778,0.87016,0.03297,0.3116,-0.00747,822,818,-134,123,0,0,0000,---,False,0.31144,0.00991,0.3116,-0.00747,9.37952,0.88477,adaptive_split_to_bypass_target,w,"$1,0,0,0,0,0,0,0,0#",16000,16000,Set tank.c app_speed/duty level to the logged pwm before sending the move key/protocol command; e=stop.,9.55099,25.31003,0,0,0,0.12725,0.07776,2.62432,8.46866,0.28806,3.5431,8.7762,8.4687,0.68358,19,-0.0596,7,0,171.47422,64.14425,0.3258,0.288,1,False,running
88434632b5,formation_7_smooth_bypass,148,29.6,1784491600,smooth_adaptive_clusters,finish_first,r01,r01,True,upper,bypass,local,2,3,8.81405,0.05814,0.79456,0.25043,-1.78449,1000,283,159,69,0,0,1100,---,False,0.27132,0.15324,0.25043,-1.78449,9.14402,0.22859,adaptive_split_to_bypass_target,d,"$4,0,0,0,0,0,0,0,0#",20000,6000,Set tank.c app_speed/duty level to the logged pwm before sending the move key/protocol command; e=stop.,9.5019,25.29231,0,3,0,0.13143,0.0497,3.31764,8.51664,0.31566,3.4976,8.8315,8.5166,0.659,19,-0.0596,7,0,172.57519,64.55314,0.2921,0.2877,1,False,running
88434632b5,formation_7_smooth_bypass,148,29.6,1784491600,smooth_adaptive_clusters,finish_first,r02,r02,True,upper,bypass,local,3,3,8.67852,-0.4599,1.05481,0.37893,0.21039,953,1000,117,53,0,0,0000,---,False,0.17646,0.33654,0.37893,0.21039,8.95031,-0.12057,adaptive_split_to_bypass_target,w,"$1,0,0,0,0,0,0,0,0#",19000,20000,Set tank.c app_speed/duty level to the logged pwm before sending the move key/protocol command; e=stop.,9.30625,24.85449,2,5,0,0.13817,-0.01048,3.22439,8.51664,0.31566,3.4976,8.8315,8.5166,0.659,19,-0.0596,7,0,172.57519,64.55314,0.2921,0.2877,1,False,running
88434632b5,formation_7_smooth_bypass,148,29.6,1784491600,smooth_adaptive_clusters,finish_first,r03,r03,True,upper,bypass,local,2,3,9.10499,0.27337,0.53698,0.30865,-0.38573,893,731,176,103,0,0,0000,---,False,0.27691,0.14289,0.30865,-0.38573,9.46413,0.45447,adaptive_split_to_bypass_target,d,"$4,0,0,0,0,0,0,0,0#",18000,15000,Set tank.c app_speed/duty level to the logged pwm before sending the move key/protocol command; e=stop.,9.70307,25.81318,0,3,0,0.10387,0.0497,3.19988,8.51664,0.31566,3.4976,8.8315,8.5166,0.659,19,-0.0596,7,0,172.57519,64.55314,0.2921,0.2877,1,False,running
88434632b5,formation_7_smooth_bypass,148,29.6,1784491600,smooth_adaptive_clusters,finish_first,r04,r04,True,upper,bypass,local,3,3,7.39211,0.29589,0.47059,0.36053,0.88848,762,1000,-90,33,0,0,0000,---,False,0.31052,0.21904,0.36053,0.88848,7.84685,0.32757,adaptive_split_to_bypass_target,a,"$3,0,0,0,0,0,0,0,0#",15000,20000,Set tank.c app_speed/duty level to the logged pwm before sending the move key/protocol command; e=stop.,8.65599,23.42366,5,3,0,0.31329,-0.05963,4.3121,8.51664,0.31566,3.4976,8.8315,8.5166,0.659,19,-0.0596,7,0,172.57519,64.55314,0.2921,0.2877,1,False,running
88434632b5,formation_7_smooth_bypass,148,29.6,1784491600,smooth_adaptive_clusters,finish_first,r05,r05,True,upper,bypass,local,3,3,7.84104,0.56635,0.24276,0.37811,-0.27959,1000,936,-109,60,0,0,0000,---,False,0.37251,0.07506,0.37811,-0.27959,8.2866,0.5761,adaptive_split_to_bypass_target,w,"$1,0,0,0,0,0,0,0,0#",20000,19000,Set tank.c app_speed/duty level to the logged pwm before sending the move key/protocol command; e=stop.,8.73231,23.4058,5,3,0,0.12277,-0.05963,4.26167,8.51664,0.31566,3.4976,8.8315,8.5166,0.659,19,-0.0596,7,0,172.57519,64.55314,0.2921,0.2877,1,False,running
88434632b5,formation_7_smooth_bypass,148,29.6,1784491600,smooth_adaptive_clusters,finish_first,r06,r06,True,upper,bypass,local,2,3,8.82767,0.6043,0.23677,0.16623,-0.34036,509,366,-150,97,0,0,0000,---,False,0.14392,0.02668,0.16623,-0.34036,9.31886,0.68418,adaptive_split_to_bypass_target; completion_unstuck,d,"$4,0,0,0,0,0,0,0,0#",10000,7000,Set tank.c app_speed/duty level to the logged pwm before sending the move key/protocol command; e=stop.,9.06232,24.35983,2,5,0,0.10464,-0.01048,3.66317,8.51664,0.31566,3.4976,8.8315,8.5166,0.659,19,-0.0596,7,0,172.57519,64.55314,0.2921,0.2877,1,False,running
88434632b5,formation_7_smooth_bypass,148,29.6,1784491600,smooth_adaptive_clusters,finish_first,r07,r07,True,upper,bypass,local,2,3,8.95808,0.87149,0.03297,0.2016,0.0,531,531,-135,125,0,0,0000,---,False,0.0,0.0,0.2016,0.0,9.44183,0.88599,adaptive_split_to_bypass_target,w,"$1,0,0,0,0,0,0,0,0#",11000,11000,Set tank.c app_speed/duty level to the logged pwm before sending the move key/protocol command; e=stop.,9.59131,25.42591,0,0,0,0.12725,0.07528,2.58471,8.51664,0.31566,3.4976,8.8315,8.5166,0.659,19,-0.0596,7,0,172.57519,64.55314,0.2921,0.2877,1,False,running
88434632b5,formation_7_smooth_bypass,149,29.8,1784491800,smooth_adaptive_clusters,finish_first,r01,r01,True,upper,member,local,2,3,8.86154,0.08461,0.50859,0.27185,-1.42985,1000,414,175,74,0,0,1000,---,False,0.29913,0.08728,0.27185,-1.42985,9.1921,0.16845,path_to_final_target,d,"$4,0,0,0,0,0,0,0,0#",20000,8000,Set tank.c app_speed/duty level to the logged pwm before sending the move key/protocol command; e=stop.,9.55627,25.44006,0,3,0,0.13143,0.0497,3.27564,8.57344,0.33976,3.4434,8.8932,8.5734,0.63971,19,-0.0596,7,0,173.82495,65.01217,0.3279,0.2877,1,False,running
88434632b5,formation_7_smooth_bypass,149,29.8,1784491800,smooth_adaptive_clusters,finish_first,r02,r02,True,upper,member,local,3,3,8.71522,-0.39336,1.06673,0.37991,0.05959,987,1000,120,56,0,0,0000,---,False,0.18041,0.33444,0.37991,0.05959,9.00325,-0.17649,path_to_final_target,w,"$1,0,0,0,0,0,0,0,0#",20000,20000,Set tank.c app_speed/duty level to the logged pwm before sending the move key/protocol command; e=stop.,9.38223,25.0563,2,5,0,0.13817,-0.01048,3.18284,8.57344,0.33976,3.4434,8.8932,8.5734,0.63971,19,-0.0596,7,0,173.82495,65.01217,0.3279,0.2877,1,False,running
88434632b5,formation_7_smooth_bypass,149,29.8,1784491800,smooth_adaptive_clusters,finish_first,r03,r03,True,upper,member,local,2,3,9.16068,0.29665,0.39602,0.30178,-0.70479,943,646,-176,109,0,0,0000,---,False,0.29901,0.08769,0.30178,-0.70479,9.50888,0.39181,path_to_final_target,d,"$4,0,0,0,0,0,0,0,0#",19000,13000,Set tank.c app_speed/duty level to the logged pwm before sending the move key/protocol command; e=stop.,9.76343,25.97703,0,3,0,0.10387,0.0497,3.14829,8.57344,0.33976,3.4434,8.8932,8.5734,0.63971,19,-0.0596,7,0,173.82495,65.01217,0.3279,0.2877,1,False,running
88434632b5,formation_7_smooth_bypass,149,29.8,1784491800,smooth_adaptive_clusters,finish_first,r04,r04,True,upper,member,local,3,3,7.45897,0.33188,0.49378,0.37967,0.11593,975,1000,-97,36,0,0,0000,---,False,0.33127,0.18617,0.37967,0.11593,7.91398,0.29154,path_to_final_target,w,"$1,0,0,0,0,0,0,0,0#",20000,20000,Set tank.c app_speed/duty level to the logged pwm before sending the move key/protocol command; e=stop.,8.73192,23.63193,5,3,0,0.31329,-0.05963,4.24675,8.57344,0.33976,3.4434,8.8932,8.5734,0.63971,19,-0.0596,7,0,173.82495,65.01217,0.3279,0.2877,1,False,running
88434632b5,formation_7_smooth_bypass,149,29.8,1784491800,smooth_adaptive_clusters,finish_first,r05,r05,True,upper,member,local,3,3,7.91531,0.57906,0.16947,0.37675,-0.36646,1000,914,-109,61,0,0,0000,---,False,0.37762,0.04243,0.37675,-0.36646,8.35174,0.53504,path_to_final_target,d,"$4,0,0,0,0,0,0,0,0#",20000,18000,Set tank.c app_speed/duty level to the logged pwm before sending the move key/protocol command; e=stop.,8.80766,23.59968,5,3,0,0.12277,-0.05963,4.18909,8.57344,0.33976,3.4434,8.8932,8.5734,0.63971,19,-0.0596,7,0,173.82495,65.01217,0.3279,0.2877,1,False,running
88434632b5,formation_7_smooth_bypass,149,29.8,1784491800,smooth_adaptive_clusters,finish_first,r06,r06,True,upper,member,local,2,3,8.88256,0.6105,0.11247,0.27623,-0.62148,858,596,-144,102,0,0,0000,---,False,0.31157,0.00461,0.27623,-0.62148,9.3456,0.61197,path_to_final_target,d,"$4,0,0,0,0,0,0,0,0#",17000,12000,Set tank.c app_speed/duty level to the logged pwm before sending the move key/protocol command; e=stop.,9.11756,24.51795,2,5,0,0.10464,-0.01048,3.60953,8.57344,0.33976,3.4434,8.8932,8.5734,0.63971,19,-0.0596,7,0,173.82495,65.01217,0.3279,0.2877,1,False,running
88434632b5,formation_7_smooth_bypass,149,29.8,1784491800,smooth_adaptive_clusters,finish_first,r07,r07,True,upper,member,local,2,3,9.01981,0.869,-0.04026,0.30894,-0.36614,890,736,-132,130,0,0,0000,---,False,0.31011,-0.03042,0.30894,-0.36614,9.4817,0.82011,path_to_final_target,d,"$4,0,0,0,0,0,0,0,0#",18000,15000,Set tank.c app_speed/duty level to the logged pwm before sending the move key/protocol command; e=stop.,9.65309,25.60199,0,0,0,0.12725,0.07064,2.52334,8.57344,0.33976,3.4434,8.8932,8.5734,0.63971,19,-0.0596,7,0,173.82495,65.01217,0.3279,0.2877,1,False,running
88434632b5,formation_7_smooth_bypass,150,30.0,1784492000,smooth_adaptive_clusters,finish_first,r01,r01,True,center,member,local,2,3,8.91627,0.09984,0.27134,0.28405,-1.18626,997,498,-172,80,0,0,1000,---,False,0.31048,0.02643,0.28405,-1.18626,9.25,0.11768,cached_path_to_final_target,d,"$4,0,0,0,0,0,0,0,0#",20000,10000,Set tank.c app_speed/duty level to the logged pwm before sending the move key/protocol command; e=stop.,9.61308,25.59411,0,3,0,0.13143,0.0497,3.22473,8.62544,0.355,3.3932,8.9474,8.6254,0.62003,19,-0.0596,7,0,174.90792,65.40702,0.282,0.2875,1,False,running
88434632b5,formation_7_smooth_bypass,150,30.0,1784492000,smooth_adaptive_clusters,finish_first,r02,r02,True,center,member,local,3,3,8.75049,-0.3525,0.85865,0.26991,-1.04041,929,491,135,60,0,0,0000,---,False,0.27954,0.13767,0.26991,-1.04041,9.06655,-0.22033,cached_path_to_final_target,d,"$4,0,0,0,0,0,0,0,0#",19000,10000,Set tank.c app_speed/duty level to the logged pwm before sending the move key/protocol command; e=stop.,9.43621,25.21918,2,5,0,0.13817,-0.01048,3.14524,8.62544,0.355,3.3932,8.9474,8.6254,0.62003,19,-0.0596,7,0,174.90792,65.40702,0.282,0.2875,1,False,running
88434632b5,formation_7_smooth_bypass,150,30.0,1784492000,smooth_adaptive_clusters,finish_first,r03,r03,True,center,member,local,2,3,9.21877,0.31048,0.23365,0.29859,-0.81186,957,615,-167,115,0,0,0000,---,False,0.30985,0.03299,0.29859,-0.81186,9.56563,0.33976,cached_path_to_final_target,d,"$4,0,0,0,0,0,0,0,0#",19000,12000,Set tank.c app_speed/duty level to the logged pwm before sending the move key/protocol command; e=stop.,9.82315,26.13675,0,3,0,0.10387,0.0497,3.09309,8.62544,0.355,3.3932,8.9474,8.6254,0.62003,19,-0.0596,7,0,174.90792,65.40702,0.282,0.2875,1,False,running
88434632b5,formation_7_smooth_bypass,150,30.0,1784492000,smooth_adaptive_clusters,finish_first,r04,r04,True,center,member,local,3,3,7.52698,0.36548,0.4589,0.37926,-0.17437,1000,961,-100,39,0,0,0000,---,False,0.34517,0.15893,0.37926,-0.17437,7.98078,0.30245,cached_path_to_final_target,w,"$1,0,0,0,0,0,0,0,0#",20000,19000,Set tank.c app_speed/duty level to the logged pwm before sending the move key/protocol command; e=stop.,8.80777,23.83249,5,3,0,0.31329,-0.05963,4.18048,8.62544,0.355,3.3932,8.9474,8.6254,0.62003,19,-0.0596,7,0,174.90792,65.40702,0.282,0.2875,1,False,running
88434632b5,formation_7_smooth_bypass,150,30.0,1784492000,smooth_adaptive_clusters,finish_first,r05,r05,True,center,member,local,3,3,7.99037,0.58676,0.1022,0.37726,-0.33632,1000,922,-109,62,0,0,0000,---,False,0.37954,0.01875,0.37726,-0.33632,8.42817,0.52573,cached_path_to_final_target,d,"$4,0,0,0,0,0,0,0,0#",20000,18000,Set tank.c app_speed/duty level to the logged pwm before sending the move key/protocol command; e=stop.,8.88311,23.79373,5,3,0,0.12277,-0.05963,4.11527,8.62544,0.355,3.3932,8.9474,8.6254,0.62003,19,-0.0596,7,0,174.90792,65.40702,0.282,0.2875,1,False,running
88434632b5,formation_7_smooth_bypass,150,30.0,1784492000,smooth_adaptive_clusters,finish_first,r06,r06,True,center,member,local,2,3,8.91581,0.6102,-0.009,0.16623,-0.60737,565,310,-138,104,0,0,0000,---,False,0.14527,-0.01523,0.16623,-0.60737,9.40346,0.56116,cached_path_to_final_target; completion_unstuck,d,"$4,0,0,0,0,0,0,0,0#",11000,6000,Set tank.c app_speed/duty level to the logged pwm before sending the move key/protocol command; e=stop.,9.15081,24.61506,2,5,0,0.10464,-0.01048,3.57653,8.62544,0.355,3.3932,8.9474,8.6254,0.62003,19,-0.0596,7,0,174.90792,65.40702,0.282,0.2875,1,False,running
88434632b5,formation_7_smooth_bypass,150,30.0,1784492000,smooth_adaptive_clusters,finish_first,r07,r07,True,center,member,local,2,3,9.05937,0.86474,-0.1072,0.19894,-0.33468,594,453,-129,132,0,0,0000,---,False,0.1444,-0.02327,0.19894,-0.33468,9.53923,0.79337,cached_path_to_final_target; completion_unstuck,d,"$4,0,0,0,0,0,0,0,0#",12000,9000,Set tank.c app_speed/duty level to the logged pwm before sending the move key/protocol command; e=stop.,9.69288,25.7166,0,0,0,0.12725,0.0702,2.48361,8.62544,0.355,3.3932,8.9474,8.6254,0.62003,19,-0.0596,7,0,174.90792,65.40702,0.282,0.2875,1,False,running
88434632b5,formation_7_smooth_bypass,151,30.2,1784492200,smooth_adaptive_clusters,finish_first,r01,r01,True,center,member,local,2,3,8.97509,0.1051,0.08925,0.29527,-0.91042,969,585,-162,86,0,0,1000,---,False,0.31115,-0.01676,0.29527,-0.91042,9.31617,0.0783,path_to_final_target,d,"$4,0,0,0,0,0,0,0,0#",19000,12000,Set tank.c app_speed/duty level to the logged pwm before sending the move key/protocol command; e=stop.,9.67214,25.75435,0,3,0,0.13143,0.0497,3.16805,8.68611,0.36312,3.3337,9.0086,8.6861,0.60839,19,-0.0596,7,0,176.0939,65.84591,0.3135,0.2876,1,False,running
88434632b5,formation_7_smooth_bypass,151,30.2,1784492200,smooth_adaptive_clusters,finish_first,r02,r02,True,center,member,local,2,3,8.79502,-0.32695,0.52105,0.25667,-1.68797,1000,320,155,64,0,0,0000,---,False,0.30146,0.07884,0.25667,-1.68797,9.13699,-0.25142,path_to_final_target,d,"$4,0,0,0,0,0,0,0,0#",20000,6000,Set tank.c app_speed/duty level to the logged pwm before sending the move key/protocol command; e=stop.,9.48755,25.35974,2,5,0,0.13817,-0.01048,3.09953,8.68611,0.36312,3.3337,9.0086,8.6861,0.60839,19,-0.0596,7,0,176.0939,65.84591,0.3135,0.2876,1,False,running
88434632b5,formation_7_smooth_bypass,151,30.2,1784492200,smooth_adaptive_clusters,finish_first,r03,r03,True,center,member,local,2,3,9.27878,0.31582,0.08883,0.30124,-0.72412,945,640,-159,121,0,0,0000,---,False,0.3115,-0.00778,0.30124,-0.72412,9.63166,0.30017,path_to_final_target,d,"$4,0,0,0,0,0,0,0,0#",19000,13000,Set tank.c app_speed/duty level to the logged pwm before sending the move key/protocol command; e=stop.,9.88339,26.29755,0,3,0,0.10387,0.0497,3.03477,8.68611,0.36312,3.3337,9.0086,8.6861,0.60839,19,-0.0596,7,0,176.0939,65.84591,0.3135,0.2876,1,False,running
88434632b5,formation_7_smooth_bypass,151,30.2,1784492200,smooth_adaptive_clusters,finish_first,r04,r04,True,center,member,local,3,3,7.59652,0.39522,0.40403,0.37818,-0.27435,1000,937,-102,42,0,0,0000,---,False,0.35552,0.13419,0.37818,-0.27435,8.04826,0.32586,path_to_final_target,w,"$1,0,0,0,0,0,0,0,0#",20000,19000,Set tank.c app_speed/duty level to the logged pwm before sending the move key/protocol command; e=stop.,8.88341,24.02879,5,3,0,0.31329,-0.05963,4.11277,8.68611,0.36312,3.3337,9.0086,8.6861,0.60839,19,-0.0596,7,0,176.0939,65.84591,0.3135,0.2876,1,False,running
88434632b5,formation_7_smooth_bypass,151,30.2,1784492200,smooth_adaptive_clusters,finish_first,r05,r05,True,center,member,local,3,3,8.06588,0.59005,0.04352,0.37792,-0.2934,1000,933,-110,62,0,0,0000,---,False,0.38,-0.00098,0.37792,-0.2934,8.50514,0.52668,path_to_final_target,w,"$1,0,0,0,0,0,0,0,0#",20000,19000,Set tank.c app_speed/duty level to the logged pwm before sending the move key/protocol command; e=stop.,8.95869,23.98903,5,3,0,0.12277,-0.05963,4.04058,8.68611,0.36312,3.3337,9.0086,8.6861,0.60839,19,-0.0596,7,0,176.0939,65.84591,0.3135,0.2876,1,False,running
88434632b5,formation_7_smooth_bypass,151,30.2,1784492200,smooth_adaptive_clusters,finish_first,r06,r06,True,center,member,local,2,3,8.97091,0.60618,-0.07279,0.27623,-0.31894,794,660,-136,108,0,0,0000,---,False,0.30925,-0.0382,0.27623,-0.31894,9.44447,0.54489,path_to_final_target,d,"$4,0,0,0,0,0,0,0,0#",16000,13000,Set tank.c app_speed/duty level to the logged pwm before sending the move key/protocol command; e=stop.,9.20606,24.77325,2,5,0,0.10464,-0.01048,3.52138,8.68611,0.36312,3.3337,9.0086,8.6861,0.60839,19,-0.0596,7,0,176.0939,65.84591,0.3135,0.2876,1,False,running
88434632b5,formation_7_smooth_bypass,151,30.2,1784492200,smooth_adaptive_clusters,finish_first,r07,r07,True,center,member,local,2,3,9.1206,0.85645,-0.1347,0.30894,-0.1375,842,784,-129,136,0,0,0000,---,False,0.3078,-0.04851,0.30894,-0.1375,9.58413,0.78205,path_to_final_target,w,"$1,0,0,0,0,0,0,0,0#",17000,16000,Set tank.c app_speed/duty level to the logged pwm before sending the move key/protocol command; e=stop.,9.75467,25.89121,0,0,0,0.12725,0.06958,2.42184,8.68611,0.36312,3.3337,9.0086,8.6861,0.60839,19,-0.0596,7,0,176.0939,65.84591,0.3135,0.2876,1,False,running
88434632b5,formation_7_smooth_bypass,152,30.4,1784492400,smooth_adaptive_clusters,finish_first,r01,r01,True,center,member,local,2,3,9.03581,0.1029,-0.03623,0.30381,-0.62744,932,667,-156,91,0,0,1000,---,False,0.30877,-0.04189,0.30381,-0.62744,9.38744,0.04917,cached_path_to_final_target,d,"$4,0,0,0,0,0,0,0,0#",19000,13000,Set tank.c app_speed/duty level to the logged pwm before sending the move key/protocol command; e=stop.,9.7329,25.91897,0,3,0,0.13143,0.0497,3.10809,8.74589,0.36684,3.2747,9.0685,8.7459,0.59575,18,-0.0596,7,0,177.24015,66.27237,0.3046,0.2877,1,False,running
88434632b5,formation_7_smooth_bypass,152,30.4,1784492400,smooth_adaptive_clusters,finish_first,r02,r02,True,center,member,local,2,3,8.85011,-0.30956,0.30575,0.28885,-1.0765,987,534,168,70,0,0,0000,---,False,0.3087,0.04243,0.28885,-1.0765,9.2118,-0.26966,cached_path_to_final_target,d,"$4,0,0,0,0,0,0,0,0#",20000,11000,Set tank.c app_speed/duty level to the logged pwm before sending the move key/protocol command; e=stop.,9.54532,25.52169,2,5,0,0.13817,-0.01048,3.04375,8.74589,0.36684,3.2747,9.0685,8.7459,0.59575,18,-0.0596,7,0,177.24015,66.27237,0.3046,0.2877,1,False,running
88434632b5,formation_7_smooth_bypass,152,30.4,1784492400,smooth_adaptive_clusters,finish_first,r03,r03,True,center,member,local,2,3,9.33994,0.31466,-0.01894,0.30585,-0.53884,918,691,-154,127,0,0,0000,---,False,0.30993,-0.03223,0.30585,-0.53884,9.7032,0.27169,cached_path_to_final_target,d,"$4,0,0,0,0,0,0,0,0#",18000,14000,Set tank.c app_speed/duty level to the logged pwm before sending the move key/protocol command; e=stop.,9.94456,26.46189,0,3,0,0.10387,0.0497,2.97428,8.74589,0.36684,3.2747,9.0685,8.7459,0.59575,18,-0.0596,7,0,177.24015,66.27237,0.3046,0.2877,1,False,running
88434632b5,formation_7_smooth_bypass,152,30.4,1784492400,smooth_adaptive_clusters,finish_first,r04,r04,True,center,member,local,3,3,7.66767,0.42063,0.34303,0.37775,-0.30501,1000,930,-104,45,0,0,0000,---,False,0.36357,0.11052,0.37775,-0.30501,8.11701,0.35057,cached_path_to_final_target,w,"$1,0,0,0,0,0,0,0,0#",20000,19000,Set tank.c app_speed/duty level to the logged pwm before sending the move key/protocol command; e=stop.,8.95896,24.22364,5,3,0,0.31329,-0.05963,4.04344,8.74589,0.36684,3.2747,9.0685,8.7459,0.59575,18,-0.0596,7,0,177.24015,66.27237,0.3046,0.2877,1,False,running
88434632b5,formation_7_smooth_bypass,152,30.4,1784492400,smooth_adaptive_clusters,finish_first,r05,r05,True,center,member,local,3,3,8.14154,0.58936,-0.00907,0.37833,-0.26297,1000,940,-111,63,0,0,0000,---,False,0.37952,-0.01914,0.37833,-0.26297,8.58097,0.52818,cached_path_to_final_target,w,"$1,0,0,0,0,0,0,0,0#",20000,19000,Set tank.c app_speed/duty level to the logged pwm before sending the move key/protocol command; e=stop.,9.03436,24.18488,5,3,0,0.12277,-0.05963,3.96531,8.74589,0.36684,3.2747,9.0685,8.7459,0.59575,18,-0.0596,7,0,177.24015,66.27237,0.3046,0.2877,1,False,running
88434632b5,formation_7_smooth_bypass,152,30.4,1784492400,smooth_adaptive_clusters,finish_first,r06,r06,True,center,member,local,2,3,9.00397,0.60268,-0.10564,0.16623,-0.16427,472,403,-135,111,0,0,0000,---,False,0.10812,-0.0143,0.16623,-0.16427,9.4953,0.53685,cached_path_to_final_target,w,"$1,0,0,0,0,0,0,0,0#",9000,8000,Set tank.c app_speed/duty level to the logged pwm before sending the move key/protocol command; e=stop.,9.2393,24.87176,2,5,0,0.10464,-0.01048,3.48814,8.74589,0.36684,3.2747,9.0685,8.7459,0.59575,18,-0.0596,7,0,177.24015,66.27237,0.3046,0.2877,1,False,running
88434632b5,formation_7_smooth_bypass,152,30.4,1784492400,smooth_adaptive_clusters,finish_first,r07,r07,True,center,member,local,2,3,9.18221,0.84721,-0.14882,0.3115,-0.07062,835,805,-130,140,0,0,0000,---,False,0.30762,-0.04962,0.3115,-0.07062,9.64042,0.7726,cached_path_to_final_target,w,"$1,0,0,0,0,0,0,0,0#",17000,16000,Set tank.c app_speed/duty level to the logged pwm before sending the move key/protocol command; e=stop.,9.81697,26.05733,0,0,0,0.12725,0.06958,2.35954,8.74589,0.36684,3.2747,9.0685,8.7459,0.59575,18,-0.0596,7,0,177.24015,66.27237,0.3046,0.2877,1,False,running
88434632b5,formation_7_smooth_bypass,153,30.6,1784492600,smooth_adaptive_clusters,finish_first,r01,r01,True,center,member,local,2,3,9.09712,0.09584,-0.11463,0.30855,-0.39196,894,729,-152,97,0,0,1000,---,False,0.30677,-0.05463,0.30855,-0.39196,9.46123,0.02715,cached_path_to_final_target,d,"$4,0,0,0,0,0,0,0,0#",18000,15000,Set tank.c app_speed/duty level to the logged pwm before sending the move key/protocol command; e=stop.,9.79461,26.08524,0,3,0,0.13143,0.0497,3.04662,8.80503,0.36718,3.216,9.1276,8.805,0.58268,19,-0.0596,7,0,178.35856,66.69194,0.2997,0.2877,1,False,running
88434632b5,formation_7_smooth_bypass,153,30.6,1784492600,smooth_adaptive_clusters,finish_first,r02,r02,True,center,member,local,2,3,8.90983,-0.29893,0.17614,0.30329,-0.64806,935,662,176,76,0,0,0000,---,False,0.31074,0.02313,0.30329,-0.64806,9.28846,-0.27693,cached_path_to_final_target,d,"$4,0,0,0,0,0,0,0,0#",19000,13000,Set tank.c app_speed/duty level to the logged pwm before sending the move key/protocol command; e=stop.,9.60598,25.68804,2,5,0,0.13817,-0.01048,2.98366,8.80503,0.36718,3.216,9.1276,8.805,0.58268,19,-0.0596,7,0,178.35856,66.69194,0.2997,0.2877,1,False,running
88434632b5,formation_7_smooth_bypass,153,30.6,1784492600,smooth_adaptive_clusters,finish_first,r03,r03,True,center,member,local,2,3,9.40153,0.30915,-0.08927,0.30915,-0.35164,888,740,-151,132,0,0,0000,---,False,0.30835,-0.04488,0.30915,-0.35164,9.77737,0.251,cached_path_to_final_target,d,"$4,0,0,0,0,0,0,0,0#",18000,15000,Set tank.c app_speed/duty level to the logged pwm before sending the move key/protocol command; e=stop.,10.00639,26.62806,0,3,0,0.10387,0.0497,2.91265,8.80503,0.36718,3.216,9.1276,8.805,0.58268,19,-0.0596,7,0,178.35856,66.69194,0.2997,0.2877,1,False,running
88434632b5,formation_7_smooth_bypass,153,30.6,1784492600,smooth_adaptive_clusters,finish_first,r04,r04,True,center,member,local,3,3,7.74024,0.44157,0.28097,0.37767,-0.3103,1000,929,-105,47,0,0,0000,---,False,0.3698,0.08745,0.37767,-0.3103,8.18725,0.37294,cached_path_to_final_target,w,"$1,0,0,0,0,0,0,0,0#",20000,19000,Set tank.c app_speed/duty level to the logged pwm before sending the move key/protocol command; e=stop.,9.03449,24.41811,5,3,0,0.31329,-0.05963,3.97257,8.80503,0.36718,3.216,9.1276,8.805,0.58268,19,-0.0596,7,0,178.35856,66.69194,0.2997,0.2877,1,False,running
88434632b5,formation_7_smooth_bypass,153,30.6,1784492600,smooth_adaptive_clusters,finish_first,r05,r05,True,center,member,local,3,3,8.21713,0.585,-0.05772,0.37857,-0.24323,1000,945,-112,64,0,0,0000,---,False,0.37825,-0.0364,0.37857,-0.24323,8.65659,0.5274,cached_path_to_final_target,w,"$1,0,0,0,0,0,0,0,0#",20000,19000,Set tank.c app_speed/duty level to the logged pwm before sending the move key/protocol command; e=stop.,9.11007,24.38111,5,3,0,0.12277,-0.05963,3.88972,8.80503,0.36718,3.216,9.1276,8.805,0.58268,19,-0.0596,7,0,178.35856,66.69194,0.2997,0.2877,1,False,running
88434632b5,formation_7_smooth_bypass,153,30.6,1784492600,smooth_adaptive_clusters,finish_first,r06,r06,True,center,member,local,2,3,9.02561,0.60005,-0.12089,0.10902,-0.07621,303,271,-134,112,0,0,0000,---,False,0.1081,-0.01445,0.10902,-0.07621,9.53367,0.53188,cached_path_to_final_target,w,"$1,0,0,0,0,0,0,0,0#",6000,5000,Set tank.c app_speed/duty level to the logged pwm before sending the move key/protocol command; e=stop.,9.2611,24.93505,2,5,0,0.10464,-0.01048,3.46634,8.80503,0.36718,3.216,9.1276,8.805,0.58268,19,-0.0596,7,0,178.35856,66.69194,0.2997,0.2877,1,False,running
88434632b5,formation_7_smooth_bypass,153,30.6,1784492600,smooth_adaptive_clusters,finish_first,r07,r07,True,center,member,local,2,3,9.24378,0.83756,-0.15549,0.31158,-0.03337,827,813,-131,144,0,0,0000,---,False,0.30758,-0.04987,0.31158,-0.03337,9.70042,0.76319,cached_path_to_final_target,w,"$1,0,0,0,0,0,0,0,0#",17000,16000,Set tank.c app_speed/duty level to the logged pwm before sending the move key/protocol command; e=stop.,9.87929,26.22295,0,0,0,0.12725,0.06958,2.29723,8.80503,0.36718,3.216,9.1276,8.805,0.58268,19,-0.0596,7,0,178.35856,66.69194,0.2997,0.2877,1,False,running
88434632b5,formation_7_smooth_bypass,154,30.8,1784492800,smooth_adaptive_clusters,finish_first,r01,r01,True,center,member,local,2,3,9.15845,0.08597,-0.1596,0.3106,-0.22485,865,770,-151,103,0,0,1000,---,False,0.3057,-0.06036,0.3106,-0.22485,9.5361,0.00917,path_to_final_target,d,"$4,0,0,0,0,0,0,0,0#",17000,15000,Set tank.c app_speed/duty level to the logged pwm before sending the move key/protocol command; e=stop.,9.85673,26.25182,0,3,0,0.13143,0.0497,2.98456,8.86455,0.36495,3.1566,9.1872,8.8646,0.57002,19,-0.0596,7,0,179.47332,67.11342,0.3011,0.2878,1,False,running
88434632b5,formation_7_smooth_bypass,154,30.8,1784492800,smooth_adaptive_clusters,finish_first,r02,r02,True,center,member,local,2,3,8.97129,-0.29253,0.10368,0.309,-0.36228,889,737,-180,82,0,0,0000,---,False,0.31126,0.01456,0.309,-0.36228,9.36545,-0.27761,path_to_final_target,d,"$4,0,0,0,0,0,0,0,0#",18000,15000,Set tank.c app_speed/duty level to the logged pwm before sending the move key/protocol command; e=stop.,9.66778,25.85519,2,5,0,0.13817,-0.01048,2.922,8.86455,0.36495,3.1566,9.1872,8.8646,0.57002,19,-0.0596,7,0,179.47332,67.11342,0.3011,0.2878,1,False,running
88434632b5,formation_7_smooth_bypass,154,30.8,1784492800,smooth_adaptive_clusters,finish_first,r03,r03,True,center,member,local,2,3,9.46314,0.30105,-0.13073,0.31075,-0.20729,861,774,-150,138,0,0,0000,---,False,0.30745,-0.05066,0.31075,-0.20729,9.85265,0.23482,path_to_final_target,d,"$4,0,0,0,0,0,0,0,0#",17000,15000,Set tank.c app_speed/duty level to the logged pwm before sending the move key/protocol command; e=stop.,10.06854,26.79438,0,3,0,0.10387,0.0497,2.85056,8.86455,0.36495,3.1566,9.1872,8.8646,0.57002,19,-0.0596,7,0,179.47332,67.11342,0.3011,0.2878,1,False,running
88434632b5,formation_7_smooth_bypass,154,30.8,1784492800,smooth_adaptive_clusters,finish_first,r04,r04,True,center,member,local,3,3,7.81397,0.45804,0.21974,0.37773,-0.30613,1000,930,-107,49,0,0,0000,---,False,0.37442,0.0649,0.37773,-0.30613,8.25894,0.3918,path_to_final_target,w,"$1,0,0,0,0,0,0,0,0#",20000,19000,Set tank.c app_speed/duty level to the logged pwm before sending the move key/protocol command; e=stop.,9.11004,24.61267,5,3,0,0.31329,-0.05963,3.90036,8.86455,0.36495,3.1566,9.1872,8.8646,0.57002,19,-0.0596,7,0,179.47332,67.11342,0.3011,0.2878,1,False,running
88434632b5,formation_7_smooth_bypass,154,30.8,1784492800,smooth_adaptive_clusters,finish_first,r05,r05,True,center,member,local,3,3,8.29246,0.57716,-0.10365,0.37872,-0.22964,1000,948,-113,65,0,0,0000,---,False,0.3763,-0.05293,0.37872,-0.22964,8.73215,0.52369,path_to_final_target,w,"$1,0,0,0,0,0,0,0,0#",20000,19000,Set tank.c app_speed/duty level to the logged pwm before sending the move key/protocol command; e=stop.,9.18582,24.57757,5,3,0,0.12277,-0.05963,3.81398,8.86455,0.36495,3.1566,9.1872,8.8646,0.57002,19,-0.0596,7,0,179.47332,67.11342,0.3011,0.2878,1,False,running
88434632b5,formation_7_smooth_bypass,154,30.8,1784492800,smooth_adaptive_clusters,finish_first,r06,r06,True,center,member,local,2,3,9.04725,0.59727,-0.12765,0.10905,-0.03383,294,280,-135,114,0,0,0000,---,False,0.1081,-0.01446,0.10905,-0.03383,9.56033,0.52852,path_to_final_target,w,"$1,0,0,0,0,0,0,0,0#",6000,6000,Set tank.c app_speed/duty level to the logged pwm before sending the move key/protocol command; e=stop.,9.28292,24.99331,2,5,0,0.10464,-0.01048,3.44453,8.86455,0.36495,3.1566,9.1872,8.8646,0.57002,19,-0.0596,7,0,179.47332,67.11342,0.3011,0.2878,1,False,running
88434632b5,formation_7_smooth_bypass,154,30.8,1784492800,smooth_adaptive_clusters,finish_first,r07,r07,True,center,member,local,2,3,9.30531,0.82772,-0.15849,0.3116,-0.01499,823,817,-132,148,0,0,0000,---,False,0.30758,-0.0499,0.3116,-0.01499,9.7615,0.75356,path_to_final_target,w,"$1,0,0,0,0,0,0,0,0#",16000,16000,Set tank.c app_speed/duty level to the logged pwm before sending the move key/protocol command; e=stop.,9.94161,26.38838,0,0,0,0.12725,0.06958,2.23491,8.86455,0.36495,3.1566,9.1872,8.8646,0.57002,19,-0.0596,7,0,179.47332,67.11342,0.3011,0.2878,1,False,running
88434632b5,formation_7_smooth_bypass,155,31.0,1784493000,smooth_adaptive_clusters,finish_first,r01,r01,True,center,member,local,2,3,9.21966,0.07461,-0.18346,0.31132,-0.11931,844,794,-151,109,0,0,0000,---,False,0.30525,-0.06258,0.31132,-0.11931,9.6114,-0.00689,cached_path_to_final_target,w,"$1,0,0,0,0,0,0,0,0#",17000,16000,Set tank.c app_speed/duty level to the logged pwm before sending the move key/protocol command; e=stop.,9.91899,26.41798,0,3,0,0.13143,0.0497,2.92231,8.92731,0.36046,3.0938,9.2501,8.9273,0.5597,19,-0.0596,7,0,180.65449,67.5576,0.3173,0.288,1,False,running
88434632b5,formation_7_smooth_bypass,155,31.0,1784493000,smooth_adaptive_clusters,finish_first,r02,r02,True,center,member,local,2,3,9.03334,-0.28842,0.06614,0.3109,-0.1877,858,779,-178,88,0,0,0000,---,False,0.31139,0.01142,0.3109,-0.1877,9.44242,-0.27526,cached_path_to_final_target,w,"$1,0,0,0,0,0,0,0,0#",17000,16000,Set tank.c app_speed/duty level to the logged pwm before sending the move key/protocol command; e=stop.,9.72996,26.02203,2,5,0,0.13817,-0.01048,2.85985,8.92731,0.36046,3.0938,9.2501,8.9273,0.5597,19,-0.0596,7,0,180.65449,67.5576,0.3173,0.288,1,False,running
88434632b5,formation_7_smooth_bypass,155,31.0,1784493000,smooth_adaptive_clusters,finish_first,r03,r03,True,center,member,local,2,3,9.52469,0.29155,-0.15313,0.31135,-0.11202,843,796,-149,144,0,0,0000,---,False,0.30707,-0.05294,0.31135,-0.11202,9.92837,0.22084,cached_path_to_final_target,w,"$1,0,0,0,0,0,0,0,0#",17000,16000,Set tank.c app_speed/duty level to the logged pwm before sending the move key/protocol command; e=stop.,10.13081,26.96052,0,3,0,0.10387,0.0497,2.7883,8.92731,0.36046,3.0938,9.2501,8.9273,0.5597,19,-0.0596,7,0,180.65449,67.5576,0.3173,0.288,1,False,running
88434632b5,formation_7_smooth_bypass,155,31.0,1784493000,smooth_adaptive_clusters,finish_first,r04,r04,True,center,member,local,3,3,7.88857,0.47008,0.16008,0.37785,-0.29831,1000,932,-108,50,0,0,0000,---,False,0.37757,0.04292,0.37785,-0.29831,8.33189,0.40682,cached_path_to_final_target,w,"$1,0,0,0,0,0,0,0,0#",20000,19000,Set tank.c app_speed/duty level to the logged pwm before sending the move key/protocol command; e=stop.,9.18561,24.80746,5,3,0,0.31329,-0.05963,3.82703,8.92731,0.36046,3.0938,9.2501,8.9273,0.5597,19,-0.0596,7,0,180.65449,67.5576,0.3173,0.288,1,False,running
88434632b5,formation_7_smooth_bypass,155,31.0,1784493000,smooth_adaptive_clusters,finish_first,r05,r05,True,center,member,local,3,3,8.36741,0.56603,-0.14748,0.37884,-0.21916,1000,951,-114,67,0,0,0000,---,False,0.37373,-0.06875,0.37884,-0.21916,8.80754,0.51702,cached_path_to_final_target,w,"$1,0,0,0,0,0,0,0,0#",20000,19000,Set tank.c app_speed/duty level to the logged pwm before sending the move key/protocol command; e=stop.,9.26158,24.7743,5,3,0,0.12277,-0.05963,3.73825,8.92731,0.36046,3.0938,9.2501,8.9273,0.5597,19,-0.0596,7,0,180.65449,67.5576,0.3173,0.288,1,False,running
88434632b5,formation_7_smooth_bypass,155,31.0,1784493000,smooth_adaptive_clusters,finish_first,r06,r06,True,center,member,local,2,3,9.09068,0.59156,-0.13061,0.21905,-0.01481,580,573,-135,117,0,0,0000,---,False,0.30885,-0.0413,0.21905,-0.01481,9.58347,0.52556,cached_path_to_final_target,w,"$1,0,0,0,0,0,0,0,0#",12000,11000,Set tank.c app_speed/duty level to the logged pwm before sending the move key/protocol command; e=stop.,9.32673,25.11848,2,5,0,0.10464,-0.01048,3.40072,8.92731,0.36046,3.0938,9.2501,8.9273,0.5597,19,-0.0596,7,0,180.65449,67.5576,0.3173,0.288,1,False,running
88434632b5,formation_7_smooth_bypass,155,31.0,1784493000,smooth_adaptive_clusters,finish_first,r07,r07,True,center,member,local,2,3,9.36684,0.81781,-0.1598,0.3116,-0.00651,821,819,-133,153,0,0,0000,---,False,0.30758,-0.0499,0.3116,-0.00651,9.8229,0.74376,cached_path_to_final_target,w,"$1,0,0,0,0,0,0,0,0#",16000,16000,Set tank.c app_speed/duty level to the logged pwm before sending the move key/protocol command; e=stop.,10.00393,26.55372,0,0,0,0.12725,0.06958,2.17259,8.92731,0.36046,3.0938,9.2501,8.9273,0.5597,19,-0.0596,7,0,180.65449,67.5576,0.3173,0.288,1,False,running
88434632b5,formation_7_smooth_bypass,156,31.2,1784493200,smooth_adaptive_clusters,finish_first,r01,r01,True,center,member,local,2,3,9.28079,0.06253,-0.19519,0.31153,-0.05865,832,807,-151,115,0,0,0100,---,False,0.30511,-0.06325,0.31153,-0.05865,9.68686,-0.02224,cached_path_to_final_target,w,"$1,0,0,0,0,0,0,0,0#",17000,16000,Set tank.c app_speed/duty level to the logged pwm before sending the move key/protocol command; e=stop.,9.9813,26.58375,0,3,0,0.13143,0.0497,2.86,8.9927,0.35418,3.0281,9.3158,8.9927,0.55103,19,-0.0596,7,0,181.88229,68.02053,0.3307,0.2882,1,False,running
88434632b5,formation_7_smooth_bypass,156,31.2,1784493200,smooth_adaptive_clusters,finish_first,r02,r02,True,center,member,local,2,3,9.09555,-0.28543,0.04813,0.31144,-0.09007,839,801,-177,94,0,0,0000,---,False,0.31142,0.01058,0.31144,-0.09007,9.51935,-0.2719,cached_path_to_final_target,w,"$1,0,0,0,0,0,0,0,0#",17000,16000,Set tank.c app_speed/duty level to the logged pwm before sending the move key/protocol command; e=stop.,9.79224,26.1883,2,5,0,0.13817,-0.01048,2.79757,8.9927,0.35418,3.0281,9.3158,8.9927,0.55103,19,-0.0596,7,0,181.88229,68.02053,0.3307,0.2882,1,False,running
88434632b5,formation_7_smooth_bypass,156,31.2,1784493200,smooth_adaptive_clusters,finish_first,r03,r03,True,center,member,local,2,3,9.58615,0.28136,-0.1643,0.31154,-0.05584,832,808,-150,149,0,0,0000,---,False,0.30694,-0.05366,0.31154,-0.05584,10.00424,0.20771,cached_path_to_final_target,w,"$1,0,0,0,0,0,0,0,0#",17000,16000,Set tank.c app_speed/duty level to the logged pwm before sending the move key/protocol command; e=stop.,10.19312,27.12635,0,3,0,0.10387,0.0497,2.72599,8.9927,0.35418,3.0281,9.3158,8.9927,0.55103,19,-0.0596,7,0,181.88229,68.02053,0.3307,0.2882,1,False,running
88434632b5,formation_7_smooth_bypass,156,31.2,1784493200,smooth_adaptive_clusters,finish_first,r04,r04,True,center,member,local,3,3,7.96377,0.4778,0.10227,0.37798,-0.28904,1000,934,-109,51,0,0,0000,---,False,0.37939,0.02159,0.37798,-0.28904,8.40584,0.41794,cached_path_to_final_target,w,"$1,0,0,0,0,0,0,0,0#",20000,19000,Set tank.c app_speed/duty level to the logged pwm before sending the move key/protocol command; e=stop.,9.2612,25.00248,5,3,0,0.31329,-0.05963,3.75279,8.9927,0.35418,3.0281,9.3158,8.9927,0.55103,19,-0.0596,7,0,181.88229,68.02053,0.3307,0.2882,1,False,running
88434632b5,formation_7_smooth_bypass,156,31.2,1784493200,smooth_adaptive_clusters,finish_first,r05,r05,True,center,member,local,3,3,8.44184,0.55175,-0.18951,0.37893,-0.21018,1000,953,-115,69,0,0,0000,---,False,0.37063,-0.08387,0.37893,-0.21018,8.88265,0.50747,cached_path_to_final_target,w,"$1,0,0,0,0,0,0,0,0#",20000,19000,Set tank.c app_speed/duty level to the logged pwm before sending the move key/protocol command; e=stop.,9.33737,24.97121,5,3,0,0.12277,-0.05963,3.66269,8.9927,0.35418,3.0281,9.3158,8.9927,0.55103,19,-0.0596,7,0,181.88229,68.02053,0.3307,0.2882,1,False,running
88434632b5,formation_7_smooth_bypass,156,31.2,1784493200,smooth_adaptive_clusters,finish_first,r06,r06,True,center,member,local,2,3,9.15246,0.58337,-0.13192,0.3116,-0.00653,821,819,-137,122,0,0,0000,---,False,0.30885,-0.0413,0.3116,-0.00653,9.62082,0.52067,cached_path_to_final_target,w,"$1,0,0,0,0,0,0,0,0#",16000,16000,Set tank.c app_speed/duty level to the logged pwm before sending the move key/protocol command; e=stop.,9.38905,25.29121,2,5,0,0.10464,-0.01048,3.3384,8.9927,0.35418,3.0281,9.3158,8.9927,0.55103,19,-0.0596,7,0,181.88229,68.02053,0.3307,0.2882,1,False,running
88434632b5,formation_7_smooth_bypass,156,31.2,1784493200,smooth_adaptive_clusters,finish_first,r07,r07,True,center,member,local,2,3,9.42836,0.80785,-0.16035,0.3116,-0.00276,821,819,-135,157,0,0,0000,---,False,0.30758,-0.04988,0.3116,-0.00276,9.88439,0.73387,cached_path_to_final_target,w,"$1,0,0,0,0,0,0,0,0#",16000,16000,Set tank.c app_speed/duty level to the logged pwm before sending the move key/protocol command; e=stop.,10.06625,26.719,0,0,0,0.12725,0.06958,2.11027,8.9927,0.35418,3.0281,9.3158,8.9927,0.55103,19,-0.0596,7,0,181.88229,68.02053,0.3307,0.2882,1,False,running
88434632b5,formation_7_smooth_bypass,157,31.4,1784493400,smooth_adaptive_clusters,finish_first,r01,r01,True,center,member,local,2,3,9.34186,0.05012,-0.20052,0.31159,-0.02668,826,814,-152,120,0,0,0100,---,False,0.30509,-0.06335,0.31159,-0.02668,9.76234,-0.03745,path_to_final_target,w,"$1,0,0,0,0,0,0,0,0#",17000,16000,Set tank.c app_speed/duty level to the logged pwm before sending the move key/protocol command; e=stop.,10.04362,26.74932,0,3,0,0.13143,0.0497,2.79768,9.05805,0.34669,2.9623,9.3816,9.058,0.54215,19,-0.0596,7,0,183.10195,68.48354,0.3307,0.2885,1,False,running
88434632b5,formation_7_smooth_bypass,157,31.4,1784493400,smooth_adaptive_clusters,finish_first,r02,r02,True,center,member,local,2,3,9.15782,-0.28293,0.04013,0.31157,-0.04,828,811,-177,101,0,0,0000,---,False,0.31142,0.01054,0.31157,-0.04,9.59627,-0.26848,path_to_final_target,w,"$1,0,0,0,0,0,0,0,0#",17000,16000,Set tank.c app_speed/duty level to the logged pwm before sending the move key/protocol command; e=stop.,9.85456,26.35395,2,5,0,0.13817,-0.01048,2.73526,9.05805,0.34669,2.9623,9.3816,9.058,0.54215,19,-0.0596,7,0,183.10195,68.48354,0.3307,0.2885,1,False,running
88434632b5,formation_7_smooth_bypass,157,31.4,1784493400,smooth_adaptive_clusters,finish_first,r03,r03,True,center,member,local,2,3,9.64758,0.27085,-0.16945,0.31159,-0.02574,825,815,-150,155,0,0,0000,---,False,0.30692,-0.05379,0.31159,-0.02574,10.08015,0.19478,path_to_final_target,w,"$1,0,0,0,0,0,0,0,0#",16000,16000,Set tank.c app_speed/duty level to the logged pwm before sending the move key/protocol command; e=stop.,10.25544,27.2919,0,3,0,0.10387,0.0497,2.66368,9.05805,0.34669,2.9623,9.3816,9.058,0.54215,19,-0.0596,7,0,183.10195,68.48354,0.3307,0.2885,1,False,running
88434632b5,formation_7_smooth_bypass,157,31.4,1784493400,smooth_adaptive_clusters,finish_first,r04,r04,True,center,member,local,3,3,8.03932,0.48131,0.04644,0.37811,-0.27917,1000,936,-110,51,0,0,0000,---,False,0.38,0.00098,0.37811,-0.27917,8.48054,0.42523,path_to_final_target,w,"$1,0,0,0,0,0,0,0,0#",20000,19000,Set tank.c app_speed/duty level to the logged pwm before sending the move key/protocol command; e=stop.,9.33683,25.1977,5,3,0,0.31329,-0.05963,3.67789,9.05805,0.34669,2.9623,9.3816,9.058,0.54215,19,-0.0596,7,0,183.10195,68.48354,0.3307,0.2885,1,False,running
88434632b5,formation_7_smooth_bypass,157,31.4,1784493400,smooth_adaptive_clusters,finish_first,r05,r05,True,center,member,local,3,3,8.51565,0.53447,-0.2299,0.37901,-0.20195,1000,955,-116,71,0,0,0000,---,False,0.36707,-0.09829,0.37901,-0.20195,8.95735,0.49522,path_to_final_target,w,"$1,0,0,0,0,0,0,0,0#",20000,19000,Set tank.c app_speed/duty level to the logged pwm before sending the move key/protocol command; e=stop.,9.41317,25.16832,5,3,0,0.12277,-0.05963,3.58742,9.05805,0.34669,2.9623,9.3816,9.058,0.54215,19,-0.0596,7,0,183.10195,68.48354,0.3307,0.2885,1,False,running
88434632b5,formation_7_smooth_bypass,157,31.4,1784493400,smooth_adaptive_clusters,finish_first,r06,r06,True,center,member,local,2,3,9.21423,0.57513,-0.13249,0.3116,-0.00285,821,819,-138,126,0,0,0000,---,False,0.30885,-0.0413,0.3116,-0.00285,9.67527,0.51345,path_to_final_target,w,"$1,0,0,0,0,0,0,0,0#",16000,16000,Set tank.c app_speed/duty level to the logged pwm before sending the move key/protocol command; e=stop.,9.45137,25.4565,2,5,0,0.10464,-0.01048,3.27608,9.05805,0.34669,2.9623,9.3816,9.058,0.54215,19,-0.0596,7,0,183.10195,68.48354,0.3307,0.2885,1,False,running
88434632b5,formation_7_smooth_bypass,157,31.4,1784493400,smooth_adaptive_clusters,finish_first,r07,r07,True,center,member,local,2,3,9.48988,0.79789,-0.16058,0.3116,-0.00115,820,820,-136,162,0,0,0000,---,False,0.30758,-0.04988,0.3116,-0.00115,9.9459,0.72393,path_to_final_target,w,"$1,0,0,0,0,0,0,0,0#",16000,16000,Set tank.c app_speed/duty level to the logged pwm before sending the move key/protocol command; e=stop.,10.12857,26.88426,0,0,0,0.12725,0.06958,2.04795,9.05805,0.34669,2.9623,9.3816,9.058,0.54215,19,-0.0596,7,0,183.10195,68.48354,0.3307,0.2885,1,False,running
88434632b5,formation_7_smooth_bypass,158,31.6,1784493600,smooth_adaptive_clusters,finish_first,r01,r01,True,center,member,local,2,3,9.4029,0.03757,-0.20277,0.3116,-0.01122,822,818,-153,126,0,0,0100,---,False,0.30511,-0.06329,0.3116,-0.01122,9.8378,-0.05276,cached_path_to_final_target,w,"$1,0,0,0,0,0,0,0,0#",16000,16000,Set tank.c app_speed/duty level to the logged pwm before sending the move key/protocol command; e=stop.,10.10594,26.91472,0,3,0,0.13143,0.0497,2.73537,9.1233,0.33815,2.8965,9.4474,9.1233,0.53312,19,-0.0596,7,0,184.32157,68.94661,0.3308,0.2887,1,False,running
88434632b5,formation_7_smooth_bypass,158,31.6,1784493600,smooth_adaptive_clusters,finish_first,r02,r02,True,center,member,local,2,3,9.22009,-0.28063,0.03682,0.31159,-0.01652,823,817,-177,107,0,0,0000,---,False,0.31142,0.01066,0.31159,-0.01652,9.6732,-0.26528,cached_path_to_final_target,w,"$1,0,0,0,0,0,0,0,0#",16000,16000,Set tank.c app_speed/duty level to the logged pwm before sending the move key/protocol command; e=stop.,9.91688,26.51944,2,5,0,0.13817,-0.01048,2.67294,9.1233,0.33815,2.8965,9.4474,9.1233,0.53312,19,-0.0596,7,0,184.32157,68.94661,0.3308,0.2887,1,False,running
88434632b5,formation_7_smooth_bypass,158,31.6,1784493600,smooth_adaptive_clusters,finish_first,r03,r03,True,center,member,local,2,3,9.70898,0.2602,-0.17165,0.3116,-0.01104,822,818,-151,161,0,0,0000,---,False,0.30693,-0.05376,0.3116,-0.01104,10.15605,0.18179,cached_path_to_final_target,w,"$1,0,0,0,0,0,0,0,0#",16000,16000,Set tank.c app_speed/duty level to the logged pwm before sending the move key/protocol command; e=stop.,10.31776,27.45729,0,3,0,0.10387,0.0497,2.60136,9.1233,0.33815,2.8965,9.4474,9.1233,0.53312,19,-0.0596,7,0,184.32157,68.94661,0.3308,0.2887,1,False,running
88434632b5,formation_7_smooth_bypass,158,31.6,1784493600,smooth_adaptive_clusters,finish_first,r04,r04,True,center,member,local,3,3,8.11496,0.48075,-0.00738,0.37825,-0.26907,1000,939,-112,51,0,0,0000,---,False,0.37953,-0.01886,0.37825,-0.26907,8.55573,0.4288,cached_path_to_final_target,w,"$1,0,0,0,0,0,0,0,0#",20000,19000,Set tank.c app_speed/duty level to the logged pwm before sending the move key/protocol command; e=stop.,9.41248,25.39323,5,3,0,0.31329,-0.05963,3.60252,9.1233,0.33815,2.8965,9.4474,9.1233,0.53312,19,-0.0596,7,0,184.32157,68.94661,0.3308,0.2887,1,False,running
88434632b5,formation_7_smooth_bypass,158,31.6,1784493600,smooth_adaptive_clusters,finish_first,r05,r05,True,center,member,local,3,3,8.58874,0.51435,-0.26872,0.37909,-0.19411,1000,957,-117,74,0,0,0000,---,False,0.36311,-0.11202,0.37909,-0.19411,9.03153,0.4804,cached_path_to_final_target,w,"$1,0,0,0,0,0,0,0,0#",20000,19000,Set tank.c app_speed/duty level to the logged pwm before sending the move key/protocol command; e=stop.,9.48899,25.36562,5,3,0,0.12277,-0.05963,3.51258,9.1233,0.33815,2.8965,9.4474,9.1233,0.53312,19,-0.0596,7,0,184.32157,68.94661,0.3308,0.2887,1,False,running
88434632b5,formation_7_smooth_bypass,158,31.6,1784493600,smooth_adaptive_clusters,finish_first,r06,r06,True,center,member,local,2,3,9.27601,0.56689,-0.13273,0.3116,-0.00121,820,820,-140,131,0,0,0000,---,False,0.30885,-0.0413,0.3116,-0.00121,9.73484,0.50552,cached_path_to_final_target,w,"$1,0,0,0,0,0,0,0,0#",16000,16000,Set tank.c app_speed/duty level to the logged pwm before sending the move key/protocol command; e=stop.,9.51369,25.62176,2,5,0,0.10464,-0.01048,3.21376,9.1233,0.33815,2.8965,9.4474,9.1233,0.53312,19,-0.0596,7,0,184.32157,68.94661,0.3308,0.2887,1,False,running
88434632b5,formation_7_smooth_bypass,158,31.6,1784493600,smooth_adaptive_clusters,finish_first,r07,r07,True,center,member,local,2,3,9.5514,0.78792,-0.16067,0.3116,-0.00047,820,820,-137,166,0,0,0000,---,False,0.30758,-0.04987,0.3116,-0.00047,10.00741,0.71397,cached_path_to_final_target,w,"$1,0,0,0,0,0,0,0,0#",16000,16000,Set tank.c app_speed/duty level to the logged pwm before sending the move key/protocol command; e=stop.,10.19089,27.04952,0,0,0,0.12725,0.06958,1.98563,9.1233,0.33815,2.8965,9.4474,9.1233,0.53312,19,-0.0596,7,0,184.32157,68.94661,0.3308,0.2887,1,False,running
88434632b5,formation_7_smooth_bypass,159,31.8,1784493800,smooth_adaptive_clusters,finish_first,r01,r01,True,center,member,local,2,3,9.46393,0.02496,-0.20366,0.3116,-0.00444,821,819,-154,132,0,0,0100,---,False,0.30512,-0.06323,0.3116,-0.00444,9.91106,-0.06775,cached_path_to_final_target,w,"$1,0,0,0,0,0,0,0,0#",16000,16000,Set tank.c app_speed/duty level to the logged pwm before sending the move key/protocol command; e=stop.,10.16826,27.08003,0,3,0,0.13143,0.0497,2.67305,9.18842,0.32863,2.8307,9.5132,9.1884,0.52402,19,-0.0596,7,0,185.54126,69.40971,0.3308,0.2889,1,False,running
88434632b5,formation_7_smooth_bypass,159,31.8,1784493800,smooth_adaptive_clusters,finish_first,r02,r02,True,center,member,local,2,3,9.28238,-0.27842,0.03549,0.3116,-0.00667,821,819,-177,113,0,0,0000,---,False,0.31142,0.01073,0.3116,-0.00667,9.7415,-0.26267,cached_path_to_final_target,w,"$1,0,0,0,0,0,0,0,0#",16000,16000,Set tank.c app_speed/duty level to the logged pwm before sending the move key/protocol command; e=stop.,9.9792,26.68478,2,5,0,0.13817,-0.01048,2.61062,9.18842,0.32863,2.8307,9.5132,9.1884,0.52402,19,-0.0596,7,0,185.54126,69.40971,0.3308,0.2889,1,False,running
88434632b5,formation_7_smooth_bypass,159,31.8,1784493800,smooth_adaptive_clusters,finish_first,r03,r03,True,center,member,local,2,3,9.77038,0.2495,-0.17257,0.3116,-0.0046,821,819,-152,166,0,0,0000,---,False,0.30693,-0.05373,0.3116,-0.0046,10.22303,0.17022,cached_path_to_final_target,w,"$1,0,0,0,0,0,0,0,0#",16000,16000,Set tank.c app_speed/duty level to the logged pwm before sending the move key/protocol command; e=stop.,10.38008,27.6226,0,3,0,0.10387,0.0497,2.53904,9.18842,0.32863,2.8307,9.5132,9.1884,0.52402,19,-0.0596,7,0,185.54126,69.40971,0.3308,0.2889,1,False,running
88434632b5,formation_7_smooth_bypass,159,31.8,1784493800,smooth_adaptive_clusters,finish_first,r04,r04,True,center,member,local,3,3,8.19051,0.47628,-0.05916,0.37838,-0.25892,1000,941,-113,52,0,0,0000,---,False,0.37811,-0.03788,0.37838,-0.25892,8.63117,0.4288,cached_path_to_final_target,w,"$1,0,0,0,0,0,0,0,0#",20000,19000,Set tank.c app_speed/duty level to the logged pwm before sending the move key/protocol command; e=stop.,9.48815,25.58895,5,3,0,0.31329,-0.05963,3.52689,9.18842,0.32863,2.8307,9.5132,9.1884,0.52402,19,-0.0596,7,0,185.54126,69.40971,0.3308,0.2889,1,False,running
88434632b5,formation_7_smooth_bypass,159,31.8,1784493800,smooth_adaptive_clusters,finish_first,r05,r05,True,center,member,local,3,3,8.66105,0.4915,-0.30603,0.37916,-0.18652,1000,959,-117,77,0,0,0000,---,False,0.35883,-0.12505,0.37916,-0.18652,9.1051,0.46317,cached_path_to_final_target,w,"$1,0,0,0,0,0,0,0,0#",20000,19000,Set tank.c app_speed/duty level to the logged pwm before sending the move key/protocol command; e=stop.,9.56482,25.56312,5,3,0,0.12277,-0.05963,3.43828,9.18842,0.32863,2.8307,9.5132,9.1884,0.52402,19,-0.0596,7,0,185.54126,69.40971,0.3308,0.2889,1,False,running
88434632b5,formation_7_smooth_bypass,159,31.8,1784493800,smooth_adaptive_clusters,finish_first,r06,r06,True,center,member,local,2,3,9.33778,0.55863,-0.13283,0.3116,-0.0005,820,820,-141,136,0,0,0000,---,False,0.30885,-0.04129,0.3116,-0.0005,9.79596,0.49737,cached_path_to_final_target,w,"$1,0,0,0,0,0,0,0,0#",16000,16000,Set tank.c app_speed/duty level to the logged pwm before sending the move key/protocol command; e=stop.,9.57601,25.78701,2,5,0,0.10464,-0.01048,3.15144,9.18842,0.32863,2.8307,9.5132,9.1884,0.52402,19,-0.0596,7,0,185.54126,69.40971,0.3308,0.2889,1,False,running
88434632b5,formation_7_smooth_bypass,159,31.8,1784493800,smooth_adaptive_clusters,finish_first,r07,r07,True,center,member,local,2,3,9.61291,0.77795,-0.16071,0.3116,-0.00019,820,820,-138,171,0,0,0000,---,False,0.30758,-0.04987,0.3116,-0.00019,10.06893,0.70401,cached_path_to_final_target,w,"$1,0,0,0,0,0,0,0,0#",16000,16000,Set tank.c app_speed/duty level to the logged pwm before sending the move key/protocol command; e=stop.,10.25321,27.21477,0,0,0,0.12725,0.06958,1.92331,9.18842,0.32863,2.8307,9.5132,9.1884,0.52402,19,-0.0596,7,0,185.54126,69.40971,0.3308,0.2889,1,False,running
88434632b5,formation_7_smooth_bypass,160,32.0,1784494000,smooth_adaptive_clusters,finish_first,r01,r01,True,center,member,local,2,3,9.52496,0.01234,-0.20401,0.3116,-0.00175,820,820,-155,138,0,0,0100,---,False,0.30512,-0.06321,0.3116,-0.00175,9.97575,-0.08107,path_to_final_target,w,"$1,0,0,0,0,0,0,0,0#",16000,16000,Set tank.c app_speed/duty level to the logged pwm before sending the move key/protocol command; e=stop.,10.23058,27.24531,0,3,0,0.13143,0.0497,2.61073,9.25338,0.31819,2.765,9.579,9.2534,0.51495,19,-0.0596,7,0,186.76121,69.87286,0.3308,0.2892,1,False,running
88434632b5,formation_7_smooth_bypass,160,32.0,1784494000,smooth_adaptive_clusters,finish_first,r02,r02,True,center,member,local,2,3,9.34466,-0.27624,0.03496,0.3116,-0.00266,821,819,-177,119,0,0,0000,---,False,0.31141,0.01076,0.3116,-0.00266,9.80558,-0.26034,path_to_final_target,w,"$1,0,0,0,0,0,0,0,0#",16000,16000,Set tank.c app_speed/duty level to the logged pwm before sending the move key/protocol command; e=stop.,10.04152,26.85007,2,5,0,0.13817,-0.01048,2.5483,9.25338,0.31819,2.765,9.579,9.2534,0.51495,19,-0.0596,7,0,186.76121,69.87286,0.3308,0.2892,1,False,running
88434632b5,formation_7_smooth_bypass,160,32.0,1784494000,smooth_adaptive_clusters,finish_first,r03,r03,True,center,member,local,2,3,9.83177,0.23878,-0.17295,0.3116,-0.00189,820,820,-153,172,0,0,0000,---,False,0.30694,-0.05371,0.3116,-0.00189,10.2861,0.15925,path_to_final_target,w,"$1,0,0,0,0,0,0,0,0#",16000,16000,Set tank.c app_speed/duty level to the logged pwm before sending the move key/protocol command; e=stop.,10.4424,27.78788,0,3,0,0.10387,0.0497,2.47672,9.25338,0.31819,2.765,9.579,9.2534,0.51495,19,-0.0596,7,0,186.76121,69.87286,0.3308,0.2892,1,False,running
88434632b5,formation_7_smooth_bypass,160,32.0,1784494000,smooth_adaptive_clusters,finish_first,r04,r04,True,center,member,local,3,3,8.26576,0.46805,-0.10892,0.3785,-0.2488,1000,944,-114,54,0,0,0000,---,False,0.37584,-0.05604,0.3785,-0.2488,8.70666,0.42537,path_to_final_target,w,"$1,0,0,0,0,0,0,0,0#",20000,19000,Set tank.c app_speed/duty level to the logged pwm before sending the move key/protocol command; e=stop.,9.56385,25.78498,5,3,0,0.31329,-0.05963,3.4512,9.25338,0.31819,2.765,9.579,9.2534,0.51495,19,-0.0596,7,0,186.76121,69.87286,0.3308,0.2892,1,False,running
88434632b5,formation_7_smooth_bypass,160,32.0,1784494000,smooth_adaptive_clusters,finish_first,r05,r05,True,center,member,local,3,3,8.73251,0.46607,-0.34185,0.37922,-0.17913,1000,960,-118,81,0,0,0000,---,False,0.35428,-0.13741,0.37922,-0.17913,9.17796,0.44369,path_to_final_target,w,"$1,0,0,0,0,0,0,0,0#",20000,19000,Set tank.c app_speed/duty level to the logged pwm before sending the move key/protocol command; e=stop.,9.64067,25.76071,5,3,0,0.12277,-0.05963,3.36466,9.25338,0.31819,2.765,9.579,9.2534,0.51495,19,-0.0596,7,0,186.76121,69.87286,0.3308,0.2892,1,False,running
88434632b5,formation_7_smooth_bypass,160,32.0,1784494000,smooth_adaptive_clusters,finish_first,r06,r06,True,center,member,local,2,3,9.39955,0.55038,-0.13287,0.3116,-0.0002,820,820,-142,141,0,0,0000,---,False,0.30885,-0.04129,0.3116,-0.0002,9.85753,0.48915,path_to_final_target,w,"$1,0,0,0,0,0,0,0,0#",16000,16000,Set tank.c app_speed/duty level to the logged pwm before sending the move key/protocol command; e=stop.,9.63833,25.95226,2,5,0,0.10464,-0.01048,3.08912,9.25338,0.31819,2.765,9.579,9.2534,0.51495,19,-0.0596,7,0,186.76121,69.87286,0.3308,0.2892,1,False,running
88434632b5,formation_7_smooth_bypass,160,32.0,1784494000,smooth_adaptive_clusters,finish_first,r07,r07,True,center,member,local,2,3,9.67443,0.76797,-0.16073,0.3116,-8e-05,820,820,-139,176,0,0,0000,---,False,0.30758,-0.04987,0.3116,-8e-05,10.13045,0.69404,path_to_final_target,w,"$1,0,0,0,0,0,0,0,0#",16000,16000,Set tank.c app_speed/duty level to the logged pwm before sending the move key/protocol command; e=stop.,10.31553,27.38001,0,0,0,0.12725,0.06958,1.86099,9.25338,0.31819,2.765,9.579,9.2534,0.51495,19,-0.0596,7,0,186.76121,69.87286,0.3308,0.2892,1,False,running
88434632b5,formation_7_smooth_bypass,161,32.2,1784494200,smooth_adaptive_clusters,finish_first,r01,r01,True,center,member,local,2,3,9.58598,-0.0003,-0.20414,0.3116,-0.00068,820,820,-155,144,0,0,0000,---,False,0.30512,-0.0632,0.3116,-0.00068,10.03788,-0.09391,cached_path_to_final_target,w,"$1,0,0,0,0,0,0,0,0#",16000,16000,Set tank.c app_speed/duty level to the logged pwm before sending the move key/protocol command; e=stop.,10.2929,27.41056,0,3,0,0.13143,0.0497,2.54841,9.31336,0.30908,2.7044,9.6397,9.3134,0.50728,18,-0.0596,7,0,187.9094,70.29845,0.304,0.2892,1,False,running
88434632b5,formation_7_smooth_bypass,161,32.2,1784494200,smooth_adaptive_clusters,finish_first,r02,r02,True,center,member,local,2,3,9.38495,-0.27476,0.03681,0.2016,0.00927,529,532,-177,123,0,0,0000,---,False,0.14583,0.00558,0.2016,0.00927,9.8684,-0.25812,cached_path_to_final_target; completion_unstuck,w,"$1,0,0,0,0,0,0,0,0#",11000,11000,Set tank.c app_speed/duty level to the logged pwm before sending the move key/protocol command; e=stop.,10.08184,26.96589,2,5,0,0.13817,-0.01048,2.50798,9.31336,0.30908,2.7044,9.6397,9.3134,0.50728,18,-0.0596,7,0,187.9094,70.29845,0.304,0.2892,1,False,running
88434632b5,formation_7_smooth_bypass,161,32.2,1784494200,smooth_adaptive_clusters,finish_first,r03,r03,True,center,member,local,2,3,9.89316,0.22804,-0.1731,0.3116,-0.00076,820,820,-153,178,0,0,0000,---,False,0.30694,-0.05371,0.3116,-0.00076,10.348,0.14845,cached_path_to_final_target,w,"$1,0,0,0,0,0,0,0,0#",16000,16000,Set tank.c app_speed/duty level to the logged pwm before sending the move key/protocol command; e=stop.,10.50472,27.95313,0,3,0,0.10387,0.0497,2.4144,9.31336,0.30908,2.7044,9.6397,9.3134,0.50728,18,-0.0596,7,0,187.9094,70.29845,0.304,0.2892,1,False,running
88434632b5,formation_7_smooth_bypass,161,32.2,1784494200,smooth_adaptive_clusters,finish_first,r04,r04,True,center,member,local,3,3,8.34055,0.45623,-0.15668,0.37862,-0.23879,1000,946,-115,56,0,0,0000,---,False,0.37286,-0.07333,0.37862,-0.23879,8.78199,0.4187,cached_path_to_final_target,w,"$1,0,0,0,0,0,0,0,0#",20000,19000,Set tank.c app_speed/duty level to the logged pwm before sending the move key/protocol command; e=stop.,9.63957,25.9812,5,3,0,0.31329,-0.05963,3.37562,9.31336,0.30908,2.7044,9.6397,9.3134,0.50728,18,-0.0596,7,0,187.9094,70.29845,0.304,0.2892,1,False,running
88434632b5,formation_7_smooth_bypass,161,32.2,1784494200,smooth_adaptive_clusters,finish_first,r05,r05,True,center,member,local,2,3,8.7916,0.45422,-0.19789,0.30136,0.71984,642,945,-129,85,0,0,0000,---,False,0.31048,-0.02638,0.30136,0.71984,9.25004,0.4221,cached_path_to_final_target,a,"$3,0,0,0,0,0,0,0,0#",13000,19000,Set tank.c app_speed/duty level to the logged pwm before sending the move key/protocol command; e=stop.,9.70094,25.93584,5,3,0,0.12277,-0.05963,3.3047,9.31336,0.30908,2.7044,9.6397,9.3134,0.50728,18,-0.0596,7,0,187.9094,70.29845,0.304,0.2892,1,False,running
88434632b5,formation_7_smooth_bypass,161,32.2,1784494200,smooth_adaptive_clusters,finish_first,r06,r06,True,center,member,local,2,3,9.46132,0.54212,-0.13289,0.3116,-8e-05,820,820,-143,147,0,0,0000,---,False,0.30885,-0.04129,0.3116,-8e-05,9.91924,0.4809,cached_path_to_final_target,w,"$1,0,0,0,0,0,0,0,0#",16000,16000,Set tank.c app_speed/duty level to the logged pwm before sending the move key/protocol command; e=stop.,9.70065,26.11751,2,5,0,0.10464,-0.01048,3.0268,9.31336,0.30908,2.7044,9.6397,9.3134,0.50728,18,-0.0596,7,0,187.9094,70.29845,0.304,0.2892,1,False,running
88434632b5,formation_7_smooth_bypass,161,32.2,1784494200,smooth_adaptive_clusters,finish_first,r07,r07,True,center,member,local,2,3,9.73595,0.758,-0.16073,0.3116,-3e-05,820,820,-140,181,0,0,0000,---,False,0.30758,-0.04987,0.3116,-3e-05,10.19196,0.68406,cached_path_to_final_target,w,"$1,0,0,0,0,0,0,0,0#",16000,16000,Set tank.c app_speed/duty level to the logged pwm before sending the move key/protocol command; e=stop.,10.37785,27.54526,0,0,0,0.12725,0.06958,1.79867,9.31336,0.30908,2.7044,9.6397,9.3134,0.50728,18,-0.0596,7,0,187.9094,70.29845,0.304,0.2892,1,False,running
88434632b5,formation_7_smooth_bypass,162,32.4,1784494400,smooth_adaptive_clusters,finish_first,r01,r01,True,center,member,local,2,3,9.64701,-0.01294,-0.2042,0.3116,-0.00027,820,820,-156,150,0,0,0010,---,False,0.30512,-0.0632,0.3116,-0.00027,10.09924,-0.10661,cached_path_to_final_target,w,"$1,0,0,0,0,0,0,0,0#",16000,16000,Set tank.c app_speed/duty level to the logged pwm before sending the move key/protocol command; e=stop.,10.35522,27.57581,0,3,0,0.13143,0.0497,2.48609,9.37199,0.29991,2.6451,9.699,9.372,0.49898,18,-0.0596,7,0,189.01785,70.71461,0.2973,0.2893,1,False,running
88434632b5,formation_7_smooth_bypass,162,32.4,1784494400,smooth_adaptive_clusters,finish_first,r02,r02,True,center,member,local,2,3,9.41412,-0.27366,0.0376,0.14594,0.00392,383,385,-177,126,0,0,0000,---,False,0.14583,0.00558,0.14594,0.00392,9.91546,-0.25643,cached_path_to_final_target; completion_unstuck,w,"$1,0,0,0,0,0,0,0,0#",8000,8000,Set tank.c app_speed/duty level to the logged pwm before sending the move key/protocol command; e=stop.,10.11102,27.04778,2,5,0,0.13817,-0.01048,2.47879,9.37199,0.29991,2.6451,9.699,9.372,0.49898,18,-0.0596,7,0,189.01785,70.71461,0.2973,0.2893,1,False,running
88434632b5,formation_7_smooth_bypass,162,32.4,1784494400,smooth_adaptive_clusters,finish_first,r03,r03,True,center,member,local,2,3,9.95454,0.21731,-0.17317,0.3116,-0.00031,820,820,-154,184,0,0,0000,---,False,0.30694,-0.0537,0.3116,-0.00031,10.40954,0.13769,cached_path_to_final_target,w,"$1,0,0,0,0,0,0,0,0#",16000,16000,Set tank.c app_speed/duty level to the logged pwm before sending the move key/protocol command; e=stop.,10.56704,28.11839,0,3,0,0.10387,0.0497,2.35208,9.37199,0.29991,2.6451,9.699,9.372,0.49898,18,-0.0596,7,0,189.01785,70.71461,0.2973,0.2893,1,False,running
88434632b5,formation_7_smooth_bypass,162,32.4,1784494400,smooth_adaptive_clusters,finish_first,r04,r04,True,center,member,local,3,3,8.41475,0.441,-0.20246,0.37873,-0.22891,1000,948,-116,58,0,0,0000,---,False,0.36925,-0.08975,0.37873,-0.22891,8.857,0.40896,cached_path_to_final_target,w,"$1,0,0,0,0,0,0,0,0#",20000,19000,Set tank.c app_speed/duty level to the logged pwm before sending the move key/protocol command; e=stop.,9.71532,26.17762,5,3,0,0.31329,-0.05963,3.30034,9.37199,0.29991,2.6451,9.699,9.372,0.49898,18,-0.0596,7,0,189.01785,70.71461,0.2973,0.2893,1,False,running
88434632b5,formation_7_smooth_bypass,162,32.4,1784494400,smooth_adaptive_clusters,finish_first,r05,r05,True,center,member,local,2,3,8.85297,0.44579,-0.13654,0.30973,0.30672,751,880,-134,89,0,0,0000,---,False,0.31038,-0.02749,0.30973,0.30672,9.3131,0.40803,cached_path_to_final_target,a,"$3,0,0,0,0,0,0,0,0#",15000,18000,Set tank.c app_speed/duty level to the logged pwm before sending the move key/protocol command; e=stop.,9.76288,26.10498,5,3,0,0.12277,-0.05963,3.24281,9.37199,0.29991,2.6451,9.699,9.372,0.49898,18,-0.0596,7,0,189.01785,70.71461,0.2973,0.2893,1,False,running
88434632b5,formation_7_smooth_bypass,162,32.4,1784494400,smooth_adaptive_clusters,finish_first,r06,r06,True,center,member,local,2,3,9.52309,0.53386,-0.1329,0.3116,-3e-05,820,820,-144,152,0,0,0000,---,False,0.30885,-0.04129,0.3116,-3e-05,9.98099,0.47264,cached_path_to_final_target,w,"$1,0,0,0,0,0,0,0,0#",16000,16000,Set tank.c app_speed/duty level to the logged pwm before sending the move key/protocol command; e=stop.,9.76297,26.28276,2,5,0,0.10464,-0.01048,2.96448,9.37199,0.29991,2.6451,9.699,9.372,0.49898,18,-0.0596,7,0,189.01785,70.71461,0.2973,0.2893,1,False,running
88434632b5,formation_7_smooth_bypass,162,32.4,1784494400,smooth_adaptive_clusters,finish_first,r07,r07,True,center,member,local,2,3,9.79746,0.74803,-0.16074,0.3116,-1e-05,820,820,-141,186,0,0,0000,---,False,0.30758,-0.04987,0.3116,-1e-05,10.25348,0.67409,cached_path_to_final_target,w,"$1,0,0,0,0,0,0,0,0#",16000,16000,Set tank.c app_speed/duty level to the logged pwm before sending the move key/protocol command; e=stop.,10.44017,27.71051,0,0,0,0.12725,0.06958,1.73635,9.37199,0.29991,2.6451,9.699,9.372,0.49898,18,-0.0596,7,0,189.01785,70.71461,0.2973,0.2893,1,False,running
88434632b5,formation_7_smooth_bypass,163,32.6,1784494600,smooth_adaptive_clusters,finish_first,r01,r01,True,center,member,local,2,3,9.70803,-0.02557,-0.20422,0.3116,-0.0001,820,820,-157,156,0,0,0010,---,False,0.30512,-0.0632,0.3116,-0.0001,10.16036,-0.11926,path_to_final_target,w,"$1,0,0,0,0,0,0,0,0#",16000,16000,Set tank.c app_speed/duty level to the logged pwm before sending the move key/protocol command; e=stop.,10.41754,27.74106,0,3,0,0.13143,0.0497,2.42377,9.43374,0.29061,2.5827,9.7615,9.4337,0.49223,18,-0.0596,7,0,190.18716,71.1531,0.3132,0.2894,1,False,running
88434632b5,formation_7_smooth_bypass,163,32.6,1784494600,smooth_adaptive_clusters,finish_first,r02,r02,True,center,member,local,2,3,9.46527,-0.27183,0.03586,0.25594,-0.0087,675,672,-177,131,0,0,0000,---,False,0.31141,0.01074,0.25594,-0.0087,9.94999,-0.25517,path_to_final_target,w,"$1,0,0,0,0,0,0,0,0#",14000,13000,Set tank.c app_speed/duty level to the logged pwm before sending the move key/protocol command; e=stop.,10.16221,27.19243,2,5,0,0.13817,-0.01048,2.4276,9.43374,0.29061,2.5827,9.7615,9.4337,0.49223,18,-0.0596,7,0,190.18716,71.1531,0.3132,0.2894,1,False,running
88434632b5,formation_7_smooth_bypass,163,32.6,1784494600,smooth_adaptive_clusters,finish_first,r03,r03,True,center,member,local,2,3,10.01593,0.20657,-0.17319,0.3116,-0.00012,820,820,-155,190,0,0,0000,---,False,0.30694,-0.0537,0.3116,-0.00012,10.47097,0.12695,path_to_final_target,w,"$1,0,0,0,0,0,0,0,0#",16000,16000,Set tank.c app_speed/duty level to the logged pwm before sending the move key/protocol command; e=stop.,10.62936,28.28363,0,3,0,0.10387,0.0497,2.28976,9.43374,0.29061,2.5827,9.7615,9.4337,0.49223,18,-0.0596,7,0,190.18716,71.1531,0.3132,0.2894,1,False,running
88434632b5,formation_7_smooth_bypass,163,32.6,1784494600,smooth_adaptive_clusters,finish_first,r04,r04,True,center,member,local,3,3,8.48823,0.42253,-0.24631,0.37884,-0.21922,1000,951,-117,61,0,0,0000,---,False,0.36512,-0.10529,0.37884,-0.21922,8.93153,0.39633,path_to_final_target,w,"$1,0,0,0,0,0,0,0,0#",20000,19000,Set tank.c app_speed/duty level to the logged pwm before sending the move key/protocol command; e=stop.,9.79109,26.37434,5,3,0,0.31329,-0.05963,3.2255,9.43374,0.29061,2.5827,9.7615,9.4337,0.49223,18,-0.0596,7,0,190.18716,71.1531,0.3132,0.2894,1,False,running
88434632b5,formation_7_smooth_bypass,163,32.6,1784494600,smooth_adaptive_clusters,finish_first,r05,r05,True,center,member,local,2,3,8.91484,0.4389,-0.11097,0.31128,0.12784,792,846,-137,94,0,0,0000,---,False,0.31031,-0.02828,0.31128,0.12784,9.375,0.39822,path_to_final_target,w,"$1,0,0,0,0,0,0,0,0#",16000,17000,Set tank.c app_speed/duty level to the logged pwm before sending the move key/protocol command; e=stop.,9.82514,26.27193,5,3,0,0.12277,-0.05963,3.18056,9.43374,0.29061,2.5827,9.7615,9.4337,0.49223,18,-0.0596,7,0,190.18716,71.1531,0.3132,0.2894,1,False,running
88434632b5,formation_7_smooth_bypass,163,32.6,1784494600,smooth_adaptive_clusters,finish_first,r06,r06,True,center,member,local,2,3,9.58486,0.5256,-0.1329,0.3116,-1e-05,820,820,-145,157,0,0,0000,---,False,0.30885,-0.04129,0.3116,-1e-05,10.04276,0.46439,path_to_final_target,w,"$1,0,0,0,0,0,0,0,0#",16000,16000,Set tank.c app_speed/duty level to the logged pwm before sending the move key/protocol command; e=stop.,9.82529,26.448,2,5,0,0.10464,-0.01048,2.90216,9.43374,0.29061,2.5827,9.7615,9.4337,0.49223,18,-0.0596,7,0,190.18716,71.1531,0.3132,0.2894,1,False,running
88434632b5,formation_7_smooth_bypass,163,32.6,1784494600,smooth_adaptive_clusters,finish_first,r07,r07,True,center,member,local,2,3,9.85898,0.73805,-0.16074,0.3116,-1e-05,820,820,-142,191,0,0,0000,---,False,0.30758,-0.04987,0.3116,-1e-05,10.315,0.66411,path_to_final_target,w,"$1,0,0,0,0,0,0,0,0#",16000,16000,Set tank.c app_speed/duty level to the logged pwm before sending the move key/protocol command; e=stop.,10.50249,27.87575,0,0,0,0.12725,0.06958,1.67403,9.43374,0.29061,2.5827,9.7615,9.4337,0.49223,18,-0.0596,7,0,190.18716,71.1531,0.3132,0.2894,1,False,running
88434632b5,formation_7_smooth_bypass,164,32.8,1784494800,smooth_adaptive_clusters,finish_first,r01,r01,True,center,member,local,2,3,9.76906,-0.03821,-0.20422,0.3116,-4e-05,820,820,-158,162,0,0,0010,---,False,0.30512,-0.0632,0.3116,-4e-05,10.22142,-0.1319,cached_path_to_final_target,w,"$1,0,0,0,0,0,0,0,0#",16000,16000,Set tank.c app_speed/duty level to the logged pwm before sending the move key/protocol command; e=stop.,10.47986,27.90631,0,3,0,0.13143,0.0497,2.36145,9.49697,0.281,2.5188,9.8254,9.497,0.48635,18,-0.0596,7,0,191.38084,71.6028,0.3212,0.2895,1,False,running
88434632b5,formation_7_smooth_bypass,164,32.8,1784494800,smooth_adaptive_clusters,finish_first,r02,r02,True,center,member,local,2,3,9.52755,-0.26964,0.03508,0.3116,-0.00388,821,819,-177,138,0,0,0000,---,False,0.31141,0.01074,0.3116,-0.00388,9.99616,-0.25352,cached_path_to_final_target,w,"$1,0,0,0,0,0,0,0,0#",16000,16000,Set tank.c app_speed/duty level to the logged pwm before sending the move key/protocol command; e=stop.,10.22453,27.36218,2,5,0,0.13817,-0.01048,2.36528,9.49697,0.281,2.5188,9.8254,9.497,0.48635,18,-0.0596,7,0,191.38084,71.6028,0.3212,0.2895,1,False,running
88434632b5,formation_7_smooth_bypass,164,32.8,1784494800,smooth_adaptive_clusters,finish_first,r03,r03,True,center,member,local,2,3,10.07732,0.19583,-0.1732,0.3116,-5e-05,820,820,-155,195,0,0,0000,---,False,0.30694,-0.0537,0.3116,-5e-05,10.53237,0.11621,cached_path_to_final_target,w,"$1,0,0,0,0,0,0,0,0#",16000,16000,Set tank.c app_speed/duty level to the logged pwm before sending the move key/protocol command; e=stop.,10.69168,28.44888,0,3,0,0.10387,0.0497,2.22744,9.49697,0.281,2.5188,9.8254,9.497,0.48635,18,-0.0596,7,0,191.38084,71.6028,0.3212,0.2895,1,False,running
88434632b5,formation_7_smooth_bypass,164,32.8,1784494800,smooth_adaptive_clusters,finish_first,r04,r04,True,center,member,local,3,3,8.56089,0.40099,-0.28825,0.37893,-0.20974,1000,953,-118,64,0,0,0000,---,False,0.36056,-0.11997,0.37893,-0.20974,9.00545,0.38101,cached_path_to_final_target,w,"$1,0,0,0,0,0,0,0,0#",20000,19000,Set tank.c app_speed/duty level to the logged pwm before sending the move key/protocol command; e=stop.,9.86687,26.57126,5,3,0,0.31329,-0.05963,3.15127,9.49697,0.281,2.5188,9.8254,9.497,0.48635,18,-0.0596,7,0,191.38084,71.6028,0.3212,0.2895,1,False,running
88434632b5,formation_7_smooth_bypass,164,32.8,1784494800,smooth_adaptive_clusters,finish_first,r05,r05,True,center,member,local,2,3,8.97684,0.43265,-0.10052,0.31155,0.05227,809,831,-139,99,0,0,0000,---,False,0.31027,-0.02872,0.31155,0.05227,9.4369,0.39057,cached_path_to_final_target,w,"$1,0,0,0,0,0,0,0,0#",16000,17000,Set tank.c app_speed/duty level to the logged pwm before sending the move key/protocol command; e=stop.,9.88745,26.43796,5,3,0,0.12277,-0.05963,3.11825,9.49697,0.281,2.5188,9.8254,9.497,0.48635,18,-0.0596,7,0,191.38084,71.6028,0.3212,0.2895,1,False,running
88434632b5,formation_7_smooth_bypass,164,32.8,1784494800,smooth_adaptive_clusters,finish_first,r06,r06,True,center,member,local,2,3,9.64663,0.51735,-0.1329,0.3116,-0.0,820,820,-146,162,0,0,0000,---,False,0.30885,-0.04129,0.3116,-0.0,10.10453,0.45613,cached_path_to_final_target,w,"$1,0,0,0,0,0,0,0,0#",16000,16000,Set tank.c app_speed/duty level to the logged pwm before sending the move key/protocol command; e=stop.,9.88761,26.61325,2,5,0,0.10464,-0.01048,2.83984,9.49697,0.281,2.5188,9.8254,9.497,0.48635,18,-0.0596,7,0,191.38084,71.6028,0.3212,0.2895,1,False,running
88434632b5,formation_7_smooth_bypass,164,32.8,1784494800,smooth_adaptive_clusters,finish_first,r07,r07,True,center,member,local,2,3,9.9205,0.72808,-0.16074,0.3116,-0.0,820,820,-143,196,0,0,0000,---,False,0.30758,-0.04987,0.3116,-0.0,10.37651,0.65414,cached_path_to_final_target,w,"$1,0,0,0,0,0,0,0,0#",16000,16000,Set tank.c app_speed/duty level to the logged pwm before sending the move key/protocol command; e=stop.,10.56481,28.041,0,0,0,0.12725,0.06958,1.61171,9.49697,0.281,2.5188,9.8254,9.497,0.48635,18,-0.0596,7,0,191.38084,71.6028,0.3212,0.2895,1,False,running
88434632b5,formation_7_smooth_bypass,165,33.0,1784495000,smooth_adaptive_clusters,finish_first,r01,r01,True,center,member,local,2,3,9.83008,-0.05085,-0.20423,0.3116,-2e-05,820,820,-158,168,0,0,0010,---,False,0.30512,-0.0632,0.3116,-2e-05,10.28245,-0.14454,cached_path_to_final_target,w,"$1,0,0,0,0,0,0,0,0#",16000,16000,Set tank.c app_speed/duty level to the logged pwm before sending the move key/protocol command; e=stop.,10.54218,28.07156,0,3,0,0.13143,0.0497,2.29913,9.55694,0.27092,2.458,9.8862,9.5569,0.47963,18,-0.0596,7,0,192.52033,72.03052,0.3055,0.2896,1,False,running
88434632b5,formation_7_smooth_bypass,165,33.0,1784495000,smooth_adaptive_clusters,finish_first,r02,r02,True,center,member,local,2,3,9.56785,-0.26816,0.0368,0.2016,0.00859,529,532,-177,142,0,0,0000,---,False,0.14583,0.00557,0.2016,0.00859,10.05361,-0.2515,cached_path_to_final_target; completion_unstuck,w,"$1,0,0,0,0,0,0,0,0#",11000,11000,Set tank.c app_speed/duty level to the logged pwm before sending the move key/protocol command; e=stop.,10.26485,27.47801,2,5,0,0.13817,-0.01048,2.32496,9.55694,0.27092,2.458,9.8862,9.5569,0.47963,18,-0.0596,7,0,192.52033,72.03052,0.3055,0.2896,1,False,running
88434632b5,formation_7_smooth_bypass,165,33.0,1784495000,smooth_adaptive_clusters,finish_first,r03,r03,True,center,member,local,2,3,10.13871,0.18509,-0.1732,0.3116,-2e-05,820,820,-156,201,0,0,0000,---,False,0.30694,-0.0537,0.3116,-2e-05,10.59376,0.10547,cached_path_to_final_target,w,"$1,0,0,0,0,0,0,0,0#",16000,16000,Set tank.c app_speed/duty level to the logged pwm before sending the move key/protocol command; e=stop.,10.754,28.61413,0,3,0,0.10387,0.0497,2.16512,9.55694,0.27092,2.458,9.8862,9.5569,0.47963,18,-0.0596,7,0,192.52033,72.03052,0.3055,0.2896,1,False,running
88434632b5,formation_7_smooth_bypass,165,33.0,1784495000,smooth_adaptive_clusters,finish_first,r04,r04,True,center,member,local,3,3,8.63265,0.37654,-0.32835,0.37903,-0.20049,1000,955,-119,68,0,0,0000,---,False,0.35566,-0.13381,0.37903,-0.20049,9.07865,0.36318,cached_path_to_final_target,w,"$1,0,0,0,0,0,0,0,0#",20000,19000,Set tank.c app_speed/duty level to the logged pwm before sending the move key/protocol command; e=stop.,9.94268,26.76838,5,3,0,0.31329,-0.05963,3.0778,9.55694,0.27092,2.458,9.8862,9.5569,0.47963,18,-0.0596,7,0,192.52033,72.03052,0.3055,0.2896,1,False,running
88434632b5,formation_7_smooth_bypass,165,33.0,1784495000,smooth_adaptive_clusters,finish_first,r05,r05,True,center,member,local,2,3,9.03887,0.42665,-0.09631,0.31159,0.02104,816,824,-141,104,0,0,0000,---,False,0.31025,-0.02894,0.31159,0.02104,9.49887,0.38395,cached_path_to_final_target,w,"$1,0,0,0,0,0,0,0,0#",16000,16000,Set tank.c app_speed/duty level to the logged pwm before sending the move key/protocol command; e=stop.,9.94977,26.60352,5,3,0,0.12277,-0.05963,3.05594,9.55694,0.27092,2.458,9.8862,9.5569,0.47963,18,-0.0596,7,0,192.52033,72.03052,0.3055,0.2896,1,False,running
88434632b5,formation_7_smooth_bypass,165,33.0,1784495000,smooth_adaptive_clusters,finish_first,r06,r06,True,center,member,local,2,3,9.7084,0.50909,-0.1329,0.3116,-0.0,820,820,-147,168,0,0,0000,---,False,0.30885,-0.04129,0.3116,-0.0,10.1663,0.44787,cached_path_to_final_target,w,"$1,0,0,0,0,0,0,0,0#",16000,16000,Set tank.c app_speed/duty level to the logged pwm before sending the move key/protocol command; e=stop.,9.94993,26.7785,2,5,0,0.10464,-0.01048,2.77752,9.55694,0.27092,2.458,9.8862,9.5569,0.47963,18,-0.0596,7,0,192.52033,72.03052,0.3055,0.2896,1,False,running
88434632b5,formation_7_smooth_bypass,165,33.0,1784495000,smooth_adaptive_clusters,finish_first,r07,r07,True,center,member,local,2,3,9.98201,0.7181,-0.16074,0.3116,-0.0,820,820,-144,201,0,0,0000,---,False,0.30758,-0.04987,0.3116,-0.0,10.43803,0.64417,cached_path_to_final_target,w,"$1,0,0,0,0,0,0,0,0#",16000,16000,Set tank.c app_speed/duty level to the logged pwm before sending the move key/protocol command; e=stop.,10.62713,28.20625,0,0,0,0.12725,0.06958,1.54939,9.55694,0.27092,2.458,9.8862,9.5569,0.47963,18,-0.0596,7,0,192.52033,72.03052,0.3055,0.2896,1,False,running
88434632b5,formation_7_smooth_bypass,166,33.2,1784495200,smooth_adaptive_clusters,finish_first,r01,r01,True,center,member,local,2,3,9.89111,-0.06349,-0.20423,0.3116,-1e-05,820,820,-159,174,0,0,0010,---,False,0.30512,-0.0632,0.3116,-1e-05,10.34348,-0.15718,path_to_final_target,w,"$1,0,0,0,0,0,0,0,0#",16000,16000,Set tank.c app_speed/duty level to the logged pwm before sending the move key/protocol command; e=stop.,10.6045,28.2368,0,3,0,0.13143,0.0497,2.23681,9.61518,0.26041,2.399,9.9454,9.6152,0.47297,18,-0.0596,7,0,193.62589,72.44713,0.2976,0.2896,1,False,running
88434632b5,formation_7_smooth_bypass,166,33.2,1784495200,smooth_adaptive_clusters,finish_first,r02,r02,True,center,member,local,2,3,9.59701,-0.26706,0.03752,0.14594,0.0036,383,385,-177,145,0,0,0000,---,False,0.14583,0.00556,0.14594,0.0036,10.09904,-0.24987,path_to_final_target; completion_unstuck,w,"$1,0,0,0,0,0,0,0,0#",8000,8000,Set tank.c app_speed/duty level to the logged pwm before sending the move key/protocol command; e=stop.,10.29404,27.5599,2,5,0,0.13817,-0.01048,2.29578,9.61518,0.26041,2.399,9.9454,9.6152,0.47297,18,-0.0596,7,0,193.62589,72.44713,0.2976,0.2896,1,False,running
88434632b5,formation_7_smooth_bypass,166,33.2,1784495200,smooth_adaptive_clusters,finish_first,r03,r03,True,center,member,local,2,3,10.20009,0.17435,-0.1732,0.3116,-1e-05,820,820,-156,207,0,0,0000,---,False,0.30694,-0.0537,0.3116,-1e-05,10.65515,0.09473,path_to_final_target,w,"$1,0,0,0,0,0,0,0,0#",16000,16000,Set tank.c app_speed/duty level to the logged pwm before sending the move key/protocol command; e=stop.,10.81632,28.77937,0,3,0,0.10387,0.0497,2.1028,9.61518,0.26041,2.399,9.9454,9.6152,0.47297,18,-0.0596,7,0,193.62589,72.44713,0.2976,0.2896,1,False,running
88434632b5,formation_7_smooth_bypass,166,33.2,1784495200,smooth_adaptive_clusters,finish_first,r04,r04,True,center,member,local,3,3,8.70343,0.34936,-0.36665,0.37911,-0.19149,1000,957,-120,71,0,0,0000,---,False,0.35048,-0.14684,0.37911,-0.19149,9.15102,0.34302,path_to_final_target,w,"$1,0,0,0,0,0,0,0,0#",20000,19000,Set tank.c app_speed/duty level to the logged pwm before sending the move key/protocol command; e=stop.,10.0185,26.96569,5,3,0,0.31329,-0.05963,3.00523,9.61518,0.26041,2.399,9.9454,9.6152,0.47297,18,-0.0596,7,0,193.62589,72.44713,0.2976,0.2896,1,False,running
88434632b5,formation_7_smooth_bypass,166,33.2,1784495200,smooth_adaptive_clusters,finish_first,r05,r05,True,center,member,local,2,3,9.10091,0.42076,-0.09464,0.3116,0.00836,818,822,-143,109,0,0,0000,---,False,0.31024,-0.02904,0.3116,0.00836,9.56088,0.37779,path_to_final_target,w,"$1,0,0,0,0,0,0,0,0#",16000,16000,Set tank.c app_speed/duty level to the logged pwm before sending the move key/protocol command; e=stop.,10.01209,26.76889,5,3,0,0.12277,-0.05963,2.99362,9.61518,0.26041,2.399,9.9454,9.6152,0.47297,18,-0.0596,7,0,193.62589,72.44713,0.2976,0.2896,1,False,running
88434632b5,formation_7_smooth_bypass,166,33.2,1784495200,smooth_adaptive_clusters,finish_first,r06,r06,True,center,member,local,2,3,9.77017,0.50083,-0.1329,0.3116,-0.0,820,820,-148,173,0,0,0000,---,False,0.30885,-0.04129,0.3116,-0.0,10.22807,0.43961,path_to_final_target,w,"$1,0,0,0,0,0,0,0,0#",16000,16000,Set tank.c app_speed/duty level to the logged pwm before sending the move key/protocol command; e=stop.,10.01225,26.94374,2,5,0,0.10464,-0.01048,2.7152,9.61518,0.26041,2.399,9.9454,9.6152,0.47297,18,-0.0596,7,0,193.62589,72.44713,0.2976,0.2896,1,False,running
88434632b5,formation_7_smooth_bypass,166,33.2,1784495200,smooth_adaptive_clusters,finish_first,r07,r07,True,center,member,local,2,3,10.04353,0.70813,-0.16074,0.3116,-0.0,820,820,-145,206,0,0,0000,---,False,0.30758,-0.04987,0.3116,-0.0,10.49955,0.63419,path_to_final_target,w,"$1,0,0,0,0,0,0,0,0#",16000,16000,Set tank.c app_speed/duty level to the logged pwm before sending the move key/protocol command; e=stop.,10.68945,28.37149,0,0,0,0.12725,0.06958,1.48707,9.61518,0.26041,2.399,9.9454,9.6152,0.47297,18,-0.0596,7,0,193.62589,72.44713,0.2976,0.2896,1,False,running
88434632b5,formation_7_smooth_bypass,167,33.4,1784495400,smooth_adaptive_clusters,finish_first,r01,r01,True,center,member,local,2,3,9.95213,-0.07613,-0.20423,0.3116,-0.0,820,820,-159,180,0,0,0000,---,False,0.30512,-0.0632,0.3116,-0.0,10.4045,-0.16982,cached_path_to_final_target,w,"$1,0,0,0,0,0,0,0,0#",16000,16000,Set tank.c app_speed/duty level to the logged pwm before sending the move key/protocol command; e=stop.,10.66682,28.40205,0,3,0,0.13143,0.0497,2.17449,9.67642,0.24964,2.337,10.0076,9.6764,0.46774,18,-0.0596,7,0,194.79434,72.88576,0.3133,0.2897,1,False,running
88434632b5,formation_7_smooth_bypass,167,33.4,1784495400,smooth_adaptive_clusters,finish_first,r02,r02,True,center,member,local,2,3,9.64817,-0.26523,0.03575,0.25594,-0.00882,675,672,-177,150,0,0,0000,---,False,0.31142,0.01071,0.25594,-0.00882,10.13309,-0.24863,cached_path_to_final_target,w,"$1,0,0,0,0,0,0,0,0#",14000,13000,Set tank.c app_speed/duty level to the logged pwm before sending the move key/protocol command; e=stop.,10.34523,27.70455,2,5,0,0.13817,-0.01048,2.24459,9.67642,0.24964,2.337,10.0076,9.6764,0.46774,18,-0.0596,7,0,194.79434,72.88576,0.3133,0.2897,1,False,running
88434632b5,formation_7_smooth_bypass,167,33.4,1784495400,smooth_adaptive_clusters,finish_first,r03,r03,True,center,member,local,2,3,10.26148,0.16361,-0.17321,0.3116,-0.0,820,820,-157,213,0,0,0000,---,False,0.30694,-0.0537,0.3116,-0.0,10.71654,0.08399,cached_path_to_final_target,w,"$1,0,0,0,0,0,0,0,0#",16000,16000,Set tank.c app_speed/duty level to the logged pwm before sending the move key/protocol command; e=stop.,10.87864,28.94462,0,3,0,0.10387,0.0497,2.04048,9.67642,0.24964,2.337,10.0076,9.6764,0.46774,18,-0.0596,7,0,194.79434,72.88576,0.3133,0.2897,1,False,running
88434632b5,formation_7_smooth_bypass,167,33.4,1784495400,smooth_adaptive_clusters,finish_first,r04,r04,True,center,member,local,3,3,8.77319,0.3196,-0.4032,0.37919,-0.18275,1000,959,-121,75,0,0,0000,---,False,0.3451,-0.15907,0.37919,-0.18275,9.22248,0.32072,cached_path_to_final_target,w,"$1,0,0,0,0,0,0,0,0#",20000,19000,Set tank.c app_speed/duty level to the logged pwm before sending the move key/protocol command; e=stop.,10.09434,27.1632,5,3,0,0.31329,-0.05963,2.93368,9.67642,0.24964,2.337,10.0076,9.6764,0.46774,18,-0.0596,7,0,194.79434,72.88576,0.3133,0.2897,1,False,running
88434632b5,formation_7_smooth_bypass,167,33.4,1784495400,smooth_adaptive_clusters,finish_first,r05,r05,True,center,member,local,2,3,9.16295,0.41492,-0.09398,0.3116,0.00329,819,821,-144,114,0,0,0000,---,False,0.31024,-0.02908,0.3116,0.00329,9.62291,0.37183,cached_path_to_final_target,w,"$1,0,0,0,0,0,0,0,0#",16000,16000,Set tank.c app_speed/duty level to the logged pwm before sending the move key/protocol command; e=stop.,10.07441,26.93419,5,3,0,0.12277,-0.05963,2.9313,9.67642,0.24964,2.337,10.0076,9.6764,0.46774,18,-0.0596,7,0,194.79434,72.88576,0.3133,0.2897,1,False,running
88434632b5,formation_7_smooth_bypass,167,33.4,1784495400,smooth_adaptive_clusters,finish_first,r06,r06,True,center,member,local,2,3,9.83194,0.49257,-0.1329,0.3116,-0.0,820,820,-149,179,0,0,0000,---,False,0.30885,-0.04129,0.3116,-0.0,10.28984,0.43136,cached_path_to_final_target,w,"$1,0,0,0,0,0,0,0,0#",16000,16000,Set tank.c app_speed/duty level to the logged pwm before sending the move key/protocol command; e=stop.,10.07457,27.10899,2,5,0,0.10464,-0.01048,2.65288,9.67642,0.24964,2.337,10.0076,9.6764,0.46774,18,-0.0596,7,0,194.79434,72.88576,0.3133,0.2897,1,False,running
88434632b5,formation_7_smooth_bypass,167,33.4,1784495400,smooth_adaptive_clusters,finish_first,r07,r07,True,center,member,local,2,3,10.10505,0.69816,-0.16074,0.3116,-0.0,820,820,-145,212,0,0,0000,---,False,0.30758,-0.04987,0.3116,-0.0,10.56106,0.62422,cached_path_to_final_target,w,"$1,0,0,0,0,0,0,0,0#",16000,16000,Set tank.c app_speed/duty level to the logged pwm before sending the move key/protocol command; e=stop.,10.75177,28.53674,0,0,0,0.12725,0.06958,1.42475,9.67642,0.24964,2.337,10.0076,9.6764,0.46774,18,-0.0596,7,0,194.79434,72.88576,0.3133,0.2897,1,False,running
88434632b5,formation_7_smooth_bypass,168,33.6,1784495600,smooth_adaptive_clusters,finish_first,r01,r01,True,center,member,local,2,3,10.01316,-0.08877,-0.20423,0.3116,-0.0,820,820,-160,186,0,0,0001,---,False,0.30512,-0.0632,0.3116,-0.0,10.46553,-0.18246,cached_path_to_final_target,w,"$1,0,0,0,0,0,0,0,0#",16000,16000,Set tank.c app_speed/duty level to the logged pwm before sending the move key/protocol command; e=stop.,10.72914,28.5673,0,3,0,0.13143,0.0497,2.11217,9.736,0.23899,2.2766,10.0681,9.736,0.46126,18,-0.0596,7,0,195.93893,73.31372,0.3057,0.2898,1,False,running
88434632b5,formation_7_smooth_bypass,168,33.6,1784495600,smooth_adaptive_clusters,finish_first,r02,r02,True,center,member,local,2,3,9.71045,-0.26305,0.03497,0.3116,-0.00394,821,819,-177,156,0,0,0000,---,False,0.31142,0.0107,0.3116,-0.00394,10.17912,-0.24699,cached_path_to_final_target,w,"$1,0,0,0,0,0,0,0,0#",16000,16000,Set tank.c app_speed/duty level to the logged pwm before sending the move key/protocol command; e=stop.,10.40755,27.87429,2,5,0,0.13817,-0.01048,2.18227,9.736,0.23899,2.2766,10.0681,9.736,0.46126,18,-0.0596,7,0,195.93893,73.31372,0.3057,0.2898,1,False,running
88434632b5,formation_7_smooth_bypass,168,33.6,1784495600,smooth_adaptive_clusters,finish_first,r03,r03,True,center,member,local,2,3,10.32287,0.15287,-0.17321,0.3116,-0.0,820,820,-158,219,0,0,1000,---,False,0.30694,-0.0537,0.3116,-0.0,10.77793,0.07325,cached_path_to_final_target,w,"$1,0,0,0,0,0,0,0,0#",16000,16000,Set tank.c app_speed/duty level to the logged pwm before sending the move key/protocol command; e=stop.,10.94096,29.10987,0,3,0,0.10387,0.0497,1.97816,9.736,0.23899,2.2766,10.0681,9.736,0.46126,18,-0.0596,7,0,195.93893,73.31372,0.3057,0.2898,1,False,running
88434632b5,formation_7_smooth_bypass,168,33.6,1784495600,smooth_adaptive_clusters,finish_first,r04,r04,True,center,member,local,2,3,8.84188,0.28743,-0.43806,0.37926,-0.17428,1000,961,-122,80,0,0,0000,---,False,0.33958,-0.17055,0.37926,-0.17428,9.29296,0.29646,cached_path_to_final_target,w,"$1,0,0,0,0,0,0,0,0#",20000,19000,Set tank.c app_speed/duty level to the logged pwm before sending the move key/protocol command; e=stop.,10.17019,27.36091,5,3,0,0.31329,-0.05963,2.86329,9.736,0.23899,2.2766,10.0681,9.736,0.46126,18,-0.0596,7,0,195.93893,73.31372,0.3057,0.2898,1,False,running
88434632b5,formation_7_smooth_bypass,168,33.6,1784495600,smooth_adaptive_clusters,finish_first,r05,r05,True,center,member,local,2,3,9.225,0.40908,-0.09372,0.3116,0.00128,820,820,-145,120,0,0,0000,---,False,0.31024,-0.0291,0.3116,0.00128,9.68496,0.36595,cached_path_to_final_target,w,"$1,0,0,0,0,0,0,0,0#",16000,16000,Set tank.c app_speed/duty level to the logged pwm before sending the move key/protocol command; e=stop.,10.13673,27.09946,5,3,0,0.12277,-0.05963,2.86898,9.736,0.23899,2.2766,10.0681,9.736,0.46126,18,-0.0596,7,0,195.93893,73.31372,0.3057,0.2898,1,False,running
88434632b5,formation_7_smooth_bypass,168,33.6,1784495600,smooth_adaptive_clusters,finish_first,r06,r06,True,center,member,local,2,3,9.87209,0.4872,-0.1329,0.20254,-0.0,533,533,-149,183,0,0,0000,---,False,0.20075,-0.02684,0.20254,-0.0,10.35161,0.4231,cached_path_to_final_target,w,"$1,0,0,0,0,0,0,0,0#",11000,11000,Set tank.c app_speed/duty level to the logged pwm before sending the move key/protocol command; e=stop.,10.11507,27.22512,2,5,0,0.10464,-0.01048,2.61237,9.736,0.23899,2.2766,10.0681,9.736,0.46126,18,-0.0596,7,0,195.93893,73.31372,0.3057,0.2898,1,False,running
88434632b5,formation_7_smooth_bypass,168,33.6,1784495600,smooth_adaptive_clusters,finish_first,r07,r07,True,center,member,local,2,3,10.16656,0.68818,-0.16074,0.3116,-0.0,820,820,-146,217,0,0,0000,---,False,0.30758,-0.04987,0.3116,-0.0,10.62258,0.61424,cached_path_to_final_target,w,"$1,0,0,0,0,0,0,0,0#",16000,16000,Set tank.c app_speed/duty level to the logged pwm before sending the move key/protocol command; e=stop.,10.81409,28.70198,0,0,0,0.12725,0.06958,1.36243,9.736,0.23899,2.2766,10.0681,9.736,0.46126,18,-0.0596,7,0,195.93893,73.31372,0.3057,0.2898,1,False,running
88434632b5,formation_7_smooth_bypass,169,33.8,1784495800,smooth_adaptive_clusters,finish_first,r01,r01,True,center,member,local,2,3,10.07418,-0.10141,-0.20423,0.3116,-0.0,820,820,-160,192,0,0,0001,---,False,0.30512,-0.0632,0.3116,-0.0,10.52655,-0.1951,path_to_final_target,w,"$1,0,0,0,0,0,0,0,0#",16000,16000,Set tank.c app_speed/duty level to the logged pwm before sending the move key/protocol command; e=stop.,10.79146,28.73254,0,3,0,0.13143,0.0497,2.04985,9.79852,0.2276,2.2132,10.1317,9.7985,0.45749,18,-0.0596,7,0,197.13707,73.76351,0.3213,0.2899,1,False,running
88434632b5,formation_7_smooth_bypass,169,33.8,1784495800,smooth_adaptive_clusters,finish_first,r02,r02,True,center,member,local,2,3,9.77273,-0.2609,0.03462,0.3116,-0.00173,820,820,-177,162,0,0,0000,---,False,0.31142,0.0107,0.3116,-0.00173,10.23652,-0.24498,path_to_final_target,w,"$1,0,0,0,0,0,0,0,0#",16000,16000,Set tank.c app_speed/duty level to the logged pwm before sending the move key/protocol command; e=stop.,10.46987,28.03956,2,5,0,0.13817,-0.01048,2.11995,9.79852,0.2276,2.2132,10.1317,9.7985,0.45749,18,-0.0596,7,0,197.13707,73.76351,0.3213,0.2899,1,False,running
88434632b5,formation_7_smooth_bypass,169,33.8,1784495800,smooth_adaptive_clusters,finish_first,r03,r03,True,center,member,local,2,3,10.38426,0.14213,-0.17321,0.3116,-0.0,820,820,-158,225,0,0,1000,---,False,0.30694,-0.0537,0.3116,-0.0,10.83932,0.06251,path_to_final_target,w,"$1,0,0,0,0,0,0,0,0#",16000,16000,Set tank.c app_speed/duty level to the logged pwm before sending the move key/protocol command; e=stop.,11.00328,29.27511,0,3,0,0.10387,0.0497,1.91584,9.79852,0.2276,2.2132,10.1317,9.7985,0.45749,18,-0.0596,7,0,197.13707,73.76351,0.3213,0.2899,1,False,running
88434632b5,formation_7_smooth_bypass,169,33.8,1784495800,smooth_adaptive_clusters,finish_first,r04,r04,True,center,member,local,2,3,8.90948,0.25298,-0.47128,0.37933,-0.1661,1000,963,-123,84,0,0,0000,---,False,0.33396,-0.18131,0.37933,-0.1661,9.3624,0.27042,path_to_final_target,w,"$1,0,0,0,0,0,0,0,0#",20000,19000,Set tank.c app_speed/duty level to the logged pwm before sending the move key/protocol command; e=stop.,10.24606,27.55881,5,3,0,0.31329,-0.05963,2.7942,9.79852,0.2276,2.2132,10.1317,9.7985,0.45749,18,-0.0596,7,0,197.13707,73.76351,0.3213,0.2899,1,False,running
88434632b5,formation_7_smooth_bypass,169,33.8,1784495800,smooth_adaptive_clusters,finish_first,r05,r05,True,center,member,local,2,3,9.28705,0.40326,-0.09362,0.3116,0.0005,820,820,-146,125,0,0,0000,---,False,0.31024,-0.02911,0.3116,0.0005,9.747,0.36011,path_to_final_target,w,"$1,0,0,0,0,0,0,0,0#",16000,16000,Set tank.c app_speed/duty level to the logged pwm before sending the move key/protocol command; e=stop.,10.19905,27.26471,5,3,0,0.12277,-0.05963,2.80666,9.79852,0.2276,2.2132,10.1317,9.7985,0.45749,18,-0.0596,7,0,197.13707,73.76351,0.3213,0.2899,1,False,running
88434632b5,formation_7_smooth_bypass,169,33.8,1784495800,smooth_adaptive_clusters,finish_first,r06,r06,True,center,member,local,2,3,9.93386,0.47895,-0.1329,0.3116,-0.0,820,820,-150,188,0,0,0000,---,False,0.30885,-0.04129,0.3116,-0.0,10.39825,0.41686,path_to_final_target,w,"$1,0,0,0,0,0,0,0,0#",16000,16000,Set tank.c app_speed/duty level to the logged pwm before sending the move key/protocol command; e=stop.,10.17739,27.39909,2,5,0,0.10464,-0.01048,2.55005,9.79852,0.2276,2.2132,10.1317,9.7985,0.45749,18,-0.0596,7,0,197.13707,73.76351,0.3213,0.2899,1,False,running
88434632b5,formation_7_smooth_bypass,169,33.8,1784495800,smooth_adaptive_clusters,finish_first,r07,r07,True,center,member,local,2,3,10.22808,0.67821,-0.16074,0.3116,-0.0,820,820,-147,223,0,0,0000,---,False,0.30758,-0.04987,0.3116,-0.0,10.6841,0.60427,path_to_final_target,w,"$1,0,0,0,0,0,0,0,0#",16000,16000,Set tank.c app_speed/duty level to the logged pwm before sending the move key/protocol command; e=stop.,10.87641,28.86723,0,0,0,0.12725,0.06958,1.30011,9.79852,0.2276,2.2132,10.1317,9.7985,0.45749,18,-0.0596,7,0,197.13707,73.76351,0.3213,0.2899,1,False,running
88434632b5,formation_7_smooth_bypass,170,34.0,1784496000,smooth_adaptive_clusters,finish_first,r01,r01,True,center,member,local,2,3,10.13521,-0.11405,-0.20423,0.3116,-0.0,820,820,-161,198,0,0,0001,---,False,0.30512,-0.0632,0.3116,-0.0,10.58758,-0.20774,cached_path_to_final_target,w,"$1,0,0,0,0,0,0,0,0#",16000,16000,Set tank.c app_speed/duty level to the logged pwm before sending the move key/protocol command; e=stop.,10.85378,28.89779,0,3,0,0.13143,0.0497,1.98753,9.85593,0.21878,2.1552,10.1897,9.8559,0.45781,18,-0.0596,7,0,198.24656,74.1715,0.2914,0.2899,1,False,running
88434632b5,formation_7_smooth_bypass,170,34.0,1784496000,smooth_adaptive_clusters,finish_first,r02,r02,True,center,member,local,2,3,9.81303,-0.25951,0.03447,0.2016,-0.00074,531,530,-178,166,0,0,0000,---,False,0.109,0.00375,0.2016,-0.00074,10.29734,-0.24287,cached_path_to_final_target,w,"$1,0,0,0,0,0,0,0,0#",11000,11000,Set tank.c app_speed/duty level to the logged pwm before sending the move key/protocol command; e=stop.,10.51019,28.15528,2,5,0,0.13817,-0.01048,2.07963,9.85593,0.21878,2.1552,10.1897,9.8559,0.45781,18,-0.0596,7,0,198.24656,74.1715,0.2914,0.2899,1,False,running
88434632b5,formation_7_smooth_bypass,170,34.0,1784496000,smooth_adaptive_clusters,finish_first,r03,r03,True,center,member,local,2,3,10.44564,0.13139,-0.17321,0.3116,-0.0,820,820,-159,231,0,0,1000,---,False,0.30694,-0.0537,0.3116,-0.0,10.9007,0.05177,cached_path_to_final_target,w,"$1,0,0,0,0,0,0,0,0#",16000,16000,Set tank.c app_speed/duty level to the logged pwm before sending the move key/protocol command; e=stop.,11.0656,29.44036,0,3,0,0.10387,0.0497,1.85352,9.85593,0.21878,2.1552,10.1897,9.8559,0.45781,18,-0.0596,7,0,198.24656,74.1715,0.2914,0.2899,1,False,running
88434632b5,formation_7_smooth_bypass,170,34.0,1784496000,smooth_adaptive_clusters,finish_first,r04,r04,True,center,member,local,2,3,8.96329,0.23724,-0.2845,0.28035,0.9339,541,934,-135,89,0,0,0000,---,False,0.31154,-0.00611,0.28035,0.9339,9.43074,0.24276,cached_path_to_final_target,a,"$3,0,0,0,0,0,0,0,0#",11000,19000,Set tank.c app_speed/duty level to the logged pwm before sending the move key/protocol command; e=stop.,10.30213,27.72635,5,3,0,0.31329,-0.05963,2.73983,9.85593,0.21878,2.1552,10.1897,9.8559,0.45781,18,-0.0596,7,0,198.24656,74.1715,0.2914,0.2899,1,False,running
88434632b5,formation_7_smooth_bypass,170,34.0,1784496000,smooth_adaptive_clusters,finish_first,r05,r05,True,center,member,local,2,3,9.3491,0.39743,-0.09359,0.3116,0.00019,820,820,-148,130,0,0,0000,---,False,0.31024,-0.02911,0.3116,0.00019,9.80905,0.35428,cached_path_to_final_target,w,"$1,0,0,0,0,0,0,0,0#",16000,16000,Set tank.c app_speed/duty level to the logged pwm before sending the move key/protocol command; e=stop.,10.26137,27.42996,5,3,0,0.12277,-0.05963,2.74434,9.85593,0.21878,2.1552,10.1897,9.8559,0.45781,18,-0.0596,7,0,198.24656,74.1715,0.2914,0.2899,1,False,running
88434632b5,formation_7_smooth_bypass,170,34.0,1784496000,smooth_adaptive_clusters,finish_first,r06,r06,True,center,member,local,2,3,9.99563,0.47069,-0.1329,0.3116,-0.0,820,820,-151,194,0,0,0000,---,False,0.30885,-0.04129,0.3116,-0.0,10.45548,0.40921,cached_path_to_final_target,w,"$1,0,0,0,0,0,0,0,0#",16000,16000,Set tank.c app_speed/duty level to the logged pwm before sending the move key/protocol command; e=stop.,10.23971,27.56434,2,5,0,0.10464,-0.01048,2.48773,9.85593,0.21878,2.1552,10.1897,9.8559,0.45781,18,-0.0596,7,0,198.24656,74.1715,0.2914,0.2899,1,False,running
88434632b5,formation_7_smooth_bypass,170,34.0,1784496000,smooth_adaptive_clusters,finish_first,r07,r07,True,center,member,local,2,3,10.2896,0.66823,-0.16074,0.3116,-0.0,820,820,-148,228,0,0,0000,---,False,0.30758,-0.04987,0.3116,-0.0,10.74561,0.5943,cached_path_to_final_target,w,"$1,0,0,0,0,0,0,0,0#",16000,16000,Set tank.c app_speed/duty level to the logged pwm before sending the move key/protocol command; e=stop.,10.93873,29.03248,0,0,0,0.12725,0.06958,1.23779,9.85593,0.21878,2.1552,10.1897,9.8559,0.45781,18,-0.0596,7,0,198.24656,74.1715,0.2914,0.2899,1,False,running
88434632b5,formation_7_smooth_bypass,171,34.2,1784496200,smooth_adaptive_clusters,finish_first,r01,r01,True,center,member,local,2,3,10.19623,-0.12669,-0.20423,0.3116,-0.0,820,820,-161,205,0,0,0001,---,False,0.30512,-0.0632,0.3116,-0.0,10.6486,-0.22038,cached_path_to_final_target,w,"$1,0,0,0,0,0,0,0,0#",16000,16000,Set tank.c app_speed/duty level to the logged pwm before sending the move key/protocol command; e=stop.,10.9161,29.06303,0,3,0,0.13143,0.0497,1.92521,9.91731,0.21112,2.0934,10.2516,9.9173,0.45714,18,-0.0596,7,0,199.4101,74.60561,0.3101,0.29,1,False,running
88434632b5,formation_7_smooth_bypass,171,34.2,1784496200,smooth_adaptive_clusters,finish_first,r02,r02,True,center,member,local,2,3,9.87531,-0.25736,0.03441,0.3116,-0.00031,820,820,-178,172,0,0,0000,---,False,0.31142,0.0107,0.3116,-0.00031,10.3438,-0.24126,cached_path_to_final_target,w,"$1,0,0,0,0,0,0,0,0#",16000,16000,Set tank.c app_speed/duty level to the logged pwm before sending the move key/protocol command; e=stop.,10.57251,28.32933,2,5,0,0.13817,-0.01048,2.01731,9.91731,0.21112,2.0934,10.2516,9.9173,0.45714,18,-0.0596,7,0,199.4101,74.60561,0.3101,0.29,1,False,running
88434632b5,formation_7_smooth_bypass,171,34.2,1784496200,smooth_adaptive_clusters,finish_first,r03,r03,True,center,member,local,2,3,10.50703,0.12065,-0.17321,0.3116,-0.0,820,820,-159,237,0,0,1000,---,False,0.30694,-0.0537,0.3116,-0.0,10.96209,0.04103,cached_path_to_final_target,w,"$1,0,0,0,0,0,0,0,0#",16000,16000,Set tank.c app_speed/duty level to the logged pwm before sending the move key/protocol command; e=stop.,11.12792,29.60561,0,3,0,0.10387,0.0497,1.7912,9.91731,0.21112,2.0934,10.2516,9.9173,0.45714,18,-0.0596,7,0,199.4101,74.60561,0.3101,0.29,1,False,running
88434632b5,formation_7_smooth_bypass,171,34.2,1784496200,smooth_adaptive_clusters,finish_first,r04,r04,True,center,member,local,2,3,9.02292,0.22897,-0.13784,0.30098,0.73328,638,946,-145,94,0,0,0000,---,False,0.31152,-0.00704,0.30098,0.73328,9.48899,0.22536,cached_path_to_final_target,a,"$3,0,0,0,0,0,0,0,0#",13000,19000,Set tank.c app_speed/duty level to the logged pwm before sending the move key/protocol command; e=stop.,10.36233,27.88961,5,3,0,0.31329,-0.05963,2.67996,9.91731,0.21112,2.0934,10.2516,9.9173,0.45714,18,-0.0596,7,0,199.4101,74.60561,0.3101,0.29,1,False,running
88434632b5,formation_7_smooth_bypass,171,34.2,1784496200,smooth_adaptive_clusters,finish_first,r05,r05,True,center,member,local,2,3,9.41114,0.39161,-0.09357,0.3116,7e-05,820,820,-149,136,0,0,0000,---,False,0.31024,-0.02911,0.3116,7e-05,9.87109,0.34845,cached_path_to_final_target,w,"$1,0,0,0,0,0,0,0,0#",16000,16000,Set tank.c app_speed/duty level to the logged pwm before sending the move key/protocol command; e=stop.,10.32369,27.59521,5,3,0,0.12277,-0.05963,2.68202,9.91731,0.21112,2.0934,10.2516,9.9173,0.45714,18,-0.0596,7,0,199.4101,74.60561,0.3101,0.29,1,False,running
88434632b5,formation_7_smooth_bypass,171,34.2,1784496200,smooth_adaptive_clusters,finish_first,r06,r06,True,center,member,local,2,3,10.0574,0.46243,-0.1329,0.3116,-0.0,820,820,-151,199,0,0,0000,---,False,0.30885,-0.04129,0.3116,-0.0,10.51589,0.40114,cached_path_to_final_target,w,"$1,0,0,0,0,0,0,0,0#",16000,16000,Set tank.c app_speed/duty level to the logged pwm before sending the move key/protocol command; e=stop.,10.30203,27.72959,2,5,0,0.10464,-0.01048,2.42541,9.91731,0.21112,2.0934,10.2516,9.9173,0.45714,18,-0.0596,7,0,199.4101,74.60561,0.3101,0.29,1,False,running
88434632b5,formation_7_smooth_bypass,171,34.2,1784496200,smooth_adaptive_clusters,finish_first,r07,r07,True,center,member,local,2,3,10.35111,0.65826,-0.16074,0.3116,-0.0,820,820,-148,233,0,0,0000,---,False,0.30758,-0.04987,0.3116,-0.0,10.80713,0.58432,cached_path_to_final_target,w,"$1,0,0,0,0,0,0,0,0#",16000,16000,Set tank.c app_speed/duty level to the logged pwm before sending the move key/protocol command; e=stop.,11.00105,29.19772,0,0,0,0.12725,0.06958,1.17547,9.91731,0.21112,2.0934,10.2516,9.9173,0.45714,18,-0.0596,7,0,199.4101,74.60561,0.3101,0.29,1,False,running
88434632b5,formation_7_smooth_bypass,172,34.4,1784496400,smooth_adaptive_clusters,finish_first,r01,r01,True,center,member,local,2,3,10.25726,-0.13933,-0.20423,0.3116,-0.0,820,820,-162,211,0,0,0001,---,False,0.30512,-0.0632,0.3116,-0.0,10.70963,-0.23302,path_to_final_target,w,"$1,0,0,0,0,0,0,0,0#",16000,16000,Set tank.c app_speed/duty level to the logged pwm before sending the move key/protocol command; e=stop.,10.97842,29.22828,0,3,0,0.13143,0.0497,1.86289,9.97899,0.20399,2.0313,10.3137,9.979,0.45589,17,-0.0596,7,0,200.57072,75.04146,0.3113,0.2901,1,False,running
88434632b5,formation_7_smooth_bypass,172,34.4,1784496400,smooth_adaptive_clusters,finish_first,r02,r02,True,center,member,local,2,3,9.9376,-0.25522,0.03438,0.3116,-0.00013,820,820,-178,179,0,0,0000,---,False,0.31142,0.01071,0.3116,-0.00013,10.40133,-0.23928,path_to_final_target,w,"$1,0,0,0,0,0,0,0,0#",16000,16000,Set tank.c app_speed/duty level to the logged pwm before sending the move key/protocol command; e=stop.,10.63483,28.49458,2,5,0,0.13817,-0.01048,1.95499,9.97899,0.20399,2.0313,10.3137,9.979,0.45589,17,-0.0596,7,0,200.57072,75.04146,0.3113,0.2901,1,False,running
88434632b5,formation_7_smooth_bypass,172,34.4,1784496400,smooth_adaptive_clusters,finish_first,r03,r03,True,center,member,local,2,3,10.56842,0.10991,-0.17321,0.3116,-0.0,820,820,-159,243,0,0,1000,---,False,0.30694,-0.0537,0.3116,-0.0,11.02348,0.03029,path_to_final_target,w,"$1,0,0,0,0,0,0,0,0#",16000,16000,Set tank.c app_speed/duty level to the logged pwm before sending the move key/protocol command; e=stop.,11.19024,29.77085,0,3,0,0.10387,0.0497,1.72888,9.97899,0.20399,2.0313,10.3137,9.979,0.45589,17,-0.0596,7,0,200.57072,75.04146,0.3113,0.2901,1,False,running
88434632b5,formation_7_smooth_bypass,172,34.4,1784496400,smooth_adaptive_clusters,finish_first,r04,r04,True,center,member,local,2,3,9.08467,0.22431,-0.07529,0.30966,0.31273,749,881,-150,100,0,0,0000,---,False,0.31149,-0.00815,0.30966,0.31273,9.54823,0.21523,path_to_final_target,a,"$3,0,0,0,0,0,0,0,0#",15000,18000,Set tank.c app_speed/duty level to the logged pwm before sending the move key/protocol command; e=stop.,10.42426,28.05875,5,3,0,0.31329,-0.05963,2.61808,9.97899,0.20399,2.0313,10.3137,9.979,0.45589,17,-0.0596,7,0,200.57072,75.04146,0.3113,0.2901,1,False,running
88434632b5,formation_7_smooth_bypass,172,34.4,1784496400,smooth_adaptive_clusters,finish_first,r05,r05,True,center,member,local,2,3,9.47319,0.38579,-0.09357,0.3116,3e-05,820,820,-150,142,0,0,0000,---,False,0.31024,-0.02911,0.3116,3e-05,9.93314,0.34263,path_to_final_target,w,"$1,0,0,0,0,0,0,0,0#",16000,16000,Set tank.c app_speed/duty level to the logged pwm before sending the move key/protocol command; e=stop.,10.38601,27.76045,5,3,0,0.12277,-0.05963,2.6197,9.97899,0.20399,2.0313,10.3137,9.979,0.45589,17,-0.0596,7,0,200.57072,75.04146,0.3113,0.2901,1,False,running
88434632b5,formation_7_smooth_bypass,172,34.4,1784496400,smooth_adaptive_clusters,finish_first,r06,r06,True,center,member,local,2,3,10.11917,0.45417,-0.1329,0.3116,-0.0,820,820,-152,205,0,0,0000,---,False,0.30885,-0.04129,0.3116,-0.0,10.57725,0.39293,path_to_final_target,w,"$1,0,0,0,0,0,0,0,0#",16000,16000,Set tank.c app_speed/duty level to the logged pwm before sending the move key/protocol command; e=stop.,10.36435,27.89483,2,5,0,0.10464,-0.01048,2.36309,9.97899,0.20399,2.0313,10.3137,9.979,0.45589,17,-0.0596,7,0,200.57072,75.04146,0.3113,0.2901,1,False,running
88434632b5,formation_7_smooth_bypass,172,34.4,1784496400,smooth_adaptive_clusters,finish_first,r07,r07,True,center,member,local,2,3,10.41263,0.64828,-0.16074,0.3116,-0.0,820,820,-149,239,0,0,0000,---,False,0.30758,-0.04987,0.3116,-0.0,10.86865,0.57435,path_to_final_target,w,"$1,0,0,0,0,0,0,0,0#",16000,16000,Set tank.c app_speed/duty level to the logged pwm before sending the move key/protocol command; e=stop.,11.06337,29.36297,0,0,0,0.12725,0.06958,1.11315,9.97899,0.20399,2.0313,10.3137,9.979,0.45589,17,-0.0596,7,0,200.57072,75.04146,0.3113,0.2901,1,False,running
88434632b5,formation_7_smooth_bypass,173,34.6,1784496600,smooth_adaptive_clusters,finish_first,r01,r01,True,center,member,local,2,3,10.31828,-0.15197,-0.20423,0.3116,-0.0,820,820,-162,217,0,0,0001,---,False,0.30512,-0.0632,0.3116,-0.0,10.77065,-0.24566,cached_path_to_final_target,w,"$1,0,0,0,0,0,0,0,0#",16000,16000,Set tank.c app_speed/duty level to the logged pwm before sending the move key/protocol command; e=stop.,11.04074,29.39353,0,3,0,0.13143,0.0497,1.80057,10.03759,0.19698,1.9723,10.3727,10.0376,0.45389,17,-0.0596,7,0,201.67986,75.45563,0.2958,0.2901,1,False,running
88434632b5,formation_7_smooth_bypass,173,34.6,1784496600,smooth_adaptive_clusters,finish_first,r02,r02,True,center,member,local,2,3,9.97789,-0.25375,0.03643,0.2016,0.01021,528,533,-178,183,0,0,0000,---,False,0.14583,0.00555,0.2016,0.01021,10.46219,-0.23719,cached_path_to_final_target; completion_unstuck,w,"$1,0,0,0,0,0,0,0,0#",11000,11000,Set tank.c app_speed/duty level to the logged pwm before sending the move key/protocol command; e=stop.,10.67515,28.61039,2,5,0,0.13817,-0.01048,1.91467,10.03759,0.19698,1.9723,10.3727,10.0376,0.45389,17,-0.0596,7,0,201.67986,75.45563,0.2958,0.2901,1,False,running
88434632b5,formation_7_smooth_bypass,173,34.6,1784496600,smooth_adaptive_clusters,finish_first,r03,r03,True,center,member,local,2,3,10.62981,0.09917,-0.17321,0.3116,-0.0,820,820,-160,249,0,0,1000,---,False,0.30694,-0.0537,0.3116,-0.0,11.08487,0.01955,cached_path_to_final_target,w,"$1,0,0,0,0,0,0,0,0#",16000,16000,Set tank.c app_speed/duty level to the logged pwm before sending the move key/protocol command; e=stop.,11.25256,29.9361,0,3,0,0.10387,0.0497,1.66656,10.03759,0.19698,1.9723,10.3727,10.0376,0.45389,17,-0.0596,7,0,201.67986,75.45563,0.2958,0.2901,1,False,running
88434632b5,formation_7_smooth_bypass,173,34.6,1784496600,smooth_adaptive_clusters,finish_first,r04,r04,True,center,member,local,2,3,9.14685,0.22126,-0.04913,0.31126,0.13082,792,847,-153,105,0,0,0000,---,False,0.31147,-0.0089,0.31126,0.13082,9.60924,0.20932,cached_path_to_final_target,w,"$1,0,0,0,0,0,0,0,0#",16000,17000,Set tank.c app_speed/duty level to the logged pwm before sending the move key/protocol command; e=stop.,10.48651,28.22585,5,3,0,0.31329,-0.05963,2.55584,10.03759,0.19698,1.9723,10.3727,10.0376,0.45389,17,-0.0596,7,0,201.67986,75.45563,0.2958,0.2901,1,False,running
88434632b5,formation_7_smooth_bypass,173,34.6,1784496600,smooth_adaptive_clusters,finish_first,r05,r05,True,center,member,local,2,3,9.53524,0.37997,-0.09356,0.3116,1e-05,820,820,-151,147,0,0,0000,---,False,0.31024,-0.02911,0.3116,1e-05,9.99519,0.33681,cached_path_to_final_target,w,"$1,0,0,0,0,0,0,0,0#",16000,16000,Set tank.c app_speed/duty level to the logged pwm before sending the move key/protocol command; e=stop.,10.44833,27.9257,5,3,0,0.12277,-0.05963,2.55738,10.03759,0.19698,1.9723,10.3727,10.0376,0.45389,17,-0.0596,7,0,201.67986,75.45563,0.2958,0.2901,1,False,running
88434632b5,formation_7_smooth_bypass,173,34.6,1784496600,smooth_adaptive_clusters,finish_first,r06,r06,True,center,member,local,2,3,10.18094,0.44591,-0.1329,0.3116,-0.0,820,820,-153,211,0,0,0000,---,False,0.30885,-0.04129,0.3116,-0.0,10.63889,0.38469,cached_path_to_final_target,w,"$1,0,0,0,0,0,0,0,0#",16000,16000,Set tank.c app_speed/duty level to the logged pwm before sending the move key/protocol command; e=stop.,10.42667,28.06008,2,5,0,0.10464,-0.01048,2.30077,10.03759,0.19698,1.9723,10.3727,10.0376,0.45389,17,-0.0596,7,0,201.67986,75.45563,0.2958,0.2901,1,False,running
88434632b5,formation_7_smooth_bypass,173,34.6,1784496600,smooth_adaptive_clusters,finish_first,r07,r07,True,center,member,local,2,3,10.47415,0.63831,-0.16074,0.3116,-0.0,820,820,-150,244,0,0,0000,---,False,0.30758,-0.04987,0.3116,-0.0,10.93016,0.56437,cached_path_to_final_target,w,"$1,0,0,0,0,0,0,0,0#",16000,16000,Set tank.c app_speed/duty level to the logged pwm before sending the move key/protocol command; e=stop.,11.12569,29.52822,0,0,0,0.12725,0.06958,1.05083,10.03759,0.19698,1.9723,10.3727,10.0376,0.45389,17,-0.0596,7,0,201.67986,75.45563,0.2958,0.2901,1,False,running
88434632b5,formation_7_smooth_bypass,174,34.8,1784496800,smooth_adaptive_clusters,finish_first,r01,r01,True,center,member,local,2,3,10.37931,-0.1646,-0.20423,0.3116,-0.0,820,820,-163,223,0,0,0000,---,False,0.30512,-0.0632,0.3116,-0.0,10.83168,-0.2583,cached_path_to_final_target,w,"$1,0,0,0,0,0,0,0,0#",16000,16000,Set tank.c app_speed/duty level to the logged pwm before sending the move key/protocol command; e=stop.,11.10306,29.55877,0,3,0,0.13143,0.0497,1.73825,10.09935,0.19018,1.9101,10.4348,10.0993,0.45258,17,-0.0596,7,0,202.84634,75.89186,0.3116,0.2902,1,False,running
88434632b5,formation_7_smooth_bypass,174,34.8,1784496800,smooth_adaptive_clusters,finish_first,r02,r02,True,center,member,local,2,3,10.04017,-0.25156,0.03523,0.3116,-0.00599,821,819,-178,189,0,0,0000,---,False,0.31142,0.01068,0.3116,-0.00599,10.50865,-0.23555,cached_path_to_final_target,w,"$1,0,0,0,0,0,0,0,0#",16000,16000,Set tank.c app_speed/duty level to the logged pwm before sending the move key/protocol command; e=stop.,10.73747,28.7846,2,5,0,0.13817,-0.01048,1.85235,10.09935,0.19018,1.9101,10.4348,10.0993,0.45258,17,-0.0596,7,0,202.84634,75.89186,0.3116,0.2902,1,False,running
88434632b5,formation_7_smooth_bypass,174,34.8,1784496800,smooth_adaptive_clusters,finish_first,r03,r03,True,center,member,local,2,3,10.69119,0.08842,-0.17321,0.3116,-0.0,820,820,-160,255,0,0,1000,---,False,0.30694,-0.0537,0.3116,-0.0,11.14625,0.00881,cached_path_to_final_target,w,"$1,0,0,0,0,0,0,0,0#",16000,16000,Set tank.c app_speed/duty level to the logged pwm before sending the move key/protocol command; e=stop.,11.31488,30.10135,0,3,0,0.10387,0.0497,1.60424,10.09935,0.19018,1.9101,10.4348,10.0993,0.45258,17,-0.0596,7,0,202.84634,75.89186,0.3116,0.2902,1,False,running
88434632b5,formation_7_smooth_bypass,174,34.8,1784496800,smooth_adaptive_clusters,finish_first,r04,r04,True,center,member,local,2,3,9.20911,0.21887,-0.03837,0.31154,0.05381,809,831,-154,111,0,0,0000,---,False,0.31146,-0.00932,0.31154,0.05381,9.67108,0.20557,cached_path_to_final_target,w,"$1,0,0,0,0,0,0,0,0#",16000,17000,Set tank.c app_speed/duty level to the logged pwm before sending the move key/protocol command; e=stop.,10.54882,28.39188,5,3,0,0.31329,-0.05963,2.49353,10.09935,0.19018,1.9101,10.4348,10.0993,0.45258,17,-0.0596,7,0,202.84634,75.89186,0.3116,0.2902,1,False,running
88434632b5,formation_7_smooth_bypass,174,34.8,1784496800,smooth_adaptive_clusters,finish_first,r05,r05,True,center,member,local,2,3,9.59729,0.37414,-0.09356,0.3116,0.0,820,820,-151,153,0,0,0000,---,False,0.31024,-0.02911,0.3116,0.0,10.05724,0.33098,cached_path_to_final_target,w,"$1,0,0,0,0,0,0,0,0#",16000,16000,Set tank.c app_speed/duty level to the logged pwm before sending the move key/protocol command; e=stop.,10.51065,28.09095,5,3,0,0.12277,-0.05963,2.49506,10.09935,0.19018,1.9101,10.4348,10.0993,0.45258,17,-0.0596,7,0,202.84634,75.89186,0.3116,0.2902,1,False,running
88434632b5,formation_7_smooth_bypass,174,34.8,1784496800,smooth_adaptive_clusters,finish_first,r06,r06,True,center,member,local,2,3,10.24272,0.43766,-0.1329,0.3116,-0.0,820,820,-153,217,0,0,0000,---,False,0.30885,-0.04129,0.3116,-0.0,10.70063,0.37644,cached_path_to_final_target,w,"$1,0,0,0,0,0,0,0,0#",16000,16000,Set tank.c app_speed/duty level to the logged pwm before sending the move key/protocol command; e=stop.,10.48899,28.22533,2,5,0,0.10464,-0.01048,2.23845,10.09935,0.19018,1.9101,10.4348,10.0993,0.45258,17,-0.0596,7,0,202.84634,75.89186,0.3116,0.2902,1,False,running
88434632b5,formation_7_smooth_bypass,174,34.8,1784496800,smooth_adaptive_clusters,finish_first,r07,r07,True,center,member,local,2,3,10.53566,0.62834,-0.16074,0.3116,-0.0,820,820,-150,250,0,0,0000,---,False,0.30758,-0.04987,0.3116,-0.0,10.99168,0.5544,cached_path_to_final_target,w,"$1,0,0,0,0,0,0,0,0#",16000,16000,Set tank.c app_speed/duty level to the logged pwm before sending the move key/protocol command; e=stop.,11.18801,29.69346,0,0,0,0.12725,0.06958,0.98851,10.09935,0.19018,1.9101,10.4348,10.0993,0.45258,17,-0.0596,7,0,202.84634,75.89186,0.3116,0.2902,1,False,running
88434632b5,formation_7_smooth_bypass,175,35.0,1784497000,smooth_adaptive_clusters,finish_first,r01,r01,True,center,member,local,2,3,10.44033,-0.17724,-0.20423,0.3116,-0.0,820,820,-163,229,0,0,0000,---,False,0.30512,-0.0632,0.3116,-0.0,10.8927,-0.27094,path_to_final_target,w,"$1,0,0,0,0,0,0,0,0#",16000,16000,Set tank.c app_speed/duty level to the logged pwm before sending the move key/protocol command; e=stop.,11.16538,29.72402,0,3,0,0.13143,0.0497,1.67593,10.16111,0.18341,1.848,10.497,10.1611,0.45134,17,-0.0596,7,0,204.00342,76.3281,0.3116,0.2903,1,False,running
88434632b5,formation_7_smooth_bypass,175,35.0,1784497000,smooth_adaptive_clusters,finish_first,r02,r02,True,center,member,local,2,3,10.10245,-0.2494,0.03468,0.3116,-0.00272,821,819,-178,195,0,0,0000,---,False,0.31142,0.01067,0.3116,-0.00272,10.56619,-0.23353,path_to_final_target,w,"$1,0,0,0,0,0,0,0,0#",16000,16000,Set tank.c app_speed/duty level to the logged pwm before sending the move key/protocol command; e=stop.,10.79979,28.94988,2,5,0,0.13817,-0.01048,1.79003,10.16111,0.18341,1.848,10.497,10.1611,0.45134,17,-0.0596,7,0,204.00342,76.3281,0.3116,0.2903,1,False,running
88434632b5,formation_7_smooth_bypass,175,35.0,1784497000,smooth_adaptive_clusters,finish_first,r03,r03,True,center,member,local,1,3,10.75258,0.07768,-0.17321,0.3116,-0.0,820,820,-161,261,0,0,0000,---,False,0.30694,-0.0537,0.3116,-0.0,11.20764,-0.00193,path_to_final_target,w,"$1,0,0,0,0,0,0,0,0#",16000,16000,Set tank.c app_speed/duty level to the logged pwm before sending the move key/protocol command; e=stop.,11.3772,30.26659,0,3,0,0.10387,0.0497,1.54192,10.16111,0.18341,1.848,10.497,10.1611,0.45134,17,-0.0596,7,0,204.00342,76.3281,0.3116,0.2903,1,False,running
88434632b5,formation_7_smooth_bypass,175,35.0,1784497000,smooth_adaptive_clusters,finish_first,r04,r04,True,center,member,local,2,3,9.27139,0.21675,-0.034,0.31159,0.02183,815,825,-155,117,0,0,0000,---,False,0.31145,-0.00952,0.31159,0.02183,9.73321,0.20284,path_to_final_target,w,"$1,0,0,0,0,0,0,0,0#",16000,16000,Set tank.c app_speed/duty level to the logged pwm before sending the move key/protocol command; e=stop.,10.61114,28.55745,5,3,0,0.31329,-0.05963,2.43121,10.16111,0.18341,1.848,10.497,10.1611,0.45134,17,-0.0596,7,0,204.00342,76.3281,0.3116,0.2903,1,False,running
88434632b5,formation_7_smooth_bypass,175,35.0,1784497000,smooth_adaptive_clusters,finish_first,r05,r05,True,center,member,local,2,3,9.65933,0.36832,-0.09356,0.3116,0.0,820,820,-152,159,0,0,0000,---,False,0.31024,-0.02911,0.3116,0.0,10.11928,0.32516,path_to_final_target,w,"$1,0,0,0,0,0,0,0,0#",16000,16000,Set tank.c app_speed/duty level to the logged pwm before sending the move key/protocol command; e=stop.,10.57297,28.25619,5,3,0,0.12277,-0.05963,2.43274,10.16111,0.18341,1.848,10.497,10.1611,0.45134,17,-0.0596,7,0,204.00342,76.3281,0.3116,0.2903,1,False,running
88434632b5,formation_7_smooth_bypass,175,35.0,1784497000,smooth_adaptive_clusters,finish_first,r06,r06,True,center,member,local,2,3,10.30449,0.4294,-0.1329,0.3116,-0.0,820,820,-154,222,0,0,0000,---,False,0.30885,-0.04129,0.3116,-0.0,10.76239,0.36818,path_to_final_target,w,"$1,0,0,0,0,0,0,0,0#",16000,16000,Set tank.c app_speed/duty level to the logged pwm before sending the move key/protocol command; e=stop.,10.55131,28.39057,2,5,0,0.10464,-0.01048,2.17613,10.16111,0.18341,1.848,10.497,10.1611,0.45134,17,-0.0596,7,0,204.00342,76.3281,0.3116,0.2903,1,False,running
88434632b5,formation_7_smooth_bypass,175,35.0,1784497000,smooth_adaptive_clusters,finish_first,r07,r07,True,center,member,local,2,3,10.59718,0.61836,-0.16074,0.3116,-0.0,820,820,-151,256,0,0,0000,---,False,0.30758,-0.04987,0.3116,-0.0,11.0532,0.54442,path_to_final_target,w,"$1,0,0,0,0,0,0,0,0#",16000,16000,Set tank.c app_speed/duty level to the logged pwm before sending the move key/protocol command; e=stop.,11.25033,29.85871,0,0,0,0.12725,0.06958,0.92619,10.16111,0.18341,1.848,10.497,10.1611,0.45134,17,-0.0596,7,0,204.00342,76.3281,0.3116,0.2903,1,False,running
88434632b5,formation_7_smooth_bypass,176,35.2,1784497200,smooth_adaptive_clusters,finish_first,r01,r01,True,center,member,local,2,3,10.50136,-0.18988,-0.20423,0.3116,-0.0,820,820,-164,235,0,0,0000,---,False,0.30512,-0.0632,0.3116,-0.0,10.95373,-0.28358,cached_path_to_final_target,w,"$1,0,0,0,0,0,0,0,0#",16000,16000,Set tank.c app_speed/duty level to the logged pwm before sending the move key/protocol command; e=stop.,11.2277,29.88927,0,3,0,0.13143,0.0497,1.61361,10.22287,0.17665,1.7859,10.5591,10.2229,0.45015,17,-0.0596,7,0,205.16029,76.76434,0.3116,0.2904,1,False,running
88434632b5,formation_7_smooth_bypass,176,35.2,1784497200,smooth_adaptive_clusters,finish_first,r02,r02,True,center,member,local,2,3,10.16474,-0.24725,0.03444,0.3116,-0.0012,820,820,-178,201,0,0,0000,---,False,0.31142,0.01067,0.3116,-0.0012,10.62705,-0.23142,cached_path_to_final_target,w,"$1,0,0,0,0,0,0,0,0#",16000,16000,Set tank.c app_speed/duty level to the logged pwm before sending the move key/protocol command; e=stop.,10.86211,29.11514,2,5,0,0.13817,-0.01048,1.72771,10.22287,0.17665,1.7859,10.5591,10.2229,0.45015,17,-0.0596,7,0,205.16029,76.76434,0.3116,0.2904,1,False,running
88434632b5,formation_7_smooth_bypass,176,35.2,1784497200,smooth_adaptive_clusters,finish_first,r03,r03,True,center,member,local,1,3,10.81397,0.06694,-0.17321,0.3116,-0.0,820,820,-161,267,0,0,0100,---,False,0.30694,-0.0537,0.3116,-0.0,11.26903,-0.01267,cached_path_to_final_target,w,"$1,0,0,0,0,0,0,0,0#",16000,16000,Set tank.c app_speed/duty level to the logged pwm before sending the move key/protocol command; e=stop.,11.43952,30.43184,0,3,0,0.10387,0.0497,1.4796,10.22287,0.17665,1.7859,10.5591,10.2229,0.45015,17,-0.0596,7,0,205.16029,76.76434,0.3116,0.2904,1,False,running
88434632b5,formation_7_smooth_bypass,176,35.2,1784497200,smooth_adaptive_clusters,finish_first,r04,r04,True,center,member,local,2,3,9.33368,0.21474,-0.03225,0.3116,0.00877,818,822,-156,123,0,0,0000,---,False,0.31145,-0.00962,0.3116,0.00877,9.79545,0.20056,cached_path_to_final_target,w,"$1,0,0,0,0,0,0,0,0#",16000,16000,Set tank.c app_speed/duty level to the logged pwm before sending the move key/protocol command; e=stop.,10.67346,28.72283,5,3,0,0.31329,-0.05963,2.36889,10.22287,0.17665,1.7859,10.5591,10.2229,0.45015,17,-0.0596,7,0,205.16029,76.76434,0.3116,0.2904,1,False,running
88434632b5,formation_7_smooth_bypass,176,35.2,1784497200,smooth_adaptive_clusters,finish_first,r05,r05,True,center,member,local,2,3,9.72138,0.3625,-0.09356,0.3116,0.0,820,820,-153,164,0,0,0000,---,False,0.31024,-0.02911,0.3116,0.0,10.18133,0.31934,cached_path_to_final_target,w,"$1,0,0,0,0,0,0,0,0#",16000,16000,Set tank.c app_speed/duty level to the logged pwm before sending the move key/protocol command; e=stop.,10.63529,28.42144,5,3,0,0.12277,-0.05963,2.37042,10.22287,0.17665,1.7859,10.5591,10.2229,0.45015,17,-0.0596,7,0,205.16029,76.76434,0.3116,0.2904,1,False,running
88434632b5,formation_7_smooth_bypass,176,35.2,1784497200,smooth_adaptive_clusters,finish_first,r06,r06,True,center,member,local,2,3,10.36626,0.42114,-0.1329,0.3116,-0.0,820,820,-155,228,0,0,0000,---,False,0.30885,-0.04129,0.3116,-0.0,10.82416,0.35992,cached_path_to_final_target,w,"$1,0,0,0,0,0,0,0,0#",16000,16000,Set tank.c app_speed/duty level to the logged pwm before sending the move key/protocol command; e=stop.,10.61363,28.55582,2,5,0,0.10464,-0.01048,2.11381,10.22287,0.17665,1.7859,10.5591,10.2229,0.45015,17,-0.0596,7,0,205.16029,76.76434,0.3116,0.2904,1,False,running
88434632b5,formation_7_smooth_bypass,176,35.2,1784497200,smooth_adaptive_clusters,finish_first,r07,r07,True,center,member,local,2,3,10.6587,0.60839,-0.16074,0.3116,-0.0,820,820,-151,261,0,0,0000,---,False,0.30758,-0.04987,0.3116,-0.0,11.11471,0.53445,cached_path_to_final_target,w,"$1,0,0,0,0,0,0,0,0#",16000,16000,Set tank.c app_speed/duty level to the logged pwm before sending the move key/protocol command; e=stop.,11.31265,30.02396,0,0,0,0.12725,0.06958,0.86387,10.22287,0.17665,1.7859,10.5591,10.2229,0.45015,17,-0.0596,7,0,205.16029,76.76434,0.3116,0.2904,1,False,running
88434632b5,formation_7_smooth_bypass,177,35.4,1784497400,smooth_adaptive_clusters,finish_first,r01,r01,True,center,member,local,2,3,10.56238,-0.20252,-0.20423,0.3116,-0.0,820,820,-164,241,0,0,0000,---,False,0.30512,-0.0632,0.3116,-0.0,11.01475,-0.29622,cached_path_to_final_target,w,"$1,0,0,0,0,0,0,0,0#",16000,16000,Set tank.c app_speed/duty level to the logged pwm before sending the move key/protocol command; e=stop.,11.29002,30.05451,0,3,0,0.13143,0.0497,1.55129,10.28149,0.16979,1.7269,10.6181,10.2815,0.44843,17,-0.0596,7,0,206.26753,77.17858,0.2959,0.2904,1,False,running
88434632b5,formation_7_smooth_bypass,177,35.4,1784497400,smooth_adaptive_clusters,finish_first,r02,r02,True,center,member,local,2,3,10.20503,-0.24587,0.03434,0.2016,-0.00051,531,530,-178,205,0,0,0000,---,False,0.109,0.00374,0.2016,-0.00051,10.6889,-0.22929,cached_path_to_final_target,w,"$1,0,0,0,0,0,0,0,0#",11000,11000,Set tank.c app_speed/duty level to the logged pwm before sending the move key/protocol command; e=stop.,10.90243,29.23085,2,5,0,0.13817,-0.01048,1.68739,10.28149,0.16979,1.7269,10.6181,10.2815,0.44843,17,-0.0596,7,0,206.26753,77.17858,0.2959,0.2904,1,False,running
88434632b5,formation_7_smooth_bypass,177,35.4,1784497400,smooth_adaptive_clusters,finish_first,r03,r03,True,center,member,local,1,3,10.87536,0.0562,-0.17321,0.3116,-0.0,820,820,-161,273,0,0,0100,---,False,0.30694,-0.0537,0.3116,-0.0,11.33042,-0.02341,cached_path_to_final_target,w,"$1,0,0,0,0,0,0,0,0#",16000,16000,Set tank.c app_speed/duty level to the logged pwm before sending the move key/protocol command; e=stop.,11.50184,30.59708,0,3,0,0.10387,0.0497,1.41728,10.28149,0.16979,1.7269,10.6181,10.2815,0.44843,17,-0.0596,7,0,206.26753,77.17858,0.2959,0.2904,1,False,running
88434632b5,formation_7_smooth_bypass,177,35.4,1784497400,smooth_adaptive_clusters,finish_first,r04,r04,True,center,member,local,2,3,9.39597,0.21277,-0.03155,0.3116,0.00349,819,821,-157,129,0,0,0000,---,False,0.31145,-0.00966,0.3116,0.00349,9.85773,0.19849,cached_path_to_final_target,w,"$1,0,0,0,0,0,0,0,0#",16000,16000,Set tank.c app_speed/duty level to the logged pwm before sending the move key/protocol command; e=stop.,10.73578,28.88813,5,3,0,0.31329,-0.05963,2.30657,10.28149,0.16979,1.7269,10.6181,10.2815,0.44843,17,-0.0596,7,0,206.26753,77.17858,0.2959,0.2904,1,False,running
88434632b5,formation_7_smooth_bypass,177,35.4,1784497400,smooth_adaptive_clusters,finish_first,r05,r05,True,center,member,local,2,3,9.78343,0.35668,-0.09356,0.3116,0.0,820,820,-154,170,0,0,0000,---,False,0.31024,-0.02911,0.3116,0.0,10.24338,0.31352,cached_path_to_final_target,w,"$1,0,0,0,0,0,0,0,0#",16000,16000,Set tank.c app_speed/duty level to the logged pwm before sending the move key/protocol command; e=stop.,10.69761,28.58669,5,3,0,0.12277,-0.05963,2.3081,10.28149,0.16979,1.7269,10.6181,10.2815,0.44843,17,-0.0596,7,0,206.26753,77.17858,0.2959,0.2904,1,False,running
88434632b5,formation_7_smooth_bypass,177,35.4,1784497400,smooth_adaptive_clusters,finish_first,r06,r06,True,center,member,local,2,3,10.42803,0.41288,-0.1329,0.3116,-0.0,820,820,-155,234,0,0,0000,---,False,0.30885,-0.04129,0.3116,-0.0,10.88592,0.35167,cached_path_to_final_target,w,"$1,0,0,0,0,0,0,0,0#",16000,16000,Set tank.c app_speed/duty level to the logged pwm before sending the move key/protocol command; e=stop.,10.67595,28.72107,2,5,0,0.10464,-0.01048,2.05149,10.28149,0.16979,1.7269,10.6181,10.2815,0.44843,17,-0.0596,7,0,206.26753,77.17858,0.2959,0.2904,1,False,running
88434632b5,formation_7_smooth_bypass,177,35.4,1784497400,smooth_adaptive_clusters,finish_first,r07,r07,True,center,member,local,1,3,10.72021,0.59841,-0.16074,0.3116,-0.0,820,820,-152,267,0,0,0000,---,False,0.30758,-0.04987,0.3116,-0.0,11.17623,0.52448,cached_path_to_final_target,w,"$1,0,0,0,0,0,0,0,0#",16000,16000,Set tank.c app_speed/duty level to the logged pwm before sending the move key/protocol command; e=stop.,11.37497,30.1892,0,0,0,0.12725,0.06958,0.80155,10.28149,0.16979,1.7269,10.6181,10.2815,0.44843,17,-0.0596,7,0,206.26753,77.17858,0.2959,0.2904,1,False,running
88434632b5,formation_7_smooth_bypass,178,35.6,1784497600,smooth_adaptive_clusters,finish_first,r01,r01,True,center,member,local,2,3,10.62341,-0.21516,-0.20423,0.3116,-0.0,820,820,-164,247,0,0,0000,---,False,0.30512,-0.0632,0.3116,-0.0,11.07578,-0.30885,path_to_final_target,w,"$1,0,0,0,0,0,0,0,0#",16000,16000,Set tank.c app_speed/duty level to the logged pwm before sending the move key/protocol command; e=stop.,11.35234,30.21976,0,3,0,0.13143,0.0497,1.48897,10.34325,0.16304,1.6648,10.6802,10.3432,0.44734,17,-0.0596,7,0,207.43308,77.61482,0.3116,0.2905,1,False,running
88434632b5,formation_7_smooth_bypass,178,35.6,1784497600,smooth_adaptive_clusters,finish_first,r02,r02,True,center,member,local,2,3,10.26731,-0.24373,0.0343,0.3116,-0.00021,820,820,-178,212,0,0,0000,---,False,0.31142,0.01068,0.3116,-0.00021,10.73567,-0.22768,path_to_final_target,w,"$1,0,0,0,0,0,0,0,0#",16000,16000,Set tank.c app_speed/duty level to the logged pwm before sending the move key/protocol command; e=stop.,10.96475,29.4049,2,5,0,0.13817,-0.01048,1.62507,10.34325,0.16304,1.6648,10.6802,10.3432,0.44734,17,-0.0596,7,0,207.43308,77.61482,0.3116,0.2905,1,False,running
88434632b5,formation_7_smooth_bypass,178,35.6,1784497600,smooth_adaptive_clusters,finish_first,r03,r03,True,center,member,local,1,3,10.93674,0.04546,-0.17321,0.3116,-0.0,820,820,-162,279,0,0,0100,---,False,0.30694,-0.0537,0.3116,-0.0,11.3918,-0.03415,path_to_final_target,w,"$1,0,0,0,0,0,0,0,0#",16000,16000,Set tank.c app_speed/duty level to the logged pwm before sending the move key/protocol command; e=stop.,11.56416,30.76233,0,3,0,0.10387,0.0497,1.35496,10.34325,0.16304,1.6648,10.6802,10.3432,0.44734,17,-0.0596,7,0,207.43308,77.61482,0.3116,0.2905,1,False,running
88434632b5,formation_7_smooth_bypass,178,35.6,1784497600,smooth_adaptive_clusters,finish_first,r04,r04,True,center,member,local,2,3,9.45826,0.21082,-0.03128,0.3116,0.00138,820,820,-158,135,0,0,0000,---,False,0.31145,-0.00968,0.3116,0.00138,9.92001,0.19649,path_to_final_target,w,"$1,0,0,0,0,0,0,0,0#",16000,16000,Set tank.c app_speed/duty level to the logged pwm before sending the move key/protocol command; e=stop.,10.7981,29.0534,5,3,0,0.31329,-0.05963,2.24425,10.34325,0.16304,1.6648,10.6802,10.3432,0.44734,17,-0.0596,7,0,207.43308,77.61482,0.3116,0.2905,1,False,running
88434632b5,formation_7_smooth_bypass,178,35.6,1784497600,smooth_adaptive_clusters,finish_first,r05,r05,True,center,member,local,2,3,9.84547,0.35085,-0.09356,0.3116,0.0,820,820,-154,176,0,0,0000,---,False,0.31024,-0.02911,0.3116,0.0,10.30543,0.30769,path_to_final_target,w,"$1,0,0,0,0,0,0,0,0#",16000,16000,Set tank.c app_speed/duty level to the logged pwm before sending the move key/protocol command; e=stop.,10.75993,28.75193,5,3,0,0.12277,-0.05963,2.24578,10.34325,0.16304,1.6648,10.6802,10.3432,0.44734,17,-0.0596,7,0,207.43308,77.61482,0.3116,0.2905,1,False,running
88434632b5,formation_7_smooth_bypass,178,35.6,1784497600,smooth_adaptive_clusters,finish_first,r06,r06,True,center,member,local,2,3,10.4898,0.40462,-0.1329,0.3116,-0.0,820,820,-156,240,0,0,0000,---,False,0.30885,-0.04129,0.3116,-0.0,10.94769,0.34341,path_to_final_target,w,"$1,0,0,0,0,0,0,0,0#",16000,16000,Set tank.c app_speed/duty level to the logged pwm before sending the move key/protocol command; e=stop.,10.73827,28.88631,2,5,0,0.10464,-0.01048,1.98917,10.34325,0.16304,1.6648,10.6802,10.3432,0.44734,17,-0.0596,7,0,207.43308,77.61482,0.3116,0.2905,1,False,running
88434632b5,formation_7_smooth_bypass,178,35.6,1784497600,smooth_adaptive_clusters,finish_first,r07,r07,True,center,member,local,1,3,10.78173,0.58844,-0.16074,0.3116,-0.0,820,820,-152,273,0,0,0000,---,False,0.30758,-0.04987,0.3116,-0.0,11.23775,0.5145,path_to_final_target,w,"$1,0,0,0,0,0,0,0,0#",16000,16000,Set tank.c app_speed/duty level to the logged pwm before sending the move key/protocol command; e=stop.,11.43729,30.35445,0,0,0,0.12725,0.06958,0.73923,10.34325,0.16304,1.6648,10.6802,10.3432,0.44734,17,-0.0596,7,0,207.43308,77.61482,0.3116,0.2905,1,False,running
88434632b5,formation_7_smooth_bypass,179,35.8,1784497800,smooth_adaptive_clusters,finish_first,r01,r01,True,center,member,local,1,3,10.68443,-0.2278,-0.20423,0.3116,-0.0,820,820,-165,253,0,0,0000,---,False,0.30512,-0.0632,0.3116,-0.0,11.1368,-0.32149,cached_path_to_final_target,w,"$1,0,0,0,0,0,0,0,0#",16000,16000,Set tank.c app_speed/duty level to the logged pwm before sending the move key/protocol command; e=stop.,11.41466,30.38501,0,3,0,0.13143,0.0497,1.42665,10.40501,0.1563,1.6026,10.7424,10.405,0.44631,17,-0.0596,7,0,208.58982,78.05106,0.3116,0.2906,1,False,running
88434632b5,formation_7_smooth_bypass,179,35.8,1784497800,smooth_adaptive_clusters,finish_first,r02,r02,True,center,member,local,2,3,10.3296,-0.24159,0.03428,0.3116,-9e-05,820,820,-178,218,0,0,0000,---,False,0.31142,0.01068,0.3116,-9e-05,10.79329,-0.2257,cached_path_to_final_target,w,"$1,0,0,0,0,0,0,0,0#",16000,16000,Set tank.c app_speed/duty level to the logged pwm before sending the move key/protocol command; e=stop.,11.02707,29.57015,2,5,0,0.13817,-0.01048,1.56275,10.40501,0.1563,1.6026,10.7424,10.405,0.44631,17,-0.0596,7,0,208.58982,78.05106,0.3116,0.2906,1,False,running
88434632b5,formation_7_smooth_bypass,179,35.8,1784497800,smooth_adaptive_clusters,finish_first,r03,r03,True,center,member,local,1,3,10.99813,0.03472,-0.17321,0.3116,-0.0,820,820,-162,285,0,0,0100,---,False,0.30694,-0.0537,0.3116,-0.0,11.45319,-0.04489,cached_path_to_final_target,w,"$1,0,0,0,0,0,0,0,0#",16000,16000,Set tank.c app_speed/duty level to the logged pwm before sending the move key/protocol command; e=stop.,11.62648,30.92758,0,3,0,0.10387,0.0497,1.29264,10.40501,0.1563,1.6026,10.7424,10.405,0.44631,17,-0.0596,7,0,208.58982,78.05106,0.3116,0.2906,1,False,running
88434632b5,formation_7_smooth_bypass,179,35.8,1784497800,smooth_adaptive_clusters,finish_first,r04,r04,True,center,member,local,2,3,9.52055,0.20888,-0.03117,0.3116,0.00054,820,820,-159,141,0,0,0000,---,False,0.31145,-0.00968,0.3116,0.00054,9.9823,0.19453,cached_path_to_final_target,w,"$1,0,0,0,0,0,0,0,0#",16000,16000,Set tank.c app_speed/duty level to the logged pwm before sending the move key/protocol command; e=stop.,10.86042,29.21865,5,3,0,0.31329,-0.05963,2.18193,10.40501,0.1563,1.6026,10.7424,10.405,0.44631,17,-0.0596,7,0,208.58982,78.05106,0.3116,0.2906,1,False,running
88434632b5,formation_7_smooth_bypass,179,35.8,1784497800,smooth_adaptive_clusters,finish_first,r05,r05,True,center,member,local,2,3,9.90752,0.34503,-0.09356,0.3116,0.0,820,820,-155,182,0,0,0000,---,False,0.31024,-0.02911,0.3116,0.0,10.36747,0.30187,cached_path_to_final_target,w,"$1,0,0,0,0,0,0,0,0#",16000,16000,Set tank.c app_speed/duty level to the logged pwm before sending the move key/protocol command; e=stop.,10.82225,28.91718,5,3,0,0.12277,-0.05963,2.18346,10.40501,0.1563,1.6026,10.7424,10.405,0.44631,17,-0.0596,7,0,208.58982,78.05106,0.3116,0.2906,1,False,running
88434632b5,formation_7_smooth_bypass,179,35.8,1784497800,smooth_adaptive_clusters,finish_first,r06,r06,True,center,member,local,2,3,10.55157,0.39637,-0.1329,0.3116,-0.0,820,820,-156,246,0,0,0000,---,False,0.30885,-0.04129,0.3116,-0.0,11.00946,0.33515,cached_path_to_final_target,w,"$1,0,0,0,0,0,0,0,0#",16000,16000,Set tank.c app_speed/duty level to the logged pwm before sending the move key/protocol command; e=stop.,10.80059,29.05156,2,5,0,0.10464,-0.01048,1.92685,10.40501,0.1563,1.6026,10.7424,10.405,0.44631,17,-0.0596,7,0,208.58982,78.05106,0.3116,0.2906,1,False,running
88434632b5,formation_7_smooth_bypass,179,35.8,1784497800,smooth_adaptive_clusters,finish_first,r07,r07,True,center,member,local,1,3,10.84325,0.57847,-0.16074,0.3116,-0.0,820,820,-153,278,0,0,0000,---,False,0.30758,-0.04987,0.3116,-0.0,11.29926,0.50453,cached_path_to_final_target,w,"$1,0,0,0,0,0,0,0,0#",16000,16000,Set tank.c app_speed/duty level to the logged pwm before sending the move key/protocol command; e=stop.,11.49961,30.51969,0,0,0,0.12725,0.06958,0.67691,10.40501,0.1563,1.6026,10.7424,10.405,0.44631,17,-0.0596,7,0,208.58982,78.05106,0.3116,0.2906,1,False,running
88434632b5,formation_7_smooth_bypass,180,36.0,1784498000,smooth_adaptive_clusters,finish_first,r01,r01,True,center,member,local,1,3,10.74546,-0.24044,-0.20423,0.3116,-0.0,820,820,-165,259,0,0,0000,---,False,0.30512,-0.0632,0.3116,-0.0,11.19783,-0.33413,cached_path_to_final_target,w,"$1,0,0,0,0,0,0,0,0#",16000,16000,Set tank.c app_speed/duty level to the logged pwm before sending the move key/protocol command; e=stop.,11.47698,30.55025,0,3,0,0.13143,0.0497,1.36433,10.46677,0.14955,1.5405,10.8045,10.4668,0.44535,17,-0.0596,7,0,209.74655,78.4873,0.3116,0.2907,1,False,running
88434632b5,formation_7_smooth_bypass,180,36.0,1784498000,smooth_adaptive_clusters,finish_first,r02,r02,True,center,member,local,2,3,10.39188,-0.23946,0.03427,0.3116,-4e-05,820,820,-178,224,0,0,0000,---,False,0.31142,0.01068,0.3116,-4e-05,10.85418,-0.22361,cached_path_to_final_target,w,"$1,0,0,0,0,0,0,0,0#",16000,16000,Set tank.c app_speed/duty level to the logged pwm before sending the move key/protocol command; e=stop.,11.08939,29.73539,2,5,0,0.13817,-0.01048,1.50043,10.46677,0.14955,1.5405,10.8045,10.4668,0.44535,17,-0.0596,7,0,209.74655,78.4873,0.3116,0.2907,1,False,running
88434632b5,formation_7_smooth_bypass,180,36.0,1784498000,smooth_adaptive_clusters,finish_first,r03,r03,True,center,member,local,1,3,11.05952,0.02398,-0.17321,0.3116,-0.0,820,820,-162,291,0,0,0100,---,False,0.30694,-0.0537,0.3116,-0.0,11.51458,-0.05563,cached_path_to_final_target,w,"$1,0,0,0,0,0,0,0,0#",16000,16000,Set tank.c app_speed/duty level to the logged pwm before sending the move key/protocol command; e=stop.,11.6888,31.09282,0,3,0,0.10387,0.0497,1.23032,10.46677,0.14955,1.5405,10.8045,10.4668,0.44535,17,-0.0596,7,0,209.74655,78.4873,0.3116,0.2907,1,False,running
88434632b5,formation_7_smooth_bypass,180,36.0,1784498000,smooth_adaptive_clusters,finish_first,r04,r04,True,center,member,local,2,3,9.58284,0.20694,-0.03112,0.3116,0.00021,820,820,-159,147,0,0,0000,---,False,0.31145,-0.00969,0.3116,0.00021,10.04459,0.19258,cached_path_to_final_target,w,"$1,0,0,0,0,0,0,0,0#",16000,16000,Set tank.c app_speed/duty level to the logged pwm before sending the move key/protocol command; e=stop.,10.92274,29.3839,5,3,0,0.31329,-0.05963,2.11961,10.46677,0.14955,1.5405,10.8045,10.4668,0.44535,17,-0.0596,7,0,209.74655,78.4873,0.3116,0.2907,1,False,running
88434632b5,formation_7_smooth_bypass,180,36.0,1784498000,smooth_adaptive_clusters,finish_first,r05,r05,True,center,member,local,2,3,9.96957,0.33921,-0.09356,0.3116,0.0,820,820,-156,188,0,0,0000,---,False,0.31024,-0.02911,0.3116,0.0,10.42952,0.29605,cached_path_to_final_target,w,"$1,0,0,0,0,0,0,0,0#",16000,16000,Set tank.c app_speed/duty level to the logged pwm before sending the move key/protocol command; e=stop.,10.88457,29.08243,5,3,0,0.12277,-0.05963,2.12114,10.46677,0.14955,1.5405,10.8045,10.4668,0.44535,17,-0.0596,7,0,209.74655,78.4873,0.3116,0.2907,1,False,running
88434632b5,formation_7_smooth_bypass,180,36.0,1784498000,smooth_adaptive_clusters,finish_first,r06,r06,True,center,member,local,2,3,10.61334,0.38811,-0.1329,0.3116,-0.0,820,820,-157,252,0,0,0000,---,False,0.30885,-0.04129,0.3116,-0.0,11.07124,0.32689,cached_path_to_final_target,w,"$1,0,0,0,0,0,0,0,0#",16000,16000,Set tank.c app_speed/duty level to the logged pwm before sending the move key/protocol command; e=stop.,10.86291,29.2168,2,5,0,0.10464,-0.01048,1.86453,10.46677,0.14955,1.5405,10.8045,10.4668,0.44535,17,-0.0596,7,0,209.74655,78.4873,0.3116,0.2907,1,False,running
88434632b5,formation_7_smooth_bypass,180,36.0,1784498000,smooth_adaptive_clusters,finish_first,r07,r07,True,center,member,local,1,3,10.90476,0.56849,-0.16074,0.3116,-0.0,820,820,-153,284,0,0,0000,---,False,0.30758,-0.04987,0.3116,-0.0,11.36078,0.49455,cached_path_to_final_target,w,"$1,0,0,0,0,0,0,0,0#",16000,16000,Set tank.c app_speed/duty level to the logged pwm before sending the move key/protocol command; e=stop.,11.56193,30.68494,0,0,0,0.12725,0.06958,0.61459,10.46677,0.14955,1.5405,10.8045,10.4668,0.44535,17,-0.0596,7,0,209.74655,78.4873,0.3116,0.2907,1,False,running
88434632b5,formation_7_smooth_bypass,181,36.2,1784498200,smooth_adaptive_clusters,finish_first,r01,r01,True,center,member,local,1,3,10.80648,-0.25308,-0.20423,0.3116,-0.0,820,820,-165,266,0,0,0000,---,False,0.30512,-0.0632,0.3116,-0.0,11.25885,-0.34677,path_to_final_target,w,"$1,0,0,0,0,0,0,0,0#",16000,16000,Set tank.c app_speed/duty level to the logged pwm before sending the move key/protocol command; e=stop.,11.5393,30.7155,0,3,0,0.13143,0.0497,1.30201,10.52853,0.1428,1.4784,10.8666,10.5285,0.44445,17,-0.0596,7,0,210.90327,78.92354,0.3116,0.2908,1,False,running
88434632b5,formation_7_smooth_bypass,181,36.2,1784498200,smooth_adaptive_clusters,finish_first,r02,r02,True,center,member,local,2,3,10.45417,-0.23732,0.03427,0.3116,-2e-05,820,820,-178,230,0,0,0000,---,False,0.31142,0.01068,0.3116,-2e-05,10.91604,-0.22149,path_to_final_target,w,"$1,0,0,0,0,0,0,0,0#",16000,16000,Set tank.c app_speed/duty level to the logged pwm before sending the move key/protocol command; e=stop.,11.15171,29.90064,2,5,0,0.13817,-0.01048,1.43811,10.52853,0.1428,1.4784,10.8666,10.5285,0.44445,17,-0.0596,7,0,210.90327,78.92354,0.3116,0.2908,1,False,running
88434632b5,formation_7_smooth_bypass,181,36.2,1784498200,smooth_adaptive_clusters,finish_first,r03,r03,True,center,member,local,1,3,11.12091,0.01324,-0.17321,0.3116,-0.0,820,820,-163,297,0,0,0100,---,False,0.30694,-0.0537,0.3116,-0.0,11.57597,-0.06637,path_to_final_target,w,"$1,0,0,0,0,0,0,0,0#",16000,16000,Set tank.c app_speed/duty level to the logged pwm before sending the move key/protocol command; e=stop.,11.75112,31.25807,0,3,0,0.10387,0.0497,1.168,10.52853,0.1428,1.4784,10.8666,10.5285,0.44445,17,-0.0596,7,0,210.90327,78.92354,0.3116,0.2908,1,False,running
88434632b5,formation_7_smooth_bypass,181,36.2,1784498200,smooth_adaptive_clusters,finish_first,r04,r04,True,center,member,local,2,3,9.64513,0.205,-0.03111,0.3116,8e-05,820,820,-160,153,0,0,0000,---,False,0.31145,-0.00969,0.3116,8e-05,10.10688,0.19064,path_to_final_target,w,"$1,0,0,0,0,0,0,0,0#",16000,16000,Set tank.c app_speed/duty level to the logged pwm before sending the move key/protocol command; e=stop.,10.98506,29.54915,5,3,0,0.31329,-0.05963,2.05729,10.52853,0.1428,1.4784,10.8666,10.5285,0.44445,17,-0.0596,7,0,210.90327,78.92354,0.3116,0.2908,1,False,running
88434632b5,formation_7_smooth_bypass,181,36.2,1784498200,smooth_adaptive_clusters,finish_first,r05,r05,True,center,member,local,2,3,10.03162,0.33339,-0.09356,0.3116,0.0,820,820,-156,194,0,0,0000,---,False,0.31024,-0.02911,0.3116,0.0,10.49157,0.29023,path_to_final_target,w,"$1,0,0,0,0,0,0,0,0#",16000,16000,Set tank.c app_speed/duty level to the logged pwm before sending the move key/protocol command; e=stop.,10.94689,29.24767,5,3,0,0.12277,-0.05963,2.05882,10.52853,0.1428,1.4784,10.8666,10.5285,0.44445,17,-0.0596,7,0,210.90327,78.92354,0.3116,0.2908,1,False,running
88434632b5,formation_7_smooth_bypass,181,36.2,1784498200,smooth_adaptive_clusters,finish_first,r06,r06,True,center,member,local,2,3,10.67511,0.37985,-0.1329,0.3116,-0.0,820,820,-157,257,0,0,0000,---,False,0.30885,-0.04129,0.3116,-0.0,11.13301,0.31863,path_to_final_target,w,"$1,0,0,0,0,0,0,0,0#",16000,16000,Set tank.c app_speed/duty level to the logged pwm before sending the move key/protocol command; e=stop.,10.92523,29.38205,2,5,0,0.10464,-0.01048,1.80221,10.52853,0.1428,1.4784,10.8666,10.5285,0.44445,17,-0.0596,7,0,210.90327,78.92354,0.3116,0.2908,1,False,running
88434632b5,formation_7_smooth_bypass,181,36.2,1784498200,smooth_adaptive_clusters,finish_first,r07,r07,True,center,member,local,1,3,10.96628,0.55852,-0.16074,0.3116,-0.0,820,820,-154,290,0,0,0000,---,False,0.30758,-0.04987,0.3116,-0.0,11.4223,0.48458,path_to_final_target,w,"$1,0,0,0,0,0,0,0,0#",16000,16000,Set tank.c app_speed/duty level to the logged pwm before sending the move key/protocol command; e=stop.,11.62425,30.85019,0,0,0,0.12725,0.06958,0.55227,10.52853,0.1428,1.4784,10.8666,10.5285,0.44445,17,-0.0596,7,0,210.90327,78.92354,0.3116,0.2908,1,False,running
88434632b5,formation_7_smooth_bypass,182,36.4,1784498400,smooth_adaptive_clusters,finish_first,r01,r01,True,center,member,local,1,3,10.8809,-0.26849,-0.20423,0.38,-0.0,1000,1000,-166,273,0,0,0000,---,False,0.3721,-0.07707,0.38,-0.0,11.31988,-0.35941,cached_path_to_final_target,w,"$1,0,0,0,0,0,0,0,0#",20000,20000,Set tank.c app_speed/duty level to the logged pwm before sending the move key/protocol command; e=stop.,11.6153,30.92249,0,3,0,0.13143,0.0497,1.22601,10.60008,0.13507,1.4064,10.9386,10.6001,0.44092,17,-0.0596,7,0,212.28138,79.42894,0.361,0.2912,1,False,running
88434632b5,formation_7_smooth_bypass,182,36.4,1784498400,smooth_adaptive_clusters,finish_first,r02,r02,True,center,member,local,2,3,10.53012,-0.23472,0.03427,0.38,-1e-05,1000,1000,-178,238,0,0,0000,---,False,0.37978,0.01302,0.38,-1e-05,10.9782,-0.21936,cached_path_to_final_target,w,"$1,0,0,0,0,0,0,0,0#",20000,20000,Set tank.c app_speed/duty level to the logged pwm before sending the move key/protocol command; e=stop.,11.22771,30.10763,2,5,0,0.13817,-0.01048,1.36211,10.60008,0.13507,1.4064,10.9386,10.6001,0.44092,17,-0.0596,7,0,212.28138,79.42894,0.361,0.2912,1,False,running
88434632b5,formation_7_smooth_bypass,182,36.4,1784498400,smooth_adaptive_clusters,finish_first,r03,r03,True,center,member,local,1,3,11.19577,0.00014,-0.17321,0.38,-0.0,1000,1000,-163,305,0,0,0000,---,False,0.37431,-0.06549,0.38,-0.0,11.63735,-0.07711,cached_path_to_final_target,w,"$1,0,0,0,0,0,0,0,0#",20000,20000,Set tank.c app_speed/duty level to the logged pwm before sending the move key/protocol command; e=stop.,11.82712,31.46506,0,3,0,0.10387,0.0497,1.092,10.60008,0.13507,1.4064,10.9386,10.6001,0.44092,17,-0.0596,7,0,212.28138,79.42894,0.361,0.2912,1,False,running
88434632b5,formation_7_smooth_bypass,182,36.4,1784498400,smooth_adaptive_clusters,finish_first,r04,r04,True,center,member,local,2,3,9.72109,0.20264,-0.0311,0.38,3e-05,1000,1000,-161,160,0,0,0000,---,False,0.37982,-0.01181,0.38,3e-05,10.16917,0.1887,cached_path_to_final_target,w,"$1,0,0,0,0,0,0,0,0#",20000,20000,Set tank.c app_speed/duty level to the logged pwm before sending the move key/protocol command; e=stop.,11.06106,29.75614,5,3,0,0.31329,-0.05963,1.98129,10.60008,0.13507,1.4064,10.9386,10.6001,0.44092,17,-0.0596,7,0,212.28138,79.42894,0.361,0.2912,1,False,running
88434632b5,formation_7_smooth_bypass,182,36.4,1784498400,smooth_adaptive_clusters,finish_first,r05,r05,True,center,member,local,2,3,10.10728,0.32629,-0.09356,0.38,0.0,1000,1000,-157,201,0,0,0000,---,False,0.37834,-0.0355,0.38,0.0,10.55362,0.2844,cached_path_to_final_target,w,"$1,0,0,0,0,0,0,0,0#",20000,20000,Set tank.c app_speed/duty level to the logged pwm before sending the move key/protocol command; e=stop.,11.02289,29.45466,5,3,0,0.12277,-0.05963,1.98282,10.60008,0.13507,1.4064,10.9386,10.6001,0.44092,17,-0.0596,7,0,212.28138,79.42894,0.361,0.2912,1,False,running
88434632b5,formation_7_smooth_bypass,182,36.4,1784498400,smooth_adaptive_clusters,finish_first,r06,r06,True,center,member,local,1,3,10.72407,0.3733,-0.1329,0.247,-0.0,650,650,-157,262,0,0,0000,---,False,0.24482,-0.03273,0.247,-0.0,11.19478,0.31038,cached_path_to_final_target,w,"$1,0,0,0,0,0,0,0,0#",13000,13000,Set tank.c app_speed/duty level to the logged pwm before sending the move key/protocol command; e=stop.,10.97463,29.51821,2,5,0,0.10464,-0.01048,1.75281,10.60008,0.13507,1.4064,10.9386,10.6001,0.44092,17,-0.0596,7,0,212.28138,79.42894,0.361,0.2912,1,False,running
88434632b5,formation_7_smooth_bypass,182,36.4,1784498400,smooth_adaptive_clusters,finish_first,r07,r07,True,center,member,local,1,3,11.0413,0.54635,-0.16074,0.38,-0.0,1000,1000,-154,297,0,0,0000,---,False,0.3751,-0.06082,0.38,-0.0,11.48381,0.47461,cached_path_to_final_target,w,"$1,0,0,0,0,0,0,0,0#",20000,20000,Set tank.c app_speed/duty level to the logged pwm before sending the move key/protocol command; e=stop.,11.70025,31.05718,0,0,0,0.12725,0.06958,0.47627,10.60008,0.13507,1.4064,10.9386,10.6001,0.44092,17,-0.0596,7,0,212.28138,79.42894,0.361,0.2912,1,False,running
88434632b5,formation_7_smooth_bypass,183,36.6,1784498600,smooth_adaptive_clusters,finish_first,r01,r01,True,center,member,local,1,3,10.95532,-0.28391,-0.20423,0.38,-0.0,1000,1000,-166,280,0,0,0000,---,False,0.3721,-0.07707,0.38,-0.0,11.39028,-0.37399,cached_path_to_final_target,w,"$1,0,0,0,0,0,0,0,0#",20000,20000,Set tank.c app_speed/duty level to the logged pwm before sending the move key/protocol command; e=stop.,11.6913,31.12401,0,3,0,0.13143,0.0497,1.15001,10.67474,0.12693,1.3313,11.0137,10.6747,0.43959,17,-0.0596,7,0,213.68853,79.95634,0.3767,0.2917,1,False,running
88434632b5,formation_7_smooth_bypass,183,36.6,1784498600,smooth_adaptive_clusters,finish_first,r02,r02,True,center,member,local,2,3,10.60608,-0.23212,0.03427,0.38,-0.0,1000,1000,-178,246,0,0,0000,---,False,0.37978,0.01302,0.38,-0.0,11.05002,-0.2169,cached_path_to_final_target,w,"$1,0,0,0,0,0,0,0,0#",20000,20000,Set tank.c app_speed/duty level to the logged pwm before sending the move key/protocol command; e=stop.,11.30371,30.30915,2,5,0,0.13817,-0.01048,1.28611,10.67474,0.12693,1.3313,11.0137,10.6747,0.43959,17,-0.0596,7,0,213.68853,79.95634,0.3767,0.2917,1,False,running
88434632b5,formation_7_smooth_bypass,183,36.6,1784498600,smooth_adaptive_clusters,finish_first,r03,r03,True,center,member,local,1,3,11.27063,-0.01295,-0.17321,0.38,-0.0,1000,1000,-163,312,0,0,0010,---,False,0.37431,-0.06549,0.38,-0.0,11.70817,-0.0895,cached_path_to_final_target,w,"$1,0,0,0,0,0,0,0,0#",20000,20000,Set tank.c app_speed/duty level to the logged pwm before sending the move key/protocol command; e=stop.,11.90312,31.66658,0,3,0,0.10387,0.0497,1.016,10.67474,0.12693,1.3313,11.0137,10.6747,0.43959,17,-0.0596,7,0,213.68853,79.95634,0.3767,0.2917,1,False,running
88434632b5,formation_7_smooth_bypass,183,36.6,1784498600,smooth_adaptive_clusters,finish_first,r04,r04,True,center,member,local,2,3,9.79706,0.20028,-0.0311,0.38,1e-05,1000,1000,-161,168,0,0,0000,---,False,0.37982,-0.01181,0.38,1e-05,10.24103,0.18647,cached_path_to_final_target,w,"$1,0,0,0,0,0,0,0,0#",20000,20000,Set tank.c app_speed/duty level to the logged pwm before sending the move key/protocol command; e=stop.,11.13706,29.95766,5,3,0,0.31329,-0.05963,1.90529,10.67474,0.12693,1.3313,11.0137,10.6747,0.43959,17,-0.0596,7,0,213.68853,79.95634,0.3767,0.2917,1,False,running
88434632b5,formation_7_smooth_bypass,183,36.6,1784498600,smooth_adaptive_clusters,finish_first,r05,r05,True,center,member,local,2,3,10.18295,0.31919,-0.09356,0.38,0.0,1000,1000,-158,208,0,0,0000,---,False,0.37834,-0.0355,0.38,0.0,10.6252,0.27769,cached_path_to_final_target,w,"$1,0,0,0,0,0,0,0,0#",20000,20000,Set tank.c app_speed/duty level to the logged pwm before sending the move key/protocol command; e=stop.,11.09889,29.65618,5,3,0,0.12277,-0.05963,1.90682,10.67474,0.12693,1.3313,11.0137,10.6747,0.43959,17,-0.0596,7,0,213.68853,79.95634,0.3767,0.2917,1,False,running
88434632b5,formation_7_smooth_bypass,183,36.6,1784498600,smooth_adaptive_clusters,finish_first,r06,r06,True,center,member,local,1,3,10.79484,0.36384,-0.1329,0.357,-0.0,939,939,-158,269,0,0,0000,---,False,0.37665,-0.05035,0.357,-0.0,11.24758,0.30332,cached_path_to_final_target,w,"$1,0,0,0,0,0,0,0,0#",19000,19000,Set tank.c app_speed/duty level to the logged pwm before sending the move key/protocol command; e=stop.,11.04603,29.71623,2,5,0,0.10464,-0.01048,1.68141,10.67474,0.12693,1.3313,11.0137,10.6747,0.43959,17,-0.0596,7,0,213.68853,79.95634,0.3767,0.2917,1,False,running
88434632b5,formation_7_smooth_bypass,183,36.6,1784498600,smooth_adaptive_clusters,finish_first,r07,r07,True,center,member,local,1,3,11.11632,0.53419,-0.16074,0.38,-0.0,1000,1000,-155,304,0,0,0000,---,False,0.3751,-0.06082,0.38,-0.0,11.50314,0.47147,cached_path_to_final_target,w,"$1,0,0,0,0,0,0,0,0#",20000,20000,Set tank.c app_speed/duty level to the logged pwm before sending the move key/protocol command; e=stop.,11.77625,31.2587,0,0,0,0.12725,0.06958,0.40027,10.67474,0.12693,1.3313,11.0137,10.6747,0.43959,17,-0.0596,7,0,213.68853,79.95634,0.3767,0.2917,1,False,running
88434632b5,formation_7_smooth_bypass,184,36.8,1784498800,smooth_adaptive_clusters,finish_first,r01,r01,True,center,member,local,1,3,11.02974,-0.29932,-0.20423,0.38,-0.0,1000,1000,-166,288,0,0,0000,---,False,0.3721,-0.07707,0.38,-0.0,11.46349,-0.38916,path_to_final_target,w,"$1,0,0,0,0,0,0,0,0#",20000,20000,Set tank.c app_speed/duty level to the logged pwm before sending the move key/protocol command; e=stop.,11.7673,31.32553,0,3,0,0.13143,0.0497,1.07401,10.75006,0.1187,1.2556,11.0895,10.7501,0.43876,17,-0.0596,7,0,215.10101,80.48834,0.38,0.2921,1,False,running
88434632b5,formation_7_smooth_bypass,184,36.8,1784498800,smooth_adaptive_clusters,finish_first,r02,r02,True,center,member,local,1,3,10.68203,-0.22951,0.03427,0.38,-0.0,1000,1000,-178,253,0,0,0000,---,False,0.37978,0.01302,0.38,-0.0,11.12473,-0.21433,path_to_final_target,w,"$1,0,0,0,0,0,0,0,0#",20000,20000,Set tank.c app_speed/duty level to the logged pwm before sending the move key/protocol command; e=stop.,11.37971,30.51067,2,5,0,0.13817,-0.01048,1.21011,10.75006,0.1187,1.2556,11.0895,10.7501,0.43876,17,-0.0596,7,0,215.10101,80.48834,0.38,0.2921,1,False,running
88434632b5,formation_7_smooth_bypass,184,36.8,1784498800,smooth_adaptive_clusters,finish_first,r03,r03,True,center,member,local,1,3,11.3455,-0.02605,-0.17321,0.38,-0.0,1000,1000,-164,320,0,0,0010,---,False,0.37431,-0.06549,0.38,-0.0,11.78182,-0.10239,path_to_final_target,w,"$1,0,0,0,0,0,0,0,0#",20000,20000,Set tank.c app_speed/duty level to the logged pwm before sending the move key/protocol command; e=stop.,11.97912,31.8681,0,3,0,0.10387,0.0497,0.94,10.75006,0.1187,1.2556,11.0895,10.7501,0.43876,17,-0.0596,7,0,215.10101,80.48834,0.38,0.2921,1,False,running
88434632b5,formation_7_smooth_bypass,184,36.8,1784498800,smooth_adaptive_clusters,finish_first,r04,r04,True,center,member,local,2,3,9.87302,0.19791,-0.0311,0.38,1e-05,1000,1000,-162,175,0,0,0000,---,False,0.37982,-0.01181,0.38,1e-05,10.31576,0.18414,path_to_final_target,w,"$1,0,0,0,0,0,0,0,0#",20000,20000,Set tank.c app_speed/duty level to the logged pwm before sending the move key/protocol command; e=stop.,11.21306,30.15918,5,3,0,0.31329,-0.05963,1.82929,10.75006,0.1187,1.2556,11.0895,10.7501,0.43876,17,-0.0596,7,0,215.10101,80.48834,0.38,0.2921,1,False,running
88434632b5,formation_7_smooth_bypass,184,36.8,1784498800,smooth_adaptive_clusters,finish_first,r05,r05,True,center,member,local,2,3,10.25862,0.31209,-0.09356,0.38,0.0,1000,1000,-158,215,0,0,0000,---,False,0.37834,-0.0355,0.38,0.0,10.69964,0.2707,path_to_final_target,w,"$1,0,0,0,0,0,0,0,0#",20000,20000,Set tank.c app_speed/duty level to the logged pwm before sending the move key/protocol command; e=stop.,11.17489,29.8577,5,3,0,0.12277,-0.05963,1.83082,10.75006,0.1187,1.2556,11.0895,10.7501,0.43876,17,-0.0596,7,0,215.10101,80.48834,0.38,0.2921,1,False,running
88434632b5,formation_7_smooth_bypass,184,36.8,1784498800,smooth_adaptive_clusters,finish_first,r06,r06,True,center,member,local,1,3,10.87017,0.35377,-0.1329,0.38,-0.0,1000,1000,-158,276,0,0,0000,---,False,0.37665,-0.05035,0.38,-0.0,11.31296,0.29458,path_to_final_target,w,"$1,0,0,0,0,0,0,0,0#",20000,20000,Set tank.c app_speed/duty level to the logged pwm before sending the move key/protocol command; e=stop.,11.12203,29.91959,2,5,0,0.10464,-0.01048,1.60541,10.75006,0.1187,1.2556,11.0895,10.7501,0.43876,17,-0.0596,7,0,215.10101,80.48834,0.38,0.2921,1,False,running
88434632b5,formation_7_smooth_bypass,184,36.8,1784498800,smooth_adaptive_clusters,finish_first,r07,r07,True,center,member,local,1,3,11.19134,0.52203,-0.16074,0.38,-0.0,1000,1000,-155,311,0,0,0000,---,False,0.3751,-0.06082,0.38,-0.0,11.50894,0.47053,path_to_final_target,w,"$1,0,0,0,0,0,0,0,0#",20000,20000,Set tank.c app_speed/duty level to the logged pwm before sending the move key/protocol command; e=stop.,11.85225,31.46022,0,0,0,0.12725,0.06958,0.32427,10.75006,0.1187,1.2556,11.0895,10.7501,0.43876,17,-0.0596,7,0,215.10101,80.48834,0.38,0.2921,1,False,running
88434632b5,formation_7_smooth_bypass,185,37.0,1784499000,smooth_adaptive_clusters,finish_first,r01,r01,True,center,member,local,1,3,11.10416,-0.31473,-0.20423,0.38,-0.0,1000,1000,-167,295,0,0,0000,---,False,0.3721,-0.07707,0.38,-0.0,11.53755,-0.4045,cached_path_to_final_target,w,"$1,0,0,0,0,0,0,0,0#",20000,20000,Set tank.c app_speed/duty level to the logged pwm before sending the move key/protocol command; e=stop.,11.8433,31.52705,0,3,0,0.13143,0.0497,0.99801,10.82538,0.11047,1.1798,11.1652,10.8254,0.43803,16,-0.0596,7,0,216.51165,81.02034,0.38,0.2926,1,False,running
88434632b5,formation_7_smooth_bypass,185,37.0,1784499000,smooth_adaptive_clusters,finish_first,r02,r02,True,center,member,local,1,3,10.75799,-0.22691,0.03427,0.38,-0.0,1000,1000,-178,261,0,0,0000,---,False,0.37978,0.01302,0.38,-0.0,11.20032,-0.21174,cached_path_to_final_target,w,"$1,0,0,0,0,0,0,0,0#",20000,20000,Set tank.c app_speed/duty level to the logged pwm before sending the move key/protocol command; e=stop.,11.45571,30.71219,2,5,0,0.13817,-0.01048,1.13411,10.82538,0.11047,1.1798,11.1652,10.8254,0.43803,16,-0.0596,7,0,216.51165,81.02034,0.38,0.2926,1,False,running
88434632b5,formation_7_smooth_bypass,185,37.0,1784499000,smooth_adaptive_clusters,finish_first,r03,r03,True,center,member,local,1,3,11.42036,-0.03915,-0.17321,0.38,-0.0,1000,1000,-164,327,0,0,0010,---,False,0.37431,-0.06549,0.38,-0.0,11.85632,-0.11542,cached_path_to_final_target,w,"$1,0,0,0,0,0,0,0,0#",20000,20000,Set tank.c app_speed/duty level to the logged pwm before sending the move key/protocol command; e=stop.,12.05512,32.06962,0,3,0,0.10387,0.0497,0.864,10.82538,0.11047,1.1798,11.1652,10.8254,0.43803,16,-0.0596,7,0,216.51165,81.02034,0.38,0.2926,1,False,running
88434632b5,formation_7_smooth_bypass,185,37.0,1784499000,smooth_adaptive_clusters,finish_first,r04,r04,True,center,member,local,2,3,9.94898,0.19555,-0.0311,0.38,0.0,1000,1000,-163,183,0,0,0000,---,False,0.37982,-0.01181,0.38,0.0,10.39135,0.18179,cached_path_to_final_target,w,"$1,0,0,0,0,0,0,0,0#",20000,20000,Set tank.c app_speed/duty level to the logged pwm before sending the move key/protocol command; e=stop.,11.28906,30.3607,5,3,0,0.31329,-0.05963,1.75329,10.82538,0.11047,1.1798,11.1652,10.8254,0.43803,16,-0.0596,7,0,216.51165,81.02034,0.38,0.2926,1,False,running
88434632b5,formation_7_smooth_bypass,185,37.0,1784499000,smooth_adaptive_clusters,finish_first,r05,r05,True,center,member,local,2,3,10.33429,0.30498,-0.09356,0.38,0.0,1000,1000,-159,223,0,0,0000,---,False,0.37834,-0.0355,0.38,0.0,10.77494,0.26364,cached_path_to_final_target,w,"$1,0,0,0,0,0,0,0,0#",20000,20000,Set tank.c app_speed/duty level to the logged pwm before sending the move key/protocol command; e=stop.,11.25089,30.05922,5,3,0,0.12277,-0.05963,1.75482,10.82538,0.11047,1.1798,11.1652,10.8254,0.43803,16,-0.0596,7,0,216.51165,81.02034,0.38,0.2926,1,False,running
88434632b5,formation_7_smooth_bypass,185,37.0,1784499000,smooth_adaptive_clusters,finish_first,r06,r06,True,center,member,local,1,3,10.9455,0.3437,-0.1329,0.38,-0.0,1000,1000,-159,283,0,0,0000,---,False,0.37665,-0.05035,0.38,-0.0,11.38531,0.2849,cached_path_to_final_target,w,"$1,0,0,0,0,0,0,0,0#",20000,20000,Set tank.c app_speed/duty level to the logged pwm before sending the move key/protocol command; e=stop.,11.19803,30.12111,2,5,0,0.10464,-0.01048,1.52941,10.82538,0.11047,1.1798,11.1652,10.8254,0.43803,16,-0.0596,7,0,216.51165,81.02034,0.38,0.2926,1,False,running
88434632b5,formation_7_smooth_bypass,185,37.0,1784499000,smooth_adaptive_clusters,finish_first,r07,r07,True,center,member,local,1,3,11.26636,0.50986,-0.16074,0.38,-0.0,1000,1000,-156,318,0,0,0000,---,False,0.3751,-0.06082,0.38,-0.0,11.51068,0.47025,cached_path_to_final_target,w,"$1,0,0,0,0,0,0,0,0#",20000,20000,Set tank.c app_speed/duty level to the logged pwm before sending the move key/protocol command; e=stop.,11.92825,31.66174,0,0,0,0.12725,0.06958,0.24827,10.82538,0.11047,1.1798,11.1652,10.8254,0.43803,16,-0.0596,7,0,216.51165,81.02034,0.38,0.2926,1,False,running
88434632b5,formation_7_smooth_bypass,186,37.2,1784499200,smooth_adaptive_clusters,finish_first,r01,r01,True,center,member,local,1,3,11.17858,-0.33015,-0.20423,0.38,-0.0,1000,1000,-167,303,0,0,0000,---,False,0.3721,-0.07707,0.38,-0.0,11.61186,-0.41989,cached_path_to_final_target,w,"$1,0,0,0,0,0,0,0,0#",20000,20000,Set tank.c app_speed/duty level to the logged pwm before sending the move key/protocol command; e=stop.,11.9193,31.72857,0,3,0,0.13143,0.0497,0.92201,10.90069,0.10224,1.104,11.241,10.9007,0.43739,16,-0.0596,7,0,217.92229,81.55234,0.38,0.293,1,False,running
88434632b5,formation_7_smooth_bypass,186,37.2,1784499200,smooth_adaptive_clusters,finish_first,r02,r02,True,center,member,local,1,3,10.83394,-0.2243,0.03427,0.38,-0.0,1000,1000,-178,268,0,0,0000,---,False,0.37978,0.01302,0.38,-0.0,11.27616,-0.20914,cached_path_to_final_target,w,"$1,0,0,0,0,0,0,0,0#",20000,20000,Set tank.c app_speed/duty level to the logged pwm before sending the move key/protocol command; e=stop.,11.53171,30.91371,2,5,0,0.13817,-0.01048,1.05811,10.90069,0.10224,1.104,11.241,10.9007,0.43739,16,-0.0596,7,0,217.92229,81.55234,0.38,0.293,1,False,running
88434632b5,formation_7_smooth_bypass,186,37.2,1784499200,smooth_adaptive_clusters,finish_first,r03,r03,True,center,member,local,1,3,11.49522,-0.05225,-0.17321,0.38,-0.0,1000,1000,-164,335,0,0,0010,---,False,0.37431,-0.06549,0.38,-0.0,11.93108,-0.1285,cached_path_to_final_target,w,"$1,0,0,0,0,0,0,0,0#",20000,20000,Set tank.c app_speed/duty level to the logged pwm before sending the move key/protocol command; e=stop.,12.13112,32.27114,0,3,0,0.10387,0.0497,0.788,10.90069,0.10224,1.104,11.241,10.9007,0.43739,16,-0.0596,7,0,217.92229,81.55234,0.38,0.293,1,False,running
88434632b5,formation_7_smooth_bypass,186,37.2,1784499200,smooth_adaptive_clusters,finish_first,r04,r04,True,center,member,local,2,3,10.02495,0.19319,-0.0311,0.38,0.0,1000,1000,-163,190,0,0,0000,---,False,0.37982,-0.01181,0.38,0.0,10.46721,0.17943,cached_path_to_final_target,w,"$1,0,0,0,0,0,0,0,0#",20000,20000,Set tank.c app_speed/duty level to the logged pwm before sending the move key/protocol command; e=stop.,11.36506,30.56222,5,3,0,0.31329,-0.05963,1.67729,10.90069,0.10224,1.104,11.241,10.9007,0.43739,16,-0.0596,7,0,217.92229,81.55234,0.38,0.293,1,False,running
88434632b5,formation_7_smooth_bypass,186,37.2,1784499200,smooth_adaptive_clusters,finish_first,r05,r05,True,center,member,local,2,3,10.40995,0.29788,-0.09356,0.38,0.0,1000,1000,-160,230,0,0,0000,---,False,0.37834,-0.0355,0.38,0.0,10.8505,0.25655,cached_path_to_final_target,w,"$1,0,0,0,0,0,0,0,0#",20000,20000,Set tank.c app_speed/duty level to the logged pwm before sending the move key/protocol command; e=stop.,11.32689,30.26074,5,3,0,0.12277,-0.05963,1.67882,10.90069,0.10224,1.104,11.241,10.9007,0.43739,16,-0.0596,7,0,217.92229,81.55234,0.38,0.293,1,False,running
88434632b5,formation_7_smooth_bypass,186,37.2,1784499200,smooth_adaptive_clusters,finish_first,r06,r06,True,center,member,local,1,3,11.02083,0.33363,-0.1329,0.38,-0.0,1000,1000,-159,291,0,0,0000,---,False,0.37665,-0.05035,0.38,-0.0,11.45974,0.27495,cached_path_to_final_target,w,"$1,0,0,0,0,0,0,0,0#",20000,20000,Set tank.c app_speed/duty level to the logged pwm before sending the move key/protocol command; e=stop.,11.27403,30.32263,2,5,0,0.10464,-0.01048,1.45341,10.90069,0.10224,1.104,11.241,10.9007,0.43739,16,-0.0596,7,0,217.92229,81.55234,0.38,0.293,1,False,running
88434632b5,formation_7_smooth_bypass,186,37.2,1784499200,smooth_adaptive_clusters,finish_first,r07,r07,True,center,member,local,1,3,11.34138,0.4977,-0.16074,0.38,-0.0,1000,1000,-156,325,0,0,0000,---,False,0.3751,-0.06082,0.38,-0.0,11.5112,0.47016,cached_path_to_final_target,w,"$1,0,0,0,0,0,0,0,0#",20000,20000,Set tank.c app_speed/duty level to the logged pwm before sending the move key/protocol command; e=stop.,12.00425,31.86326,0,0,0,0.12725,0.06958,0.17227,10.90069,0.10224,1.104,11.241,10.9007,0.43739,16,-0.0596,7,0,217.92229,81.55234,0.38,0.293,1,False,running
88434632b5,formation_7_smooth_bypass,187,37.4,1784499400,smooth_adaptive_clusters,finish_first,r01,r01,True,center,member,local,1,3,11.253,-0.34556,-0.20423,0.38,-0.0,1000,1000,-167,310,0,0,0000,---,False,0.3721,-0.07707,0.38,-0.0,11.68625,-0.43529,path_to_final_target,w,"$1,0,0,0,0,0,0,0,0#",20000,20000,Set tank.c app_speed/duty level to the logged pwm before sending the move key/protocol command; e=stop.,11.9953,31.93009,0,3,0,0.13143,0.0497,0.84601,10.97481,0.09421,1.0295,11.3156,10.9748,0.43605,16,-0.0596,7,0,219.31376,82.07584,0.3739,0.2934,1,False,running
88434632b5,formation_7_smooth_bypass,187,37.4,1784499400,smooth_adaptive_clusters,finish_first,r02,r02,True,center,member,local,1,3,10.9099,-0.2217,0.03427,0.38,-0.0,1000,1000,-178,276,0,0,0000,---,False,0.37978,0.01302,0.38,-0.0,11.35208,-0.20654,path_to_final_target,w,"$1,0,0,0,0,0,0,0,0#",20000,20000,Set tank.c app_speed/duty level to the logged pwm before sending the move key/protocol command; e=stop.,11.60771,31.11523,2,5,0,0.13817,-0.01048,0.98211,10.97481,0.09421,1.0295,11.3156,10.9748,0.43605,16,-0.0596,7,0,219.31376,82.07584,0.3739,0.2934,1,False,running
88434632b5,formation_7_smooth_bypass,187,37.4,1784499400,smooth_adaptive_clusters,finish_first,r03,r03,True,center,member,local,1,3,11.57008,-0.06534,-0.17321,0.38,-0.0,1000,1000,-165,342,0,0,0010,---,False,0.37431,-0.06549,0.38,-0.0,12.00591,-0.1416,path_to_final_target,w,"$1,0,0,0,0,0,0,0,0#",20000,20000,Set tank.c app_speed/duty level to the logged pwm before sending the move key/protocol command; e=stop.,12.20712,32.47266,0,3,0,0.10387,0.0497,0.712,10.97481,0.09421,1.0295,11.3156,10.9748,0.43605,16,-0.0596,7,0,219.31376,82.07584,0.3739,0.2934,1,False,running
88434632b5,formation_7_smooth_bypass,187,37.4,1784499400,smooth_adaptive_clusters,finish_first,r04,r04,True,center,member,local,2,3,10.10091,0.19083,-0.0311,0.38,0.0,1000,1000,-164,198,0,0,0000,---,False,0.37982,-0.01181,0.38,0.0,10.54314,0.17707,path_to_final_target,w,"$1,0,0,0,0,0,0,0,0#",20000,20000,Set tank.c app_speed/duty level to the logged pwm before sending the move key/protocol command; e=stop.,11.44106,30.76374,5,3,0,0.31329,-0.05963,1.60129,10.97481,0.09421,1.0295,11.3156,10.9748,0.43605,16,-0.0596,7,0,219.31376,82.07584,0.3739,0.2934,1,False,running
88434632b5,formation_7_smooth_bypass,187,37.4,1784499400,smooth_adaptive_clusters,finish_first,r05,r05,True,center,member,local,2,3,10.48562,0.29078,-0.09356,0.38,0.0,1000,1000,-160,237,0,0,0000,---,False,0.37834,-0.0355,0.38,0.0,10.92613,0.24945,path_to_final_target,w,"$1,0,0,0,0,0,0,0,0#",20000,20000,Set tank.c app_speed/duty level to the logged pwm before sending the move key/protocol command; e=stop.,11.40289,30.46226,5,3,0,0.12277,-0.05963,1.60282,10.97481,0.09421,1.0295,11.3156,10.9748,0.43605,16,-0.0596,7,0,219.31376,82.07584,0.3739,0.2934,1,False,running
88434632b5,formation_7_smooth_bypass,187,37.4,1784499400,smooth_adaptive_clusters,finish_first,r06,r06,True,center,member,local,1,3,11.09616,0.32356,-0.1329,0.38,-0.0,1000,1000,-160,298,0,0,0000,---,False,0.37665,-0.05035,0.38,-0.0,11.5348,0.26492,path_to_final_target,w,"$1,0,0,0,0,0,0,0,0#",20000,20000,Set tank.c app_speed/duty level to the logged pwm before sending the move key/protocol command; e=stop.,11.35003,30.52415,2,5,0,0.10464,-0.01048,1.37741,10.97481,0.09421,1.0295,11.3156,10.9748,0.43605,16,-0.0596,7,0,219.31376,82.07584,0.3739,0.2934,1,False,running
88434632b5,formation_7_smooth_bypass,187,37.4,1784499400,smooth_adaptive_clusters,finish_first,r07,r07,True,center,member,local,1,3,11.40801,0.4869,-0.16074,0.33752,-0.0,888,888,-157,331,0,0,0000,---,False,0.33317,-0.05402,0.33752,-0.0,11.51136,0.47014,path_to_final_target,w,"$1,0,0,0,0,0,0,0,0#",18000,18000,Set tank.c app_speed/duty level to the logged pwm before sending the move key/protocol command; e=stop.,12.07175,32.04561,0,0,0,0.12725,0.06958,0.10476,10.97481,0.09421,1.0295,11.3156,10.9748,0.43605,16,-0.0596,7,0,219.31376,82.07584,0.3739,0.2934,1,False,running
88434632b5,formation_7_smooth_bypass,188,37.6,1784499600,smooth_adaptive_clusters,finish_first,r01,r01,True,center,member,local,1,3,11.32743,-0.36097,-0.20423,0.38,-0.0,1000,1000,-167,318,0,0,0000,---,False,0.3721,-0.07707,0.38,-0.0,11.76066,-0.45071,cached_path_to_final_target,w,"$1,0,0,0,0,0,0,0,0#",20000,20000,Set tank.c app_speed/duty level to the logged pwm before sending the move key/protocol command; e=stop.,12.0713,32.13161,0,3,0,0.13143,0.0497,0.77001,11.04808,0.08631,0.9558,11.3892,11.0481,0.43427,17,-0.0596,7,0,220.68814,82.59327,0.3696,0.2938,1,False,running
88434632b5,formation_7_smooth_bypass,188,37.6,1784499600,smooth_adaptive_clusters,finish_first,r02,r02,True,center,member,local,1,3,10.98585,-0.2191,0.03427,0.38,-0.0,1000,1000,-178,283,0,0,0000,---,False,0.37978,0.01302,0.38,-0.0,11.42803,-0.20394,cached_path_to_final_target,w,"$1,0,0,0,0,0,0,0,0#",20000,20000,Set tank.c app_speed/duty level to the logged pwm before sending the move key/protocol command; e=stop.,11.68371,31.31675,2,5,0,0.13817,-0.01048,0.90611,11.04808,0.08631,0.9558,11.3892,11.0481,0.43427,17,-0.0596,7,0,220.68814,82.59327,0.3696,0.2938,1,False,running
88434632b5,formation_7_smooth_bypass,188,37.6,1784499600,smooth_adaptive_clusters,finish_first,r03,r03,True,center,member,local,1,3,11.64495,-0.07844,-0.17321,0.38,-0.0,1000,1000,-165,349,0,0,0000,---,False,0.37431,-0.06549,0.38,-0.0,12.08076,-0.15469,cached_path_to_final_target,w,"$1,0,0,0,0,0,0,0,0#",20000,20000,Set tank.c app_speed/duty level to the logged pwm before sending the move key/protocol command; e=stop.,12.28312,32.67418,0,3,0,0.10387,0.0497,0.636,11.04808,0.08631,0.9558,11.3892,11.0481,0.43427,17,-0.0596,7,0,220.68814,82.59327,0.3696,0.2938,1,False,running
88434632b5,formation_7_smooth_bypass,188,37.6,1784499600,smooth_adaptive_clusters,finish_first,r04,r04,True,center,member,local,2,3,10.17687,0.18846,-0.0311,0.38,0.0,1000,1000,-164,205,0,0,0000,---,False,0.37982,-0.01181,0.38,0.0,10.61909,0.17471,cached_path_to_final_target,w,"$1,0,0,0,0,0,0,0,0#",20000,20000,Set tank.c app_speed/duty level to the logged pwm before sending the move key/protocol command; e=stop.,11.51706,30.96526,5,3,0,0.31329,-0.05963,1.52529,11.04808,0.08631,0.9558,11.3892,11.0481,0.43427,17,-0.0596,7,0,220.68814,82.59327,0.3696,0.2938,1,False,running
88434632b5,formation_7_smooth_bypass,188,37.6,1784499600,smooth_adaptive_clusters,finish_first,r05,r05,True,center,member,local,2,3,10.56129,0.28368,-0.09356,0.38,0.0,1000,1000,-161,245,0,0,0000,---,False,0.37834,-0.0355,0.38,0.0,11.00179,0.24235,cached_path_to_final_target,w,"$1,0,0,0,0,0,0,0,0#",20000,20000,Set tank.c app_speed/duty level to the logged pwm before sending the move key/protocol command; e=stop.,11.47889,30.66378,5,3,0,0.12277,-0.05963,1.52682,11.04808,0.08631,0.9558,11.3892,11.0481,0.43427,17,-0.0596,7,0,220.68814,82.59327,0.3696,0.2938,1,False,running
88434632b5,formation_7_smooth_bypass,188,37.6,1784499600,smooth_adaptive_clusters,finish_first,r06,r06,True,center,member,local,1,3,11.17149,0.31349,-0.1329,0.38,-0.0,1000,1000,-160,305,0,0,0000,---,False,0.37665,-0.05035,0.38,-0.0,11.61005,0.25486,cached_path_to_final_target,w,"$1,0,0,0,0,0,0,0,0#",20000,20000,Set tank.c app_speed/duty level to the logged pwm before sending the move key/protocol command; e=stop.,11.42603,30.72567,2,5,0,0.10464,-0.01048,1.30141,11.04808,0.08631,0.9558,11.3892,11.0481,0.43427,17,-0.0596,7,0,220.68814,82.59327,0.3696,0.2938,1,False,running
88434632b5,formation_7_smooth_bypass,188,37.6,1784499600,smooth_adaptive_clusters,finish_first,r07,r07,True,center,member,local,1,3,11.46865,0.47706,-0.16074,0.30714,-0.0,808,808,-157,337,0,0,0000,---,False,0.30318,-0.04916,0.30714,-0.0,11.51141,0.47013,cached_path_to_final_target,w,"$1,0,0,0,0,0,0,0,0#",16000,16000,Set tank.c app_speed/duty level to the logged pwm before sending the move key/protocol command; e=stop.,12.13318,32.21087,0,0,0,0.12725,0.06958,0.04334,11.04808,0.08631,0.9558,11.3892,11.0481,0.43427,17,-0.0596,7,0,220.68814,82.59327,0.3696,0.2938,1,False,running
88434632b5,formation_7_smooth_bypass,189,37.8,1784499800,smooth_adaptive_clusters,finish_first,r01,r01,True,center,member,local,1,3,11.40185,-0.37639,-0.20423,0.38,-0.0,1000,1000,-168,325,0,0,0000,---,False,0.3721,-0.07707,0.38,-0.0,11.83508,-0.46612,cached_path_to_final_target,w,"$1,0,0,0,0,0,0,0,0#",20000,20000,Set tank.c app_speed/duty level to the logged pwm before sending the move key/protocol command; e=stop.,12.1473,32.33313,0,3,0,0.13143,0.0497,0.69401,11.11512,0.07934,0.8884,11.4566,11.1151,0.42887,16,-0.0596,7,0,221.96121,83.0667,0.3382,0.2941,1,False,running
88434632b5,formation_7_smooth_bypass,189,37.8,1784499800,smooth_adaptive_clusters,finish_first,r02,r02,True,center,member,local,1,3,11.06181,-0.21649,0.03427,0.38,-0.0,1000,1000,-178,291,0,0,0000,---,False,0.37978,0.01302,0.38,-0.0,11.50398,-0.20133,cached_path_to_final_target,w,"$1,0,0,0,0,0,0,0,0#",20000,20000,Set tank.c app_speed/duty level to the logged pwm before sending the move key/protocol command; e=stop.,11.75971,31.51827,2,5,0,0.13817,-0.01048,0.83011,11.11512,0.07934,0.8884,11.4566,11.1151,0.42887,16,-0.0596,7,0,221.96121,83.0667,0.3382,0.2941,1,False,running
88434632b5,formation_7_smooth_bypass,189,37.8,1784499800,smooth_adaptive_clusters,finish_first,r03,r03,True,center,member,local,1,3,11.71981,-0.09154,-0.17321,0.38,-0.0,1000,1000,-165,357,0,0,0001,---,False,0.37431,-0.06549,0.38,-0.0,12.15562,-0.16779,cached_path_to_final_target,w,"$1,0,0,0,0,0,0,0,0#",20000,20000,Set tank.c app_speed/duty level to the logged pwm before sending the move key/protocol command; e=stop.,12.35912,32.8757,0,3,0,0.10387,0.0497,0.56,11.11512,0.07934,0.8884,11.4566,11.1151,0.42887,16,-0.0596,7,0,221.96121,83.0667,0.3382,0.2941,1,False,running
88434632b5,formation_7_smooth_bypass,189,37.8,1784499800,smooth_adaptive_clusters,finish_first,r04,r04,True,center,member,local,2,3,10.25283,0.1861,-0.0311,0.38,0.0,1000,1000,-165,213,0,0,0000,---,False,0.37982,-0.01181,0.38,0.0,10.69505,0.17234,cached_path_to_final_target,w,"$1,0,0,0,0,0,0,0,0#",20000,20000,Set tank.c app_speed/duty level to the logged pwm before sending the move key/protocol command; e=stop.,11.59306,31.16678,5,3,0,0.31329,-0.05963,1.44929,11.11512,0.07934,0.8884,11.4566,11.1151,0.42887,16,-0.0596,7,0,221.96121,83.0667,0.3382,0.2941,1,False,running
88434632b5,formation_7_smooth_bypass,189,37.8,1784499800,smooth_adaptive_clusters,finish_first,r05,r05,True,center,member,local,2,3,10.63696,0.27658,-0.09356,0.38,0.0,1000,1000,-161,252,0,0,0000,---,False,0.37834,-0.0355,0.38,0.0,11.07745,0.23525,cached_path_to_final_target,w,"$1,0,0,0,0,0,0,0,0#",20000,20000,Set tank.c app_speed/duty level to the logged pwm before sending the move key/protocol command; e=stop.,11.55489,30.8653,5,3,0,0.12277,-0.05963,1.45082,11.11512,0.07934,0.8884,11.4566,11.1151,0.42887,16,-0.0596,7,0,221.96121,83.0667,0.3382,0.2941,1,False,running
88434632b5,formation_7_smooth_bypass,189,37.8,1784499800,smooth_adaptive_clusters,finish_first,r06,r06,True,center,member,local,1,3,11.22502,0.30633,-0.1329,0.27,-0.0,711,711,-161,311,0,0,0000,---,False,0.24482,-0.03273,0.27,-0.0,11.68536,0.24479,cached_path_to_final_target,w,"$1,0,0,0,0,0,0,0,0#",14000,14000,Set tank.c app_speed/duty level to the logged pwm before sending the move key/protocol command; e=stop.,11.48003,30.87775,2,5,0,0.10464,-0.01048,1.24741,11.11512,0.07934,0.8884,11.4566,11.1151,0.42887,16,-0.0596,7,0,221.96121,83.0667,0.3382,0.2941,1,False,running
88434632b5,formation_7_smooth_bypass,189,37.8,1784499800,smooth_adaptive_clusters,finish_first,r07,r07,True,center,arrived,local,1,3,11.50757,0.47075,-0.16074,0.19714,0.0,519,519,-157,341,0,0,0000,-G-,False,0.0,0.0,0.19714,0.0,11.51142,0.47013,target_reached,w,"$1,0,0,0,0,0,0,0,0#",10000,10000,Set tank.c app_speed/duty level to the logged pwm before sending the move key/protocol command; e=stop.,12.17261,32.32426,0,0,0,0.12725,0.06958,0.00391,11.11512,0.07934,0.8884,11.4566,11.1151,0.42887,16,-0.0596,7,0,221.96121,83.0667,0.3382,0.2941,1,False,running
88434632b5,formation_7_smooth_bypass,190,38.0,1784500000,smooth_adaptive_clusters,finish_first,r01,r01,True,center,member,local,1,3,11.47627,-0.3918,-0.20423,0.38,-0.0,1000,1000,-168,333,0,0,0000,---,False,0.3721,-0.07707,0.38,-0.0,11.9095,-0.48153,path_to_final_target,w,"$1,0,0,0,0,0,0,0,0#",20000,20000,Set tank.c app_speed/duty level to the logged pwm before sending the move key/protocol command; e=stop.,12.2233,32.53465,0,3,0,0.13143,0.0497,0.61801,11.18218,0.07245,0.821,11.5241,11.1822,0.42394,16,-0.0596,7,0,223.23407,83.54013,0.3382,0.2943,2,False,running
88434632b5,formation_7_smooth_bypass,190,38.0,1784500000,smooth_adaptive_clusters,finish_first,r02,r02,True,center,member,local,1,3,11.13776,-0.21389,0.03427,0.38,-0.0,1000,1000,-178,299,0,0,0000,---,False,0.37978,0.01302,0.38,-0.0,11.57993,-0.19873,path_to_final_target,w,"$1,0,0,0,0,0,0,0,0#",20000,20000,Set tank.c app_speed/duty level to the logged pwm before sending the move key/protocol command; e=stop.,11.83571,31.71979,2,5,0,0.13817,-0.01048,0.75411,11.18218,0.07245,0.821,11.5241,11.1822,0.42394,16,-0.0596,7,0,223.23407,83.54013,0.3382,0.2943,2,False,running
88434632b5,formation_7_smooth_bypass,190,38.0,1784500000,smooth_adaptive_clusters,finish_first,r03,r03,True,center,member,local,1,3,11.79467,-0.10464,-0.17321,0.38,-0.0,1000,1000,-166,364,0,0,0001,---,False,0.37431,-0.06549,0.38,-0.0,12.23048,-0.18089,path_to_final_target,w,"$1,0,0,0,0,0,0,0,0#",20000,20000,Set tank.c app_speed/duty level to the logged pwm before sending the move key/protocol command; e=stop.,12.43512,33.07722,0,3,0,0.10387,0.0497,0.484,11.18218,0.07245,0.821,11.5241,11.1822,0.42394,16,-0.0596,7,0,223.23407,83.54013,0.3382,0.2943,2,False,running
88434632b5,formation_7_smooth_bypass,190,38.0,1784500000,smooth_adaptive_clusters,finish_first,r04,r04,True,center,member,local,2,3,10.3288,0.18374,-0.0311,0.38,0.0,1000,1000,-165,220,0,0,0000,---,False,0.37982,-0.01181,0.38,0.0,10.77101,0.16998,path_to_final_target,w,"$1,0,0,0,0,0,0,0,0#",20000,20000,Set tank.c app_speed/duty level to the logged pwm before sending the move key/protocol command; e=stop.,11.66906,31.3683,5,3,0,0.31329,-0.05963,1.37329,11.18218,0.07245,0.821,11.5241,11.1822,0.42394,16,-0.0596,7,0,223.23407,83.54013,0.3382,0.2943,2,False,running
88434632b5,formation_7_smooth_bypass,190,38.0,1784500000,smooth_adaptive_clusters,finish_first,r05,r05,True,center,member,local,1,3,10.71263,0.26948,-0.09356,0.38,0.0,1000,1000,-162,259,0,0,0000,---,False,0.37834,-0.0355,0.38,0.0,11.15312,0.22815,path_to_final_target,w,"$1,0,0,0,0,0,0,0,0#",20000,20000,Set tank.c app_speed/duty level to the logged pwm before sending the move key/protocol command; e=stop.,11.63089,31.06682,5,3,0,0.12277,-0.05963,1.37482,11.18218,0.07245,0.821,11.5241,11.1822,0.42394,16,-0.0596,7,0,223.23407,83.54013,0.3382,0.2943,2,False,running
88434632b5,formation_7_smooth_bypass,190,38.0,1784500000,smooth_adaptive_clusters,finish_first,r06,r06,True,center,member,local,1,3,11.30035,0.29626,-0.1329,0.38,-0.0,1000,1000,-161,318,0,0,0000,---,False,0.37665,-0.05035,0.38,-0.0,11.74542,0.23676,path_to_final_target,w,"$1,0,0,0,0,0,0,0,0#",20000,20000,Set tank.c app_speed/duty level to the logged pwm before sending the move key/protocol command; e=stop.,11.55603,31.08807,2,5,0,0.10464,-0.01048,1.17141,11.18218,0.07245,0.821,11.5241,11.1822,0.42394,16,-0.0596,7,0,223.23407,83.54013,0.3382,0.2943,2,False,running
88434632b5,formation_7_smooth_bypass,190,38.0,1784500000,smooth_adaptive_clusters,finish_first,r07,r07,True,rejoined,arrived,local,1,3,11.52478,0.46796,-0.16074,0.08714,0.0,229,229,-158,343,0,0,0000,-G-,False,0.0,0.0,0.08714,0.0,11.51143,0.47013,target_reached,w,"$1,0,0,0,0,0,0,0,0#",5000,5000,Set tank.c app_speed/duty level to the logged pwm before sending the move key/protocol command; e=stop.,12.19004,32.3792,0,0,0,0.12725,0.06054,0.01352,11.18218,0.07245,0.821,11.5241,11.1822,0.42394,16,-0.0596,7,0,223.23407,83.54013,0.3382,0.2943,2,False,running
88434632b5,formation_7_smooth_bypass,191,38.2,1784500200,smooth_adaptive_clusters,finish_first,r01,r01,True,center,member,local,1,3,11.55069,-0.40722,-0.20423,0.38,-0.0,1000,1000,-168,340,0,0,0000,---,False,0.3721,-0.07707,0.38,-0.0,11.98392,-0.49695,cached_path_to_final_target,w,"$1,0,0,0,0,0,0,0,0#",20000,20000,Set tank.c app_speed/duty level to the logged pwm before sending the move key/protocol command; e=stop.,12.2993,32.73617,0,3,0,0.13143,0.0497,0.54201,11.24678,0.06595,0.7561,11.589,11.2468,0.41813,16,-0.0596,7,0,224.45017,83.99613,0.3257,0.2944,2,False,running
88434632b5,formation_7_smooth_bypass,191,38.2,1784500200,smooth_adaptive_clusters,finish_first,r02,r02,True,center,member,local,1,3,11.21372,-0.21128,0.03427,0.38,-0.0,1000,1000,-179,306,0,0,0000,---,False,0.37978,0.01302,0.38,-0.0,11.65589,-0.19613,cached_path_to_final_target,w,"$1,0,0,0,0,0,0,0,0#",20000,20000,Set tank.c app_speed/duty level to the logged pwm before sending the move key/protocol command; e=stop.,11.91171,31.92131,2,5,0,0.13817,-0.01048,0.67811,11.24678,0.06595,0.7561,11.589,11.2468,0.41813,16,-0.0596,7,0,224.45017,83.99613,0.3257,0.2944,2,False,running
88434632b5,formation_7_smooth_bypass,191,38.2,1784500200,smooth_adaptive_clusters,finish_first,r03,r03,True,center,member,local,1,3,11.86954,-0.11774,-0.17321,0.38,-0.0,1000,1000,-166,372,0,0,0001,---,False,0.37431,-0.06549,0.38,-0.0,12.25914,-0.1859,cached_path_to_final_target,w,"$1,0,0,0,0,0,0,0,0#",20000,20000,Set tank.c app_speed/duty level to the logged pwm before sending the move key/protocol command; e=stop.,12.51112,33.27874,0,3,0,0.10387,0.0497,0.408,11.24678,0.06595,0.7561,11.589,11.2468,0.41813,16,-0.0596,7,0,224.45017,83.99613,0.3257,0.2944,2,False,running
88434632b5,formation_7_smooth_bypass,191,38.2,1784500200,smooth_adaptive_clusters,finish_first,r04,r04,True,center,member,local,2,3,10.40476,0.18137,-0.0311,0.38,0.0,1000,1000,-165,228,0,0,0000,---,False,0.37982,-0.01181,0.38,0.0,10.84698,0.16762,cached_path_to_final_target,w,"$1,0,0,0,0,0,0,0,0#",20000,20000,Set tank.c app_speed/duty level to the logged pwm before sending the move key/protocol command; e=stop.,11.74506,31.56982,5,3,0,0.31329,-0.05963,1.29729,11.24678,0.06595,0.7561,11.589,11.2468,0.41813,16,-0.0596,7,0,224.45017,83.99613,0.3257,0.2944,2,False,running
88434632b5,formation_7_smooth_bypass,191,38.2,1784500200,smooth_adaptive_clusters,finish_first,r05,r05,True,center,member,local,1,3,10.78829,0.26238,-0.09356,0.38,0.0,1000,1000,-162,267,0,0,0000,---,False,0.37834,-0.0355,0.38,0.0,11.22879,0.22105,cached_path_to_final_target,w,"$1,0,0,0,0,0,0,0,0#",20000,20000,Set tank.c app_speed/duty level to the logged pwm before sending the move key/protocol command; e=stop.,11.70689,31.26834,5,3,0,0.12277,-0.05963,1.29882,11.24678,0.06595,0.7561,11.589,11.2468,0.41813,16,-0.0596,7,0,224.45017,83.99613,0.3257,0.2944,2,False,running
88434632b5,formation_7_smooth_bypass,191,38.2,1784500200,smooth_adaptive_clusters,finish_first,r06,r06,True,center,member,local,1,3,11.37568,0.28619,-0.1329,0.38,0.0,1000,1000,-161,325,0,0,0000,---,False,0.37665,-0.05035,0.38,0.0,11.81617,0.2273,cached_path_to_final_target,w,"$1,0,0,0,0,0,0,0,0#",20000,20000,Set tank.c app_speed/duty level to the logged pwm before sending the move key/protocol command; e=stop.,11.63203,31.28959,2,6,0,0.10464,-0.01048,1.09541,11.24678,0.06595,0.7561,11.589,11.2468,0.41813,16,-0.0596,7,0,224.45017,83.99613,0.3257,0.2944,2,False,running
88434632b5,formation_7_smooth_bypass,191,38.2,1784500200,smooth_adaptive_clusters,finish_first,r07,r07,True,rejoined,arrived,local,1,3,11.52478,0.46796,-0.16074,0.0,0.0,0,0,-158,343,0,0,0000,-G-,False,0.0,0.0,0.0,0.0,11.51143,0.47013,target_reached,e,"$0,0,0,0,0,0,0,0,0#",0,0,Set tank.c app_speed/duty level to the logged pwm before sending the move key/protocol command; e=stop.,12.19004,32.38618,0,1,0,0.12725,0.01306,0.01352,11.24678,0.06595,0.7561,11.589,11.2468,0.41813,16,-0.0596,7,0,224.45017,83.99613,0.3257,0.2944,2,False,running
88434632b5,formation_7_smooth_bypass,192,38.4,1784500400,smooth_adaptive_clusters,finish_first,r01,r01,True,center,member,local,1,3,11.62511,-0.42263,-0.20423,0.38,-0.0,1000,1000,-168,347,0,0,0000,---,False,0.3721,-0.07707,0.38,-0.0,12.05218,-0.51108,cached_path_to_final_target,w,"$1,0,0,0,0,0,0,0,0#",20000,20000,Set tank.c app_speed/duty level to the logged pwm before sending the move key/protocol command; e=stop.,12.3753,32.93769,0,3,0,0.13143,0.0497,0.46601,11.31138,0.05946,0.6912,11.6539,11.3114,0.41222,15,-0.0596,8,0,225.65929,84.45213,0.3257,0.2946,2,False,running
88434632b5,formation_7_smooth_bypass,192,38.4,1784500400,smooth_adaptive_clusters,finish_first,r02,r02,True,center,member,local,1,3,11.28967,-0.20868,0.03427,0.38,-0.0,1000,1000,-179,314,0,0,0000,---,False,0.37978,0.01302,0.38,-0.0,11.73184,-0.19352,cached_path_to_final_target,w,"$1,0,0,0,0,0,0,0,0#",20000,20000,Set tank.c app_speed/duty level to the logged pwm before sending the move key/protocol command; e=stop.,11.98771,32.12283,2,5,0,0.13817,-0.01048,0.60211,11.31138,0.05946,0.6912,11.6539,11.3114,0.41222,15,-0.0596,8,0,225.65929,84.45213,0.3257,0.2946,2,False,running
88434632b5,formation_7_smooth_bypass,192,38.4,1784500400,smooth_adaptive_clusters,finish_first,r03,r03,True,center,member,local,1,3,11.9444,-0.13083,-0.17321,0.38,-0.0,1000,1000,-166,379,0,0,0001,---,False,0.37431,-0.06549,0.38,-0.0,12.26774,-0.18741,cached_path_to_final_target,w,"$1,0,0,0,0,0,0,0,0#",20000,20000,Set tank.c app_speed/duty level to the logged pwm before sending the move key/protocol command; e=stop.,12.58712,33.48026,0,3,0,0.10387,0.0497,0.332,11.31138,0.05946,0.6912,11.6539,11.3114,0.41222,15,-0.0596,8,0,225.65929,84.45213,0.3257,0.2946,2,False,running
88434632b5,formation_7_smooth_bypass,192,38.4,1784500400,smooth_adaptive_clusters,finish_first,r04,r04,True,center,member,local,2,3,10.48072,0.17901,-0.0311,0.38,0.0,1000,1000,-166,235,0,0,0000,---,False,0.37982,-0.01181,0.38,0.0,10.92294,0.16525,cached_path_to_final_target,w,"$1,0,0,0,0,0,0,0,0#",20000,20000,Set tank.c app_speed/duty level to the logged pwm before sending the move key/protocol command; e=stop.,11.82106,31.77134,5,3,0,0.31329,-0.05963,1.22129,11.31138,0.05946,0.6912,11.6539,11.3114,0.41222,15,-0.0596,8,0,225.65929,84.45213,0.3257,0.2946,2,False,running
88434632b5,formation_7_smooth_bypass,192,38.4,1784500400,smooth_adaptive_clusters,finish_first,r05,r05,True,center,member,local,1,3,10.86396,0.25528,-0.09356,0.38,0.0,1000,1000,-162,274,0,0,0000,---,False,0.37834,-0.0355,0.38,0.0,11.30445,0.21395,cached_path_to_final_target,w,"$1,0,0,0,0,0,0,0,0#",20000,20000,Set tank.c app_speed/duty level to the logged pwm before sending the move key/protocol command; e=stop.,11.78289,31.46986,5,3,0,0.12277,-0.05963,1.22282,11.31138,0.05946,0.6912,11.6539,11.3114,0.41222,15,-0.0596,8,0,225.65929,84.45213,0.3257,0.2946,2,False,running
88434632b5,formation_7_smooth_bypass,192,38.4,1784500400,smooth_adaptive_clusters,finish_first,r06,r06,True,center,member,local,1,3,11.45101,0.27612,-0.1329,0.38,0.0,1000,1000,-162,333,0,0,0000,---,False,0.37665,-0.05035,0.38,0.0,11.89012,0.21742,cached_path_to_final_target,w,"$1,0,0,0,0,0,0,0,0#",20000,20000,Set tank.c app_speed/duty level to the logged pwm before sending the move key/protocol command; e=stop.,11.70803,31.49111,3,6,0,0.10464,-0.0165,1.01941,11.31138,0.05946,0.6912,11.6539,11.3114,0.41222,15,-0.0596,8,0,225.65929,84.45213,0.3257,0.2946,2,False,running
88434632b5,formation_7_smooth_bypass,192,38.4,1784500400,smooth_adaptive_clusters,finish_first,r07,r07,True,rejoined,arrived,local,1,3,11.52478,0.46796,-0.16074,0.0,0.0,0,0,-158,343,0,0,0000,-G-,False,0.0,0.0,0.0,0.0,11.51143,0.47013,target_reached,e,"$0,0,0,0,0,0,0,0,0#",0,0,Set tank.c app_speed/duty level to the logged pwm before sending the move key/protocol command; e=stop.,12.19004,32.38618,1,1,0,0.12725,-0.0165,0.01352,11.31138,0.05946,0.6912,11.6539,11.3114,0.41222,15,-0.0596,8,0,225.65929,84.45213,0.3257,0.2946,2,False,running
88434632b5,formation_7_smooth_bypass,193,38.6,1784500600,smooth_adaptive_clusters,finish_first,r01,r01,True,center,member,local,1,3,11.69953,-0.43804,-0.20423,0.38,-0.0,1000,1000,-169,355,0,0,0000,---,False,0.3721,-0.07707,0.38,-0.0,12.07265,-0.51532,path_to_final_target,w,"$1,0,0,0,0,0,0,0,0#",20000,20000,Set tank.c app_speed/duty level to the logged pwm before sending the move key/protocol command; e=stop.,12.4513,33.13921,0,3,0,0.13143,0.0497,0.39001,11.37598,0.05297,0.6263,11.7188,11.376,0.40531,15,-0.0596,9,0,226.86841,84.90813,0.3257,0.2947,2,False,running
88434632b5,formation_7_smooth_bypass,193,38.6,1784500600,smooth_adaptive_clusters,finish_first,r02,r02,True,center,member,local,1,3,11.36563,-0.20608,0.03427,0.38,-0.0,1000,1000,-179,321,0,0,0000,---,False,0.37978,0.01302,0.38,-0.0,11.8078,-0.19092,path_to_final_target,w,"$1,0,0,0,0,0,0,0,0#",20000,20000,Set tank.c app_speed/duty level to the logged pwm before sending the move key/protocol command; e=stop.,12.06371,32.32435,2,5,0,0.13817,-0.01048,0.52611,11.37598,0.05297,0.6263,11.7188,11.376,0.40531,15,-0.0596,9,0,226.86841,84.90813,0.3257,0.2947,2,False,running
88434632b5,formation_7_smooth_bypass,193,38.6,1784500600,smooth_adaptive_clusters,finish_first,r03,r03,True,center,member,local,1,3,12.01926,-0.14393,-0.17321,0.38,-0.0,1000,1000,-166,387,0,0,0001,---,False,0.37431,-0.06549,0.38,-0.0,12.27032,-0.18786,path_to_final_target,w,"$1,0,0,0,0,0,0,0,0#",20000,20000,Set tank.c app_speed/duty level to the logged pwm before sending the move key/protocol command; e=stop.,12.66312,33.68178,0,3,0,0.10387,0.0497,0.256,11.37598,0.05297,0.6263,11.7188,11.376,0.40531,15,-0.0596,9,0,226.86841,84.90813,0.3257,0.2947,2,False,running
88434632b5,formation_7_smooth_bypass,193,38.6,1784500600,smooth_adaptive_clusters,finish_first,r04,r04,True,center,member,local,2,3,10.55669,0.17665,-0.0311,0.38,0.0,1000,1000,-166,243,0,0,0000,---,False,0.37982,-0.01181,0.38,0.0,10.9989,0.16289,path_to_final_target,w,"$1,0,0,0,0,0,0,0,0#",20000,20000,Set tank.c app_speed/duty level to the logged pwm before sending the move key/protocol command; e=stop.,11.89706,31.97286,5,3,0,0.31329,-0.05963,1.14529,11.37598,0.05297,0.6263,11.7188,11.376,0.40531,15,-0.0596,9,0,226.86841,84.90813,0.3257,0.2947,2,False,running
88434632b5,formation_7_smooth_bypass,193,38.6,1784500600,smooth_adaptive_clusters,finish_first,r05,r05,True,center,member,local,1,3,10.93963,0.24818,-0.09356,0.38,0.0,1000,1000,-163,281,0,0,0000,---,False,0.37834,-0.0355,0.38,0.0,11.38012,0.20685,path_to_final_target,w,"$1,0,0,0,0,0,0,0,0#",20000,20000,Set tank.c app_speed/duty level to the logged pwm before sending the move key/protocol command; e=stop.,11.85889,31.67138,5,3,0,0.12277,-0.05963,1.14682,11.37598,0.05297,0.6263,11.7188,11.376,0.40531,15,-0.0596,9,0,226.86841,84.90813,0.3257,0.2947,2,False,running
88434632b5,formation_7_smooth_bypass,193,38.6,1784500600,smooth_adaptive_clusters,finish_first,r06,r06,True,center,member,local,1,3,11.52633,0.26605,-0.1329,0.38,0.0,1000,1000,-162,340,0,0,0000,---,False,0.37665,-0.05035,0.38,0.0,11.96504,0.2074,path_to_final_target,w,"$1,0,0,0,0,0,0,0,0#",20000,20000,Set tank.c app_speed/duty level to the logged pwm before sending the move key/protocol command; e=stop.,11.78403,31.69263,4,6,0,0.10464,-0.02012,0.94341,11.37598,0.05297,0.6263,11.7188,11.376,0.40531,15,-0.0596,9,0,226.86841,84.90813,0.3257,0.2947,2,False,running
88434632b5,formation_7_smooth_bypass,193,38.6,1784500600,smooth_adaptive_clusters,finish_first,r07,r07,True,rejoined,arrived,local,1,3,11.52478,0.46796,-0.16074,0.0,0.0,0,0,-158,343,0,0,0000,-G-,False,0.0,0.0,0.0,0.0,11.51143,0.47013,target_reached,e,"$0,0,0,0,0,0,0,0,0#",0,0,Set tank.c app_speed/duty level to the logged pwm before sending the move key/protocol command; e=stop.,12.19004,32.38618,2,1,0,0.12725,-0.02012,0.01352,11.37598,0.05297,0.6263,11.7188,11.376,0.40531,15,-0.0596,9,0,226.86841,84.90813,0.3257,0.2947,2,False,running
88434632b5,formation_7_smooth_bypass,194,38.8,1784500800,smooth_adaptive_clusters,finish_first,r01,r01,True,center,member,local,1,3,11.77395,-0.45346,-0.20423,0.38,-0.0,1000,1000,-169,362,0,0,0000,---,False,0.3721,-0.07707,0.38,-0.0,12.0788,-0.5166,cached_path_to_final_target,w,"$1,0,0,0,0,0,0,0,0#",20000,20000,Set tank.c app_speed/duty level to the logged pwm before sending the move key/protocol command; e=stop.,12.5273,33.34073,0,3,0,0.13143,0.0497,0.31401,11.44058,0.04648,0.5613,11.7838,11.4406,0.39726,16,-0.0596,9,0,228.07753,85.36413,0.3257,0.2949,2,False,running
88434632b5,formation_7_smooth_bypass,194,38.8,1784500800,smooth_adaptive_clusters,finish_first,r02,r02,True,center,member,local,1,3,11.44159,-0.20347,0.03427,0.38,-0.0,1000,1000,-179,329,0,0,0000,---,False,0.37978,0.01302,0.38,-0.0,11.86634,-0.18891,cached_path_to_final_target,w,"$1,0,0,0,0,0,0,0,0#",20000,20000,Set tank.c app_speed/duty level to the logged pwm before sending the move key/protocol command; e=stop.,12.13971,32.52587,2,5,0,0.13817,-0.01048,0.45011,11.44058,0.04648,0.5613,11.7838,11.4406,0.39726,16,-0.0596,9,0,228.07753,85.36413,0.3257,0.2949,2,False,running
88434632b5,formation_7_smooth_bypass,194,38.8,1784500800,smooth_adaptive_clusters,finish_first,r03,r03,True,center,member,local,1,3,12.09412,-0.15703,-0.17321,0.38,-0.0,1000,1000,-167,394,0,0,0000,---,False,0.37431,-0.06549,0.38,-0.0,12.2711,-0.18799,cached_path_to_final_target,w,"$1,0,0,0,0,0,0,0,0#",20000,20000,Set tank.c app_speed/duty level to the logged pwm before sending the move key/protocol command; e=stop.,12.73912,33.8833,0,3,0,0.10387,0.0497,0.18,11.44058,0.04648,0.5613,11.7838,11.4406,0.39726,16,-0.0596,9,0,228.07753,85.36413,0.3257,0.2949,2,False,running
88434632b5,formation_7_smooth_bypass,194,38.8,1784500800,smooth_adaptive_clusters,finish_first,r04,r04,True,center,member,local,2,3,10.63265,0.17428,-0.0311,0.38,0.0,1000,1000,-167,250,0,0,0000,---,False,0.37982,-0.01181,0.38,0.0,11.07487,0.16053,cached_path_to_final_target,w,"$1,0,0,0,0,0,0,0,0#",20000,20000,Set tank.c app_speed/duty level to the logged pwm before sending the move key/protocol command; e=stop.,11.97306,32.17438,5,3,0,0.31329,-0.05963,1.06929,11.44058,0.04648,0.5613,11.7838,11.4406,0.39726,16,-0.0596,9,0,228.07753,85.36413,0.3257,0.2949,2,False,running
88434632b5,formation_7_smooth_bypass,194,38.8,1784500800,smooth_adaptive_clusters,finish_first,r05,r05,True,center,member,local,1,3,11.0153,0.24108,-0.09356,0.38,0.0,1000,1000,-163,289,0,0,0000,---,False,0.37834,-0.0355,0.38,0.0,11.45579,0.19975,cached_path_to_final_target,w,"$1,0,0,0,0,0,0,0,0#",20000,20000,Set tank.c app_speed/duty level to the logged pwm before sending the move key/protocol command; e=stop.,11.93489,31.8729,5,3,0,0.12277,-0.05963,1.07082,11.44058,0.04648,0.5613,11.7838,11.4406,0.39726,16,-0.0596,9,0,228.07753,85.36413,0.3257,0.2949,2,False,running
88434632b5,formation_7_smooth_bypass,194,38.8,1784500800,smooth_adaptive_clusters,finish_first,r06,r06,True,center,member,local,1,3,11.60166,0.25598,-0.1329,0.38,-0.0,1000,1000,-162,347,0,0,0000,---,False,0.37665,-0.05035,0.38,-0.0,12.04024,0.19735,cached_path_to_final_target,w,"$1,0,0,0,0,0,0,0,0#",20000,20000,Set tank.c app_speed/duty level to the logged pwm before sending the move key/protocol command; e=stop.,11.86003,31.89415,4,7,0,0.10464,-0.02012,0.86741,11.44058,0.04648,0.5613,11.7838,11.4406,0.39726,16,-0.0596,9,0,228.07753,85.36413,0.3257,0.2949,2,False,running
88434632b5,formation_7_smooth_bypass,194,38.8,1784500800,smooth_adaptive_clusters,finish_first,r07,r07,True,rejoined,arrived,local,1,3,11.52478,0.46796,-0.16074,0.0,0.0,0,0,-158,343,0,0,0000,-G-,False,0.0,0.0,0.0,0.0,11.51143,0.47013,target_reached,e,"$0,0,0,0,0,0,0,0,0#",0,0,Set tank.c app_speed/duty level to the logged pwm before sending the move key/protocol command; e=stop.,12.19004,32.38618,2,2,0,0.12725,-0.02012,0.01352,11.44058,0.04648,0.5613,11.7838,11.4406,0.39726,16,-0.0596,9,0,228.07753,85.36413,0.3257,0.2949,2,False,running
88434632b5,formation_7_smooth_bypass,195,39.0,1784501000,smooth_adaptive_clusters,finish_first,r01,r01,True,center,member,local,1,3,11.84837,-0.46887,-0.20423,0.38,0.0,1000,1000,-169,370,0,0,0000,---,False,0.3721,-0.07707,0.38,0.0,12.08064,-0.51698,cached_path_to_final_target,w,"$1,0,0,0,0,0,0,0,0#",20000,20000,Set tank.c app_speed/duty level to the logged pwm before sending the move key/protocol command; e=stop.,12.6033,33.54225,0,3,0,0.13143,0.0497,0.23801,11.50408,0.04018,0.4975,11.8476,11.5041,0.38695,17,-0.0596,9,0,229.26901,85.81233,0.3201,0.295,2,False,running
88434632b5,formation_7_smooth_bypass,195,39.0,1784501000,smooth_adaptive_clusters,finish_first,r02,r02,True,center,member,local,1,3,11.51754,-0.20087,0.03427,0.38,-0.0,1000,1000,-179,337,0,0,0000,---,False,0.37978,0.01302,0.38,-0.0,11.8839,-0.18831,cached_path_to_final_target,w,"$1,0,0,0,0,0,0,0,0#",20000,20000,Set tank.c app_speed/duty level to the logged pwm before sending the move key/protocol command; e=stop.,12.21571,32.72739,2,5,0,0.13817,-0.01048,0.37411,11.50408,0.04018,0.4975,11.8476,11.5041,0.38695,17,-0.0596,9,0,229.26901,85.81233,0.3201,0.295,2,False,running
88434632b5,formation_7_smooth_bypass,195,39.0,1784501000,smooth_adaptive_clusters,finish_first,r03,r03,True,center,member,local,1,3,12.1613,-0.16878,-0.17321,0.341,-0.0,897,897,-167,401,0,0,0000,---,False,0.3359,-0.05877,0.341,-0.0,12.27133,-0.18803,cached_path_to_final_target,w,"$1,0,0,0,0,0,0,0,0#",18000,18000,Set tank.c app_speed/duty level to the logged pwm before sending the move key/protocol command; e=stop.,12.80732,34.06719,0,3,0,0.10387,0.0497,0.1118,11.50408,0.04018,0.4975,11.8476,11.5041,0.38695,17,-0.0596,9,0,229.26901,85.81233,0.3201,0.295,2,False,running
88434632b5,formation_7_smooth_bypass,195,39.0,1784501000,smooth_adaptive_clusters,finish_first,r04,r04,True,center,member,local,1,3,10.70861,0.17192,-0.0311,0.38,0.0,1000,1000,-167,258,0,0,0000,---,False,0.37982,-0.01181,0.38,0.0,11.15083,0.15817,cached_path_to_final_target,w,"$1,0,0,0,0,0,0,0,0#",20000,20000,Set tank.c app_speed/duty level to the logged pwm before sending the move key/protocol command; e=stop.,12.04906,32.3759,5,3,0,0.31329,-0.05963,0.99329,11.50408,0.04018,0.4975,11.8476,11.5041,0.38695,17,-0.0596,9,0,229.26901,85.81233,0.3201,0.295,2,False,running
88434632b5,formation_7_smooth_bypass,195,39.0,1784501000,smooth_adaptive_clusters,finish_first,r05,r05,True,center,member,local,1,3,11.09096,0.23398,-0.09356,0.38,0.0,1000,1000,-164,296,0,0,0000,---,False,0.37834,-0.0355,0.38,0.0,11.53146,0.19265,cached_path_to_final_target,w,"$1,0,0,0,0,0,0,0,0#",20000,20000,Set tank.c app_speed/duty level to the logged pwm before sending the move key/protocol command; e=stop.,12.01089,32.07442,5,3,0,0.12277,-0.05963,0.99482,11.50408,0.04018,0.4975,11.8476,11.5041,0.38695,17,-0.0596,9,0,229.26901,85.81233,0.3201,0.295,2,False,running
88434632b5,formation_7_smooth_bypass,195,39.0,1784501000,smooth_adaptive_clusters,finish_first,r06,r06,True,center,member,local,1,3,11.67699,0.24591,-0.1329,0.38,-0.0,1000,1000,-163,355,0,0,0000,---,False,0.37665,-0.05035,0.38,-0.0,12.11554,0.18728,cached_path_to_final_target,w,"$1,0,0,0,0,0,0,0,0#",20000,20000,Set tank.c app_speed/duty level to the logged pwm before sending the move key/protocol command; e=stop.,11.93603,32.09567,4,8,0,0.10464,-0.02012,0.79141,11.50408,0.04018,0.4975,11.8476,11.5041,0.38695,17,-0.0596,9,0,229.26901,85.81233,0.3201,0.295,2,False,running
88434632b5,formation_7_smooth_bypass,195,39.0,1784501000,smooth_adaptive_clusters,finish_first,r07,r07,True,rejoined,arrived,local,1,3,11.52478,0.46796,-0.16074,0.0,0.0,0,0,-158,343,0,0,0000,-G-,False,0.0,0.0,0.0,0.0,11.51143,0.47013,target_reached,e,"$0,0,0,0,0,0,0,0,0#",0,0,Set tank.c app_speed/duty level to the logged pwm before sending the move key/protocol command; e=stop.,12.19004,32.38618,2,3,0,0.12725,-0.02012,0.01352,11.50408,0.04018,0.4975,11.8476,11.5041,0.38695,17,-0.0596,9,0,229.26901,85.81233,0.3201,0.295,2,False,running
88434632b5,formation_7_smooth_bypass,196,39.2,1784501200,smooth_adaptive_clusters,finish_first,r01,r01,True,center,member,local,1,3,11.92279,-0.48428,-0.20423,0.38,0.0,1000,1000,-169,377,0,0,0000,---,False,0.3721,-0.07707,0.38,0.0,12.08119,-0.51709,path_to_final_target,w,"$1,0,0,0,0,0,0,0,0#",20000,20000,Set tank.c app_speed/duty level to the logged pwm before sending the move key/protocol command; e=stop.,12.6793,33.74377,0,3,0,0.13143,0.0497,0.16201,11.56672,0.03403,0.4346,11.9105,11.5667,0.3756,16,-0.0596,9,0,230.44371,86.25439,0.3158,0.2951,2,False,running
88434632b5,formation_7_smooth_bypass,196,39.2,1784501200,smooth_adaptive_clusters,finish_first,r02,r02,True,center,member,local,1,3,11.5935,-0.19826,0.03427,0.38,-0.0,1000,1000,-179,344,0,0,0000,---,False,0.37978,0.01302,0.38,-0.0,11.88917,-0.18813,path_to_final_target,w,"$1,0,0,0,0,0,0,0,0#",20000,20000,Set tank.c app_speed/duty level to the logged pwm before sending the move key/protocol command; e=stop.,12.29171,32.92891,2,5,0,0.13817,-0.01048,0.29811,11.56672,0.03403,0.4346,11.9105,11.5667,0.3756,16,-0.0596,9,0,230.44371,86.25439,0.3158,0.2951,2,False,running
88434632b5,formation_7_smooth_bypass,196,39.2,1784501200,smooth_adaptive_clusters,finish_first,r03,r03,True,center,member,local,1,3,12.22244,-0.17948,-0.17321,0.31031,-0.0,817,817,-167,407,0,0,0000,---,False,0.30567,-0.05348,0.31031,-0.0,12.2714,-0.18805,path_to_final_target,w,"$1,0,0,0,0,0,0,0,0#",16000,16000,Set tank.c app_speed/duty level to the logged pwm before sending the move key/protocol command; e=stop.,12.86938,34.23428,0,3,0,0.10387,0.0497,0.04974,11.56672,0.03403,0.4346,11.9105,11.5667,0.3756,16,-0.0596,9,0,230.44371,86.25439,0.3158,0.2951,2,False,running
88434632b5,formation_7_smooth_bypass,196,39.2,1784501200,smooth_adaptive_clusters,finish_first,r04,r04,True,center,member,local,1,3,10.78458,0.16956,-0.0311,0.38,0.0,1000,1000,-167,265,0,0,0000,---,False,0.37982,-0.01181,0.38,0.0,11.22679,0.1558,path_to_final_target,w,"$1,0,0,0,0,0,0,0,0#",20000,20000,Set tank.c app_speed/duty level to the logged pwm before sending the move key/protocol command; e=stop.,12.12506,32.57742,5,3,0,0.31329,-0.05963,0.91729,11.56672,0.03403,0.4346,11.9105,11.5667,0.3756,16,-0.0596,9,0,230.44371,86.25439,0.3158,0.2951,2,False,running
88434632b5,formation_7_smooth_bypass,196,39.2,1784501200,smooth_adaptive_clusters,finish_first,r05,r05,True,center,member,local,1,3,11.16663,0.22688,-0.09356,0.38,0.0,1000,1000,-164,304,0,0,0000,---,False,0.37834,-0.0355,0.38,0.0,11.60712,0.18555,path_to_final_target,w,"$1,0,0,0,0,0,0,0,0#",20000,20000,Set tank.c app_speed/duty level to the logged pwm before sending the move key/protocol command; e=stop.,12.08689,32.27594,5,3,0,0.12277,-0.05963,0.91882,11.56672,0.03403,0.4346,11.9105,11.5667,0.3756,16,-0.0596,9,0,230.44371,86.25439,0.3158,0.2951,2,False,running
88434632b5,formation_7_smooth_bypass,196,39.2,1784501200,smooth_adaptive_clusters,finish_first,r06,r06,True,center,member,local,1,3,11.75232,0.23584,-0.1329,0.38,0.0,1000,1000,-163,362,0,0,0000,---,False,0.37665,-0.05035,0.38,0.0,12.19086,0.17721,path_to_final_target,w,"$1,0,0,0,0,0,0,0,0#",20000,20000,Set tank.c app_speed/duty level to the logged pwm before sending the move key/protocol command; e=stop.,12.01203,32.29719,4,8,0,0.10464,-0.02012,0.71541,11.56672,0.03403,0.4346,11.9105,11.5667,0.3756,16,-0.0596,9,0,230.44371,86.25439,0.3158,0.2951,2,False,running
88434632b5,formation_7_smooth_bypass,196,39.2,1784501200,smooth_adaptive_clusters,finish_first,r07,r07,True,rejoined,arrived,local,1,3,11.52478,0.46796,-0.16074,0.0,0.0,0,0,-158,343,0,0,0000,-G-,False,0.0,0.0,0.0,0.0,11.51143,0.47013,target_reached,e,"$0,0,0,0,0,0,0,0,0#",0,0,Set tank.c app_speed/duty level to the logged pwm before sending the move key/protocol command; e=stop.,12.19004,32.38618,2,3,0,0.12725,-0.02012,0.01352,11.56672,0.03403,0.4346,11.9105,11.5667,0.3756,16,-0.0596,9,0,230.44371,86.25439,0.3158,0.2951,2,False,running
88434632b5,formation_7_smooth_bypass,197,39.4,1784501400,smooth_adaptive_clusters,finish_first,r01,r01,True,center,member,local,1,3,11.98799,-0.49779,-0.20423,0.3329,-0.0,876,876,-169,384,0,0,0000,---,False,0.32598,-0.06752,0.3329,-0.0,12.08136,-0.51713,cached_path_to_final_target,w,"$1,0,0,0,0,0,0,0,0#",18000,18000,Set tank.c app_speed/duty level to the logged pwm before sending the move key/protocol command; e=stop.,12.74588,33.92407,0,3,0,0.13143,0.0497,0.09542,11.62494,0.0287,0.3762,11.969,11.6249,0.35874,14,-0.0596,9,0,231.54509,86.66503,0.2933,0.295,2,False,running
88434632b5,formation_7_smooth_bypass,197,39.4,1784501400,smooth_adaptive_clusters,finish_first,r02,r02,True,center,member,local,1,3,11.66945,-0.19566,0.03427,0.38,-0.0,1000,1000,-179,352,0,0,0000,---,False,0.37978,0.01302,0.38,-0.0,11.89075,-0.18807,cached_path_to_final_target,w,"$1,0,0,0,0,0,0,0,0#",20000,20000,Set tank.c app_speed/duty level to the logged pwm before sending the move key/protocol command; e=stop.,12.36771,33.13043,2,5,0,0.13817,-0.01048,0.22211,11.62494,0.0287,0.3762,11.969,11.6249,0.35874,14,-0.0596,9,0,231.54509,86.66503,0.2933,0.295,2,False,running
88434632b5,formation_7_smooth_bypass,197,39.4,1784501400,smooth_adaptive_clusters,finish_first,r03,r03,True,center,arrived,local,0,3,12.2619,-0.18638,-0.17321,0.20031,0.0,527,527,0,-1,0,0,0000,-G-,False,0.0,0.0,0.20031,0.0,12.27142,-0.18805,target_reached,w,"$1,0,0,0,0,0,0,0,0#",11000,11000,Set tank.c app_speed/duty level to the logged pwm before sending the move key/protocol command; e=stop.,12.90944,34.34928,0,3,0,0.10387,0.0497,0.00967,11.62494,0.0287,0.3762,11.969,11.6249,0.35874,14,-0.0596,9,0,231.54509,86.66503,0.2933,0.295,2,False,running
88434632b5,formation_7_smooth_bypass,197,39.4,1784501400,smooth_adaptive_clusters,finish_first,r04,r04,True,center,member,local,1,3,10.86054,0.1672,-0.0311,0.38,0.0,1000,1000,-168,273,0,0,0000,---,False,0.37982,-0.01181,0.38,0.0,11.30276,0.15344,cached_path_to_final_target,w,"$1,0,0,0,0,0,0,0,0#",20000,20000,Set tank.c app_speed/duty level to the logged pwm before sending the move key/protocol command; e=stop.,12.20106,32.77894,5,3,0,0.31329,-0.05963,0.84129,11.62494,0.0287,0.3762,11.969,11.6249,0.35874,14,-0.0596,9,0,231.54509,86.66503,0.2933,0.295,2,False,running
88434632b5,formation_7_smooth_bypass,197,39.4,1784501400,smooth_adaptive_clusters,finish_first,r05,r05,True,center,member,local,1,3,11.2423,0.21978,-0.09356,0.38,0.0,1000,1000,-164,311,0,0,0000,---,False,0.37834,-0.0355,0.38,0.0,11.68279,0.17845,cached_path_to_final_target,w,"$1,0,0,0,0,0,0,0,0#",20000,20000,Set tank.c app_speed/duty level to the logged pwm before sending the move key/protocol command; e=stop.,12.16289,32.47746,5,3,0,0.12277,-0.05963,0.84282,11.62494,0.0287,0.3762,11.969,11.6249,0.35874,14,-0.0596,9,0,231.54509,86.66503,0.2933,0.295,2,False,running
88434632b5,formation_7_smooth_bypass,197,39.4,1784501400,smooth_adaptive_clusters,finish_first,r06,r06,True,center,member,local,1,3,11.82765,0.22577,-0.1329,0.38,0.0,1000,1000,-163,369,0,0,0000,---,False,0.37665,-0.05035,0.38,0.0,12.26618,0.16714,cached_path_to_final_target,w,"$1,0,0,0,0,0,0,0,0#",20000,20000,Set tank.c app_speed/duty level to the logged pwm before sending the move key/protocol command; e=stop.,12.08803,32.49871,4,8,0,0.10464,-0.02012,0.63941,11.62494,0.0287,0.3762,11.969,11.6249,0.35874,14,-0.0596,9,0,231.54509,86.66503,0.2933,0.295,2,False,running
88434632b5,formation_7_smooth_bypass,197,39.4,1784501400,smooth_adaptive_clusters,finish_first,r07,r07,True,rejoined,arrived,local,1,3,11.52478,0.46796,-0.16074,0.0,0.0,0,0,-158,343,0,0,0000,-G-,False,0.0,0.0,0.0,0.0,11.51143,0.47013,target_reached,e,"$0,0,0,0,0,0,0,0,0#",0,0,Set tank.c app_speed/duty level to the logged pwm before sending the move key/protocol command; e=stop.,12.19004,32.38618,2,3,0,0.12725,-0.02012,0.01352,11.62494,0.0287,0.3762,11.969,11.6249,0.35874,14,-0.0596,9,0,231.54509,86.66503,0.2933,0.295,2,False,running
88434632b5,formation_7_smooth_bypass,198,39.6,1784501600,smooth_adaptive_clusters,finish_first,r01,r01,True,center,member,local,1,3,12.04732,-0.51008,-0.20423,0.30294,-0.0,797,797,-169,390,0,0,0000,---,False,0.29665,-0.06144,0.30294,-0.0,12.08141,-0.51714,cached_path_to_final_target,w,"$1,0,0,0,0,0,0,0,0#",16000,16000,Set tank.c app_speed/duty level to the logged pwm before sending the move key/protocol command; e=stop.,12.80646,34.08708,0,3,0,0.13143,0.0497,0.03484,11.67609,0.02397,0.3248,12.0203,11.6761,0.33573,14,-0.0596,9,0,232.5215,87.02568,0.2576,0.2949,2,False,running
88434632b5,formation_7_smooth_bypass,198,39.6,1784501600,smooth_adaptive_clusters,finish_first,r02,r02,True,center,member,local,1,3,11.72342,-0.19381,0.03427,0.27,-0.0,711,711,-179,357,0,0,0000,---,False,0.24685,0.00846,0.27,-0.0,11.89123,-0.18806,cached_path_to_final_target,w,"$1,0,0,0,0,0,0,0,0#",14000,14000,Set tank.c app_speed/duty level to the logged pwm before sending the move key/protocol command; e=stop.,12.42171,33.28251,2,5,0,0.13817,-0.01048,0.16811,11.67609,0.02397,0.3248,12.0203,11.6761,0.33573,14,-0.0596,9,0,232.5215,87.02568,0.2576,0.2949,2,False,running
88434632b5,formation_7_smooth_bypass,198,39.6,1784501600,smooth_adaptive_clusters,finish_first,r03,r03,True,rejoined,arrived,local,0,3,12.27969,-0.1895,-0.17321,0.09031,0.0,238,238,0,-1,0,0,0000,-G-,False,0.0,0.0,0.09031,0.0,12.27143,-0.18805,target_reached,w,"$1,0,0,0,0,0,0,0,0#",5000,5000,Set tank.c app_speed/duty level to the logged pwm before sending the move key/protocol command; e=stop.,12.9275,34.40605,0,3,0,0.10387,0.0497,0.00839,11.67609,0.02397,0.3248,12.0203,11.6761,0.33573,14,-0.0596,9,0,232.5215,87.02568,0.2576,0.2949,2,False,running
88434632b5,formation_7_smooth_bypass,198,39.6,1784501600,smooth_adaptive_clusters,finish_first,r04,r04,True,center,member,local,1,3,10.9365,0.16483,-0.0311,0.38,0.0,1000,1000,-168,280,0,0,0000,---,False,0.37982,-0.01181,0.38,0.0,11.37872,0.15108,cached_path_to_final_target,w,"$1,0,0,0,0,0,0,0,0#",20000,20000,Set tank.c app_speed/duty level to the logged pwm before sending the move key/protocol command; e=stop.,12.27706,32.98046,5,3,0,0.31329,-0.05963,0.76529,11.67609,0.02397,0.3248,12.0203,11.6761,0.33573,14,-0.0596,9,0,232.5215,87.02568,0.2576,0.2949,2,False,running
88434632b5,formation_7_smooth_bypass,198,39.6,1784501600,smooth_adaptive_clusters,finish_first,r05,r05,True,center,member,local,1,3,11.31797,0.21268,-0.09356,0.38,0.0,1000,1000,-165,319,0,0,0000,---,False,0.37834,-0.0355,0.38,0.0,11.75846,0.17134,cached_path_to_final_target,w,"$1,0,0,0,0,0,0,0,0#",20000,20000,Set tank.c app_speed/duty level to the logged pwm before sending the move key/protocol command; e=stop.,12.23889,32.67898,5,3,0,0.12277,-0.05963,0.76682,11.67609,0.02397,0.3248,12.0203,11.6761,0.33573,14,-0.0596,9,0,232.5215,87.02568,0.2576,0.2949,2,False,running
88434632b5,formation_7_smooth_bypass,198,39.6,1784501600,smooth_adaptive_clusters,finish_first,r06,r06,True,center,member,local,1,3,11.90298,0.2157,-0.1329,0.38,0.0,1000,1000,-164,377,0,0,0000,---,False,0.37665,-0.05035,0.38,0.0,12.34151,0.15707,cached_path_to_final_target,w,"$1,0,0,0,0,0,0,0,0#",20000,20000,Set tank.c app_speed/duty level to the logged pwm before sending the move key/protocol command; e=stop.,12.16403,32.70023,4,8,0,0.10464,-0.02012,0.56341,11.67609,0.02397,0.3248,12.0203,11.6761,0.33573,14,-0.0596,9,0,232.5215,87.02568,0.2576,0.2949,2,False,running
88434632b5,formation_7_smooth_bypass,198,39.6,1784501600,smooth_adaptive_clusters,finish_first,r07,r07,True,rejoined,arrived,local,1,3,11.52478,0.46796,-0.16074,0.0,0.0,0,0,-158,343,0,0,0000,-G-,False,0.0,0.0,0.0,0.0,11.51143,0.47013,target_reached,e,"$0,0,0,0,0,0,0,0,0#",0,0,Set tank.c app_speed/duty level to the logged pwm before sending the move key/protocol command; e=stop.,12.19004,32.38618,2,3,0,0.12725,-0.02012,0.01352,11.67609,0.02397,0.3248,12.0203,11.6761,0.33573,14,-0.0596,9,0,232.5215,87.02568,0.2576,0.2949,2,False,running
88434632b5,formation_7_smooth_bypass,199,39.8,1784501800,smooth_adaptive_clusters,finish_first,r01,r01,True,center,arrived,local,1,3,12.0851,-0.5179,-0.20423,0.19294,0.0,508,508,-170,393,0,0,0000,-G-,False,0.0,0.0,0.19294,0.0,12.08142,-0.51714,target_reached,w,"$1,0,0,0,0,0,0,0,0#",10000,10000,Set tank.c app_speed/duty level to the logged pwm before sending the move key/protocol command; e=stop.,12.84505,34.19825,0,3,0,0.13143,0.0497,0.00375,11.72014,0.02027,0.2806,12.0646,11.7201,0.30641,14,-0.0596,9,0,233.36427,87.33591,0.2216,0.2945,2,False,running
88434632b5,formation_7_smooth_bypass,199,39.8,1784501800,smooth_adaptive_clusters,finish_first,r02,r02,True,center,member,local,1,3,11.76703,-0.19232,0.03427,0.21817,-0.0,574,574,-179,362,0,0,0000,---,False,0.21804,0.00747,0.21817,-0.0,11.89137,-0.18805,path_to_final_target,w,"$1,0,0,0,0,0,0,0,0#",11000,11000,Set tank.c app_speed/duty level to the logged pwm before sending the move key/protocol command; e=stop.,12.46534,33.40233,2,5,0,0.13817,-0.01048,0.12447,11.72014,0.02027,0.2806,12.0646,11.7201,0.30641,14,-0.0596,9,0,233.36427,87.33591,0.2216,0.2945,2,False,running
88434632b5,formation_7_smooth_bypass,199,39.8,1784501800,smooth_adaptive_clusters,finish_first,r03,r03,True,rejoined,arrived,local,0,3,12.27969,-0.1895,-0.17321,0.0,0.0,0,0,0,-1,0,0,0000,-G-,False,0.0,0.0,0.0,0.0,12.27143,-0.18805,target_reached,e,"$0,0,0,0,0,0,0,0,0#",0,0,Set tank.c app_speed/duty level to the logged pwm before sending the move key/protocol command; e=stop.,12.9275,34.41327,0,3,0,0.10387,0.0497,0.00839,11.72014,0.02027,0.2806,12.0646,11.7201,0.30641,14,-0.0596,9,0,233.36427,87.33591,0.2216,0.2945,2,False,running
88434632b5,formation_7_smooth_bypass,199,39.8,1784501800,smooth_adaptive_clusters,finish_first,r04,r04,True,center,member,local,1,3,11.01247,0.16247,-0.0311,0.38,0.0,1000,1000,-168,288,0,0,0000,---,False,0.37982,-0.01181,0.38,0.0,11.45468,0.14871,path_to_final_target,w,"$1,0,0,0,0,0,0,0,0#",20000,20000,Set tank.c app_speed/duty level to the logged pwm before sending the move key/protocol command; e=stop.,12.35306,33.18198,5,3,0,0.31329,-0.05963,0.68929,11.72014,0.02027,0.2806,12.0646,11.7201,0.30641,14,-0.0596,9,0,233.36427,87.33591,0.2216,0.2945,2,False,running
88434632b5,formation_7_smooth_bypass,199,39.8,1784501800,smooth_adaptive_clusters,finish_first,r05,r05,True,center,member,local,1,3,11.39363,0.20558,-0.09356,0.38,0.0,1000,1000,-165,326,0,0,0000,---,False,0.37834,-0.0355,0.38,0.0,11.83413,0.16424,path_to_final_target,w,"$1,0,0,0,0,0,0,0,0#",20000,20000,Set tank.c app_speed/duty level to the logged pwm before sending the move key/protocol command; e=stop.,12.31489,32.8805,5,3,0,0.12277,-0.05963,0.69082,11.72014,0.02027,0.2806,12.0646,11.7201,0.30641,14,-0.0596,9,0,233.36427,87.33591,0.2216,0.2945,2,False,running
88434632b5,formation_7_smooth_bypass,199,39.8,1784501800,smooth_adaptive_clusters,finish_first,r06,r06,True,center,member,local,1,3,11.97831,0.20563,-0.1329,0.38,0.0,1000,1000,-164,384,0,0,0000,---,False,0.37665,-0.05035,0.38,0.0,12.41684,0.147,path_to_final_target,w,"$1,0,0,0,0,0,0,0,0#",20000,20000,Set tank.c app_speed/duty level to the logged pwm before sending the move key/protocol command; e=stop.,12.24003,32.90175,4,8,0,0.10464,-0.02012,0.48741,11.72014,0.02027,0.2806,12.0646,11.7201,0.30641,14,-0.0596,9,0,233.36427,87.33591,0.2216,0.2945,2,False,running
88434632b5,formation_7_smooth_bypass,199,39.8,1784501800,smooth_adaptive_clusters,finish_first,r07,r07,True,rejoined,arrived,local,1,3,11.52478,0.46796,-0.16074,0.0,0.0,0,0,-158,343,0,0,0000,-G-,False,0.0,0.0,0.0,0.0,11.51143,0.47013,target_reached,e,"$0,0,0,0,0,0,0,0,0#",0,0,Set tank.c app_speed/duty level to the logged pwm before sending the move key/protocol command; e=stop.,12.19004,32.38618,2,3,0,0.12725,-0.02012,0.01352,11.72014,0.02027,0.2806,12.0646,11.7201,0.30641,14,-0.0596,9,0,233.36427,87.33591,0.2216,0.2945,2,False,running
88434632b5,formation_7_smooth_bypass,200,40.0,1784502000,smooth_adaptive_clusters,finish_first,r01,r01,True,rejoined,arrived,local,1,3,12.10135,-0.52127,-0.20423,0.08294,0.0,218,218,-170,395,0,0,0000,-G-,False,0.0,0.0,0.08294,0.0,12.08143,-0.51714,target_reached,w,"$1,0,0,0,0,0,0,0,0#",4000,4000,Set tank.c app_speed/duty level to the logged pwm before sending the move key/protocol command; e=stop.,12.86164,34.25098,0,3,0,0.13143,0.0497,0.02034,11.76075,0.0172,0.2399,12.1053,11.7608,0.27518,13,-0.0596,9,0,234.13161,87.62158,0.204,0.294,2,False,running
88434632b5,formation_7_smooth_bypass,200,40.0,1784502000,smooth_adaptive_clusters,finish_first,r02,r02,True,center,member,local,1,3,11.80809,-0.19091,0.03427,0.20541,-0.0,541,541,-179,366,0,0,0000,---,False,0.20529,0.00704,0.20541,-0.0,11.89141,-0.18805,cached_path_to_final_target,w,"$1,0,0,0,0,0,0,0,0#",11000,11000,Set tank.c app_speed/duty level to the logged pwm before sending the move key/protocol command; e=stop.,12.50642,33.51238,2,5,0,0.13817,-0.01048,0.08339,11.76075,0.0172,0.2399,12.1053,11.7608,0.27518,13,-0.0596,9,0,234.13161,87.62158,0.204,0.294,2,False,running
88434632b5,formation_7_smooth_bypass,200,40.0,1784502000,smooth_adaptive_clusters,finish_first,r03,r03,True,rejoined,arrived,local,0,3,12.27969,-0.1895,-0.17321,0.0,0.0,0,0,0,-1,0,0,0000,-G-,False,0.0,0.0,0.0,0.0,12.27143,-0.18805,target_reached,e,"$0,0,0,0,0,0,0,0,0#",0,0,Set tank.c app_speed/duty level to the logged pwm before sending the move key/protocol command; e=stop.,12.9275,34.41327,0,3,0,0.10387,0.0497,0.00839,11.76075,0.0172,0.2399,12.1053,11.7608,0.27518,13,-0.0596,9,0,234.13161,87.62158,0.204,0.294,2,False,running
88434632b5,formation_7_smooth_bypass,200,40.0,1784502000,smooth_adaptive_clusters,finish_first,r04,r04,True,center,member,local,1,3,11.08843,0.16011,-0.0311,0.38,0.0,1000,1000,-168,295,0,0,0000,---,False,0.37982,-0.01181,0.38,0.0,11.53065,0.14635,cached_path_to_final_target,w,"$1,0,0,0,0,0,0,0,0#",20000,20000,Set tank.c app_speed/duty level to the logged pwm before sending the move key/protocol command; e=stop.,12.42906,33.3835,5,3,0,0.31329,-0.05963,0.61329,11.76075,0.0172,0.2399,12.1053,11.7608,0.27518,13,-0.0596,9,0,234.13161,87.62158,0.204,0.294,2,False,running
88434632b5,formation_7_smooth_bypass,200,40.0,1784502000,smooth_adaptive_clusters,finish_first,r05,r05,True,center,member,local,1,3,11.4693,0.19848,-0.09356,0.38,0.0,1000,1000,-165,333,0,0,0000,---,False,0.37834,-0.0355,0.38,0.0,11.90979,0.15714,cached_path_to_final_target,w,"$1,0,0,0,0,0,0,0,0#",20000,20000,Set tank.c app_speed/duty level to the logged pwm before sending the move key/protocol command; e=stop.,12.39089,33.08202,5,4,0,0.12277,-0.05963,0.61482,11.76075,0.0172,0.2399,12.1053,11.7608,0.27518,13,-0.0596,9,0,234.13161,87.62158,0.204,0.294,2,False,running
88434632b5,formation_7_smooth_bypass,200,40.0,1784502000,smooth_adaptive_clusters,finish_first,r06,r06,True,center,member,local,1,3,12.05364,0.19555,-0.1329,0.38,0.0,1000,1000,-164,392,0,0,0000,---,False,0.37665,-0.05035,0.38,0.0,12.44805,0.14283,cached_path_to_final_target,w,"$1,0,0,0,0,0,0,0,0#",20000,20000,Set tank.c app_speed/duty level to the logged pwm before sending the move key/protocol command; e=stop.,12.31603,33.10327,4,8,0,0.10464,-0.02012,0.41141,11.76075,0.0172,0.2399,12.1053,11.7608,0.27518,13,-0.0596,9,0,234.13161,87.62158,0.204,0.294,2,False,running
88434632b5,formation_7_smooth_bypass,200,40.0,1784502000,smooth_adaptive_clusters,finish_first,r07,r07,True,rejoined,arrived,local,1,3,11.52478,0.46796,-0.16074,0.0,0.0,0,0,-158,343,0,0,0000,-G-,False,0.0,0.0,0.0,0.0,11.51143,0.47013,target_reached,e,"$0,0,0,0,0,0,0,0,0#",0,0,Set tank.c app_speed/duty level to the logged pwm before sending the move key/protocol command; e=stop.,12.19004,32.38618,2,4,0,0.12725,-0.02012,0.01352,11.76075,0.0172,0.2399,12.1053,11.7608,0.27518,13,-0.0596,9,0,234.13161,87.62158,0.204,0.294,2,False,running
88434632b5,formation_7_smooth_bypass,201,40.2,1784502200,smooth_adaptive_clusters,finish_first,r01,r01,True,rejoined,arrived,local,1,3,12.10135,-0.52127,-0.20423,0.0,0.0,0,0,-170,395,0,0,0000,-G-,False,0.0,0.0,0.0,0.0,12.08143,-0.51714,target_reached,e,"$0,0,0,0,0,0,0,0,0#",0,0,Set tank.c app_speed/duty level to the logged pwm before sending the move key/protocol command; e=stop.,12.86164,34.25762,0,3,0,0.13143,0.0497,0.02034,11.7959,0.01451,0.2046,12.1405,11.7959,0.24095,12,-0.0596,9,0,234.80218,87.86866,0.1765,0.2934,2,False,running
88434632b5,formation_7_smooth_bypass,201,40.2,1784502200,smooth_adaptive_clusters,finish_first,r02,r02,True,center,arrived,local,1,3,11.82716,-0.19025,0.03427,0.09541,0.0,251,251,-179,368,0,0,0000,-G-,False,0.0,0.0,0.09541,0.0,11.89142,-0.18805,target_reached,w,"$1,0,0,0,0,0,0,0,0#",5000,5000,Set tank.c app_speed/duty level to the logged pwm before sending the move key/protocol command; e=stop.,12.52551,33.57176,2,5,0,0.13817,-0.01048,0.06431,11.7959,0.01451,0.2046,12.1405,11.7959,0.24095,12,-0.0596,9,0,234.80218,87.86866,0.1765,0.2934,2,False,running
88434632b5,formation_7_smooth_bypass,201,40.2,1784502200,smooth_adaptive_clusters,finish_first,r03,r03,True,rejoined,arrived,local,0,3,12.27969,-0.1895,-0.17321,0.0,0.0,0,0,0,-1,0,0,0000,-G-,False,0.0,0.0,0.0,0.0,12.27143,-0.18805,target_reached,e,"$0,0,0,0,0,0,0,0,0#",0,0,Set tank.c app_speed/duty level to the logged pwm before sending the move key/protocol command; e=stop.,12.9275,34.41327,0,3,0,0.10387,0.0497,0.00839,11.7959,0.01451,0.2046,12.1405,11.7959,0.24095,12,-0.0596,9,0,234.80218,87.86866,0.1765,0.2934,2,False,running
88434632b5,formation_7_smooth_bypass,201,40.2,1784502200,smooth_adaptive_clusters,finish_first,r04,r04,True,center,member,local,1,3,11.16439,0.15774,-0.0311,0.38,0.0,1000,1000,-169,303,0,0,0000,---,False,0.37982,-0.01181,0.38,0.0,11.60661,0.14399,cached_path_to_final_target,w,"$1,0,0,0,0,0,0,0,0#",20000,20000,Set tank.c app_speed/duty level to the logged pwm before sending the move key/protocol command; e=stop.,12.50506,33.58502,5,3,0,0.31329,-0.05963,0.53729,11.7959,0.01451,0.2046,12.1405,11.7959,0.24095,12,-0.0596,9,0,234.80218,87.86866,0.1765,0.2934,2,False,running
88434632b5,formation_7_smooth_bypass,201,40.2,1784502200,smooth_adaptive_clusters,finish_first,r05,r05,True,center,member,local,1,3,11.54497,0.19138,-0.09356,0.38,0.0,1000,1000,-165,341,0,0,0000,---,False,0.37834,-0.0355,0.38,0.0,11.98546,0.15004,cached_path_to_final_target,w,"$1,0,0,0,0,0,0,0,0#",20000,20000,Set tank.c app_speed/duty level to the logged pwm before sending the move key/protocol command; e=stop.,12.46689,33.28354,5,4,0,0.12277,-0.05963,0.53882,11.7959,0.01451,0.2046,12.1405,11.7959,0.24095,12,-0.0596,9,0,234.80218,87.86866,0.1765,0.2934,2,False,running
88434632b5,formation_7_smooth_bypass,201,40.2,1784502200,smooth_adaptive_clusters,finish_first,r06,r06,True,center,member,local,1,3,12.12897,0.18548,-0.1329,0.38,0.0,1000,1000,-165,399,0,0,0000,---,False,0.37665,-0.05035,0.38,0.0,12.45742,0.14157,cached_path_to_final_target,w,"$1,0,0,0,0,0,0,0,0#",20000,20000,Set tank.c app_speed/duty level to the logged pwm before sending the move key/protocol command; e=stop.,12.39203,33.30479,4,8,0,0.10464,-0.02012,0.33541,11.7959,0.01451,0.2046,12.1405,11.7959,0.24095,12,-0.0596,9,0,234.80218,87.86866,0.1765,0.2934,2,False,running
88434632b5,formation_7_smooth_bypass,201,40.2,1784502200,smooth_adaptive_clusters,finish_first,r07,r07,True,rejoined,arrived,local,1,3,11.52478,0.46796,-0.16074,0.0,0.0,0,0,-158,343,0,0,0000,-G-,False,0.0,0.0,0.0,0.0,11.51143,0.47013,target_reached,e,"$0,0,0,0,0,0,0,0,0#",0,0,Set tank.c app_speed/duty level to the logged pwm before sending the move key/protocol command; e=stop.,12.19004,32.38618,2,4,0,0.12725,-0.02012,0.01352,11.7959,0.01451,0.2046,12.1405,11.7959,0.24095,12,-0.0596,9,0,234.80218,87.86866,0.1765,0.2934,2,False,running
88434632b5,formation_7_smooth_bypass,202,40.4,1784502400,smooth_adaptive_clusters,finish_first,r01,r01,True,rejoined,arrived,local,1,3,12.10135,-0.52127,-0.20423,0.0,0.0,0,0,-170,395,0,0,0000,-G-,False,0.0,0.0,0.0,0.0,12.08143,-0.51714,target_reached,e,"$0,0,0,0,0,0,0,0,0#",0,0,Set tank.c app_speed/duty level to the logged pwm before sending the move key/protocol command; e=stop.,12.86164,34.25762,0,3,0,0.13143,0.0497,0.02034,11.82832,0.01172,0.1721,12.1731,11.8283,0.20598,10,-0.0596,9,0,235.41438,88.09666,0.1629,0.2928,2,False,running
88434632b5,formation_7_smooth_bypass,202,40.4,1784502400,smooth_adaptive_clusters,finish_first,r02,r02,True,rejoined,arrived,local,1,3,11.82716,-0.19025,0.03427,0.0,0.0,0,0,-179,368,0,0,0000,-G-,False,0.0,0.0,0.0,0.0,11.89143,-0.18805,target_reached,e,"$0,0,0,0,0,0,0,0,0#",0,0,Set tank.c app_speed/duty level to the logged pwm before sending the move key/protocol command; e=stop.,12.52551,33.57939,2,5,0,0.13817,-0.01048,0.06431,11.82832,0.01172,0.1721,12.1731,11.8283,0.20598,10,-0.0596,9,0,235.41438,88.09666,0.1629,0.2928,2,False,running
88434632b5,formation_7_smooth_bypass,202,40.4,1784502400,smooth_adaptive_clusters,finish_first,r03,r03,True,rejoined,arrived,local,0,3,12.27969,-0.1895,-0.17321,0.0,0.0,0,0,0,-1,0,0,0000,-G-,False,0.0,0.0,0.0,0.0,12.27143,-0.18805,target_reached,e,"$0,0,0,0,0,0,0,0,0#",0,0,Set tank.c app_speed/duty level to the logged pwm before sending the move key/protocol command; e=stop.,12.9275,34.41327,0,3,0,0.10387,0.0497,0.00839,11.82832,0.01172,0.1721,12.1731,11.8283,0.20598,10,-0.0596,9,0,235.41438,88.09666,0.1629,0.2928,2,False,running
88434632b5,formation_7_smooth_bypass,202,40.4,1784502400,smooth_adaptive_clusters,finish_first,r04,r04,True,center,member,local,1,3,11.24036,0.15538,-0.0311,0.38,0.0,1000,1000,-169,310,0,0,0000,---,False,0.37982,-0.01181,0.38,0.0,11.67298,0.14192,path_to_final_target,w,"$1,0,0,0,0,0,0,0,0#",20000,20000,Set tank.c app_speed/duty level to the logged pwm before sending the move key/protocol command; e=stop.,12.58106,33.78654,5,3,0,0.31329,-0.05963,0.46129,11.82832,0.01172,0.1721,12.1731,11.8283,0.20598,10,-0.0596,9,0,235.41438,88.09666,0.1629,0.2928,2,False,running
88434632b5,formation_7_smooth_bypass,202,40.4,1784502400,smooth_adaptive_clusters,finish_first,r05,r05,True,center,member,local,1,3,11.62064,0.18428,-0.09356,0.38,0.0,1000,1000,-166,348,0,0,0000,---,False,0.37834,-0.0355,0.38,0.0,12.05264,0.14374,path_to_final_target,w,"$1,0,0,0,0,0,0,0,0#",20000,20000,Set tank.c app_speed/duty level to the logged pwm before sending the move key/protocol command; e=stop.,12.54289,33.48506,5,4,0,0.12277,-0.05963,0.46282,11.82832,0.01172,0.1721,12.1731,11.8283,0.20598,10,-0.0596,9,0,235.41438,88.09666,0.1629,0.2928,2,False,running
88434632b5,formation_7_smooth_bypass,202,40.4,1784502400,smooth_adaptive_clusters,finish_first,r06,r06,True,center,member,local,1,3,12.2043,0.17541,-0.1329,0.38,0.0,1000,1000,-165,407,0,0,0000,---,False,0.37665,-0.05035,0.38,0.0,12.46022,0.1412,path_to_final_target,w,"$1,0,0,0,0,0,0,0,0#",20000,20000,Set tank.c app_speed/duty level to the logged pwm before sending the move key/protocol command; e=stop.,12.46803,33.50631,4,8,0,0.10464,-0.02012,0.25941,11.82832,0.01172,0.1721,12.1731,11.8283,0.20598,10,-0.0596,9,0,235.41438,88.09666,0.1629,0.2928,2,False,running
88434632b5,formation_7_smooth_bypass,202,40.4,1784502400,smooth_adaptive_clusters,finish_first,r07,r07,True,rejoined,arrived,local,1,3,11.52478,0.46796,-0.16074,0.0,0.0,0,0,-158,343,0,0,0000,-G-,False,0.0,0.0,0.0,0.0,11.51143,0.47013,target_reached,e,"$0,0,0,0,0,0,0,0,0#",0,0,Set tank.c app_speed/duty level to the logged pwm before sending the move key/protocol command; e=stop.,12.19004,32.38618,2,4,0,0.12725,-0.02012,0.01352,11.82832,0.01172,0.1721,12.1731,11.8283,0.20598,10,-0.0596,9,0,235.41438,88.09666,0.1629,0.2928,2,False,running
88434632b5,formation_7_smooth_bypass,203,40.6,1784502600,smooth_adaptive_clusters,finish_first,r01,r01,True,rejoined,arrived,local,1,3,12.10135,-0.52127,-0.20423,0.0,0.0,0,0,-170,395,0,0,0000,-G-,False,0.0,0.0,0.0,0.0,12.08143,-0.51714,target_reached,e,"$0,0,0,0,0,0,0,0,0#",0,0,Set tank.c app_speed/duty level to the logged pwm before sending the move key/protocol command; e=stop.,12.86164,34.25762,0,3,0,0.13143,0.0497,0.02034,11.86075,0.00893,0.1395,12.2056,11.8607,0.17225,9,-0.0596,9,0,236.01894,88.32466,0.1629,0.2921,2,False,running
88434632b5,formation_7_smooth_bypass,203,40.6,1784502600,smooth_adaptive_clusters,finish_first,r02,r02,True,rejoined,arrived,local,1,3,11.82716,-0.19025,0.03427,0.0,0.0,0,0,-179,368,0,0,0000,-G-,False,0.0,0.0,0.0,0.0,11.89143,-0.18805,target_reached,e,"$0,0,0,0,0,0,0,0,0#",0,0,Set tank.c app_speed/duty level to the logged pwm before sending the move key/protocol command; e=stop.,12.52551,33.57939,2,5,0,0.13817,-0.01048,0.06431,11.86075,0.00893,0.1395,12.2056,11.8607,0.17225,9,-0.0596,9,0,236.01894,88.32466,0.1629,0.2921,2,False,running
88434632b5,formation_7_smooth_bypass,203,40.6,1784502600,smooth_adaptive_clusters,finish_first,r03,r03,True,rejoined,arrived,local,0,3,12.27969,-0.1895,-0.17321,0.0,0.0,0,0,0,-1,0,0,0000,-G-,False,0.0,0.0,0.0,0.0,12.27143,-0.18805,target_reached,e,"$0,0,0,0,0,0,0,0,0#",0,0,Set tank.c app_speed/duty level to the logged pwm before sending the move key/protocol command; e=stop.,12.9275,34.41327,0,3,0,0.10387,0.0497,0.00839,11.86075,0.00893,0.1395,12.2056,11.8607,0.17225,9,-0.0596,9,0,236.01894,88.32466,0.1629,0.2921,2,False,running
88434632b5,formation_7_smooth_bypass,203,40.6,1784502600,smooth_adaptive_clusters,finish_first,r04,r04,True,center,member,local,1,3,11.31632,0.15302,-0.0311,0.38,0.0,1000,1000,-169,318,0,0,1000,---,False,0.37982,-0.01181,0.38,0.0,11.69289,0.1413,cached_path_to_final_target,w,"$1,0,0,0,0,0,0,0,0#",20000,20000,Set tank.c app_speed/duty level to the logged pwm before sending the move key/protocol command; e=stop.,12.65706,33.98806,5,3,0,0.31329,-0.05963,0.38529,11.86075,0.00893,0.1395,12.2056,11.8607,0.17225,9,-0.0596,9,0,236.01894,88.32466,0.1629,0.2921,2,False,running
88434632b5,formation_7_smooth_bypass,203,40.6,1784502600,smooth_adaptive_clusters,finish_first,r05,r05,True,center,member,local,1,3,11.6963,0.17718,-0.09356,0.38,0.0,1000,1000,-166,356,0,0,0000,---,False,0.37834,-0.0355,0.38,0.0,12.07279,0.14185,cached_path_to_final_target,w,"$1,0,0,0,0,0,0,0,0#",20000,20000,Set tank.c app_speed/duty level to the logged pwm before sending the move key/protocol command; e=stop.,12.61889,33.68658,5,4,0,0.12277,-0.05963,0.38682,11.86075,0.00893,0.1395,12.2056,11.8607,0.17225,9,-0.0596,9,0,236.01894,88.32466,0.1629,0.2921,2,False,running
88434632b5,formation_7_smooth_bypass,203,40.6,1784502600,smooth_adaptive_clusters,finish_first,r06,r06,True,center,member,local,0,3,12.27963,0.16534,-0.1329,0.38,0.0,1000,1000,0,-1,0,0,0000,---,False,0.37665,-0.05035,0.38,0.0,12.46107,0.14109,cached_path_to_final_target,w,"$1,0,0,0,0,0,0,0,0#",20000,20000,Set tank.c app_speed/duty level to the logged pwm before sending the move key/protocol command; e=stop.,12.54403,33.70783,4,8,0,0.10464,-0.02012,0.18341,11.86075,0.00893,0.1395,12.2056,11.8607,0.17225,9,-0.0596,9,0,236.01894,88.32466,0.1629,0.2921,2,False,running
88434632b5,formation_7_smooth_bypass,203,40.6,1784502600,smooth_adaptive_clusters,finish_first,r07,r07,True,rejoined,arrived,local,1,3,11.52478,0.46796,-0.16074,0.0,0.0,0,0,-158,343,0,0,0000,-G-,False,0.0,0.0,0.0,0.0,11.51143,0.47013,target_reached,e,"$0,0,0,0,0,0,0,0,0#",0,0,Set tank.c app_speed/duty level to the logged pwm before sending the move key/protocol command; e=stop.,12.19004,32.38618,2,4,0,0.12725,-0.02012,0.01352,11.86075,0.00893,0.1395,12.2056,11.8607,0.17225,9,-0.0596,9,0,236.01894,88.32466,0.1629,0.2921,2,False,running
88434632b5,formation_7_smooth_bypass,204,40.8,1784502800,smooth_adaptive_clusters,finish_first,r01,r01,True,rejoined,arrived,local,1,3,12.10135,-0.52127,-0.20423,0.0,0.0,0,0,-170,395,0,0,0000,-G-,False,0.0,0.0,0.0,0.0,12.08143,-0.51714,target_reached,e,"$0,0,0,0,0,0,0,0,0#",0,0,Set tank.c app_speed/duty level to the logged pwm before sending the move key/protocol command; e=stop.,12.86164,34.25762,0,3,0,0.13143,0.0497,0.02034,11.89211,0.00628,0.1081,12.2371,11.8921,0.14008,9,-0.0596,9,0,236.60654,88.54517,0.1575,0.2915,2,False,running
88434632b5,formation_7_smooth_bypass,204,40.8,1784502800,smooth_adaptive_clusters,finish_first,r02,r02,True,rejoined,arrived,local,1,3,11.82716,-0.19025,0.03427,0.0,0.0,0,0,-179,368,0,0,0000,-G-,False,0.0,0.0,0.0,0.0,11.89143,-0.18805,target_reached,e,"$0,0,0,0,0,0,0,0,0#",0,0,Set tank.c app_speed/duty level to the logged pwm before sending the move key/protocol command; e=stop.,12.52551,33.57939,2,5,0,0.13817,-0.01048,0.06431,11.89211,0.00628,0.1081,12.2371,11.8921,0.14008,9,-0.0596,9,0,236.60654,88.54517,0.1575,0.2915,2,False,running
88434632b5,formation_7_smooth_bypass,204,40.8,1784502800,smooth_adaptive_clusters,finish_first,r03,r03,True,rejoined,arrived,local,0,3,12.27969,-0.1895,-0.17321,0.0,0.0,0,0,0,-1,0,0,0000,-G-,False,0.0,0.0,0.0,0.0,12.27143,-0.18805,target_reached,e,"$0,0,0,0,0,0,0,0,0#",0,0,Set tank.c app_speed/duty level to the logged pwm before sending the move key/protocol command; e=stop.,12.9275,34.41327,0,3,0,0.10387,0.0497,0.00839,11.89211,0.00628,0.1081,12.2371,11.8921,0.14008,9,-0.0596,9,0,236.60654,88.54517,0.1575,0.2915,2,False,running
88434632b5,formation_7_smooth_bypass,204,40.8,1784502800,smooth_adaptive_clusters,finish_first,r04,r04,True,center,member,local,1,3,11.39228,0.15065,-0.0311,0.38,0.0,1000,1000,-169,325,0,0,1000,---,False,0.37982,-0.01181,0.38,0.0,11.69887,0.14112,cached_path_to_final_target,w,"$1,0,0,0,0,0,0,0,0#",20000,20000,Set tank.c app_speed/duty level to the logged pwm before sending the move key/protocol command; e=stop.,12.73306,34.18958,5,3,0,0.31329,-0.05963,0.30929,11.89211,0.00628,0.1081,12.2371,11.8921,0.14008,9,-0.0596,9,0,236.60654,88.54517,0.1575,0.2915,2,False,running
88434632b5,formation_7_smooth_bypass,204,40.8,1784502800,smooth_adaptive_clusters,finish_first,r05,r05,True,center,member,local,1,3,11.77197,0.17008,-0.09356,0.38,0.0,1000,1000,-166,363,0,0,0000,---,False,0.37834,-0.0355,0.38,0.0,12.07884,0.14128,cached_path_to_final_target,w,"$1,0,0,0,0,0,0,0,0#",20000,20000,Set tank.c app_speed/duty level to the logged pwm before sending the move key/protocol command; e=stop.,12.69489,33.8881,5,4,0,0.12277,-0.05963,0.31082,11.89211,0.00628,0.1081,12.2371,11.8921,0.14008,9,-0.0596,9,0,236.60654,88.54517,0.1575,0.2915,2,False,running
88434632b5,formation_7_smooth_bypass,204,40.8,1784502800,smooth_adaptive_clusters,finish_first,r06,r06,True,center,member,local,0,3,12.34754,0.15626,-0.1329,0.34254,0.0,901,901,0,-1,0,0,0000,---,False,0.33952,-0.04539,0.34254,0.0,12.46132,0.14105,cached_path_to_final_target,w,"$1,0,0,0,0,0,0,0,0#",18000,18000,Set tank.c app_speed/duty level to the logged pwm before sending the move key/protocol command; e=stop.,12.61254,33.8924,4,8,0,0.10464,-0.02012,0.11491,11.89211,0.00628,0.1081,12.2371,11.8921,0.14008,9,-0.0596,9,0,236.60654,88.54517,0.1575,0.2915,2,False,running
88434632b5,formation_7_smooth_bypass,204,40.8,1784502800,smooth_adaptive_clusters,finish_first,r07,r07,True,rejoined,arrived,local,1,3,11.52478,0.46796,-0.16074,0.0,0.0,0,0,-158,343,0,0,0000,-G-,False,0.0,0.0,0.0,0.0,11.51143,0.47013,target_reached,e,"$0,0,0,0,0,0,0,0,0#",0,0,Set tank.c app_speed/duty level to the logged pwm before sending the move key/protocol command; e=stop.,12.19004,32.38618,2,4,0,0.12725,-0.02012,0.01352,11.89211,0.00628,0.1081,12.2371,11.8921,0.14008,9,-0.0596,9,0,236.60654,88.54517,0.1575,0.2915,2,False,running
88434632b5,formation_7_smooth_bypass,205,41.0,1784503000,smooth_adaptive_clusters,finish_first,r01,r01,True,rejoined,arrived,local,1,3,12.10135,-0.52127,-0.20423,0.0,0.0,0,0,-170,395,0,0,0000,-G-,False,0.0,0.0,0.0,0.0,12.08143,-0.51714,target_reached,e,"$0,0,0,0,0,0,0,0,0#",0,0,Set tank.c app_speed/duty level to the logged pwm before sending the move key/protocol command; e=stop.,12.86164,34.25762,0,3,0,0.13143,0.0497,0.02034,11.9226,0.00375,0.0775,12.2677,11.9226,0.11001,7,-0.0596,9,0,237.1773,88.75951,0.1531,0.2908,2,False,running
88434632b5,formation_7_smooth_bypass,205,41.0,1784503000,smooth_adaptive_clusters,finish_first,r02,r02,True,rejoined,arrived,local,1,3,11.82716,-0.19025,0.03427,0.0,0.0,0,0,-179,368,0,0,0000,-G-,False,0.0,0.0,0.0,0.0,11.89143,-0.18805,target_reached,e,"$0,0,0,0,0,0,0,0,0#",0,0,Set tank.c app_speed/duty level to the logged pwm before sending the move key/protocol command; e=stop.,12.52551,33.57939,2,5,0,0.13817,-0.01048,0.06431,11.9226,0.00375,0.0775,12.2677,11.9226,0.11001,7,-0.0596,9,0,237.1773,88.75951,0.1531,0.2908,2,False,running
88434632b5,formation_7_smooth_bypass,205,41.0,1784503000,smooth_adaptive_clusters,finish_first,r03,r03,True,rejoined,arrived,local,0,3,12.27969,-0.1895,-0.17321,0.0,0.0,0,0,0,-1,0,0,0000,-G-,False,0.0,0.0,0.0,0.0,12.27143,-0.18805,target_reached,e,"$0,0,0,0,0,0,0,0,0#",0,0,Set tank.c app_speed/duty level to the logged pwm before sending the move key/protocol command; e=stop.,12.9275,34.41327,0,3,0,0.10387,0.0497,0.00839,11.9226,0.00375,0.0775,12.2677,11.9226,0.11001,7,-0.0596,9,0,237.1773,88.75951,0.1531,0.2908,2,False,running
88434632b5,formation_7_smooth_bypass,205,41.0,1784503000,smooth_adaptive_clusters,finish_first,r04,r04,True,center,member,local,1,3,11.46825,0.14829,-0.0311,0.38,0.0,1000,1000,-170,333,0,0,1000,---,False,0.37982,-0.01181,0.38,0.0,11.70066,0.14106,path_to_final_target,w,"$1,0,0,0,0,0,0,0,0#",20000,20000,Set tank.c app_speed/duty level to the logged pwm before sending the move key/protocol command; e=stop.,12.80906,34.3911,5,3,0,0.31329,-0.05963,0.23329,11.9226,0.00375,0.0775,12.2677,11.9226,0.11001,7,-0.0596,9,0,237.1773,88.75951,0.1531,0.2908,2,False,running
88434632b5,formation_7_smooth_bypass,205,41.0,1784503000,smooth_adaptive_clusters,finish_first,r05,r05,True,center,member,local,1,3,11.84764,0.16298,-0.09356,0.38,0.0,1000,1000,-167,371,0,0,0000,---,False,0.37834,-0.0355,0.38,0.0,12.08065,0.14111,path_to_final_target,w,"$1,0,0,0,0,0,0,0,0#",20000,20000,Set tank.c app_speed/duty level to the logged pwm before sending the move key/protocol command; e=stop.,12.77089,34.08962,5,4,0,0.12277,-0.05963,0.23482,11.9226,0.00375,0.0775,12.2677,11.9226,0.11001,7,-0.0596,9,0,237.1773,88.75951,0.1531,0.2908,2,False,running
88434632b5,formation_7_smooth_bypass,205,41.0,1784503000,smooth_adaptive_clusters,finish_first,r06,r06,True,center,member,local,0,3,12.40933,0.148,-0.1329,0.31171,0.0,820,820,0,-1,0,0,1000,---,False,0.30896,-0.0413,0.31171,0.0,12.4614,0.14104,path_to_final_target,w,"$1,0,0,0,0,0,0,0,0#",16000,16000,Set tank.c app_speed/duty level to the logged pwm before sending the move key/protocol command; e=stop.,12.67488,34.06012,4,8,0,0.10464,-0.02012,0.05256,11.9226,0.00375,0.0775,12.2677,11.9226,0.11001,7,-0.0596,9,0,237.1773,88.75951,0.1531,0.2908,2,False,running
88434632b5,formation_7_smooth_bypass,205,41.0,1784503000,smooth_adaptive_clusters,finish_first,r07,r07,True,rejoined,arrived,local,1,3,11.52478,0.46796,-0.16074,0.0,0.0,0,0,-158,343,0,0,0000,-G-,False,0.0,0.0,0.0,0.0,11.51143,0.47013,target_reached,e,"$0,0,0,0,0,0,0,0,0#",0,0,Set tank.c app_speed/duty level to the logged pwm before sending the move key/protocol command; e=stop.,12.19004,32.38618,2,4,0,0.12725,-0.02012,0.01352,11.9226,0.00375,0.0775,12.2677,11.9226,0.11001,7,-0.0596,9,0,237.1773,88.75951,0.1531,0.2908,2,False,running
88434632b5,formation_7_smooth_bypass,206,41.2,1784503200,smooth_adaptive_clusters,finish_first,r01,r01,True,rejoined,arrived,local,1,3,12.10135,-0.52127,-0.20423,0.0,0.0,0,0,-170,395,0,0,0000,-G-,False,0.0,0.0,0.0,0.0,12.08143,-0.51714,target_reached,e,"$0,0,0,0,0,0,0,0,0#",0,0,Set tank.c app_speed/duty level to the logged pwm before sending the move key/protocol command; e=stop.,12.86164,34.25762,0,3,0,0.13143,0.0497,0.02034,11.94997,0.00163,0.0501,12.2951,11.95,0.08008,6,-0.0596,9,0,237.69614,88.95185,0.1374,0.2913,2,True,success
88434632b5,formation_7_smooth_bypass,206,41.2,1784503200,smooth_adaptive_clusters,finish_first,r02,r02,True,rejoined,arrived,local,1,3,11.82716,-0.19025,0.03427,0.0,0.0,0,0,-179,368,0,0,0000,-G-,False,0.0,0.0,0.0,0.0,11.89143,-0.18805,target_reached,e,"$0,0,0,0,0,0,0,0,0#",0,0,Set tank.c app_speed/duty level to the logged pwm before sending the move key/protocol command; e=stop.,12.52551,33.57939,2,5,0,0.13817,-0.01048,0.06431,11.94997,0.00163,0.0501,12.2951,11.95,0.08008,6,-0.0596,9,0,237.69614,88.95185,0.1374,0.2913,2,True,success
88434632b5,formation_7_smooth_bypass,206,41.2,1784503200,smooth_adaptive_clusters,finish_first,r03,r03,True,rejoined,arrived,local,0,3,12.27969,-0.1895,-0.17321,0.0,0.0,0,0,0,-1,0,0,0000,-G-,False,0.0,0.0,0.0,0.0,12.27143,-0.18805,target_reached,e,"$0,0,0,0,0,0,0,0,0#",0,0,Set tank.c app_speed/duty level to the logged pwm before sending the move key/protocol command; e=stop.,12.9275,34.41327,0,3,0,0.10387,0.0497,0.00839,11.94997,0.00163,0.0501,12.2951,11.95,0.08008,6,-0.0596,9,0,237.69614,88.95185,0.1374,0.2913,2,True,success
88434632b5,formation_7_smooth_bypass,206,41.2,1784503200,smooth_adaptive_clusters,finish_first,r04,r04,True,center,member,local,1,3,11.54421,0.14593,-0.0311,0.38,0.0,1000,1000,-170,340,0,0,1000,---,False,0.37982,-0.01181,0.38,0.0,11.7012,0.14105,cached_path_to_final_target,w,"$1,0,0,0,0,0,0,0,0#",20000,20000,Set tank.c app_speed/duty level to the logged pwm before sending the move key/protocol command; e=stop.,12.88506,34.59262,5,3,0,0.31329,-0.05963,0.15729,11.94997,0.00163,0.0501,12.2951,11.95,0.08008,6,-0.0596,9,0,237.69614,88.95185,0.1374,0.2913,2,True,success
88434632b5,formation_7_smooth_bypass,206,41.2,1784503200,smooth_adaptive_clusters,finish_first,r05,r05,True,center,member,local,1,3,11.92331,0.15588,-0.09356,0.38,0.0,1000,1000,-167,378,0,0,0000,---,False,0.37834,-0.0355,0.38,0.0,12.0812,0.14106,cached_path_to_final_target,w,"$1,0,0,0,0,0,0,0,0#",20000,20000,Set tank.c app_speed/duty level to the logged pwm before sending the move key/protocol command; e=stop.,12.84689,34.29114,5,4,0,0.12277,-0.05963,0.15882,11.94997,0.00163,0.0501,12.2951,11.95,0.08008,6,-0.0596,9,0,237.69614,88.95185,0.1374,0.2913,2,True,success
88434632b5,formation_7_smooth_bypass,206,41.2,1784503200,smooth_adaptive_clusters,finish_first,r06,r06,True,center,arrived,local,0,3,12.44931,0.14266,-0.1329,0.20171,0.0,531,531,0,-1,0,0,1000,-G-,False,0.0,0.0,0.20171,0.0,12.46142,0.14104,target_reached,w,"$1,0,0,0,0,0,0,0,0#",11000,11000,Set tank.c app_speed/duty level to the logged pwm before sending the move key/protocol command; e=stop.,12.71522,34.17592,4,8,0,0.10464,-0.02012,0.01222,11.94997,0.00163,0.0501,12.2951,11.95,0.08008,6,-0.0596,9,0,237.69614,88.95185,0.1374,0.2913,2,True,success
88434632b5,formation_7_smooth_bypass,206,41.2,1784503200,smooth_adaptive_clusters,finish_first,r07,r07,True,rejoined,arrived,local,1,3,11.52478,0.46796,-0.16074,0.0,0.0,0,0,-158,343,0,0,0000,-G-,False,0.0,0.0,0.0,0.0,11.51143,0.47013,target_reached,e,"$0,0,0,0,0,0,0,0,0#",0,0,Set tank.c app_speed/duty level to the logged pwm before sending the move key/protocol command; e=stop.,12.19004,32.38618,2,4,0,0.12725,-0.02012,0.01352,11.94997,0.00163,0.0501,12.2951,11.95,0.08008,6,-0.0596,9,0,237.69614,88.95185,0.1374,0.2913,2,True,success
