mission_id,mission_name,step,time_s,ts_ms,algorithm,completion_policy,robot_id,robot_name,powered,cluster_id,role,perception_mode,visible_obstacle_count,known_obstacle_count,primary_x_m,primary_y_m,primary_theta_rad,primary_v_mps,primary_omega_radps,primary_pwr_left,primary_pwr_right,primary_sonic_angle_deg,primary_sonic_distance_cm,primary_camera_pan_deg,primary_camera_tilt_deg,primary_tracking_bits,primary_led,primary_buz,control_cmd_vx_mps,control_cmd_vy_mps,control_cmd_v_mps,control_cmd_omega_radps,control_target_x_m,control_target_y_m,control_reason,tank_key_command,tank_protocol_command,tank_pwm_left,tank_pwm_right,tank_command_note,agent_path_length_m,agent_energy_proxy,agent_collision_events,agent_near_miss_events,agent_lane_violations,agent_min_obstacle_clearance_m,agent_min_robot_clearance_m,agent_goal_distance_m,group_centroid_x_m,group_centroid_y_m,group_centroid_to_goal_m,group_centroid_path_m,group_effective_centroid_length_m,group_formation_rms_m,group_formation_bad_pairs,group_min_clearance_m,group_collision_steps,group_lane_violations,group_total_energy_proxy,group_sum_agent_path_m,group_mean_instant_speed_mps,group_average_speed_mps,group_active_cluster_count,done,finish_reason
b326998ea4,formation_6_dynamic_popup,0,0.0,1784462000,completion_astar,finish_first,r01,r01,True,main,member,local,1,0,-0.18,-0.31177,0.0,0.0,0.0,0,0,-2,359,0,0,0000,---,False,0.0,0.0,0.0,0.0,11.82,-0.31177,init,e,"$0,0,0,0,0,0,0,0,0#",0,0,Set tank.c app_speed/duty level to the logged pwm before sending the move key/protocol command; e=stop.,0.0,0.0,0,0,0,999.0,999.0,12.0,0.0,0.0,12.0,0.0,0.0,0.0,0,999.0,0,0,0.0,0.0,0.0,0.0,1,False,running
b326998ea4,formation_6_dynamic_popup,0,0.0,1784462000,completion_astar,finish_first,r02,r02,True,main,member,local,1,0,0.18,-0.31177,0.0,0.0,0.0,0,0,-2,323,0,0,0000,---,False,0.0,0.0,0.0,0.0,12.18,-0.31177,init,e,"$0,0,0,0,0,0,0,0,0#",0,0,Set tank.c app_speed/duty level to the logged pwm before sending the move key/protocol command; e=stop.,0.0,0.0,0,0,0,999.0,999.0,12.0,0.0,0.0,12.0,0.0,0.0,0.0,0,999.0,0,0,0.0,0.0,0.0,0.0,1,False,running
b326998ea4,formation_6_dynamic_popup,0,0.0,1784462000,completion_astar,finish_first,r03,r03,True,main,member,local,1,0,0.36,0.0,0.0,0.0,0.0,0,0,-7,306,0,0,0000,---,False,0.0,0.0,0.0,0.0,12.36,0.0,init,e,"$0,0,0,0,0,0,0,0,0#",0,0,Set tank.c app_speed/duty level to the logged pwm before sending the move key/protocol command; e=stop.,0.0,0.0,0,0,0,999.0,999.0,12.0,0.0,0.0,12.0,0.0,0.0,0.0,0,999.0,0,0,0.0,0.0,0.0,0.0,1,False,running
b326998ea4,formation_6_dynamic_popup,0,0.0,1784462000,completion_astar,finish_first,r04,r04,True,main,member,local,1,0,0.18,0.31177,0.0,0.0,0.0,0,0,-12,327,0,0,0000,---,False,0.0,0.0,0.0,0.0,12.18,0.31177,init,e,"$0,0,0,0,0,0,0,0,0#",0,0,Set tank.c app_speed/duty level to the logged pwm before sending the move key/protocol command; e=stop.,0.0,0.0,0,0,0,999.0,999.0,12.0,0.0,0.0,12.0,0.0,0.0,0.0,0,999.0,0,0,0.0,0.0,0.0,0.0,1,False,running
b326998ea4,formation_6_dynamic_popup,0,0.0,1784462000,completion_astar,finish_first,r05,r05,True,main,member,local,1,0,-0.18,0.31177,0.0,0.0,0.0,0,0,-11,363,0,0,0000,---,False,0.0,0.0,0.0,0.0,11.82,0.31177,init,e,"$0,0,0,0,0,0,0,0,0#",0,0,Set tank.c app_speed/duty level to the logged pwm before sending the move key/protocol command; e=stop.,0.0,0.0,0,0,0,999.0,999.0,12.0,0.0,0.0,12.0,0.0,0.0,0.0,0,999.0,0,0,0.0,0.0,0.0,0.0,1,False,running
b326998ea4,formation_6_dynamic_popup,0,0.0,1784462000,completion_astar,finish_first,r06,r06,True,main,member,local,1,0,-0.36,0.0,0.0,0.0,0.0,0,0,-6,378,0,0,0000,---,False,0.0,0.0,0.0,0.0,11.64,0.0,init,e,"$0,0,0,0,0,0,0,0,0#",0,0,Set tank.c app_speed/duty level to the logged pwm before sending the move key/protocol command; e=stop.,0.0,0.0,0,0,0,999.0,999.0,12.0,0.0,0.0,12.0,0.0,0.0,0.0,0,999.0,0,0,0.0,0.0,0.0,0.0,1,False,running
b326998ea4,formation_6_dynamic_popup,1,0.2,1784462200,completion_astar,finish_first,r01,r01,True,main,member,local,1,1,-0.18,-0.31177,0.0,0.0,0.0,0,0,-2,359,0,0,0000,---,False,0.0,0.0,0.0,0.0,-0.1033,-0.30494,path_to_final_target,e,"$0,0,0,0,0,0,0,0,0#",0,0,Set tank.c app_speed/duty level to the logged pwm before sending the move key/protocol command; e=stop.,0.0,0.0,0,0,0,3.59398,0.12753,12.0,0.01466,0.00022,11.9853,0.0147,0.0147,0.01198,0,0.1274,0,0,0.27139,0.088,0.0733,0.0733,1,False,running
b326998ea4,formation_6_dynamic_popup,1,0.2,1784462200,completion_astar,finish_first,r02,r02,True,main,member,local,1,1,0.20197,-0.31055,0.05547,0.11,0.27737,231,348,-5,321,0,0,0000,---,False,0.31007,0.03082,0.11,0.27737,0.25662,-0.30415,path_to_final_target,a,"$3,0,0,0,0,0,0,0,0#",5000,7000,Set tank.c app_speed/duty level to the logged pwm before sending the move key/protocol command; e=stop.,0.022,0.06991,0,0,0,3.21202,0.13698,11.97803,0.01466,0.00022,11.9853,0.0147,0.0147,0.01198,0,0.1274,0,0,0.27139,0.088,0.0733,0.0733,1,False,running
b326998ea4,formation_6_dynamic_popup,1,0.2,1784462200,completion_astar,finish_first,r03,r03,True,main,member,local,1,1,0.382,6e-05,0.00284,0.11,0.01422,286,292,-8,304,0,0,0000,---,False,0.3116,0.00158,0.11,0.01422,0.437,0.00039,path_to_final_target,w,"$1,0,0,0,0,0,0,0,0#",6000,6000,Set tank.c app_speed/duty level to the logged pwm before sending the move key/protocol command; e=stop.,0.022,0.06718,0,0,0,3.03834,0.13698,11.978,0.01466,0.00022,11.9853,0.0147,0.0147,0.01198,0,0.1274,0,0,0.27139,0.088,0.0733,0.0733,1,False,running
b326998ea4,formation_6_dynamic_popup,1,0.2,1784462200,completion_astar,finish_first,r04,r04,True,main,member,local,1,1,0.202,0.31177,0.0,0.11,0.0,289,289,-12,325,0,0,0000,---,False,0.3116,0.0,0.11,0.0,0.257,0.31177,path_to_final_target,w,"$1,0,0,0,0,0,0,0,0#",6000,6000,Set tank.c app_speed/duty level to the logged pwm before sending the move key/protocol command; e=stop.,0.022,0.06704,0,0,0,3.25116,0.13791,11.978,0.01466,0.00022,11.9853,0.0147,0.0147,0.01198,0,0.1274,0,0,0.27139,0.088,0.0733,0.0733,1,False,running
b326998ea4,formation_6_dynamic_popup,1,0.2,1784462200,completion_astar,finish_first,r05,r05,True,main,member,local,1,1,-0.18,0.31177,0.0,0.0,0.0,0,0,-11,363,0,0,0000,---,False,0.0,0.0,0.0,0.0,-0.103,0.31177,path_to_final_target,e,"$0,0,0,0,0,0,0,0,0#",0,0,Set tank.c app_speed/duty level to the logged pwm before sending the move key/protocol command; e=stop.,0.0,0.0,0,0,0,3.62916,0.12744,12.0,0.01466,0.00022,11.9853,0.0147,0.0147,0.01198,0,0.1274,0,0,0.27139,0.088,0.0733,0.0733,1,False,running
b326998ea4,formation_6_dynamic_popup,1,0.2,1784462200,completion_astar,finish_first,r06,r06,True,main,member,local,1,1,-0.338,5e-05,0.0023,0.11,0.01148,287,292,-6,376,0,0,0000,---,False,0.3116,0.00128,0.11,0.01148,-0.283,0.00032,path_to_final_target,w,"$1,0,0,0,0,0,0,0,0#",6000,6000,Set tank.c app_speed/duty level to the logged pwm before sending the move key/protocol command; e=stop.,0.022,0.06725,0,0,0,3.75716,0.12744,11.978,0.01466,0.00022,11.9853,0.0147,0.0147,0.01198,0,0.1274,0,0,0.27139,0.088,0.0733,0.0733,1,False,running
b326998ea4,formation_6_dynamic_popup,2,0.4,1784462400,completion_astar,finish_first,r01,r01,True,lower,member,local,1,1,-0.15803,-0.31068,0.04971,0.11,0.24855,237,342,-5,357,0,0,0000,---,False,0.31037,0.02762,0.11,0.24855,-0.02661,-0.29812,cached_path_to_final_target,a,"$3,0,0,0,0,0,0,0,0#",5000,7000,Set tank.c app_speed/duty level to the logged pwm before sending the move key/protocol command; e=stop.,0.022,0.06963,0,0,0,3.57201,0.11728,11.97803,0.0513,0.00107,11.9487,0.0513,0.0513,0.0238,0,0.1173,0,0,0.91138,0.308,0.1833,0.1282,2,False,running
b326998ea4,formation_6_dynamic_popup,2,0.4,1784462400,completion_astar,finish_first,r02,r02,True,lower,member,local,1,1,0.24581,-0.30688,0.08341,0.22,0.1397,550,608,-7,317,0,0,0000,---,False,0.30987,0.03277,0.22,0.1397,0.33326,-0.29666,cached_path_to_final_target,w,"$1,0,0,0,0,0,0,0,0#",11000,12000,Set tank.c app_speed/duty level to the logged pwm before sending the move key/protocol command; e=stop.,0.066,0.19677,0,0,0,3.16817,0.13405,11.93419,0.0513,0.00107,11.9487,0.0513,0.0513,0.0238,0,0.1173,0,0,0.91138,0.308,0.1833,0.1282,2,False,running
b326998ea4,formation_6_dynamic_popup,2,0.4,1784462400,completion_astar,finish_first,r03,r03,True,center,member,local,1,1,0.426,0.00025,0.00427,0.22,0.00715,577,580,-8,299,0,0,0000,---,False,0.3116,0.00168,0.22,0.00715,0.514,0.00078,cached_path_to_final_target,w,"$1,0,0,0,0,0,0,0,0#",12000,12000,Set tank.c app_speed/duty level to the logged pwm before sending the move key/protocol command; e=stop.,0.066,0.19263,0,0,0,2.99445,0.13405,11.934,0.0513,0.00107,11.9487,0.0513,0.0513,0.0238,0,0.1173,0,0,0.91138,0.308,0.1833,0.1282,2,False,running
b326998ea4,formation_6_dynamic_popup,2,0.4,1784462400,completion_astar,finish_first,r04,r04,True,center,member,local,1,1,0.246,0.31177,0.0,0.22,0.0,579,579,-12,321,0,0,0000,---,False,0.3116,0.0,0.22,0.0,0.334,0.31177,cached_path_to_final_target,w,"$1,0,0,0,0,0,0,0,0#",12000,12000,Set tank.c app_speed/duty level to the logged pwm before sending the move key/protocol command; e=stop.,0.066,0.19252,0,0,0,3.20768,0.13775,11.934,0.0513,0.00107,11.9487,0.0513,0.0513,0.0238,0,0.1173,0,0,0.91138,0.308,0.1833,0.1282,2,False,running
b326998ea4,formation_6_dynamic_popup,2,0.4,1784462400,completion_astar,finish_first,r05,r05,True,center,member,local,1,1,-0.158,0.31177,0.0,0.11,0.0,289,289,-11,361,0,0,0000,---,False,0.3116,0.0,0.11,0.0,-0.026,0.31177,cached_path_to_final_target,w,"$1,0,0,0,0,0,0,0,0#",6000,6000,Set tank.c app_speed/duty level to the logged pwm before sending the move key/protocol command; e=stop.,0.022,0.06704,0,0,0,3.60737,0.11792,11.978,0.0513,0.00107,11.9487,0.0513,0.0513,0.0238,0,0.1173,0,0,0.91138,0.308,0.1833,0.1282,2,False,running
b326998ea4,formation_6_dynamic_popup,2,0.4,1784462400,completion_astar,finish_first,r06,r06,True,center,member,local,1,1,-0.294,0.0002,0.00345,0.22,0.00577,578,580,-6,371,0,0,0000,---,False,0.3116,0.00136,0.22,0.00577,-0.206,0.00063,cached_path_to_final_target,w,"$1,0,0,0,0,0,0,0,0#",12000,12000,Set tank.c app_speed/duty level to the logged pwm before sending the move key/protocol command; e=stop.,0.066,0.19279,0,0,0,3.71323,0.11728,11.934,0.0513,0.00107,11.9487,0.0513,0.0513,0.0238,0,0.1173,0,0,0.91138,0.308,0.1833,0.1282,2,False,running
b326998ea4,formation_6_dynamic_popup,3,0.6,1784462600,completion_astar,finish_first,r01,r01,True,lower,member,local,1,1,-0.11415,-0.30744,0.07352,0.22,0.11905,554,604,-6,353,0,0,0000,---,False,0.31028,0.0287,0.22,0.11905,0.0501,-0.29143,cached_path_to_final_target,w,"$1,0,0,0,0,0,0,0,0#",11000,12000,Set tank.c app_speed/duty level to the logged pwm before sending the move key/protocol command; e=stop.,0.066,0.1964,0,0,0,3.52813,0.11728,11.93415,0.10192,0.00268,11.8981,0.102,0.1019,0.03478,0,0.1173,0,0,1.76545,0.61213,0.2534,0.1699,2,False,running
b326998ea4,formation_6_dynamic_popup,3,0.6,1784462600,completion_astar,finish_first,r02,r02,True,lower,member,local,1,1,0.30783,-0.30087,0.09662,0.31151,0.06605,806,834,-8,311,0,0,0000,---,False,0.30982,0.03328,0.31151,0.06605,0.4099,-0.28926,cached_path_to_final_target,w,"$1,0,0,0,0,0,0,0,0#",16000,17000,Set tank.c app_speed/duty level to the logged pwm before sending the move key/protocol command; e=stop.,0.1283,0.37007,0,0,0,3.10616,0.1293,11.87218,0.10192,0.00268,11.8981,0.102,0.1019,0.03478,0,0.1173,0,0,1.76545,0.61213,0.2534,0.1699,2,False,running
b326998ea4,formation_6_dynamic_popup,3,0.6,1784462600,completion_astar,finish_first,r03,r03,True,center,member,local,1,1,0.48832,0.00056,0.00495,0.3116,0.00336,819,821,-8,293,0,0,0000,---,False,0.3116,0.00171,0.3116,0.00336,0.591,0.00115,cached_path_to_final_target,w,"$1,0,0,0,0,0,0,0,0#",16000,16000,Set tank.c app_speed/duty level to the logged pwm before sending the move key/protocol command; e=stop.,0.12832,0.36525,0,0,0,2.93228,0.1293,11.87168,0.10192,0.00268,11.8981,0.102,0.1019,0.03478,0,0.1173,0,0,1.76545,0.61213,0.2534,0.1699,2,False,running
b326998ea4,formation_6_dynamic_popup,3,0.6,1784462600,completion_astar,finish_first,r04,r04,True,center,member,local,1,1,0.30832,0.31177,0.0,0.3116,0.0,820,820,-12,315,0,0,0000,---,False,0.3116,0.0,0.3116,0.0,0.411,0.31177,cached_path_to_final_target,w,"$1,0,0,0,0,0,0,0,0#",16000,16000,Set tank.c app_speed/duty level to the logged pwm before sending the move key/protocol command; e=stop.,0.12832,0.36509,0,0,0,3.14612,0.13748,11.87168,0.10192,0.00268,11.8981,0.102,0.1019,0.03478,0,0.1173,0,0,1.76545,0.61213,0.2534,0.1699,2,False,running
b326998ea4,formation_6_dynamic_popup,3,0.6,1784462600,completion_astar,finish_first,r05,r05,True,center,member,local,1,1,-0.114,0.31177,0.0,0.22,0.0,579,579,-11,356,0,0,0000,---,False,0.3116,0.0,0.22,0.0,0.051,0.31177,cached_path_to_final_target,w,"$1,0,0,0,0,0,0,0,0#",12000,12000,Set tank.c app_speed/duty level to the logged pwm before sending the move key/protocol command; e=stop.,0.066,0.19252,0,0,0,3.56379,0.11792,11.934,0.10192,0.00268,11.8981,0.102,0.1019,0.03478,0,0.1173,0,0,1.76545,0.61213,0.2534,0.1699,2,False,running
b326998ea4,formation_6_dynamic_popup,3,0.6,1784462600,completion_astar,finish_first,r06,r06,True,center,member,local,1,1,-0.26482,0.00033,0.00426,0.14592,0.00404,383,385,-7,368,0,0,0000,---,False,0.14592,0.00071,0.14592,0.00404,-0.129,0.00093,cached_path_to_final_target; completion_unstuck,w,"$1,0,0,0,0,0,0,0,0#",8000,8000,Set tank.c app_speed/duty level to the logged pwm before sending the move key/protocol command; e=stop.,0.09518,0.27612,0,0,0,3.68409,0.11728,11.90482,0.10192,0.00268,11.8981,0.102,0.1019,0.03478,0,0.1173,0,0,1.76545,0.61213,0.2534,0.1699,2,False,running
b326998ea4,formation_6_dynamic_popup,4,0.8,1784462800,completion_astar,finish_first,r01,r01,True,lower,member,local,1,1,-0.05206,-0.30217,0.08474,0.31154,0.05609,808,832,-7,347,0,0,0000,---,False,0.31024,0.02911,0.31154,0.05609,0.12682,-0.28483,cached_path_to_final_target,w,"$1,0,0,0,0,0,0,0,0#",16000,17000,Set tank.c app_speed/duty level to the logged pwm before sending the move key/protocol command; e=stop.,0.12831,0.3696,0,0,0,3.46604,0.11728,11.87207,0.16229,0.00471,11.8377,0.1624,0.1623,0.03611,0,0.1173,0,0,2.75185,0.9749,0.3023,0.2029,2,False,running
b326998ea4,formation_6_dynamic_popup,4,0.8,1784462800,completion_astar,finish_first,r02,r02,True,lower,member,local,1,1,0.36982,-0.29453,0.10191,0.31159,0.02645,814,826,-8,304,0,0,0000,---,False,0.30985,0.03299,0.31159,0.02645,0.48654,-0.28184,cached_path_to_final_target,w,"$1,0,0,0,0,0,0,0,0#",16000,17000,Set tank.c app_speed/duty level to the logged pwm before sending the move key/protocol command; e=stop.,0.19062,0.53572,0,0,0,3.04416,0.12433,11.81019,0.16229,0.00471,11.8377,0.1624,0.1623,0.03611,0,0.1173,0,0,2.75185,0.9749,0.3023,0.2029,2,False,running
b326998ea4,formation_6_dynamic_popup,4,0.8,1784462800,completion_astar,finish_first,r03,r03,True,center,member,local,1,1,0.55064,0.00088,0.00521,0.3116,0.00134,820,820,-8,287,0,0,0000,---,False,0.3116,0.00169,0.3116,0.00134,0.668,0.00153,cached_path_to_final_target,w,"$1,0,0,0,0,0,0,0,0#",16000,16000,Set tank.c app_speed/duty level to the logged pwm before sending the move key/protocol command; e=stop.,0.19064,0.53051,0,0,0,2.87012,0.12433,11.80936,0.16229,0.00471,11.8377,0.1624,0.1623,0.03611,0,0.1173,0,0,2.75185,0.9749,0.3023,0.2029,2,False,running
b326998ea4,formation_6_dynamic_popup,4,0.8,1784462800,completion_astar,finish_first,r04,r04,True,center,member,local,1,1,0.37064,0.31177,0.0,0.3116,0.0,820,820,-13,308,0,0,0000,---,False,0.3116,0.0,0.3116,0.0,0.488,0.31177,cached_path_to_final_target,w,"$1,0,0,0,0,0,0,0,0#",16000,16000,Set tank.c app_speed/duty level to the logged pwm before sending the move key/protocol command; e=stop.,0.19064,0.53034,0,0,0,3.08459,0.1372,11.80936,0.16229,0.00471,11.8377,0.1624,0.1623,0.03611,0,0.1173,0,0,2.75185,0.9749,0.3023,0.2029,2,False,running
b326998ea4,formation_6_dynamic_popup,4,0.8,1784462800,completion_astar,finish_first,r05,r05,True,center,member,local,1,1,-0.05168,0.31177,0.0,0.3116,0.0,820,820,-11,350,0,0,0000,---,False,0.3116,0.0,0.3116,0.0,0.128,0.31177,cached_path_to_final_target,w,"$1,0,0,0,0,0,0,0,0#",16000,16000,Set tank.c app_speed/duty level to the logged pwm before sending the move key/protocol command; e=stop.,0.12832,0.36509,0,0,0,3.50209,0.11792,11.87168,0.16229,0.00471,11.8377,0.1624,0.1623,0.03611,0,0.1173,0,0,2.75185,0.9749,0.3023,0.2029,2,False,running
b326998ea4,formation_6_dynamic_popup,4,0.8,1784462800,completion_astar,finish_first,r06,r06,True,center,member,local,1,1,-0.21363,0.00055,0.00427,0.25592,8e-05,673,673,-7,363,0,0,0000,---,False,0.3116,0.00134,0.25592,8e-05,-0.052,0.00124,cached_path_to_final_target,w,"$1,0,0,0,0,0,0,0,0#",13000,13000,Set tank.c app_speed/duty level to the logged pwm before sending the move key/protocol command; e=stop.,0.14637,0.42058,0,0,0,3.63299,0.11728,11.85363,0.16229,0.00471,11.8377,0.1624,0.1623,0.03611,0,0.1173,0,0,2.75185,0.9749,0.3023,0.2029,2,False,running
b326998ea4,formation_6_dynamic_popup,5,1.0,1784463000,completion_astar,finish_first,r01,r01,True,lower,member,local,1,1,0.01001,-0.2966,0.0895,0.31159,0.02381,815,825,-7,340,0,0,0000,---,False,0.31025,0.02901,0.31159,0.02381,0.20354,-0.27827,path_to_final_target,w,"$1,0,0,0,0,0,0,0,0#",16000,16000,Set tank.c app_speed/duty level to the logged pwm before sending the move key/protocol command; e=stop.,0.19063,0.53517,0,0,0,3.40398,0.11631,11.81,0.22451,0.00681,11.7755,0.2246,0.2245,0.03607,0,0.1163,0,0,3.74833,1.34881,0.3116,0.2245,2,False,running
b326998ea4,formation_6_dynamic_popup,5,1.0,1784463000,completion_astar,finish_first,r02,r02,True,lower,member,local,1,1,0.43181,-0.28812,0.10301,0.3116,0.0055,819,821,-9,298,0,0,0000,---,False,0.30992,0.03231,0.3116,0.0055,0.56318,-0.27437,path_to_final_target,w,"$1,0,0,0,0,0,0,0,0#",16000,16000,Set tank.c app_speed/duty level to the logged pwm before sending the move key/protocol command; e=stop.,0.25294,0.70118,0,0,0,2.98217,0.11933,11.74822,0.22451,0.00681,11.7755,0.2246,0.2245,0.03607,0,0.1163,0,0,3.74833,1.34881,0.3116,0.2245,2,False,running
b326998ea4,formation_6_dynamic_popup,5,1.0,1784463000,completion_astar,finish_first,r03,r03,True,center,member,local,1,1,0.61296,0.00121,0.00527,0.3116,0.00027,820,820,-8,281,0,0,0000,---,False,0.3116,0.00165,0.3116,0.00027,0.745,0.00192,path_to_final_target,w,"$1,0,0,0,0,0,0,0,0#",16000,16000,Set tank.c app_speed/duty level to the logged pwm before sending the move key/protocol command; e=stop.,0.25296,0.69577,0,0,0,2.80797,0.11933,11.74704,0.22451,0.00681,11.7755,0.2246,0.2245,0.03607,0,0.1163,0,0,3.74833,1.34881,0.3116,0.2245,2,False,running
b326998ea4,formation_6_dynamic_popup,5,1.0,1784463000,completion_astar,finish_first,r04,r04,True,center,member,local,1,1,0.43296,0.31177,0.0,0.3116,0.0,820,820,-13,302,0,0,0000,---,False,0.3116,0.0,0.3116,0.0,0.565,0.31177,path_to_final_target,w,"$1,0,0,0,0,0,0,0,0#",16000,16000,Set tank.c app_speed/duty level to the logged pwm before sending the move key/protocol command; e=stop.,0.25296,0.69559,0,0,0,3.02309,0.13691,11.74704,0.22451,0.00681,11.7755,0.2246,0.2245,0.03607,0,0.1163,0,0,3.74833,1.34881,0.3116,0.2245,2,False,running
b326998ea4,formation_6_dynamic_popup,5,1.0,1784463000,completion_astar,finish_first,r05,r05,True,center,member,local,1,1,0.01064,0.31177,0.0,0.3116,0.0,820,820,-11,344,0,0,0000,---,False,0.3116,0.0,0.3116,0.0,0.205,0.31177,path_to_final_target,w,"$1,0,0,0,0,0,0,0,0#",16000,16000,Set tank.c app_speed/duty level to the logged pwm before sending the move key/protocol command; e=stop.,0.19064,0.53034,0,0,0,3.44041,0.11792,11.80936,0.22451,0.00681,11.7755,0.2246,0.2245,0.03607,0,0.1163,0,0,3.74833,1.34881,0.3116,0.2245,2,False,running
b326998ea4,formation_6_dynamic_popup,5,1.0,1784463000,completion_astar,finish_first,r06,r06,True,center,member,local,1,1,-0.15131,0.00081,0.00425,0.3116,-0.00014,820,820,-7,357,0,0,0000,---,False,0.3116,0.00132,0.3116,-0.00014,0.025,0.00155,path_to_final_target,w,"$1,0,0,0,0,0,0,0,0#",16000,16000,Set tank.c app_speed/duty level to the logged pwm before sending the move key/protocol command; e=stop.,0.20869,0.59029,0,0,0,3.57078,0.11631,11.79131,0.22451,0.00681,11.7755,0.2246,0.2245,0.03607,0,0.1163,0,0,3.74833,1.34881,0.3116,0.2245,2,False,running
b326998ea4,formation_6_dynamic_popup,6,1.2,1784463200,completion_astar,finish_first,r01,r01,True,lower,member,local,1,1,0.07207,-0.29094,0.09094,0.3116,0.0072,818,822,-8,334,0,0,0000,---,False,0.31028,0.02865,0.3116,0.0072,0.28025,-0.27165,cached_path_to_final_target,w,"$1,0,0,0,0,0,0,0,0#",16000,16000,Set tank.c app_speed/duty level to the logged pwm before sending the move key/protocol command; e=stop.,0.25295,0.70059,0,0,0,3.34191,0.11631,11.74795,0.28307,0.0089,11.7169,0.2832,0.2831,0.04078,0,0.1144,0,0,4.69054,1.70073,0.2933,0.2359,2,False,running
b326998ea4,formation_6_dynamic_popup,6,1.2,1784463200,completion_astar,finish_first,r02,r02,True,lower,member,local,1,1,0.4938,-0.28175,0.10242,0.3116,-0.00297,821,819,-9,292,0,0,0000,---,False,0.30998,0.03171,0.3116,-0.00297,0.63981,-0.26684,cached_path_to_final_target,w,"$1,0,0,0,0,0,0,0,0#",16000,16000,Set tank.c app_speed/duty level to the logged pwm before sending the move key/protocol command; e=stop.,0.31526,0.86651,0,0,0,2.92018,0.1144,11.68624,0.28307,0.0089,11.7169,0.2832,0.2831,0.04078,0,0.1144,0,0,4.69054,1.70073,0.2933,0.2359,2,False,running
b326998ea4,formation_6_dynamic_popup,6,1.2,1784463200,completion_astar,finish_first,r03,r03,True,center,member,local,1,1,0.67528,0.00154,0.00524,0.3116,-0.00016,820,820,-9,275,0,0,0000,---,False,0.3116,0.00162,0.3116,-0.00016,0.82199,0.0023,cached_path_to_final_target,w,"$1,0,0,0,0,0,0,0,0#",16000,16000,Set tank.c app_speed/duty level to the logged pwm before sending the move key/protocol command; e=stop.,0.31528,0.86102,0,0,0,2.74582,0.1144,11.68472,0.28307,0.0089,11.7169,0.2832,0.2831,0.04078,0,0.1144,0,0,4.69054,1.70073,0.2933,0.2359,2,False,running
b326998ea4,formation_6_dynamic_popup,6,1.2,1784463200,completion_astar,finish_first,r04,r04,True,center,member,local,1,1,0.49528,0.31177,0.0,0.3116,0.0,820,820,-13,296,0,0,0000,---,False,0.3116,0.0,0.3116,0.0,0.642,0.31177,cached_path_to_final_target,w,"$1,0,0,0,0,0,0,0,0#",16000,16000,Set tank.c app_speed/duty level to the logged pwm before sending the move key/protocol command; e=stop.,0.31528,0.86083,0,0,0,2.96162,0.13663,11.68472,0.28307,0.0089,11.7169,0.2832,0.2831,0.04078,0,0.1144,0,0,4.69054,1.70073,0.2933,0.2359,2,False,running
b326998ea4,formation_6_dynamic_popup,6,1.2,1784463200,completion_astar,finish_first,r05,r05,True,center,member,local,1,1,0.07296,0.31177,0.0,0.3116,0.0,820,820,-12,338,0,0,0000,---,False,0.3116,0.0,0.3116,0.0,0.282,0.31177,cached_path_to_final_target,w,"$1,0,0,0,0,0,0,0,0#",16000,16000,Set tank.c app_speed/duty level to the logged pwm before sending the move key/protocol command; e=stop.,0.25296,0.69559,0,0,0,3.37875,0.11792,11.74704,0.28307,0.0089,11.7169,0.2832,0.2831,0.04078,0,0.1144,0,0,4.69054,1.70073,0.2933,0.2359,2,False,running
b326998ea4,formation_6_dynamic_popup,6,1.2,1784463200,completion_astar,finish_first,r06,r06,True,center,member,local,1,1,-0.11099,0.00099,0.00446,0.2016,0.00107,530,531,-7,353,0,0,0000,---,False,0.14592,0.00068,0.2016,0.00107,0.102,0.00187,cached_path_to_final_target; completion_unstuck,w,"$1,0,0,0,0,0,0,0,0#",11000,11000,Set tank.c app_speed/duty level to the logged pwm before sending the move key/protocol command; e=stop.,0.24901,0.706,0,0,0,3.53053,0.11631,11.75099,0.28307,0.0089,11.7169,0.2832,0.2831,0.04078,0,0.1144,0,0,4.69054,1.70073,0.2933,0.2359,2,False,running
b326998ea4,formation_6_dynamic_popup,7,1.4,1784463400,completion_astar,finish_first,r01,r01,True,lower,member,local,1,1,0.13413,-0.28528,0.09094,0.3116,-2e-05,820,820,-8,328,0,0,0000,---,False,0.31031,0.0283,0.3116,-2e-05,0.35696,-0.26496,cached_path_to_final_target,w,"$1,0,0,0,0,0,0,0,0#",16000,16000,Set tank.c app_speed/duty level to the logged pwm before sending the move key/protocol command; e=stop.,0.31527,0.8659,0,0,0,3.27985,0.11631,11.6859,0.34529,0.01099,11.6547,0.3455,0.3453,0.04115,0,0.1095,0,0,5.69093,2.07465,0.3116,0.2466,2,False,running
b326998ea4,formation_6_dynamic_popup,7,1.4,1784463400,completion_astar,finish_first,r02,r02,True,lower,member,local,1,1,0.5558,-0.27544,0.10143,0.3116,-0.00494,821,819,-9,286,0,0,0000,---,False,0.31002,0.03131,0.3116,-0.00494,0.71644,-0.25927,cached_path_to_final_target,w,"$1,0,0,0,0,0,0,0,0#",16000,16000,Set tank.c app_speed/duty level to the logged pwm before sending the move key/protocol command; e=stop.,0.37758,1.03178,0,0,0,2.85818,0.10955,11.62426,0.34529,0.01099,11.6547,0.3455,0.3453,0.04115,0,0.1095,0,0,5.69093,2.07465,0.3116,0.2466,2,False,running
b326998ea4,formation_6_dynamic_popup,7,1.4,1784463400,completion_astar,finish_first,r03,r03,True,center,member,local,1,1,0.7376,0.00186,0.00519,0.3116,-0.00025,820,820,-9,268,0,0,0000,---,False,0.3116,0.0016,0.3116,-0.00025,0.89899,0.00269,cached_path_to_final_target,w,"$1,0,0,0,0,0,0,0,0#",16000,16000,Set tank.c app_speed/duty level to the logged pwm before sending the move key/protocol command; e=stop.,0.3776,1.02627,0,0,0,2.68369,0.10955,11.6224,0.34529,0.01099,11.6547,0.3455,0.3453,0.04115,0,0.1095,0,0,5.69093,2.07465,0.3116,0.2466,2,False,running
b326998ea4,formation_6_dynamic_popup,7,1.4,1784463400,completion_astar,finish_first,r04,r04,True,center,member,local,1,1,0.5576,0.31177,0.0,0.3116,0.0,820,820,-13,290,0,0,0000,---,False,0.3116,0.0,0.3116,0.0,0.719,0.31177,cached_path_to_final_target,w,"$1,0,0,0,0,0,0,0,0#",16000,16000,Set tank.c app_speed/duty level to the logged pwm before sending the move key/protocol command; e=stop.,0.3776,1.02608,0,0,0,2.90019,0.13635,11.6224,0.34529,0.01099,11.6547,0.3455,0.3453,0.04115,0,0.1095,0,0,5.69093,2.07465,0.3116,0.2466,2,False,running
b326998ea4,formation_6_dynamic_popup,7,1.4,1784463400,completion_astar,finish_first,r05,r05,True,center,member,local,1,1,0.13528,0.31177,0.0,0.3116,0.0,820,820,-12,332,0,0,0000,---,False,0.3116,0.0,0.3116,0.0,0.359,0.31177,cached_path_to_final_target,w,"$1,0,0,0,0,0,0,0,0#",16000,16000,Set tank.c app_speed/duty level to the logged pwm before sending the move key/protocol command; e=stop.,0.31528,0.86083,0,0,0,3.31712,0.11792,11.68472,0.34529,0.01099,11.6547,0.3455,0.3453,0.04115,0,0.1095,0,0,5.69093,2.07465,0.3116,0.2466,2,False,running
b326998ea4,formation_6_dynamic_popup,7,1.4,1784463400,completion_astar,finish_first,r06,r06,True,center,member,local,1,1,-0.04867,0.00126,0.00428,0.3116,-0.00091,820,820,-7,347,0,0,0000,---,False,0.3116,0.00129,0.3116,-0.00091,0.179,0.00219,cached_path_to_final_target,w,"$1,0,0,0,0,0,0,0,0#",16000,16000,Set tank.c app_speed/duty level to the logged pwm before sending the move key/protocol command; e=stop.,0.31133,0.88007,0,0,0,3.46832,0.11631,11.68867,0.34529,0.01099,11.6547,0.3455,0.3453,0.04115,0,0.1095,0,0,5.69093,2.07465,0.3116,0.2466,2,False,running
b326998ea4,formation_6_dynamic_popup,8,1.6,1784463600,completion_astar,finish_first,r01,r01,True,lower,member,local,1,1,0.1962,-0.27965,0.09046,0.3116,-0.00238,821,819,-8,322,0,0,0000,---,False,0.31034,0.02803,0.3116,-0.00238,0.43367,-0.25822,cached_path_to_final_target,w,"$1,0,0,0,0,0,0,0,0#",16000,16000,Set tank.c app_speed/duty level to the logged pwm before sending the move key/protocol command; e=stop.,0.37759,1.03117,0,0,0,3.21779,0.11631,11.62385,0.40385,0.01305,11.5962,0.4041,0.4038,0.04755,1,0.1048,0,0,6.63292,2.42657,0.2933,0.2524,2,False,running
b326998ea4,formation_6_dynamic_popup,8,1.6,1784463600,completion_astar,finish_first,r02,r02,True,lower,member,local,1,1,0.61781,-0.26919,0.10058,0.3116,-0.00427,821,819,-9,280,0,0,0000,---,False,0.31005,0.03108,0.3116,-0.00427,0.79306,-0.25166,cached_path_to_final_target,w,"$1,0,0,0,0,0,0,0,0#",16000,16000,Set tank.c app_speed/duty level to the logged pwm before sending the move key/protocol command; e=stop.,0.4399,1.19703,0,0,0,2.79618,0.10477,11.56227,0.40385,0.01305,11.5962,0.4041,0.4038,0.04755,1,0.1048,0,0,6.63292,2.42657,0.2933,0.2524,2,False,running
b326998ea4,formation_6_dynamic_popup,8,1.6,1784463600,completion_astar,finish_first,r03,r03,True,center,member,local,1,1,0.79991,0.00218,0.00514,0.3116,-0.00021,820,820,-9,262,0,0,0000,---,False,0.3116,0.00159,0.3116,-0.00021,0.97599,0.00308,cached_path_to_final_target,w,"$1,0,0,0,0,0,0,0,0#",16000,16000,Set tank.c app_speed/duty level to the logged pwm before sending the move key/protocol command; e=stop.,0.43992,1.19151,0,0,0,2.62156,0.10477,11.56009,0.40385,0.01305,11.5962,0.4041,0.4038,0.04755,1,0.1048,0,0,6.63292,2.42657,0.2933,0.2524,2,False,running
b326998ea4,formation_6_dynamic_popup,8,1.6,1784463600,completion_astar,finish_first,r04,r04,True,center,member,local,1,1,0.61992,0.31177,0.0,0.3116,0.0,820,820,-13,284,0,0,0000,---,False,0.3116,0.0,0.3116,0.0,0.796,0.31177,cached_path_to_final_target,w,"$1,0,0,0,0,0,0,0,0#",16000,16000,Set tank.c app_speed/duty level to the logged pwm before sending the move key/protocol command; e=stop.,0.43992,1.19133,0,0,0,2.8388,0.13607,11.56008,0.40385,0.01305,11.5962,0.4041,0.4038,0.04755,1,0.1048,0,0,6.63292,2.42657,0.2933,0.2524,2,False,running
b326998ea4,formation_6_dynamic_popup,8,1.6,1784463600,completion_astar,finish_first,r05,r05,True,center,member,local,1,1,0.1976,0.31177,0.0,0.3116,0.0,820,820,-12,326,0,0,0000,---,False,0.3116,0.0,0.3116,0.0,0.436,0.31177,cached_path_to_final_target,w,"$1,0,0,0,0,0,0,0,0#",16000,16000,Set tank.c app_speed/duty level to the logged pwm before sending the move key/protocol command; e=stop.,0.3776,1.02608,0,0,0,3.25551,0.11792,11.6224,0.40385,0.01305,11.5962,0.4041,0.4038,0.04755,1,0.1048,0,0,6.63292,2.42657,0.2933,0.2524,2,False,running
b326998ea4,formation_6_dynamic_popup,8,1.6,1784463600,completion_astar,finish_first,r06,r06,True,center,member,local,1,1,-0.00835,0.00144,0.00443,0.2016,0.00077,530,531,-7,343,0,0,0000,---,False,0.14592,0.00066,0.2016,0.00077,0.25599,0.00251,cached_path_to_final_target; completion_unstuck,w,"$1,0,0,0,0,0,0,0,0#",11000,11000,Set tank.c app_speed/duty level to the logged pwm before sending the move key/protocol command; e=stop.,0.35165,0.99579,0,0,0,3.42807,0.11631,11.64836,0.40385,0.01305,11.5962,0.4041,0.4038,0.04755,1,0.1048,0,0,6.63292,2.42657,0.2933,0.2524,2,False,running
b326998ea4,formation_6_dynamic_popup,9,1.8,1784463800,completion_astar,finish_first,r01,r01,True,lower,member,local,1,1,0.25826,-0.27403,0.09035,0.3116,-0.00055,820,820,-8,316,0,0,0000,---,False,0.31033,0.02809,0.3116,-0.00055,0.51035,-0.25122,path_to_final_target,w,"$1,0,0,0,0,0,0,0,0#",16000,16000,Set tank.c app_speed/duty level to the logged pwm before sending the move key/protocol command; e=stop.,0.43991,1.19644,0,0,0,3.15572,0.11631,11.5618,0.46607,0.01512,11.5339,0.4663,0.4661,0.04819,1,0.1001,0,0,7.63325,2.80049,0.3116,0.2589,2,False,running
b326998ea4,formation_6_dynamic_popup,9,1.8,1784463800,completion_astar,finish_first,r02,r02,True,lower,member,local,1,1,0.67982,-0.26296,0.09999,0.3116,-0.00294,821,819,-9,273,0,0,0000,---,False,0.31006,0.03096,0.3116,-0.00294,0.86968,-0.24403,path_to_final_target,w,"$1,0,0,0,0,0,0,0,0#",16000,16000,Set tank.c app_speed/duty level to the logged pwm before sending the move key/protocol command; e=stop.,0.50222,1.36229,0,0,0,2.73417,0.10006,11.50029,0.46607,0.01512,11.5339,0.4663,0.4661,0.04819,1,0.1001,0,0,7.63325,2.80049,0.3116,0.2589,2,False,running
b326998ea4,formation_6_dynamic_popup,9,1.8,1784463800,completion_astar,finish_first,r03,r03,True,center,member,local,1,1,0.86223,0.0025,0.0051,0.3116,-0.00023,820,820,-9,256,0,0,0000,---,False,0.3116,0.00158,0.3116,-0.00023,1.05299,0.00346,path_to_final_target,w,"$1,0,0,0,0,0,0,0,0#",16000,16000,Set tank.c app_speed/duty level to the logged pwm before sending the move key/protocol command; e=stop.,0.50224,1.35676,0,0,0,2.55944,0.10006,11.49777,0.46607,0.01512,11.5339,0.4663,0.4661,0.04819,1,0.1001,0,0,7.63325,2.80049,0.3116,0.2589,2,False,running
b326998ea4,formation_6_dynamic_popup,9,1.8,1784463800,completion_astar,finish_first,r04,r04,True,center,member,local,1,1,0.68224,0.31177,0.0,0.3116,0.0,820,820,-14,278,0,0,0000,---,False,0.3116,0.0,0.3116,0.0,0.873,0.31177,path_to_final_target,w,"$1,0,0,0,0,0,0,0,0#",16000,16000,Set tank.c app_speed/duty level to the logged pwm before sending the move key/protocol command; e=stop.,0.50224,1.35657,0,0,0,2.77744,0.1358,11.49776,0.46607,0.01512,11.5339,0.4663,0.4661,0.04819,1,0.1001,0,0,7.63325,2.80049,0.3116,0.2589,2,False,running
b326998ea4,formation_6_dynamic_popup,9,1.8,1784463800,completion_astar,finish_first,r05,r05,True,center,member,local,1,1,0.25992,0.31177,0.0,0.3116,0.0,820,820,-12,319,0,0,0000,---,False,0.3116,0.0,0.3116,0.0,0.513,0.31177,path_to_final_target,w,"$1,0,0,0,0,0,0,0,0#",16000,16000,Set tank.c app_speed/duty level to the logged pwm before sending the move key/protocol command; e=stop.,0.43992,1.19133,0,0,0,3.19393,0.11792,11.56008,0.46607,0.01512,11.5339,0.4663,0.4661,0.04819,1,0.1001,0,0,7.63325,2.80049,0.3116,0.2589,2,False,running
b326998ea4,formation_6_dynamic_popup,9,1.8,1784463800,completion_astar,finish_first,r06,r06,True,center,member,local,1,1,0.05396,0.0017,0.00423,0.3116,-0.00103,820,820,-7,337,0,0,0000,---,False,0.3116,0.00127,0.3116,-0.00103,0.33299,0.00282,path_to_final_target,w,"$1,0,0,0,0,0,0,0,0#",16000,16000,Set tank.c app_speed/duty level to the logged pwm before sending the move key/protocol command; e=stop.,0.41397,1.16986,0,0,0,3.36587,0.11631,11.58604,0.46607,0.01512,11.5339,0.4663,0.4661,0.04819,1,0.1001,0,0,7.63325,2.80049,0.3116,0.2589,2,False,running
b326998ea4,formation_6_dynamic_popup,10,2.0,1784464000,completion_astar,finish_first,r01,r01,True,lower,member,local,1,1,0.32033,-0.2684,0.09038,0.3116,0.00016,820,820,-8,309,0,0,0000,---,False,0.31033,0.02813,0.3116,0.00016,0.58703,-0.24422,cached_path_to_final_target,w,"$1,0,0,0,0,0,0,0,0#",16000,16000,Set tank.c app_speed/duty level to the logged pwm before sending the move key/protocol command; e=stop.,0.50223,1.36169,0,0,0,3.09365,0.11631,11.49975,0.5283,0.01719,11.4717,0.5286,0.5283,0.04906,1,0.0954,0,0,8.62475,3.17441,0.3116,0.2641,2,False,running
b326998ea4,formation_6_dynamic_popup,10,2.0,1784464000,completion_astar,finish_first,r02,r02,True,lower,member,local,1,1,0.74183,-0.25677,0.09964,0.3116,-0.00176,820,820,-9,267,0,0,0000,---,False,0.31006,0.03091,0.3116,-0.00176,0.9463,-0.2364,cached_path_to_final_target,w,"$1,0,0,0,0,0,0,0,0#",16000,16000,Set tank.c app_speed/duty level to the logged pwm before sending the move key/protocol command; e=stop.,0.56454,1.52755,0,0,0,2.67216,0.09541,11.43831,0.5283,0.01719,11.4717,0.5286,0.5283,0.04906,1,0.0954,0,0,8.62475,3.17441,0.3116,0.2641,2,False,running
b326998ea4,formation_6_dynamic_popup,10,2.0,1784464000,completion_astar,finish_first,r03,r03,True,center,member,local,1,1,0.92455,0.00282,0.00506,0.3116,-0.00018,820,820,-9,250,0,0,0000,---,False,0.3116,0.00157,0.3116,-0.00018,1.12999,0.00385,cached_path_to_final_target,w,"$1,0,0,0,0,0,0,0,0#",16000,16000,Set tank.c app_speed/duty level to the logged pwm before sending the move key/protocol command; e=stop.,0.56456,1.52201,0,0,0,2.49733,0.09541,11.43545,0.5283,0.01719,11.4717,0.5286,0.5283,0.04906,1,0.0954,0,0,8.62475,3.17441,0.3116,0.2641,2,False,running
b326998ea4,formation_6_dynamic_popup,10,2.0,1784464000,completion_astar,finish_first,r04,r04,True,center,member,local,1,1,0.74456,0.31177,0.0,0.3116,0.0,820,820,-14,272,0,0,0000,---,False,0.3116,0.0,0.3116,0.0,0.95,0.31177,cached_path_to_final_target,w,"$1,0,0,0,0,0,0,0,0#",16000,16000,Set tank.c app_speed/duty level to the logged pwm before sending the move key/protocol command; e=stop.,0.56456,1.52182,0,0,0,2.71613,0.13552,11.43544,0.5283,0.01719,11.4717,0.5286,0.5283,0.04906,1,0.0954,0,0,8.62475,3.17441,0.3116,0.2641,2,False,running
b326998ea4,formation_6_dynamic_popup,10,2.0,1784464000,completion_astar,finish_first,r05,r05,True,center,member,local,1,1,0.32224,0.31177,0.0,0.3116,0.0,820,820,-12,313,0,0,0000,---,False,0.3116,0.0,0.3116,0.0,0.59,0.31177,cached_path_to_final_target,w,"$1,0,0,0,0,0,0,0,0#",16000,16000,Set tank.c app_speed/duty level to the logged pwm before sending the move key/protocol command; e=stop.,0.50224,1.35657,0,0,0,3.13237,0.11792,11.49776,0.5283,0.01719,11.4717,0.5286,0.5283,0.04906,1,0.0954,0,0,8.62475,3.17441,0.3116,0.2641,2,False,running
b326998ea4,formation_6_dynamic_popup,10,2.0,1784464000,completion_astar,finish_first,r06,r06,True,center,member,local,1,1,0.11628,0.00196,0.00412,0.3116,-0.00052,820,820,-7,330,0,0,0000,---,False,0.3116,0.00126,0.3116,-0.00052,0.40999,0.00314,cached_path_to_final_target,w,"$1,0,0,0,0,0,0,0,0#",16000,16000,Set tank.c app_speed/duty level to the logged pwm before sending the move key/protocol command; e=stop.,0.47629,1.33511,0,0,0,3.30368,0.11631,11.52372,0.5283,0.01719,11.4717,0.5286,0.5283,0.04906,1,0.0954,0,0,8.62475,3.17441,0.3116,0.2641,2,False,running
b326998ea4,formation_6_dynamic_popup,11,2.2,1784464200,completion_astar,finish_first,r01,r01,True,lower,member,local,1,1,0.38239,-0.26277,0.09045,0.3116,0.00036,820,820,-8,303,0,0,0000,---,False,0.31032,0.02816,0.3116,0.00036,0.66371,-0.23724,cached_path_to_final_target,w,"$1,0,0,0,0,0,0,0,0#",16000,16000,Set tank.c app_speed/duty level to the logged pwm before sending the move key/protocol command; e=stop.,0.56455,1.52694,0,0,0,3.03159,0.11631,11.43771,0.58686,0.01924,11.4132,0.5872,0.5869,0.05654,2,0.0908,0,0,9.56671,3.52633,0.2933,0.2668,2,False,running
b326998ea4,formation_6_dynamic_popup,11,2.2,1784464200,completion_astar,finish_first,r02,r02,True,lower,member,local,1,1,0.80384,-0.25058,0.09945,0.3116,-0.00094,820,820,-10,261,0,0,0000,---,False,0.31007,0.03089,0.3116,-0.00094,1.02292,-0.22876,cached_path_to_final_target,w,"$1,0,0,0,0,0,0,0,0#",16000,16000,Set tank.c app_speed/duty level to the logged pwm before sending the move key/protocol command; e=stop.,0.62686,1.6928,0,0,0,2.61014,0.0908,11.37633,0.58686,0.01924,11.4132,0.5872,0.5869,0.05654,2,0.0908,0,0,9.56671,3.52633,0.2933,0.2668,2,False,running
b326998ea4,formation_6_dynamic_popup,11,2.2,1784464200,completion_astar,finish_first,r03,r03,True,center,member,local,1,1,0.98687,0.00313,0.00504,0.3116,-0.00012,820,820,-9,244,0,0,0000,---,False,0.3116,0.00156,0.3116,-0.00012,1.20699,0.00423,cached_path_to_final_target,w,"$1,0,0,0,0,0,0,0,0#",16000,16000,Set tank.c app_speed/duty level to the logged pwm before sending the move key/protocol command; e=stop.,0.62688,1.68725,0,0,0,2.43523,0.0908,11.37313,0.58686,0.01924,11.4132,0.5872,0.5869,0.05654,2,0.0908,0,0,9.56671,3.52633,0.2933,0.2668,2,False,running
b326998ea4,formation_6_dynamic_popup,11,2.2,1784464200,completion_astar,finish_first,r04,r04,True,center,member,local,1,1,0.80688,0.31177,0.0,0.3116,0.0,820,820,-14,265,0,0,0000,---,False,0.3116,0.0,0.3116,0.0,1.027,0.31177,cached_path_to_final_target,w,"$1,0,0,0,0,0,0,0,0#",16000,16000,Set tank.c app_speed/duty level to the logged pwm before sending the move key/protocol command; e=stop.,0.62688,1.68707,0,0,0,2.65486,0.13525,11.37312,0.58686,0.01924,11.4132,0.5872,0.5869,0.05654,2,0.0908,0,0,9.56671,3.52633,0.2933,0.2668,2,False,running
b326998ea4,formation_6_dynamic_popup,11,2.2,1784464200,completion_astar,finish_first,r05,r05,True,center,member,local,1,1,0.38456,0.31177,0.0,0.3116,0.0,820,820,-13,307,0,0,0000,---,False,0.3116,0.0,0.3116,0.0,0.667,0.31177,cached_path_to_final_target,w,"$1,0,0,0,0,0,0,0,0#",16000,16000,Set tank.c app_speed/duty level to the logged pwm before sending the move key/protocol command; e=stop.,0.56456,1.52182,0,0,0,3.07085,0.11792,11.43544,0.58686,0.01924,11.4132,0.5872,0.5869,0.05654,2,0.0908,0,0,9.56671,3.52633,0.2933,0.2668,2,False,running
b326998ea4,formation_6_dynamic_popup,11,2.2,1784464200,completion_astar,finish_first,r06,r06,True,center,member,local,1,1,0.1566,0.00213,0.00432,0.2016,0.00098,530,531,-7,326,0,0,0000,---,False,0.14592,0.00065,0.2016,0.00098,0.48699,0.00345,cached_path_to_final_target; completion_unstuck,w,"$1,0,0,0,0,0,0,0,0#",11000,11000,Set tank.c app_speed/duty level to the logged pwm before sending the move key/protocol command; e=stop.,0.51661,1.45083,0,0,0,3.26344,0.11631,11.4834,0.58686,0.01924,11.4132,0.5872,0.5869,0.05654,2,0.0908,0,0,9.56671,3.52633,0.2933,0.2668,2,False,running
b326998ea4,formation_6_dynamic_popup,12,2.4,1784464400,completion_astar,finish_first,r01,r01,True,lower,member,local,1,1,0.44446,-0.25714,0.09052,0.3116,0.00033,820,820,-8,297,0,0,0000,---,False,0.31032,0.02818,0.3116,0.00033,0.7404,-0.23026,cached_path_to_final_target,w,"$1,0,0,0,0,0,0,0,0#",16000,16000,Set tank.c app_speed/duty level to the logged pwm before sending the move key/protocol command; e=stop.,0.62687,1.69219,0,0,0,2.96952,0.11631,11.37567,0.64908,0.02131,11.3509,0.6494,0.6491,0.05754,2,0.0862,0,0,10.56701,3.90025,0.3116,0.2705,2,False,running
b326998ea4,formation_6_dynamic_popup,12,2.4,1784464400,completion_astar,finish_first,r02,r02,True,lower,member,local,1,1,0.86585,-0.2444,0.09936,0.3116,-0.00045,820,820,-10,255,0,0,0000,---,False,0.31007,0.03089,0.3116,-0.00045,1.09954,-0.22112,cached_path_to_final_target,w,"$1,0,0,0,0,0,0,0,0#",16000,16000,Set tank.c app_speed/duty level to the logged pwm before sending the move key/protocol command; e=stop.,0.68918,1.85805,0,0,0,2.54813,0.08625,11.31435,0.64908,0.02131,11.3509,0.6494,0.6491,0.05754,2,0.0862,0,0,10.56701,3.90025,0.3116,0.2705,2,False,running
b326998ea4,formation_6_dynamic_popup,12,2.4,1784464400,completion_astar,finish_first,r03,r03,True,center,member,local,1,1,1.04919,0.00344,0.00503,0.3116,-7e-05,820,820,-10,237,0,0,0000,---,False,0.3116,0.00156,0.3116,-7e-05,1.28399,0.00462,cached_path_to_final_target,w,"$1,0,0,0,0,0,0,0,0#",16000,16000,Set tank.c app_speed/duty level to the logged pwm before sending the move key/protocol command; e=stop.,0.6892,1.8525,0,0,0,2.37314,0.08625,11.31081,0.64908,0.02131,11.3509,0.6494,0.6491,0.05754,2,0.0862,0,0,10.56701,3.90025,0.3116,0.2705,2,False,running
b326998ea4,formation_6_dynamic_popup,12,2.4,1784464400,completion_astar,finish_first,r04,r04,True,center,member,local,1,1,0.8692,0.31177,0.0,0.3116,0.0,820,820,-15,259,0,0,0000,---,False,0.3116,0.0,0.3116,0.0,1.104,0.31177,cached_path_to_final_target,w,"$1,0,0,0,0,0,0,0,0#",16000,16000,Set tank.c app_speed/duty level to the logged pwm before sending the move key/protocol command; e=stop.,0.6892,1.85231,0,0,0,2.59364,0.13498,11.3108,0.64908,0.02131,11.3509,0.6494,0.6491,0.05754,2,0.0862,0,0,10.56701,3.90025,0.3116,0.2705,2,False,running
b326998ea4,formation_6_dynamic_popup,12,2.4,1784464400,completion_astar,finish_first,r05,r05,True,center,member,local,1,1,0.44688,0.31177,0.0,0.3116,0.0,820,820,-13,301,0,0,0000,---,False,0.3116,0.0,0.3116,0.0,0.744,0.31177,cached_path_to_final_target,w,"$1,0,0,0,0,0,0,0,0#",16000,16000,Set tank.c app_speed/duty level to the logged pwm before sending the move key/protocol command; e=stop.,0.62688,1.68707,0,0,0,3.00936,0.11792,11.37312,0.64908,0.02131,11.3509,0.6494,0.6491,0.05754,2,0.0862,0,0,10.56701,3.90025,0.3116,0.2705,2,False,running
b326998ea4,formation_6_dynamic_popup,12,2.4,1784464400,completion_astar,finish_first,r06,r06,True,center,member,local,1,1,0.21892,0.00239,0.00416,0.3116,-0.0008,820,820,-7,320,0,0,0000,---,False,0.3116,0.00126,0.3116,-0.0008,0.56399,0.00377,cached_path_to_final_target,w,"$1,0,0,0,0,0,0,0,0#",16000,16000,Set tank.c app_speed/duty level to the logged pwm before sending the move key/protocol command; e=stop.,0.57893,1.6249,0,0,0,3.20125,0.11631,11.42108,0.64908,0.02131,11.3509,0.6494,0.6491,0.05754,2,0.0862,0,0,10.56701,3.90025,0.3116,0.2705,2,False,running
b326998ea4,formation_6_dynamic_popup,13,2.6,1784464600,completion_astar,finish_first,r01,r01,True,lower,member,local,1,1,0.50652,-0.2515,0.09057,0.3116,0.00025,820,820,-9,291,0,0,0000,---,False,0.31032,0.02819,0.3116,0.00025,0.81708,-0.22329,path_to_final_target,w,"$1,0,0,0,0,0,0,0,0#",16000,16000,Set tank.c app_speed/duty level to the logged pwm before sending the move key/protocol command; e=stop.,0.68919,1.85743,0,0,0,2.90746,0.11631,11.31364,0.71131,0.02337,11.2887,0.7117,0.7113,0.05871,2,0.0817,0,0,11.5585,4.27417,0.3116,0.2736,2,False,running
b326998ea4,formation_6_dynamic_popup,13,2.6,1784464600,completion_astar,finish_first,r02,r02,True,lower,member,local,1,1,0.92786,-0.23822,0.09932,0.3116,-0.00018,820,820,-10,249,0,0,0000,---,False,0.31007,0.03089,0.3116,-0.00018,1.17616,-0.21348,path_to_final_target,w,"$1,0,0,0,0,0,0,0,0#",16000,16000,Set tank.c app_speed/duty level to the logged pwm before sending the move key/protocol command; e=stop.,0.7515,2.0233,0,0,0,2.48612,0.08174,11.25238,0.71131,0.02337,11.2887,0.7117,0.7113,0.05871,2,0.0817,0,0,11.5585,4.27417,0.3116,0.2736,2,False,running
b326998ea4,formation_6_dynamic_popup,13,2.6,1784464600,completion_astar,finish_first,r03,r03,True,center,member,local,1,1,1.11151,0.00376,0.00504,0.3116,5e-05,820,820,-10,231,0,0,0000,---,False,0.3116,0.00157,0.3116,5e-05,1.36099,0.00502,path_to_final_target,w,"$1,0,0,0,0,0,0,0,0#",16000,16000,Set tank.c app_speed/duty level to the logged pwm before sending the move key/protocol command; e=stop.,0.75152,2.01775,0,0,0,2.31106,0.08174,11.24849,0.71131,0.02337,11.2887,0.7117,0.7113,0.05871,2,0.0817,0,0,11.5585,4.27417,0.3116,0.2736,2,False,running
b326998ea4,formation_6_dynamic_popup,13,2.6,1784464600,completion_astar,finish_first,r04,r04,True,center,member,local,1,1,0.93152,0.31177,0.0,0.3116,0.0,820,820,-15,253,0,0,0000,---,False,0.3116,0.0,0.3116,0.0,1.181,0.31177,path_to_final_target,w,"$1,0,0,0,0,0,0,0,0#",16000,16000,Set tank.c app_speed/duty level to the logged pwm before sending the move key/protocol command; e=stop.,0.75152,2.01756,0,0,0,2.53247,0.13471,11.24848,0.71131,0.02337,11.2887,0.7117,0.7113,0.05871,2,0.0817,0,0,11.5585,4.27417,0.3116,0.2736,2,False,running
b326998ea4,formation_6_dynamic_popup,13,2.6,1784464600,completion_astar,finish_first,r05,r05,True,center,member,local,1,1,0.5092,0.31177,0.0,0.3116,0.0,820,820,-13,295,0,0,0000,---,False,0.3116,0.0,0.3116,0.0,0.821,0.31177,path_to_final_target,w,"$1,0,0,0,0,0,0,0,0#",16000,16000,Set tank.c app_speed/duty level to the logged pwm before sending the move key/protocol command; e=stop.,0.6892,1.85231,0,0,0,2.9479,0.11792,11.3108,0.71131,0.02337,11.2887,0.7117,0.7113,0.05871,2,0.0817,0,0,11.5585,4.27417,0.3116,0.2736,2,False,running
b326998ea4,formation_6_dynamic_popup,13,2.6,1784464600,completion_astar,finish_first,r06,r06,True,center,member,local,1,1,0.28124,0.00264,0.00409,0.3116,-0.00035,820,820,-8,314,0,0,0000,---,False,0.3116,0.00126,0.3116,-0.00035,0.64099,0.00409,path_to_final_target,w,"$1,0,0,0,0,0,0,0,0#",16000,16000,Set tank.c app_speed/duty level to the logged pwm before sending the move key/protocol command; e=stop.,0.64125,1.79015,0,0,0,3.13906,0.11631,11.35876,0.71131,0.02337,11.2887,0.7117,0.7113,0.05871,2,0.0817,0,0,11.5585,4.27417,0.3116,0.2736,2,False,running
b326998ea4,formation_6_dynamic_popup,14,2.8,1784464800,completion_astar,finish_first,r01,r01,True,lower,member,local,1,1,0.56859,-0.24587,0.0906,0.3116,0.00016,820,820,-9,285,0,0,0000,---,False,0.31032,0.0282,0.3116,0.00016,0.89376,-0.21631,cached_path_to_final_target,w,"$1,0,0,0,0,0,0,0,0#",16000,16000,Set tank.c app_speed/duty level to the logged pwm before sending the move key/protocol command; e=stop.,0.75151,2.02268,0,0,0,2.8454,0.11631,11.25161,0.76987,0.02542,11.2302,0.7703,0.7699,0.06685,4,0.0773,0,0,12.50046,4.62609,0.2933,0.275,2,False,running
b326998ea4,formation_6_dynamic_popup,14,2.8,1784464800,completion_astar,finish_first,r02,r02,True,lower,member,local,1,1,0.98988,-0.23204,0.09931,0.3116,-5e-05,820,820,-10,242,0,0,0000,---,False,0.31006,0.03089,0.3116,-5e-05,1.25278,-0.20584,cached_path_to_final_target,w,"$1,0,0,0,0,0,0,0,0#",16000,16000,Set tank.c app_speed/duty level to the logged pwm before sending the move key/protocol command; e=stop.,0.81382,2.18855,0,0,0,2.42411,0.07727,11.19041,0.76987,0.02542,11.2302,0.7703,0.7699,0.06685,4,0.0773,0,0,12.50046,4.62609,0.2933,0.275,2,False,running
b326998ea4,formation_6_dynamic_popup,14,2.8,1784464800,completion_astar,finish_first,r03,r03,True,center,member,local,1,1,1.17383,0.00407,0.00505,0.3116,8e-05,820,820,-10,225,0,0,0000,---,False,0.3116,0.00158,0.3116,8e-05,1.43799,0.00541,cached_path_to_final_target,w,"$1,0,0,0,0,0,0,0,0#",16000,16000,Set tank.c app_speed/duty level to the logged pwm before sending the move key/protocol command; e=stop.,0.81384,2.183,0,0,0,2.24899,0.07727,11.18617,0.76987,0.02542,11.2302,0.7703,0.7699,0.06685,4,0.0773,0,0,12.50046,4.62609,0.2933,0.275,2,False,running
b326998ea4,formation_6_dynamic_popup,14,2.8,1784464800,completion_astar,finish_first,r04,r04,True,center,member,local,1,1,0.99384,0.31177,0.0,0.3116,0.0,820,820,-15,247,0,0,0000,---,False,0.3116,0.0,0.3116,0.0,1.258,0.31177,cached_path_to_final_target,w,"$1,0,0,0,0,0,0,0,0#",16000,16000,Set tank.c app_speed/duty level to the logged pwm before sending the move key/protocol command; e=stop.,0.81384,2.1828,0,0,0,2.47136,0.13444,11.18616,0.76987,0.02542,11.2302,0.7703,0.7699,0.06685,4,0.0773,0,0,12.50046,4.62609,0.2933,0.275,2,False,running
b326998ea4,formation_6_dynamic_popup,14,2.8,1784464800,completion_astar,finish_first,r05,r05,True,center,member,local,1,1,0.57152,0.31177,0.0,0.3116,0.0,820,820,-13,289,0,0,0000,---,False,0.3116,0.0,0.3116,0.0,0.898,0.31177,cached_path_to_final_target,w,"$1,0,0,0,0,0,0,0,0#",16000,16000,Set tank.c app_speed/duty level to the logged pwm before sending the move key/protocol command; e=stop.,0.75152,2.01756,0,0,0,2.88647,0.11792,11.24848,0.76987,0.02542,11.2302,0.7703,0.7699,0.06685,4,0.0773,0,0,12.50046,4.62609,0.2933,0.275,2,False,running
b326998ea4,formation_6_dynamic_popup,14,2.8,1784464800,completion_astar,finish_first,r06,r06,True,center,member,local,1,1,0.32156,0.00282,0.0043,0.2016,0.00107,530,531,-8,310,0,0,0000,---,False,0.14592,0.00065,0.2016,0.00107,0.71799,0.00441,cached_path_to_final_target; completion_unstuck,w,"$1,0,0,0,0,0,0,0,0#",11000,11000,Set tank.c app_speed/duty level to the logged pwm before sending the move key/protocol command; e=stop.,0.68157,1.90587,0,0,0,3.09883,0.11631,11.31844,0.76987,0.02542,11.2302,0.7703,0.7699,0.06685,4,0.0773,0,0,12.50046,4.62609,0.2933,0.275,2,False,running
b326998ea4,formation_6_dynamic_popup,15,3.0,1784465000,completion_astar,finish_first,r01,r01,True,lower,member,local,1,1,0.63065,-0.24023,0.09062,0.3116,0.0001,820,820,-9,278,0,0,0000,---,False,0.31032,0.0282,0.3116,0.0001,0.97045,-0.20934,cached_path_to_final_target,w,"$1,0,0,0,0,0,0,0,0#",16000,16000,Set tank.c app_speed/duty level to the logged pwm before sending the move key/protocol command; e=stop.,0.81383,2.18793,0,0,0,2.78333,0.11631,11.18958,0.8321,0.02749,11.1679,0.8326,0.8321,0.06807,4,0.0729,0,0,13.50076,5.00001,0.3116,0.2774,2,False,running
b326998ea4,formation_6_dynamic_popup,15,3.0,1784465000,completion_astar,finish_first,r02,r02,True,lower,member,local,1,1,1.05189,-0.22586,0.09931,0.3116,0.0,820,820,-10,236,0,0,0000,---,False,0.31006,0.0309,0.3116,0.0,1.3294,-0.19821,cached_path_to_final_target,w,"$1,0,0,0,0,0,0,0,0#",16000,16000,Set tank.c app_speed/duty level to the logged pwm before sending the move key/protocol command; e=stop.,0.87614,2.3538,0,0,0,2.36209,0.07286,11.12844,0.8321,0.02749,11.1679,0.8326,0.8321,0.06807,4,0.0729,0,0,13.50076,5.00001,0.3116,0.2774,2,False,running
b326998ea4,formation_6_dynamic_popup,15,3.0,1784465000,completion_astar,finish_first,r03,r03,True,center,member,local,1,1,1.23615,0.00439,0.00506,0.3116,7e-05,820,820,-10,219,0,0,0000,---,False,0.3116,0.00158,0.3116,7e-05,1.51499,0.0058,cached_path_to_final_target,w,"$1,0,0,0,0,0,0,0,0#",16000,16000,Set tank.c app_speed/duty level to the logged pwm before sending the move key/protocol command; e=stop.,0.87616,2.34824,0,0,0,2.18694,0.07286,11.12385,0.8321,0.02749,11.1679,0.8326,0.8321,0.06807,4,0.0729,0,0,13.50076,5.00001,0.3116,0.2774,2,False,running
b326998ea4,formation_6_dynamic_popup,15,3.0,1784465000,completion_astar,finish_first,r04,r04,True,center,member,local,1,1,1.05616,0.31177,0.0,0.3116,0.0,820,820,-16,241,0,0,0000,---,False,0.3116,0.0,0.3116,0.0,1.335,0.31177,cached_path_to_final_target,w,"$1,0,0,0,0,0,0,0,0#",16000,16000,Set tank.c app_speed/duty level to the logged pwm before sending the move key/protocol command; e=stop.,0.87616,2.34805,0,0,0,2.41031,0.13417,11.12384,0.8321,0.02749,11.1679,0.8326,0.8321,0.06807,4,0.0729,0,0,13.50076,5.00001,0.3116,0.2774,2,False,running
b326998ea4,formation_6_dynamic_popup,15,3.0,1784465000,completion_astar,finish_first,r05,r05,True,center,member,local,1,1,0.63384,0.31177,0.0,0.3116,0.0,820,820,-14,283,0,0,0000,---,False,0.3116,0.0,0.3116,0.0,0.975,0.31177,cached_path_to_final_target,w,"$1,0,0,0,0,0,0,0,0#",16000,16000,Set tank.c app_speed/duty level to the logged pwm before sending the move key/protocol command; e=stop.,0.81384,2.1828,0,0,0,2.82509,0.11792,11.18616,0.8321,0.02749,11.1679,0.8326,0.8321,0.06807,4,0.0729,0,0,13.50076,5.00001,0.3116,0.2774,2,False,running
b326998ea4,formation_6_dynamic_popup,15,3.0,1784465000,completion_astar,finish_first,r06,r06,True,center,member,local,1,1,0.38388,0.00308,0.00415,0.3116,-0.00074,820,820,-8,304,0,0,0000,---,False,0.3116,0.00126,0.3116,-0.00074,0.79499,0.00473,cached_path_to_final_target,w,"$1,0,0,0,0,0,0,0,0#",16000,16000,Set tank.c app_speed/duty level to the logged pwm before sending the move key/protocol command; e=stop.,0.74389,2.07993,0,0,0,3.03666,0.11631,11.25612,0.8321,0.02749,11.1679,0.8326,0.8321,0.06807,4,0.0729,0,0,13.50076,5.00001,0.3116,0.2774,2,False,running
b326998ea4,formation_6_dynamic_popup,16,3.2,1784465200,completion_astar,finish_first,r01,r01,True,lower,member,local,1,1,0.69272,-0.23459,0.09063,0.3116,5e-05,820,820,-9,272,0,0,0000,---,False,0.31032,0.0282,0.3116,5e-05,1.04713,-0.20237,cached_path_to_final_target,w,"$1,0,0,0,0,0,0,0,0#",16000,16000,Set tank.c app_speed/duty level to the logged pwm before sending the move key/protocol command; e=stop.,0.87615,2.35318,0,0,0,2.72127,0.11631,11.12755,0.89432,0.02955,11.1057,0.8948,0.8943,0.06941,4,0.0685,0,0,14.49224,5.37393,0.3116,0.2795,2,False,running
b326998ea4,formation_6_dynamic_popup,16,3.2,1784465200,completion_astar,finish_first,r02,r02,True,lower,member,local,1,1,1.1139,-0.21968,0.09932,0.3116,2e-05,820,820,-11,230,0,0,0000,---,False,0.31006,0.0309,0.3116,2e-05,1.40602,-0.19057,cached_path_to_final_target,w,"$1,0,0,0,0,0,0,0,0#",16000,16000,Set tank.c app_speed/duty level to the logged pwm before sending the move key/protocol command; e=stop.,0.93846,2.51904,0,0,0,2.30008,0.0685,11.06648,0.89432,0.02955,11.1057,0.8948,0.8943,0.06941,4,0.0685,0,0,14.49224,5.37393,0.3116,0.2795,2,False,running
b326998ea4,formation_6_dynamic_popup,16,3.2,1784465200,completion_astar,finish_first,r03,r03,True,center,member,local,1,1,1.29847,0.0047,0.00507,0.3116,5e-05,820,820,-11,212,0,0,0000,---,False,0.3116,0.00158,0.3116,5e-05,1.59198,0.0062,cached_path_to_final_target,w,"$1,0,0,0,0,0,0,0,0#",16000,16000,Set tank.c app_speed/duty level to the logged pwm before sending the move key/protocol command; e=stop.,0.93848,2.51349,0,0,0,2.1249,0.0685,11.06153,0.89432,0.02955,11.1057,0.8948,0.8943,0.06941,4,0.0685,0,0,14.49224,5.37393,0.3116,0.2795,2,False,running
b326998ea4,formation_6_dynamic_popup,16,3.2,1784465200,completion_astar,finish_first,r04,r04,True,center,member,local,1,1,1.11848,0.31177,0.0,0.3116,0.0,820,820,-16,235,0,0,0000,---,False,0.3116,0.0,0.3116,0.0,1.412,0.31177,cached_path_to_final_target,w,"$1,0,0,0,0,0,0,0,0#",16000,16000,Set tank.c app_speed/duty level to the logged pwm before sending the move key/protocol command; e=stop.,0.93848,2.5133,0,0,0,2.34932,0.13389,11.06152,0.89432,0.02955,11.1057,0.8948,0.8943,0.06941,4,0.0685,0,0,14.49224,5.37393,0.3116,0.2795,2,False,running
b326998ea4,formation_6_dynamic_popup,16,3.2,1784465200,completion_astar,finish_first,r05,r05,True,center,member,local,1,1,0.69616,0.31177,0.0,0.3116,0.0,820,820,-14,276,0,0,0000,---,False,0.3116,0.0,0.3116,0.0,1.052,0.31177,cached_path_to_final_target,w,"$1,0,0,0,0,0,0,0,0#",16000,16000,Set tank.c app_speed/duty level to the logged pwm before sending the move key/protocol command; e=stop.,0.87616,2.34805,0,0,0,2.76374,0.11792,11.12384,0.89432,0.02955,11.1057,0.8948,0.8943,0.06941,4,0.0685,0,0,14.49224,5.37393,0.3116,0.2795,2,False,running
b326998ea4,formation_6_dynamic_popup,16,3.2,1784465200,completion_astar,finish_first,r06,r06,True,center,member,local,1,1,0.4462,0.00333,0.00409,0.3116,-0.00032,820,820,-8,297,0,0,0000,---,False,0.3116,0.00126,0.3116,-0.00032,0.87199,0.00505,cached_path_to_final_target,w,"$1,0,0,0,0,0,0,0,0#",16000,16000,Set tank.c app_speed/duty level to the logged pwm before sending the move key/protocol command; e=stop.,0.80621,2.24518,0,0,0,2.97449,0.11631,11.1938,0.89432,0.02955,11.1057,0.8948,0.8943,0.06941,4,0.0685,0,0,14.49224,5.37393,0.3116,0.2795,2,False,running
b326998ea4,formation_6_dynamic_popup,17,3.4,1784465400,completion_astar,finish_first,r01,r01,True,lower,member,local,1,1,0.75478,-0.22895,0.09064,0.3116,3e-05,820,820,-9,266,0,0,0000,---,False,0.31032,0.02821,0.3116,3e-05,1.12381,-0.1954,path_to_final_target,w,"$1,0,0,0,0,0,0,0,0#",16000,16000,Set tank.c app_speed/duty level to the logged pwm before sending the move key/protocol command; e=stop.,0.93847,2.51842,0,0,0,2.6592,0.11631,11.06553,0.95655,0.03162,11.0435,0.9571,0.9565,0.07087,4,0.0642,0,0,15.48372,5.74785,0.3116,0.2813,2,False,running
b326998ea4,formation_6_dynamic_popup,17,3.4,1784465400,completion_astar,finish_first,r02,r02,True,lower,member,local,1,1,1.17592,-0.2135,0.09932,0.3116,2e-05,820,820,-11,224,0,0,0000,---,False,0.31006,0.0309,0.3116,2e-05,1.48264,-0.18293,path_to_final_target,w,"$1,0,0,0,0,0,0,0,0#",16000,16000,Set tank.c app_speed/duty level to the logged pwm before sending the move key/protocol command; e=stop.,1.00078,2.68429,0,0,0,2.23807,0.06419,11.00452,0.95655,0.03162,11.0435,0.9571,0.9565,0.07087,4,0.0642,0,0,15.48372,5.74785,0.3116,0.2813,2,False,running
b326998ea4,formation_6_dynamic_popup,17,3.4,1784465400,completion_astar,finish_first,r03,r03,True,center,member,local,1,1,1.36079,0.00502,0.00506,0.3116,-6e-05,820,820,-11,206,0,0,0100,---,False,0.3116,0.00157,0.3116,-6e-05,1.66898,0.00658,path_to_final_target,w,"$1,0,0,0,0,0,0,0,0#",16000,16000,Set tank.c app_speed/duty level to the logged pwm before sending the move key/protocol command; e=stop.,1.0008,2.67874,0,0,0,2.06288,0.06419,10.99921,0.95655,0.03162,11.0435,0.9571,0.9565,0.07087,4,0.0642,0,0,15.48372,5.74785,0.3116,0.2813,2,False,running
b326998ea4,formation_6_dynamic_popup,17,3.4,1784465400,completion_astar,finish_first,r04,r04,True,center,member,local,1,1,1.1808,0.31177,0.0,0.3116,0.0,820,820,-16,229,0,0,0000,---,False,0.3116,0.0,0.3116,0.0,1.489,0.31177,path_to_final_target,w,"$1,0,0,0,0,0,0,0,0#",16000,16000,Set tank.c app_speed/duty level to the logged pwm before sending the move key/protocol command; e=stop.,1.0008,2.67854,0,0,0,2.28839,0.13362,10.9992,0.95655,0.03162,11.0435,0.9571,0.9565,0.07087,4,0.0642,0,0,15.48372,5.74785,0.3116,0.2813,2,False,running
b326998ea4,formation_6_dynamic_popup,17,3.4,1784465400,completion_astar,finish_first,r05,r05,True,center,member,local,1,1,0.75848,0.31177,0.0,0.3116,0.0,820,820,-14,270,0,0,0000,---,False,0.3116,0.0,0.3116,0.0,1.129,0.31177,path_to_final_target,w,"$1,0,0,0,0,0,0,0,0#",16000,16000,Set tank.c app_speed/duty level to the logged pwm before sending the move key/protocol command; e=stop.,0.93848,2.5133,0,0,0,2.70244,0.11792,11.06152,0.95655,0.03162,11.0435,0.9571,0.9565,0.07087,4,0.0642,0,0,15.48372,5.74785,0.3116,0.2813,2,False,running
b326998ea4,formation_6_dynamic_popup,17,3.4,1784465400,completion_astar,finish_first,r06,r06,True,center,member,local,1,1,0.50852,0.00359,0.0041,0.3116,6e-05,820,820,-8,291,0,0,0000,---,False,0.3116,0.00128,0.3116,6e-05,0.94899,0.0054,path_to_final_target,w,"$1,0,0,0,0,0,0,0,0#",16000,16000,Set tank.c app_speed/duty level to the logged pwm before sending the move key/protocol command; e=stop.,0.86853,2.41043,0,0,0,2.91232,0.11631,11.13148,0.95655,0.03162,11.0435,0.9571,0.9565,0.07087,4,0.0642,0,0,15.48372,5.74785,0.3116,0.2813,2,False,running
b326998ea4,formation_6_dynamic_popup,18,3.6,1784465600,completion_astar,finish_first,r01,r01,True,lower,member,local,1,1,0.81684,-0.2233,0.09064,0.3116,1e-05,820,820,-10,260,0,0,0000,---,False,0.31032,0.02821,0.3116,1e-05,1.2005,-0.18843,cached_path_to_final_target,w,"$1,0,0,0,0,0,0,0,0#",16000,16000,Set tank.c app_speed/duty level to the logged pwm before sending the move key/protocol command; e=stop.,1.00079,2.68367,0,0,0,2.59714,0.11631,11.00351,1.01511,0.03367,10.9849,1.0157,1.0151,0.07934,5,0.0599,0,0,16.42567,6.09977,0.2933,0.282,2,False,running
b326998ea4,formation_6_dynamic_popup,18,3.6,1784465600,completion_astar,finish_first,r02,r02,True,lower,member,local,1,1,1.23793,-0.20732,0.09933,0.3116,2e-05,820,820,-11,218,0,0,0000,---,False,0.31006,0.0309,0.3116,2e-05,1.55926,-0.1753,cached_path_to_final_target,w,"$1,0,0,0,0,0,0,0,0#",16000,16000,Set tank.c app_speed/duty level to the logged pwm before sending the move key/protocol command; e=stop.,1.0631,2.84954,0,0,0,2.17605,0.05994,10.94257,1.01511,0.03367,10.9849,1.0157,1.0151,0.07934,5,0.0599,0,0,16.42567,6.09977,0.2933,0.282,2,False,running
b326998ea4,formation_6_dynamic_popup,18,3.6,1784465600,completion_astar,finish_first,r03,r03,True,center,member,local,1,1,1.42311,0.00533,0.00505,0.3116,-8e-05,820,820,-11,200,0,0,0100,---,False,0.3116,0.00157,0.3116,-8e-05,1.74598,0.00696,cached_path_to_final_target,w,"$1,0,0,0,0,0,0,0,0#",16000,16000,Set tank.c app_speed/duty level to the logged pwm before sending the move key/protocol command; e=stop.,1.06312,2.84398,0,0,0,2.00088,0.05994,10.93689,1.01511,0.03367,10.9849,1.0157,1.0151,0.07934,5,0.0599,0,0,16.42567,6.09977,0.2933,0.282,2,False,running
b326998ea4,formation_6_dynamic_popup,18,3.6,1784465600,completion_astar,finish_first,r04,r04,True,center,member,local,1,1,1.24312,0.31177,0.0,0.3116,0.0,820,820,-17,223,0,0,0000,---,False,0.3116,0.0,0.3116,0.0,1.566,0.31177,cached_path_to_final_target,w,"$1,0,0,0,0,0,0,0,0#",16000,16000,Set tank.c app_speed/duty level to the logged pwm before sending the move key/protocol command; e=stop.,1.06312,2.84379,0,0,0,2.22755,0.13335,10.93688,1.01511,0.03367,10.9849,1.0157,1.0151,0.07934,5,0.0599,0,0,16.42567,6.09977,0.2933,0.282,2,False,running
b326998ea4,formation_6_dynamic_popup,18,3.6,1784465600,completion_astar,finish_first,r05,r05,True,center,member,local,1,1,0.8208,0.31177,0.0,0.3116,0.0,820,820,-14,264,0,0,0000,---,False,0.3116,0.0,0.3116,0.0,1.206,0.31177,cached_path_to_final_target,w,"$1,0,0,0,0,0,0,0,0#",16000,16000,Set tank.c app_speed/duty level to the logged pwm before sending the move key/protocol command; e=stop.,1.0008,2.67854,0,0,0,2.64118,0.11792,10.9992,1.01511,0.03367,10.9849,1.0157,1.0151,0.07934,5,0.0599,0,0,16.42567,6.09977,0.2933,0.282,2,False,running
b326998ea4,formation_6_dynamic_popup,18,3.6,1784465600,completion_astar,finish_first,r06,r06,True,center,member,local,1,1,0.54884,0.00376,0.00437,0.2016,0.00134,530,531,-8,287,0,0,0000,---,False,0.14592,0.00067,0.2016,0.00134,1.02599,0.00573,cached_path_to_final_target; completion_unstuck,w,"$1,0,0,0,0,0,0,0,0#",11000,11000,Set tank.c app_speed/duty level to the logged pwm before sending the move key/protocol command; e=stop.,0.90885,2.52615,0,0,0,2.87211,0.11631,11.09116,1.01511,0.03367,10.9849,1.0157,1.0151,0.07934,5,0.0599,0,0,16.42567,6.09977,0.2933,0.282,2,False,running
b326998ea4,formation_6_dynamic_popup,19,3.8,1784465800,completion_astar,finish_first,r01,r01,True,lower,member,local,1,1,0.87891,-0.21766,0.09064,0.3116,1e-05,820,820,-10,254,0,0,0000,---,False,0.31032,0.02821,0.3116,1e-05,1.27718,-0.18146,cached_path_to_final_target,w,"$1,0,0,0,0,0,0,0,0#",16000,16000,Set tank.c app_speed/duty level to the logged pwm before sending the move key/protocol command; e=stop.,1.06311,2.84892,0,0,0,2.53507,0.11631,10.9415,1.07371,0.03537,10.9263,1.0743,1.0737,0.07778,4,0.0599,0,0,17.37686,6.45188,0.2934,0.2826,2,False,running
b326998ea4,formation_6_dynamic_popup,19,3.8,1784465800,completion_astar,finish_first,r02,r02,True,lower,member,local,1,1,1.27824,-0.2033,0.09933,0.20254,1e-05,533,533,-11,214,0,0,0000,---,False,0.20154,0.02009,0.20254,1e-05,1.63588,-0.16766,cached_path_to_final_target,w,"$1,0,0,0,0,0,0,0,0#",11000,11000,Set tank.c app_speed/duty level to the logged pwm before sending the move key/protocol command; e=stop.,1.10361,2.96567,0,0,0,2.13575,0.05994,10.9023,1.07371,0.03537,10.9263,1.0743,1.0737,0.07778,4,0.0599,0,0,17.37686,6.45188,0.2934,0.2826,2,False,running
b326998ea4,formation_6_dynamic_popup,19,3.8,1784465800,completion_astar,finish_first,r03,r03,True,center,member,local,1,1,1.48543,0.00565,0.00503,0.3116,-7e-05,820,820,-11,194,0,0,0100,---,False,0.3116,0.00156,0.3116,-7e-05,1.82298,0.00734,cached_path_to_final_target,w,"$1,0,0,0,0,0,0,0,0#",16000,16000,Set tank.c app_speed/duty level to the logged pwm before sending the move key/protocol command; e=stop.,1.12544,3.00923,0,0,0,1.9389,0.05994,10.87458,1.07371,0.03537,10.9263,1.0743,1.0737,0.07778,4,0.0599,0,0,17.37686,6.45188,0.2934,0.2826,2,False,running
b326998ea4,formation_6_dynamic_popup,19,3.8,1784465800,completion_astar,finish_first,r04,r04,True,center,member,local,1,1,1.30544,0.31177,0.0,0.3116,0.0,820,820,-17,217,0,0,0000,---,False,0.3116,0.0,0.3116,0.0,1.643,0.31177,cached_path_to_final_target,w,"$1,0,0,0,0,0,0,0,0#",16000,16000,Set tank.c app_speed/duty level to the logged pwm before sending the move key/protocol command; e=stop.,1.12544,3.00904,0,0,0,2.16678,0.13308,10.87456,1.07371,0.03537,10.9263,1.0743,1.0737,0.07778,4,0.0599,0,0,17.37686,6.45188,0.2934,0.2826,2,False,running
b326998ea4,formation_6_dynamic_popup,19,3.8,1784465800,completion_astar,finish_first,r05,r05,True,center,member,local,1,1,0.88312,0.31177,0.0,0.3116,0.0,820,820,-15,258,0,0,0000,---,False,0.3116,0.0,0.3116,0.0,1.283,0.31177,cached_path_to_final_target,w,"$1,0,0,0,0,0,0,0,0#",16000,16000,Set tank.c app_speed/duty level to the logged pwm before sending the move key/protocol command; e=stop.,1.06312,2.84379,0,0,0,2.57997,0.11792,10.93688,1.07371,0.03537,10.9263,1.0743,1.0737,0.07778,4,0.0599,0,0,17.37686,6.45188,0.2934,0.2826,2,False,running
b326998ea4,formation_6_dynamic_popup,19,3.8,1784465800,completion_astar,finish_first,r06,r06,True,center,member,local,1,1,0.61116,0.00403,0.00424,0.3116,-0.00064,820,820,-8,281,0,0,0000,---,False,0.3116,0.00129,0.3116,-0.00064,1.07768,0.00595,cached_path_to_final_target,w,"$1,0,0,0,0,0,0,0,0#",16000,16000,Set tank.c app_speed/duty level to the logged pwm before sending the move key/protocol command; e=stop.,0.97117,2.70022,0,0,0,2.80996,0.11631,11.02884,1.07371,0.03537,10.9263,1.0743,1.0737,0.07778,4,0.0599,0,0,17.37686,6.45188,0.2934,0.2826,2,False,running
b326998ea4,formation_6_dynamic_popup,20,4.0,1784466000,completion_astar,finish_first,r01,r01,True,lower,member,local,1,1,0.94097,-0.21202,0.09064,0.3116,0.0,820,820,-10,247,0,0,0000,---,False,0.31032,0.02821,0.3116,0.0,1.35387,-0.17449,cached_path_to_final_target,w,"$1,0,0,0,0,0,0,0,0#",16000,16000,Set tank.c app_speed/duty level to the logged pwm before sending the move key/protocol command; e=stop.,1.12543,3.01416,0,0,0,2.47301,0.11631,10.87949,1.13594,0.03744,10.8641,1.1366,1.1359,0.07937,4,0.0599,0,0,18.37707,6.8258,0.3116,0.284,2,False,running
b326998ea4,formation_6_dynamic_popup,20,4.0,1784466000,completion_astar,finish_first,r02,r02,True,lower,member,local,1,1,1.34025,-0.19712,0.09933,0.3116,1e-05,820,820,-12,207,0,0,0000,---,False,0.31006,0.0309,0.3116,1e-05,1.7125,-0.16002,cached_path_to_final_target,w,"$1,0,0,0,0,0,0,0,0#",16000,16000,Set tank.c app_speed/duty level to the logged pwm before sending the move key/protocol command; e=stop.,1.16593,3.13964,0,0,0,2.07373,0.05994,10.84036,1.13594,0.03744,10.8641,1.1366,1.1359,0.07937,4,0.0599,0,0,18.37707,6.8258,0.3116,0.284,2,False,running
b326998ea4,formation_6_dynamic_popup,20,4.0,1784466000,completion_astar,finish_first,r03,r03,True,center,member,local,1,1,1.54774,0.00596,0.00502,0.3116,-5e-05,820,820,-12,188,0,0,0100,---,False,0.3116,0.00156,0.3116,-5e-05,1.89998,0.00773,cached_path_to_final_target,w,"$1,0,0,0,0,0,0,0,0#",16000,16000,Set tank.c app_speed/duty level to the logged pwm before sending the move key/protocol command; e=stop.,1.18776,3.17448,0,0,0,1.87693,0.05994,10.81226,1.13594,0.03744,10.8641,1.1366,1.1359,0.07937,4,0.0599,0,0,18.37707,6.8258,0.3116,0.284,2,False,running
b326998ea4,formation_6_dynamic_popup,20,4.0,1784466000,completion_astar,finish_first,r04,r04,True,center,member,local,1,1,1.36776,0.31177,0.0,0.3116,0.0,820,820,-17,211,0,0,0000,---,False,0.3116,0.0,0.3116,0.0,1.72,0.31177,cached_path_to_final_target,w,"$1,0,0,0,0,0,0,0,0#",16000,16000,Set tank.c app_speed/duty level to the logged pwm before sending the move key/protocol command; e=stop.,1.18776,3.17428,0,0,0,2.1061,0.13281,10.81224,1.13594,0.03744,10.8641,1.1366,1.1359,0.07937,4,0.0599,0,0,18.37707,6.8258,0.3116,0.284,2,False,running
b326998ea4,formation_6_dynamic_popup,20,4.0,1784466000,completion_astar,finish_first,r05,r05,True,center,member,local,1,1,0.94544,0.31177,0.0,0.3116,0.0,820,820,-15,252,0,0,0000,---,False,0.3116,0.0,0.3116,0.0,1.36,0.31177,cached_path_to_final_target,w,"$1,0,0,0,0,0,0,0,0#",16000,16000,Set tank.c app_speed/duty level to the logged pwm before sending the move key/protocol command; e=stop.,1.12544,3.00904,0,0,0,2.51882,0.11792,10.87456,1.13594,0.03744,10.8641,1.1366,1.1359,0.07937,4,0.0599,0,0,18.37707,6.8258,0.3116,0.284,2,False,running
b326998ea4,formation_6_dynamic_popup,20,4.0,1784466000,completion_astar,finish_first,r06,r06,True,center,member,local,1,1,0.67348,0.00429,0.00418,0.3116,-0.00028,820,820,-9,275,0,0,0000,---,False,0.3116,0.00129,0.3116,-0.00028,1.13681,0.0062,cached_path_to_final_target,w,"$1,0,0,0,0,0,0,0,0#",16000,16000,Set tank.c app_speed/duty level to the logged pwm before sending the move key/protocol command; e=stop.,1.03349,2.86547,0,0,0,2.74781,0.11631,10.96652,1.13594,0.03744,10.8641,1.1366,1.1359,0.07937,4,0.0599,0,0,18.37707,6.8258,0.3116,0.284,2,False,running
b326998ea4,formation_6_dynamic_popup,21,4.2,1784466200,completion_astar,finish_first,r01,r01,True,lower,member,local,1,1,1.00304,-0.20638,0.09064,0.3116,0.0,820,820,-10,241,0,0,0000,---,False,0.31032,0.02821,0.3116,0.0,1.43055,-0.16752,path_to_final_target,w,"$1,0,0,0,0,0,0,0,0#",16000,16000,Set tank.c app_speed/duty level to the logged pwm before sending the move key/protocol command; e=stop.,1.18775,3.17941,0,0,0,2.41095,0.11631,10.81748,1.19817,0.03951,10.8019,1.1988,1.1982,0.08105,5,0.0599,0,0,19.36855,7.19972,0.3116,0.2853,2,False,running
b326998ea4,formation_6_dynamic_popup,21,4.2,1784466200,completion_astar,finish_first,r02,r02,True,lower,member,local,1,1,1.40226,-0.19094,0.09933,0.3116,0.0,820,820,-12,201,0,0,0000,---,False,0.31006,0.0309,0.3116,0.0,1.78913,-0.15239,path_to_final_target,w,"$1,0,0,0,0,0,0,0,0#",16000,16000,Set tank.c app_speed/duty level to the logged pwm before sending the move key/protocol command; e=stop.,1.22825,3.30489,0,0,0,2.01174,0.05994,10.77842,1.19817,0.03951,10.8019,1.1988,1.1982,0.08105,5,0.0599,0,0,19.36855,7.19972,0.3116,0.2853,2,False,running
b326998ea4,formation_6_dynamic_popup,21,4.2,1784466200,completion_astar,finish_first,r03,r03,True,center,member,local,1,1,1.61006,0.00627,0.00504,0.3116,8e-05,820,820,-12,181,0,0,0100,---,False,0.3116,0.00157,0.3116,8e-05,1.97698,0.00813,path_to_final_target,w,"$1,0,0,0,0,0,0,0,0#",16000,16000,Set tank.c app_speed/duty level to the logged pwm before sending the move key/protocol command; e=stop.,1.25008,3.33972,0,0,0,1.815,0.05994,10.74994,1.19817,0.03951,10.8019,1.1988,1.1982,0.08105,5,0.0599,0,0,19.36855,7.19972,0.3116,0.2853,2,False,running
b326998ea4,formation_6_dynamic_popup,21,4.2,1784466200,completion_astar,finish_first,r04,r04,True,center,member,local,1,1,1.43008,0.31177,0.0,0.3116,0.0,820,820,-18,205,0,0,0000,---,False,0.3116,0.0,0.3116,0.0,1.797,0.31177,path_to_final_target,w,"$1,0,0,0,0,0,0,0,0#",16000,16000,Set tank.c app_speed/duty level to the logged pwm before sending the move key/protocol command; e=stop.,1.25008,3.33953,0,0,0,2.04551,0.13254,10.74992,1.19817,0.03951,10.8019,1.1988,1.1982,0.08105,5,0.0599,0,0,19.36855,7.19972,0.3116,0.2853,2,False,running
b326998ea4,formation_6_dynamic_popup,21,4.2,1784466200,completion_astar,finish_first,r05,r05,True,center,member,local,1,1,1.00776,0.31177,0.0,0.3116,0.0,820,820,-15,246,0,0,0000,---,False,0.3116,0.0,0.3116,0.0,1.437,0.31177,path_to_final_target,w,"$1,0,0,0,0,0,0,0,0#",16000,16000,Set tank.c app_speed/duty level to the logged pwm before sending the move key/protocol command; e=stop.,1.18776,3.17428,0,0,0,2.45772,0.11792,10.81224,1.19817,0.03951,10.8019,1.1988,1.1982,0.08105,5,0.0599,0,0,19.36855,7.19972,0.3116,0.2853,2,False,running
b326998ea4,formation_6_dynamic_popup,21,4.2,1784466200,completion_astar,finish_first,r06,r06,True,center,member,local,1,1,0.7358,0.00454,0.00414,0.3116,-0.00022,820,820,-9,269,0,0,0000,---,False,0.3116,0.00128,0.3116,-0.00022,1.19818,0.00644,path_to_final_target,w,"$1,0,0,0,0,0,0,0,0#",16000,16000,Set tank.c app_speed/duty level to the logged pwm before sending the move key/protocol command; e=stop.,1.09581,3.03071,0,0,0,2.68567,0.11631,10.9042,1.19817,0.03951,10.8019,1.1988,1.1982,0.08105,5,0.0599,0,0,19.36855,7.19972,0.3116,0.2853,2,False,running
b326998ea4,formation_6_dynamic_popup,22,4.4,1784466400,completion_astar,finish_first,r01,r01,True,lower,member,local,1,1,1.0651,-0.20074,0.09064,0.3116,0.0,820,820,-10,235,0,0,0000,---,False,0.31032,0.02821,0.3116,0.0,1.50723,-0.16055,cached_path_to_final_target,w,"$1,0,0,0,0,0,0,0,0#",16000,16000,Set tank.c app_speed/duty level to the logged pwm before sending the move key/protocol command; e=stop.,1.25007,3.34465,0,0,0,2.34888,0.11631,10.75547,1.25673,0.04156,10.7434,1.2574,1.2567,0.08967,6,0.0599,0,0,20.3105,7.55164,0.2933,0.2856,2,False,running
b326998ea4,formation_6_dynamic_popup,22,4.4,1784466400,completion_astar,finish_first,r02,r02,True,lower,member,local,1,1,1.46427,-0.18476,0.09933,0.3116,0.0,820,820,-12,195,0,0,0000,---,False,0.31006,0.0309,0.3116,0.0,1.86575,-0.14475,cached_path_to_final_target,w,"$1,0,0,0,0,0,0,0,0#",16000,16000,Set tank.c app_speed/duty level to the logged pwm before sending the move key/protocol command; e=stop.,1.29057,3.47014,0,0,0,1.94976,0.05994,10.71648,1.25673,0.04156,10.7434,1.2574,1.2567,0.08967,6,0.0599,0,0,20.3105,7.55164,0.2933,0.2856,2,False,running
b326998ea4,formation_6_dynamic_popup,22,4.4,1784466400,completion_astar,finish_first,r03,r03,True,center,member,local,1,1,1.67238,0.00659,0.00506,0.3116,9e-05,820,820,-12,175,0,0,0100,---,False,0.3116,0.00158,0.3116,9e-05,2.05398,0.00853,cached_path_to_final_target,w,"$1,0,0,0,0,0,0,0,0#",16000,16000,Set tank.c app_speed/duty level to the logged pwm before sending the move key/protocol command; e=stop.,1.3124,3.50497,0,0,0,1.75308,0.05994,10.68762,1.25673,0.04156,10.7434,1.2574,1.2567,0.08967,6,0.0599,0,0,20.3105,7.55164,0.2933,0.2856,2,False,running
b326998ea4,formation_6_dynamic_popup,22,4.4,1784466400,completion_astar,finish_first,r04,r04,True,center,member,local,1,1,1.4924,0.31177,0.0,0.3116,0.0,820,820,-18,199,0,0,0000,---,False,0.3116,0.0,0.3116,0.0,1.874,0.31177,cached_path_to_final_target,w,"$1,0,0,0,0,0,0,0,0#",16000,16000,Set tank.c app_speed/duty level to the logged pwm before sending the move key/protocol command; e=stop.,1.3124,3.50478,0,0,0,1.98502,0.13226,10.6876,1.25673,0.04156,10.7434,1.2574,1.2567,0.08967,6,0.0599,0,0,20.3105,7.55164,0.2933,0.2856,2,False,running
b326998ea4,formation_6_dynamic_popup,22,4.4,1784466400,completion_astar,finish_first,r05,r05,True,center,member,local,1,1,1.07008,0.31177,0.0,0.3116,0.0,820,820,-16,240,0,0,0000,---,False,0.3116,0.0,0.3116,0.0,1.514,0.31177,cached_path_to_final_target,w,"$1,0,0,0,0,0,0,0,0#",16000,16000,Set tank.c app_speed/duty level to the logged pwm before sending the move key/protocol command; e=stop.,1.25008,3.33953,0,0,0,2.39668,0.11792,10.74992,1.25673,0.04156,10.7434,1.2574,1.2567,0.08967,6,0.0599,0,0,20.3105,7.55164,0.2933,0.2856,2,False,running
b326998ea4,formation_6_dynamic_popup,22,4.4,1784466400,completion_astar,finish_first,r06,r06,True,center,member,local,1,1,0.77612,0.00472,0.00436,0.2016,0.00111,530,531,-9,265,0,0,0000,---,False,0.14592,0.00066,0.2016,0.00111,1.26021,0.00669,cached_path_to_final_target; completion_unstuck,w,"$1,0,0,0,0,0,0,0,0#",11000,11000,Set tank.c app_speed/duty level to the logged pwm before sending the move key/protocol command; e=stop.,1.13613,3.14643,0,0,0,2.64548,0.11631,10.86388,1.25673,0.04156,10.7434,1.2574,1.2567,0.08967,6,0.0599,0,0,20.3105,7.55164,0.2933,0.2856,2,False,running
b326998ea4,formation_6_dynamic_popup,23,4.6,1784466600,completion_astar,finish_first,r01,r01,True,lower,member,local,1,1,1.12716,-0.1951,0.09064,0.3116,0.0,820,820,-11,229,0,0,0000,---,False,0.31032,0.02821,0.3116,0.0,1.58186,-0.15377,cached_path_to_final_target,w,"$1,0,0,0,0,0,0,0,0#",16000,16000,Set tank.c app_speed/duty level to the logged pwm before sending the move key/protocol command; e=stop.,1.31239,3.5099,0,0,0,2.28682,0.11631,10.69347,1.31895,0.04362,10.6811,1.3197,1.319,0.0913,7,0.057,0,0,21.3108,7.92556,0.3116,0.2867,2,False,running
b326998ea4,formation_6_dynamic_popup,23,4.6,1784466600,completion_astar,finish_first,r02,r02,True,lower,member,local,1,1,1.52629,-0.17858,0.09933,0.3116,0.0,820,820,-12,189,0,0,0000,---,False,0.31006,0.0309,0.3116,0.0,1.94237,-0.13712,cached_path_to_final_target,w,"$1,0,0,0,0,0,0,0,0#",16000,16000,Set tank.c app_speed/duty level to the logged pwm before sending the move key/protocol command; e=stop.,1.35289,3.63538,0,0,0,1.88781,0.05697,10.65454,1.31895,0.04362,10.6811,1.3197,1.319,0.0913,7,0.057,0,0,21.3108,7.92556,0.3116,0.2867,2,False,running
b326998ea4,formation_6_dynamic_popup,23,4.6,1784466600,completion_astar,finish_first,r03,r03,True,center,member,local,1,1,1.7347,0.00691,0.00507,0.3116,7e-05,820,820,-13,169,0,0,0100,---,False,0.3116,0.00158,0.3116,7e-05,2.13098,0.00892,cached_path_to_final_target,w,"$1,0,0,0,0,0,0,0,0#",16000,16000,Set tank.c app_speed/duty level to the logged pwm before sending the move key/protocol command; e=stop.,1.37472,3.67022,0,0,0,1.6912,0.05697,10.6253,1.31895,0.04362,10.6811,1.3197,1.319,0.0913,7,0.057,0,0,21.3108,7.92556,0.3116,0.2867,2,False,running
b326998ea4,formation_6_dynamic_popup,23,4.6,1784466600,completion_astar,finish_first,r04,r04,True,center,member,local,1,1,1.55472,0.31177,0.0,0.3116,0.0,820,820,-19,192,0,0,0000,---,False,0.3116,0.0,0.3116,0.0,1.951,0.31177,cached_path_to_final_target,w,"$1,0,0,0,0,0,0,0,0#",16000,16000,Set tank.c app_speed/duty level to the logged pwm before sending the move key/protocol command; e=stop.,1.37472,3.67002,0,0,0,1.92464,0.13199,10.62528,1.31895,0.04362,10.6811,1.3197,1.319,0.0913,7,0.057,0,0,21.3108,7.92556,0.3116,0.2867,2,False,running
b326998ea4,formation_6_dynamic_popup,23,4.6,1784466600,completion_astar,finish_first,r05,r05,True,center,member,local,1,1,1.1324,0.31177,0.0,0.3116,0.0,820,820,-16,234,0,0,0000,---,False,0.3116,0.0,0.3116,0.0,1.58896,0.31177,cached_path_to_final_target,w,"$1,0,0,0,0,0,0,0,0#",16000,16000,Set tank.c app_speed/duty level to the logged pwm before sending the move key/protocol command; e=stop.,1.3124,3.50478,0,0,0,2.3357,0.11792,10.6876,1.31895,0.04362,10.6811,1.3197,1.319,0.0913,7,0.057,0,0,21.3108,7.92556,0.3116,0.2867,2,False,running
b326998ea4,formation_6_dynamic_popup,23,4.6,1784466600,completion_astar,finish_first,r06,r06,True,center,member,local,1,1,0.83844,0.00498,0.00421,0.3116,-0.00076,820,820,-9,258,0,0,0000,---,False,0.3116,0.00127,0.3116,-0.00076,1.30704,0.00689,cached_path_to_final_target,w,"$1,0,0,0,0,0,0,0,0#",16000,16000,Set tank.c app_speed/duty level to the logged pwm before sending the move key/protocol command; e=stop.,1.19845,3.3205,0,0,0,2.58335,0.11631,10.80156,1.31895,0.04362,10.6811,1.3197,1.319,0.0913,7,0.057,0,0,21.3108,7.92556,0.3116,0.2867,2,False,running
b326998ea4,formation_6_dynamic_popup,24,4.8,1784466800,completion_astar,finish_first,r01,r01,True,lower,member,local,1,1,1.18923,-0.18946,0.09064,0.3116,-0.0,820,820,-11,222,0,0,0000,---,False,0.31032,0.02821,0.3116,-0.0,1.64769,-0.14779,cached_path_to_final_target,w,"$1,0,0,0,0,0,0,0,0#",16000,16000,Set tank.c app_speed/duty level to the logged pwm before sending the move key/protocol command; e=stop.,1.37471,3.67515,0,0,0,2.22478,0.11631,10.63148,1.38118,0.04569,10.6189,1.3819,1.3812,0.09299,7,0.0533,0,0,22.30228,8.29948,0.3116,0.2877,2,False,running
b326998ea4,formation_6_dynamic_popup,24,4.8,1784466800,completion_astar,finish_first,r02,r02,True,lower,member,local,1,1,1.5883,-0.1724,0.09933,0.3116,0.0,820,820,-13,183,0,0,0000,---,False,0.31006,0.0309,0.3116,0.0,2.01899,-0.12948,cached_path_to_final_target,w,"$1,0,0,0,0,0,0,0,0#",16000,16000,Set tank.c app_speed/duty level to the logged pwm before sending the move key/protocol command; e=stop.,1.41521,3.80063,0,1,0,1.82588,0.05334,10.59262,1.38118,0.04569,10.6189,1.3819,1.3812,0.09299,7,0.0533,0,0,22.30228,8.29948,0.3116,0.2877,2,False,running
b326998ea4,formation_6_dynamic_popup,24,4.8,1784466800,completion_astar,finish_first,r03,r03,True,center,member,local,1,1,1.79702,0.00722,0.00508,0.3116,4e-05,820,820,-13,163,0,0,0100,---,False,0.3116,0.00159,0.3116,4e-05,2.20798,0.00931,cached_path_to_final_target,w,"$1,0,0,0,0,0,0,0,0#",16000,16000,Set tank.c app_speed/duty level to the logged pwm before sending the move key/protocol command; e=stop.,1.43704,3.83546,0,1,0,1.62934,0.05334,10.56298,1.38118,0.04569,10.6189,1.3819,1.3812,0.09299,7,0.0533,0,0,22.30228,8.29948,0.3116,0.2877,2,False,running
b326998ea4,formation_6_dynamic_popup,24,4.8,1784466800,completion_astar,finish_first,r04,r04,True,center,member,local,1,1,1.61704,0.31177,0.0,0.3116,0.0,820,820,-19,186,0,0,0000,---,False,0.3116,0.0,0.3116,0.0,2.028,0.31177,cached_path_to_final_target,w,"$1,0,0,0,0,0,0,0,0#",16000,16000,Set tank.c app_speed/duty level to the logged pwm before sending the move key/protocol command; e=stop.,1.43704,3.83527,0,0,0,1.86439,0.13172,10.56296,1.38118,0.04569,10.6189,1.3819,1.3812,0.09299,7,0.0533,0,0,22.30228,8.29948,0.3116,0.2877,2,False,running
b326998ea4,formation_6_dynamic_popup,24,4.8,1784466800,completion_astar,finish_first,r05,r05,True,center,member,local,1,1,1.19472,0.31177,0.0,0.3116,0.0,820,820,-16,227,0,0,0000,---,False,0.3116,0.0,0.3116,0.0,1.65507,0.31177,cached_path_to_final_target,w,"$1,0,0,0,0,0,0,0,0#",16000,16000,Set tank.c app_speed/duty level to the logged pwm before sending the move key/protocol command; e=stop.,1.37472,3.67002,0,0,0,2.2748,0.11792,10.62528,1.38118,0.04569,10.6189,1.3819,1.3812,0.09299,7,0.0533,0,0,22.30228,8.29948,0.3116,0.2877,2,False,running
b326998ea4,formation_6_dynamic_popup,24,4.8,1784466800,completion_astar,finish_first,r06,r06,True,center,member,local,1,1,0.90076,0.00524,0.00414,0.3116,-0.00034,820,820,-9,252,0,0,0100,---,False,0.3116,0.00127,0.3116,-0.00034,1.36472,0.00714,cached_path_to_final_target,w,"$1,0,0,0,0,0,0,0,0#",16000,16000,Set tank.c app_speed/duty level to the logged pwm before sending the move key/protocol command; e=stop.,1.26077,3.48575,0,0,0,2.52124,0.11631,10.73924,1.38118,0.04569,10.6189,1.3819,1.3812,0.09299,7,0.0533,0,0,22.30228,8.29948,0.3116,0.2877,2,False,running
b326998ea4,formation_6_dynamic_popup,25,5.0,1784467000,completion_astar,finish_first,r01,r01,True,lower,member,local,1,1,1.25129,-0.18382,0.09064,0.3116,-0.0,820,820,-11,216,0,0,0000,---,False,0.31032,0.02821,0.3116,-0.0,1.71088,-0.14204,path_to_final_target,w,"$1,0,0,0,0,0,0,0,0#",16000,16000,Set tank.c app_speed/duty level to the logged pwm before sending the move key/protocol command; e=stop.,1.43703,3.84039,0,0,0,2.16275,0.11631,10.56948,1.43979,0.04739,10.5603,1.4406,1.4398,0.09268,5,0.0533,0,0,23.24465,8.65159,0.2934,0.288,2,False,running
b326998ea4,formation_6_dynamic_popup,25,5.0,1784467000,completion_astar,finish_first,r02,r02,True,lower,member,local,1,1,1.62861,-0.16839,0.09933,0.20254,0.0,533,533,-13,179,0,0,0000,---,False,0.20154,0.02009,0.20254,0.0,2.09561,-0.12185,path_to_final_target,w,"$1,0,0,0,0,0,0,0,0#",11000,11000,Set tank.c app_speed/duty level to the logged pwm before sending the move key/protocol command; e=stop.,1.45572,3.91676,0,1,0,1.78564,0.05334,10.55237,1.43979,0.04739,10.5603,1.4406,1.4398,0.09268,5,0.0533,0,0,23.24465,8.65159,0.2934,0.288,2,False,running
b326998ea4,formation_6_dynamic_popup,25,5.0,1784467000,completion_astar,finish_first,r03,r03,True,center,member,local,1,1,1.85934,0.00754,0.00503,0.3116,-0.00025,820,820,-14,157,0,0,0100,---,False,0.3116,0.00156,0.3116,-0.00025,2.28498,0.00966,path_to_final_target,w,"$1,0,0,0,0,0,0,0,0#",16000,16000,Set tank.c app_speed/duty level to the logged pwm before sending the move key/protocol command; e=stop.,1.49936,4.00071,0,1,0,1.56752,0.05334,10.50066,1.43979,0.04739,10.5603,1.4406,1.4398,0.09268,5,0.0533,0,0,23.24465,8.65159,0.2934,0.288,2,False,running
b326998ea4,formation_6_dynamic_popup,25,5.0,1784467000,completion_astar,finish_first,r04,r04,True,center,member,local,1,1,1.67936,0.31177,0.0,0.3116,0.0,820,820,-20,180,0,0,0000,---,False,0.3116,0.0,0.3116,0.0,2.105,0.31177,path_to_final_target,w,"$1,0,0,0,0,0,0,0,0#",16000,16000,Set tank.c app_speed/duty level to the logged pwm before sending the move key/protocol command; e=stop.,1.49936,4.00052,0,0,0,1.80426,0.13145,10.50064,1.43979,0.04739,10.5603,1.4406,1.4398,0.09268,5,0.0533,0,0,23.24465,8.65159,0.2934,0.288,2,False,running
b326998ea4,formation_6_dynamic_popup,25,5.0,1784467000,completion_astar,finish_first,r05,r05,True,center,member,local,1,1,1.25704,0.31177,0.0,0.3116,0.0,820,820,-17,221,0,0,0000,---,False,0.3116,0.0,0.3116,0.0,1.71852,0.31177,path_to_final_target,w,"$1,0,0,0,0,0,0,0,0#",16000,16000,Set tank.c app_speed/duty level to the logged pwm before sending the move key/protocol command; e=stop.,1.43704,3.83527,0,0,0,2.21397,0.11792,10.56296,1.43979,0.04739,10.5603,1.4406,1.4398,0.09268,5,0.0533,0,0,23.24465,8.65159,0.2934,0.288,2,False,running
b326998ea4,formation_6_dynamic_popup,25,5.0,1784467000,completion_astar,finish_first,r06,r06,True,center,member,local,1,1,0.96308,0.0055,0.00407,0.3116,-0.00034,820,820,-9,246,0,0,0100,---,False,0.3116,0.00125,0.3116,-0.00034,1.42564,0.00735,path_to_final_target,w,"$1,0,0,0,0,0,0,0,0#",16000,16000,Set tank.c app_speed/duty level to the logged pwm before sending the move key/protocol command; e=stop.,1.32309,3.651,0,0,0,2.45913,0.11631,10.67692,1.43979,0.04739,10.5603,1.4406,1.4398,0.09268,5,0.0533,0,0,23.24465,8.65159,0.2934,0.288,2,False,running
b326998ea4,formation_6_dynamic_popup,26,5.2,1784467200,completion_astar,finish_first,r01,r01,True,lower,member,local,1,1,1.31336,-0.17818,0.09064,0.3116,-0.0,820,820,-11,210,0,0,0000,---,False,0.31032,0.02821,0.3116,-0.0,1.77329,-0.13637,cached_path_to_final_target,w,"$1,0,0,0,0,0,0,0,0#",16000,16000,Set tank.c app_speed/duty level to the logged pwm before sending the move key/protocol command; e=stop.,1.49935,4.00564,0,0,0,2.10073,0.11631,10.50749,1.50201,0.04946,10.4981,1.5028,1.502,0.09453,5,0.0533,0,0,24.24486,9.02551,0.3116,0.2888,2,False,running
b326998ea4,formation_6_dynamic_popup,26,5.2,1784467200,completion_astar,finish_first,r02,r02,True,lower,member,local,1,1,1.69062,-0.16221,0.09933,0.3116,0.0,820,820,-13,172,0,0,0000,---,False,0.31006,0.0309,0.3116,0.0,2.15251,-0.11617,cached_path_to_final_target,w,"$1,0,0,0,0,0,0,0,0#",16000,16000,Set tank.c app_speed/duty level to the logged pwm before sending the move key/protocol command; e=stop.,1.51804,4.09073,0,1,0,1.72375,0.05334,10.49044,1.50201,0.04946,10.4981,1.5028,1.502,0.09453,5,0.0533,0,0,24.24486,9.02551,0.3116,0.2888,2,False,running
b326998ea4,formation_6_dynamic_popup,26,5.2,1784467200,completion_astar,finish_first,r03,r03,True,center,member,local,1,1,1.92166,0.00785,0.00499,0.3116,-0.00022,820,820,-14,151,0,0,0100,---,False,0.3116,0.00154,0.3116,-0.00022,2.36197,0.01002,cached_path_to_final_target,w,"$1,0,0,0,0,0,0,0,0#",16000,16000,Set tank.c app_speed/duty level to the logged pwm before sending the move key/protocol command; e=stop.,1.56168,4.16596,0,1,0,1.50574,0.05334,10.43834,1.50201,0.04946,10.4981,1.5028,1.502,0.09453,5,0.0533,0,0,24.24486,9.02551,0.3116,0.2888,2,False,running
b326998ea4,formation_6_dynamic_popup,26,5.2,1784467200,completion_astar,finish_first,r04,r04,True,center,member,local,1,1,1.74168,0.31177,0.0,0.3116,0.0,820,820,-20,174,0,0,0000,---,False,0.3116,0.0,0.3116,0.0,2.182,0.31177,cached_path_to_final_target,w,"$1,0,0,0,0,0,0,0,0#",16000,16000,Set tank.c app_speed/duty level to the logged pwm before sending the move key/protocol command; e=stop.,1.56168,4.16576,0,0,0,1.74428,0.13118,10.43832,1.50201,0.04946,10.4981,1.5028,1.502,0.09453,5,0.0533,0,0,24.24486,9.02551,0.3116,0.2888,2,False,running
b326998ea4,formation_6_dynamic_popup,26,5.2,1784467200,completion_astar,finish_first,r05,r05,True,center,member,local,1,1,1.31936,0.31177,0.0,0.3116,0.0,820,820,-17,215,0,0,0000,---,False,0.3116,0.0,0.3116,0.0,1.78119,0.31177,cached_path_to_final_target,w,"$1,0,0,0,0,0,0,0,0#",16000,16000,Set tank.c app_speed/duty level to the logged pwm before sending the move key/protocol command; e=stop.,1.49936,4.00052,0,0,0,2.15322,0.11792,10.50064,1.50201,0.04946,10.4981,1.5028,1.502,0.09453,5,0.0533,0,0,24.24486,9.02551,0.3116,0.2888,2,False,running
b326998ea4,formation_6_dynamic_popup,26,5.2,1784467200,completion_astar,finish_first,r06,r06,True,center,member,local,1,1,1.0254,0.00575,0.00403,0.3116,-0.0002,820,820,-10,240,0,0,0100,---,False,0.3116,0.00125,0.3116,-0.0002,1.48754,0.00759,cached_path_to_final_target,w,"$1,0,0,0,0,0,0,0,0#",16000,16000,Set tank.c app_speed/duty level to the logged pwm before sending the move key/protocol command; e=stop.,1.38541,3.81624,0,0,0,2.39704,0.11631,10.61461,1.50201,0.04946,10.4981,1.5028,1.502,0.09453,5,0.0533,0,0,24.24486,9.02551,0.3116,0.2888,2,False,running
b326998ea4,formation_6_dynamic_popup,27,5.4,1784467400,completion_astar,finish_first,r01,r01,True,lower,member,local,1,1,1.37542,-0.17254,0.09064,0.3116,-0.0,820,820,-12,204,0,0,0000,---,False,0.31032,0.02821,0.3116,-0.0,1.83545,-0.13072,cached_path_to_final_target,w,"$1,0,0,0,0,0,0,0,0#",16000,16000,Set tank.c app_speed/duty level to the logged pwm before sending the move key/protocol command; e=stop.,1.56167,4.17089,0,0,0,2.03874,0.11631,10.44551,1.56057,0.05151,10.4396,1.5614,1.5606,0.10306,7,0.0533,0,0,25.18681,9.37743,0.2933,0.289,2,False,running
b326998ea4,formation_6_dynamic_popup,27,5.4,1784467400,completion_astar,finish_first,r02,r02,True,lower,member,local,1,1,1.75263,-0.15603,0.09933,0.3116,0.0,820,820,-14,166,0,0,0000,---,False,0.31006,0.0309,0.3116,0.0,2.21299,-0.11015,cached_path_to_final_target,w,"$1,0,0,0,0,0,0,0,0#",16000,16000,Set tank.c app_speed/duty level to the logged pwm before sending the move key/protocol command; e=stop.,1.58036,4.25598,0,1,0,1.66189,0.05334,10.42853,1.56057,0.05151,10.4396,1.5614,1.5606,0.10306,7,0.0533,0,0,25.18681,9.37743,0.2933,0.289,2,False,running
b326998ea4,formation_6_dynamic_popup,27,5.4,1784467400,completion_astar,finish_first,r03,r03,True,center,member,local,1,1,1.98398,0.00816,0.00496,0.3116,-0.00014,820,820,-14,144,0,0,0100,---,False,0.3116,0.00154,0.3116,-0.00014,2.43897,0.0104,cached_path_to_final_target,w,"$1,0,0,0,0,0,0,0,0#",16000,16000,Set tank.c app_speed/duty level to the logged pwm before sending the move key/protocol command; e=stop.,1.624,4.33121,0,1,0,1.444,0.05334,10.37602,1.56057,0.05151,10.4396,1.5614,1.5606,0.10306,7,0.0533,0,0,25.18681,9.37743,0.2933,0.289,2,False,running
b326998ea4,formation_6_dynamic_popup,27,5.4,1784467400,completion_astar,finish_first,r04,r04,True,center,member,local,1,1,1.804,0.31177,0.0,0.3116,0.0,820,820,-21,168,0,0,0000,---,False,0.3116,0.0,0.3116,0.0,2.259,0.31177,cached_path_to_final_target,w,"$1,0,0,0,0,0,0,0,0#",16000,16000,Set tank.c app_speed/duty level to the logged pwm before sending the move key/protocol command; e=stop.,1.624,4.33101,0,0,0,1.68446,0.13091,10.376,1.56057,0.05151,10.4396,1.5614,1.5606,0.10306,7,0.0533,0,0,25.18681,9.37743,0.2933,0.289,2,False,running
b326998ea4,formation_6_dynamic_popup,27,5.4,1784467400,completion_astar,finish_first,r05,r05,True,center,member,local,1,1,1.38168,0.31177,0.0,0.3116,0.0,820,820,-17,209,0,0,0000,---,False,0.3116,0.0,0.3116,0.0,1.84361,0.31177,cached_path_to_final_target,w,"$1,0,0,0,0,0,0,0,0#",16000,16000,Set tank.c app_speed/duty level to the logged pwm before sending the move key/protocol command; e=stop.,1.56168,4.16576,0,0,0,2.09255,0.11792,10.43832,1.56057,0.05151,10.4396,1.5614,1.5606,0.10306,7,0.0533,0,0,25.18681,9.37743,0.2933,0.289,2,False,running
b326998ea4,formation_6_dynamic_popup,27,5.4,1784467400,completion_astar,finish_first,r06,r06,True,center,member,local,1,1,1.06572,0.00592,0.00425,0.2016,0.00109,530,531,-10,236,0,0,0100,---,False,0.14592,0.00065,0.2016,0.00109,1.54974,0.00784,cached_path_to_final_target; completion_unstuck,w,"$1,0,0,0,0,0,0,0,0#",11000,11000,Set tank.c app_speed/duty level to the logged pwm before sending the move key/protocol command; e=stop.,1.42573,3.93196,0,0,0,2.35687,0.11631,10.57429,1.56057,0.05151,10.4396,1.5614,1.5606,0.10306,7,0.0533,0,0,25.18681,9.37743,0.2933,0.289,2,False,running
b326998ea4,formation_6_dynamic_popup,28,5.6,1784467600,completion_astar,finish_first,r01,r01,True,lower,member,local,1,1,1.43749,-0.16689,0.09064,0.3116,-0.0,820,820,-12,198,0,0,0000,---,False,0.31032,0.02821,0.3116,-0.0,1.89755,-0.12508,cached_path_to_final_target,w,"$1,0,0,0,0,0,0,0,0#",16000,16000,Set tank.c app_speed/duty level to the logged pwm before sending the move key/protocol command; e=stop.,1.62399,4.33613,0,0,0,1.97676,0.11631,10.38353,1.6228,0.05357,10.3773,1.6237,1.6228,0.10483,8,0.0533,0,0,26.1871,9.75135,0.3116,0.2898,2,False,running
b326998ea4,formation_6_dynamic_popup,28,5.6,1784467600,completion_astar,finish_first,r02,r02,True,lower,member,local,1,1,1.81465,-0.14985,0.09933,0.3116,0.0,820,820,-14,160,0,0,0001,---,False,0.31006,0.0309,0.3116,0.0,2.27454,-0.10401,cached_path_to_final_target,w,"$1,0,0,0,0,0,0,0,0#",16000,16000,Set tank.c app_speed/duty level to the logged pwm before sending the move key/protocol command; e=stop.,1.64268,4.42123,0,1,0,1.60007,0.05334,10.36662,1.6228,0.05357,10.3773,1.6237,1.6228,0.10483,8,0.0533,0,0,26.1871,9.75135,0.3116,0.2898,2,False,running
b326998ea4,formation_6_dynamic_popup,28,5.6,1784467600,completion_astar,finish_first,r03,r03,True,center,member,local,1,1,2.0463,0.00846,0.00494,0.3116,-7e-05,820,820,-15,138,0,0,0100,---,False,0.3116,0.00154,0.3116,-7e-05,2.50617,0.01073,cached_path_to_final_target,w,"$1,0,0,0,0,0,0,0,0#",16000,16000,Set tank.c app_speed/duty level to the logged pwm before sending the move key/protocol command; e=stop.,1.68632,4.49645,0,1,0,1.38231,0.05334,10.3137,1.6228,0.05357,10.3773,1.6237,1.6228,0.10483,8,0.0533,0,0,26.1871,9.75135,0.3116,0.2898,2,False,running
b326998ea4,formation_6_dynamic_popup,28,5.6,1784467600,completion_astar,finish_first,r04,r04,True,center,member,local,1,1,1.86632,0.31177,0.0,0.3116,0.0,820,820,-22,162,0,0,0000,---,False,0.3116,0.0,0.3116,0.0,2.3262,0.31177,cached_path_to_final_target,w,"$1,0,0,0,0,0,0,0,0#",16000,16000,Set tank.c app_speed/duty level to the logged pwm before sending the move key/protocol command; e=stop.,1.68632,4.49625,0,0,0,1.62482,0.13065,10.31368,1.6228,0.05357,10.3773,1.6237,1.6228,0.10483,8,0.0533,0,0,26.1871,9.75135,0.3116,0.2898,2,False,running
b326998ea4,formation_6_dynamic_popup,28,5.6,1784467600,completion_astar,finish_first,r05,r05,True,center,member,local,1,1,1.444,0.31177,0.0,0.3116,0.0,820,820,-18,203,0,0,0000,---,False,0.3116,0.0,0.3116,0.0,1.90596,0.31177,cached_path_to_final_target,w,"$1,0,0,0,0,0,0,0,0#",16000,16000,Set tank.c app_speed/duty level to the logged pwm before sending the move key/protocol command; e=stop.,1.624,4.33101,0,0,0,2.03199,0.11792,10.376,1.6228,0.05357,10.3773,1.6237,1.6228,0.10483,8,0.0533,0,0,26.1871,9.75135,0.3116,0.2898,2,False,running
b326998ea4,formation_6_dynamic_popup,28,5.6,1784467600,completion_astar,finish_first,r06,r06,True,center,member,local,1,1,1.12804,0.00617,0.00411,0.3116,-0.00073,820,820,-10,229,0,0,0100,---,False,0.3116,0.00124,0.3116,-0.00073,1.59662,0.00804,cached_path_to_final_target,w,"$1,0,0,0,0,0,0,0,0#",16000,16000,Set tank.c app_speed/duty level to the logged pwm before sending the move key/protocol command; e=stop.,1.48805,4.10603,0,0,0,2.2948,0.11631,10.51197,1.6228,0.05357,10.3773,1.6237,1.6228,0.10483,8,0.0533,0,0,26.1871,9.75135,0.3116,0.2898,2,False,running
b326998ea4,formation_6_dynamic_popup,29,5.8,1784467800,completion_astar,finish_first,r01,r01,True,lower,member,local,1,1,1.49955,-0.16125,0.09064,0.3116,-0.0,820,820,-12,191,0,0,0000,---,False,0.31032,0.02821,0.3116,-0.0,1.95962,-0.11944,path_to_final_target,w,"$1,0,0,0,0,0,0,0,0#",16000,16000,Set tank.c app_speed/duty level to the logged pwm before sending the move key/protocol command; e=stop.,1.68631,4.50138,0,0,0,1.9148,0.11631,10.32155,1.68502,0.05564,10.3151,1.6859,1.685,0.10664,8,0.0533,0,0,27.17859,10.12527,0.3116,0.2905,2,False,running
b326998ea4,formation_6_dynamic_popup,29,5.8,1784467800,completion_astar,finish_first,r02,r02,True,lower,member,local,1,1,1.87666,-0.14367,0.09933,0.3116,0.0,820,820,-15,154,0,0,0001,---,False,0.31006,0.0309,0.3116,0.0,2.33641,-0.09785,path_to_final_target,w,"$1,0,0,0,0,0,0,0,0#",16000,16000,Set tank.c app_speed/duty level to the logged pwm before sending the move key/protocol command; e=stop.,1.705,4.58647,0,1,0,1.53828,0.05334,10.30471,1.68502,0.05564,10.3151,1.6859,1.685,0.10664,8,0.0533,0,0,27.17859,10.12527,0.3116,0.2905,2,False,running
b326998ea4,formation_6_dynamic_popup,29,5.8,1784467800,completion_astar,finish_first,r03,r03,True,center,member,local,1,1,2.10862,0.00878,0.005,0.3116,0.0003,820,820,-15,132,0,0,0100,---,False,0.3116,0.00157,0.3116,0.0003,2.56996,0.01111,path_to_final_target,w,"$1,0,0,0,0,0,0,0,0#",16000,16000,Set tank.c app_speed/duty level to the logged pwm before sending the move key/protocol command; e=stop.,1.74864,4.6617,0,1,0,1.32067,0.05334,10.25139,1.68502,0.05564,10.3151,1.6859,1.685,0.10664,8,0.0533,0,0,27.17859,10.12527,0.3116,0.2905,2,False,running
b326998ea4,formation_6_dynamic_popup,29,5.8,1784467800,completion_astar,finish_first,r04,r04,True,center,member,local,1,1,1.92864,0.31177,0.0,0.3116,0.0,820,820,-22,157,0,0,0000,---,False,0.3116,0.0,0.3116,0.0,2.38998,0.31177,path_to_final_target,w,"$1,0,0,0,0,0,0,0,0#",16000,16000,Set tank.c app_speed/duty level to the logged pwm before sending the move key/protocol command; e=stop.,1.74864,4.6615,0,0,0,1.56537,0.13038,10.25136,1.68502,0.05564,10.3151,1.6859,1.685,0.10664,8,0.0533,0,0,27.17859,10.12527,0.3116,0.2905,2,False,running
b326998ea4,formation_6_dynamic_popup,29,5.8,1784467800,completion_astar,finish_first,r05,r05,True,center,member,local,1,1,1.50632,0.31177,0.0,0.3116,0.0,820,820,-18,197,0,0,0000,---,False,0.3116,0.0,0.3116,0.0,1.96829,0.31177,path_to_final_target,w,"$1,0,0,0,0,0,0,0,0#",16000,16000,Set tank.c app_speed/duty level to the logged pwm before sending the move key/protocol command; e=stop.,1.68632,4.49625,0,0,0,1.97152,0.11792,10.31368,1.68502,0.05564,10.3151,1.6859,1.685,0.10664,8,0.0533,0,0,27.17859,10.12527,0.3116,0.2905,2,False,running
b326998ea4,formation_6_dynamic_popup,29,5.8,1784467800,completion_astar,finish_first,r06,r06,True,center,member,local,1,1,1.19035,0.00643,0.00408,0.3116,-0.00012,820,820,-10,223,0,0,0100,---,False,0.3116,0.00127,0.3116,-0.00012,1.65431,0.00831,path_to_final_target,w,"$1,0,0,0,0,0,0,0,0#",16000,16000,Set tank.c app_speed/duty level to the logged pwm before sending the move key/protocol command; e=stop.,1.55037,4.27128,0,0,0,2.23274,0.11631,10.44965,1.68502,0.05564,10.3151,1.6859,1.685,0.10664,8,0.0533,0,0,27.17859,10.12527,0.3116,0.2905,2,False,running
b326998ea4,formation_6_dynamic_popup,30,6.0,1784468000,completion_astar,finish_first,r01,r01,True,lower,member,local,2,1,1.56161,-0.15561,0.09064,0.3116,-0.0,820,820,-13,185,0,0,0000,---,False,0.31032,0.02821,0.3116,-0.0,2.02169,-0.1138,cached_path_to_final_target,w,"$1,0,0,0,0,0,0,0,0#",16000,16000,Set tank.c app_speed/duty level to the logged pwm before sending the move key/protocol command; e=stop.,1.74863,4.66663,0,0,0,1.85287,0.11631,10.25957,1.74725,0.0577,10.2529,1.7482,1.7472,0.10851,8,0.0526,0,0,28.17007,10.49919,0.3116,0.2912,2,False,running
b326998ea4,formation_6_dynamic_popup,30,6.0,1784468000,completion_astar,finish_first,r02,r02,True,lower,member,local,2,1,1.93867,-0.13748,0.09933,0.3116,0.0,820,820,-15,148,0,0,0001,---,False,0.31006,0.0309,0.3116,0.0,2.39839,-0.09167,cached_path_to_final_target,w,"$1,0,0,0,0,0,0,0,0#",16000,16000,Set tank.c app_speed/duty level to the logged pwm before sending the move key/protocol command; e=stop.,1.76732,4.75172,0,2,0,1.47654,0.05261,10.24281,1.74725,0.0577,10.2529,1.7482,1.7472,0.10851,8,0.0526,0,0,28.17007,10.49919,0.3116,0.2912,2,False,running
b326998ea4,formation_6_dynamic_popup,30,6.0,1784468000,completion_astar,finish_first,r03,r03,True,center,member,local,2,1,2.17094,0.00909,0.00505,0.3116,0.00023,820,820,-16,126,0,0,0100,---,False,0.3116,0.00158,0.3116,0.00023,2.63271,0.01144,cached_path_to_final_target,w,"$1,0,0,0,0,0,0,0,0#",16000,16000,Set tank.c app_speed/duty level to the logged pwm before sending the move key/protocol command; e=stop.,1.81096,4.82695,0,2,0,1.25909,0.05261,10.18907,1.74725,0.0577,10.2529,1.7482,1.7472,0.10851,8,0.0526,0,0,28.17007,10.49919,0.3116,0.2912,2,False,running
b326998ea4,formation_6_dynamic_popup,30,6.0,1784468000,completion_astar,finish_first,r04,r04,True,center,member,local,2,1,1.99096,0.31177,0.0,0.3116,0.0,820,820,-23,151,0,0,0000,---,False,0.3116,0.0,0.3116,0.0,2.45274,0.31177,cached_path_to_final_target,w,"$1,0,0,0,0,0,0,0,0#",16000,16000,Set tank.c app_speed/duty level to the logged pwm before sending the move key/protocol command; e=stop.,1.81096,4.82675,0,0,0,1.50614,0.13011,10.18904,1.74725,0.0577,10.2529,1.7482,1.7472,0.10851,8,0.0526,0,0,28.17007,10.49919,0.3116,0.2912,2,False,running
b326998ea4,formation_6_dynamic_popup,30,6.0,1784468000,completion_astar,finish_first,r05,r05,True,center,member,local,2,1,1.56864,0.31177,0.0,0.3116,0.0,820,820,-19,191,0,0,0000,---,False,0.3116,0.0,0.3116,0.0,2.03061,0.31177,cached_path_to_final_target,w,"$1,0,0,0,0,0,0,0,0#",16000,16000,Set tank.c app_speed/duty level to the logged pwm before sending the move key/protocol command; e=stop.,1.74864,4.6615,0,0,0,1.91117,0.11792,10.25136,1.74725,0.0577,10.2529,1.7482,1.7472,0.10851,8,0.0526,0,0,28.17007,10.49919,0.3116,0.2912,2,False,running
b326998ea4,formation_6_dynamic_popup,30,6.0,1784468000,completion_astar,finish_first,r06,r06,True,center,member,local,1,1,1.25267,0.00668,0.00408,0.3116,1e-05,820,820,-10,217,0,0,0100,---,False,0.3116,0.00127,0.3116,1e-05,1.71524,0.00857,cached_path_to_final_target,w,"$1,0,0,0,0,0,0,0,0#",16000,16000,Set tank.c app_speed/duty level to the logged pwm before sending the move key/protocol command; e=stop.,1.61269,4.43653,0,0,0,2.17069,0.11631,10.38733,1.74725,0.0577,10.2529,1.7482,1.7472,0.10851,8,0.0526,0,0,28.17007,10.49919,0.3116,0.2912,2,False,running
b326998ea4,formation_6_dynamic_popup,31,6.2,1784468200,completion_astar,finish_first,r01,r01,True,lower,member,local,2,2,1.62368,-0.14997,0.09064,0.3116,-0.0,820,820,-13,179,0,0,0001,---,False,0.31032,0.02821,0.3116,-0.0,2.08375,-0.10815,path_to_final_target,w,"$1,0,0,0,0,0,0,0,0#",16000,16000,Set tank.c app_speed/duty level to the logged pwm before sending the move key/protocol command; e=stop.,1.81095,4.83187,0,0,0,1.79096,0.11631,10.19761,1.80935,0.06118,10.1908,1.8104,1.8093,0.10986,7,0.0512,0,0,29.1671,10.87255,0.3111,0.2918,2,False,running
b326998ea4,formation_6_dynamic_popup,31,6.2,1784468200,completion_astar,finish_first,r02,r02,True,lower,member,local,2,2,2.00069,-0.1313,0.09933,0.3116,0.0,820,820,-16,141,0,0,0001,---,False,0.31006,0.0309,0.3116,0.0,2.46039,-0.08549,path_to_final_target,w,"$1,0,0,0,0,0,0,0,0#",16000,16000,Set tank.c app_speed/duty level to the logged pwm before sending the move key/protocol command; e=stop.,1.82964,4.91697,0,3,0,1.41484,0.05121,10.18091,1.80935,0.06118,10.1908,1.8104,1.8093,0.10986,7,0.0512,0,0,29.1671,10.87255,0.3111,0.2918,2,False,running
b326998ea4,formation_6_dynamic_popup,31,6.2,1784468200,completion_astar,finish_first,r03,r03,True,center,member,local,2,2,2.23285,0.0128,0.05992,0.31011,0.27437,758,874,-20,120,0,0,0100,---,False,0.30995,0.03205,0.31011,0.27437,2.69011,0.06277,path_to_final_target,a,"$3,0,0,0,0,0,0,0,0#",15000,17000,Set tank.c app_speed/duty level to the logged pwm before sending the move key/protocol command; e=stop.,1.87298,4.99425,0,3,0,1.19854,0.05121,10.12716,1.80935,0.06118,10.1908,1.8104,1.8093,0.10986,7,0.0512,0,0,29.1671,10.87255,0.3111,0.2918,2,False,running
b326998ea4,formation_6_dynamic_popup,31,6.2,1784468200,completion_astar,finish_first,r04,r04,True,center,member,local,2,2,2.05323,0.31301,0.01992,0.3114,0.09958,799,840,-25,145,0,0,0000,---,False,0.3114,0.01108,0.3114,0.09958,2.51474,0.33041,path_to_final_target,w,"$1,0,0,0,0,0,0,0,0#",16000,17000,Set tank.c app_speed/duty level to the logged pwm before sending the move key/protocol command; e=stop.,1.87324,4.9929,0,0,0,1.4476,0.1278,10.12677,1.80935,0.06118,10.1908,1.8104,1.8093,0.10986,7,0.0512,0,0,29.1671,10.87255,0.3111,0.2918,2,False,running
b326998ea4,formation_6_dynamic_popup,31,6.2,1784468200,completion_astar,finish_first,r05,r05,True,center,member,local,2,2,1.63092,0.3129,0.01818,0.31144,0.09091,800,839,-20,185,0,0,0000,---,False,0.31144,0.01012,0.31144,0.09091,2.09256,0.32879,path_to_final_target,w,"$1,0,0,0,0,0,0,0,0#",16000,17000,Set tank.c app_speed/duty level to the logged pwm before sending the move key/protocol command; e=stop.,1.81093,4.82757,0,0,0,1.85128,0.11792,10.18908,1.80935,0.06118,10.1908,1.8104,1.8093,0.10986,7,0.0512,0,0,29.1671,10.87255,0.3111,0.2918,2,False,running
b326998ea4,formation_6_dynamic_popup,31,6.2,1784468200,completion_astar,finish_first,r06,r06,True,center,member,local,1,2,1.31473,0.00965,0.04786,0.31065,0.21886,771,864,-13,211,0,0,0100,---,False,0.31055,0.0256,0.31065,0.21886,1.7748,0.04972,path_to_final_target,a,"$3,0,0,0,0,0,0,0,0#",15000,17000,Set tank.c app_speed/duty level to the logged pwm before sending the move key/protocol command; e=stop.,1.67482,4.60354,0,0,0,2.10917,0.11631,10.32527,1.80935,0.06118,10.1908,1.8104,1.8093,0.10986,7,0.0512,0,0,29.1671,10.87255,0.3111,0.2918,2,False,running
b326998ea4,formation_6_dynamic_popup,32,6.4,1784468400,completion_astar,finish_first,r01,r01,True,lower,member,local,2,2,1.68574,-0.14433,0.09064,0.3116,-0.0,820,820,-13,173,0,0,0001,---,False,0.31032,0.02821,0.3116,-0.0,2.14582,-0.10251,cached_path_to_final_target,w,"$1,0,0,0,0,0,0,0,0#",16000,16000,Set tank.c app_speed/duty level to the logged pwm before sending the move key/protocol command; e=stop.,1.87327,4.99712,0,0,0,1.72908,0.11631,10.13564,1.87143,0.06571,10.1288,1.8726,1.8714,0.11083,7,0.0511,0,0,30.15968,11.24616,0.3113,0.2924,2,False,running
b326998ea4,formation_6_dynamic_popup,32,6.4,1784468400,completion_astar,finish_first,r02,r02,True,lower,member,local,2,2,2.0627,-0.12512,0.09933,0.3116,0.0,820,820,-16,135,0,0,0001,---,False,0.31006,0.0309,0.3116,0.0,2.52239,-0.07931,cached_path_to_final_target,w,"$1,0,0,0,0,0,0,0,0#",16000,16000,Set tank.c app_speed/duty level to the logged pwm before sending the move key/protocol command; e=stop.,1.89196,5.08221,0,4,0,1.3532,0.05111,10.11902,1.87143,0.06571,10.1288,1.8726,1.8714,0.11083,7,0.0511,0,0,30.15968,11.24616,0.3113,0.2924,2,False,running
b326998ea4,formation_6_dynamic_popup,32,6.4,1784468400,completion_astar,finish_first,r03,r03,True,upper,member,local,2,2,2.29468,0.01907,0.10104,0.31076,0.20558,775,861,-23,114,0,0,0100,---,False,0.30883,0.04143,0.31076,0.20558,2.75184,0.08242,cached_path_to_final_target,w,"$1,0,0,0,0,0,0,0,0#",16000,17000,Set tank.c app_speed/duty level to the logged pwm before sending the move key/protocol command; e=stop.,1.93513,5.15984,0,4,0,1.13865,0.05111,10.06534,1.87143,0.06571,10.1288,1.8726,1.8714,0.11083,7,0.0511,0,0,30.15968,11.24616,0.3113,0.2924,2,False,running
b326998ea4,formation_6_dynamic_popup,32,6.4,1784468400,completion_astar,finish_first,r04,r04,True,upper,member,local,2,2,2.11549,0.31515,0.03442,0.3115,0.07252,804,835,-26,139,0,0,0000,---,False,0.31127,0.01427,0.3115,0.07252,2.57693,0.33702,cached_path_to_final_target,w,"$1,0,0,0,0,0,0,0,0#",16000,17000,Set tank.c app_speed/duty level to the logged pwm before sending the move key/protocol command; e=stop.,1.93554,5.15833,0,0,0,1.38968,0.12405,10.06451,1.87143,0.06571,10.1288,1.8726,1.8714,0.11083,7,0.0511,0,0,30.15968,11.24616,0.3113,0.2924,2,False,running
b326998ea4,formation_6_dynamic_popup,32,6.4,1784468400,completion_astar,finish_first,r05,r05,True,upper,member,local,2,2,1.69319,0.31486,0.03141,0.31151,0.06615,806,834,-22,179,0,0,0000,---,False,0.31133,0.01302,0.31151,0.06615,2.15473,0.33481,cached_path_to_final_target,w,"$1,0,0,0,0,0,0,0,0#",16000,17000,Set tank.c app_speed/duty level to the logged pwm before sending the move key/protocol command; e=stop.,1.87323,4.99307,0,0,0,1.79177,0.11792,10.12681,1.87143,0.06571,10.1288,1.8726,1.8714,0.11083,7,0.0511,0,0,30.15968,11.24616,0.3113,0.2924,2,False,running
b326998ea4,formation_6_dynamic_popup,32,6.4,1784468400,completion_astar,finish_first,r06,r06,True,upper,member,local,1,2,1.37675,0.01461,0.07972,0.3111,0.15932,785,852,-15,205,0,0,0100,---,False,0.30989,0.03258,0.3111,0.15932,1.83607,0.06447,cached_path_to_final_target,w,"$1,0,0,0,0,0,0,0,0#",16000,17000,Set tank.c app_speed/duty level to the logged pwm before sending the move key/protocol command; e=stop.,1.73704,4.76911,0,0,0,2.04792,0.11631,10.26326,1.87143,0.06571,10.1288,1.8726,1.8714,0.11083,7,0.0511,0,0,30.15968,11.24616,0.3113,0.2924,2,False,running
b326998ea4,formation_6_dynamic_popup,33,6.6,1784468600,completion_astar,finish_first,r01,r01,True,lower,member,local,2,2,1.74781,-0.13869,0.09064,0.3116,-0.0,820,820,-14,167,0,0,0001,---,False,0.31032,0.02821,0.3116,-0.0,2.20788,-0.09687,path_to_final_target,w,"$1,0,0,0,0,0,0,0,0#",16000,16000,Set tank.c app_speed/duty level to the logged pwm before sending the move key/protocol command; e=stop.,1.93559,5.16237,0,0,0,1.66723,0.11631,10.07368,1.93349,0.07081,10.0668,1.9349,1.9335,0.11162,7,0.0511,0,0,31.15319,11.61999,0.3115,0.293,2,False,running
b326998ea4,formation_6_dynamic_popup,33,6.6,1784468600,completion_astar,finish_first,r02,r02,True,lower,member,local,2,2,2.12471,-0.11894,0.09933,0.3116,0.0,820,820,-17,129,0,0,0001,---,False,0.31006,0.0309,0.3116,0.0,2.58441,-0.07313,path_to_final_target,w,"$1,0,0,0,0,0,0,0,0#",16000,16000,Set tank.c app_speed/duty level to the logged pwm before sending the move key/protocol command; e=stop.,1.95428,5.24746,0,5,0,1.29161,0.05111,10.05714,1.93349,0.07081,10.0668,1.9349,1.9335,0.11162,7,0.0511,0,0,31.15319,11.61999,0.3115,0.293,2,False,running
b326998ea4,formation_6_dynamic_popup,33,6.6,1784468600,completion_astar,finish_first,r03,r03,True,upper,member,local,2,2,2.35648,0.02675,0.12368,0.31135,0.1132,795,843,-25,108,0,0,0100,---,False,0.30849,0.04393,0.31135,0.1132,2.8136,0.09298,path_to_final_target,w,"$1,0,0,0,0,0,0,0,0#",16000,17000,Set tank.c app_speed/duty level to the logged pwm before sending the move key/protocol command; e=stop.,1.9974,5.32585,0,5,0,1.0793,0.05111,10.00356,1.93349,0.07081,10.0668,1.9349,1.9335,0.11162,7,0.0511,0,0,31.15319,11.61999,0.3115,0.293,2,False,running
b326998ea4,formation_6_dynamic_popup,33,6.6,1784468600,completion_astar,finish_first,r04,r04,True,upper,member,local,2,2,2.17775,0.31783,0.0429,0.31156,0.04238,811,829,-28,133,0,0,0000,---,False,0.31122,0.01544,0.31156,0.04238,2.63913,0.34112,path_to_final_target,w,"$1,0,0,0,0,0,0,0,0#",16000,17000,Set tank.c app_speed/duty level to the logged pwm before sending the move key/protocol command; e=stop.,1.99785,5.32388,0,0,0,1.33232,0.11953,10.00226,1.93349,0.07081,10.0668,1.9349,1.9335,0.11162,7,0.0511,0,0,31.15319,11.61999,0.3115,0.293,2,False,running
b326998ea4,formation_6_dynamic_popup,33,6.6,1784468600,completion_astar,finish_first,r05,r05,True,upper,member,local,2,2,1.75546,0.31726,0.03861,0.31157,0.03598,812,828,-23,173,0,0,0000,---,False,0.31129,0.01379,0.31157,0.03598,2.21697,0.33806,path_to_final_target,w,"$1,0,0,0,0,0,0,0,0#",16000,17000,Set tank.c app_speed/duty level to the logged pwm before sending the move key/protocol command; e=stop.,1.93554,5.15862,0,0,0,1.73258,0.11792,10.06454,1.93349,0.07081,10.0668,1.9349,1.9335,0.11162,7,0.0511,0,0,31.15319,11.61999,0.3115,0.293,2,False,running
b326998ea4,formation_6_dynamic_popup,33,6.6,1784468600,completion_astar,finish_first,r06,r06,True,upper,member,local,1,2,1.43875,0.02065,0.09706,0.31145,0.0867,801,838,-17,199,0,0,0100,---,False,0.30969,0.03442,0.31145,0.0867,1.89785,0.07252,path_to_final_target,w,"$1,0,0,0,0,0,0,0,0#",16000,17000,Set tank.c app_speed/duty level to the logged pwm before sending the move key/protocol command; e=stop.,1.79933,4.93501,0,0,0,1.98687,0.11631,10.20127,1.93349,0.07081,10.0668,1.9349,1.9335,0.11162,7,0.0511,0,0,31.15319,11.61999,0.3115,0.293,2,False,running
b326998ea4,formation_6_dynamic_popup,34,6.8,1784468800,completion_astar,finish_first,r01,r01,True,lower,member,local,2,2,1.80987,-0.13305,0.09064,0.3116,-0.0,820,820,-14,161,0,0,0001,---,False,0.31032,0.02821,0.3116,-0.0,2.26995,-0.09123,cached_path_to_final_target,w,"$1,0,0,0,0,0,0,0,0#",16000,16000,Set tank.c app_speed/duty level to the logged pwm before sending the move key/protocol command; e=stop.,1.99791,5.32761,0,0,0,1.60542,0.11631,10.01173,1.99554,0.07619,10.0047,1.9972,1.9955,0.11233,7,0.0511,0,0,32.14603,11.99388,0.3116,0.2935,2,False,running
b326998ea4,formation_6_dynamic_popup,34,6.8,1784468800,completion_astar,finish_first,r02,r02,True,lower,member,local,2,2,2.18672,-0.11276,0.09933,0.3116,0.0,820,820,-17,123,0,0,0001,---,False,0.31006,0.0309,0.3116,0.0,2.64642,-0.06695,cached_path_to_final_target,w,"$1,0,0,0,0,0,0,0,0#",16000,16000,Set tank.c app_speed/duty level to the logged pwm before sending the move key/protocol command; e=stop.,2.0166,5.41271,0,6,0,1.2301,0.05111,9.99526,1.99554,0.07619,10.0047,1.9972,1.9955,0.11233,7,0.0511,0,0,32.14603,11.99388,0.3116,0.2935,2,False,running
b326998ea4,formation_6_dynamic_popup,34,6.8,1784468800,completion_astar,finish_first,r03,r03,True,upper,member,local,2,2,2.41822,0.03512,0.13469,0.31154,0.05508,808,831,-27,102,0,0,0100,---,False,0.3084,0.04451,0.31154,0.05508,2.87537,0.10165,cached_path_to_final_target,w,"$1,0,0,0,0,0,0,0,0#",16000,17000,Set tank.c app_speed/duty level to the logged pwm before sending the move key/protocol command; e=stop.,2.05971,5.49159,0,6,0,1.02046,0.05111,9.94184,1.99554,0.07619,10.0047,1.9972,1.9955,0.11233,7,0.0511,0,0,32.14603,11.99388,0.3116,0.2935,2,False,running
b326998ea4,formation_6_dynamic_popup,34,6.8,1784468800,completion_astar,finish_first,r04,r04,True,upper,member,local,2,2,2.23999,0.32076,0.04713,0.31159,0.02118,816,824,-29,128,0,0,0000,---,False,0.3112,0.01572,0.31159,0.02118,2.70137,0.34427,cached_path_to_final_target,w,"$1,0,0,0,0,0,0,0,0#",16000,16000,Set tank.c app_speed/duty level to the logged pwm before sending the move key/protocol command; e=stop.,2.06017,5.48934,0,0,0,1.2755,0.11464,9.94001,1.99554,0.07619,10.0047,1.9972,1.9955,0.11233,7,0.0511,0,0,32.14603,11.99388,0.3116,0.2935,2,False,running
b326998ea4,formation_6_dynamic_popup,34,6.8,1784468800,completion_astar,finish_first,r05,r05,True,upper,member,local,2,2,1.81772,0.31989,0.04208,0.31159,0.01734,816,824,-24,167,0,0,0000,---,False,0.31129,0.01396,0.31159,0.01734,2.27922,0.34075,cached_path_to_final_target,w,"$1,0,0,0,0,0,0,0,0#",16000,16000,Set tank.c app_speed/duty level to the logged pwm before sending the move key/protocol command; e=stop.,1.99786,5.32406,0,0,0,1.67366,0.11792,10.00228,1.99554,0.07619,10.0047,1.9972,1.9955,0.11233,7,0.0511,0,0,32.14603,11.99388,0.3116,0.2935,2,False,running
b326998ea4,formation_6_dynamic_popup,34,6.8,1784468800,completion_astar,finish_first,r06,r06,True,upper,member,local,2,2,1.50072,0.0272,0.10542,0.31157,0.04182,811,829,-18,193,0,0,0100,---,False,0.30965,0.03482,0.31157,0.04182,1.95977,0.07924,cached_path_to_final_target,w,"$1,0,0,0,0,0,0,0,0#",16000,17000,Set tank.c app_speed/duty level to the logged pwm before sending the move key/protocol command; e=stop.,1.86164,5.10072,0,0,0,1.92597,0.11631,10.13932,1.99554,0.07619,10.0047,1.9972,1.9955,0.11233,7,0.0511,0,0,32.14603,11.99388,0.3116,0.2935,2,False,running
b326998ea4,formation_6_dynamic_popup,35,7.0,1784469000,completion_astar,finish_first,r01,r01,True,lower,member,local,2,2,1.87193,-0.12741,0.09064,0.3116,-0.0,820,820,-15,154,0,0,0001,---,False,0.31032,0.02821,0.3116,-0.0,2.33201,-0.08559,cached_path_to_final_target,w,"$1,0,0,0,0,0,0,0,0#",16000,16000,Set tank.c app_speed/duty level to the logged pwm before sending the move key/protocol command; e=stop.,2.06023,5.49286,0,0,0,1.54364,0.11631,9.94977,2.05758,0.0817,9.9428,2.0595,2.0576,0.11304,7,0.0511,0,0,33.13825,12.3678,0.3116,0.2939,2,False,running
b326998ea4,formation_6_dynamic_popup,35,7.0,1784469000,completion_astar,finish_first,r02,r02,True,lower,member,local,2,2,2.24874,-0.10658,0.09933,0.3116,0.0,820,820,-18,117,0,0,0001,---,False,0.31006,0.0309,0.3116,0.0,2.70843,-0.06077,cached_path_to_final_target,w,"$1,0,0,0,0,0,0,0,0#",16000,16000,Set tank.c app_speed/duty level to the logged pwm before sending the move key/protocol command; e=stop.,2.07892,5.57795,0,7,0,1.16866,0.05111,9.93338,2.05758,0.0817,9.9428,2.0595,2.0576,0.11304,7,0.0511,0,0,33.13825,12.3678,0.3116,0.2939,2,False,running
b326998ea4,formation_6_dynamic_popup,35,7.0,1784469000,completion_astar,finish_first,r03,r03,True,upper,member,local,2,2,2.47993,0.0438,0.1397,0.31159,0.02503,815,825,-29,96,0,0,0100,---,False,0.30839,0.0446,0.31159,0.02503,2.93711,0.11017,cached_path_to_final_target,w,"$1,0,0,0,0,0,0,0,0#",16000,16000,Set tank.c app_speed/duty level to the logged pwm before sending the move key/protocol command; e=stop.,2.12203,5.65714,0,7,0,0.96211,0.05111,9.88017,2.05758,0.0817,9.9428,2.0595,2.0576,0.11304,7,0.0511,0,0,33.13825,12.3678,0.3116,0.2939,2,False,running
b326998ea4,formation_6_dynamic_popup,35,7.0,1784469000,completion_astar,finish_first,r04,r04,True,upper,member,local,2,2,2.30224,0.32382,0.04908,0.3116,0.00976,818,822,-30,122,0,0,0000,---,False,0.3112,0.01577,0.3116,0.00976,2.76362,0.34729,cached_path_to_final_target,w,"$1,0,0,0,0,0,0,0,0#",16000,16000,Set tank.c app_speed/duty level to the logged pwm before sending the move key/protocol command; e=stop.,2.12249,5.6547,0,0,0,1.21922,0.1096,9.87777,2.05758,0.0817,9.9428,2.0595,2.0576,0.11304,7,0.0511,0,0,33.13825,12.3678,0.3116,0.2939,2,False,running
b326998ea4,formation_6_dynamic_popup,35,7.0,1784469000,completion_astar,finish_first,r05,r05,True,upper,member,local,2,2,1.87998,0.3226,0.04364,0.3116,0.00781,818,822,-24,162,0,0,0000,---,False,0.31129,0.01398,0.3116,0.00781,2.34149,0.3434,cached_path_to_final_target,w,"$1,0,0,0,0,0,0,0,0#",16000,16000,Set tank.c app_speed/duty level to the logged pwm before sending the move key/protocol command; e=stop.,2.06018,5.4894,0,0,0,1.61502,0.11792,9.94002,2.05758,0.0817,9.9428,2.0595,2.0576,0.11304,7,0.0511,0,0,33.13825,12.3678,0.3116,0.2939,2,False,running
b326998ea4,formation_6_dynamic_popup,35,7.0,1784469000,completion_astar,finish_first,r06,r06,True,upper,member,local,2,2,1.56267,0.03399,0.10919,0.31159,0.01885,816,824,-18,187,0,0,0100,---,False,0.30964,0.03487,0.31159,0.01885,2.02172,0.08588,cached_path_to_final_target,w,"$1,0,0,0,0,0,0,0,0#",16000,16000,Set tank.c app_speed/duty level to the logged pwm before sending the move key/protocol command; e=stop.,1.92396,5.26619,0,0,0,1.86522,0.11631,10.07739,2.05758,0.0817,9.9428,2.0595,2.0576,0.11304,7,0.0511,0,0,33.13825,12.3678,0.3116,0.2939,2,False,running
b326998ea4,formation_6_dynamic_popup,36,7.2,1784469200,completion_astar,finish_first,r01,r01,True,lower,member,local,2,2,1.934,-0.12177,0.09064,0.3116,-0.0,820,820,-15,148,0,0,0001,---,False,0.31032,0.02821,0.3116,-0.0,2.39407,-0.07995,cached_path_to_final_target,w,"$1,0,0,0,0,0,0,0,0#",16000,16000,Set tank.c app_speed/duty level to the logged pwm before sending the move key/protocol command; e=stop.,2.12255,5.6581,0,0,0,1.48191,0.11631,9.88783,2.11962,0.08727,9.8808,2.1218,2.1196,0.11376,7,0.0511,0,0,34.13008,12.74172,0.3116,0.2944,2,False,running
b326998ea4,formation_6_dynamic_popup,36,7.2,1784469200,completion_astar,finish_first,r02,r02,True,lower,member,local,2,2,2.31075,-0.1004,0.09933,0.3116,0.0,820,820,-19,111,0,0,0001,---,False,0.31006,0.0309,0.3116,0.0,2.77044,-0.05459,cached_path_to_final_target,w,"$1,0,0,0,0,0,0,0,0#",16000,16000,Set tank.c app_speed/duty level to the logged pwm before sending the move key/protocol command; e=stop.,2.14124,5.7432,0,8,0,1.10731,0.05111,9.87151,2.11962,0.08727,9.8808,2.1218,2.1196,0.11376,7,0.0511,0,0,34.13008,12.74172,0.3116,0.2944,2,False,running
b326998ea4,formation_6_dynamic_popup,36,7.2,1784469200,completion_astar,finish_first,r03,r03,True,upper,member,local,2,2,2.54162,0.05261,0.14188,0.3116,0.01089,818,822,-30,90,0,0,0100,---,False,0.30839,0.04459,0.3116,0.01089,2.99883,0.11882,cached_path_to_final_target,w,"$1,0,0,0,0,0,0,0,0#",16000,16000,Set tank.c app_speed/duty level to the logged pwm before sending the move key/protocol command; e=stop.,2.18435,5.82253,0,8,0,0.90429,0.05111,9.81852,2.11962,0.08727,9.8808,2.1218,2.1196,0.11376,7,0.0511,0,0,34.13008,12.74172,0.3116,0.2944,2,False,running
b326998ea4,formation_6_dynamic_popup,36,7.2,1784469200,completion_astar,finish_first,r04,r04,True,upper,member,local,2,2,2.36448,0.32693,0.04994,0.3116,0.00428,819,821,-31,116,0,0,0000,---,False,0.3112,0.01576,0.3116,0.00428,2.82586,0.35034,cached_path_to_final_target,w,"$1,0,0,0,0,0,0,0,0#",16000,16000,Set tank.c app_speed/duty level to the logged pwm before sending the move key/protocol command; e=stop.,2.18481,5.82,0,0,0,1.16352,0.10451,9.81553,2.11962,0.08727,9.8808,2.1218,2.1196,0.11376,7,0.0511,0,0,34.13008,12.74172,0.3116,0.2944,2,False,running
b326998ea4,formation_6_dynamic_popup,36,7.2,1784469200,completion_astar,finish_first,r05,r05,True,upper,member,local,2,2,1.94224,0.32536,0.04431,0.3116,0.00337,819,821,-25,156,0,0,0000,---,False,0.31129,0.01397,0.3116,0.00337,2.40375,0.34611,cached_path_to_final_target,w,"$1,0,0,0,0,0,0,0,0#",16000,16000,Set tank.c app_speed/duty level to the logged pwm before sending the move key/protocol command; e=stop.,2.1225,5.65469,0,0,0,1.55666,0.11792,9.87777,2.11962,0.08727,9.8808,2.1218,2.1196,0.11376,7,0.0511,0,0,34.13008,12.74172,0.3116,0.2944,2,False,running
b326998ea4,formation_6_dynamic_popup,36,7.2,1784469200,completion_astar,finish_first,r06,r06,True,upper,member,local,2,2,1.6246,0.04089,0.11082,0.3116,0.00813,818,822,-19,180,0,0,0100,---,False,0.30964,0.03486,0.3116,0.00813,2.08367,0.09264,cached_path_to_final_target,w,"$1,0,0,0,0,0,0,0,0#",16000,16000,Set tank.c app_speed/duty level to the logged pwm before sending the move key/protocol command; e=stop.,1.98628,5.43155,0,0,0,1.80458,0.11631,10.01548,2.11962,0.08727,9.8808,2.1218,2.1196,0.11376,7,0.0511,0,0,34.13008,12.74172,0.3116,0.2944,2,False,running
b326998ea4,formation_6_dynamic_popup,37,7.4,1784469400,completion_astar,finish_first,r01,r01,True,lower,member,local,2,2,1.99606,-0.11612,0.09064,0.3116,-0.0,820,820,-16,142,0,0,0001,---,False,0.31032,0.02821,0.3116,-0.0,2.45614,-0.07431,path_to_final_target,w,"$1,0,0,0,0,0,0,0,0#",16000,16000,Set tank.c app_speed/duty level to the logged pwm before sending the move key/protocol command; e=stop.,2.18487,5.82335,0,0,0,1.42022,0.11631,9.82589,2.18165,0.09285,9.8188,2.1841,2.1816,0.11452,7,0.0511,0,0,35.12174,13.11564,0.3116,0.2948,2,False,running
b326998ea4,formation_6_dynamic_popup,37,7.4,1784469400,completion_astar,finish_first,r02,r02,True,lower,member,local,2,2,2.37276,-0.09422,0.09933,0.3116,0.0,820,820,-20,105,0,0,0001,---,False,0.31006,0.0309,0.3116,0.0,2.83246,-0.04841,path_to_final_target,w,"$1,0,0,0,0,0,0,0,0#",16000,16000,Set tank.c app_speed/duty level to the logged pwm before sending the move key/protocol command; e=stop.,2.20356,5.90844,0,8,0,1.04606,0.05111,9.80965,2.18165,0.09285,9.8188,2.1841,2.1816,0.11452,7,0.0511,0,0,35.12174,13.11564,0.3116,0.2948,2,False,running
b326998ea4,formation_6_dynamic_popup,37,7.4,1784469400,completion_astar,finish_first,r03,r03,True,upper,member,local,2,2,2.60331,0.06148,0.1428,0.3116,0.0046,819,821,-31,85,0,0,0100,---,False,0.3084,0.04457,0.3116,0.0046,3.06052,0.1276,path_to_final_target,w,"$1,0,0,0,0,0,0,0,0#",16000,16000,Set tank.c app_speed/duty level to the logged pwm before sending the move key/protocol command; e=stop.,2.24667,5.98784,0,8,0,0.84705,0.05111,9.75689,2.18165,0.09285,9.8188,2.1841,2.1816,0.11452,7,0.0511,0,0,35.12174,13.11564,0.3116,0.2948,2,False,running
b326998ea4,formation_6_dynamic_popup,37,7.4,1784469400,completion_astar,finish_first,r04,r04,True,upper,member,local,2,2,2.42672,0.33003,0.04969,0.3116,-0.00126,820,820,-32,111,0,0,0000,---,False,0.31122,0.01541,0.3116,-0.00126,2.88813,0.35287,path_to_final_target,w,"$1,0,0,0,0,0,0,0,0#",16000,16000,Set tank.c app_speed/duty level to the logged pwm before sending the move key/protocol command; e=stop.,2.24713,5.98531,0,0,0,1.10846,0.09936,9.75329,2.18165,0.09285,9.8188,2.1841,2.1816,0.11452,7,0.0511,0,0,35.12174,13.11564,0.3116,0.2948,2,False,running
b326998ea4,formation_6_dynamic_popup,37,7.4,1784469400,completion_astar,finish_first,r05,r05,True,upper,member,local,2,2,2.0045,0.32814,0.0446,0.3116,0.00141,820,820,-26,150,0,0,0000,---,False,0.31129,0.01396,0.3116,0.00141,2.46601,0.34885,path_to_final_target,w,"$1,0,0,0,0,0,0,0,0#",16000,16000,Set tank.c app_speed/duty level to the logged pwm before sending the move key/protocol command; e=stop.,2.18482,5.81995,0,0,0,1.4986,0.11792,9.81552,2.18165,0.09285,9.8188,2.1841,2.1816,0.11452,7,0.0511,0,0,35.12174,13.11564,0.3116,0.2948,2,False,running
b326998ea4,formation_6_dynamic_popup,37,7.4,1784469400,completion_astar,finish_first,r06,r06,True,upper,member,local,2,2,1.68654,0.04782,0.1115,0.3116,0.0034,819,821,-20,174,0,0,0100,---,False,0.30965,0.03484,0.3116,0.0034,2.14561,0.0995,path_to_final_target,w,"$1,0,0,0,0,0,0,0,0#",16000,16000,Set tank.c app_speed/duty level to the logged pwm before sending the move key/protocol command; e=stop.,2.0486,5.59684,0,0,0,1.74407,0.11631,9.95358,2.18165,0.09285,9.8188,2.1841,2.1816,0.11452,7,0.0511,0,0,35.12174,13.11564,0.3116,0.2948,2,False,running
b326998ea4,formation_6_dynamic_popup,38,7.6,1784469600,completion_astar,finish_first,r01,r01,True,lower,member,local,2,2,2.05813,-0.11048,0.09064,0.3116,-0.0,820,820,-16,136,0,0,0001,---,False,0.31032,0.02821,0.3116,-0.0,2.5182,-0.06867,cached_path_to_final_target,w,"$1,0,0,0,0,0,0,0,0#",16000,16000,Set tank.c app_speed/duty level to the logged pwm before sending the move key/protocol command; e=stop.,2.24719,5.9886,0,0,0,1.35858,0.11631,9.76395,2.24368,0.09844,9.7568,2.2463,2.2437,0.11532,7,0.0511,0,0,36.11328,13.48956,0.3116,0.2952,2,False,running
b326998ea4,formation_6_dynamic_popup,38,7.6,1784469600,completion_astar,finish_first,r02,r02,True,lower,member,local,2,2,2.43478,-0.08804,0.09933,0.3116,0.0,820,820,-21,98,0,0,0001,---,False,0.31006,0.0309,0.3116,0.0,2.89447,-0.04223,cached_path_to_final_target,w,"$1,0,0,0,0,0,0,0,0#",16000,16000,Set tank.c app_speed/duty level to the logged pwm before sending the move key/protocol command; e=stop.,2.26588,6.07369,0,8,0,0.98494,0.05111,9.74779,2.24368,0.09844,9.7568,2.2463,2.2437,0.11532,7,0.0511,0,0,36.11328,13.48956,0.3116,0.2952,2,False,running
b326998ea4,formation_6_dynamic_popup,38,7.6,1784469600,completion_astar,finish_first,r03,r03,True,upper,member,local,2,2,2.66499,0.07037,0.14318,0.3116,0.0019,820,820,-33,79,0,0,0100,---,False,0.3084,0.04455,0.3116,0.0019,3.12221,0.13644,cached_path_to_final_target,w,"$1,0,0,0,0,0,0,0,0#",16000,16000,Set tank.c app_speed/duty level to the logged pwm before sending the move key/protocol command; e=stop.,2.30899,6.15312,0,8,0,0.79049,0.05111,9.69526,2.24368,0.09844,9.7568,2.2463,2.2437,0.11532,7,0.0511,0,0,36.11328,13.48956,0.3116,0.2952,2,False,running
b326998ea4,formation_6_dynamic_popup,38,7.6,1784469600,completion_astar,finish_first,r04,r04,True,upper,member,local,2,2,2.48897,0.3331,0.04939,0.3116,-0.0015,820,820,-34,105,0,0,0000,---,False,0.31122,0.01531,0.3116,-0.0015,2.95038,0.35579,cached_path_to_final_target,w,"$1,0,0,0,0,0,0,0,0#",16000,16000,Set tank.c app_speed/duty level to the logged pwm before sending the move key/protocol command; e=stop.,2.30945,6.15056,0,0,0,1.05412,0.09421,9.69105,2.24368,0.09844,9.7568,2.2463,2.2437,0.11532,7,0.0511,0,0,36.11328,13.48956,0.3116,0.2952,2,False,running
b326998ea4,formation_6_dynamic_popup,38,7.6,1784469600,completion_astar,finish_first,r05,r05,True,upper,member,local,2,2,2.06676,0.33093,0.04471,0.3116,0.00057,820,820,-27,144,0,0,0000,---,False,0.31129,0.01396,0.3116,0.00057,2.52826,0.35162,cached_path_to_final_target,w,"$1,0,0,0,0,0,0,0,0#",16000,16000,Set tank.c app_speed/duty level to the logged pwm before sending the move key/protocol command; e=stop.,2.24714,5.98521,0,0,0,1.44087,0.11792,9.75326,2.24368,0.09844,9.7568,2.2463,2.2437,0.11532,7,0.0511,0,0,36.11328,13.48956,0.3116,0.2952,2,False,running
b326998ea4,formation_6_dynamic_popup,38,7.6,1784469600,completion_astar,finish_first,r06,r06,True,upper,member,local,2,2,1.74847,0.05477,0.11178,0.3116,0.00139,820,820,-20,168,0,0,0100,---,False,0.30965,0.03482,0.3116,0.00139,2.20754,0.10642,cached_path_to_final_target,w,"$1,0,0,0,0,0,0,0,0#",16000,16000,Set tank.c app_speed/duty level to the logged pwm before sending the move key/protocol command; e=stop.,2.11092,5.76211,0,0,0,1.68369,0.11631,9.89168,2.24368,0.09844,9.7568,2.2463,2.2437,0.11532,7,0.0511,0,0,36.11328,13.48956,0.3116,0.2952,2,False,running
b326998ea4,formation_6_dynamic_popup,39,7.8,1784469800,completion_astar,finish_first,r01,r01,True,lower,member,local,2,2,2.12019,-0.10484,0.09064,0.3116,-0.0,820,820,-17,130,0,0,0001,---,False,0.31032,0.02821,0.3116,-0.0,2.58027,-0.06303,cached_path_to_final_target,w,"$1,0,0,0,0,0,0,0,0#",16000,16000,Set tank.c app_speed/duty level to the logged pwm before sending the move key/protocol command; e=stop.,2.30951,6.15384,0,0,0,1.29701,0.11631,9.70202,2.30571,0.10403,9.6948,2.3086,2.3057,0.11616,7,0.0511,0,0,37.10479,13.86348,0.3116,0.2956,2,False,running
b326998ea4,formation_6_dynamic_popup,39,7.8,1784469800,completion_astar,finish_first,r02,r02,True,lower,member,local,2,2,2.49679,-0.08186,0.09933,0.3116,0.0,820,820,-21,92,0,0,0000,---,False,0.31006,0.0309,0.3116,0.0,2.95648,-0.03605,cached_path_to_final_target,w,"$1,0,0,0,0,0,0,0,0#",16000,16000,Set tank.c app_speed/duty level to the logged pwm before sending the move key/protocol command; e=stop.,2.3282,6.23894,0,8,0,0.92396,0.05111,9.68594,2.30571,0.10403,9.6948,2.3086,2.3057,0.11616,7,0.0511,0,0,37.10479,13.86348,0.3116,0.2956,2,False,running
b326998ea4,formation_6_dynamic_popup,39,7.8,1784469800,completion_astar,finish_first,r03,r03,True,upper,member,local,2,2,2.72667,0.07927,0.14333,0.3116,0.00077,820,820,-34,73,0,0,0000,---,False,0.3084,0.04455,0.3116,0.00077,3.1839,0.14532,cached_path_to_final_target,w,"$1,0,0,0,0,0,0,0,0#",16000,16000,Set tank.c app_speed/duty level to the logged pwm before sending the move key/protocol command; e=stop.,2.37131,6.31837,0,8,0,0.73475,0.05111,9.63365,2.30571,0.10403,9.6948,2.3086,2.3057,0.11616,7,0.0511,0,0,37.10479,13.86348,0.3116,0.2956,2,False,running
b326998ea4,formation_6_dynamic_popup,39,7.8,1784469800,completion_astar,finish_first,r04,r04,True,upper,member,local,2,2,2.55121,0.33617,0.0492,0.3116,-0.00092,820,820,-35,100,0,0,0000,---,False,0.31123,0.01528,0.3116,-0.00092,3.01263,0.35881,cached_path_to_final_target,w,"$1,0,0,0,0,0,0,0,0#",16000,16000,Set tank.c app_speed/duty level to the logged pwm before sending the move key/protocol command; e=stop.,2.37177,6.31581,0,0,0,1.00062,0.08906,9.62882,2.30571,0.10403,9.6948,2.3086,2.3057,0.11616,7,0.0511,0,0,37.10479,13.86348,0.3116,0.2956,2,False,running
b326998ea4,formation_6_dynamic_popup,39,7.8,1784469800,completion_astar,finish_first,r05,r05,True,upper,member,local,2,2,2.12901,0.33372,0.04476,0.3116,0.00023,820,820,-28,138,0,0,0000,---,False,0.31129,0.01395,0.3116,0.00023,2.59052,0.3544,cached_path_to_final_target,w,"$1,0,0,0,0,0,0,0,0#",16000,16000,Set tank.c app_speed/duty level to the logged pwm before sending the move key/protocol command; e=stop.,2.30946,6.15046,0,0,0,1.38352,0.11792,9.69101,2.30571,0.10403,9.6948,2.3086,2.3057,0.11616,7,0.0511,0,0,37.10479,13.86348,0.3116,0.2956,2,False,running
b326998ea4,formation_6_dynamic_popup,39,7.8,1784469800,completion_astar,finish_first,r06,r06,True,upper,member,local,2,2,1.8104,0.06173,0.11189,0.3116,0.00056,820,820,-21,162,0,0,0100,---,False,0.30965,0.03482,0.3116,0.00056,2.26948,0.11336,cached_path_to_final_target,w,"$1,0,0,0,0,0,0,0,0#",16000,16000,Set tank.c app_speed/duty level to the logged pwm before sending the move key/protocol command; e=stop.,2.17324,5.92736,0,0,0,1.62345,0.11631,9.8298,2.30571,0.10403,9.6948,2.3086,2.3057,0.11616,7,0.0511,0,0,37.10479,13.86348,0.3116,0.2956,2,False,running
b326998ea4,formation_6_dynamic_popup,40,8.0,1784470000,completion_astar,finish_first,r01,r01,True,lower,member,local,2,2,2.18226,-0.0992,0.09064,0.3116,-0.0,820,820,-17,124,0,0,0001,---,False,0.31032,0.02821,0.3116,-0.0,2.64233,-0.05739,cached_path_to_final_target,w,"$1,0,0,0,0,0,0,0,0#",16000,16000,Set tank.c app_speed/duty level to the logged pwm before sending the move key/protocol command; e=stop.,2.37183,6.31909,0,0,0,1.2355,0.11631,9.64009,2.36774,0.10962,9.6329,2.3709,2.3677,0.11704,6,0.0511,0,0,38.09628,14.2374,0.3116,0.296,2,False,running
b326998ea4,formation_6_dynamic_popup,40,8.0,1784470000,completion_astar,finish_first,r02,r02,True,lower,member,local,2,2,2.5588,-0.07568,0.09933,0.3116,0.0,820,820,-22,86,0,0,0000,---,False,0.31006,0.0309,0.3116,0.0,3.0185,-0.02987,cached_path_to_final_target,w,"$1,0,0,0,0,0,0,0,0#",16000,16000,Set tank.c app_speed/duty level to the logged pwm before sending the move key/protocol command; e=stop.,2.39052,6.40418,0,8,0,0.86315,0.05111,9.62409,2.36774,0.10962,9.6329,2.3709,2.3677,0.11704,6,0.0511,0,0,38.09628,14.2374,0.3116,0.296,2,False,running
b326998ea4,formation_6_dynamic_popup,40,8.0,1784470000,completion_astar,finish_first,r03,r03,True,upper,member,local,2,2,2.78835,0.08818,0.14339,0.3116,0.00031,820,820,-36,68,0,0,1000,---,False,0.3084,0.04454,0.3116,0.00031,3.24558,0.15422,cached_path_to_final_target,w,"$1,0,0,0,0,0,0,0,0#",16000,16000,Set tank.c app_speed/duty level to the logged pwm before sending the move key/protocol command; e=stop.,2.43363,6.48363,0,8,0,0.67999,0.05111,9.57205,2.36774,0.10962,9.6329,2.3709,2.3677,0.11704,6,0.0511,0,0,38.09628,14.2374,0.3116,0.296,2,False,running
b326998ea4,formation_6_dynamic_popup,40,8.0,1784470000,completion_astar,finish_first,r04,r04,True,upper,member,local,2,2,2.61346,0.33923,0.04911,0.3116,-0.00047,820,820,-36,95,0,0,0000,---,False,0.31123,0.01527,0.3116,-0.00047,3.07487,0.36187,cached_path_to_final_target,w,"$1,0,0,0,0,0,0,0,0#",16000,16000,Set tank.c app_speed/duty level to the logged pwm before sending the move key/protocol command; e=stop.,2.43409,6.48106,0,0,0,0.94807,0.08392,9.56658,2.36774,0.10962,9.6329,2.3709,2.3677,0.11704,6,0.0511,0,0,38.09628,14.2374,0.3116,0.296,2,False,running
b326998ea4,formation_6_dynamic_popup,40,8.0,1784470000,completion_astar,finish_first,r05,r05,True,upper,member,local,2,2,2.19127,0.33651,0.04477,0.3116,9e-05,820,820,-29,133,0,0,0000,---,False,0.31129,0.01395,0.3116,9e-05,2.65278,0.35719,cached_path_to_final_target,w,"$1,0,0,0,0,0,0,0,0#",16000,16000,Set tank.c app_speed/duty level to the logged pwm before sending the move key/protocol command; e=stop.,2.37178,6.31571,0,0,0,1.32657,0.11792,9.62876,2.36774,0.10962,9.6329,2.3709,2.3677,0.11704,6,0.0511,0,0,38.09628,14.2374,0.3116,0.296,2,False,running
b326998ea4,formation_6_dynamic_popup,40,8.0,1784470000,completion_astar,finish_first,r06,r06,True,upper,member,local,2,2,1.87233,0.06869,0.11193,0.3116,0.00022,820,820,-21,156,0,0,0100,---,False,0.30965,0.03482,0.3116,0.00022,2.33141,0.12031,cached_path_to_final_target,w,"$1,0,0,0,0,0,0,0,0#",16000,16000,Set tank.c app_speed/duty level to the logged pwm before sending the move key/protocol command; e=stop.,2.23556,6.09261,0,0,0,1.56335,0.11631,9.76791,2.36774,0.10962,9.6329,2.3709,2.3677,0.11704,6,0.0511,0,0,38.09628,14.2374,0.3116,0.296,2,False,running
b326998ea4,formation_6_dynamic_popup,41,8.2,1784470200,completion_astar,finish_first,r01,r01,True,lower,member,local,2,2,2.24432,-0.09356,0.09064,0.3116,-0.0,820,820,-18,117,0,0,0001,---,False,0.31032,0.02821,0.3116,-0.0,2.70439,-0.05174,path_to_final_target,w,"$1,0,0,0,0,0,0,0,0#",16000,16000,Set tank.c app_speed/duty level to the logged pwm before sending the move key/protocol command; e=stop.,2.43415,6.48434,0,0,0,1.17408,0.11631,9.57817,2.42978,0.11522,9.5709,2.4332,2.4298,0.11795,6,0.0511,0,0,39.0878,14.61132,0.3116,0.2963,2,False,running
b326998ea4,formation_6_dynamic_popup,41,8.2,1784470200,completion_astar,finish_first,r02,r02,True,lower,member,local,2,2,2.62081,-0.0695,0.09933,0.3116,0.0,820,820,-24,80,0,0,0010,---,False,0.31006,0.0309,0.3116,0.0,3.08051,-0.02369,path_to_final_target,w,"$1,0,0,0,0,0,0,0,0#",16000,16000,Set tank.c app_speed/duty level to the logged pwm before sending the move key/protocol command; e=stop.,2.45284,6.56943,0,8,0,0.80254,0.05111,9.56226,2.42978,0.11522,9.5709,2.4332,2.4298,0.11795,6,0.0511,0,0,39.0878,14.61132,0.3116,0.2963,2,False,running
b326998ea4,formation_6_dynamic_popup,41,8.2,1784470200,completion_astar,finish_first,r03,r03,True,upper,member,local,2,2,2.85003,0.09709,0.14342,0.3116,0.00012,820,820,-38,63,0,0,1000,---,False,0.3084,0.04454,0.3116,0.00012,3.30726,0.16312,path_to_final_target,w,"$1,0,0,0,0,0,0,0,0#",16000,16000,Set tank.c app_speed/duty level to the logged pwm before sending the move key/protocol command; e=stop.,2.49595,6.64887,0,8,0,0.62644,0.05111,9.51046,2.42978,0.11522,9.5709,2.4332,2.4298,0.11795,6,0.0511,0,0,39.0878,14.61132,0.3116,0.2963,2,False,running
b326998ea4,formation_6_dynamic_popup,41,8.2,1784470200,completion_astar,finish_first,r04,r04,True,upper,member,local,2,2,2.6757,0.34232,0.04972,0.3116,0.00306,819,821,-38,90,0,0,0000,---,False,0.31121,0.01564,0.3116,0.00306,3.13709,0.36554,path_to_final_target,w,"$1,0,0,0,0,0,0,0,0#",16000,16000,Set tank.c app_speed/duty level to the logged pwm before sending the move key/protocol command; e=stop.,2.49641,6.64634,0,0,0,0.89666,0.07885,9.50435,2.42978,0.11522,9.5709,2.4332,2.4298,0.11795,6,0.0511,0,0,39.0878,14.61132,0.3116,0.2963,2,False,running
b326998ea4,formation_6_dynamic_popup,41,8.2,1784470200,completion_astar,finish_first,r05,r05,True,upper,member,local,2,2,2.25353,0.3393,0.04478,0.3116,4e-05,820,820,-30,127,0,0,0000,---,False,0.31129,0.01395,0.3116,4e-05,2.71504,0.35998,path_to_final_target,w,"$1,0,0,0,0,0,0,0,0#",16000,16000,Set tank.c app_speed/duty level to the logged pwm before sending the move key/protocol command; e=stop.,2.4341,6.48095,0,0,0,1.2701,0.11792,9.56651,2.42978,0.11522,9.5709,2.4332,2.4298,0.11795,6,0.0511,0,0,39.0878,14.61132,0.3116,0.2963,2,False,running
b326998ea4,formation_6_dynamic_popup,41,8.2,1784470200,completion_astar,finish_first,r06,r06,True,upper,member,local,2,2,1.93426,0.07565,0.11195,0.3116,9e-05,820,820,-22,150,0,0,0000,---,False,0.30965,0.03481,0.3116,9e-05,2.39334,0.12727,path_to_final_target,w,"$1,0,0,0,0,0,0,0,0#",16000,16000,Set tank.c app_speed/duty level to the logged pwm before sending the move key/protocol command; e=stop.,2.29788,6.25786,0,0,0,1.50343,0.11631,9.70604,2.42978,0.11522,9.5709,2.4332,2.4298,0.11795,6,0.0511,0,0,39.0878,14.61132,0.3116,0.2963,2,False,running
b326998ea4,formation_6_dynamic_popup,42,8.4,1784470400,completion_astar,finish_first,r01,r01,True,lower,member,local,2,2,2.30638,-0.08792,0.09064,0.3116,-0.0,820,820,-19,111,0,0,0001,---,False,0.31032,0.02821,0.3116,-0.0,2.76646,-0.0461,cached_path_to_final_target,w,"$1,0,0,0,0,0,0,0,0#",16000,16000,Set tank.c app_speed/duty level to the logged pwm before sending the move key/protocol command; e=stop.,2.49647,6.64958,0,0,0,1.11274,0.11631,9.51625,2.49181,0.12082,9.509,2.4955,2.4918,0.11888,6,0.0511,0,0,40.07928,14.98524,0.3116,0.2966,2,False,running
b326998ea4,formation_6_dynamic_popup,42,8.4,1784470400,completion_astar,finish_first,r02,r02,True,lower,member,local,2,2,2.68283,-0.06332,0.09933,0.3116,0.0,820,820,-25,74,0,0,0010,---,False,0.31006,0.0309,0.3116,0.0,3.14252,-0.01751,cached_path_to_final_target,w,"$1,0,0,0,0,0,0,0,0#",16000,16000,Set tank.c app_speed/duty level to the logged pwm before sending the move key/protocol command; e=stop.,2.51516,6.73468,0,8,0,0.74217,0.05111,9.50042,2.49181,0.12082,9.509,2.4955,2.4918,0.11888,6,0.0511,0,0,40.07928,14.98524,0.3116,0.2966,2,False,running
b326998ea4,formation_6_dynamic_popup,42,8.4,1784470400,completion_astar,finish_first,r03,r03,True,upper,member,local,2,2,2.91171,0.10599,0.14343,0.3116,5e-05,820,820,-40,57,0,0,1000,---,False,0.3084,0.04454,0.3116,5e-05,3.36894,0.17203,cached_path_to_final_target,w,"$1,0,0,0,0,0,0,0,0#",16000,16000,Set tank.c app_speed/duty level to the logged pwm before sending the move key/protocol command; e=stop.,2.55827,6.81412,0,8,0,0.57437,0.05111,9.44888,2.49181,0.12082,9.509,2.4955,2.4918,0.11888,6,0.0511,0,0,40.07928,14.98524,0.3116,0.2966,2,False,running
b326998ea4,formation_6_dynamic_popup,42,8.4,1784470400,completion_astar,finish_first,r04,r04,True,upper,member,local,2,2,2.73794,0.34545,0.05018,0.3116,0.0023,820,820,-40,85,0,0,0000,---,False,0.3112,0.01574,0.3116,0.0023,3.19932,0.36881,cached_path_to_final_target,w,"$1,0,0,0,0,0,0,0,0#",16000,16000,Set tank.c app_speed/duty level to the logged pwm before sending the move key/protocol command; e=stop.,2.55873,6.81159,0,0,0,0.84657,0.07383,9.44212,2.49181,0.12082,9.509,2.4955,2.4918,0.11888,6,0.0511,0,0,40.07928,14.98524,0.3116,0.2966,2,False,running
b326998ea4,formation_6_dynamic_popup,42,8.4,1784470400,completion_astar,finish_first,r05,r05,True,upper,member,local,2,2,2.31579,0.34209,0.04478,0.3116,1e-05,820,820,-31,121,0,0,0000,---,False,0.31129,0.01395,0.3116,1e-05,2.77729,0.36277,cached_path_to_final_target,w,"$1,0,0,0,0,0,0,0,0#",16000,16000,Set tank.c app_speed/duty level to the logged pwm before sending the move key/protocol command; e=stop.,2.49642,6.6462,0,0,0,1.21414,0.11792,9.50426,2.49181,0.12082,9.509,2.4955,2.4918,0.11888,6,0.0511,0,0,40.07928,14.98524,0.3116,0.2966,2,False,running
b326998ea4,formation_6_dynamic_popup,42,8.4,1784470400,completion_astar,finish_first,r06,r06,True,upper,member,local,2,2,1.99619,0.08262,0.11196,0.3116,3e-05,820,820,-23,144,0,0,0000,---,False,0.30965,0.03481,0.3116,3e-05,2.45527,0.13423,cached_path_to_final_target,w,"$1,0,0,0,0,0,0,0,0#",16000,16000,Set tank.c app_speed/duty level to the logged pwm before sending the move key/protocol command; e=stop.,2.3602,6.42311,0,0,0,1.4437,0.11631,9.64417,2.49181,0.12082,9.509,2.4955,2.4918,0.11888,6,0.0511,0,0,40.07928,14.98524,0.3116,0.2966,2,False,running
b326998ea4,formation_6_dynamic_popup,43,8.6,1784470600,completion_astar,finish_first,r01,r01,True,lower,member,local,2,2,2.36845,-0.08228,0.09064,0.3116,-0.0,820,820,-20,105,0,0,0000,---,False,0.31032,0.02821,0.3116,-0.0,2.82852,-0.04046,cached_path_to_final_target,w,"$1,0,0,0,0,0,0,0,0#",16000,16000,Set tank.c app_speed/duty level to the logged pwm before sending the move key/protocol command; e=stop.,2.55879,6.81483,0,0,0,1.05151,0.11631,9.45434,2.55384,0.12642,9.447,2.5578,2.5538,0.11984,6,0.0511,0,0,41.07077,15.35916,0.3116,0.297,2,False,running
b326998ea4,formation_6_dynamic_popup,43,8.6,1784470600,completion_astar,finish_first,r02,r02,True,lower,member,local,2,2,2.74484,-0.05714,0.09933,0.3116,0.0,820,820,-26,68,0,0,0010,---,False,0.31006,0.0309,0.3116,0.0,3.20453,-0.01133,cached_path_to_final_target,w,"$1,0,0,0,0,0,0,0,0#",16000,16000,Set tank.c app_speed/duty level to the logged pwm before sending the move key/protocol command; e=stop.,2.57748,6.89992,0,8,0,0.68211,0.05111,9.4386,2.55384,0.12642,9.447,2.5578,2.5538,0.11984,6,0.0511,0,0,41.07077,15.35916,0.3116,0.297,2,False,running
b326998ea4,formation_6_dynamic_popup,43,8.6,1784470600,completion_astar,finish_first,r03,r03,True,upper,member,local,2,2,2.97339,0.1149,0.14343,0.3116,2e-05,820,820,-43,52,0,0,1000,---,False,0.3084,0.04454,0.3116,2e-05,3.43062,0.18094,cached_path_to_final_target,w,"$1,0,0,0,0,0,0,0,0#",16000,16000,Set tank.c app_speed/duty level to the logged pwm before sending the move key/protocol command; e=stop.,2.62059,6.97937,0,8,0,0.52415,0.05111,9.38731,2.55384,0.12642,9.447,2.5578,2.5538,0.11984,6,0.0511,0,0,41.07077,15.35916,0.3116,0.297,2,False,running
b326998ea4,formation_6_dynamic_popup,43,8.6,1784470600,completion_astar,finish_first,r04,r04,True,upper,member,local,2,2,2.80018,0.34859,0.05043,0.3116,0.00127,820,820,-42,80,0,0,0000,---,False,0.3112,0.01577,0.3116,0.00127,3.26156,0.37198,cached_path_to_final_target,w,"$1,0,0,0,0,0,0,0,0#",16000,16000,Set tank.c app_speed/duty level to the logged pwm before sending the move key/protocol command; e=stop.,2.62105,6.97685,0,0,0,0.798,0.06884,9.37989,2.55384,0.12642,9.447,2.5578,2.5538,0.11984,6,0.0511,0,0,41.07077,15.35916,0.3116,0.297,2,False,running
b326998ea4,formation_6_dynamic_popup,43,8.6,1784470600,completion_astar,finish_first,r05,r05,True,upper,member,local,2,2,2.37804,0.34488,0.04478,0.3116,1e-05,820,820,-32,116,0,0,0000,---,False,0.31129,0.01395,0.3116,1e-05,2.83955,0.36556,cached_path_to_final_target,w,"$1,0,0,0,0,0,0,0,0#",16000,16000,Set tank.c app_speed/duty level to the logged pwm before sending the move key/protocol command; e=stop.,2.55874,6.81145,0,0,0,1.15878,0.11792,9.44201,2.55384,0.12642,9.447,2.5578,2.5538,0.11984,6,0.0511,0,0,41.07077,15.35916,0.3116,0.297,2,False,running
b326998ea4,formation_6_dynamic_popup,43,8.6,1784470600,completion_astar,finish_first,r06,r06,True,upper,member,local,2,2,2.05812,0.08958,0.11196,0.3116,1e-05,820,820,-24,138,0,0,1000,---,False,0.30965,0.03481,0.3116,1e-05,2.5172,0.14119,cached_path_to_final_target,w,"$1,0,0,0,0,0,0,0,0#",16000,16000,Set tank.c app_speed/duty level to the logged pwm before sending the move key/protocol command; e=stop.,2.42252,6.58835,0,0,0,1.38417,0.11631,9.5823,2.55384,0.12642,9.447,2.5578,2.5538,0.11984,6,0.0511,0,0,41.07077,15.35916,0.3116,0.297,2,False,running
b326998ea4,formation_6_dynamic_popup,44,8.8,1784470800,completion_astar,finish_first,r01,r01,True,lower,member,local,2,2,2.43051,-0.07664,0.09064,0.3116,-0.0,820,820,-20,99,0,0,0000,---,False,0.31032,0.02821,0.3116,-0.0,2.89059,-0.03482,cached_path_to_final_target,w,"$1,0,0,0,0,0,0,0,0#",16000,16000,Set tank.c app_speed/duty level to the logged pwm before sending the move key/protocol command; e=stop.,2.62111,6.98008,0,0,0,0.9904,0.11631,9.39243,2.61405,0.13388,9.3869,2.6184,2.6141,0.11818,6,0.0511,0,0,42.05288,15.72406,0.3041,0.2971,2,False,running
b326998ea4,formation_6_dynamic_popup,44,8.8,1784470800,completion_astar,finish_first,r02,r02,True,lower,member,local,2,2,2.80685,-0.05096,0.09933,0.3116,0.0,820,820,-28,62,0,0,0010,---,False,0.31006,0.0309,0.3116,0.0,3.26655,-0.00515,cached_path_to_final_target,w,"$1,0,0,0,0,0,0,0,0#",16000,16000,Set tank.c app_speed/duty level to the logged pwm before sending the move key/protocol command; e=stop.,2.6398,7.06517,0,8,0,0.62243,0.05111,9.37678,2.61405,0.13388,9.3869,2.6184,2.6141,0.11818,6,0.0511,0,0,42.05288,15.72406,0.3041,0.2971,2,False,running
b326998ea4,formation_6_dynamic_popup,44,8.8,1784470800,completion_astar,finish_first,r03,r03,True,upper,member,local,2,2,3.03507,0.12381,0.14343,0.3116,1e-05,820,820,-45,48,0,0,1000,---,False,0.3084,0.04454,0.3116,1e-05,3.4923,0.18984,cached_path_to_final_target,w,"$1,0,0,0,0,0,0,0,0#",16000,16000,Set tank.c app_speed/duty level to the logged pwm before sending the move key/protocol command; e=stop.,2.68291,7.14461,0,8,0,0.47625,0.05111,9.32575,2.61405,0.13388,9.3869,2.6184,2.6141,0.11818,6,0.0511,0,0,42.05288,15.72406,0.3041,0.2971,2,False,running
b326998ea4,formation_6_dynamic_popup,44,8.8,1784470800,completion_astar,finish_first,r04,r04,True,upper,member,local,2,2,2.85154,0.36284,0.27069,0.26648,1.10127,469,933,-56,77,0,0,0000,---,False,0.25259,0.28196,0.26648,1.10127,3.3238,0.37514,cached_path_to_final_target,a,"$3,0,0,0,0,0,0,0,0#",9000,19000,Set tank.c app_speed/duty level to the logged pwm before sending the move key/protocol command; e=stop.,2.67435,7.13273,0,0,0,0.76667,0.06884,9.3286,2.61405,0.13388,9.3869,2.6184,2.6141,0.11818,6,0.0511,0,0,42.05288,15.72406,0.3041,0.2971,2,False,running
b326998ea4,formation_6_dynamic_popup,44,8.8,1784470800,completion_astar,finish_first,r05,r05,True,upper,member,local,2,2,2.4403,0.34767,0.04479,0.3116,0.0,820,820,-33,110,0,0,0000,---,False,0.31129,0.01395,0.3116,0.0,2.90181,0.36835,cached_path_to_final_target,w,"$1,0,0,0,0,0,0,0,0#",16000,16000,Set tank.c app_speed/duty level to the logged pwm before sending the move key/protocol command; e=stop.,2.62106,6.97669,0,0,0,1.1041,0.11792,9.37977,2.61405,0.13388,9.3869,2.6184,2.6141,0.11818,6,0.0511,0,0,42.05288,15.72406,0.3041,0.2971,2,False,running
b326998ea4,formation_6_dynamic_popup,44,8.8,1784470800,completion_astar,finish_first,r06,r06,True,upper,member,local,2,2,2.12005,0.09654,0.11196,0.3116,0.0,820,820,-24,132,0,0,1000,---,False,0.30965,0.03481,0.3116,0.0,2.57913,0.14816,cached_path_to_final_target,w,"$1,0,0,0,0,0,0,0,0#",16000,16000,Set tank.c app_speed/duty level to the logged pwm before sending the move key/protocol command; e=stop.,2.48484,6.7536,0,0,0,1.32489,0.11631,9.52044,2.61405,0.13388,9.3869,2.6184,2.6141,0.11818,6,0.0511,0,0,42.05288,15.72406,0.3041,0.2971,2,False,running
b326998ea4,formation_6_dynamic_popup,45,9.0,1784471000,completion_astar,finish_first,r01,r01,True,lower,member,local,2,2,2.49258,-0.071,0.09064,0.3116,-0.0,820,820,-21,93,0,0,0010,---,False,0.31032,0.02821,0.3116,-0.0,2.95265,-0.02918,path_to_final_target,w,"$1,0,0,0,0,0,0,0,0#",16000,16000,Set tank.c app_speed/duty level to the logged pwm before sending the move key/protocol command; e=stop.,2.68343,7.14532,0,0,0,0.92943,0.11631,9.33053,2.67483,0.14485,9.3263,2.6802,2.6748,0.114,6,0.0511,0,0,43.0431,16.10079,0.3139,0.2972,2,False,running
b326998ea4,formation_6_dynamic_popup,45,9.0,1784471000,completion_astar,finish_first,r02,r02,True,lower,member,local,2,2,2.86887,-0.04478,0.09933,0.3116,0.0,820,820,-29,56,0,0,0010,---,False,0.31006,0.0309,0.3116,0.0,3.32856,0.00103,path_to_final_target,w,"$1,0,0,0,0,0,0,0,0#",16000,16000,Set tank.c app_speed/duty level to the logged pwm before sending the move key/protocol command; e=stop.,2.70212,7.23042,0,8,0,0.56323,0.05111,9.31496,2.67483,0.14485,9.3263,2.6802,2.6748,0.114,6,0.0511,0,0,43.0431,16.10079,0.3139,0.2972,2,False,running
b326998ea4,formation_6_dynamic_popup,45,9.0,1784471000,completion_astar,finish_first,r03,r03,True,upper,member,local,2,2,3.09675,0.13272,0.14343,0.3116,0.0,820,820,-48,43,0,0,1000,---,False,0.3084,0.04454,0.3116,0.0,3.55398,0.19875,path_to_final_target,w,"$1,0,0,0,0,0,0,0,0#",16000,16000,Set tank.c app_speed/duty level to the logged pwm before sending the move key/protocol command; e=stop.,2.74523,7.30986,0,8,0,0.43129,0.05111,9.2642,2.67483,0.14485,9.3263,2.6802,2.6748,0.114,6,0.0511,0,0,43.0431,16.10079,0.3139,0.2972,2,False,running
b326998ea4,formation_6_dynamic_popup,45,9.0,1784471000,completion_astar,finish_first,r04,r04,True,upper,member,local,2,2,2.90624,0.3982,0.57388,0.32565,1.51594,538,1000,-76,75,0,0,0000,---,False,0.26143,0.27578,0.32565,1.51594,3.37852,0.38415,path_to_final_target,a,"$3,0,0,0,0,0,0,0,0#",11000,20000,Set tank.c app_speed/duty level to the logged pwm before sending the move key/protocol command; e=stop.,2.73948,7.29671,0,0,0,0.74963,0.06884,9.27417,2.67483,0.14485,9.3263,2.6802,2.6748,0.114,6,0.0511,0,0,43.0431,16.10079,0.3139,0.2972,2,False,running
b326998ea4,formation_6_dynamic_popup,45,9.0,1784471000,completion_astar,finish_first,r05,r05,True,upper,member,local,2,2,2.50256,0.35046,0.04479,0.3116,0.0,820,820,-34,105,0,0,0000,---,False,0.31129,0.01395,0.3116,0.0,2.96407,0.37114,path_to_final_target,w,"$1,0,0,0,0,0,0,0,0#",16000,16000,Set tank.c app_speed/duty level to the logged pwm before sending the move key/protocol command; e=stop.,2.68338,7.14194,0,0,0,1.05018,0.11792,9.31752,2.67483,0.14485,9.3263,2.6802,2.6748,0.114,6,0.0511,0,0,43.0431,16.10079,0.3139,0.2972,2,False,running
b326998ea4,formation_6_dynamic_popup,45,9.0,1784471000,completion_astar,finish_first,r06,r06,True,upper,member,local,2,2,2.18198,0.1035,0.11196,0.3116,0.0,820,820,-25,127,0,0,1000,---,False,0.30965,0.03481,0.3116,0.0,2.64106,0.15512,path_to_final_target,w,"$1,0,0,0,0,0,0,0,0#",16000,16000,Set tank.c app_speed/duty level to the logged pwm before sending the move key/protocol command; e=stop.,2.54716,6.91885,0,0,0,1.26587,0.11631,9.45859,2.67483,0.14485,9.3263,2.6802,2.6748,0.114,6,0.0511,0,0,43.0431,16.10079,0.3139,0.2972,2,False,running
b326998ea4,formation_6_dynamic_popup,46,9.2,1784471200,completion_astar,finish_first,r01,r01,True,lower,member,local,2,2,2.55464,-0.06536,0.09064,0.3116,-0.0,820,820,-22,87,0,0,0010,---,False,0.31032,0.02821,0.3116,-0.0,3.01472,-0.02354,cached_path_to_final_target,w,"$1,0,0,0,0,0,0,0,0#",16000,16000,Set tank.c app_speed/duty level to the logged pwm before sending the move key/protocol command; e=stop.,2.74575,7.31057,0,0,0,0.86864,0.11631,9.26864,2.73483,0.15971,9.2665,2.742,2.7348,0.10938,6,0.0511,0,0,44.07153,16.48233,0.318,0.2973,2,False,running
b326998ea4,formation_6_dynamic_popup,46,9.2,1784471200,completion_astar,finish_first,r02,r02,True,lower,member,local,2,2,2.93088,-0.0386,0.09933,0.3116,0.0,820,820,-31,50,0,0,0010,---,False,0.31006,0.0309,0.3116,0.0,3.39057,0.00721,cached_path_to_final_target,w,"$1,0,0,0,0,0,0,0,0#",16000,16000,Set tank.c app_speed/duty level to the logged pwm before sending the move key/protocol command; e=stop.,2.76444,7.39566,0,8,0,0.50464,0.05111,9.25315,2.73483,0.15971,9.2665,2.742,2.7348,0.10938,6,0.0511,0,0,44.07153,16.48233,0.318,0.2973,2,False,running
b326998ea4,formation_6_dynamic_popup,46,9.2,1784471200,completion_astar,finish_first,r03,r03,True,upper,member,local,2,2,3.15069,0.15323,0.36343,0.28855,1.1,528,991,-64,40,0,0,0000,---,False,0.25024,0.28597,0.28855,1.1,3.61566,0.20766,cached_path_to_final_target,a,"$3,0,0,0,0,0,0,0,0#",11000,20000,Set tank.c app_speed/duty level to the logged pwm before sending the move key/protocol command; e=stop.,2.80294,7.47576,0,8,0,0.40365,0.05111,9.21058,2.73483,0.15971,9.2665,2.742,2.7348,0.10938,6,0.0511,0,0,44.07153,16.48233,0.318,0.2973,2,False,running
b326998ea4,formation_6_dynamic_popup,46,9.2,1784471200,completion_astar,finish_first,r04,r04,True,upper,member,local,2,2,2.96406,0.44527,0.68318,0.37278,0.54654,866,1000,-86,74,0,0,0000,---,False,0.27305,0.26428,0.37278,0.54654,3.43336,0.40801,cached_path_to_final_target,a,"$3,0,0,0,0,0,0,0,0#",17000,20000,Set tank.c app_speed/duty level to the logged pwm before sending the move key/protocol command; e=stop.,2.81403,7.49827,0,0,0,0.74398,0.06884,9.21691,2.73483,0.15971,9.2665,2.742,2.7348,0.10938,6,0.0511,0,0,44.07153,16.48233,0.318,0.2973,2,False,running
b326998ea4,formation_6_dynamic_popup,46,9.2,1784471200,completion_astar,finish_first,r05,r05,True,upper,member,local,2,2,2.56482,0.35325,0.04479,0.3116,0.0,820,820,-36,100,0,0,0000,---,False,0.31129,0.01395,0.3116,0.0,3.02632,0.37393,cached_path_to_final_target,w,"$1,0,0,0,0,0,0,0,0#",16000,16000,Set tank.c app_speed/duty level to the logged pwm before sending the move key/protocol command; e=stop.,2.7457,7.30719,0,0,0,0.99715,0.11792,9.25528,2.73483,0.15971,9.2665,2.742,2.7348,0.10938,6,0.0511,0,0,44.07153,16.48233,0.318,0.2973,2,False,running
b326998ea4,formation_6_dynamic_popup,46,9.2,1784471200,completion_astar,finish_first,r06,r06,True,upper,member,local,2,2,2.24391,0.11047,0.11196,0.3116,0.0,820,820,-26,121,0,0,1000,---,False,0.30965,0.03481,0.3116,0.0,2.70299,0.16208,cached_path_to_final_target,w,"$1,0,0,0,0,0,0,0,0#",16000,16000,Set tank.c app_speed/duty level to the logged pwm before sending the move key/protocol command; e=stop.,2.60948,7.08409,0,0,0,1.20716,0.11631,9.39674,2.73483,0.15971,9.2665,2.742,2.7348,0.10938,6,0.0511,0,0,44.07153,16.48233,0.318,0.2973,2,False,running
b326998ea4,formation_6_dynamic_popup,47,9.4,1784471400,completion_astar,finish_first,r01,r01,True,lower,member,local,2,2,2.6167,-0.05971,0.09064,0.3116,-0.0,820,820,-23,81,0,0,0010,---,False,0.31032,0.02821,0.3116,-0.0,3.07678,-0.0179,cached_path_to_final_target,w,"$1,0,0,0,0,0,0,0,0#",16000,16000,Set tank.c app_speed/duty level to the logged pwm before sending the move key/protocol command; e=stop.,2.80807,7.47581,0,0,0,0.80805,0.11631,9.20675,2.79522,0.17806,9.2065,2.8051,2.7952,0.10694,6,0.0511,0,0,45.10815,16.87618,0.3282,0.2974,2,False,running
b326998ea4,formation_6_dynamic_popup,47,9.4,1784471400,completion_astar,finish_first,r02,r02,True,lower,member,local,2,2,2.99289,-0.03242,0.09933,0.3116,0.0,820,820,-33,45,0,0,0010,---,False,0.31006,0.0309,0.3116,0.0,3.45259,0.01339,cached_path_to_final_target,w,"$1,0,0,0,0,0,0,0,0#",16000,16000,Set tank.c app_speed/duty level to the logged pwm before sending the move key/protocol command; e=stop.,2.82676,7.56091,0,8,0,0.44685,0.05111,9.19136,2.79522,0.17806,9.2065,2.8051,2.7952,0.10694,6,0.0511,0,0,45.10815,16.87618,0.3282,0.2974,2,False,running
b326998ea4,formation_6_dynamic_popup,47,9.4,1784471400,completion_astar,finish_first,r03,r03,True,upper,member,local,2,2,3.20684,0.19267,0.61237,0.34307,1.2447,641,1000,-82,39,0,0,0000,---,False,0.26257,0.2747,0.34307,1.2447,3.67218,0.22291,cached_path_to_final_target,a,"$3,0,0,0,0,0,0,0,0#",13000,20000,Set tank.c app_speed/duty level to the logged pwm before sending the move key/protocol command; e=stop.,2.87155,7.64704,0,8,0,0.39437,0.05111,9.15519,2.79522,0.17806,9.2065,2.8051,2.7952,0.10694,6,0.0511,0,0,45.10815,16.87618,0.3282,0.2974,2,False,running
b326998ea4,formation_6_dynamic_popup,47,9.4,1784471400,completion_astar,finish_first,r04,r04,True,upper,member,local,2,2,3.022,0.49438,0.70314,0.37976,0.09977,978,1000,-91,75,0,0,0000,---,False,0.28598,0.25023,0.37976,0.09977,3.49045,0.4431,cached_path_to_final_target,w,"$1,0,0,0,0,0,0,0,0#",20000,20000,Set tank.c app_speed/duty level to the logged pwm before sending the move key/protocol command; e=stop.,2.88999,7.70261,0,0,0,0.74398,0.06884,9.15982,2.79522,0.17806,9.2065,2.8051,2.7952,0.10694,6,0.0511,0,0,45.10815,16.87618,0.3282,0.2974,2,False,running
b326998ea4,formation_6_dynamic_popup,47,9.4,1784471400,completion_astar,finish_first,r05,r05,True,upper,member,local,2,2,2.62707,0.35604,0.04479,0.3116,0.0,820,820,-37,95,0,0,0000,---,False,0.31129,0.01395,0.3116,0.0,3.08858,0.37672,cached_path_to_final_target,w,"$1,0,0,0,0,0,0,0,0#",16000,16000,Set tank.c app_speed/duty level to the logged pwm before sending the move key/protocol command; e=stop.,2.80802,7.47243,0,0,0,0.94513,0.11792,9.19303,2.79522,0.17806,9.2065,2.8051,2.7952,0.10694,6,0.0511,0,0,45.10815,16.87618,0.3282,0.2974,2,False,running
b326998ea4,formation_6_dynamic_popup,47,9.4,1784471400,completion_astar,finish_first,r06,r06,True,upper,member,local,2,2,2.30584,0.11743,0.11196,0.3116,0.0,820,820,-27,115,0,0,1000,---,False,0.30965,0.03481,0.3116,0.0,2.76492,0.16904,cached_path_to_final_target,w,"$1,0,0,0,0,0,0,0,0#",16000,16000,Set tank.c app_speed/duty level to the logged pwm before sending the move key/protocol command; e=stop.,2.6718,7.24934,0,0,0,1.14879,0.11631,9.3349,2.79522,0.17806,9.2065,2.8051,2.7952,0.10694,6,0.0511,0,0,45.10815,16.87618,0.3282,0.2974,2,False,running
b326998ea4,formation_6_dynamic_popup,48,9.6,1784471600,completion_astar,finish_first,r01,r01,True,lower,member,local,2,2,2.67877,-0.05407,0.09064,0.3116,0.0,820,820,-25,75,0,0,0010,---,False,0.31032,0.02821,0.3116,0.0,3.13884,-0.01226,cached_path_to_final_target,w,"$1,0,0,0,0,0,0,0,0#",16000,16000,Set tank.c app_speed/duty level to the logged pwm before sending the move key/protocol command; e=stop.,2.87039,7.64106,0,0,0,0.7477,0.11631,9.14486,2.85612,0.19762,9.146,2.8691,2.8561,0.10787,5,0.0511,0,0,46.17459,17.27673,0.3338,0.2975,2,False,running
b326998ea4,formation_6_dynamic_popup,48,9.6,1784471600,completion_astar,finish_first,r02,r02,True,lower,member,local,2,2,3.0549,-0.02624,0.09933,0.3116,-0.0,820,820,-35,39,0,0,0010,---,False,0.31006,0.0309,0.3116,-0.0,3.5146,0.01957,cached_path_to_final_target,w,"$1,0,0,0,0,0,0,0,0#",16000,16000,Set tank.c app_speed/duty level to the logged pwm before sending the move key/protocol command; e=stop.,2.88908,7.72616,0,8,0,0.39016,0.05111,9.12956,2.85612,0.19762,9.146,2.8691,2.8561,0.10787,5,0.0511,0,0,46.17459,17.27673,0.3338,0.2975,2,False,running
b326998ea4,formation_6_dynamic_popup,48,9.6,1784471600,completion_astar,finish_first,r03,r03,True,upper,member,local,2,2,3.26505,0.24047,0.68744,0.37659,0.37537,912,1000,-92,40,0,0,0000,---,False,0.27896,0.25803,0.37659,0.37537,3.72904,0.25055,cached_path_to_final_target,a,"$3,0,0,0,0,0,0,0,0#",18000,20000,Set tank.c app_speed/duty level to the logged pwm before sending the move key/protocol command; e=stop.,2.94687,7.85112,0,8,0,0.39437,0.05111,9.09813,2.85612,0.19762,9.146,2.8691,2.8561,0.10787,5,0.0511,0,0,46.17459,17.27673,0.3338,0.2975,2,False,running
b326998ea4,formation_6_dynamic_popup,48,9.6,1784471600,completion_astar,finish_first,r04,r04,True,upper,member,local,2,2,3.08087,0.54237,0.68388,0.37978,-0.09627,1000,979,-93,75,0,0,0000,---,False,0.29815,0.2356,0.37978,-0.09627,3.54821,0.48259,cached_path_to_final_target,w,"$1,0,0,0,0,0,0,0,0#",20000,20000,Set tank.c app_speed/duty level to the logged pwm before sending the move key/protocol command; e=stop.,2.96594,7.90399,0,0,0,0.74398,0.06884,9.10205,2.85612,0.19762,9.146,2.8691,2.8561,0.10787,5,0.0511,0,0,46.17459,17.27673,0.3338,0.2975,2,False,running
b326998ea4,formation_6_dynamic_popup,48,9.6,1784471600,completion_astar,finish_first,r05,r05,True,upper,member,local,2,2,2.68933,0.35883,0.04479,0.3116,0.0,820,820,-39,89,0,0,0000,---,False,0.31129,0.01395,0.3116,0.0,3.15084,0.37951,cached_path_to_final_target,w,"$1,0,0,0,0,0,0,0,0#",16000,16000,Set tank.c app_speed/duty level to the logged pwm before sending the move key/protocol command; e=stop.,2.87034,7.63768,0,0,0,0.89428,0.11792,9.13079,2.85612,0.19762,9.146,2.8691,2.8561,0.10787,5,0.0511,0,0,46.17459,17.27673,0.3338,0.2975,2,False,running
b326998ea4,formation_6_dynamic_popup,48,9.6,1784471600,completion_astar,finish_first,r06,r06,True,upper,member,local,2,2,2.36777,0.12439,0.11196,0.3116,0.0,820,820,-28,109,0,0,1000,---,False,0.30965,0.03481,0.3116,0.0,2.82685,0.17601,cached_path_to_final_target,w,"$1,0,0,0,0,0,0,0,0#",16000,16000,Set tank.c app_speed/duty level to the logged pwm before sending the move key/protocol command; e=stop.,2.73412,7.41459,0,0,0,1.09082,0.11631,9.27307,2.85612,0.19762,9.146,2.8691,2.8561,0.10787,5,0.0511,0,0,46.17459,17.27673,0.3338,0.2975,2,False,running
b326998ea4,formation_6_dynamic_popup,49,9.8,1784471800,completion_astar,finish_first,r01,r01,True,lower,member,local,2,2,2.74083,-0.04843,0.09064,0.3116,-0.0,820,820,-26,69,0,0,0010,---,False,0.31032,0.02821,0.3116,-0.0,3.20091,-0.00662,path_to_final_target,w,"$1,0,0,0,0,0,0,0,0#",16000,16000,Set tank.c app_speed/duty level to the logged pwm before sending the move key/protocol command; e=stop.,2.93271,7.80631,0,0,0,0.68766,0.11631,9.08299,2.91741,0.21682,9.0852,2.9333,2.9174,0.11234,6,0.0511,0,0,47.23917,17.67784,0.3343,0.2977,2,False,running
b326998ea4,formation_6_dynamic_popup,49,9.8,1784471800,completion_astar,finish_first,r02,r02,True,lower,member,local,2,2,3.11692,-0.02006,0.09933,0.3116,-0.0,820,820,-38,33,0,0,0010,---,False,0.31006,0.0309,0.3116,-0.0,3.57661,0.02575,path_to_final_target,w,"$1,0,0,0,0,0,0,0,0#",16000,16000,Set tank.c app_speed/duty level to the logged pwm before sending the move key/protocol command; e=stop.,2.9514,7.8914,0,8,0,0.33497,0.05111,9.06778,2.91741,0.21682,9.0852,2.9333,2.9174,0.11234,6,0.0511,0,0,47.23917,17.67784,0.3343,0.2977,2,False,running
b326998ea4,formation_6_dynamic_popup,49,9.8,1784471800,completion_astar,finish_first,r03,r03,True,upper,member,local,2,2,3.32406,0.28836,0.68178,0.37998,-0.02833,1000,994,-96,42,0,0,0000,---,False,0.29612,0.23815,0.37998,-0.02833,3.78777,0.28443,path_to_final_target,w,"$1,0,0,0,0,0,0,0,0#",20000,20000,Set tank.c app_speed/duty level to the logged pwm before sending the move key/protocol command; e=stop.,3.02286,8.05635,0,8,0,0.39437,0.05111,9.04054,2.91741,0.21682,9.0852,2.9333,2.9174,0.11234,6,0.0511,0,0,47.23917,17.67784,0.3343,0.2977,2,False,running
b326998ea4,formation_6_dynamic_popup,49,9.8,1784471800,completion_astar,finish_first,r04,r04,True,upper,member,local,2,2,3.14139,0.58807,0.64679,0.37917,-0.18547,1000,959,-95,77,0,0,0000,---,False,0.30979,0.22006,0.37917,-0.18547,3.60673,0.51858,path_to_final_target,w,"$1,0,0,0,0,0,0,0,0#",20000,19000,Set tank.c app_speed/duty level to the logged pwm before sending the move key/protocol command; e=stop.,3.04177,8.10235,0,0,0,0.74398,0.06884,9.04283,2.91741,0.21682,9.0852,2.9333,2.9174,0.11234,6,0.0511,0,0,47.23917,17.67784,0.3343,0.2977,2,False,running
b326998ea4,formation_6_dynamic_popup,49,9.8,1784471800,completion_astar,finish_first,r05,r05,True,upper,member,local,2,2,2.75159,0.36162,0.04479,0.3116,0.0,820,820,-40,84,0,0,0000,---,False,0.31129,0.01395,0.3116,0.0,3.2131,0.3823,path_to_final_target,w,"$1,0,0,0,0,0,0,0,0#",16000,16000,Set tank.c app_speed/duty level to the logged pwm before sending the move key/protocol command; e=stop.,2.93266,7.80293,0,0,0,0.8448,0.11792,9.06855,2.91741,0.21682,9.0852,2.9333,2.9174,0.11234,6,0.0511,0,0,47.23917,17.67784,0.3343,0.2977,2,False,running
b326998ea4,formation_6_dynamic_popup,49,9.8,1784471800,completion_astar,finish_first,r06,r06,True,upper,member,local,2,2,2.4297,0.13136,0.11196,0.3116,0.0,820,820,-29,103,0,0,1000,---,False,0.30965,0.03481,0.3116,0.0,2.88878,0.18297,path_to_final_target,w,"$1,0,0,0,0,0,0,0,0#",16000,16000,Set tank.c app_speed/duty level to the logged pwm before sending the move key/protocol command; e=stop.,2.79644,7.57983,0,0,0,1.03331,0.11631,9.21124,2.91741,0.21682,9.0852,2.9333,2.9174,0.11234,6,0.0511,0,0,47.23917,17.67784,0.3343,0.2977,2,False,running
b326998ea4,formation_6_dynamic_popup,50,10.0,1784472000,completion_astar,finish_first,r01,r01,True,lower,member,local,2,2,2.8029,-0.04279,0.09064,0.3116,0.0,820,820,-27,63,0,0,0010,---,False,0.31032,0.02821,0.3116,0.0,3.26297,-0.00097,cached_path_to_final_target,w,"$1,0,0,0,0,0,0,0,0#",16000,16000,Set tank.c app_speed/duty level to the logged pwm before sending the move key/protocol command; e=stop.,2.99503,7.97155,0,0,0,0.628,0.11631,9.02111,2.97931,0.23515,9.0238,2.9979,2.9793,0.11993,6,0.0511,0,0,48.29597,18.07871,0.3341,0.2979,2,False,running
b326998ea4,formation_6_dynamic_popup,50,10.0,1784472000,completion_astar,finish_first,r02,r02,True,lower,member,local,2,2,3.17893,-0.01388,0.09933,0.3116,-0.0,820,820,-41,28,0,0,0010,---,False,0.31006,0.0309,0.3116,-0.0,3.63862,0.03193,cached_path_to_final_target,w,"$1,0,0,0,0,0,0,0,0#",16000,16000,Set tank.c app_speed/duty level to the logged pwm before sending the move key/protocol command; e=stop.,3.01372,8.05665,0,8,0,0.28193,0.05111,9.006,2.97931,0.23515,9.0238,2.9979,2.9793,0.11993,6,0.0511,0,0,48.29597,18.07871,0.3341,0.2979,2,False,running
b326998ea4,formation_6_dynamic_popup,50,10.0,1784472000,completion_astar,finish_first,r03,r03,True,upper,member,local,2,2,3.38478,0.33373,0.64173,0.37903,-0.20025,1000,955,-99,44,0,0,0000,---,False,0.31141,0.21777,0.37903,-0.20025,3.84729,0.32208,cached_path_to_final_target,w,"$1,0,0,0,0,0,0,0,0#",20000,19000,Set tank.c app_speed/duty level to the logged pwm before sending the move key/protocol command; e=stop.,3.09867,8.25516,0,8,0,0.39437,0.05111,8.98142,2.97931,0.23515,9.0238,2.9979,2.9793,0.11993,6,0.0511,0,0,48.29597,18.07871,0.3341,0.2979,2,False,running
b326998ea4,formation_6_dynamic_popup,50,10.0,1784472000,completion_astar,finish_first,r04,r04,True,upper,member,local,2,2,3.20375,0.63112,0.60418,0.3789,-0.21304,1000,952,-96,78,0,0,0000,---,False,0.31978,0.20529,0.3789,-0.21304,3.66661,0.55935,cached_path_to_final_target,w,"$1,0,0,0,0,0,0,0,0#",20000,19000,Set tank.c app_speed/duty level to the logged pwm before sending the move key/protocol command; e=stop.,3.11755,8.29936,0,0,0,0.74398,0.06884,8.98193,2.97931,0.23515,9.0238,2.9979,2.9793,0.11993,6,0.0511,0,0,48.29597,18.07871,0.3341,0.2979,2,False,running
b326998ea4,formation_6_dynamic_popup,50,10.0,1784472000,completion_astar,finish_first,r05,r05,True,upper,member,local,2,2,2.81385,0.36441,0.04479,0.3116,0.0,820,820,-42,80,0,0,0000,---,False,0.31129,0.01395,0.3116,0.0,3.27535,0.38509,cached_path_to_final_target,w,"$1,0,0,0,0,0,0,0,0#",16000,16000,Set tank.c app_speed/duty level to the logged pwm before sending the move key/protocol command; e=stop.,2.99498,7.96817,0,0,0,0.79689,0.11792,9.00631,2.97931,0.23515,9.0238,2.9979,2.9793,0.11993,6,0.0511,0,0,48.29597,18.07871,0.3341,0.2979,2,False,running
b326998ea4,formation_6_dynamic_popup,50,10.0,1784472000,completion_astar,finish_first,r06,r06,True,upper,member,local,2,2,2.49163,0.13832,0.11196,0.3116,0.0,820,820,-31,98,0,0,1000,---,False,0.30965,0.03481,0.3116,0.0,2.9507,0.18993,cached_path_to_final_target,w,"$1,0,0,0,0,0,0,0,0#",16000,16000,Set tank.c app_speed/duty level to the logged pwm before sending the move key/protocol command; e=stop.,2.85876,7.74508,0,0,0,0.97633,0.11631,9.14942,2.97931,0.23515,9.0238,2.9979,2.9793,0.11993,6,0.0511,0,0,48.29597,18.07871,0.3341,0.2979,2,False,running
b326998ea4,formation_6_dynamic_popup,51,10.2,1784472200,completion_astar,finish_first,r01,r01,True,lower,member,local,2,2,2.86496,-0.03715,0.09064,0.3116,-0.0,820,820,-29,57,0,0,0010,---,False,0.31032,0.02821,0.3116,-0.0,3.32504,0.00467,cached_path_to_final_target,w,"$1,0,0,0,0,0,0,0,0#",16000,16000,Set tank.c app_speed/duty level to the logged pwm before sending the move key/protocol command; e=stop.,3.05735,8.1368,0,0,0,0.56881,0.11631,8.95925,3.04187,0.25245,8.9617,3.0628,3.0419,0.12985,8,0.0511,0,0,49.34982,18.4794,0.3339,0.2982,2,False,running
b326998ea4,formation_6_dynamic_popup,51,10.2,1784472200,completion_astar,finish_first,r02,r02,True,lower,member,local,2,2,3.24094,-0.0077,0.09933,0.3116,-0.0,820,820,-44,23,0,0,0010,---,False,0.31006,0.0309,0.3116,-0.0,3.70064,0.03811,cached_path_to_final_target,w,"$1,0,0,0,0,0,0,0,0#",16000,16000,Set tank.c app_speed/duty level to the logged pwm before sending the move key/protocol command; e=stop.,3.07604,8.22189,0,8,0,0.23201,0.05111,8.94423,3.04187,0.25245,8.9617,3.0628,3.0419,0.12985,8,0.0511,0,0,49.34982,18.4794,0.3339,0.2982,2,False,running
b326998ea4,formation_6_dynamic_popup,51,10.2,1784472200,completion_astar,finish_first,r03,r03,True,upper,member,local,2,2,3.44773,0.37569,0.58785,0.37824,-0.2694,1000,939,-101,47,0,0,0000,---,False,0.32485,0.19717,0.37824,-0.2694,3.90815,0.35918,cached_path_to_final_target,w,"$1,0,0,0,0,0,0,0,0#",20000,19000,Set tank.c app_speed/duty level to the logged pwm before sending the move key/protocol command; e=stop.,3.17432,8.45133,0,8,0,0.39437,0.05111,8.92018,3.04187,0.25245,8.9617,3.0628,3.0419,0.12985,8,0.0511,0,0,49.34982,18.4794,0.3339,0.2982,2,False,running
b326998ea4,formation_6_dynamic_popup,51,10.2,1784472200,completion_astar,finish_first,r04,r04,True,upper,member,local,2,2,3.26794,0.67137,0.56013,0.37882,-0.22027,1000,951,-97,80,0,0,0000,---,False,0.32873,0.19063,0.37882,-0.22027,3.72819,0.59979,cached_path_to_final_target,w,"$1,0,0,0,0,0,0,0,0#",20000,19000,Set tank.c app_speed/duty level to the logged pwm before sending the move key/protocol command; e=stop.,3.19332,8.49605,0,0,0,0.74398,0.06884,8.91931,3.04187,0.25245,8.9617,3.0628,3.0419,0.12985,8,0.0511,0,0,49.34982,18.4794,0.3339,0.2982,2,False,running
b326998ea4,formation_6_dynamic_popup,51,10.2,1784472200,completion_astar,finish_first,r05,r05,True,upper,member,local,2,2,2.8761,0.3672,0.04479,0.3116,0.0,820,820,-44,75,0,0,0000,---,False,0.31129,0.01395,0.3116,0.0,3.33761,0.38788,cached_path_to_final_target,w,"$1,0,0,0,0,0,0,0,0#",16000,16000,Set tank.c app_speed/duty level to the logged pwm before sending the move key/protocol command; e=stop.,3.0573,8.13342,0,0,0,0.75083,0.11792,8.94407,3.04187,0.25245,8.9617,3.0628,3.0419,0.12985,8,0.0511,0,0,49.34982,18.4794,0.3339,0.2982,2,False,running
b326998ea4,formation_6_dynamic_popup,51,10.2,1784472200,completion_astar,finish_first,r06,r06,True,upper,member,local,2,2,2.55356,0.14528,0.11196,0.3116,0.0,820,820,-32,92,0,0,1000,---,False,0.30965,0.03481,0.3116,0.0,3.01263,0.1969,cached_path_to_final_target,w,"$1,0,0,0,0,0,0,0,0#",16000,16000,Set tank.c app_speed/duty level to the logged pwm before sending the move key/protocol command; e=stop.,2.92108,7.91033,0,0,0,0.91996,0.11631,9.08761,3.04187,0.25245,8.9617,3.0628,3.0419,0.12985,8,0.0511,0,0,49.34982,18.4794,0.3339,0.2982,2,False,running
b326998ea4,formation_6_dynamic_popup,52,10.4,1784472400,completion_astar,finish_first,r01,r01,True,lower,member,local,2,2,2.92703,-0.03151,0.09064,0.3116,-0.0,820,820,-31,51,0,0,0010,---,False,0.31032,0.02821,0.3116,-0.0,3.3871,0.01031,cached_path_to_final_target,w,"$1,0,0,0,0,0,0,0,0#",16000,16000,Set tank.c app_speed/duty level to the logged pwm before sending the move key/protocol command; e=stop.,3.11967,8.30205,0,0,0,0.51024,0.11631,8.89739,3.10362,0.27056,8.9005,3.1271,3.1036,0.13855,10,0.0511,0,0,50.39747,18.87295,0.328,0.2984,2,False,running
b326998ea4,formation_6_dynamic_popup,52,10.4,1784472400,completion_astar,finish_first,r02,r02,True,lower,member,local,2,2,3.30296,-0.00161,0.09796,0.3116,-0.00685,821,819,-48,19,0,0,0000,---,False,0.31014,0.03014,0.3116,-0.00685,3.76265,0.043,cached_path_to_final_target,w,"$1,0,0,0,0,0,0,0,0#",16000,16000,Set tank.c app_speed/duty level to the logged pwm before sending the move key/protocol command; e=stop.,3.13836,8.38721,0,8,0,0.18674,0.05111,8.88245,3.10362,0.27056,8.9005,3.1271,3.1036,0.13855,10,0.0511,0,0,50.39747,18.87295,0.328,0.2984,2,False,running
b326998ea4,formation_6_dynamic_popup,52,10.4,1784472400,completion_astar,finish_first,r03,r03,True,upper,member,local,2,2,3.51298,0.41383,0.52897,0.3779,-0.29437,1000,933,-102,50,0,0,0000,---,False,0.33658,0.17639,0.3779,-0.29437,3.97086,0.39396,cached_path_to_final_target,w,"$1,0,0,0,0,0,0,0,0#",20000,19000,Set tank.c app_speed/duty level to the logged pwm before sending the move key/protocol command; e=stop.,3.2499,8.64642,0,8,0,0.39437,0.05111,8.85669,3.10362,0.27056,8.9005,3.1271,3.1036,0.13855,10,0.0511,0,0,50.39747,18.87295,0.328,0.2984,2,False,running
b326998ea4,formation_6_dynamic_popup,52,10.4,1784472400,completion_astar,finish_first,r04,r04,True,upper,member,local,2,2,3.33384,0.70875,0.51599,0.37882,-0.22069,1000,950,-98,82,0,0,0000,---,False,0.33683,0.17592,0.37882,-0.22069,3.79154,0.63826,cached_path_to_final_target,w,"$1,0,0,0,0,0,0,0,0#",20000,19000,Set tank.c app_speed/duty level to the logged pwm before sending the move key/protocol command; e=stop.,3.26908,8.69257,0,0,0,0.74398,0.06884,8.85506,3.10362,0.27056,8.9005,3.1271,3.1036,0.13855,10,0.0511,0,0,50.39747,18.87295,0.328,0.2984,2,False,running
b326998ea4,formation_6_dynamic_popup,52,10.4,1784472400,completion_astar,finish_first,r05,r05,True,upper,member,local,2,2,2.92942,0.38165,0.26479,0.27623,1.1,495,958,-59,72,0,0,0000,---,False,0.26427,0.27306,0.27623,1.1,3.39987,0.39067,cached_path_to_final_target,a,"$3,0,0,0,0,0,0,0,0#",10000,19000,Set tank.c app_speed/duty level to the logged pwm before sending the move key/protocol command; e=stop.,3.11255,8.29365,0,0,0,0.72147,0.11792,8.89085,3.10362,0.27056,8.9005,3.1271,3.1036,0.13855,10,0.0511,0,0,50.39747,18.87295,0.328,0.2984,2,False,running
b326998ea4,formation_6_dynamic_popup,52,10.4,1784472400,completion_astar,finish_first,r06,r06,True,upper,member,local,2,2,2.61549,0.15224,0.11196,0.3116,0.0,820,820,-33,86,0,0,1000,---,False,0.30965,0.03481,0.3116,0.0,3.07456,0.20386,cached_path_to_final_target,w,"$1,0,0,0,0,0,0,0,0#",16000,16000,Set tank.c app_speed/duty level to the logged pwm before sending the move key/protocol command; e=stop.,2.9834,8.07557,0,0,0,0.86432,0.11631,9.0258,3.10362,0.27056,8.9005,3.1271,3.1036,0.13855,10,0.0511,0,0,50.39747,18.87295,0.328,0.2984,2,False,running
b326998ea4,formation_6_dynamic_popup,53,10.6,1784472600,completion_astar,finish_first,r01,r01,True,lower,member,local,2,2,2.98909,-0.02587,0.09064,0.3116,-0.0,820,820,-33,45,0,0,0010,---,False,0.31032,0.02821,0.3116,-0.0,3.44916,0.01595,path_to_final_target,w,"$1,0,0,0,0,0,0,0,0#",16000,16000,Set tank.c app_speed/duty level to the logged pwm before sending the move key/protocol command; e=stop.,3.18199,8.46729,0,0,0,0.45247,0.11631,8.83554,3.164,0.28731,8.8407,3.1898,3.164,0.13689,10,0.0511,0,0,51.4169,19.25569,0.3189,0.2985,2,False,running
b326998ea4,formation_6_dynamic_popup,53,10.6,1784472600,completion_astar,finish_first,r02,r02,True,lower,member,local,2,2,3.36501,0.00418,0.0931,0.31159,-0.02432,825,815,-52,15,0,0,0000,---,False,0.31036,0.02778,0.31159,-0.02432,3.82491,0.04511,path_to_final_target,w,"$1,0,0,0,0,0,0,0,0#",16000,16000,Set tank.c app_speed/duty level to the logged pwm before sending the move key/protocol command; e=stop.,3.20067,8.55263,0,8,0,0.14838,0.05111,8.82065,3.164,0.28731,8.8407,3.1898,3.164,0.13689,10,0.0511,0,0,51.4169,19.25569,0.3189,0.2985,2,False,running
b326998ea4,formation_6_dynamic_popup,53,10.6,1784472600,completion_astar,finish_first,r03,r03,True,upper,member,local,2,2,3.58041,0.44789,0.46772,0.37773,-0.30627,1000,930,-103,54,0,0,0000,---,False,0.34704,0.15481,0.37773,-0.30627,4.03578,0.42215,path_to_final_target,w,"$1,0,0,0,0,0,0,0,0#",20000,19000,Set tank.c app_speed/duty level to the logged pwm before sending the move key/protocol command; e=stop.,3.32544,8.84106,0,8,0,0.39437,0.05111,8.791,3.164,0.28731,8.8407,3.1898,3.164,0.13689,10,0.0511,0,0,51.4169,19.25569,0.3189,0.2985,2,False,running
b326998ea4,formation_6_dynamic_popup,53,10.6,1784472600,completion_astar,finish_first,r04,r04,True,upper,member,local,2,2,3.38591,0.72215,0.25185,0.26882,-1.32069,985,429,-85,82,0,0,0000,---,False,0.20199,-0.01486,0.26882,-1.32069,3.85646,0.67031,path_to_final_target,d,"$4,0,0,0,0,0,0,0,0#",20000,9000,Set tank.c app_speed/duty level to the logged pwm before sending the move key/protocol command; e=stop.,3.32285,8.85485,0,0,0,0.74398,0.06884,8.80366,3.164,0.28731,8.8407,3.1898,3.164,0.13689,10,0.0511,0,0,51.4169,19.25569,0.3189,0.2985,2,False,running
b326998ea4,formation_6_dynamic_popup,53,10.6,1784472600,completion_astar,finish_first,r05,r05,True,upper,member,local,2,2,2.98616,0.4163,0.54821,0.33236,1.41712,576,1000,-78,71,0,0,0000,---,False,0.27257,0.26478,0.33236,1.41712,3.45595,0.39977,path_to_final_target,a,"$3,0,0,0,0,0,0,0,0#",12000,20000,Set tank.c app_speed/duty level to the logged pwm before sending the move key/protocol command; e=stop.,3.17902,8.46024,0,0,0,0.70762,0.11792,8.83446,3.164,0.28731,8.8407,3.1898,3.164,0.13689,10,0.0511,0,0,51.4169,19.25569,0.3189,0.2985,2,False,running
b326998ea4,formation_6_dynamic_popup,53,10.6,1784472600,completion_astar,finish_first,r06,r06,True,upper,member,local,2,2,2.67742,0.15921,0.11196,0.3116,0.0,820,820,-35,81,0,0,0000,---,False,0.30965,0.03481,0.3116,0.0,3.13649,0.21082,path_to_final_target,w,"$1,0,0,0,0,0,0,0,0#",16000,16000,Set tank.c app_speed/duty level to the logged pwm before sending the move key/protocol command; e=stop.,3.04572,8.24082,0,0,0,0.80954,0.11631,8.964,3.164,0.28731,8.8407,3.1898,3.164,0.13689,10,0.0511,0,0,51.4169,19.25569,0.3189,0.2985,2,False,running
b326998ea4,formation_6_dynamic_popup,54,10.8,1784472800,completion_astar,finish_first,r01,r01,True,lower,member,local,2,2,3.05115,-0.02023,0.09064,0.3116,-0.0,820,820,-35,40,0,0,0010,---,False,0.31032,0.02821,0.3116,-0.0,3.51123,0.02159,cached_path_to_final_target,w,"$1,0,0,0,0,0,0,0,0#",16000,16000,Set tank.c app_speed/duty level to the logged pwm before sending the move key/protocol command; e=stop.,3.24431,8.63254,0,0,0,0.39578,0.11631,8.77369,3.21782,0.29783,8.7872,3.2446,3.2178,0.12653,10,0.0511,0,0,52.34877,19.59052,0.279,0.2979,3,False,running
b326998ea4,formation_6_dynamic_popup,54,10.8,1784472800,completion_astar,finish_first,r02,r02,True,lower,member,local,2,2,3.4271,0.0095,0.08544,0.31157,-0.03829,828,812,-56,12,0,0,0100,---,False,0.31062,0.02472,0.31157,-0.03829,3.88721,0.04575,cached_path_to_final_target,w,"$1,0,0,0,0,0,0,0,0#",17000,16000,Set tank.c app_speed/duty level to the logged pwm before sending the move key/protocol command; e=stop.,3.26299,8.71802,0,8,0,0.12023,0.05111,8.7588,3.21782,0.29783,8.7872,3.2446,3.2178,0.12653,10,0.0511,0,0,52.34877,19.59052,0.279,0.2979,3,False,running
b326998ea4,formation_6_dynamic_popup,54,10.8,1784472800,completion_astar,finish_first,r03,r03,True,upper,member,local,3,2,3.63497,0.45943,0.20843,0.27879,-1.29644,1000,461,-92,55,0,0,0000,---,False,0.3116,0.00147,0.27879,-1.29644,4.10259,0.45035,cached_path_to_final_target,d,"$4,0,0,0,0,0,0,0,0#",20000,9000,Set tank.c app_speed/duty level to the logged pwm before sending the move key/protocol command; e=stop.,3.3812,9.00609,0,8,0,0.39437,0.05111,8.73712,3.21782,0.29783,8.7872,3.2446,3.2178,0.12653,10,0.0511,0,0,52.34877,19.59052,0.279,0.2979,3,False,running
b326998ea4,formation_6_dynamic_popup,54,10.8,1784472800,completion_astar,finish_first,r04,r04,True,center,member,local,2,2,3.42431,0.72504,0.0752,0.19255,-0.88328,693,321,-77,82,0,0,0000,---,False,0.20213,-0.01287,0.19255,-0.88328,3.91235,0.68862,cached_path_to_final_target,d,"$4,0,0,0,0,0,0,0,0#",14000,6000,Set tank.c app_speed/duty level to the logged pwm before sending the move key/protocol command; e=stop.,3.36136,8.9675,0,0,0,0.74398,0.06884,8.76544,3.21782,0.29783,8.7872,3.2446,3.2178,0.12653,10,0.0511,0,0,52.34877,19.59052,0.279,0.2979,3,False,running
b326998ea4,formation_6_dynamic_popup,54,10.8,1784472800,completion_astar,finish_first,r05,r05,True,upper,member,local,2,2,3.03005,0.44708,0.61163,0.26806,0.31712,639,772,-84,70,0,0,0000,---,False,0.31157,0.00411,0.26806,0.31712,3.51261,0.42324,cached_path_to_final_target,a,"$3,0,0,0,0,0,0,0,0#",13000,15000,Set tank.c app_speed/duty level to the logged pwm before sending the move key/protocol command; e=stop.,3.23263,8.61856,0,0,0,0.70366,0.11792,8.79099,3.21782,0.29783,8.7872,3.2446,3.2178,0.12653,10,0.0511,0,0,52.34877,19.59052,0.279,0.2979,3,False,running
b326998ea4,formation_6_dynamic_popup,54,10.8,1784472800,completion_astar,finish_first,r06,r06,True,upper,member,local,2,2,2.73935,0.16617,0.11196,0.3116,0.0,820,820,-37,76,0,0,0000,---,False,0.30965,0.03481,0.3116,0.0,3.19842,0.21778,cached_path_to_final_target,w,"$1,0,0,0,0,0,0,0,0#",16000,16000,Set tank.c app_speed/duty level to the logged pwm before sending the move key/protocol command; e=stop.,3.10804,8.40606,0,0,0,0.75578,0.11631,8.90221,3.21782,0.29783,8.7872,3.2446,3.2178,0.12653,10,0.0511,0,0,52.34877,19.59052,0.279,0.2979,3,False,running
b326998ea4,formation_6_dynamic_popup,55,11.0,1784473000,completion_astar,finish_first,r01,r01,True,lower,member,local,2,3,3.11324,-0.01491,0.08539,0.31159,-0.02628,825,814,-37,34,0,0,0010,---,False,0.31057,0.02529,0.31159,-0.02628,3.57371,0.02233,path_to_final_target,w,"$1,0,0,0,0,0,0,0,0#",16000,16000,Set tank.c app_speed/duty level to the logged pwm before sending the move key/protocol command; e=stop.,3.30662,8.79795,0,0,0,0.34042,0.11631,8.71182,3.27894,0.30617,8.7264,3.3063,3.2789,0.12707,10,0.0511,0,0,53.3866,19.96405,0.3113,0.2981,3,False,running
b326998ea4,formation_6_dynamic_popup,55,11.0,1784473000,completion_astar,finish_first,r02,r02,True,lower,member,local,2,3,3.48923,0.01427,0.07656,0.31156,-0.04439,829,811,-61,11,0,0,0100,---,False,0.31085,0.02167,0.31156,-0.04439,3.94985,0.04594,path_to_final_target,w,"$1,0,0,0,0,0,0,0,0#",17000,16000,Set tank.c app_speed/duty level to the logged pwm before sending the move key/protocol command; e=stop.,3.3253,8.88333,0,8,0,0.10622,0.05111,8.69689,3.27894,0.30617,8.7264,3.3063,3.2789,0.12707,10,0.0511,0,0,53.3866,19.96405,0.3113,0.2981,3,False,running
b326998ea4,formation_6_dynamic_popup,55,11.0,1784473000,completion_astar,finish_first,r03,r03,True,upper,member,local,3,3,3.70942,0.47214,0.16915,0.37764,-0.19644,1000,952,-94,56,0,0,0000,---,False,0.36071,0.11953,0.37764,-0.19644,4.16088,0.46429,path_to_final_target,w,"$1,0,0,0,0,0,0,0,0#",20000,19000,Set tank.c app_speed/duty level to the logged pwm before sending the move key/protocol command; e=stop.,3.45673,9.22171,0,8,0,0.39437,0.05111,8.66346,3.27894,0.30617,8.7264,3.3063,3.2789,0.12707,10,0.0511,0,0,53.3866,19.96405,0.3113,0.2981,3,False,running
b326998ea4,formation_6_dynamic_popup,55,11.0,1784473000,completion_astar,finish_first,r04,r04,True,center,member,local,2,3,3.48477,0.72737,0.03856,0.30255,-0.18319,835,758,-77,82,0,0,0000,---,False,0.31159,0.00304,0.30255,-0.18319,3.95608,0.73024,path_to_final_target,d,"$4,0,0,0,0,0,0,0,0#",17000,15000,Set tank.c app_speed/duty level to the logged pwm before sending the move key/protocol command; e=stop.,3.42187,9.14381,0,0,0,0.74398,0.06884,8.70515,3.27894,0.30617,8.7264,3.3063,3.2789,0.12707,10,0.0511,0,0,53.3866,19.96405,0.3113,0.2981,3,False,running
b326998ea4,formation_6_dynamic_popup,55,11.0,1784473000,completion_astar,finish_first,r05,r05,True,upper,member,local,2,3,3.07591,0.46952,0.45506,0.25527,-0.78288,837,507,-78,70,0,0,0000,---,False,0.3116,0.00028,0.25527,-0.78288,3.56044,0.44756,path_to_final_target,d,"$4,0,0,0,0,0,0,0,0#",17000,10000,Set tank.c app_speed/duty level to the logged pwm before sending the move key/protocol command; e=stop.,3.28369,8.766,0,0,0,0.69517,0.11792,8.74552,3.27894,0.30617,8.7264,3.3063,3.2789,0.12707,10,0.0511,0,0,53.3866,19.96405,0.3113,0.2981,3,False,running
b326998ea4,formation_6_dynamic_popup,55,11.0,1784473000,completion_astar,finish_first,r06,r06,True,upper,member,local,2,3,2.8011,0.16864,0.04002,0.30903,-0.35971,889,738,-34,70,0,0,0000,---,False,0.31156,-0.00514,0.30903,-0.35971,3.2467,0.15779,path_to_final_target,d,"$4,0,0,0,0,0,0,0,0#",18000,15000,Set tank.c app_speed/duty level to the logged pwm before sending the move key/protocol command; e=stop.,3.16984,8.5738,0,0,0,0.70134,0.11631,8.84051,3.27894,0.30617,8.7264,3.3063,3.2789,0.12707,10,0.0511,0,0,53.3866,19.96405,0.3113,0.2981,3,False,running
b326998ea4,formation_6_dynamic_popup,56,11.2,1784473200,completion_astar,finish_first,r01,r01,True,lower,member,local,2,3,3.17536,-0.00985,0.08136,0.31159,-0.02014,824,816,-40,29,0,0,0010,---,False,0.31065,0.02434,0.31159,-0.02014,3.63593,0.02604,cached_path_to_final_target,w,"$1,0,0,0,0,0,0,0,0#",16000,16000,Set tank.c app_speed/duty level to the logged pwm before sending the move key/protocol command; e=stop.,3.36894,8.96326,0,0,0,0.28699,0.11631,8.64991,3.33817,0.31463,8.6675,3.3661,3.3382,0.12625,8,0.0511,0,0,54.36444,20.32528,0.301,0.2981,2,False,running
b326998ea4,formation_6_dynamic_popup,56,11.2,1784473200,completion_astar,finish_first,r02,r02,True,lower,member,local,2,3,3.55155,0.03271,0.28768,0.32498,1.05561,633,1000,-79,12,0,0,0100,---,False,0.30897,0.22122,0.32498,1.05561,4.01226,0.04599,cached_path_to_final_target,a,"$3,0,0,0,0,0,0,0,0#",13000,20000,Set tank.c app_speed/duty level to the logged pwm before sending the move key/protocol command; e=stop.,3.3903,9.06,0,8,0,0.10622,0.05111,8.63532,3.33817,0.31463,8.6675,3.3661,3.3382,0.12625,8,0.0511,0,0,54.36444,20.32528,0.301,0.2981,2,False,running
b326998ea4,formation_6_dynamic_popup,56,11.2,1784473200,completion_astar,finish_first,r03,r03,True,upper,member,local,3,3,3.78322,0.4888,0.22196,0.37831,0.26406,940,1000,-102,58,0,0,0000,---,False,0.36689,0.09896,0.37831,0.26406,4.2305,0.47606,cached_path_to_final_target,w,"$1,0,0,0,0,0,0,0,0#",19000,20000,Set tank.c app_speed/duty level to the logged pwm before sending the move key/protocol command; e=stop.,3.53239,9.42188,0,8,0,0.39437,0.05111,8.5907,3.33817,0.31463,8.6675,3.3661,3.3382,0.12625,8,0.0511,0,0,54.36444,20.32528,0.301,0.2981,2,False,running
b326998ea4,formation_6_dynamic_popup,56,11.2,1784473200,completion_astar,finish_first,r04,r04,True,upper,member,local,2,3,3.52525,0.72879,0.03503,0.20254,-0.01766,537,529,-79,82,0,0,0000,---,False,0.20243,0.00653,0.20254,-0.01766,4.01153,0.74437,cached_path_to_final_target,w,"$1,0,0,0,0,0,0,0,0#",11000,11000,Set tank.c app_speed/duty level to the logged pwm before sending the move key/protocol command; e=stop.,3.46237,9.26087,0,0,0,0.74398,0.06884,8.66479,3.33817,0.31463,8.6675,3.3661,3.3382,0.12625,8,0.0511,0,0,54.36444,20.32528,0.301,0.2981,2,False,running
b326998ea4,formation_6_dynamic_popup,56,11.2,1784473200,completion_astar,finish_first,r05,r05,True,upper,member,local,2,3,3.13072,0.48058,0.1991,0.27962,-1.27977,1000,466,-66,68,0,0,0000,---,False,0.3116,-0.00062,0.27962,-1.27977,3.60693,0.46846,cached_path_to_final_target,d,"$4,0,0,0,0,0,0,0,0#",20000,9000,Set tank.c app_speed/duty level to the logged pwm before sending the move key/protocol command; e=stop.,3.33961,8.92064,0,0,0,0.67552,0.11792,8.69092,3.33817,0.31463,8.6675,3.3661,3.3382,0.12625,8,0.0511,0,0,54.36444,20.32528,0.301,0.2981,2,False,running
b326998ea4,formation_6_dynamic_popup,56,11.2,1784473200,completion_astar,finish_first,r06,r06,True,lower,member,local,2,3,2.86289,0.16672,-0.03102,0.3091,-0.35518,888,739,-32,65,0,0,0000,---,False,0.31043,-0.02702,0.3091,-0.35518,3.3158,0.12384,cached_path_to_final_target,d,"$4,0,0,0,0,0,0,0,0#",18000,15000,Set tank.c app_speed/duty level to the logged pwm before sending the move key/protocol command; e=stop.,3.23166,8.73779,0,0,0,0.64587,0.11631,8.77869,3.33817,0.31463,8.6675,3.3661,3.3382,0.12625,8,0.0511,0,0,54.36444,20.32528,0.301,0.2981,2,False,running
b326998ea4,formation_6_dynamic_popup,57,11.4,1784473400,completion_astar,finish_first,r01,r01,True,lower,member,local,2,3,3.23748,-0.00493,0.07901,0.3116,-0.01175,822,818,-43,24,0,0,0010,---,False,0.31067,0.02402,0.3116,-0.01175,3.69809,0.03057,path_to_final_target,w,"$1,0,0,0,0,0,0,0,0#",16000,16000,Set tank.c app_speed/duty level to the logged pwm before sending the move key/protocol command; e=stop.,3.43126,9.12859,0,0,0,0.23643,0.11631,8.588,3.40297,0.32369,8.6031,3.4316,3.403,0.13045,8,0.0511,0,0,55.43719,20.72296,0.3314,0.2985,2,False,running
b326998ea4,formation_6_dynamic_popup,57,11.4,1784473400,completion_astar,finish_first,r02,r02,True,lower,member,local,2,3,3.61887,0.06298,0.42254,0.36903,0.67428,829,1000,-95,15,0,0,0100,---,False,0.32816,0.19161,0.36903,0.67428,4.07541,0.04289,path_to_final_target,a,"$3,0,0,0,0,0,0,0,0#",17000,20000,Set tank.c app_speed/duty level to the logged pwm before sending the move key/protocol command; e=stop.,3.4641,9.25171,0,8,0,0.10622,0.05111,8.56933,3.40297,0.32369,8.6031,3.4316,3.403,0.13045,8,0.0511,0,0,55.43719,20.72296,0.3314,0.2985,2,False,running
b326998ea4,formation_6_dynamic_popup,57,11.4,1784473400,completion_astar,finish_first,r03,r03,True,upper,member,local,3,3,3.85749,0.50489,0.21341,0.37996,-0.04271,1000,991,-106,59,0,0,0000,---,False,0.37191,0.07799,0.37996,-0.04271,4.30308,0.48941,path_to_final_target,w,"$1,0,0,0,0,0,0,0,0#",20000,20000,Set tank.c app_speed/duty level to the logged pwm before sending the move key/protocol command; e=stop.,3.60838,9.6257,0,8,0,0.39437,0.05111,8.51749,3.40297,0.32369,8.6031,3.4316,3.403,0.13045,8,0.0511,0,0,55.43719,20.72296,0.3314,0.2985,2,False,running
b326998ea4,formation_6_dynamic_popup,57,11.4,1784473400,completion_astar,finish_first,r04,r04,True,upper,member,local,2,3,3.58753,0.73112,0.03735,0.3116,0.01162,818,822,-82,82,0,0,0000,---,False,0.31136,0.0122,0.3116,0.01162,4.0565,0.74962,path_to_final_target,w,"$1,0,0,0,0,0,0,0,0#",16000,16000,Set tank.c app_speed/duty level to the logged pwm before sending the move key/protocol command; e=stop.,3.52469,9.43514,0,0,0,0.74398,0.06884,8.6027,3.40297,0.32369,8.6031,3.4316,3.403,0.13045,8,0.0511,0,0,55.43719,20.72296,0.3314,0.2985,2,False,running
b326998ea4,formation_6_dynamic_popup,57,11.4,1784473400,completion_astar,finish_first,r05,r05,True,upper,member,local,2,3,3.19159,0.48598,0.08853,0.30554,-0.55289,920,688,-62,65,0,0,0000,---,False,0.3116,0.00051,0.30554,-0.55289,3.65926,0.48145,path_to_final_target,d,"$4,0,0,0,0,0,0,0,0#",18000,14000,Set tank.c app_speed/duty level to the logged pwm before sending the move key/protocol command; e=stop.,3.40072,9.09201,0,0,0,0.6517,0.11792,8.63016,3.40297,0.32369,8.6031,3.4316,3.403,0.13045,8,0.0511,0,0,55.43719,20.72296,0.3314,0.2985,2,False,running
b326998ea4,formation_6_dynamic_popup,57,11.4,1784473400,completion_astar,finish_first,r06,r06,True,lower,member,local,2,3,2.92485,0.16211,-0.07429,0.31067,-0.21638,863,772,-31,59,0,0,0000,---,False,0.30977,-0.03368,0.31067,-0.21638,3.382,0.11029,path_to_final_target,d,"$4,0,0,0,0,0,0,0,0#",17000,15000,Set tank.c app_speed/duty level to the logged pwm before sending the move key/protocol command; e=stop.,3.2938,8.90405,0,0,0,0.58991,0.11631,8.71665,3.40297,0.32369,8.6031,3.4316,3.403,0.13045,8,0.0511,0,0,55.43719,20.72296,0.3314,0.2985,2,False,running
b326998ea4,formation_6_dynamic_popup,58,11.6,1784473600,completion_astar,finish_first,r01,r01,True,lower,member,local,2,3,3.29961,-9e-05,0.07777,0.3116,-0.0062,821,819,-46,19,0,0,0000,---,False,0.31068,0.0239,0.3116,-0.0062,3.76023,0.03529,cached_path_to_final_target,w,"$1,0,0,0,0,0,0,0,0#",16000,16000,Set tank.c app_speed/duty level to the logged pwm before sending the move key/protocol command; e=stop.,3.49358,9.29389,0,0,0,0.19025,0.11631,8.52609,3.46838,0.33177,8.5381,3.4975,3.4684,0.13577,9,0.0511,0,0,56.51033,21.12382,0.3341,0.299,2,False,running
b326998ea4,formation_6_dynamic_popup,58,11.6,1784473600,completion_astar,finish_first,r02,r02,True,lower,member,local,3,3,3.68824,0.09401,0.42066,0.38,-0.0094,1000,998,-102,18,0,0,1000,---,False,0.3471,0.15466,0.38,-0.0094,4.14144,0.04836,cached_path_to_final_target,w,"$1,0,0,0,0,0,0,0,0#",20000,20000,Set tank.c app_speed/duty level to the logged pwm before sending the move key/protocol command; e=stop.,3.5401,9.46075,0,8,0,0.10622,0.05111,8.50145,3.46838,0.33177,8.5381,3.4975,3.4684,0.13577,9,0.0511,0,0,56.51033,21.12382,0.3341,0.299,2,False,running
b326998ea4,formation_6_dynamic_popup,58,11.6,1784473600,completion_astar,finish_first,r03,r03,True,upper,member,local,3,3,3.93213,0.51839,0.17894,0.37928,-0.17236,1000,962,-108,61,0,0,0000,---,False,0.37563,0.05748,0.37928,-0.17236,4.37686,0.50282,cached_path_to_final_target,w,"$1,0,0,0,0,0,0,0,0#",20000,19000,Set tank.c app_speed/duty level to the logged pwm before sending the move key/protocol command; e=stop.,3.68424,9.82477,0,8,0,0.39437,0.05111,8.44379,3.46838,0.33177,8.5381,3.4975,3.4684,0.13577,9,0.0511,0,0,56.51033,21.12382,0.3341,0.299,2,False,running
b326998ea4,formation_6_dynamic_popup,58,11.6,1784473600,completion_astar,finish_first,r04,r04,True,upper,member,local,3,3,3.6498,0.73358,0.03954,0.3116,0.01094,818,822,-85,82,0,0,0000,---,False,0.31133,0.01285,0.3116,0.01094,4.11358,0.75284,cached_path_to_final_target,w,"$1,0,0,0,0,0,0,0,0#",16000,16000,Set tank.c app_speed/duty level to the logged pwm before sending the move key/protocol command; e=stop.,3.58701,9.60039,0,0,0,0.74398,0.06884,8.54062,3.46838,0.33177,8.5381,3.4975,3.4684,0.13577,9,0.0511,0,0,56.51033,21.12382,0.3341,0.299,2,False,running
b326998ea4,formation_6_dynamic_popup,58,11.6,1784473600,completion_astar,finish_first,r05,r05,True,upper,member,local,2,3,3.25364,0.48858,0.0418,0.31052,-0.23364,866,768,-62,63,0,0,0000,---,False,0.3116,0.00158,0.31052,-0.23364,3.71757,0.48866,cached_path_to_final_target,d,"$4,0,0,0,0,0,0,0,0#",17000,15000,Set tank.c app_speed/duty level to the logged pwm before sending the move key/protocol command; e=stop.,3.46282,9.26024,0,0,0,0.6291,0.11792,8.56818,3.46838,0.33177,8.5381,3.4975,3.4684,0.13577,9,0.0511,0,0,56.51033,21.12382,0.3341,0.299,2,False,running
b326998ea4,formation_6_dynamic_popup,58,11.6,1784473600,completion_astar,finish_first,r06,r06,True,lower,member,local,2,3,2.98684,0.15611,-0.09652,0.31135,-0.11114,843,796,-31,53,0,0,0000,---,False,0.30958,-0.03544,0.31135,-0.11114,3.44518,0.10255,cached_path_to_final_target,w,"$1,0,0,0,0,0,0,0,0#",17000,16000,Set tank.c app_speed/duty level to the logged pwm before sending the move key/protocol command; e=stop.,3.35607,9.0703,0,0,0,0.5343,0.11631,8.65457,3.46838,0.33177,8.5381,3.4975,3.4684,0.13577,9,0.0511,0,0,56.51033,21.12382,0.3341,0.299,2,False,running
b326998ea4,formation_6_dynamic_popup,59,11.8,1784473800,completion_astar,finish_first,r01,r01,True,lower,member,local,2,3,3.36175,0.00471,0.07714,0.3116,-0.00313,821,819,-50,15,0,0,0000,---,False,0.31069,0.02386,0.3116,-0.00313,3.82236,0.04006,cached_path_to_final_target,w,"$1,0,0,0,0,0,0,0,0#",16000,16000,Set tank.c app_speed/duty level to the logged pwm before sending the move key/protocol command; e=stop.,3.5559,9.45917,0,0,0,0.15082,0.11631,8.46417,3.53412,0.33822,8.4726,3.5635,3.5341,0.14178,9,0.0511,0,0,57.56793,21.52434,0.3338,0.2995,2,False,running
b326998ea4,formation_6_dynamic_popup,59,11.8,1784473800,completion_astar,finish_first,r02,r02,True,lower,member,local,3,3,3.75898,0.12049,0.35816,0.37764,-0.31251,1000,928,-106,21,0,0,1000,---,False,0.362,0.11558,0.37764,-0.31251,4.20898,0.05362,cached_path_to_final_target,w,"$1,0,0,0,0,0,0,0,0#",20000,19000,Set tank.c app_speed/duty level to the logged pwm before sending the move key/protocol command; e=stop.,3.61563,9.65828,0,8,0,0.10622,0.05111,8.43211,3.53412,0.33822,8.4726,3.5635,3.5341,0.14178,9,0.0511,0,0,57.56793,21.52434,0.3338,0.2995,2,False,running
b326998ea4,formation_6_dynamic_popup,59,11.8,1784473800,completion_astar,finish_first,r03,r03,True,upper,member,local,3,3,4.00721,0.52855,0.13443,0.3788,-0.22256,1000,950,-110,62,0,0,0000,---,False,0.37812,0.03773,0.3788,-0.22256,4.45125,0.51467,cached_path_to_final_target,w,"$1,0,0,0,0,0,0,0,0#",20000,19000,Set tank.c app_speed/duty level to the logged pwm before sending the move key/protocol command; e=stop.,3.76,10.02182,0,8,0,0.39437,0.05111,8.3695,3.53412,0.33822,8.4726,3.5635,3.5341,0.14178,9,0.0511,0,0,57.56793,21.52434,0.3338,0.2995,2,False,running
b326998ea4,formation_6_dynamic_popup,59,11.8,1784473800,completion_astar,finish_first,r04,r04,True,upper,member,local,3,3,3.71207,0.73613,0.04082,0.3116,0.00641,819,821,-88,83,0,0,0000,---,False,0.31133,0.01303,0.3116,0.00641,4.1743,0.75554,cached_path_to_final_target,w,"$1,0,0,0,0,0,0,0,0#",16000,16000,Set tank.c app_speed/duty level to the logged pwm before sending the move key/protocol command; e=stop.,3.64933,9.76568,0,0,0,0.74398,0.06884,8.47856,3.53412,0.33822,8.4726,3.5635,3.5341,0.14178,9,0.0511,0,0,57.56793,21.52434,0.3338,0.2995,2,False,running
b326998ea4,formation_6_dynamic_popup,59,11.8,1784473800,completion_astar,finish_first,r05,r05,True,upper,member,local,2,3,3.31591,0.48998,0.02251,0.31142,-0.09645,840,799,-64,61,0,0,0000,---,False,0.31159,0.00229,0.31142,-0.09645,3.7785,0.49244,cached_path_to_final_target,w,"$1,0,0,0,0,0,0,0,0#",17000,16000,Set tank.c app_speed/duty level to the logged pwm before sending the move key/protocol command; e=stop.,3.5251,9.42683,0,0,0,0.60995,0.11792,8.50596,3.53412,0.33822,8.4726,3.5635,3.5341,0.14178,9,0.0511,0,0,57.56793,21.52434,0.3338,0.2995,2,False,running
b326998ea4,formation_6_dynamic_popup,59,11.8,1784473800,completion_astar,finish_first,r06,r06,True,lower,member,local,2,3,3.04879,0.14945,-0.10704,0.31155,-0.05259,831,809,-32,48,0,0,1000,---,False,0.30953,-0.03585,0.31155,-0.05259,3.50749,0.09581,cached_path_to_final_target,w,"$1,0,0,0,0,0,0,0,0#",17000,16000,Set tank.c app_speed/duty level to the logged pwm before sending the move key/protocol command; e=stop.,3.41838,9.23615,0,0,0,0.47966,0.11631,8.59251,3.53412,0.33822,8.4726,3.5635,3.5341,0.14178,9,0.0511,0,0,57.56793,21.52434,0.3338,0.2995,2,False,running
b326998ea4,formation_6_dynamic_popup,60,12.0,1784474000,completion_astar,finish_first,r01,r01,True,lower,member,local,2,3,3.42389,0.0094,0.07527,0.3116,-0.00933,822,818,-55,12,0,0,0100,---,False,0.31075,0.02298,0.3116,-0.00933,3.88448,0.04337,cached_path_to_final_target,w,"$1,0,0,0,0,0,0,0,0#",16000,16000,Set tank.c app_speed/duty level to the logged pwm before sending the move key/protocol command; e=stop.,3.61822,9.62448,0,0,0,0.12152,0.11631,8.40225,3.60019,0.34287,8.4068,3.6298,3.6002,0.14796,11,0.0511,0,0,58.61875,21.92443,0.3334,0.3,2,False,running
b326998ea4,formation_6_dynamic_popup,60,12.0,1784474000,completion_astar,finish_first,r02,r02,True,lower,member,local,3,3,3.83132,0.14063,0.27152,0.37546,-0.43316,1000,897,-109,23,0,0,1000,---,False,0.37216,0.07678,0.37546,-0.43316,4.27693,0.05451,cached_path_to_final_target,d,"$4,0,0,0,0,0,0,0,0#",20000,18000,Set tank.c app_speed/duty level to the logged pwm before sending the move key/protocol command; e=stop.,3.69072,9.85086,0,8,0,0.10622,0.05111,8.36093,3.60019,0.34287,8.4068,3.6298,3.6002,0.14796,11,0.0511,0,0,58.61875,21.92443,0.3334,0.3,2,False,running
b326998ea4,formation_6_dynamic_popup,60,12.0,1784474000,completion_astar,finish_first,r03,r03,True,upper,member,local,3,3,4.08265,0.53511,0.08676,0.37862,-0.23834,1000,946,-111,62,0,0,0000,---,False,0.37954,0.01873,0.37862,-0.23834,4.52612,0.52406,cached_path_to_final_target,w,"$1,0,0,0,0,0,0,0,0#",20000,19000,Set tank.c app_speed/duty level to the logged pwm before sending the move key/protocol command; e=stop.,3.83573,10.21811,0,8,0,0.39437,0.05111,8.29463,3.60019,0.34287,8.4068,3.6298,3.6002,0.14796,11,0.0511,0,0,58.61875,21.92443,0.3334,0.3,2,False,running
b326998ea4,formation_6_dynamic_popup,60,12.0,1784474000,completion_astar,finish_first,r04,r04,True,upper,member,local,3,3,3.77434,0.73871,0.04146,0.3116,0.0032,819,821,-91,83,0,0,0000,---,False,0.31133,0.01307,0.3116,0.0032,4.2361,0.75813,cached_path_to_final_target,w,"$1,0,0,0,0,0,0,0,0#",16000,16000,Set tank.c app_speed/duty level to the logged pwm before sending the move key/protocol command; e=stop.,3.71165,9.93096,0,0,0,0.74398,0.06884,8.4165,3.60019,0.34287,8.4068,3.6298,3.6002,0.14796,11,0.0511,0,0,58.61875,21.92443,0.3334,0.3,2,False,running
b326998ea4,formation_6_dynamic_popup,60,12.0,1784474000,completion_astar,finish_first,r05,r05,True,upper,member,local,2,3,3.37822,0.4909,0.0147,0.31157,-0.03905,828,812,-67,60,0,0,0000,---,False,0.31159,0.00267,0.31157,-0.03905,3.84037,0.49447,cached_path_to_final_target,w,"$1,0,0,0,0,0,0,0,0#",17000,16000,Set tank.c app_speed/duty level to the logged pwm before sending the move key/protocol command; e=stop.,3.58742,9.59266,0,0,0,0.5953,0.11792,8.44368,3.60019,0.34287,8.4068,3.6298,3.6002,0.14796,11,0.0511,0,0,58.61875,21.92443,0.3334,0.3,2,False,running
b326998ea4,formation_6_dynamic_popup,60,12.0,1784474000,completion_astar,finish_first,r06,r06,True,lower,member,local,2,3,3.11072,0.1425,-0.11178,0.31159,-0.02372,825,815,-34,43,0,0,1000,---,False,0.30952,-0.03591,0.31159,-0.02372,3.56954,0.08903,cached_path_to_final_target,w,"$1,0,0,0,0,0,0,0,0#",16000,16000,Set tank.c app_speed/duty level to the logged pwm before sending the move key/protocol command; e=stop.,3.4807,9.40168,0,0,0,0.42651,0.11631,8.53047,3.60019,0.34287,8.4068,3.6298,3.6002,0.14796,11,0.0511,0,0,58.61875,21.92443,0.3334,0.3,2,False,running
b326998ea4,formation_6_dynamic_popup,61,12.2,1784474200,completion_astar,finish_first,r01,r01,True,lower,member,local,2,3,3.48605,0.01385,0.07142,0.31159,-0.01925,824,816,-60,11,0,0,0100,---,False,0.31087,0.0213,0.31159,-0.01925,3.94678,0.04522,path_to_final_target,w,"$1,0,0,0,0,0,0,0,0#",16000,16000,Set tank.c app_speed/duty level to the logged pwm before sending the move key/protocol command; e=stop.,3.68054,9.78982,0,0,0,0.10635,0.11631,8.34031,3.66286,0.34729,8.3444,3.6926,3.6629,0.15853,12,0.0511,0,0,59.62674,22.30184,0.3145,0.3002,2,False,running
b326998ea4,formation_6_dynamic_popup,61,12.2,1784474200,completion_astar,finish_first,r02,r02,True,lower,member,local,3,3,3.90482,0.15226,0.15693,0.37207,-0.57296,1000,859,-109,24,0,0,1000,---,False,0.37915,0.0254,0.37207,-0.57296,4.3243,-0.0062,path_to_final_target,d,"$4,0,0,0,0,0,0,0,0#",20000,17000,Set tank.c app_speed/duty level to the logged pwm before sending the move key/protocol command; e=stop.,3.76514,10.03992,0,8,0,0.10622,0.05111,8.28818,3.66286,0.34729,8.3444,3.6926,3.6629,0.15853,12,0.0511,0,0,59.62674,22.30184,0.3145,0.3002,2,False,running
b326998ea4,formation_6_dynamic_popup,61,12.2,1784474200,completion_astar,finish_first,r03,r03,True,upper,member,local,3,3,4.15832,0.53805,0.03886,0.37861,-0.23949,1000,946,-112,63,0,0,0000,---,False,0.38,0.00047,0.37861,-0.23949,4.60139,0.5306,path_to_final_target,w,"$1,0,0,0,0,0,0,0,0#",20000,19000,Set tank.c app_speed/duty level to the logged pwm before sending the move key/protocol command; e=stop.,3.91145,10.41424,0,8,0,0.39437,0.05111,8.21931,3.66286,0.34729,8.3444,3.6926,3.6629,0.15853,12,0.0511,0,0,59.62674,22.30184,0.3145,0.3002,2,False,running
b326998ea4,formation_6_dynamic_popup,61,12.2,1784474200,completion_astar,finish_first,r04,r04,True,upper,member,local,3,3,3.8366,0.74131,0.04175,0.3116,0.00147,820,820,-94,83,0,0,0000,---,False,0.31133,0.01308,0.3116,0.00147,4.29822,0.76072,path_to_final_target,w,"$1,0,0,0,0,0,0,0,0#",16000,16000,Set tank.c app_speed/duty level to the logged pwm before sending the move key/protocol command; e=stop.,3.77397,10.09622,0,0,0,0.74398,0.06884,8.35445,3.66286,0.34729,8.3444,3.6926,3.6629,0.15853,12,0.0511,0,0,59.62674,22.30184,0.3145,0.3002,2,False,running
b326998ea4,formation_6_dynamic_popup,61,12.2,1784474200,completion_astar,finish_first,r05,r05,True,upper,member,local,2,3,3.44053,0.49162,0.01158,0.3116,-0.01556,823,817,-70,59,0,0,0000,---,False,0.31159,0.00285,0.3116,-0.01556,3.90255,0.49569,path_to_final_target,w,"$1,0,0,0,0,0,0,0,0#",16000,16000,Set tank.c app_speed/duty level to the logged pwm before sending the move key/protocol command; e=stop.,3.64974,9.75814,0,0,0,0.58574,0.11792,8.3814,3.66286,0.34729,8.3444,3.6926,3.6629,0.15853,12,0.0511,0,0,59.62674,22.30184,0.3145,0.3002,2,False,running
b326998ea4,formation_6_dynamic_popup,61,12.2,1784474200,completion_astar,finish_first,r06,r06,True,lower,member,local,2,3,3.15082,0.14667,0.10347,0.20159,1.07628,304,757,-49,40,0,0,1000,---,False,-0.24918,-0.16163,0.20159,1.07628,3.6315,0.08209,path_to_final_target,a,"$3,0,0,0,0,0,0,0,0#",6000,15000,Set tank.c app_speed/duty level to the logged pwm before sending the move key/protocol command; e=stop.,3.52101,9.52839,0,0,0,0.39907,0.11631,8.49045,3.66286,0.34729,8.3444,3.6926,3.6629,0.15853,12,0.0511,0,0,59.62674,22.30184,0.3145,0.3002,2,False,running
b326998ea4,formation_6_dynamic_popup,62,12.4,1784474400,completion_astar,finish_first,r01,r01,True,lower,member,local,2,3,3.54823,0.01793,0.06557,0.31158,-0.02927,826,814,-65,11,0,0,0100,---,False,0.31102,0.01899,0.31158,-0.02927,4.0091,0.04578,cached_path_to_final_target,w,"$1,0,0,0,0,0,0,0,0#",17000,16000,Set tank.c app_speed/duty level to the logged pwm before sending the move key/protocol command; e=stop.,3.74285,9.95517,0,0,0,0.10635,0.11631,8.27834,3.72909,0.35002,8.2783,3.7589,3.7291,0.16246,12,0.0511,0,0,60.68782,22.69984,0.3317,0.3007,2,False,running
b326998ea4,formation_6_dynamic_popup,62,12.4,1784474400,completion_astar,finish_first,r02,r02,True,lower,member,local,3,3,3.97932,0.15591,0.04899,0.37296,-0.53971,1000,868,-109,24,0,0,0000,---,False,0.37976,-0.01361,0.37296,-0.53971,4.39254,-0.02873,cached_path_to_final_target,d,"$4,0,0,0,0,0,0,0,0#",20000,17000,Set tank.c app_speed/duty level to the logged pwm before sending the move key/protocol command; e=stop.,3.83973,10.22861,0,8,0,0.10622,0.05111,8.214,3.72909,0.35002,8.2783,3.7589,3.7291,0.16246,12,0.0511,0,0,60.68782,22.69984,0.3317,0.3007,2,False,running
b326998ea4,formation_6_dynamic_popup,62,12.4,1784474400,completion_astar,finish_first,r03,r03,True,upper,member,local,3,3,4.23405,0.53744,-0.00804,0.37867,-0.23451,1000,947,-113,64,0,0,0000,---,False,0.37962,-0.01705,0.37867,-0.23451,4.67693,0.53419,cached_path_to_final_target,w,"$1,0,0,0,0,0,0,0,0#",20000,19000,Set tank.c app_speed/duty level to the logged pwm before sending the move key/protocol command; e=stop.,3.98718,10.61051,0,8,0,0.39437,0.05111,8.14371,3.72909,0.35002,8.2783,3.7589,3.7291,0.16246,12,0.0511,0,0,60.68782,22.69984,0.3317,0.3007,2,False,running
b326998ea4,formation_6_dynamic_popup,62,12.4,1784474400,completion_astar,finish_first,r04,r04,True,upper,member,local,3,3,3.89887,0.74392,0.04188,0.3116,0.00064,820,820,-97,83,0,0,0000,---,False,0.31133,0.01308,0.3116,0.00064,4.36045,0.76332,cached_path_to_final_target,w,"$1,0,0,0,0,0,0,0,0#",16000,16000,Set tank.c app_speed/duty level to the logged pwm before sending the move key/protocol command; e=stop.,3.83629,10.26148,0,0,0,0.74398,0.06884,8.2924,3.72909,0.35002,8.2783,3.7589,3.7291,0.16246,12,0.0511,0,0,60.68782,22.69984,0.3317,0.3007,2,False,running
b326998ea4,formation_6_dynamic_popup,62,12.4,1784474400,completion_astar,finish_first,r05,r05,True,upper,member,local,2,3,3.50285,0.49226,0.01036,0.3116,-0.00612,821,819,-73,58,0,0,0000,---,False,0.31159,0.00293,0.3116,-0.00612,3.96482,0.49655,cached_path_to_final_target,w,"$1,0,0,0,0,0,0,0,0#",16000,16000,Set tank.c app_speed/duty level to the logged pwm before sending the move key/protocol command; e=stop.,3.71206,9.92348,0,0,0,0.5816,0.11792,8.31911,3.72909,0.35002,8.2783,3.7589,3.7291,0.16246,12,0.0511,0,0,60.68782,22.69984,0.3317,0.3007,2,False,running
b326998ea4,formation_6_dynamic_popup,62,12.4,1784474400,completion_astar,finish_first,r06,r06,True,lower,member,local,2,3,3.21124,0.15265,0.09873,0.30359,-0.02372,804,794,-51,36,0,0,1000,---,False,0.30922,-0.03846,0.30359,-0.02372,3.67795,0.0811,cached_path_to_final_target,w,"$1,0,0,0,0,0,0,0,0#",16000,16000,Set tank.c app_speed/duty level to the logged pwm before sending the move key/protocol command; e=stop.,3.58173,9.70857,0,0,0,0.36101,0.11631,8.43014,3.72909,0.35002,8.2783,3.7589,3.7291,0.16246,12,0.0511,0,0,60.68782,22.69984,0.3317,0.3007,2,False,running
b326998ea4,formation_6_dynamic_popup,63,12.6,1784474600,completion_astar,finish_first,r01,r01,True,lower,member,local,2,3,3.61044,0.02159,0.05881,0.31158,-0.03381,827,813,-71,11,0,0,0100,---,False,0.31115,0.01666,0.31158,-0.03381,4.07141,0.04595,cached_path_to_final_target,w,"$1,0,0,0,0,0,0,0,0#",17000,16000,Set tank.c app_speed/duty level to the logged pwm before sending the move key/protocol command; e=stop.,3.80517,10.12046,0,0,0,0.10635,0.11631,8.21633,3.79639,0.35213,8.2112,3.8262,3.7964,0.16598,12,0.0511,0,0,61.75728,23.10584,0.3383,0.3013,2,False,running
b326998ea4,formation_6_dynamic_popup,63,12.6,1784474600,completion_astar,finish_first,r02,r02,True,lower,member,local,3,3,4.05411,0.15235,-0.0475,0.37437,-0.48246,1000,884,-110,24,0,0,1000,---,False,0.37711,-0.04674,0.37437,-0.48246,4.46315,-0.03827,cached_path_to_final_target,d,"$4,0,0,0,0,0,0,0,0#",20000,18000,Set tank.c app_speed/duty level to the logged pwm before sending the move key/protocol command; e=stop.,3.9146,10.4192,0,8,0,0.10622,0.05111,8.13913,3.79639,0.35213,8.2112,3.8262,3.7964,0.16598,12,0.0511,0,0,61.75728,23.10584,0.3383,0.3013,2,False,running
b326998ea4,formation_6_dynamic_popup,63,12.6,1784474600,completion_astar,finish_first,r03,r03,True,upper,member,local,3,3,4.30969,0.5334,-0.05344,0.37875,-0.227,1000,949,-114,66,0,0,0000,---,False,0.37849,-0.03382,0.37875,-0.227,4.75261,0.53489,cached_path_to_final_target,w,"$1,0,0,0,0,0,0,0,0#",20000,19000,Set tank.c app_speed/duty level to the logged pwm before sending the move key/protocol command; e=stop.,4.06293,10.807,0,8,0,0.39437,0.05111,8.06796,3.79639,0.35213,8.2112,3.8262,3.7964,0.16598,12,0.0511,0,0,61.75728,23.10584,0.3383,0.3013,2,False,running
b326998ea4,formation_6_dynamic_popup,63,12.6,1784474600,completion_astar,finish_first,r04,r04,True,upper,member,local,3,3,3.96113,0.74653,0.04193,0.3116,0.00027,820,820,-100,84,0,0,0000,---,False,0.31133,0.01308,0.3116,0.00027,4.4227,0.76592,cached_path_to_final_target,w,"$1,0,0,0,0,0,0,0,0#",16000,16000,Set tank.c app_speed/duty level to the logged pwm before sending the move key/protocol command; e=stop.,3.89861,10.42673,0,0,0,0.74398,0.06884,8.23036,3.79639,0.35213,8.2112,3.8262,3.7964,0.16598,12,0.0511,0,0,61.75728,23.10584,0.3383,0.3013,2,False,running
b326998ea4,formation_6_dynamic_popup,63,12.6,1784474600,completion_astar,finish_first,r05,r05,True,upper,member,local,2,3,3.57112,0.50819,0.22914,0.3505,1.09388,692,1000,-90,60,0,0,0000,---,False,0.34896,0.15043,0.3505,1.09388,4.02712,0.49725,cached_path_to_final_target,a,"$3,0,0,0,0,0,0,0,0#",14000,20000,Set tank.c app_speed/duty level to the logged pwm before sending the move key/protocol command; e=stop.,3.78216,10.1082,0,0,0,0.5816,0.11792,8.25122,3.79639,0.35213,8.2112,3.8262,3.7964,0.16598,12,0.0511,0,0,61.75728,23.10584,0.3383,0.3013,2,False,running
b326998ea4,formation_6_dynamic_popup,63,12.6,1784474600,completion_astar,finish_first,r06,r06,True,lower,member,local,2,3,3.27185,0.15073,-0.03164,0.30319,-0.65183,935,661,-47,32,0,0,1000,---,False,0.3088,-0.04165,0.30319,-0.65183,3.73383,0.08217,cached_path_to_final_target,d,"$4,0,0,0,0,0,0,0,0#",19000,13000,Set tank.c app_speed/duty level to the logged pwm before sending the move key/protocol command; e=stop.,3.64237,9.87569,0,0,0,0.32153,0.11631,8.36951,3.79639,0.35213,8.2112,3.8262,3.7964,0.16598,12,0.0511,0,0,61.75728,23.10584,0.3383,0.3013,2,False,running
b326998ea4,formation_6_dynamic_popup,64,12.8,1784474800,completion_astar,finish_first,r01,r01,True,lower,member,local,3,3,3.6775,0.0403,0.27205,0.34808,1.06619,692,1000,-92,13,0,0,0100,---,False,0.33852,0.17264,0.34808,1.06619,4.13371,0.046,cached_path_to_final_target,a,"$3,0,0,0,0,0,0,0,0#",14000,20000,Set tank.c app_speed/duty level to the logged pwm before sending the move key/protocol command; e=stop.,3.87479,10.30497,0,0,0,0.10635,0.11631,8.15011,3.86305,0.35414,8.1447,3.8929,3.863,0.16885,11,0.0511,0,0,62.83957,23.51126,0.3379,0.3018,2,False,running
b326998ea4,formation_6_dynamic_popup,64,12.8,1784474800,completion_astar,finish_first,r02,r02,True,lower,member,local,3,3,4.1285,0.14225,-0.13499,0.37537,-0.43743,1000,896,-111,24,0,0,1000,---,False,0.37214,-0.07688,0.37537,-0.43743,4.53494,-0.04807,cached_path_to_final_target,d,"$4,0,0,0,0,0,0,0,0#",20000,18000,Set tank.c app_speed/duty level to the logged pwm before sending the move key/protocol command; e=stop.,3.98968,10.61083,0,8,0,0.10622,0.05111,8.06429,3.86305,0.35414,8.1447,3.8929,3.863,0.16885,11,0.0511,0,0,62.83957,23.51126,0.3379,0.3018,2,False,running
b326998ea4,formation_6_dynamic_popup,64,12.8,1784474800,completion_astar,finish_first,r03,r03,True,upper,member,local,3,3,4.3851,0.52605,-0.09713,0.37884,-0.21848,1000,951,-115,68,0,0,0000,---,False,0.37672,-0.04981,0.37884,-0.21848,4.82826,0.53279,cached_path_to_final_target,w,"$1,0,0,0,0,0,0,0,0#",20000,19000,Set tank.c app_speed/duty level to the logged pwm before sending the move key/protocol command; e=stop.,4.1387,11.00371,0,8,0,0.39437,0.05111,7.99223,3.86305,0.35414,8.1447,3.8929,3.863,0.16885,11,0.0511,0,0,62.83957,23.51126,0.3379,0.3018,2,False,running
b326998ea4,formation_6_dynamic_popup,64,12.8,1784474800,completion_astar,finish_first,r04,r04,True,upper,member,local,3,3,4.0234,0.74915,0.04196,0.3116,0.00011,820,820,-103,84,0,0,0000,---,False,0.31133,0.01308,0.3116,0.00011,4.48496,0.76853,cached_path_to_final_target,w,"$1,0,0,0,0,0,0,0,0#",16000,16000,Set tank.c app_speed/duty level to the logged pwm before sending the move key/protocol command; e=stop.,3.96093,10.59198,0,0,0,0.74398,0.06884,8.16832,3.86305,0.35414,8.1447,3.8929,3.863,0.16885,11,0.0511,0,0,62.83957,23.51126,0.3379,0.3018,2,False,running
b326998ea4,formation_6_dynamic_popup,64,12.8,1784474800,completion_astar,finish_first,r05,r05,True,upper,member,local,3,3,3.6302,0.52189,0.22791,0.30328,-0.00612,799,797,-93,61,0,0,0000,---,False,0.3116,-0.00077,0.30328,-0.00612,4.09361,0.5069,cached_path_to_final_target,w,"$1,0,0,0,0,0,0,0,0#",16000,16000,Set tank.c app_speed/duty level to the logged pwm before sending the move key/protocol command; e=stop.,3.84281,10.28379,0,0,0,0.5816,0.11792,8.19249,3.86305,0.35414,8.1447,3.8929,3.863,0.16885,11,0.0511,0,0,62.83957,23.51126,0.3379,0.3018,2,False,running
b326998ea4,formation_6_dynamic_popup,64,12.8,1784474800,completion_astar,finish_first,r06,r06,True,lower,member,local,2,3,3.33359,0.14519,-0.08964,0.30993,-0.29001,877,755,-47,28,0,0,1000,---,False,0.30876,-0.042,0.30993,-0.29001,3.79285,0.07986,cached_path_to_final_target,d,"$4,0,0,0,0,0,0,0,0#",18000,15000,Set tank.c app_speed/duty level to the logged pwm before sending the move key/protocol command; e=stop.,3.70436,10.04429,0,0,0,0.28369,0.11631,8.30768,3.86305,0.35414,8.1447,3.8929,3.863,0.16885,11,0.0511,0,0,62.83957,23.51126,0.3379,0.3018,2,False,running
b326998ea4,formation_6_dynamic_popup,65,13.0,1784475000,completion_astar,finish_first,r01,r01,True,lower,member,local,3,3,3.74923,0.06439,0.32395,0.37837,0.25951,941,1000,-103,15,0,0,0100,---,False,0.355,0.13554,0.37837,0.25951,4.20005,0.04469,path_to_final_target,w,"$1,0,0,0,0,0,0,0,0#",19000,20000,Set tank.c app_speed/duty level to the logged pwm before sending the move key/protocol command; e=stop.,3.95046,10.51108,0,0,0,0.10635,0.11631,8.07953,3.93254,0.35619,8.0753,3.9624,3.9325,0.17154,10,0.0511,0,0,63.97005,23.93809,0.3557,0.3025,2,False,running
b326998ea4,formation_6_dynamic_popup,65,13.0,1784475000,completion_astar,finish_first,r02,r02,True,lower,member,local,3,3,4.20184,0.1259,-0.21931,0.3757,-0.42161,1000,900,-112,24,0,0,1000,---,False,0.36461,-0.10705,0.3757,-0.42161,4.60307,-0.07108,path_to_final_target,d,"$4,0,0,0,0,0,0,0,0#",20000,18000,Set tank.c app_speed/duty level to the logged pwm before sending the move key/protocol command; e=stop.,4.06482,10.80252,0,8,0,0.10622,0.05111,7.99015,3.93254,0.35619,8.0753,3.9624,3.9325,0.17154,10,0.0511,0,0,63.97005,23.93809,0.3557,0.3025,2,False,running
b326998ea4,formation_6_dynamic_popup,65,13.0,1784475000,completion_astar,finish_first,r03,r03,True,upper,member,local,3,3,4.46016,0.51554,-0.13905,0.37894,-0.2096,1000,953,-116,70,0,0,0000,---,False,0.37439,-0.06503,0.37894,-0.2096,4.90375,0.52807,path_to_final_target,w,"$1,0,0,0,0,0,0,0,0#",20000,19000,Set tank.c app_speed/duty level to the logged pwm before sending the move key/protocol command; e=stop.,4.21449,11.20062,0,8,0,0.39437,0.05111,7.91665,3.93254,0.35619,8.0753,3.9624,3.9325,0.17154,10,0.0511,0,0,63.97005,23.93809,0.3557,0.3025,2,False,running
b326998ea4,formation_6_dynamic_popup,65,13.0,1784475000,completion_astar,finish_first,r04,r04,True,upper,member,local,3,3,4.08566,0.75178,0.04231,0.3116,0.00177,820,820,-106,84,0,0,0000,---,False,0.31132,0.01327,0.3116,0.00177,4.54721,0.77147,path_to_final_target,w,"$1,0,0,0,0,0,0,0,0#",16000,16000,Set tank.c app_speed/duty level to the logged pwm before sending the move key/protocol command; e=stop.,4.02325,10.75724,0,0,0,0.74398,0.06884,8.10629,3.93254,0.35619,8.0753,3.9624,3.9325,0.17154,10,0.0511,0,0,63.97005,23.93809,0.3557,0.3025,2,False,running
b326998ea4,formation_6_dynamic_popup,65,13.0,1784475000,completion_astar,finish_first,r05,r05,True,upper,member,local,3,3,3.70312,0.54238,0.27399,0.37871,0.23039,948,1000,-100,63,0,0,0000,---,False,0.36186,0.11599,0.37871,0.23039,4.15493,0.51786,path_to_final_target,w,"$1,0,0,0,0,0,0,0,0#",19000,20000,Set tank.c app_speed/duty level to the logged pwm before sending the move key/protocol command; e=stop.,3.91856,10.4885,0,0,0,0.5816,0.11792,8.12015,3.93254,0.35619,8.0753,3.9624,3.9325,0.17154,10,0.0511,0,0,63.97005,23.93809,0.3557,0.3025,2,False,running
b326998ea4,formation_6_dynamic_popup,65,13.0,1784475000,completion_astar,finish_first,r06,r06,True,lower,member,local,2,3,3.39522,0.13714,-0.12987,0.3108,-0.20113,860,776,-48,25,0,0,1000,---,False,0.30755,-0.0501,0.3108,-0.20113,3.85159,0.06081,path_to_final_target,w,"$1,0,0,0,0,0,0,0,0#",17000,16000,Set tank.c app_speed/duty level to the logged pwm before sending the move key/protocol command; e=stop.,3.76652,10.21009,0,0,0,0.25023,0.11631,8.24592,3.93254,0.35619,8.0753,3.9624,3.9325,0.17154,10,0.0511,0,0,63.97005,23.93809,0.3557,0.3025,2,False,running
b326998ea4,formation_6_dynamic_popup,66,13.2,1784475200,completion_astar,finish_first,r01,r01,True,lower,member,local,3,3,3.82201,0.08561,0.28373,0.37902,-0.20108,1000,955,-109,17,0,0,1000,---,False,0.36799,0.0948,0.37902,-0.20108,4.27006,0.04904,cached_path_to_final_target,w,"$1,0,0,0,0,0,0,0,0#",20000,19000,Set tank.c app_speed/duty level to the logged pwm before sending the move key/protocol command; e=stop.,4.02626,10.71275,0,0,0,0.10635,0.11631,8.00786,4.00196,0.35596,8.006,4.0318,4.002,0.17573,10,0.0511,0,0,65.09619,24.36553,0.3562,0.3032,2,False,running
b326998ea4,formation_6_dynamic_popup,66,13.2,1784475200,completion_astar,finish_first,r02,r02,True,lower,member,local,3,3,4.27379,0.10384,-0.29761,0.37629,-0.39152,1000,908,-113,25,0,0,1000,---,False,0.35576,-0.13356,0.37629,-0.39152,4.67344,-0.09258,cached_path_to_final_target,d,"$4,0,0,0,0,0,0,0,0#",20000,18000,Set tank.c app_speed/duty level to the logged pwm before sending the move key/protocol command; e=stop.,4.14008,10.99517,0,8,0,0.10622,0.05111,7.91712,4.00196,0.35596,8.006,4.0318,4.002,0.17573,10,0.0511,0,0,65.09619,24.36553,0.3562,0.3032,2,False,running
b326998ea4,formation_6_dynamic_popup,66,13.2,1784475200,completion_astar,finish_first,r03,r03,True,upper,member,local,3,3,4.53475,0.50203,-0.17918,0.37902,-0.20064,1000,955,-117,73,0,0,0000,---,False,0.3716,-0.07948,0.37902,-0.20064,4.97893,0.52088,cached_path_to_final_target,w,"$1,0,0,0,0,0,0,0,0#",20000,19000,Set tank.c app_speed/duty level to the logged pwm before sending the move key/protocol command; e=stop.,4.29029,11.39774,0,8,0,0.39437,0.05111,7.84134,4.00196,0.35596,8.006,4.0318,4.002,0.17573,10,0.0511,0,0,65.09619,24.36553,0.3562,0.3032,2,False,running
b326998ea4,formation_6_dynamic_popup,66,13.2,1784475200,completion_astar,finish_first,r04,r04,True,upper,member,local,3,3,4.14792,0.75444,0.04257,0.3116,0.00127,820,820,-109,85,0,0,0000,---,False,0.31132,0.01332,0.3116,0.00127,4.60947,0.7742,cached_path_to_final_target,w,"$1,0,0,0,0,0,0,0,0#",16000,16000,Set tank.c app_speed/duty level to the logged pwm before sending the move key/protocol command; e=stop.,4.08557,10.92249,0,0,0,0.74398,0.06884,8.04426,4.00196,0.35596,8.006,4.0318,4.002,0.17573,10,0.0511,0,0,65.09619,24.36553,0.3562,0.3032,2,False,running
b326998ea4,formation_6_dynamic_popup,66,13.2,1784475200,completion_astar,finish_first,r05,r05,True,upper,member,local,3,3,3.77649,0.56217,0.2634,0.37993,-0.05295,1000,989,-104,65,0,0,0000,---,False,0.3677,0.09588,0.37993,-0.05295,4.22436,0.53312,cached_path_to_final_target,w,"$1,0,0,0,0,0,0,0,0#",20000,20000,Set tank.c app_speed/duty level to the logged pwm before sending the move key/protocol command; e=stop.,3.99454,10.69185,0,0,0,0.5816,0.11792,8.04741,4.00196,0.35596,8.006,4.0318,4.002,0.17573,10,0.0511,0,0,65.09619,24.36553,0.3562,0.3032,2,False,running
b326998ea4,formation_6_dynamic_popup,66,13.2,1784475200,completion_astar,finish_first,r06,r06,True,lower,member,local,2,3,3.45678,0.12771,-0.15199,0.31136,-0.11063,843,796,-51,22,0,0,1000,---,False,0.30714,-0.05253,0.31136,-0.11063,3.91223,0.04872,cached_path_to_final_target,w,"$1,0,0,0,0,0,0,0,0#",17000,16000,Set tank.c app_speed/duty level to the logged pwm before sending the move key/protocol command; e=stop.,3.82879,10.37618,0,0,0,0.22372,0.11631,8.18422,4.00196,0.35596,8.006,4.0318,4.002,0.17573,10,0.0511,0,0,65.09619,24.36553,0.3562,0.3032,2,False,running
b326998ea4,formation_6_dynamic_popup,67,13.4,1784475400,completion_astar,finish_first,r01,r01,True,lower,member,local,3,3,3.89569,0.10104,0.20643,0.37639,-0.38652,1000,909,-112,19,0,0,1000,---,False,0.37597,0.05517,0.37639,-0.38652,4.34147,0.05216,cached_path_to_final_target,d,"$4,0,0,0,0,0,0,0,0#",20000,18000,Set tank.c app_speed/duty level to the logged pwm before sending the move key/protocol command; e=stop.,4.10154,10.90722,0,0,0,0.10635,0.11631,7.93506,4.0709,0.35503,7.937,4.1008,4.0709,0.17972,10,0.0511,0,0,66.21565,24.7898,0.3536,0.3038,2,False,running
b326998ea4,formation_6_dynamic_popup,67,13.4,1784475400,completion_astar,finish_first,r02,r02,True,lower,member,local,3,3,4.34404,0.07656,-0.37036,0.3768,-0.36373,1000,915,-115,27,0,0,0000,---,False,0.3458,-0.15755,0.3768,-0.36373,4.74393,-0.11663,cached_path_to_final_target,d,"$4,0,0,0,0,0,0,0,0#",20000,18000,Set tank.c app_speed/duty level to the logged pwm before sending the move key/protocol command; e=stop.,4.21544,11.18849,0,8,0,0.10622,0.05111,7.84557,4.0709,0.35503,7.937,4.1008,4.0709,0.17972,10,0.0511,0,0,66.21565,24.7898,0.3536,0.3038,2,False,running
b326998ea4,formation_6_dynamic_popup,67,13.4,1784475400,completion_astar,finish_first,r03,r03,True,upper,member,local,3,3,4.60878,0.48567,-0.21753,0.37911,-0.19174,1000,957,-118,76,0,0,0000,---,False,0.36841,-0.09315,0.37911,-0.19174,5.05368,0.51141,cached_path_to_final_target,w,"$1,0,0,0,0,0,0,0,0#",20000,19000,Set tank.c app_speed/duty level to the logged pwm before sending the move key/protocol command; e=stop.,4.36611,11.59505,0,8,0,0.39437,0.05111,7.76642,4.0709,0.35503,7.937,4.1008,4.0709,0.17972,10,0.0511,0,0,66.21565,24.7898,0.3536,0.3038,2,False,running
b326998ea4,formation_6_dynamic_popup,67,13.4,1784475400,completion_astar,finish_first,r04,r04,True,upper,member,local,3,3,4.21019,0.7571,0.0427,0.3116,0.00069,820,820,-111,86,0,0,0000,---,False,0.31131,0.01334,0.3116,0.00069,4.67174,0.77687,cached_path_to_final_target,w,"$1,0,0,0,0,0,0,0,0#",16000,16000,Set tank.c app_speed/duty level to the logged pwm before sending the move key/protocol command; e=stop.,4.14789,11.08774,0,0,0,0.74398,0.06884,7.98224,4.0709,0.35503,7.937,4.1008,4.0709,0.17972,10,0.0511,0,0,66.21565,24.7898,0.3536,0.3038,2,False,running
b326998ea4,formation_6_dynamic_popup,67,13.4,1784475400,completion_astar,finish_first,r05,r05,True,upper,member,local,3,3,3.85036,0.57939,0.22905,0.37929,-0.17173,1000,962,-106,67,0,0,0000,---,False,0.37227,0.07626,0.37929,-0.17173,4.29652,0.54916,cached_path_to_final_target,w,"$1,0,0,0,0,0,0,0,0#",20000,19000,Set tank.c app_speed/duty level to the logged pwm before sending the move key/protocol command; e=stop.,4.0704,10.89081,0,0,0,0.5816,0.11792,7.97413,4.0709,0.35503,7.937,4.1008,4.0709,0.17972,10,0.0511,0,0,66.21565,24.7898,0.3536,0.3038,2,False,running
b326998ea4,formation_6_dynamic_popup,67,13.4,1784475400,completion_astar,finish_first,r06,r06,True,lower,member,local,2,3,3.51634,0.13044,0.04588,0.29814,0.98937,576,993,-67,22,0,0,1000,---,False,0.33038,0.18775,0.29814,0.98937,3.97344,0.03812,cached_path_to_final_target,a,"$3,0,0,0,0,0,0,0,0#",12000,20000,Set tank.c app_speed/duty level to the logged pwm before sending the move key/protocol command; e=stop.,3.88842,10.54633,0,0,0,0.21954,0.11631,8.1247,4.0709,0.35503,7.937,4.1008,4.0709,0.17972,10,0.0511,0,0,66.21565,24.7898,0.3536,0.3038,2,False,running
b326998ea4,formation_6_dynamic_popup,68,13.6,1784475600,completion_astar,finish_first,r01,r01,True,lower,member,local,3,3,3.9702,0.10979,0.11687,0.37515,-0.44779,1000,893,-114,20,0,0,1000,---,False,0.37959,0.01766,0.37515,-0.44779,4.41353,0.0514,cached_path_to_final_target,d,"$4,0,0,0,0,0,0,0,0#",20000,18000,Set tank.c app_speed/duty level to the logged pwm before sending the move key/protocol command; e=stop.,4.17657,11.09873,0,0,0,0.10635,0.11631,7.86111,4.14092,0.3539,7.867,4.1708,4.1409,0.17946,11,0.0511,0,0,67.3357,25.22397,0.3618,0.3045,2,False,running
b326998ea4,formation_6_dynamic_popup,68,13.6,1784475600,completion_astar,finish_first,r02,r02,True,lower,member,local,3,3,4.41236,0.04454,-0.43826,0.37721,-0.33948,1000,921,-116,31,0,0,0100,---,False,0.335,-0.17938,0.37721,-0.33948,4.81374,-0.14403,cached_path_to_final_target,d,"$4,0,0,0,0,0,0,0,0#",20000,18000,Set tank.c app_speed/duty level to the logged pwm before sending the move key/protocol command; e=stop.,4.29088,11.38238,0,8,0,0.10622,0.05111,7.77581,4.14092,0.3539,7.867,4.1708,4.1409,0.17946,11,0.0511,0,0,67.3357,25.22397,0.3618,0.3045,2,False,running
b326998ea4,formation_6_dynamic_popup,68,13.6,1784475600,completion_astar,finish_first,r03,r03,True,upper,member,local,3,3,4.68218,0.4666,-0.25412,0.37919,-0.18294,1000,959,-119,79,0,0,0000,---,False,0.3649,-0.10606,0.37919,-0.18294,5.1279,0.49984,cached_path_to_final_target,w,"$1,0,0,0,0,0,0,0,0#",20000,19000,Set tank.c app_speed/duty level to the logged pwm before sending the move key/protocol command; e=stop.,4.44195,11.79256,0,8,0,0.39437,0.05111,7.69198,4.14092,0.3539,7.867,4.1708,4.1409,0.17946,11,0.0511,0,0,67.3357,25.22397,0.3618,0.3045,2,False,running
b326998ea4,formation_6_dynamic_popup,68,13.6,1784475600,completion_astar,finish_first,r04,r04,True,upper,member,local,3,3,4.27245,0.75976,0.04277,0.3116,0.00033,820,820,-114,87,0,0,0000,---,False,0.31131,0.01334,0.3116,0.00033,4.734,0.77954,cached_path_to_final_target,w,"$1,0,0,0,0,0,0,0,0#",16000,16000,Set tank.c app_speed/duty level to the logged pwm before sending the move key/protocol command; e=stop.,4.21021,11.25299,0,0,0,0.74398,0.06884,7.92023,4.14092,0.3539,7.867,4.1708,4.1409,0.17946,11,0.0511,0,0,67.3357,25.22397,0.3618,0.3045,2,False,running
b326998ea4,formation_6_dynamic_popup,68,13.6,1784475600,completion_astar,finish_first,r05,r05,True,upper,member,local,3,3,3.92483,0.59337,0.18549,0.37885,-0.21783,1000,951,-107,68,0,0,0000,---,False,0.37566,0.05726,0.37885,-0.21783,4.36986,0.56383,cached_path_to_final_target,w,"$1,0,0,0,0,0,0,0,0#",20000,19000,Set tank.c app_speed/duty level to the logged pwm before sending the move key/protocol command; e=stop.,4.14617,11.08792,0,0,0,0.5816,0.11792,7.90019,4.14092,0.3539,7.867,4.1708,4.1409,0.17946,11,0.0511,0,0,67.3357,25.22397,0.3618,0.3045,2,False,running
b326998ea4,formation_6_dynamic_popup,68,13.6,1784475600,completion_astar,finish_first,r06,r06,True,lower,member,local,2,3,3.5835,0.14934,0.27423,0.34884,1.14174,678,1000,-86,24,0,0,1000,---,False,0.34157,0.16653,0.34884,1.14174,4.03272,0.0325,cached_path_to_final_target,a,"$3,0,0,0,0,0,0,0,0#",14000,20000,Set tank.c app_speed/duty level to the logged pwm before sending the move key/protocol command; e=stop.,3.95819,10.72111,0,0,0,0.21954,0.11631,8.05788,4.14092,0.3539,7.867,4.1708,4.1409,0.17946,11,0.0511,0,0,67.3357,25.22397,0.3618,0.3045,2,False,running
b326998ea4,formation_6_dynamic_popup,69,13.8,1784475800,completion_astar,finish_first,r01,r01,True,lower,member,local,3,3,4.04462,0.10996,0.00235,0.37208,-0.57259,1000,859,-114,20,0,0,1000,---,False,0.37854,-0.03326,0.37208,-0.57259,4.45264,-0.01493,path_to_final_target,d,"$4,0,0,0,0,0,0,0,0#",20000,17000,Set tank.c app_speed/duty level to the logged pwm before sending the move key/protocol command; e=stop.,4.25099,11.28762,0,0,0,0.10635,0.11631,7.78681,4.21131,0.35063,7.7966,4.2413,4.2113,0.1785,11,0.0511,0,0,68.48716,25.66361,0.3664,0.3052,2,False,running
b326998ea4,formation_6_dynamic_popup,69,13.8,1784475800,completion_astar,finish_first,r02,r02,True,lower,member,local,3,3,4.47856,0.00822,-0.50177,0.37756,-0.31755,1000,927,-117,34,0,0,0100,---,False,0.32363,-0.19916,0.37756,-0.31755,4.88253,-0.17461,path_to_final_target,w,"$1,0,0,0,0,0,0,0,0#",20000,19000,Set tank.c app_speed/duty level to the logged pwm before sending the move key/protocol command; e=stop.,4.36639,11.57684,0,8,0,0.10622,0.05111,7.70809,4.21131,0.35063,7.7966,4.2413,4.2113,0.1785,11,0.0511,0,0,68.48716,25.66361,0.3664,0.3052,2,False,running
b326998ea4,formation_6_dynamic_popup,69,13.8,1784475800,completion_astar,finish_first,r03,r03,True,upper,member,local,3,3,4.75489,0.44499,-0.28897,0.37926,-0.17427,1000,961,-3,82,0,0,0000,---,False,0.36114,-0.11822,0.37926,-0.17427,5.20147,0.48638,path_to_final_target,w,"$1,0,0,0,0,0,0,0,0#",20000,19000,Set tank.c app_speed/duty level to the logged pwm before sending the move key/protocol command; e=stop.,4.5178,11.99027,0,8,0,0.39437,0.05111,7.61811,4.21131,0.35063,7.7966,4.2413,4.2113,0.1785,11,0.0511,0,0,68.48716,25.66361,0.3664,0.3052,2,False,running
b326998ea4,formation_6_dynamic_popup,69,13.8,1784475800,completion_astar,finish_first,r04,r04,True,upper,member,local,3,3,4.33471,0.7624,0.04244,0.3116,-0.00165,820,820,-116,89,0,0,0000,---,False,0.31132,0.01314,0.3116,-0.00165,4.79628,0.78187,path_to_final_target,w,"$1,0,0,0,0,0,0,0,0#",16000,16000,Set tank.c app_speed/duty level to the logged pwm before sending the move key/protocol command; e=stop.,4.27253,11.41826,0,0,0,0.74398,0.06884,7.85822,4.21131,0.35063,7.7966,4.2413,4.2113,0.1785,11,0.0511,0,0,68.48716,25.66361,0.3664,0.3052,2,False,running
b326998ea4,formation_6_dynamic_popup,69,13.8,1784475800,completion_astar,finish_first,r05,r05,True,upper,member,local,3,3,3.99983,0.60471,0.15015,0.37924,-0.1767,1000,961,-109,69,0,0,0000,---,False,0.37716,0.04639,0.37924,-0.1767,4.43273,0.60828,path_to_final_target,w,"$1,0,0,0,0,0,0,0,0#",20000,19000,Set tank.c app_speed/duty level to the logged pwm before sending the move key/protocol command; e=stop.,4.22202,11.28598,0,0,0,0.5816,0.11792,7.82566,4.21131,0.35063,7.7966,4.2413,4.2113,0.1785,11,0.0511,0,0,68.48716,25.66361,0.3664,0.3052,2,False,running
b326998ea4,formation_6_dynamic_popup,69,13.8,1784475800,completion_astar,finish_first,r06,r06,True,lower,member,local,3,3,3.65525,0.17347,0.32455,0.37847,0.25162,943,1000,-96,26,0,0,0000,---,False,0.35509,0.13532,0.37847,0.25162,4.09445,0.02912,path_to_final_target,w,"$1,0,0,0,0,0,0,0,0#",19000,20000,Set tank.c app_speed/duty level to the logged pwm before sending the move key/protocol command; e=stop.,4.03388,10.92819,0,0,0,0.21954,0.11631,7.98664,4.21131,0.35063,7.7966,4.2413,4.2113,0.1785,11,0.0511,0,0,68.48716,25.66361,0.3664,0.3052,2,False,running
b326998ea4,formation_6_dynamic_popup,70,14.0,1784476000,completion_astar,finish_first,r01,r01,True,lower,member,local,3,3,4.11873,0.10196,-0.10761,0.3727,-0.54982,1000,865,-114,19,0,0,1000,---,False,0.37287,-0.07326,0.3727,-0.54982,4.51778,-0.05598,cached_path_to_final_target,d,"$4,0,0,0,0,0,0,0,0#",20000,17000,Set tank.c app_speed/duty level to the logged pwm before sending the move key/protocol command; e=stop.,4.32553,11.47588,0,0,0,0.10635,0.11631,7.71238,4.27911,0.34711,7.7287,4.3092,4.2791,0.17631,11,0.0511,0,0,69.60896,26.08653,0.3524,0.3057,2,False,running
b326998ea4,formation_6_dynamic_popup,70,14.0,1784476000,completion_astar,finish_first,r02,r02,True,lower,member,local,3,3,4.54254,-0.03199,-0.56114,0.37787,-0.29689,1000,932,-118,39,0,0,0010,---,False,0.31194,-0.217,0.37787,-0.29689,4.95012,-0.20789,cached_path_to_final_target,w,"$1,0,0,0,0,0,0,0,0#",20000,19000,Set tank.c app_speed/duty level to the logged pwm before sending the move key/protocol command; e=stop.,4.44196,11.77178,0,8,0,0.10622,0.05111,7.64258,4.27911,0.34711,7.7287,4.3092,4.2791,0.17631,11,0.0511,0,0,69.60896,26.08653,0.3524,0.3057,2,False,running
b326998ea4,formation_6_dynamic_popup,70,14.0,1784476000,completion_astar,finish_first,r03,r03,True,upper,member,local,3,3,4.81334,0.4389,-0.10382,0.29383,0.92573,578,968,-14,77,0,0,0000,---,False,0.3112,0.0157,0.29383,0.92573,5.27432,0.47119,cached_path_to_final_target,a,"$3,0,0,0,0,0,0,0,0#",12000,19000,Set tank.c app_speed/duty level to the logged pwm before sending the move key/protocol command; e=stop.,4.57657,12.16388,0,8,0,0.39437,0.05111,7.55941,4.27911,0.34711,7.7287,4.3092,4.2791,0.17631,11,0.0511,0,0,69.60896,26.08653,0.3524,0.3057,2,False,running
b326998ea4,formation_6_dynamic_popup,70,14.0,1784476000,completion_astar,finish_first,r04,r04,True,upper,member,local,3,3,4.39698,0.76503,0.04219,0.3116,-0.00125,820,820,-119,91,0,0,0000,---,False,0.31133,0.01308,0.3116,-0.00125,4.85854,0.78441,cached_path_to_final_target,w,"$1,0,0,0,0,0,0,0,0#",16000,16000,Set tank.c app_speed/duty level to the logged pwm before sending the move key/protocol command; e=stop.,4.33485,11.58351,0,0,0,0.74398,0.06884,7.79621,4.27911,0.34711,7.7287,4.3092,4.2791,0.17631,11,0.0511,0,0,69.60896,26.08653,0.3524,0.3057,2,False,running
b326998ea4,formation_6_dynamic_popup,70,14.0,1784476000,completion_astar,finish_first,r05,r05,True,upper,member,local,3,3,4.07518,0.6133,0.11352,0.37919,-0.18313,1000,959,-111,70,0,0,0000,---,False,0.37864,0.03216,0.37919,-0.18313,4.50555,0.63331,cached_path_to_final_target,w,"$1,0,0,0,0,0,0,0,0#",20000,19000,Set tank.c app_speed/duty level to the logged pwm before sending the move key/protocol command; e=stop.,4.29786,11.48347,0,0,0,0.5816,0.11792,7.75069,4.27911,0.34711,7.7287,4.3092,4.2791,0.17631,11,0.0511,0,0,69.60896,26.08653,0.3524,0.3057,2,False,running
b326998ea4,formation_6_dynamic_popup,70,14.0,1784476000,completion_astar,finish_first,r06,r06,True,lower,member,local,3,3,3.72788,0.19545,0.29379,0.37943,-0.15379,1000,966,-100,28,0,0,0000,---,False,0.36627,0.10122,0.37943,-0.15379,4.16081,0.0351,cached_path_to_final_target,w,"$1,0,0,0,0,0,0,0,0#",20000,19000,Set tank.c app_speed/duty level to the logged pwm before sending the move key/protocol command; e=stop.,4.10976,11.13044,0,0,0,0.21954,0.11631,7.91453,4.27911,0.34711,7.7287,4.3092,4.2791,0.17631,11,0.0511,0,0,69.60896,26.08653,0.3524,0.3057,2,False,running
b326998ea4,formation_6_dynamic_popup,71,14.2,1784476200,completion_astar,finish_first,r01,r01,True,lower,member,local,3,3,4.19203,0.08675,-0.20459,0.37432,-0.48488,1000,883,-114,20,0,0,1000,---,False,0.36512,-0.1053,0.37432,-0.48488,4.59046,-0.08143,cached_path_to_final_target,d,"$4,0,0,0,0,0,0,0,0#",20000,18000,Set tank.c app_speed/duty level to the logged pwm before sending the move key/protocol command; e=stop.,4.40039,11.66646,0,0,0,0.10635,0.11631,7.63837,4.34711,0.34133,7.6605,4.3774,4.3471,0.17878,12,0.0511,0,0,70.72281,26.51226,0.3548,0.3061,2,False,running
b326998ea4,formation_6_dynamic_popup,71,14.2,1784476200,completion_astar,finish_first,r02,r02,True,lower,member,local,3,3,4.60425,-0.07572,-0.61652,0.37814,-0.2769,1000,937,-120,43,0,0,0001,---,False,0.30019,-0.233,0.37814,-0.2769,5.01641,-0.24333,cached_path_to_final_target,w,"$1,0,0,0,0,0,0,0,0#",20000,19000,Set tank.c app_speed/duty level to the logged pwm before sending the move key/protocol command; e=stop.,4.51759,11.96721,0,8,0,0.10622,0.05111,7.57943,4.34711,0.34133,7.6605,4.3774,4.3471,0.17878,12,0.0511,0,0,70.72281,26.51226,0.3548,0.3061,2,False,running
b326998ea4,formation_6_dynamic_popup,71,14.2,1784476200,completion_astar,finish_first,r03,r03,True,upper,member,local,3,3,4.87494,0.43772,-0.01907,0.30804,0.42376,721,900,-20,71,0,0,0000,---,False,0.31125,0.0148,0.30804,0.42376,5.33704,0.4638,cached_path_to_final_target,a,"$3,0,0,0,0,0,0,0,0#",14000,18000,Set tank.c app_speed/duty level to the logged pwm before sending the move key/protocol command; e=stop.,4.63818,12.33337,0,8,0,0.39437,0.05111,7.49785,4.34711,0.34133,7.6605,4.3774,4.3471,0.17878,12,0.0511,0,0,70.72281,26.51226,0.3548,0.3061,2,False,running
b326998ea4,formation_6_dynamic_popup,71,14.2,1784476200,completion_astar,finish_first,r04,r04,True,upper,member,local,3,3,4.45924,0.76765,0.04205,0.3116,-0.00068,820,820,-121,93,0,0,0000,---,False,0.31133,0.01307,0.3116,-0.00068,4.92081,0.78702,cached_path_to_final_target,w,"$1,0,0,0,0,0,0,0,0#",16000,16000,Set tank.c app_speed/duty level to the logged pwm before sending the move key/protocol command; e=stop.,4.39717,11.74876,0,0,0,0.74398,0.06884,7.7342,4.34711,0.34133,7.6605,4.3774,4.3471,0.17878,12,0.0511,0,0,70.72281,26.51226,0.3548,0.3061,2,False,running
b326998ea4,formation_6_dynamic_popup,71,14.2,1784476200,completion_astar,finish_first,r05,r05,True,upper,member,local,3,3,4.15078,0.61895,0.07449,0.37908,-0.19518,1000,956,-112,71,0,0,0000,---,False,0.37964,0.01664,0.37908,-0.19518,4.58112,0.64809,cached_path_to_final_target,w,"$1,0,0,0,0,0,0,0,0#",20000,19000,Set tank.c app_speed/duty level to the logged pwm before sending the move key/protocol command; e=stop.,4.37367,11.68071,0,0,0,0.5816,0.11792,7.67537,4.34711,0.34133,7.6605,4.3774,4.3471,0.17878,12,0.0511,0,0,70.72281,26.51226,0.3548,0.3061,2,False,running
b326998ea4,formation_6_dynamic_popup,71,14.2,1784476200,completion_astar,finish_first,r06,r06,True,lower,member,local,3,3,3.8014,0.21261,0.2293,0.37748,-0.32247,1000,925,-103,30,0,0,0000,---,False,0.37395,0.06752,0.37748,-0.32247,4.2288,0.04203,cached_path_to_final_target,d,"$4,0,0,0,0,0,0,0,0#",20000,18000,Set tank.c app_speed/duty level to the logged pwm before sending the move key/protocol command; e=stop.,4.18526,11.32629,0,0,0,0.21954,0.11631,7.84148,4.34711,0.34133,7.6605,4.3774,4.3471,0.17878,12,0.0511,0,0,70.72281,26.51226,0.3548,0.3061,2,False,running
b326998ea4,formation_6_dynamic_popup,72,14.4,1784476400,completion_astar,finish_first,r01,r01,True,lower,member,local,3,3,4.26401,0.06526,-0.29011,0.37558,-0.42759,1000,898,-115,21,0,0,0100,---,False,0.356,-0.1329,0.37558,-0.42759,4.66433,-0.10316,cached_path_to_final_target,d,"$4,0,0,0,0,0,0,0,0#",20000,18000,Set tank.c app_speed/duty level to the logged pwm before sending the move key/protocol command; e=stop.,4.47551,11.85844,0,0,0,0.10635,0.11631,7.56539,4.41478,0.33288,7.5925,4.4456,4.4148,0.18523,11,0.0511,0,0,71.83369,26.93865,0.3553,0.3066,2,False,running
b326998ea4,formation_6_dynamic_popup,72,14.4,1784476400,completion_astar,finish_first,r02,r02,True,lower,member,local,3,3,4.66366,-0.1226,-0.66797,0.3784,-0.25724,1000,942,-121,48,0,0,0001,---,False,0.28857,-0.24723,0.3784,-0.25724,5.08139,-0.28029,cached_path_to_final_target,w,"$1,0,0,0,0,0,0,0,0#",20000,19000,Set tank.c app_speed/duty level to the logged pwm before sending the move key/protocol command; e=stop.,4.59327,12.16314,0,8,0,0.10622,0.05111,7.51872,4.41478,0.33288,7.5925,4.4456,4.4148,0.18523,11,0.0511,0,0,71.83369,26.93865,0.3553,0.3066,2,False,running
b326998ea4,formation_6_dynamic_popup,72,14.4,1784476400,completion_astar,finish_first,r03,r03,True,upper,member,local,3,3,4.93712,0.43878,0.0169,0.31096,0.17988,780,856,-23,64,0,0,0000,---,False,0.31128,0.01407,0.31096,0.17988,5.39894,0.46141,cached_path_to_final_target,w,"$1,0,0,0,0,0,0,0,0#",16000,17000,Set tank.c app_speed/duty level to the logged pwm before sending the move key/protocol command; e=stop.,4.70037,12.50088,0,8,0,0.39437,0.05111,7.43584,4.41478,0.33288,7.5925,4.4456,4.4148,0.18523,11,0.0511,0,0,71.83369,26.93865,0.3553,0.3066,2,False,running
b326998ea4,formation_6_dynamic_popup,72,14.4,1784476400,completion_astar,finish_first,r04,r04,True,upper,member,local,3,3,4.52151,0.77027,0.04199,0.3116,-0.00033,820,820,-123,96,0,0,0000,---,False,0.31133,0.01306,0.3116,-0.00033,4.98307,0.78963,cached_path_to_final_target,w,"$1,0,0,0,0,0,0,0,0#",16000,16000,Set tank.c app_speed/duty level to the logged pwm before sending the move key/protocol command; e=stop.,4.45949,11.91401,0,0,0,0.74398,0.06884,7.6722,4.41478,0.33288,7.5925,4.4456,4.4148,0.18523,11,0.0511,0,0,71.83369,26.93865,0.3553,0.3066,2,False,running
b326998ea4,formation_6_dynamic_popup,72,14.4,1784476400,completion_astar,finish_first,r05,r05,True,upper,member,local,3,3,4.22654,0.62154,0.03421,0.37902,-0.20136,1000,955,-114,72,0,0,0000,---,False,0.38,0.00098,0.37902,-0.20136,4.65758,0.6572,cached_path_to_final_target,w,"$1,0,0,0,0,0,0,0,0#",20000,19000,Set tank.c app_speed/duty level to the logged pwm before sending the move key/protocol command; e=stop.,4.44947,11.87779,0,0,0,0.5816,0.10831,7.59977,4.41478,0.33288,7.5925,4.4456,4.4148,0.18523,11,0.0511,0,0,71.83369,26.93865,0.3553,0.3066,2,False,running
b326998ea4,formation_6_dynamic_popup,72,14.4,1784476400,completion_astar,finish_first,r06,r06,True,lower,member,local,3,3,3.87581,0.22402,0.1522,0.3764,-0.38548,1000,909,-105,31,0,0,0000,---,False,0.37841,0.03477,0.3764,-0.38548,4.2977,0.04619,cached_path_to_final_target,d,"$4,0,0,0,0,0,0,0,0#",20000,18000,Set tank.c app_speed/duty level to the logged pwm before sending the move key/protocol command; e=stop.,4.26054,11.51942,0,0,0,0.21954,0.11631,7.76742,4.41478,0.33288,7.5925,4.4456,4.4148,0.18523,11,0.0511,0,0,71.83369,26.93865,0.3553,0.3066,2,False,running
b326998ea4,formation_6_dynamic_popup,73,14.6,1784476600,completion_astar,finish_first,r01,r01,True,lower,member,local,3,3,4.33412,0.03802,-0.37064,0.37608,-0.40267,1000,905,-116,24,0,0,0100,---,False,0.34478,-0.15976,0.37608,-0.40267,4.73398,-0.13597,path_to_final_target,d,"$4,0,0,0,0,0,0,0,0#",20000,18000,Set tank.c app_speed/duty level to the logged pwm before sending the move key/protocol command; e=stop.,4.55072,12.05073,0,0,0,0.10635,0.11631,7.49405,4.47801,0.32009,7.5288,4.5101,4.478,0.19491,11,0.0511,0,0,72.91103,27.34352,0.3374,0.3067,2,False,running
b326998ea4,formation_6_dynamic_popup,73,14.6,1784476600,completion_astar,finish_first,r02,r02,True,lower,member,local,3,3,4.72082,-0.17227,-0.71552,0.37863,-0.23772,1000,946,-122,54,0,0,0000,---,False,0.2773,-0.25982,0.37863,-0.23772,5.14506,-0.31813,path_to_final_target,w,"$1,0,0,0,0,0,0,0,0#",20000,19000,Set tank.c app_speed/duty level to the logged pwm before sending the move key/protocol command; e=stop.,4.669,12.35947,0,8,0,0.10622,0.05111,7.46049,4.47801,0.32009,7.5288,4.5101,4.478,0.19491,11,0.0511,0,0,72.91103,27.34352,0.3374,0.3067,2,False,running
b326998ea4,formation_6_dynamic_popup,73,14.6,1784476600,completion_astar,finish_first,r03,r03,True,upper,member,local,3,3,4.99931,0.44149,0.04356,0.31125,0.13326,791,847,-26,58,0,0,0000,---,False,0.31095,0.02008,0.31125,0.13326,5.46042,0.47257,path_to_final_target,w,"$1,0,0,0,0,0,0,0,0#",16000,17000,Set tank.c app_speed/duty level to the logged pwm before sending the move key/protocol command; e=stop.,4.76262,12.66642,0,8,0,0.39437,0.05111,7.37392,4.47801,0.32009,7.5288,4.5101,4.478,0.19491,11,0.0511,0,0,72.91103,27.34352,0.3374,0.3067,2,False,running
b326998ea4,formation_6_dynamic_popup,73,14.6,1784476600,completion_astar,finish_first,r04,r04,True,upper,member,local,3,3,4.58377,0.77291,0.04233,0.3116,0.00173,820,820,-125,99,0,0,0000,---,False,0.31132,0.01327,0.3116,0.00173,5.04532,0.7926,path_to_final_target,w,"$1,0,0,0,0,0,0,0,0#",16000,16000,Set tank.c app_speed/duty level to the logged pwm before sending the move key/protocol command; e=stop.,4.52181,12.07928,0,0,0,0.74398,0.06884,7.61021,4.47801,0.32009,7.5288,4.5101,4.478,0.19491,11,0.0511,0,0,72.91103,27.34352,0.3374,0.3067,2,False,running
b326998ea4,formation_6_dynamic_popup,73,14.6,1784476600,completion_astar,finish_first,r05,r05,True,upper,member,local,3,3,4.27898,0.60948,-0.22606,0.26902,-1.30136,982,434,-101,72,0,0,0000,---,False,-0.23387,0.18308,0.26902,-1.30136,4.7344,0.66242,path_to_final_target,d,"$4,0,0,0,0,0,0,0,0#",20000,9000,Set tank.c app_speed/duty level to the logged pwm before sending the move key/protocol command; e=stop.,4.50328,12.04027,0,0,0,0.5816,0.10831,7.5469,4.47801,0.32009,7.5288,4.5101,4.478,0.19491,11,0.0511,0,0,72.91103,27.34352,0.3374,0.3067,2,False,running
b326998ea4,formation_6_dynamic_popup,73,14.6,1784476600,completion_astar,finish_first,r06,r06,True,lower,member,local,3,3,3.95105,0.23092,0.09147,0.37777,-0.30364,1000,930,-108,32,0,0,0000,---,False,0.37964,0.01662,0.37777,-0.30364,4.33029,0.11595,path_to_final_target,w,"$1,0,0,0,0,0,0,0,0#",20000,19000,Set tank.c app_speed/duty level to the logged pwm before sending the move key/protocol command; e=stop.,4.33609,11.71486,0,0,0,0.21954,0.11631,7.69242,4.47801,0.32009,7.5288,4.5101,4.478,0.19491,11,0.0511,0,0,72.91103,27.34352,0.3374,0.3067,2,False,running
b326998ea4,formation_6_dynamic_popup,74,14.8,1784476800,completion_astar,finish_first,r01,r01,True,lower,member,local,3,3,4.40216,0.00565,-0.444,0.37674,-0.36678,1000,914,-117,28,0,0,0100,---,False,0.33318,-0.18273,0.37674,-0.36678,4.8048,-0.16621,cached_path_to_final_target,d,"$4,0,0,0,0,0,0,0,0#",20000,18000,Set tank.c app_speed/duty level to the logged pwm before sending the move key/protocol command; e=stop.,4.62607,12.24405,0,0,0,0.10635,0.11631,7.42463,4.54392,0.3043,7.4623,4.5779,4.5439,0.20732,12,0.0511,0,0,74.04443,27.76999,0.3554,0.307,2,False,running
b326998ea4,formation_6_dynamic_popup,74,14.8,1784476800,completion_astar,finish_first,r02,r02,True,lower,member,local,3,3,4.77578,-0.22443,-0.75916,0.37885,-0.21822,1000,951,-123,59,0,0,0000,---,False,0.26653,-0.27086,0.37885,-0.21822,5.20745,-0.35612,cached_path_to_final_target,w,"$1,0,0,0,0,0,0,0,0#",20000,19000,Set tank.c app_speed/duty level to the logged pwm before sending the move key/protocol command; e=stop.,4.74477,12.5563,0,8,0,0.10622,0.05111,7.40473,4.54392,0.3043,7.4623,4.5779,4.5439,0.20732,12,0.0511,0,0,74.04443,27.76999,0.3554,0.307,2,False,running
b326998ea4,formation_6_dynamic_popup,74,14.8,1784476800,completion_astar,finish_first,r03,r03,True,upper,member,local,3,3,5.0615,0.44513,0.05857,0.31149,0.07509,804,836,-29,53,0,0,0000,---,False,0.31083,0.02191,0.31149,0.07509,5.52236,0.47836,cached_path_to_final_target,w,"$1,0,0,0,0,0,0,0,0#",16000,17000,Set tank.c app_speed/duty level to the logged pwm before sending the move key/protocol command; e=stop.,4.82492,12.83227,0,8,0,0.39437,0.05111,7.31206,4.54392,0.3043,7.4623,4.5779,4.5439,0.20732,12,0.0511,0,0,74.04443,27.76999,0.3554,0.307,2,False,running
b326998ea4,formation_6_dynamic_popup,74,14.8,1784476800,completion_astar,finish_first,r04,r04,True,upper,member,local,3,3,4.64604,0.77556,0.04259,0.3116,0.0013,820,820,-127,102,0,0,0000,---,False,0.31131,0.01333,0.3116,0.0013,5.10758,0.79534,cached_path_to_final_target,w,"$1,0,0,0,0,0,0,0,0#",16000,16000,Set tank.c app_speed/duty level to the logged pwm before sending the move key/protocol command; e=stop.,4.58413,12.24453,0,0,0,0.74398,0.06884,7.54822,4.54392,0.3043,7.4623,4.5779,4.5439,0.20732,12,0.0511,0,0,74.04443,27.76999,0.3554,0.307,2,False,running
b326998ea4,formation_6_dynamic_popup,74,14.8,1784476800,completion_astar,finish_first,r05,r05,True,upper,member,local,3,3,4.35135,0.58973,-0.26633,0.37511,-0.20136,1000,945,-103,73,0,0,0000,---,False,0.37919,-0.02485,0.37511,-0.20136,4.79998,0.65724,cached_path_to_final_target,w,"$1,0,0,0,0,0,0,0,0#",20000,19000,Set tank.c app_speed/duty level to the logged pwm before sending the move key/protocol command; e=stop.,4.5783,12.25576,0,0,0,0.5816,0.10831,7.47382,4.54392,0.3043,7.4623,4.5779,4.5439,0.20732,12,0.0511,0,0,74.04443,27.76999,0.3554,0.307,2,False,running
b326998ea4,formation_6_dynamic_popup,74,14.8,1784476800,completion_astar,finish_first,r06,r06,True,upper,member,local,3,3,4.02669,0.23415,0.04266,0.37856,-0.24405,1000,945,-111,32,0,0,0000,---,False,0.38,0.00164,0.37856,-0.24405,4.37916,0.17546,cached_path_to_final_target,w,"$1,0,0,0,0,0,0,0,0#",20000,19000,Set tank.c app_speed/duty level to the logged pwm before sending the move key/protocol command; e=stop.,4.41181,11.91153,0,0,0,0.21954,0.11631,7.61691,4.54392,0.3043,7.4623,4.5779,4.5439,0.20732,12,0.0511,0,0,74.04443,27.76999,0.3554,0.307,2,False,running
b326998ea4,formation_6_dynamic_popup,75,15.0,1784477000,completion_astar,finish_first,r01,r01,True,lower,member,local,3,3,4.46798,-0.03125,-0.51097,0.37729,-0.33485,1000,922,-119,32,0,0,0010,---,False,0.32123,-0.203,0.37729,-0.33485,4.87506,-0.1977,cached_path_to_final_target,d,"$4,0,0,0,0,0,0,0,0#",20000,18000,Set tank.c app_speed/duty level to the logged pwm before sending the move key/protocol command; e=stop.,4.70153,12.43812,0,0,0,0.10635,0.11631,7.35737,4.60938,0.28805,7.3962,4.6454,4.6094,0.22392,12,0.0511,0,0,75.16104,28.19668,0.3556,0.3073,2,False,running
b326998ea4,formation_6_dynamic_popup,75,15.0,1784477000,completion_astar,finish_first,r02,r02,True,lower,member,local,3,3,4.82866,-0.27875,-0.79889,0.37904,-0.19867,1000,956,-125,64,0,0,0000,---,False,0.25642,-0.28044,0.37904,-0.19867,5.26858,-0.39348,cached_path_to_final_target,w,"$1,0,0,0,0,0,0,0,0#",20000,19000,Set tank.c app_speed/duty level to the logged pwm before sending the move key/protocol command; e=stop.,4.82058,12.75363,0,8,0,0.10622,0.05111,7.35142,4.60938,0.28805,7.3962,4.6454,4.6094,0.22392,12,0.0511,0,0,75.16104,28.19668,0.3556,0.3073,2,False,running
b326998ea4,formation_6_dynamic_popup,75,15.0,1784477000,completion_astar,finish_first,r03,r03,True,upper,member,local,3,3,5.12368,0.44925,0.06617,0.31157,0.03796,812,828,-31,47,0,0,0000,---,False,0.31079,0.02246,0.31157,0.03796,5.58445,0.48292,cached_path_to_final_target,w,"$1,0,0,0,0,0,0,0,0#",16000,17000,Set tank.c app_speed/duty level to the logged pwm before sending the move key/protocol command; e=stop.,4.88723,12.99789,0,8,0,0.39437,0.05111,7.25025,4.60938,0.28805,7.3962,4.6454,4.6094,0.22392,12,0.0511,0,0,75.16104,28.19668,0.3556,0.3073,2,False,running
b326998ea4,formation_6_dynamic_popup,75,15.0,1784477000,completion_astar,finish_first,r04,r04,True,upper,member,local,3,3,4.7083,0.77822,0.04274,0.3116,0.00072,820,820,-34,98,0,0,0000,---,False,0.31131,0.01335,0.3116,0.00072,5.16985,0.79802,cached_path_to_final_target,w,"$1,0,0,0,0,0,0,0,0#",16000,16000,Set tank.c app_speed/duty level to the logged pwm before sending the move key/protocol command; e=stop.,4.64645,12.40978,0,0,0,0.74398,0.06884,7.48625,4.60938,0.28805,7.3962,4.6454,4.6094,0.22392,12,0.0511,0,0,75.16104,28.19668,0.3556,0.3073,2,False,running
b326998ea4,formation_6_dynamic_popup,75,15.0,1784477000,completion_astar,finish_first,r05,r05,True,upper,member,local,3,3,4.4252,0.57663,-0.17563,0.37503,0.45349,891,1000,-111,74,0,0,0000,---,False,0.37793,-0.03959,0.37503,0.45349,4.87014,0.64395,cached_path_to_final_target,a,"$3,0,0,0,0,0,0,0,0#",18000,20000,Set tank.c app_speed/duty level to the logged pwm before sending the move key/protocol command; e=stop.,4.65331,12.45291,0,0,0,0.5816,0.10831,7.39954,4.60938,0.28805,7.3962,4.6454,4.6094,0.22392,12,0.0511,0,0,75.16104,28.19668,0.3556,0.3073,2,False,running
b326998ea4,formation_6_dynamic_popup,75,15.0,1784477000,completion_astar,finish_first,r06,r06,True,upper,member,local,3,3,4.10248,0.23419,0.0005,0.37892,-0.21084,1000,953,-114,32,0,0,0000,---,False,0.3798,-0.0124,0.37892,-0.21084,4.4402,0.2224,cached_path_to_final_target,w,"$1,0,0,0,0,0,0,0,0#",20000,19000,Set tank.c app_speed/duty level to the logged pwm before sending the move key/protocol command; e=stop.,4.48759,12.10871,0,0,0,0.21954,0.11631,7.54116,4.60938,0.28805,7.3962,4.6454,4.6094,0.22392,12,0.0511,0,0,75.16104,28.19668,0.3556,0.3073,2,False,running
b326998ea4,formation_6_dynamic_popup,76,15.2,1784477200,completion_astar,finish_first,r01,r01,True,lower,member,local,3,3,4.53147,-0.07218,-0.57252,0.37771,-0.30776,1000,929,-120,36,0,0,0001,---,False,0.30908,-0.22107,0.37771,-0.30776,4.94429,-0.23141,cached_path_to_final_target,w,"$1,0,0,0,0,0,0,0,0#",20000,19000,Set tank.c app_speed/duty level to the logged pwm before sending the move key/protocol command; e=stop.,4.77707,12.63284,0,0,0,0.10635,0.11631,7.29246,4.67432,0.27054,7.3307,4.7126,4.6743,0.2441,11,0.0511,0,0,76.28497,28.62447,0.3565,0.3075,2,False,running
b326998ea4,formation_6_dynamic_popup,76,15.2,1784477200,completion_astar,finish_first,r02,r02,True,lower,member,local,3,3,4.87958,-0.33496,-0.8347,0.37922,-0.17902,1000,960,64,69,0,0,0000,---,False,0.24711,-0.28868,0.37922,-0.17902,5.32842,-0.42934,cached_path_to_final_target,w,"$1,0,0,0,0,0,0,0,0#",20000,19000,Set tank.c app_speed/duty level to the logged pwm before sending the move key/protocol command; e=stop.,4.89642,12.95136,0,8,0,0.10622,0.05111,7.30046,4.67432,0.27054,7.3307,4.7126,4.6743,0.2441,11,0.0511,0,0,76.28497,28.62447,0.3565,0.3075,2,False,running
b326998ea4,formation_6_dynamic_popup,76,15.2,1784477200,completion_astar,finish_first,r03,r03,True,upper,member,local,3,3,5.18585,0.4536,0.0698,0.31159,0.01815,816,824,-33,41,0,0,0000,---,False,0.31078,0.02262,0.31159,0.01815,5.6466,0.48731,cached_path_to_final_target,w,"$1,0,0,0,0,0,0,0,0#",16000,16000,Set tank.c app_speed/duty level to the logged pwm before sending the move key/protocol command; e=stop.,4.94955,13.16334,0,8,0,0.39437,0.05111,7.18848,4.67432,0.27054,7.3307,4.7126,4.6743,0.2441,11,0.0511,0,0,76.28497,28.62447,0.3565,0.3075,2,False,running
b326998ea4,formation_6_dynamic_popup,76,15.2,1784477200,completion_astar,finish_first,r04,r04,True,upper,member,local,3,3,4.77056,0.78089,0.04281,0.3116,0.00035,820,820,-35,93,0,0,0000,---,False,0.31131,0.01335,0.3116,0.00035,5.23211,0.80069,cached_path_to_final_target,w,"$1,0,0,0,0,0,0,0,0#",16000,16000,Set tank.c app_speed/duty level to the logged pwm before sending the move key/protocol command; e=stop.,4.70877,12.57503,0,0,0,0.74398,0.06884,7.42427,4.67432,0.27054,7.3307,4.7126,4.6743,0.2441,11,0.0511,0,0,76.28497,28.62447,0.3565,0.3075,2,False,running
b326998ea4,formation_6_dynamic_popup,76,15.2,1784477200,completion_astar,finish_first,r05,r05,True,upper,member,local,3,3,4.50022,0.56468,-0.15791,0.37981,0.08862,981,1000,-116,76,0,0,0000,---,False,0.37607,-0.05453,0.37981,0.08862,4.94274,0.63241,cached_path_to_final_target,w,"$1,0,0,0,0,0,0,0,0#",20000,20000,Set tank.c app_speed/duty level to the logged pwm before sending the move key/protocol command; e=stop.,4.72927,12.65656,0,0,0,0.5816,0.10831,7.32415,4.67432,0.27054,7.3307,4.7126,4.6743,0.2441,11,0.0511,0,0,76.28497,28.62447,0.3565,0.3075,2,False,running
b326998ea4,formation_6_dynamic_popup,76,15.2,1784477200,completion_astar,finish_first,r06,r06,True,upper,member,local,3,3,4.17822,0.2312,-0.03948,0.37903,-0.19989,1000,955,-117,33,0,0,0000,---,False,0.37905,-0.02692,0.37903,-0.19989,4.50889,0.2572,cached_path_to_final_target,w,"$1,0,0,0,0,0,0,0,0#",20000,19000,Set tank.c app_speed/duty level to the logged pwm before sending the move key/protocol command; e=stop.,4.5634,12.30584,0,0,0,0.21954,0.11631,7.46536,4.67432,0.27054,7.3307,4.7126,4.6743,0.2441,11,0.0511,0,0,76.28497,28.62447,0.3565,0.3075,2,False,running
b326998ea4,formation_6_dynamic_popup,77,15.4,1784477400,completion_astar,finish_first,r01,r01,True,lower,member,local,3,3,4.5926,-0.11668,-0.62928,0.37805,-0.28381,1000,935,-121,41,0,0,0001,---,False,0.29693,-0.23713,0.37805,-0.28381,5.0119,-0.26697,path_to_final_target,w,"$1,0,0,0,0,0,0,0,0#",20000,19000,Set tank.c app_speed/duty level to the logged pwm before sending the move key/protocol command; e=stop.,4.85268,12.82812,0,0,0,0.10635,0.11631,7.23003,4.73742,0.25561,7.2671,4.7775,4.7374,0.25721,11,0.0511,0,0,77.37143,29.0303,0.3382,0.3076,2,False,running
b326998ea4,formation_6_dynamic_popup,77,15.4,1784477400,completion_astar,finish_first,r02,r02,True,lower,member,local,3,3,4.92243,-0.36757,-0.6505,0.26922,0.92098,515,902,56,65,0,0,0000,---,False,0.3051,-0.06332,0.26922,0.92098,5.39196,-0.44129,path_to_final_target,a,"$3,0,0,0,0,0,0,0,0#",10000,18000,Set tank.c app_speed/duty level to the logged pwm before sending the move key/protocol command; e=stop.,4.95026,13.11393,0,8,0,0.10622,0.05111,7.25779,4.73742,0.25561,7.2671,4.7775,4.7374,0.25721,11,0.0511,0,0,77.37143,29.0303,0.3382,0.3076,2,False,running
b326998ea4,formation_6_dynamic_popup,77,15.4,1784477400,completion_astar,finish_first,r03,r03,True,upper,member,local,3,3,5.24799,0.4583,0.07557,0.31158,0.02889,814,826,-36,35,0,0,0000,---,False,0.3106,0.02494,0.31158,0.02889,5.70846,0.49556,path_to_final_target,w,"$1,0,0,0,0,0,0,0,0#",16000,17000,Set tank.c app_speed/duty level to the logged pwm before sending the move key/protocol command; e=stop.,5.01187,13.32869,0,8,0,0.35368,0.05111,7.12677,4.73742,0.25561,7.2671,4.7775,4.7374,0.25721,11,0.0511,0,0,77.37143,29.0303,0.3382,0.3076,2,False,running
b326998ea4,formation_6_dynamic_popup,77,15.4,1784477400,completion_astar,finish_first,r04,r04,True,upper,member,local,3,3,4.83283,0.78353,0.04244,0.3116,-0.00181,820,820,-36,87,0,0,0000,---,False,0.31132,0.01313,0.3116,-0.00181,5.29439,0.80299,path_to_final_target,w,"$1,0,0,0,0,0,0,0,0#",16000,16000,Set tank.c app_speed/duty level to the logged pwm before sending the move key/protocol command; e=stop.,4.77109,12.7403,0,0,0,0.74398,0.06884,7.3623,4.73742,0.25561,7.2671,4.7775,4.7374,0.25721,11,0.0511,0,0,77.37143,29.0303,0.3382,0.3076,2,False,running
b326998ea4,formation_6_dynamic_popup,77,15.4,1784477400,completion_astar,finish_first,r05,r05,True,upper,member,local,3,3,4.57488,0.55088,-0.18275,0.37963,-0.12422,1000,973,-117,79,0,0,0000,---,False,0.37225,-0.07634,0.37963,-0.12422,5.00574,0.58814,path_to_final_target,w,"$1,0,0,0,0,0,0,0,0#",20000,19000,Set tank.c app_speed/duty level to the logged pwm before sending the move key/protocol command; e=stop.,4.80519,12.85753,0,0,0,0.5816,0.10831,7.24906,4.73742,0.25561,7.2671,4.7775,4.7374,0.25721,11,0.0511,0,0,77.37143,29.0303,0.3382,0.3076,2,False,running
b326998ea4,formation_6_dynamic_popup,77,15.4,1784477400,completion_astar,finish_first,r06,r06,True,upper,member,local,3,3,4.25379,0.22517,-0.07955,0.37903,-0.20032,1000,955,-119,35,0,0,0000,---,False,0.37766,-0.0421,0.37903,-0.20032,4.58185,0.2818,path_to_final_target,w,"$1,0,0,0,0,0,0,0,0#",20000,19000,Set tank.c app_speed/duty level to the logged pwm before sending the move key/protocol command; e=stop.,4.6392,12.50286,0,0,0,0.21954,0.11631,7.38964,4.73742,0.25561,7.2671,4.7775,4.7374,0.25721,11,0.0511,0,0,77.37143,29.0303,0.3382,0.3076,2,False,running
b326998ea4,formation_6_dynamic_popup,78,15.6,1784477600,completion_astar,finish_first,r01,r01,True,lower,member,local,3,3,4.65136,-0.16435,-0.68156,0.37835,-0.26141,1000,941,-122,47,0,0,0000,---,False,0.28502,-0.25132,0.37835,-0.26141,5.07713,-0.30343,cached_path_to_final_target,w,"$1,0,0,0,0,0,0,0,0#",20000,19000,Set tank.c app_speed/duty level to the logged pwm before sending the move key/protocol command; e=stop.,4.92835,13.02398,0,0,0,0.10635,0.11631,7.17015,4.80138,0.24121,7.2027,4.843,4.8014,0.26841,11,0.0511,0,0,78.44369,29.43763,0.3394,0.3078,2,False,running
b326998ea4,formation_6_dynamic_popup,78,15.6,1784477600,completion_astar,finish_first,r02,r02,True,lower,member,local,3,3,4.97378,-0.38831,-0.38384,0.27694,1.33331,448,1000,43,60,0,0,0000,---,False,0.30688,-0.05404,0.27694,1.33331,5.44267,-0.45919,cached_path_to_final_target,a,"$3,0,0,0,0,0,0,0,0#",9000,20000,Set tank.c app_speed/duty level to the logged pwm before sending the move key/protocol command; e=stop.,5.00565,13.26458,0,8,0,0.10622,0.05111,7.20662,4.80138,0.24121,7.2027,4.843,4.8014,0.26841,11,0.0511,0,0,78.44369,29.43763,0.3394,0.3078,2,False,running
b326998ea4,formation_6_dynamic_popup,78,15.6,1784477600,completion_astar,finish_first,r03,r03,True,upper,member,local,3,3,5.31011,0.46325,0.07948,0.31159,0.01952,816,824,-38,30,0,0,0000,---,False,0.31054,0.02569,0.31159,0.01952,5.77049,0.50153,cached_path_to_final_target,w,"$1,0,0,0,0,0,0,0,0#",16000,16000,Set tank.c app_speed/duty level to the logged pwm before sending the move key/protocol command; e=stop.,5.07418,13.49403,0,8,0,0.29957,0.05111,7.0651,4.80138,0.24121,7.2027,4.843,4.8014,0.26841,11,0.0511,0,0,78.44369,29.43763,0.3394,0.3078,2,False,running
b326998ea4,formation_6_dynamic_popup,78,15.6,1784477600,completion_astar,finish_first,r04,r04,True,upper,member,local,3,3,4.89509,0.78616,0.04217,0.3116,-0.00137,820,820,-38,82,0,0,0000,---,False,0.31133,0.01307,0.3116,-0.00137,5.35666,0.80552,cached_path_to_final_target,w,"$1,0,0,0,0,0,0,0,0#",16000,16000,Set tank.c app_speed/duty level to the logged pwm before sending the move key/protocol command; e=stop.,4.83341,12.90555,0,0,0,0.74398,0.06884,7.30034,4.80138,0.24121,7.2027,4.843,4.8014,0.26841,11,0.0511,0,0,78.44369,29.43763,0.3394,0.3078,2,False,running
b326998ea4,formation_6_dynamic_popup,78,15.6,1784477600,completion_astar,finish_first,r05,r05,True,upper,member,local,3,3,4.64891,0.53442,-0.21889,0.37921,-0.18066,1000,960,-118,82,0,0,0000,---,False,0.36844,-0.09301,0.37921,-0.18066,5.07827,0.56226,cached_path_to_final_target,w,"$1,0,0,0,0,0,0,0,0#",20000,19000,Set tank.c app_speed/duty level to the logged pwm before sending the move key/protocol command; e=stop.,4.88103,13.05564,0,0,0,0.5816,0.10831,7.17454,4.80138,0.24121,7.2027,4.843,4.8014,0.26841,11,0.0511,0,0,78.44369,29.43763,0.3394,0.3078,2,False,running
b326998ea4,formation_6_dynamic_popup,78,15.6,1784477600,completion_astar,finish_first,r06,r06,True,upper,member,local,3,3,4.32904,0.21609,-0.12012,0.379,-0.20287,1000,955,-122,38,0,0,0000,---,False,0.37562,-0.05754,0.379,-0.20287,4.65702,0.2985,cached_path_to_final_target,w,"$1,0,0,0,0,0,0,0,0#",20000,19000,Set tank.c app_speed/duty level to the logged pwm before sending the move key/protocol command; e=stop.,4.715,12.6999,0,0,0,0.21954,0.11631,7.31415,4.80138,0.24121,7.2027,4.843,4.8014,0.26841,11,0.0511,0,0,78.44369,29.43763,0.3394,0.3078,2,False,running
b326998ea4,formation_6_dynamic_popup,79,15.8,1784477800,completion_astar,finish_first,r01,r01,True,lower,member,local,3,3,4.70781,-0.21482,-0.72954,0.37861,-0.23988,1000,946,-124,52,0,0,0000,---,False,0.27354,-0.26378,0.37861,-0.23988,5.14064,-0.34041,cached_path_to_final_target,w,"$1,0,0,0,0,0,0,0,0#",20000,19000,Set tank.c app_speed/duty level to the logged pwm before sending the move key/protocol command; e=stop.,5.00407,13.22033,0,0,0,0.10635,0.11631,7.11285,4.86384,0.22858,7.1398,4.9067,4.8638,0.28164,12,0.0511,0,0,79.51351,29.83519,0.3313,0.3078,2,False,running
b326998ea4,formation_6_dynamic_popup,79,15.8,1784477800,completion_astar,finish_first,r02,r02,True,lower,member,local,3,3,5.03255,-0.404,-0.261,0.30413,0.6142,671,930,38,54,0,0,0000,---,False,0.30739,-0.05102,0.30413,0.6142,5.4946,-0.47475,cached_path_to_final_target,a,"$3,0,0,0,0,0,0,0,0#",13000,19000,Set tank.c app_speed/duty level to the logged pwm before sending the move key/protocol command; e=stop.,5.06648,13.43526,0,8,0,0.10622,0.05111,7.14804,4.86384,0.22858,7.1398,4.9067,4.8638,0.28164,12,0.0511,0,0,79.51351,29.83519,0.3313,0.3078,2,False,running
b326998ea4,formation_6_dynamic_popup,79,15.8,1784477800,completion_astar,finish_first,r03,r03,True,upper,member,local,3,3,5.37222,0.46833,0.08165,0.3116,0.01088,818,822,-41,25,0,0,0000,---,False,0.31052,0.02595,0.3116,0.01088,5.83258,0.50691,cached_path_to_final_target,w,"$1,0,0,0,0,0,0,0,0#",16000,16000,Set tank.c app_speed/duty level to the logged pwm before sending the move key/protocol command; e=stop.,5.1365,13.65937,0,8,0,0.24822,0.05111,7.00346,4.86384,0.22858,7.1398,4.9067,4.8638,0.28164,12,0.0511,0,0,79.51351,29.83519,0.3313,0.3078,2,False,running
b326998ea4,formation_6_dynamic_popup,79,15.8,1784477800,completion_astar,finish_first,r04,r04,True,upper,member,local,3,3,4.95736,0.78878,0.04202,0.3116,-0.00075,820,820,-40,77,0,0,0000,---,False,0.31133,0.01305,0.3116,-0.00075,5.41892,0.80812,cached_path_to_final_target,w,"$1,0,0,0,0,0,0,0,0#",16000,16000,Set tank.c app_speed/duty level to the logged pwm before sending the move key/protocol command; e=stop.,4.89573,13.0708,0,0,0,0.74398,0.06884,7.23838,4.86384,0.22858,7.1398,4.9067,4.8638,0.28164,12,0.0511,0,0,79.51351,29.83519,0.3313,0.3078,2,False,running
b326998ea4,formation_6_dynamic_popup,79,15.8,1784477800,completion_astar,finish_first,r05,r05,True,upper,member,local,3,3,4.70926,0.52923,-0.08573,0.30283,0.66578,657,937,-128,86,0,0,0000,---,False,0.31154,0.00589,0.30283,0.66578,5.15306,0.54394,cached_path_to_final_target,a,"$3,0,0,0,0,0,0,0,0#",13000,19000,Set tank.c app_speed/duty level to the logged pwm before sending the move key/protocol command; e=stop.,4.9416,13.23083,0,0,0,0.5816,0.10831,7.11407,4.86384,0.22858,7.1398,4.9067,4.8638,0.28164,12,0.0511,0,0,79.51351,29.83519,0.3313,0.3078,2,False,running
b326998ea4,formation_6_dynamic_popup,79,15.8,1784477800,completion_astar,finish_first,r06,r06,True,upper,member,local,3,3,4.40387,0.20396,-0.16071,0.379,-0.20296,1000,955,-124,41,0,0,0000,---,False,0.37297,-0.07274,0.379,-0.20296,4.73327,0.30922,cached_path_to_final_target,w,"$1,0,0,0,0,0,0,0,0#",20000,19000,Set tank.c app_speed/duty level to the logged pwm before sending the move key/protocol command; e=stop.,4.7908,12.89692,0,0,0,0.21954,0.11631,7.23901,4.86384,0.22858,7.1398,4.9067,4.8638,0.28164,12,0.0511,0,0,79.51351,29.83519,0.3313,0.3078,2,False,running
b326998ea4,formation_6_dynamic_popup,80,16.0,1784478000,completion_astar,finish_first,r01,r01,True,lower,member,local,3,3,4.76203,-0.26774,-0.77331,0.37884,-0.21886,1000,951,-125,58,0,0,0000,---,False,0.26264,-0.27463,0.37884,-0.21886,5.20263,-0.37725,cached_path_to_final_target,w,"$1,0,0,0,0,0,0,0,0#",20000,19000,Set tank.c app_speed/duty level to the logged pwm before sending the move key/protocol command; e=stop.,5.07984,13.41717,0,0,0,0.10635,0.11631,7.0581,4.92644,0.21609,7.0769,4.9706,4.9264,0.29644,12,0.0511,0,0,80.57538,30.23546,0.3336,0.3079,2,False,running
b326998ea4,formation_6_dynamic_popup,80,16.0,1784478000,completion_astar,finish_first,r02,r02,True,lower,member,local,3,3,5.09326,-0.41661,-0.2048,0.31003,0.28103,757,875,36,49,0,0,0000,---,False,0.30759,-0.04984,0.31003,0.28103,5.5517,-0.48812,cached_path_to_final_target,a,"$3,0,0,0,0,0,0,0,0#",15000,18000,Set tank.c app_speed/duty level to the logged pwm before sending the move key/protocol command; e=stop.,5.12848,13.60351,0,8,0,0.10622,0.05111,7.08751,4.92644,0.21609,7.0769,4.9706,4.9264,0.29644,12,0.0511,0,0,80.57538,30.23546,0.3336,0.3079,2,False,running
b326998ea4,formation_6_dynamic_popup,80,16.0,1784478000,completion_astar,finish_first,r03,r03,True,upper,member,local,3,3,5.43433,0.47349,0.08277,0.3116,0.0056,819,821,-45,20,0,0,0000,---,False,0.31051,0.02604,0.3116,0.0056,5.89468,0.51214,cached_path_to_final_target,w,"$1,0,0,0,0,0,0,0,0#",16000,16000,Set tank.c app_speed/duty level to the logged pwm before sending the move key/protocol command; e=stop.,5.19882,13.82466,0,8,0,0.20095,0.05111,6.94184,4.92644,0.21609,7.0769,4.9706,4.9264,0.29644,12,0.0511,0,0,80.57538,30.23546,0.3336,0.3079,2,False,running
b326998ea4,formation_6_dynamic_popup,80,16.0,1784478000,completion_astar,finish_first,r04,r04,True,upper,member,local,3,3,5.01962,0.79139,0.04195,0.3116,-0.00036,820,820,-41,72,0,0,0000,---,False,0.31133,0.01305,0.3116,-0.00036,5.48119,0.81073,cached_path_to_final_target,w,"$1,0,0,0,0,0,0,0,0#",16000,16000,Set tank.c app_speed/duty level to the logged pwm before sending the move key/protocol command; e=stop.,4.95805,13.23605,0,0,0,0.72336,0.06884,7.17642,4.92644,0.21609,7.0769,4.9706,4.9264,0.29644,12,0.0511,0,0,80.57538,30.23546,0.3336,0.3079,2,False,running
b326998ea4,formation_6_dynamic_popup,80,16.0,1784478000,completion_astar,finish_first,r05,r05,True,upper,member,local,3,3,4.77127,0.52715,-0.03354,0.31025,0.26097,762,871,-21,83,0,0,0000,---,False,0.31159,0.00233,0.31025,0.26097,5.2281,0.53311,cached_path_to_final_target,a,"$3,0,0,0,0,0,0,0,0#",15000,17000,Set tank.c app_speed/duty level to the logged pwm before sending the move key/protocol command; e=stop.,5.00365,13.40001,0,0,0,0.5816,0.10831,7.05202,4.92644,0.21609,7.0769,4.9706,4.9264,0.29644,12,0.0511,0,0,80.57538,30.23546,0.3336,0.3079,2,False,running
b326998ea4,formation_6_dynamic_popup,80,16.0,1784478000,completion_astar,finish_first,r06,r06,True,upper,member,local,3,3,4.47815,0.18886,-0.20062,0.37904,-0.19955,1000,955,-125,45,0,0,0000,---,False,0.36982,-0.08736,0.37904,-0.19955,4.81001,0.31547,cached_path_to_final_target,w,"$1,0,0,0,0,0,0,0,0#",20000,19000,Set tank.c app_speed/duty level to the logged pwm before sending the move key/protocol command; e=stop.,4.86661,13.09397,0,0,0,0.21954,0.11631,7.16434,4.92644,0.21609,7.0769,4.9706,4.9264,0.29644,12,0.0511,0,0,80.57538,30.23546,0.3336,0.3079,2,False,running
b326998ea4,formation_6_dynamic_popup,81,16.2,1784478200,completion_astar,finish_first,r01,r01,True,lower,member,local,3,3,4.81438,-0.32263,-0.80909,0.37922,-0.17891,1000,960,-126,63,0,0,0000,---,False,0.25443,-0.28225,0.37922,-0.17891,5.26653,-0.40133,path_to_final_target,w,"$1,0,0,0,0,0,0,0,0#",20000,19000,Set tank.c app_speed/duty level to the logged pwm before sending the move key/protocol command; e=stop.,5.15568,13.61512,0,0,0,0.10635,0.11631,7.00563,4.98878,0.20338,7.0142,5.0342,4.9888,0.31278,12,0.0511,0,0,81.63427,30.63622,0.334,0.3079,2,False,running
b326998ea4,formation_6_dynamic_popup,81,16.2,1784478200,completion_astar,finish_first,r02,r02,True,lower,member,local,3,3,5.15458,-0.42681,-0.16483,0.31081,0.19983,776,860,36,43,0,0,0000,---,False,0.30883,-0.04145,0.31081,0.19983,5.61345,-0.48644,path_to_final_target,w,"$1,0,0,0,0,0,0,0,0#",16000,17000,Set tank.c app_speed/duty level to the logged pwm before sending the move key/protocol command; e=stop.,5.19065,13.76922,0,8,0,0.10622,0.05111,7.02636,4.98878,0.20338,7.0142,5.0342,4.9888,0.31278,12,0.0511,0,0,81.63427,30.63622,0.334,0.3079,2,False,running
b326998ea4,formation_6_dynamic_popup,81,16.2,1784478200,completion_astar,finish_first,r03,r03,True,upper,member,local,3,3,5.49645,0.47833,0.07779,0.31159,-0.02489,825,815,-48,16,0,0,0000,---,False,0.31075,0.023,0.31159,-0.02489,5.95718,0.51219,path_to_final_target,w,"$1,0,0,0,0,0,0,0,0#",16000,16000,Set tank.c app_speed/duty level to the logged pwm before sending the move key/protocol command; e=stop.,5.26114,13.99022,0,8,0,0.15958,0.05111,6.88019,4.98878,0.20338,7.0142,5.0342,4.9888,0.31278,12,0.0511,0,0,81.63427,30.63622,0.334,0.3079,2,False,running
b326998ea4,formation_6_dynamic_popup,81,16.2,1784478200,completion_astar,finish_first,r04,r04,True,upper,member,local,3,3,5.08189,0.79403,0.04233,0.3116,0.0019,820,820,-43,68,0,0,0000,---,False,0.31132,0.01328,0.3116,0.0019,5.54344,0.81373,path_to_final_target,w,"$1,0,0,0,0,0,0,0,0#",16000,16000,Set tank.c app_speed/duty level to the logged pwm before sending the move key/protocol command; e=stop.,5.02037,13.40132,0,0,0,0.67713,0.06884,7.11448,4.98878,0.20338,7.0142,5.0342,4.9888,0.31278,12,0.0511,0,0,81.63427,30.63622,0.334,0.3079,2,False,running
b326998ea4,formation_6_dynamic_popup,81,16.2,1784478200,completion_astar,finish_first,r05,r05,True,upper,member,local,3,3,4.83355,0.52634,-0.01305,0.31139,0.10244,798,841,-24,77,0,0,0000,---,False,0.3116,0.00095,0.31139,0.10244,5.29402,0.52874,path_to_final_target,w,"$1,0,0,0,0,0,0,0,0#",16000,17000,Set tank.c app_speed/duty level to the logged pwm before sending the move key/protocol command; e=stop.,5.06593,13.56683,0,0,0,0.5816,0.10831,6.98975,4.98878,0.20338,7.0142,5.0342,4.9888,0.31278,12,0.0511,0,0,81.63427,30.63622,0.334,0.3079,2,False,running
b326998ea4,formation_6_dynamic_popup,81,16.2,1784478200,completion_astar,finish_first,r06,r06,True,upper,member,local,3,3,4.55186,0.17101,-0.23752,0.37918,-0.18449,1000,959,-127,49,0,0,0000,---,False,0.36658,-0.10008,0.37918,-0.18449,4.88663,0.32314,path_to_final_target,w,"$1,0,0,0,0,0,0,0,0#",20000,19000,Set tank.c app_speed/duty level to the logged pwm before sending the move key/protocol command; e=stop.,4.94245,13.29155,0,0,0,0.21954,0.11631,7.0902,4.98878,0.20338,7.0142,5.0342,4.9888,0.31278,12,0.0511,0,0,81.63427,30.63622,0.334,0.3079,2,False,running
b326998ea4,formation_6_dynamic_popup,82,16.4,1784478400,completion_astar,finish_first,r01,r01,True,lower,member,local,3,3,4.86489,-0.37924,-0.84226,0.37933,-0.16584,1000,963,-128,68,0,0,0000,---,False,0.24552,-0.29003,0.37933,-0.16584,5.3259,-0.43271,cached_path_to_final_target,w,"$1,0,0,0,0,0,0,0,0#",20000,19000,Set tank.c app_speed/duty level to the logged pwm before sending the move key/protocol command; e=stop.,5.23155,13.81308,0,0,0,0.10635,0.11631,6.95544,5.0492,0.19215,6.9535,5.0956,5.0492,0.33392,12,0.0511,0,0,82.68622,31.02955,0.3278,0.3079,2,False,running
b326998ea4,formation_6_dynamic_popup,82,16.4,1784478400,completion_astar,finish_first,r02,r02,True,lower,member,local,3,3,5.21622,-0.43566,-0.14248,0.31135,0.11173,796,843,37,38,0,0,0000,---,False,0.30917,-0.03883,0.31135,0.11173,5.67501,-0.49217,cached_path_to_final_target,w,"$1,0,0,0,0,0,0,0,0#",16000,17000,Set tank.c app_speed/duty level to the logged pwm before sending the move key/protocol command; e=stop.,5.25292,13.93529,0,8,0,0.10622,0.05111,6.96488,5.0492,0.19215,6.9535,5.0956,5.0492,0.33392,12,0.0511,0,0,82.68622,31.02955,0.3278,0.3079,2,False,running
b326998ea4,formation_6_dynamic_popup,82,16.4,1784478400,completion_astar,finish_first,r03,r03,True,upper,member,local,3,3,5.5586,0.48292,0.07378,0.31159,-0.02006,824,816,-52,13,0,0,0000,---,False,0.31082,0.02199,0.31159,-0.02006,6.01944,0.51533,cached_path_to_final_target,w,"$1,0,0,0,0,0,0,0,0#",16000,16000,Set tank.c app_speed/duty level to the logged pwm before sending the move key/protocol command; e=stop.,5.32346,14.15551,0,8,0,0.12727,0.05111,6.81852,5.0492,0.19215,6.9535,5.0956,5.0492,0.33392,12,0.0511,0,0,82.68622,31.02955,0.3278,0.3079,2,False,running
b326998ea4,formation_6_dynamic_popup,82,16.4,1784478400,completion_astar,finish_first,r04,r04,True,upper,member,local,3,3,5.13472,0.80824,0.26271,0.27357,1.1019,488,952,-58,65,0,0,0000,---,False,0.26217,0.27508,0.27357,1.1019,5.6057,0.81648,cached_path_to_final_target,a,"$3,0,0,0,0,0,0,0,0#",10000,19000,Set tank.c app_speed/duty level to the logged pwm before sending the move key/protocol command; e=stop.,5.07509,13.56046,0,0,0,0.64809,0.06884,7.06275,5.0492,0.19215,6.9535,5.0956,5.0492,0.33392,12,0.0511,0,0,82.68622,31.02955,0.3278,0.3079,2,False,running
b326998ea4,formation_6_dynamic_popup,82,16.4,1784478400,completion_astar,finish_first,r05,r05,True,upper,member,local,3,3,4.89586,0.52602,-0.00503,0.31157,0.04009,811,828,-25,71,0,0,0000,---,False,0.3116,0.0004,0.31157,0.04009,5.35739,0.527,cached_path_to_final_target,w,"$1,0,0,0,0,0,0,0,0#",16000,17000,Set tank.c app_speed/duty level to the logged pwm before sending the move key/protocol command; e=stop.,5.12824,13.73261,0,0,0,0.5816,0.10831,6.92745,5.0492,0.19215,6.9535,5.0956,5.0492,0.33392,12,0.0511,0,0,82.68622,31.02955,0.3278,0.3079,2,False,running
b326998ea4,formation_6_dynamic_popup,82,16.4,1784478400,completion_astar,finish_first,r06,r06,True,upper,member,local,3,3,4.62491,0.15059,-0.2726,0.37925,-0.17542,1000,961,-128,54,0,0,0000,---,False,0.36301,-0.11236,0.37925,-0.17542,4.96351,0.32741,cached_path_to_final_target,w,"$1,0,0,0,0,0,0,0,0#",20000,19000,Set tank.c app_speed/duty level to the logged pwm before sending the move key/protocol command; e=stop.,5.0183,13.48927,0,0,0,0.21954,0.11631,7.01671,5.0492,0.19215,6.9535,5.0956,5.0492,0.33392,12,0.0511,0,0,82.68622,31.02955,0.3278,0.3079,2,False,running
b326998ea4,formation_6_dynamic_popup,83,16.6,1784478600,completion_astar,finish_first,r01,r01,True,lower,member,local,3,3,4.91364,-0.43739,-0.87315,0.37942,-0.15444,1000,966,72,67,0,0,0000,---,False,0.23698,-0.29705,0.37942,-0.15444,5.38259,-0.46469,cached_path_to_final_target,w,"$1,0,0,0,0,0,0,0,0#",20000,19000,Set tank.c app_speed/duty level to the logged pwm before sending the move key/protocol command; e=stop.,5.30743,14.01131,0,0,0,0.10635,0.11631,6.9075,5.10905,0.18591,6.8935,5.1558,5.1091,0.36452,12,0.0511,0,0,83.74895,31.43216,0.3355,0.3078,2,False,running
b326998ea4,formation_6_dynamic_popup,83,16.6,1784478600,completion_astar,finish_first,r02,r02,True,lower,member,local,3,3,5.27799,-0.4438,-0.13116,0.31154,0.05661,808,832,39,32,0,0,0000,---,False,0.30927,-0.038,0.31154,0.05661,5.73668,-0.49961,cached_path_to_final_target,w,"$1,0,0,0,0,0,0,0,0#",16000,17000,Set tank.c app_speed/duty level to the logged pwm before sending the move key/protocol command; e=stop.,5.31522,14.10111,0,8,0,0.10622,0.05111,6.90327,5.10905,0.18591,6.8935,5.1558,5.1091,0.36452,12,0.0511,0,0,83.74895,31.43216,0.3355,0.3078,2,False,running
b326998ea4,formation_6_dynamic_popup,83,16.6,1784478600,completion_astar,finish_first,r03,r03,True,upper,member,local,3,3,5.61625,0.50011,0.28977,0.30075,1.07994,564,1000,-69,12,0,0,0000,---,False,0.28281,0.25381,0.30075,1.07994,6.08163,0.51933,cached_path_to_final_target,a,"$3,0,0,0,0,0,0,0,0#",11000,20000,Set tank.c app_speed/duty level to the logged pwm before sending the move key/protocol command; e=stop.,5.38361,14.32498,0,8,0,0.12163,0.05111,6.76227,5.10905,0.18591,6.8935,5.1558,5.1091,0.36452,12,0.0511,0,0,83.74895,31.43216,0.3355,0.3078,2,False,running
b326998ea4,formation_6_dynamic_popup,83,16.6,1784478600,completion_astar,finish_first,r04,r04,True,upper,member,local,3,3,5.191,0.84289,0.55187,0.33046,1.44582,565,1000,-78,64,0,0,0000,---,False,0.27039,0.267,0.33046,1.44582,5.6614,0.82631,cached_path_to_final_target,a,"$3,0,0,0,0,0,0,0,0#",11000,20000,Set tank.c app_speed/duty level to the logged pwm before sending the move key/protocol command; e=stop.,5.14118,13.72627,0,0,0,0.63514,0.06884,7.00915,5.10905,0.18591,6.8935,5.1558,5.1091,0.36452,12,0.0511,0,0,83.74895,31.43216,0.3355,0.3078,2,False,running
b326998ea4,formation_6_dynamic_popup,83,16.6,1784478600,completion_astar,finish_first,r05,r05,True,upper,member,local,3,3,4.95818,0.5259,-0.0019,0.3116,0.01565,817,823,-27,65,0,0,0000,---,False,0.3116,0.00017,0.3116,0.01565,5.42002,0.52632,cached_path_to_final_target,w,"$1,0,0,0,0,0,0,0,0#",16000,16000,Set tank.c app_speed/duty level to the logged pwm before sending the move key/protocol command; e=stop.,5.19056,13.89811,0,0,0,0.5816,0.10831,6.86516,5.10905,0.18591,6.8935,5.1558,5.1091,0.36452,12,0.0511,0,0,83.74895,31.43216,0.3355,0.3078,2,False,running
b326998ea4,formation_6_dynamic_popup,83,16.6,1784478600,completion_astar,finish_first,r06,r06,True,upper,member,local,3,3,4.69725,0.12772,-0.30617,0.37932,-0.16785,1000,963,-130,59,0,0,1000,---,False,0.35918,-0.12405,0.37932,-0.16785,5.04048,0.32946,cached_path_to_final_target,w,"$1,0,0,0,0,0,0,0,0#",20000,19000,Set tank.c app_speed/duty level to the logged pwm before sending the move key/protocol command; e=stop.,5.09416,13.68716,0,0,0,0.21954,0.11631,6.94393,5.10905,0.18591,6.8935,5.1558,5.1091,0.36452,12,0.0511,0,0,83.74895,31.43216,0.3355,0.3078,2,False,running
b326998ea4,formation_6_dynamic_popup,84,16.8,1784478800,completion_astar,finish_first,r01,r01,True,lower,member,local,3,3,4.9554,-0.47144,-0.68404,0.26942,0.94556,510,908,63,63,0,0,0000,---,False,0.30974,-0.03398,0.26942,0.94556,5.43687,-0.49479,cached_path_to_final_target,a,"$3,0,0,0,0,0,0,0,0#",10000,18000,Set tank.c app_speed/duty level to the logged pwm before sending the move key/protocol command; e=stop.,5.36132,14.17399,0,0,0,0.10635,0.11631,6.86646,5.16323,0.18868,6.8394,5.2101,5.1632,0.39477,12,0.0511,0,0,84.74029,31.78889,0.2973,0.3073,2,False,running
b326998ea4,formation_6_dynamic_popup,84,16.8,1784478800,completion_astar,finish_first,r02,r02,True,lower,member,local,3,3,5.33982,-0.45162,-0.12571,0.31159,0.02728,814,826,42,27,0,0,0000,---,False,0.30931,-0.03774,0.31159,0.02728,5.79845,-0.50731,cached_path_to_final_target,w,"$1,0,0,0,0,0,0,0,0#",16000,17000,Set tank.c app_speed/duty level to the logged pwm before sending the move key/protocol command; e=stop.,5.37754,14.26665,0,8,0,0.10622,0.05111,6.84161,5.16323,0.18868,6.8394,5.2101,5.1632,0.39477,12,0.0511,0,0,84.74029,31.78889,0.2973,0.3073,2,False,running
b326998ea4,formation_6_dynamic_popup,84,16.8,1784478800,completion_astar,finish_first,r03,r03,True,upper,member,local,3,3,5.6784,0.53396,0.49863,0.35387,1.04431,711,1000,-88,15,0,0,0000,---,False,0.29956,0.23381,0.35387,1.04431,6.14115,0.52358,cached_path_to_final_target,a,"$3,0,0,0,0,0,0,0,0#",14000,20000,Set tank.c app_speed/duty level to the logged pwm before sending the move key/protocol command; e=stop.,5.45438,14.5021,0,8,0,0.12163,0.05111,6.7029,5.16323,0.18868,6.8394,5.2101,5.1632,0.39477,12,0.0511,0,0,84.74029,31.78889,0.2973,0.3073,2,False,running
b326998ea4,formation_6_dynamic_popup,84,16.8,1784478800,completion_astar,finish_first,r04,r04,True,upper,member,local,3,3,5.23456,0.87405,0.62104,0.26781,0.34582,632,778,-84,63,0,0,0000,---,False,0.31156,0.00476,0.26781,0.34582,5.7176,0.85094,cached_path_to_final_target,a,"$3,0,0,0,0,0,0,0,0#",13000,16000,Set tank.c app_speed/duty level to the logged pwm before sending the move key/protocol command; e=stop.,5.19474,13.88435,0,0,0,0.63252,0.06884,6.96816,5.16323,0.18868,6.8394,5.2101,5.1632,0.39477,12,0.0511,0,0,84.74029,31.78889,0.2973,0.3073,2,False,running
b326998ea4,formation_6_dynamic_popup,84,16.8,1784478800,completion_astar,finish_first,r05,r05,True,upper,member,local,3,3,5.0205,0.52586,-0.00068,0.3116,0.00609,819,821,-28,59,0,0,0000,---,False,0.3116,9e-05,0.3116,0.00609,5.48243,0.52605,cached_path_to_final_target,w,"$1,0,0,0,0,0,0,0,0#",16000,16000,Set tank.c app_speed/duty level to the logged pwm before sending the move key/protocol command; e=stop.,5.25288,14.06345,0,0,0,0.5816,0.10831,6.80287,5.16323,0.18868,6.8394,5.2101,5.1632,0.39477,12,0.0511,0,0,84.74029,31.78889,0.2973,0.3073,2,False,running
b326998ea4,formation_6_dynamic_popup,84,16.8,1784478800,completion_astar,finish_first,r06,r06,True,upper,member,local,3,3,4.75072,0.12129,-0.11974,0.26932,0.93215,512,905,-142,64,0,0,1000,---,False,0.28071,0.13526,0.26932,0.93215,5.11748,0.33022,cached_path_to_final_target,a,"$3,0,0,0,0,0,0,0,0#",10000,18000,Set tank.c app_speed/duty level to the logged pwm before sending the move key/protocol command; e=stop.,5.14802,13.84974,0,0,0,0.21954,0.11631,6.89034,5.16323,0.18868,6.8394,5.2101,5.1632,0.39477,12,0.0511,0,0,84.74029,31.78889,0.2973,0.3073,2,False,running
b326998ea4,formation_6_dynamic_popup,85,17.0,1784479000,completion_astar,finish_first,r01,r01,True,lower,member,local,3,3,5.00245,-0.48698,-0.31906,0.24773,1.82486,268,1000,44,59,0,0,0000,---,False,0.31144,-0.01006,0.24773,1.82486,5.48541,-0.48857,path_to_final_target,a,"$3,0,0,0,0,0,0,0,0#",5000,20000,Set tank.c app_speed/duty level to the logged pwm before sending the move key/protocol command; e=stop.,5.41086,14.31231,0,0,0,0.10635,0.11631,6.81981,5.21878,0.19684,6.7841,5.2662,5.2188,0.41874,12,0.0511,0,0,85.70791,32.14232,0.2945,0.307,2,False,running
b326998ea4,formation_6_dynamic_popup,85,17.0,1784479000,completion_astar,finish_first,r02,r02,True,lower,member,local,3,3,5.40167,-0.45927,-0.12315,0.3116,0.0128,817,823,45,22,0,0,0000,---,False,0.30932,-0.03765,0.3116,0.0128,5.86028,-0.51497,path_to_final_target,w,"$1,0,0,0,0,0,0,0,0#",16000,16000,Set tank.c app_speed/duty level to the logged pwm before sending the move key/protocol command; e=stop.,5.43986,14.43204,0,8,0,0.10622,0.05111,6.77994,5.21878,0.19684,6.7841,5.2662,5.2188,0.41874,12,0.0511,0,0,85.70791,32.14232,0.2945,0.307,2,False,running
b326998ea4,formation_6_dynamic_popup,85,17.0,1784479000,completion_astar,finish_first,r03,r03,True,upper,member,local,3,3,5.74358,0.57271,0.53646,0.37913,0.18913,958,1000,-97,19,0,0,0000,---,False,0.3207,0.20384,0.37913,0.18913,6.20291,0.52729,path_to_final_target,w,"$1,0,0,0,0,0,0,0,0#",19000,20000,Set tank.c app_speed/duty level to the logged pwm before sending the move key/protocol command; e=stop.,5.53021,14.70999,0,8,0,0.12163,0.05111,6.64116,5.21878,0.19684,6.7841,5.2662,5.2188,0.41874,12,0.0511,0,0,85.70791,32.14232,0.2945,0.307,2,False,running
b326998ea4,formation_6_dynamic_popup,85,17.0,1784479000,completion_astar,finish_first,r04,r04,True,upper,member,local,3,3,5.2799,0.8971,0.4702,0.25427,-0.75418,828,510,-78,63,0,0,0000,---,False,0.3116,0.00148,0.25427,-0.75418,5.76506,0.87657,path_to_final_target,d,"$4,0,0,0,0,0,0,0,0#",17000,10000,Set tank.c app_speed/duty level to the logged pwm before sending the move key/protocol command; e=stop.,5.24559,14.03125,0,0,0,0.62594,0.06884,6.92488,5.21878,0.19684,6.7841,5.2662,5.2188,0.41874,12,0.0511,0,0,85.70791,32.14232,0.2945,0.307,2,False,running
b326998ea4,formation_6_dynamic_popup,85,17.0,1784479000,completion_astar,finish_first,r05,r05,True,upper,member,local,3,3,5.08282,0.52585,-0.00021,0.3116,0.00237,820,820,-30,53,0,0,0000,---,False,0.3116,5e-05,0.3116,0.00237,5.54478,0.52595,path_to_final_target,w,"$1,0,0,0,0,0,0,0,0#",16000,16000,Set tank.c app_speed/duty level to the logged pwm before sending the move key/protocol command; e=stop.,5.3152,14.22873,0,0,0,0.5321,0.10831,6.74058,5.21878,0.19684,6.7841,5.2662,5.2188,0.41874,12,0.0511,0,0,85.70791,32.14232,0.2945,0.307,2,False,running
b326998ea4,formation_6_dynamic_popup,85,17.0,1784479000,completion_astar,finish_first,r06,r06,True,upper,member,local,3,3,4.80226,0.13162,0.19783,0.26282,1.58786,357,1000,-161,69,0,0,1000,---,False,0.28094,0.13479,0.26282,1.58786,5.19438,0.33415,path_to_final_target,a,"$3,0,0,0,0,0,0,0,0#",7000,20000,Set tank.c app_speed/duty level to the logged pwm before sending the move key/protocol command; e=stop.,5.20059,13.99357,0,0,0,0.21954,0.11631,6.839,5.21878,0.19684,6.7841,5.2662,5.2188,0.41874,12,0.0511,0,0,85.70791,32.14232,0.2945,0.307,2,False,running
b326998ea4,formation_6_dynamic_popup,86,17.2,1784479200,completion_astar,finish_first,r01,r01,True,lower,member,local,3,3,5.06127,-0.49586,-0.14969,0.29746,0.84685,604,961,36,54,0,0,0000,---,False,0.31156,-0.00518,0.29746,0.84685,5.53294,-0.4958,cached_path_to_final_target,a,"$3,0,0,0,0,0,0,0,0#",12000,19000,Set tank.c app_speed/duty level to the logged pwm before sending the move key/protocol command; e=stop.,5.47036,14.48376,0,0,0,0.10635,0.11631,6.76124,5.27903,0.20529,6.7241,5.3271,5.279,0.43587,12,0.0511,0,0,86.73842,32.51852,0.3135,0.3069,2,False,running
b326998ea4,formation_6_dynamic_popup,86,17.2,1784479200,completion_astar,finish_first,r02,r02,True,lower,member,local,3,3,5.46352,-0.46685,-0.12196,0.3116,0.00593,819,821,48,17,0,0,0000,---,False,0.30932,-0.03762,0.3116,0.00593,5.92212,-0.52257,cached_path_to_final_target,w,"$1,0,0,0,0,0,0,0,0#",16000,16000,Set tank.c app_speed/duty level to the logged pwm before sending the move key/protocol command; e=stop.,5.50218,14.59736,0,8,0,0.10622,0.05111,6.71827,5.27903,0.20529,6.7241,5.3271,5.279,0.43587,12,0.0511,0,0,86.73842,32.51852,0.3135,0.3069,2,False,running
b326998ea4,formation_6_dynamic_popup,86,17.2,1784479200,completion_astar,finish_first,r03,r03,True,upper,member,local,3,3,5.81025,0.60878,0.49588,0.379,-0.2029,1000,955,-101,22,0,0,0000,---,False,0.33982,0.17006,0.379,-0.2029,6.26642,0.53651,cached_path_to_final_target,w,"$1,0,0,0,0,0,0,0,0#",20000,19000,Set tank.c app_speed/duty level to the logged pwm before sending the move key/protocol command; e=stop.,5.60601,14.91094,0,8,0,0.12163,0.05111,6.57798,5.27903,0.20529,6.7241,5.3271,5.279,0.43587,12,0.0511,0,0,86.73842,32.51852,0.3135,0.3069,2,False,running
b326998ea4,formation_6_dynamic_popup,86,17.2,1784479200,completion_astar,finish_first,r04,r04,True,upper,member,local,3,3,5.33434,0.90862,0.20869,0.27824,-1.30756,1000,457,-66,61,0,0,0000,---,False,0.3116,0.001,0.27824,-1.30756,5.81107,0.8988,cached_path_to_final_target,d,"$4,0,0,0,0,0,0,0,0#",20000,9000,Set tank.c app_speed/duty level to the logged pwm before sending the move key/protocol command; e=stop.,5.30124,14.18552,0,0,0,0.60838,0.06884,6.87163,5.27903,0.20529,6.7241,5.3271,5.279,0.43587,12,0.0511,0,0,86.73842,32.51852,0.3135,0.3069,2,False,running
b326998ea4,formation_6_dynamic_popup,86,17.2,1784479200,completion_astar,finish_first,r05,r05,True,upper,member,local,3,3,5.14514,0.52585,-2e-05,0.3116,0.00092,820,820,-32,48,0,0,0000,---,False,0.3116,4e-05,0.3116,0.00092,5.60711,0.52591,cached_path_to_final_target,w,"$1,0,0,0,0,0,0,0,0#",16000,16000,Set tank.c app_speed/duty level to the logged pwm before sending the move key/protocol command; e=stop.,5.37752,14.39399,0,0,0,0.47522,0.10831,6.67829,5.27903,0.20529,6.7241,5.3271,5.279,0.43587,12,0.0511,0,0,86.73842,32.51852,0.3135,0.3069,2,False,running
b326998ea4,formation_6_dynamic_popup,86,17.2,1784479200,completion_astar,finish_first,r06,r06,True,upper,member,local,3,3,4.85965,0.15119,0.32862,0.30314,0.65394,660,935,-26,70,0,0,0000,---,False,0.28305,0.13029,0.30314,0.65394,5.27029,0.34705,cached_path_to_final_target,a,"$3,0,0,0,0,0,0,0,0#",13000,19000,Set tank.c app_speed/duty level to the logged pwm before sending the move key/protocol command; e=stop.,5.26122,14.16685,0,0,0,0.21954,0.11631,6.78204,5.27903,0.20529,6.7241,5.3271,5.279,0.43587,12,0.0511,0,0,86.73842,32.51852,0.3135,0.3069,2,False,running
b326998ea4,formation_6_dynamic_popup,87,17.4,1784479400,completion_astar,finish_first,r01,r01,True,lower,member,local,3,3,5.12285,-0.5004,-0.07368,0.30873,0.38005,732,892,34,49,0,0,0000,---,False,0.31157,-0.00435,0.30873,0.38005,5.5884,-0.50322,cached_path_to_final_target,a,"$3,0,0,0,0,0,0,0,0#",15000,18000,Set tank.c app_speed/duty level to the logged pwm before sending the move key/protocol command; e=stop.,5.5321,14.65296,0,0,0,0.10635,0.11631,6.69981,5.33993,0.2113,6.6634,5.3883,5.3399,0.45307,12,0.0511,0,0,87.77413,32.89884,0.3169,0.3069,2,False,running
b326998ea4,formation_6_dynamic_popup,87,17.4,1784479400,completion_astar,finish_first,r02,r02,True,lower,member,local,3,3,5.51802,-0.48618,-0.34077,0.2891,-1.09407,991,530,65,15,0,0,0000,---,False,0.25695,-0.27996,0.2891,-1.09407,5.98398,-0.53013,cached_path_to_final_target,d,"$4,0,0,0,0,0,0,0,0#",20000,11000,Set tank.c app_speed/duty level to the logged pwm before sending the move key/protocol command; e=stop.,5.56,14.76341,0,8,0,0.10622,0.05111,6.66427,5.33993,0.2113,6.6634,5.3883,5.3399,0.45307,12,0.0511,0,0,87.77413,32.89884,0.3169,0.3069,2,False,running
b326998ea4,formation_6_dynamic_popup,87,17.4,1784479400,completion_astar,finish_first,r03,r03,True,upper,member,local,3,3,5.87898,0.63964,0.42204,0.3767,-0.36923,1000,914,-103,25,0,0,0000,---,False,0.3551,0.13529,0.3767,-0.36923,6.33034,0.54363,cached_path_to_final_target,d,"$4,0,0,0,0,0,0,0,0#",20000,18000,Set tank.c app_speed/duty level to the logged pwm before sending the move key/protocol command; e=stop.,5.68135,15.10569,0,8,0,0.12163,0.05111,6.51251,5.33993,0.2113,6.6634,5.3883,5.3399,0.45307,12,0.0511,0,0,87.77413,32.89884,0.3169,0.3069,2,False,running
b326998ea4,formation_6_dynamic_popup,87,17.4,1784479400,completion_astar,finish_first,r04,r04,True,upper,member,local,3,3,5.39512,0.91449,0.09623,0.30534,-0.5623,922,685,-62,59,0,0,0000,---,False,0.31159,0.00245,0.30534,-0.5623,5.86299,0.91278,cached_path_to_final_target,d,"$4,0,0,0,0,0,0,0,0#",18000,14000,Set tank.c app_speed/duty level to the logged pwm before sending the move key/protocol command; e=stop.,5.36231,14.35706,0,0,0,0.58704,0.06884,6.81159,5.33993,0.2113,6.6634,5.3883,5.3399,0.45307,12,0.0511,0,0,87.77413,32.89884,0.3169,0.3069,2,False,running
b326998ea4,formation_6_dynamic_popup,87,17.4,1784479400,completion_astar,finish_first,r05,r05,True,upper,member,local,3,3,5.20746,0.52585,5e-05,0.3116,0.00036,820,820,-34,42,0,0,0000,---,False,0.3116,3e-05,0.3116,0.00036,5.66943,0.5259,cached_path_to_final_target,w,"$1,0,0,0,0,0,0,0,0#",16000,16000,Set tank.c app_speed/duty level to the logged pwm before sending the move key/protocol command; e=stop.,5.43984,14.55925,0,0,0,0.41957,0.10831,6.61601,5.33993,0.2113,6.6634,5.3883,5.3399,0.45307,12,0.0511,0,0,87.77413,32.89884,0.3169,0.3069,2,False,running
b326998ea4,formation_6_dynamic_popup,87,17.4,1784479400,completion_astar,finish_first,r06,r06,True,upper,member,local,3,3,4.91717,0.17438,0.38328,0.31012,0.27328,759,874,-31,65,0,0,0000,---,False,0.28372,0.12883,0.31012,0.27328,5.33509,0.36706,cached_path_to_final_target,a,"$3,0,0,0,0,0,0,0,0#",15000,17000,Set tank.c app_speed/duty level to the logged pwm before sending the move key/protocol command; e=stop.,5.32324,14.33575,0,0,0,0.21954,0.11631,6.72509,5.33993,0.2113,6.6634,5.3883,5.3399,0.45307,12,0.0511,0,0,87.77413,32.89884,0.3169,0.3069,2,False,running
b326998ea4,formation_6_dynamic_popup,88,17.6,1784479600,completion_astar,finish_first,r01,r01,True,lower,member,local,3,3,5.18501,-0.50293,-0.04072,0.31106,0.16482,784,853,34,43,0,0,0000,---,False,0.31157,-0.00462,0.31106,0.16482,5.64815,-0.50819,cached_path_to_final_target,w,"$1,0,0,0,0,0,0,0,0#",16000,17000,Set tank.c app_speed/duty level to the logged pwm before sending the move key/protocol command; e=stop.,5.59431,14.82025,0,0,0,0.10635,0.11631,6.63774,5.402,0.21328,6.6014,5.4504,5.402,0.47443,12,0.0511,0,0,88.80632,33.29196,0.3276,0.3069,2,False,running
b326998ea4,formation_6_dynamic_popup,88,17.6,1784479600,completion_astar,finish_first,r02,r02,True,lower,member,local,3,3,5.57582,-0.5241,-0.58067,0.34566,-1.19946,1000,657,84,16,0,0,0000,---,False,0.27303,-0.2643,0.34566,-1.19946,6.0415,-0.53866,cached_path_to_final_target,d,"$4,0,0,0,0,0,0,0,0#",20000,13000,Set tank.c app_speed/duty level to the logged pwm before sending the move key/protocol command; e=stop.,5.62913,14.93608,0,8,0,0.10622,0.05111,6.60759,5.402,0.21328,6.6014,5.4504,5.402,0.47443,12,0.0511,0,0,88.80632,33.29196,0.3276,0.3069,2,False,running
b326998ea4,formation_6_dynamic_popup,88,17.6,1784479600,completion_astar,finish_first,r03,r03,True,upper,member,local,3,3,5.94989,0.66433,0.33504,0.37542,-0.435,1000,896,-105,28,0,0,0000,---,False,0.36657,0.10014,0.37542,-0.435,6.39451,0.5455,cached_path_to_final_target,d,"$4,0,0,0,0,0,0,0,0#",20000,18000,Set tank.c app_speed/duty level to the logged pwm before sending the move key/protocol command; e=stop.,5.75644,15.29756,0,8,0,0.12163,0.05111,6.44445,5.402,0.21328,6.6014,5.4504,5.402,0.47443,12,0.0511,0,0,88.80632,33.29196,0.3276,0.3069,2,False,running
b326998ea4,formation_6_dynamic_popup,88,17.6,1784479600,completion_astar,finish_first,r04,r04,True,upper,member,local,3,3,5.45715,0.91753,0.04899,0.31049,-0.23621,867,767,-62,57,0,0,0000,---,False,0.31158,0.0037,0.31049,-0.23621,5.92112,0.92073,cached_path_to_final_target,d,"$4,0,0,0,0,0,0,0,0#",17000,15000,Set tank.c app_speed/duty level to the logged pwm before sending the move key/protocol command; e=stop.,5.42441,14.52538,0,0,0,0.56744,0.06884,6.75009,5.402,0.21328,6.6014,5.4504,5.402,0.47443,12,0.0511,0,0,88.80632,33.29196,0.3276,0.3069,2,False,running
b326998ea4,formation_6_dynamic_popup,88,17.6,1784479600,completion_astar,finish_first,r05,r05,True,upper,member,local,3,3,5.26978,0.52586,8e-05,0.3116,0.00014,820,820,-36,37,0,0,0000,---,False,0.3116,3e-05,0.3116,0.00014,5.73175,0.5259,cached_path_to_final_target,w,"$1,0,0,0,0,0,0,0,0#",16000,16000,Set tank.c app_speed/duty level to the logged pwm before sending the move key/protocol command; e=stop.,5.50216,14.7245,0,0,0,0.36557,0.10831,6.55372,5.402,0.21328,6.6014,5.4504,5.402,0.47443,12,0.0511,0,0,88.80632,33.29196,0.3276,0.3069,2,False,running
b326998ea4,formation_6_dynamic_popup,88,17.6,1784479600,completion_astar,finish_first,r06,r06,True,upper,member,local,3,3,4.97436,0.199,0.40651,0.31133,0.11617,795,844,-34,59,0,0,0000,---,False,0.28391,0.12841,0.31133,0.11617,5.39438,0.39023,cached_path_to_final_target,w,"$1,0,0,0,0,0,0,0,0#",16000,17000,Set tank.c app_speed/duty level to the logged pwm before sending the move key/protocol command; e=stop.,5.38551,14.50257,0,0,0,0.21954,0.11631,6.66861,5.402,0.21328,6.6014,5.4504,5.402,0.47443,12,0.0511,0,0,88.80632,33.29196,0.3276,0.3069,2,False,running
b326998ea4,formation_6_dynamic_popup,89,17.8,1784479800,completion_astar,finish_first,r01,r01,True,lower,member,local,3,3,5.24726,-0.50388,-0.01516,0.31128,0.1278,792,846,35,37,0,0,0000,---,False,0.3116,0.00153,0.31128,0.1278,5.70963,-0.50035,path_to_final_target,w,"$1,0,0,0,0,0,0,0,0#",16000,17000,Set tank.c app_speed/duty level to the logged pwm before sending the move key/protocol command; e=stop.,5.65657,14.98568,0,0,0,0.10635,0.11631,6.57555,5.46496,0.21302,6.5385,5.5133,5.465,0.49665,12,0.0511,0,0,89.86748,33.69145,0.3329,0.307,2,False,running
b326998ea4,formation_6_dynamic_popup,89,17.8,1784479800,completion_astar,finish_first,r02,r02,True,lower,member,local,3,3,5.63712,-0.56857,-0.62758,0.37867,-0.23459,1000,947,93,18,0,0,0000,---,False,0.29916,-0.23432,0.37867,-0.23459,6.10102,-0.51608,path_to_final_target,w,"$1,0,0,0,0,0,0,0,0#",20000,19000,Set tank.c app_speed/duty level to the logged pwm before sending the move key/protocol command; e=stop.,5.70487,15.14458,0,8,0,0.10622,0.05111,6.54792,5.46496,0.21302,6.5385,5.5133,5.465,0.49665,12,0.0511,0,0,89.86748,33.69145,0.3329,0.307,2,False,running
b326998ea4,formation_6_dynamic_popup,89,17.8,1784479800,completion_astar,finish_first,r03,r03,True,upper,member,local,3,3,6.02256,0.68111,0.22698,0.37295,-0.54027,1000,868,-105,30,0,0,0000,---,False,0.37617,0.05381,0.37295,-0.54027,6.44405,0.49227,path_to_final_target,d,"$4,0,0,0,0,0,0,0,0#",20000,17000,Set tank.c app_speed/duty level to the logged pwm before sending the move key/protocol command; e=stop.,5.83103,15.4871,0,8,0,0.12163,0.05111,6.37393,5.46496,0.21302,6.5385,5.5133,5.465,0.49665,12,0.0511,0,0,89.86748,33.69145,0.3329,0.307,2,False,running
b326998ea4,formation_6_dynamic_popup,89,17.8,1784479800,completion_astar,finish_first,r04,r04,True,upper,member,local,3,3,5.5194,0.91938,0.02963,0.31141,-0.09678,840,799,-64,55,0,0,0000,---,False,0.31157,0.00449,0.31141,-0.09678,5.98198,0.9251,path_to_final_target,w,"$1,0,0,0,0,0,0,0,0#",17000,16000,Set tank.c app_speed/duty level to the logged pwm before sending the move key/protocol command; e=stop.,5.48669,14.69199,0,0,0,0.55188,0.06884,6.68825,5.46496,0.21302,6.5385,5.5133,5.465,0.49665,12,0.0511,0,0,89.86748,33.69145,0.3329,0.307,2,False,running
b326998ea4,formation_6_dynamic_popup,89,17.8,1784479800,completion_astar,finish_first,r05,r05,True,upper,member,local,3,3,5.3321,0.52586,0.0001,0.3116,0.00013,820,820,-38,31,0,0,0000,---,False,0.3116,4e-05,0.3116,0.00013,5.79407,0.52592,path_to_final_target,w,"$1,0,0,0,0,0,0,0,0#",16000,16000,Set tank.c app_speed/duty level to the logged pwm before sending the move key/protocol command; e=stop.,5.56448,14.88974,0,0,0,0.31385,0.10831,6.49143,5.46496,0.21302,6.5385,5.5133,5.465,0.49665,12,0.0511,0,0,89.86748,33.69145,0.3329,0.307,2,False,running
b326998ea4,formation_6_dynamic_popup,89,17.8,1784479800,completion_astar,finish_first,r06,r06,True,upper,member,local,3,3,5.03134,0.22421,0.41654,0.31155,0.05013,809,830,-37,53,0,0,0000,---,False,0.28396,0.12831,0.31155,0.05013,5.45201,0.41484,path_to_final_target,w,"$1,0,0,0,0,0,0,0,0#",16000,17000,Set tank.c app_speed/duty level to the logged pwm before sending the move key/protocol command; e=stop.,5.44782,14.66839,0,0,0,0.21954,0.11631,6.61246,5.46496,0.21302,6.5385,5.5133,5.465,0.49665,12,0.0511,0,0,89.86748,33.69145,0.3329,0.307,2,False,running
b326998ea4,formation_6_dynamic_popup,90,18.0,1784480000,completion_astar,finish_first,r01,r01,True,lower,member,local,3,3,5.30956,-0.50394,-0.00099,0.3115,0.07082,805,835,36,32,0,0,0000,---,False,0.31158,0.00316,0.3115,0.07082,5.77165,-0.49856,cached_path_to_final_target,w,"$1,0,0,0,0,0,0,0,0#",16000,17000,Set tank.c app_speed/duty level to the logged pwm before sending the move key/protocol command; e=stop.,5.71887,15.15151,0,0,0,0.10635,0.11631,6.51328,5.52843,0.21197,6.475,5.5768,5.5284,0.51744,12,0.0511,0,0,90.92195,34.09139,0.3333,0.3071,3,False,running
b326998ea4,formation_6_dynamic_popup,90,18.0,1784480000,completion_astar,finish_first,r02,r02,True,center,member,local,3,3,5.69991,-0.61118,-0.59614,0.3794,0.15721,965,1000,98,23,0,0,0000,---,False,0.31963,-0.20552,0.3794,0.15721,6.1617,-0.5377,cached_path_to_final_target,w,"$1,0,0,0,0,0,0,0,0#",19000,20000,Set tank.c app_speed/duty level to the logged pwm before sending the move key/protocol command; e=stop.,5.78075,15.34657,0,8,0,0.10622,0.05111,6.487,5.52843,0.21197,6.475,5.5768,5.5284,0.51744,12,0.0511,0,0,90.92195,34.09139,0.3333,0.3071,3,False,running
b326998ea4,formation_6_dynamic_popup,90,18.0,1784480000,completion_astar,finish_first,r03,r03,True,upper,member,local,3,3,6.09676,0.69064,0.12775,0.37405,-0.49617,1000,880,-105,30,0,0,0000,---,False,0.37953,0.01891,0.37405,-0.49617,6.50734,0.48176,cached_path_to_final_target,d,"$4,0,0,0,0,0,0,0,0#",20000,18000,Set tank.c app_speed/duty level to the logged pwm before sending the move key/protocol command; e=stop.,5.90584,15.67712,0,8,0,0.12163,0.05111,6.3012,5.52843,0.21197,6.475,5.5768,5.5284,0.51744,12,0.0511,0,0,90.92195,34.09139,0.3333,0.3071,3,False,running
b326998ea4,formation_6_dynamic_popup,90,18.0,1784480000,completion_astar,finish_first,r04,r04,True,upper,member,local,3,3,5.5817,0.92074,0.02187,0.31157,-0.03882,828,812,-67,54,0,0,0000,---,False,0.31156,0.00491,0.31157,-0.03882,6.04382,0.92765,cached_path_to_final_target,w,"$1,0,0,0,0,0,0,0,0#",17000,16000,Set tank.c app_speed/duty level to the logged pwm before sending the move key/protocol command; e=stop.,5.549,14.85783,0,0,0,0.54143,0.06884,6.62634,5.52843,0.21197,6.475,5.5768,5.5284,0.51744,12,0.0511,0,0,90.92195,34.09139,0.3333,0.3071,3,False,running
b326998ea4,formation_6_dynamic_popup,90,18.0,1784480000,completion_astar,finish_first,r05,r05,True,upper,member,local,3,3,5.39442,0.52587,0.00012,0.3116,8e-05,820,820,-41,27,0,0,0000,---,False,0.3116,4e-05,0.3116,8e-05,5.85639,0.52593,cached_path_to_final_target,w,"$1,0,0,0,0,0,0,0,0#",16000,16000,Set tank.c app_speed/duty level to the logged pwm before sending the move key/protocol command; e=stop.,5.6268,15.05499,0,0,0,0.26536,0.10831,6.42915,5.52843,0.21197,6.475,5.5768,5.5284,0.51744,12,0.0511,0,0,90.92195,34.09139,0.3333,0.3071,3,False,running
b326998ea4,formation_6_dynamic_popup,90,18.0,1784480000,completion_astar,finish_first,r06,r06,True,upper,member,local,3,3,5.08822,0.24968,0.42093,0.31159,0.02196,815,825,-39,48,0,0,0000,---,False,0.28396,0.1283,0.31159,0.02196,5.50909,0.44008,cached_path_to_final_target,w,"$1,0,0,0,0,0,0,0,0#",16000,16000,Set tank.c app_speed/duty level to the logged pwm before sending the move key/protocol command; e=stop.,5.51013,14.83392,0,0,0,0.21954,0.11631,6.55653,5.52843,0.21197,6.475,5.5768,5.5284,0.51744,12,0.0511,0,0,90.92195,34.09139,0.3333,0.3071,3,False,running
b326998ea4,formation_6_dynamic_popup,91,18.2,1784480200,completion_astar,finish_first,r01,r01,True,lower,member,local,2,3,5.37187,-0.50357,0.00588,0.31158,0.03438,813,827,178,119,0,0,0000,---,False,0.31158,0.00352,0.31158,0.03438,5.83386,-0.49802,cached_path_to_final_target,w,"$1,0,0,0,0,0,0,0,0#",16000,17000,Set tank.c app_speed/duty level to the logged pwm before sending the move key/protocol command; e=stop.,5.78118,15.31713,0,0,0,0.10635,0.11631,6.45098,5.59298,0.21297,6.4106,5.6414,5.593,0.53979,13,0.0511,0,0,91.98712,34.49664,0.3377,0.3073,3,False,running
b326998ea4,formation_6_dynamic_popup,91,18.2,1784480200,completion_astar,finish_first,r02,r02,True,center,member,local,2,3,5.7649,-0.6497,-0.53505,0.37774,0.30547,930,1000,-155,158,0,0,0000,---,False,0.33581,-0.17785,0.37774,0.30547,6.22374,-0.57133,cached_path_to_final_target,w,"$1,0,0,0,0,0,0,0,0#",19000,20000,Set tank.c app_speed/duty level to the logged pwm before sending the move key/protocol command; e=stop.,5.85629,15.5427,0,8,0,0.10622,0.05111,6.42399,5.59298,0.21297,6.4106,5.6414,5.593,0.53979,13,0.0511,0,0,91.98712,34.49664,0.3377,0.3073,3,False,running
b326998ea4,formation_6_dynamic_popup,91,18.2,1784480200,completion_astar,finish_first,r03,r03,True,upper,member,local,2,3,6.17175,0.69354,0.03863,0.3752,-0.4456,1000,894,-11,146,0,0,0000,---,False,0.37981,-0.01193,0.3752,-0.4456,6.57597,0.47964,cached_path_to_final_target,d,"$4,0,0,0,0,0,0,0,0#",20000,18000,Set tank.c app_speed/duty level to the logged pwm before sending the move key/protocol command; e=stop.,5.98088,15.86862,0,8,0,0.12163,0.05111,6.227,5.59298,0.21297,6.4106,5.6414,5.593,0.53979,13,0.0511,0,0,91.98712,34.49664,0.3377,0.3073,3,False,running
b326998ea4,formation_6_dynamic_popup,91,18.2,1784480200,completion_astar,finish_first,r04,r04,True,upper,member,local,2,3,5.64756,0.93645,0.2341,0.33855,1.06118,668,1000,-157,183,0,0,0000,---,False,0.33469,0.17995,0.33855,1.06118,6.10598,0.92934,cached_path_to_final_target,a,"$3,0,0,0,0,0,0,0,0#",13000,20000,Set tank.c app_speed/duty level to the logged pwm before sending the move key/protocol command; e=stop.,5.61671,15.03914,0,0,0,0.54143,0.06884,6.56224,5.59298,0.21297,6.4106,5.6414,5.593,0.53979,13,0.0511,0,0,91.98712,34.49664,0.3377,0.3073,3,False,running
b326998ea4,formation_6_dynamic_popup,91,18.2,1784480200,completion_astar,finish_first,r05,r05,True,upper,member,local,2,3,5.45674,0.52588,0.00012,0.3116,4e-05,820,820,-150,145,0,0,0000,---,False,0.3116,4e-05,0.3116,4e-05,5.91871,0.52594,cached_path_to_final_target,w,"$1,0,0,0,0,0,0,0,0#",16000,16000,Set tank.c app_speed/duty level to the logged pwm before sending the move key/protocol command; e=stop.,5.68912,15.22024,0,0,0,0.26536,0.10831,6.36686,5.59298,0.21297,6.4106,5.6414,5.593,0.53979,13,0.0511,0,0,91.98712,34.49664,0.3377,0.3073,3,False,running
b326998ea4,formation_6_dynamic_popup,91,18.2,1784480200,completion_astar,finish_first,r06,r06,True,upper,member,local,2,3,5.14505,0.27525,0.42288,0.3116,0.00978,818,822,-176,106,0,0,0000,---,False,0.28395,0.12831,0.3116,0.00978,5.56599,0.46557,cached_path_to_final_target,w,"$1,0,0,0,0,0,0,0,0#",16000,16000,Set tank.c app_speed/duty level to the logged pwm before sending the move key/protocol command; e=stop.,5.57245,14.99929,0,0,0,0.21954,0.11631,6.50078,5.59298,0.21297,6.4106,5.6414,5.593,0.53979,13,0.0511,0,0,91.98712,34.49664,0.3377,0.3073,3,False,running
b326998ea4,formation_6_dynamic_popup,92,18.4,1784480400,completion_astar,finish_first,r01,r01,True,lower,member,local,2,3,5.43419,-0.50301,0.00898,0.3116,0.01551,817,823,178,125,0,0,0000,---,False,0.31158,0.00356,0.3116,0.01551,5.89615,-0.49759,cached_path_to_final_target,w,"$1,0,0,0,0,0,0,0,0#",16000,16000,Set tank.c app_speed/duty level to the logged pwm before sending the move key/protocol command; e=stop.,5.8435,15.48257,0,0,0,0.10635,0.11631,6.38867,5.65076,0.21531,6.3529,5.6992,5.6508,0.54591,13,0.0511,0,0,92.98281,34.85348,0.2974,0.3071,3,False,running
b326998ea4,formation_6_dynamic_popup,92,18.4,1784480400,completion_astar,finish_first,r02,r02,True,center,member,local,2,3,5.81673,-0.66315,-0.25395,0.26774,1.40547,409,1000,-171,163,0,0,0000,---,False,0.31051,0.02601,0.26774,1.40547,6.28772,-0.6059,cached_path_to_final_target,a,"$3,0,0,0,0,0,0,0,0#",8000,20000,Set tank.c app_speed/duty level to the logged pwm before sending the move key/protocol command; e=stop.,5.90984,15.70447,0,8,0,0.10622,0.05111,6.37296,5.65076,0.21531,6.3529,5.6992,5.6508,0.54591,13,0.0511,0,0,92.98281,34.85348,0.2974,0.3071,3,False,running
b326998ea4,formation_6_dynamic_popup,92,18.4,1784480400,completion_astar,finish_first,r03,r03,True,upper,member,local,2,3,6.22599,0.68122,-0.22341,0.2781,-1.31019,1000,456,4,140,0,0,0000,---,False,0.28332,-0.1297,0.2781,-1.31019,6.64692,0.47602,cached_path_to_final_target,d,"$4,0,0,0,0,0,0,0,0#",20000,9000,Set tank.c app_speed/duty level to the logged pwm before sending the move key/protocol command; e=stop.,6.0365,16.03175,0,8,0,0.12163,0.05111,6.17172,5.65076,0.21531,6.3529,5.6992,5.6508,0.54591,13,0.0511,0,0,92.98281,34.85348,0.2974,0.3071,3,False,running
b326998ea4,formation_6_dynamic_popup,92,18.4,1784480400,completion_astar,finish_first,r04,r04,True,upper,member,local,2,3,5.70673,0.95007,0.22634,0.30355,-0.03882,807,791,-157,189,0,0,0000,---,False,0.31159,0.00194,0.30355,-0.03882,6.17075,0.93971,cached_path_to_final_target,w,"$1,0,0,0,0,0,0,0,0#",16000,16000,Set tank.c app_speed/duty level to the logged pwm before sending the move key/protocol command; e=stop.,5.67742,15.21395,0,0,0,0.54143,0.06884,6.50467,5.65076,0.21531,6.3529,5.6992,5.6508,0.54591,13,0.0511,0,0,92.98281,34.85348,0.2974,0.3071,3,False,running
b326998ea4,formation_6_dynamic_popup,92,18.4,1784480400,completion_astar,finish_first,r05,r05,True,upper,member,local,2,3,5.51906,0.52588,0.00013,0.3116,2e-05,820,820,-150,151,0,0,0000,---,False,0.3116,4e-05,0.3116,2e-05,5.98103,0.52595,cached_path_to_final_target,w,"$1,0,0,0,0,0,0,0,0#",16000,16000,Set tank.c app_speed/duty level to the logged pwm before sending the move key/protocol command; e=stop.,5.75144,15.38548,0,0,0,0.26536,0.10831,6.30458,5.65076,0.21531,6.3529,5.6992,5.6508,0.54591,13,0.0511,0,0,92.98281,34.85348,0.2974,0.3071,3,False,running
b326998ea4,formation_6_dynamic_popup,92,18.4,1784480400,completion_astar,finish_first,r06,r06,True,upper,member,local,2,3,5.20186,0.30088,0.42377,0.3116,0.00443,819,821,-176,112,0,0,0000,---,False,0.28395,0.12833,0.3116,0.00443,5.62281,0.49117,cached_path_to_final_target,w,"$1,0,0,0,0,0,0,0,0#",16000,16000,Set tank.c app_speed/duty level to the logged pwm before sending the move key/protocol command; e=stop.,5.63477,15.16459,0,0,0,0.21954,0.11631,6.44517,5.65076,0.21531,6.3529,5.6992,5.6508,0.54591,13,0.0511,0,0,92.98281,34.85348,0.2974,0.3071,3,False,running
b326998ea4,formation_6_dynamic_popup,93,18.6,1784480600,completion_astar,finish_first,r01,r01,True,lower,member,local,2,3,5.49651,-0.50237,0.01032,0.3116,0.00668,819,821,178,131,0,0,0000,---,False,0.31158,0.00354,0.3116,0.00668,5.95845,-0.49705,path_to_final_target,w,"$1,0,0,0,0,0,0,0,0#",16000,16000,Set tank.c app_speed/duty level to the logged pwm before sending the move key/protocol command; e=stop.,5.90582,15.6479,0,0,0,0.10635,0.11631,6.32637,5.7104,0.21647,6.2933,5.7588,5.7104,0.54608,13,0.0511,0,0,93.97956,35.22082,0.3061,0.307,3,False,running
b326998ea4,formation_6_dynamic_popup,93,18.6,1784480600,completion_astar,finish_first,r02,r02,True,center,member,local,2,3,5.87561,-0.66733,-0.07092,0.2951,0.91518,584,969,178,169,0,0,0000,---,False,0.31077,0.02269,0.2951,0.91518,6.34314,-0.62471,path_to_final_target,a,"$3,0,0,0,0,0,0,0,0#",12000,19000,Set tank.c app_speed/duty level to the logged pwm before sending the move key/protocol command; e=stop.,5.96886,15.86804,0,8,0,0.10622,0.05111,6.31441,5.7104,0.21647,6.2933,5.7588,5.7104,0.54608,13,0.0511,0,0,93.97956,35.22082,0.3061,0.307,3,False,running
b326998ea4,formation_6_dynamic_popup,93,18.6,1784480600,completion_astar,finish_first,r03,r03,True,upper,member,local,2,3,6.28324,0.66061,-0.34547,0.30423,-0.61027,929,672,12,134,0,0,0000,---,False,0.28174,-0.13311,0.30423,-0.61027,6.70173,0.45645,path_to_final_target,d,"$4,0,0,0,0,0,0,0,0#",19000,13000,Set tank.c app_speed/duty level to the logged pwm before sending the move key/protocol command; e=stop.,6.09734,16.20215,0,8,0,0.12163,0.05111,6.11257,5.7104,0.21647,6.2933,5.7588,5.7104,0.54608,13,0.0511,0,0,93.97956,35.22082,0.3061,0.307,3,False,running
b326998ea4,formation_6_dynamic_popup,93,18.6,1784480600,completion_astar,finish_first,r04,r04,True,upper,member,local,2,3,5.76699,0.95559,0.09127,0.30258,-0.67531,938,654,-19,191,0,0,0000,---,False,0.31157,-0.00463,0.30258,-0.67531,6.2316,0.94228,path_to_final_target,d,"$4,0,0,0,0,0,0,0,0#",19000,13000,Set tank.c app_speed/duty level to the logged pwm before sending the move key/protocol command; e=stop.,5.73794,15.38081,0,0,0,0.54143,0.06884,6.44525,5.7104,0.21647,6.2933,5.7588,5.7104,0.54608,13,0.0511,0,0,93.97956,35.22082,0.3061,0.307,3,False,running
b326998ea4,formation_6_dynamic_popup,93,18.6,1784480600,completion_astar,finish_first,r05,r05,True,upper,member,local,2,3,5.58138,0.52589,0.00013,0.3116,1e-05,820,820,-151,156,0,0,0000,---,False,0.3116,4e-05,0.3116,1e-05,6.04335,0.52595,path_to_final_target,w,"$1,0,0,0,0,0,0,0,0#",16000,16000,Set tank.c app_speed/duty level to the logged pwm before sending the move key/protocol command; e=stop.,5.81376,15.55073,0,0,0,0.26536,0.10831,6.2423,5.7104,0.21647,6.2933,5.7588,5.7104,0.54608,13,0.0511,0,0,93.97956,35.22082,0.3061,0.307,3,False,running
b326998ea4,formation_6_dynamic_popup,93,18.6,1784480600,completion_astar,finish_first,r06,r06,True,upper,member,local,2,3,5.25869,0.32645,0.42284,0.3116,-0.00464,821,819,-176,118,0,0,0000,---,False,0.28425,0.12766,0.3116,-0.00464,5.67989,0.51556,path_to_final_target,w,"$1,0,0,0,0,0,0,0,0#",16000,16000,Set tank.c app_speed/duty level to the logged pwm before sending the move key/protocol command; e=stop.,5.69709,15.32993,0,0,0,0.21954,0.11631,6.38965,5.7104,0.21647,6.2933,5.7588,5.7104,0.54608,13,0.0511,0,0,93.97956,35.22082,0.3061,0.307,3,False,running
b326998ea4,formation_6_dynamic_popup,94,18.8,1784480800,completion_astar,finish_first,r01,r01,True,lower,member,local,2,3,5.55882,-0.50169,0.01088,0.3116,0.00278,819,821,178,137,0,0,0000,---,False,0.31158,0.00352,0.3116,0.00278,6.02077,-0.49644,cached_path_to_final_target,w,"$1,0,0,0,0,0,0,0,0#",16000,16000,Set tank.c app_speed/duty level to the logged pwm before sending the move key/protocol command; e=stop.,5.96814,15.81319,0,0,0,0.10635,0.11631,6.26406,5.77085,0.217,6.2329,5.8193,5.7709,0.54335,13,0.0511,0,0,94.98316,35.59346,0.3105,0.307,3,False,running
b326998ea4,formation_6_dynamic_popup,94,18.8,1784480800,completion_astar,finish_first,r02,r02,True,center,member,local,2,3,5.93734,-0.66699,0.00553,0.3087,0.38221,732,893,174,175,0,0,0000,---,False,0.31093,0.02042,0.3087,0.38221,6.40095,-0.63283,cached_path_to_final_target,a,"$3,0,0,0,0,0,0,0,0#",15000,18000,Set tank.c app_speed/duty level to the logged pwm before sending the move key/protocol command; e=stop.,6.0306,16.0382,0,8,0,0.10622,0.05111,6.25275,5.77085,0.217,6.2329,5.8193,5.7709,0.54335,13,0.0511,0,0,94.98316,35.59346,0.3105,0.307,3,False,running
b326998ea4,formation_6_dynamic_popup,94,18.8,1784480800,completion_astar,finish_first,r03,r03,True,upper,member,local,2,3,6.34035,0.63644,-0.40034,0.31011,-0.27438,874,758,16,128,0,0,0000,---,False,0.28146,-0.1337,0.31011,-0.27438,6.7578,0.43519,cached_path_to_final_target,d,"$4,0,0,0,0,0,0,0,0#",17000,15000,Set tank.c app_speed/duty level to the logged pwm before sending the move key/protocol command; e=stop.,6.15936,16.37042,0,8,0,0.12163,0.05111,6.0532,5.77085,0.217,6.2329,5.8193,5.7709,0.54335,13,0.0511,0,0,94.98316,35.59346,0.3105,0.307,3,False,running
b326998ea4,formation_6_dynamic_popup,94,18.8,1784480800,completion_astar,finish_first,r04,r04,True,upper,member,local,2,3,5.82891,0.95747,0.03041,0.30976,-0.3043,879,751,-16,185,0,0,0000,---,False,0.31155,-0.00542,0.30976,-0.3043,6.29204,0.94645,cached_path_to_final_target,d,"$4,0,0,0,0,0,0,0,0#",18000,15000,Set tank.c app_speed/duty level to the logged pwm before sending the move key/protocol command; e=stop.,5.79989,15.54933,0,0,0,0.54143,0.06884,6.38383,5.77085,0.217,6.2329,5.8193,5.7709,0.54335,13,0.0511,0,0,94.98316,35.59346,0.3105,0.307,3,False,running
b326998ea4,formation_6_dynamic_popup,94,18.8,1784480800,completion_astar,finish_first,r05,r05,True,upper,member,local,2,3,5.6437,0.5259,0.00013,0.3116,0.0,820,820,-152,162,0,0,0000,---,False,0.3116,4e-05,0.3116,0.0,6.10567,0.52596,cached_path_to_final_target,w,"$1,0,0,0,0,0,0,0,0#",16000,16000,Set tank.c app_speed/duty level to the logged pwm before sending the move key/protocol command; e=stop.,5.87608,15.71598,0,0,0,0.26536,0.10831,6.18001,5.77085,0.217,6.2329,5.8193,5.7709,0.54335,13,0.0511,0,0,94.98316,35.59346,0.3105,0.307,3,False,running
b326998ea4,formation_6_dynamic_popup,94,18.8,1784480800,completion_astar,finish_first,r06,r06,True,upper,member,local,2,3,5.31599,0.35086,0.40279,0.3114,-0.10029,841,798,-175,125,0,0,0000,---,False,0.28855,0.11761,0.3114,-0.10029,5.74063,0.52288,cached_path_to_final_target,w,"$1,0,0,0,0,0,0,0,0#",17000,16000,Set tank.c app_speed/duty level to the logged pwm before sending the move key/protocol command; e=stop.,5.75937,15.49605,0,0,0,0.21954,0.11631,6.33374,5.77085,0.217,6.2329,5.8193,5.7709,0.54335,13,0.0511,0,0,94.98316,35.59346,0.3105,0.307,3,False,running
b326998ea4,formation_6_dynamic_popup,95,19.0,1784481000,completion_astar,finish_first,r01,r01,True,lower,member,local,2,3,5.62114,-0.501,0.0111,0.3116,0.00113,820,820,178,144,0,0,0000,---,False,0.31158,0.00351,0.3116,0.00113,6.08308,-0.49578,cached_path_to_final_target,w,"$1,0,0,0,0,0,0,0,0#",16000,16000,Set tank.c app_speed/duty level to the logged pwm before sending the move key/protocol command; e=stop.,6.03046,15.97845,0,0,0,0.10635,0.11631,6.20175,5.83149,0.21701,6.1723,5.8799,5.8315,0.53938,12,0.0511,0,0,95.98036,35.96704,0.3113,0.3069,3,False,running
b326998ea4,formation_6_dynamic_popup,95,19.0,1784481000,completion_astar,finish_first,r02,r02,True,center,member,local,2,3,5.99953,-0.6647,0.03675,0.31112,0.15611,786,852,172,181,0,0,0000,---,False,0.31102,0.01908,0.31112,0.15611,6.4615,-0.63483,cached_path_to_final_target,w,"$1,0,0,0,0,0,0,0,0#",16000,17000,Set tank.c app_speed/duty level to the logged pwm before sending the move key/protocol command; e=stop.,6.09283,16.20569,0,8,0,0.10622,0.05111,6.19054,5.83149,0.21701,6.1723,5.8799,5.8315,0.53938,12,0.0511,0,0,95.98036,35.96704,0.3113,0.3069,3,False,running
b326998ea4,formation_6_dynamic_popup,95,19.0,1784481000,completion_astar,finish_first,r03,r03,True,upper,member,local,2,3,6.3971,0.61081,-0.42431,0.31131,-0.11982,844,794,18,122,0,0,0000,---,False,0.2815,-0.13361,0.31131,-0.11982,6.8144,0.41145,cached_path_to_final_target,w,"$1,0,0,0,0,0,0,0,0#",17000,16000,Set tank.c app_speed/duty level to the logged pwm before sending the move key/protocol command; e=stop.,6.22163,16.53711,0,8,0,0.12163,0.05111,5.99411,5.83149,0.21701,6.1723,5.8799,5.8315,0.53938,12,0.0511,0,0,95.98036,35.96704,0.3113,0.3069,3,False,running
b326998ea4,formation_6_dynamic_popup,95,19.0,1784481000,completion_astar,finish_first,r04,r04,True,upper,member,local,2,3,5.89116,0.95773,0.00414,0.31126,-0.13136,847,791,-15,179,0,0,0000,---,False,0.31156,-0.00514,0.31126,-0.13136,6.35351,0.94881,cached_path_to_final_target,w,"$1,0,0,0,0,0,0,0,0#",17000,16000,Set tank.c app_speed/duty level to the logged pwm before sending the move key/protocol command; e=stop.,5.86214,15.71622,0,0,0,0.54143,0.06884,6.32192,5.83149,0.21701,6.1723,5.8799,5.8315,0.53938,12,0.0511,0,0,95.98036,35.96704,0.3113,0.3069,3,False,running
b326998ea4,formation_6_dynamic_popup,95,19.0,1784481000,completion_astar,finish_first,r05,r05,True,upper,member,local,2,3,5.70602,0.52591,0.00013,0.3116,0.0,820,820,-153,167,0,0,0000,---,False,0.3116,4e-05,0.3116,0.0,6.16799,0.52597,cached_path_to_final_target,w,"$1,0,0,0,0,0,0,0,0#",16000,16000,Set tank.c app_speed/duty level to the logged pwm before sending the move key/protocol command; e=stop.,5.9384,15.88122,0,0,0,0.26536,0.10831,6.11773,5.83149,0.21701,6.1723,5.8799,5.8315,0.53938,12,0.0511,0,0,95.98036,35.96704,0.3113,0.3069,3,False,running
b326998ea4,formation_6_dynamic_popup,95,19.0,1784481000,completion_astar,finish_first,r06,r06,True,upper,member,local,2,3,5.37399,0.37335,0.36981,0.31106,-0.16488,853,784,-174,131,0,0,0000,---,False,0.29335,0.10506,0.31106,-0.16488,5.80244,0.52508,cached_path_to_final_target,w,"$1,0,0,0,0,0,0,0,0#",17000,16000,Set tank.c app_speed/duty level to the logged pwm before sending the move key/protocol command; e=stop.,5.82159,15.66166,0,0,0,0.21954,0.11631,6.27712,5.83149,0.21701,6.1723,5.8799,5.8315,0.53938,12,0.0511,0,0,95.98036,35.96704,0.3113,0.3069,3,False,running
b326998ea4,formation_6_dynamic_popup,96,19.2,1784481200,completion_astar,finish_first,r01,r01,True,lower,member,local,2,3,5.68345,-0.5003,0.01119,0.3116,0.00045,820,820,178,150,0,0,0000,---,False,0.31158,0.00351,0.3116,0.00045,6.1454,-0.4951,cached_path_to_final_target,w,"$1,0,0,0,0,0,0,0,0#",16000,16000,Set tank.c app_speed/duty level to the logged pwm before sending the move key/protocol command; e=stop.,6.09278,16.1437,0,0,0,0.10635,0.11631,6.13944,5.89224,0.21657,6.1116,5.9407,5.8922,0.53494,12,0.0511,0,0,96.97409,36.34078,0.3114,0.3069,3,False,running
b326998ea4,formation_6_dynamic_popup,96,19.2,1784481200,completion_astar,finish_first,r02,r02,True,center,member,local,2,3,6.06176,-0.66164,0.04923,0.31152,0.06241,807,833,26,183,0,0,0000,---,False,0.31106,0.01839,0.31152,0.06241,6.52319,-0.63375,cached_path_to_final_target,w,"$1,0,0,0,0,0,0,0,0#",16000,17000,Set tank.c app_speed/duty level to the logged pwm before sending the move key/protocol command; e=stop.,6.15513,16.37191,0,8,0,0.10622,0.05111,6.12824,5.89224,0.21657,6.1116,5.9407,5.8922,0.53494,12,0.0511,0,0,96.97409,36.34078,0.3114,0.3069,3,False,running
b326998ea4,formation_6_dynamic_popup,96,19.2,1784481200,completion_astar,finish_first,r03,r03,True,upper,member,local,2,3,6.45361,0.58458,-0.43455,0.31155,-0.05121,831,809,19,116,0,0,0000,---,False,0.28158,-0.13345,0.31155,-0.05121,6.871,0.3862,cached_path_to_final_target,w,"$1,0,0,0,0,0,0,0,0#",17000,16000,Set tank.c app_speed/duty level to the logged pwm before sending the move key/protocol command; e=stop.,6.28394,16.70306,0,8,0,0.12163,0.05111,5.93524,5.89224,0.21657,6.1116,5.9407,5.8922,0.53494,12,0.0511,0,0,96.97409,36.34078,0.3114,0.3069,3,False,running
b326998ea4,formation_6_dynamic_popup,96,19.2,1784481200,completion_astar,finish_first,r04,r04,True,upper,member,local,2,3,5.95347,0.9573,-0.00684,0.31154,-0.05489,831,808,-14,172,0,0,0000,---,False,0.31156,-0.00482,0.31154,-0.05489,6.41553,0.94962,cached_path_to_final_target,w,"$1,0,0,0,0,0,0,0,0#",17000,16000,Set tank.c app_speed/duty level to the logged pwm before sending the move key/protocol command; e=stop.,5.92445,15.88216,0,0,0,0.54143,0.06884,6.2599,5.89224,0.21657,6.1116,5.9407,5.8922,0.53494,12,0.0511,0,0,96.97409,36.34078,0.3114,0.3069,3,False,running
b326998ea4,formation_6_dynamic_popup,96,19.2,1784481200,completion_astar,finish_first,r05,r05,True,upper,member,local,2,3,5.76834,0.52592,0.00013,0.3116,0.0,820,820,-154,173,0,0,0000,---,False,0.3116,4e-05,0.3116,0.0,6.23031,0.52598,cached_path_to_final_target,w,"$1,0,0,0,0,0,0,0,0#",16000,16000,Set tank.c app_speed/duty level to the logged pwm before sending the move key/protocol command; e=stop.,6.00072,16.04647,0,0,0,0.26536,0.10831,6.05545,5.89224,0.21657,6.1116,5.9407,5.8922,0.53494,12,0.0511,0,0,96.97409,36.34078,0.3114,0.3069,3,False,running
b326998ea4,formation_6_dynamic_popup,96,19.2,1784481200,completion_astar,finish_first,r06,r06,True,upper,member,local,2,3,5.43278,0.39358,0.33142,0.31087,-0.19197,858,778,-172,137,0,0,0000,---,False,0.29757,0.09246,0.31087,-0.19197,5.86444,0.52574,cached_path_to_final_target,w,"$1,0,0,0,0,0,0,0,0#",17000,16000,Set tank.c app_speed/duty level to the logged pwm before sending the move key/protocol command; e=stop.,5.88376,15.82679,0,0,0,0.21954,0.11631,6.21968,5.89224,0.21657,6.1116,5.9407,5.8922,0.53494,12,0.0511,0,0,96.97409,36.34078,0.3114,0.3069,3,False,running
b326998ea4,formation_6_dynamic_popup,97,19.4,1784481400,completion_astar,finish_first,r01,r01,True,lower,member,local,2,3,5.74577,-0.4996,0.01123,0.3116,0.00018,820,820,178,156,0,0,0000,---,False,0.31158,0.00351,0.3116,0.00018,6.20771,-0.4944,path_to_final_target,w,"$1,0,0,0,0,0,0,0,0#",16000,16000,Set tank.c app_speed/duty level to the logged pwm before sending the move key/protocol command; e=stop.,6.1551,16.30895,0,0,0,0.10635,0.11631,6.07713,5.95309,0.21571,6.0508,6.0015,5.9531,0.53033,12,0.0511,0,0,97.96621,36.71454,0.3115,0.3069,3,False,running
b326998ea4,formation_6_dynamic_popup,97,19.4,1784481400,completion_astar,finish_first,r02,r02,True,center,member,local,2,3,6.12398,-0.65827,0.05413,0.31159,0.02449,815,825,27,177,0,0,0000,---,False,0.31108,0.01806,0.31159,0.02449,6.58526,-0.63125,path_to_final_target,w,"$1,0,0,0,0,0,0,0,0#",16000,16000,Set tank.c app_speed/duty level to the logged pwm before sending the move key/protocol command; e=stop.,6.21745,16.53754,0,8,0,0.10622,0.05111,6.06592,5.95309,0.21571,6.0508,6.0015,5.9531,0.53033,12,0.0511,0,0,97.96621,36.71454,0.3115,0.3069,3,False,running
b326998ea4,formation_6_dynamic_popup,97,19.4,1784481400,completion_astar,finish_first,r03,r03,True,upper,member,local,2,3,6.51003,0.5581,-0.43886,0.31159,-0.02155,825,815,20,111,0,0,0000,---,False,0.28162,-0.13335,0.31159,-0.02155,6.92751,0.36018,path_to_final_target,w,"$1,0,0,0,0,0,0,0,0#",16000,16000,Set tank.c app_speed/duty level to the logged pwm before sending the move key/protocol command; e=stop.,6.34625,16.86861,0,8,0,0.12163,0.05111,5.87653,5.95309,0.21571,6.0508,6.0015,5.9531,0.53033,12,0.0511,0,0,97.96621,36.71454,0.3115,0.3069,3,False,running
b326998ea4,formation_6_dynamic_popup,97,19.4,1784481400,completion_astar,finish_first,r04,r04,True,upper,member,local,2,3,6.01578,0.9566,-0.01131,0.31159,-0.02237,825,815,-14,166,0,0,0000,---,False,0.31157,-0.00462,0.31159,-0.02237,6.47775,0.94953,path_to_final_target,w,"$1,0,0,0,0,0,0,0,0#",16000,16000,Set tank.c app_speed/duty level to the logged pwm before sending the move key/protocol command; e=stop.,5.98677,16.04773,0,0,0,0.54143,0.06884,6.19785,5.95309,0.21571,6.0508,6.0015,5.9531,0.53033,12,0.0511,0,0,97.96621,36.71454,0.3115,0.3069,3,False,running
b326998ea4,formation_6_dynamic_popup,97,19.4,1784481400,completion_astar,finish_first,r05,r05,True,upper,member,local,2,3,5.83066,0.52592,0.00012,0.3116,-4e-05,820,820,-3,178,0,0,0000,---,False,0.3116,4e-05,0.3116,-4e-05,6.29263,0.52598,path_to_final_target,w,"$1,0,0,0,0,0,0,0,0#",16000,16000,Set tank.c app_speed/duty level to the logged pwm before sending the move key/protocol command; e=stop.,6.06304,16.21171,0,0,0,0.26536,0.10831,5.99317,5.95309,0.21571,6.0508,6.0015,5.9531,0.53033,12,0.0511,0,0,97.96621,36.71454,0.3115,0.3069,3,False,running
b326998ea4,formation_6_dynamic_popup,97,19.4,1784481400,completion_astar,finish_first,r06,r06,True,upper,member,local,2,3,5.49231,0.41151,0.29256,0.31085,-0.19427,859,777,-170,143,0,0,0000,---,False,0.30096,0.08072,0.31085,-0.19427,5.92627,0.52593,path_to_final_target,w,"$1,0,0,0,0,0,0,0,0#",17000,16000,Set tank.c app_speed/duty level to the logged pwm before sending the move key/protocol command; e=stop.,5.94593,15.99166,0,0,0,0.21954,0.11631,6.16145,5.95309,0.21571,6.0508,6.0015,5.9531,0.53033,12,0.0511,0,0,97.96621,36.71454,0.3115,0.3069,3,False,running
b326998ea4,formation_6_dynamic_popup,98,19.6,1784481600,completion_astar,finish_first,r01,r01,True,lower,member,local,2,3,5.80809,-0.4989,0.01124,0.3116,7e-05,820,820,178,162,0,0,0000,---,False,0.31158,0.00351,0.3116,7e-05,6.27003,-0.49371,cached_path_to_final_target,w,"$1,0,0,0,0,0,0,0,0#",16000,16000,Set tank.c app_speed/duty level to the logged pwm before sending the move key/protocol command; e=stop.,6.21742,16.4742,0,0,0,0.10635,0.11631,6.01482,6.01404,0.21447,5.9898,6.0625,6.014,0.52567,12,0.0511,0,0,98.95792,37.08833,0.3115,0.3068,3,False,running
b326998ea4,formation_6_dynamic_popup,98,19.6,1784481600,completion_astar,finish_first,r02,r02,True,center,member,local,2,3,6.1862,-0.65478,0.05602,0.3116,0.00946,818,822,27,172,0,0,0000,---,False,0.31108,0.01791,0.3116,0.00946,6.64743,-0.62813,cached_path_to_final_target,w,"$1,0,0,0,0,0,0,0,0#",16000,16000,Set tank.c app_speed/duty level to the logged pwm before sending the move key/protocol command; e=stop.,6.27977,16.70294,0,8,0,0.10622,0.05111,6.0036,6.01404,0.21447,5.9898,6.0625,6.014,0.52567,12,0.0511,0,0,98.95792,37.08833,0.3115,0.3068,3,False,running
b326998ea4,formation_6_dynamic_popup,98,19.6,1784481600,completion_astar,finish_first,r03,r03,True,upper,member,local,2,3,6.56639,0.53152,-0.44065,0.3116,-0.00896,822,818,21,105,0,0,0000,---,False,0.28165,-0.1333,0.3116,-0.00896,6.98393,0.3338,cached_path_to_final_target,w,"$1,0,0,0,0,0,0,0,0#",16000,16000,Set tank.c app_speed/duty level to the logged pwm before sending the move key/protocol command; e=stop.,6.40857,17.03398,0,8,0,0.12163,0.05111,5.81794,6.01404,0.21447,5.9898,6.0625,6.014,0.52567,12,0.0511,0,0,98.95792,37.08833,0.3115,0.3068,3,False,running
b326998ea4,formation_6_dynamic_popup,98,19.6,1784481600,completion_astar,finish_first,r04,r04,True,upper,member,local,2,3,6.0781,0.95578,-0.0131,0.3116,-0.00894,822,818,-15,160,0,0,0000,---,False,0.31157,-0.00452,0.3116,-0.00894,6.54004,0.94899,cached_path_to_final_target,w,"$1,0,0,0,0,0,0,0,0#",16000,16000,Set tank.c app_speed/duty level to the logged pwm before sending the move key/protocol command; e=stop.,6.04909,16.21311,0,0,0,0.54143,0.06884,6.13579,6.01404,0.21447,5.9898,6.0625,6.014,0.52567,12,0.0511,0,0,98.95792,37.08833,0.3115,0.3068,3,False,running
b326998ea4,formation_6_dynamic_popup,98,19.6,1784481600,completion_astar,finish_first,r05,r05,True,upper,member,local,2,3,5.89298,0.52593,0.00012,0.3116,-3e-05,820,820,-3,172,0,0,0000,---,False,0.3116,4e-05,0.3116,-3e-05,6.35495,0.52598,cached_path_to_final_target,w,"$1,0,0,0,0,0,0,0,0#",16000,16000,Set tank.c app_speed/duty level to the logged pwm before sending the move key/protocol command; e=stop.,6.12536,16.37696,0,0,0,0.26536,0.10831,5.93089,6.01404,0.21447,5.9898,6.0625,6.014,0.52567,12,0.0511,0,0,98.95792,37.08833,0.3115,0.3068,3,False,running
b326998ea4,formation_6_dynamic_popup,98,19.6,1784481600,completion_astar,finish_first,r06,r06,True,upper,member,local,2,3,5.55247,0.42725,0.25594,0.31093,-0.1831,857,780,-168,149,0,0,0000,---,False,0.30359,0.07018,0.31093,-0.1831,5.98757,0.52599,cached_path_to_final_target,w,"$1,0,0,0,0,0,0,0,0#",17000,16000,Set tank.c app_speed/duty level to the logged pwm before sending the move key/protocol command; e=stop.,6.00812,16.15672,0,0,0,0.21954,0.11631,6.1025,6.01404,0.21447,5.9898,6.0625,6.014,0.52567,12,0.0511,0,0,98.95792,37.08833,0.3115,0.3068,3,False,running
b326998ea4,formation_6_dynamic_popup,99,19.8,1784481800,completion_astar,finish_first,r01,r01,True,lower,member,local,2,3,5.8704,-0.4982,0.01124,0.3116,3e-05,820,820,178,168,0,0,0000,---,False,0.31158,0.0035,0.3116,3e-05,6.33235,-0.49301,cached_path_to_final_target,w,"$1,0,0,0,0,0,0,0,0#",16000,16000,Set tank.c app_speed/duty level to the logged pwm before sending the move key/protocol command; e=stop.,6.27974,16.63945,0,0,0,0.10635,0.11631,5.95252,6.07507,0.21288,5.9288,6.1235,6.0751,0.52104,12,0.0511,0,0,99.94945,37.46214,0.3115,0.3068,3,False,running
b326998ea4,formation_6_dynamic_popup,99,19.8,1784481800,completion_astar,finish_first,r02,r02,True,center,member,local,2,3,6.24842,-0.65124,0.05674,0.3116,0.0036,819,821,28,166,0,0,0000,---,False,0.31109,0.01785,0.3116,0.0036,6.70964,-0.62475,cached_path_to_final_target,w,"$1,0,0,0,0,0,0,0,0#",16000,16000,Set tank.c app_speed/duty level to the logged pwm before sending the move key/protocol command; e=stop.,6.34209,16.86824,0,8,0,0.10622,0.05111,5.94128,6.07507,0.21288,5.9288,6.1235,6.0751,0.52104,12,0.0511,0,0,99.94945,37.46214,0.3115,0.3068,3,False,running
b326998ea4,formation_6_dynamic_popup,99,19.8,1784481800,completion_astar,finish_first,r03,r03,True,upper,member,local,2,3,6.62274,0.50489,-0.44139,0.3116,-0.0037,821,819,22,99,0,0,0000,---,False,0.28166,-0.13328,0.3116,-0.0037,7.04031,0.30726,cached_path_to_final_target,w,"$1,0,0,0,0,0,0,0,0#",16000,16000,Set tank.c app_speed/duty level to the logged pwm before sending the move key/protocol command; e=stop.,6.47089,17.19928,0,8,0,0.12163,0.05111,5.75943,6.07507,0.21288,5.9288,6.1235,6.0751,0.52104,12,0.0511,0,0,99.94945,37.46214,0.3115,0.3068,3,False,running
b326998ea4,formation_6_dynamic_popup,99,19.8,1784481800,completion_astar,finish_first,r04,r04,True,upper,member,local,2,3,6.14041,0.95492,-0.0138,0.3116,-0.00351,821,819,-15,154,0,0,0000,---,False,0.31157,-0.00447,0.3116,-0.00351,6.60234,0.94826,cached_path_to_final_target,w,"$1,0,0,0,0,0,0,0,0#",16000,16000,Set tank.c app_speed/duty level to the logged pwm before sending the move key/protocol command; e=stop.,6.11141,16.37842,0,0,0,0.54143,0.06884,6.07373,6.07507,0.21288,5.9288,6.1235,6.0751,0.52104,12,0.0511,0,0,99.94945,37.46214,0.3115,0.3068,3,False,running
b326998ea4,formation_6_dynamic_popup,99,19.8,1784481800,completion_astar,finish_first,r05,r05,True,upper,member,local,2,3,5.9553,0.52594,0.00011,0.3116,-2e-05,820,820,-3,166,0,0,0000,---,False,0.3116,4e-05,0.3116,-2e-05,6.41727,0.52599,cached_path_to_final_target,w,"$1,0,0,0,0,0,0,0,0#",16000,16000,Set tank.c app_speed/duty level to the logged pwm before sending the move key/protocol command; e=stop.,6.18768,16.54221,0,0,0,0.26536,0.10831,5.86861,6.07507,0.21288,5.9288,6.1235,6.0751,0.52104,12,0.0511,0,0,99.94945,37.46214,0.3115,0.3068,3,False,running
b326998ea4,formation_6_dynamic_popup,99,19.8,1784481800,completion_astar,finish_first,r06,r06,True,upper,member,local,2,3,5.61315,0.441,0.22284,0.31106,-0.16549,853,784,-167,156,0,0,0000,---,False,0.30558,0.06094,0.31106,-0.16549,6.04769,0.52601,cached_path_to_final_target,w,"$1,0,0,0,0,0,0,0,0#",17000,16000,Set tank.c app_speed/duty level to the logged pwm before sending the move key/protocol command; e=stop.,6.07033,16.32185,0,0,0,0.21954,0.11631,6.04297,6.07507,0.21288,5.9288,6.1235,6.0751,0.52104,12,0.0511,0,0,99.94945,37.46214,0.3115,0.3068,3,False,running
b326998ea4,formation_6_dynamic_popup,100,20.0,1784482000,completion_astar,finish_first,r01,r01,True,lower,member,local,2,3,5.93272,-0.4975,0.01125,0.3116,1e-05,820,820,178,175,0,0,0000,---,False,0.31158,0.0035,0.3116,1e-05,6.39466,-0.49231,cached_path_to_final_target,w,"$1,0,0,0,0,0,0,0,0#",16000,16000,Set tank.c app_speed/duty level to the logged pwm before sending the move key/protocol command; e=stop.,6.34206,16.80469,0,0,0,0.10635,0.11631,5.89021,6.13618,0.21072,5.8676,6.1847,6.1362,0.5162,12,0.0511,0,0,100.94142,37.83575,0.3113,0.3068,3,False,running
b326998ea4,formation_6_dynamic_popup,100,20.0,1784482000,completion_astar,finish_first,r02,r02,True,center,member,local,2,3,6.31064,-0.64769,0.05701,0.3116,0.00135,820,820,29,161,0,0,0000,---,False,0.31109,0.01782,0.3116,0.00135,6.77186,-0.62126,cached_path_to_final_target,w,"$1,0,0,0,0,0,0,0,0#",16000,16000,Set tank.c app_speed/duty level to the logged pwm before sending the move key/protocol command; e=stop.,6.40441,17.03351,0,8,0,0.10622,0.05111,5.87896,6.13618,0.21072,5.8676,6.1847,6.1362,0.5162,12,0.0511,0,0,100.94142,37.83575,0.3113,0.3068,3,False,running
b326998ea4,formation_6_dynamic_popup,100,20.0,1784482000,completion_astar,finish_first,r03,r03,True,upper,member,local,2,3,6.67908,0.47825,-0.44169,0.3116,-0.00152,820,820,23,93,0,0,0000,---,False,0.28166,-0.13327,0.3116,-0.00152,7.09666,0.28066,cached_path_to_final_target,w,"$1,0,0,0,0,0,0,0,0#",16000,16000,Set tank.c app_speed/duty level to the logged pwm before sending the move key/protocol command; e=stop.,6.53321,17.36455,0,8,0,0.12163,0.05111,5.70102,6.13618,0.21072,5.8676,6.1847,6.1362,0.5162,12,0.0511,0,0,100.94142,37.83575,0.3113,0.3068,3,False,running
b326998ea4,formation_6_dynamic_popup,100,20.0,1784482000,completion_astar,finish_first,r04,r04,True,upper,member,local,2,3,6.20273,0.95404,-0.01407,0.3116,-0.00136,820,820,-16,148,0,0,0000,---,False,0.31157,-0.00445,0.3116,-0.00136,6.66465,0.94743,cached_path_to_final_target,w,"$1,0,0,0,0,0,0,0,0#",16000,16000,Set tank.c app_speed/duty level to the logged pwm before sending the move key/protocol command; e=stop.,6.17373,16.54368,0,0,0,0.54143,0.06884,6.01168,6.13618,0.21072,5.8676,6.1847,6.1362,0.5162,12,0.0511,0,0,100.94142,37.83575,0.3113,0.3068,3,False,running
b326998ea4,formation_6_dynamic_popup,100,20.0,1784482000,completion_astar,finish_first,r05,r05,True,upper,member,local,2,3,6.01762,0.52595,0.00011,0.3116,-1e-05,820,820,-3,159,0,0,0000,---,False,0.3116,3e-05,0.3116,-1e-05,6.47959,0.526,cached_path_to_final_target,w,"$1,0,0,0,0,0,0,0,0#",16000,16000,Set tank.c app_speed/duty level to the logged pwm before sending the move key/protocol command; e=stop.,6.25,16.70745,0,0,0,0.26536,0.10831,5.80633,6.13618,0.21072,5.8676,6.1847,6.1362,0.5162,12,0.0511,0,0,100.94142,37.83575,0.3113,0.3068,3,False,running
b326998ea4,formation_6_dynamic_popup,100,20.0,1784482000,completion_astar,finish_first,r06,r06,True,upper,member,local,2,3,5.67429,0.45129,0.16671,0.31004,-0.28067,875,757,-164,162,0,0,0000,---,False,0.30926,0.03811,0.31004,-0.28067,6.12137,0.50363,cached_path_to_final_target,d,"$4,0,0,0,0,0,0,0,0#",18000,15000,Set tank.c app_speed/duty level to the logged pwm before sending the move key/protocol command; e=stop.,6.13234,16.48753,0,0,0,0.21954,0.11631,5.98275,6.13618,0.21072,5.8676,6.1847,6.1362,0.5162,12,0.0511,0,0,100.94142,37.83575,0.3113,0.3068,3,False,running
b326998ea4,formation_6_dynamic_popup,101,20.2,1784482200,completion_astar,finish_first,r01,r01,True,lower,member,local,2,3,5.99504,-0.4968,0.01125,0.3116,0.0,820,820,178,181,0,0,0000,---,False,0.31158,0.0035,0.3116,0.0,6.45698,-0.49161,path_to_final_target,w,"$1,0,0,0,0,0,0,0,0#",16000,16000,Set tank.c app_speed/duty level to the logged pwm before sending the move key/protocol command; e=stop.,6.40438,16.96994,0,0,0,0.10635,0.11631,5.8279,6.19736,0.20838,5.8064,6.2459,6.1974,0.51147,12,0.0511,0,0,101.9348,38.20963,0.3116,0.3068,3,False,running
b326998ea4,formation_6_dynamic_popup,101,20.2,1784482200,completion_astar,finish_first,r02,r02,True,center,member,local,2,3,6.37286,-0.64413,0.05711,0.3116,0.0005,820,820,30,155,0,0,0000,---,False,0.31109,0.01781,0.3116,0.0005,6.83408,-0.61772,path_to_final_target,w,"$1,0,0,0,0,0,0,0,0#",16000,16000,Set tank.c app_speed/duty level to the logged pwm before sending the move key/protocol command; e=stop.,6.46673,17.19877,0,8,0,0.10622,0.05111,5.81664,6.19736,0.20838,5.8064,6.2459,6.1974,0.51147,12,0.0511,0,0,101.9348,38.20963,0.3116,0.3068,3,False,running
b326998ea4,formation_6_dynamic_popup,101,20.2,1784482200,completion_astar,finish_first,r03,r03,True,upper,member,local,2,3,6.73542,0.45161,-0.44182,0.3116,-0.00062,820,820,24,87,0,0,0000,---,False,0.28167,-0.13326,0.3116,-0.00062,7.15301,0.25403,path_to_final_target,w,"$1,0,0,0,0,0,0,0,0#",16000,16000,Set tank.c app_speed/duty level to the logged pwm before sending the move key/protocol command; e=stop.,6.59553,17.5298,0,8,0,0.12163,0.05111,5.64269,6.19736,0.20838,5.8064,6.2459,6.1974,0.51147,12,0.0511,0,0,101.9348,38.20963,0.3116,0.3068,3,False,running
b326998ea4,formation_6_dynamic_popup,101,20.2,1784482200,completion_astar,finish_first,r04,r04,True,upper,member,local,2,3,6.26504,0.95316,-0.01418,0.3116,-0.00052,820,820,-16,142,0,0,0000,---,False,0.31157,-0.00444,0.3116,-0.00052,6.72697,0.94657,path_to_final_target,w,"$1,0,0,0,0,0,0,0,0#",16000,16000,Set tank.c app_speed/duty level to the logged pwm before sending the move key/protocol command; e=stop.,6.23605,16.70894,0,0,0,0.54143,0.06884,5.94963,6.19736,0.20838,5.8064,6.2459,6.1974,0.51147,12,0.0511,0,0,101.9348,38.20963,0.3116,0.3068,3,False,running
b326998ea4,formation_6_dynamic_popup,101,20.2,1784482200,completion_astar,finish_first,r05,r05,True,upper,member,local,2,3,6.07994,0.52595,0.00011,0.3116,-0.0,820,820,-3,153,0,0,0000,---,False,0.3116,3e-05,0.3116,-0.0,6.54191,0.526,path_to_final_target,w,"$1,0,0,0,0,0,0,0,0#",16000,16000,Set tank.c app_speed/duty level to the logged pwm before sending the move key/protocol command; e=stop.,6.31232,16.8727,0,0,0,0.26536,0.10831,5.74406,6.19736,0.20838,5.8064,6.2459,6.1974,0.51147,12,0.0511,0,0,101.9348,38.20963,0.3116,0.3068,3,False,running
b326998ea4,formation_6_dynamic_popup,101,20.2,1784482200,completion_astar,finish_first,r06,r06,True,upper,member,local,2,3,5.7359,0.46048,0.148,0.31143,-0.09356,839,800,-163,168,0,0,0000,---,False,0.30884,0.04141,0.31143,-0.09356,6.18148,0.5193,path_to_final_target,w,"$1,0,0,0,0,0,0,0,0#",17000,16000,Set tank.c app_speed/duty level to the logged pwm before sending the move key/protocol command; e=stop.,6.19462,16.65465,0,0,0,0.21954,0.11631,5.92203,6.19736,0.20838,5.8064,6.2459,6.1974,0.51147,12,0.0511,0,0,101.9348,38.20963,0.3116,0.3068,3,False,running
b326998ea4,formation_6_dynamic_popup,102,20.4,1784482400,completion_astar,finish_first,r01,r01,True,lower,member,local,2,3,6.05735,-0.4961,0.01125,0.3116,0.0,820,820,25,176,0,0,0000,---,False,0.31158,0.0035,0.3116,0.0,6.51929,-0.4909,cached_path_to_final_target,w,"$1,0,0,0,0,0,0,0,0#",16000,16000,Set tank.c app_speed/duty level to the logged pwm before sending the move key/protocol command; e=stop.,6.4667,17.13519,0,0,0,0.10635,0.11631,5.7656,6.25857,0.2059,5.7451,6.3072,6.2586,0.50692,12,0.0511,0,0,102.9266,38.58354,0.3116,0.3068,3,False,running
b326998ea4,formation_6_dynamic_popup,102,20.4,1784482400,completion_astar,finish_first,r02,r02,True,center,member,local,2,3,6.43508,-0.64058,0.05715,0.3116,0.00018,820,820,31,150,0,0,0000,---,False,0.31109,0.01781,0.3116,0.00018,6.89629,-0.61417,cached_path_to_final_target,w,"$1,0,0,0,0,0,0,0,0#",16000,16000,Set tank.c app_speed/duty level to the logged pwm before sending the move key/protocol command; e=stop.,6.52905,17.36402,0,8,0,0.10622,0.05111,5.75432,6.25857,0.2059,5.7451,6.3072,6.2586,0.50692,12,0.0511,0,0,102.9266,38.58354,0.3116,0.3068,3,False,running
b326998ea4,formation_6_dynamic_popup,102,20.4,1784482400,completion_astar,finish_first,r03,r03,True,upper,member,local,2,3,6.79175,0.42496,-0.44187,0.3116,-0.00025,820,820,25,82,0,0,0000,---,False,0.28167,-0.13326,0.3116,-0.00025,7.20934,0.22739,cached_path_to_final_target,w,"$1,0,0,0,0,0,0,0,0#",16000,16000,Set tank.c app_speed/duty level to the logged pwm before sending the move key/protocol command; e=stop.,6.65785,17.69505,0,8,0,0.12163,0.05111,5.58444,6.25857,0.2059,5.7451,6.3072,6.2586,0.50692,12,0.0511,0,0,102.9266,38.58354,0.3116,0.3068,3,False,running
b326998ea4,formation_6_dynamic_popup,102,20.4,1784482400,completion_astar,finish_first,r04,r04,True,upper,member,local,2,3,6.32735,0.95227,-0.01422,0.3116,-0.0002,820,820,-17,136,0,0,0000,---,False,0.31157,-0.00444,0.3116,-0.0002,6.78928,0.94569,cached_path_to_final_target,w,"$1,0,0,0,0,0,0,0,0#",16000,16000,Set tank.c app_speed/duty level to the logged pwm before sending the move key/protocol command; e=stop.,6.29837,16.87419,0,0,0,0.54143,0.06884,5.88759,6.25857,0.2059,5.7451,6.3072,6.2586,0.50692,12,0.0511,0,0,102.9266,38.58354,0.3116,0.3068,3,False,running
b326998ea4,formation_6_dynamic_popup,102,20.4,1784482400,completion_astar,finish_first,r05,r05,True,upper,member,local,2,3,6.14226,0.52596,0.00011,0.3116,-0.0,820,820,-3,147,0,0,0000,---,False,0.3116,3e-05,0.3116,-0.0,6.60423,0.52601,cached_path_to_final_target,w,"$1,0,0,0,0,0,0,0,0#",16000,16000,Set tank.c app_speed/duty level to the logged pwm before sending the move key/protocol command; e=stop.,6.37464,17.03795,0,0,0,0.26536,0.10831,5.68178,6.25857,0.2059,5.7451,6.3072,6.2586,0.50692,12,0.0511,0,0,102.9266,38.58354,0.3116,0.3068,3,False,running
b326998ea4,formation_6_dynamic_popup,102,20.4,1784482400,completion_astar,finish_first,r06,r06,True,upper,member,local,2,3,5.79763,0.46889,0.13539,0.31152,-0.06305,833,807,-163,174,0,0,0000,---,False,0.30915,0.039,0.31152,-0.06305,6.23951,0.524,cached_path_to_final_target,w,"$1,0,0,0,0,0,0,0,0#",17000,16000,Set tank.c app_speed/duty level to the logged pwm before sending the move key/protocol command; e=stop.,6.25692,16.82021,0,0,0,0.21954,0.11631,5.86115,6.25857,0.2059,5.7451,6.3072,6.2586,0.50692,12,0.0511,0,0,102.9266,38.58354,0.3116,0.3068,3,False,running
b326998ea4,formation_6_dynamic_popup,103,20.6,1784482600,completion_astar,finish_first,r01,r01,True,lower,member,local,2,3,6.11967,-0.4954,0.01125,0.3116,0.0,820,820,25,170,0,0,0000,---,False,0.31158,0.0035,0.3116,0.0,6.58161,-0.4902,cached_path_to_final_target,w,"$1,0,0,0,0,0,0,0,0#",16000,16000,Set tank.c app_speed/duty level to the logged pwm before sending the move key/protocol command; e=stop.,6.52902,17.30043,0,0,0,0.10635,0.11631,5.70329,6.3198,0.20304,5.6838,6.3685,6.3198,0.50234,12,0.0511,0,0,103.91914,38.95738,0.3115,0.3068,3,False,running
b326998ea4,formation_6_dynamic_popup,103,20.6,1784482600,completion_astar,finish_first,r02,r02,True,center,member,local,2,3,6.4973,-0.63701,0.05716,0.3116,7e-05,820,820,32,145,0,0,0000,---,False,0.31109,0.01781,0.3116,7e-05,6.95851,-0.61062,cached_path_to_final_target,w,"$1,0,0,0,0,0,0,0,0#",16000,16000,Set tank.c app_speed/duty level to the logged pwm before sending the move key/protocol command; e=stop.,6.59137,17.52926,0,8,0,0.10622,0.05111,5.692,6.3198,0.20304,5.6838,6.3685,6.3198,0.50234,12,0.0511,0,0,103.91914,38.95738,0.3115,0.3068,3,False,running
b326998ea4,formation_6_dynamic_popup,103,20.6,1784482600,completion_astar,finish_first,r03,r03,True,upper,member,local,2,3,6.84808,0.39831,-0.44189,0.3116,-0.0001,820,820,26,76,0,0,0000,---,False,0.28167,-0.13326,0.3116,-0.0001,7.26568,0.20074,cached_path_to_final_target,w,"$1,0,0,0,0,0,0,0,0#",16000,16000,Set tank.c app_speed/duty level to the logged pwm before sending the move key/protocol command; e=stop.,6.72017,17.8603,0,8,0,0.12163,0.05111,5.52629,6.3198,0.20304,5.6838,6.3685,6.3198,0.50234,12,0.0511,0,0,103.91914,38.95738,0.3115,0.3068,3,False,running
b326998ea4,formation_6_dynamic_popup,103,20.6,1784482600,completion_astar,finish_first,r04,r04,True,upper,member,local,2,3,6.38967,0.95139,-0.01423,0.3116,-7e-05,820,820,-17,130,0,0,0000,---,False,0.31157,-0.00444,0.3116,-7e-05,6.85159,0.94481,cached_path_to_final_target,w,"$1,0,0,0,0,0,0,0,0#",16000,16000,Set tank.c app_speed/duty level to the logged pwm before sending the move key/protocol command; e=stop.,6.36069,17.03944,0,0,0,0.54143,0.06884,5.82555,6.3198,0.20304,5.6838,6.3685,6.3198,0.50234,12,0.0511,0,0,103.91914,38.95738,0.3115,0.3068,3,False,running
b326998ea4,formation_6_dynamic_popup,103,20.6,1784482600,completion_astar,finish_first,r05,r05,True,upper,member,local,2,3,6.20456,0.52527,-0.01106,0.31154,-0.05587,832,808,-3,141,0,0,0000,---,False,0.31154,-0.00618,0.31154,-0.05587,6.66409,0.5156,cached_path_to_final_target,w,"$1,0,0,0,0,0,0,0,0#",17000,16000,Set tank.c app_speed/duty level to the logged pwm before sending the move key/protocol command; e=stop.,6.43695,17.20376,0,0,0,0.26536,0.10831,5.6195,6.3198,0.20304,5.6838,6.3685,6.3198,0.50234,12,0.0511,0,0,103.91914,38.95738,0.3115,0.3068,3,False,running
b326998ea4,formation_6_dynamic_popup,103,20.6,1784482600,completion_astar,finish_first,r06,r06,True,upper,member,local,2,3,5.85951,0.47568,0.10939,0.31126,-0.12997,846,792,-8,175,0,0,0000,---,False,0.31037,0.02769,0.31126,-0.12997,6.31476,0.51502,cached_path_to_final_target,w,"$1,0,0,0,0,0,0,0,0#",17000,16000,Set tank.c app_speed/duty level to the logged pwm before sending the move key/protocol command; e=stop.,6.31918,16.98595,0,0,0,0.21954,0.11631,5.80003,6.3198,0.20304,5.6838,6.3685,6.3198,0.50234,12,0.0511,0,0,103.91914,38.95738,0.3115,0.3068,3,False,running
b326998ea4,formation_6_dynamic_popup,104,20.8,1784482800,completion_astar,finish_first,r01,r01,True,lower,member,local,2,3,6.18198,-0.4947,0.01125,0.3116,0.0,820,820,26,164,0,0,0000,---,False,0.31158,0.0035,0.3116,0.0,6.64393,-0.4895,cached_path_to_final_target,w,"$1,0,0,0,0,0,0,0,0#",16000,16000,Set tank.c app_speed/duty level to the logged pwm before sending the move key/protocol command; e=stop.,6.59134,17.46568,0,0,0,0.10635,0.11631,5.64098,6.38103,0.19969,5.6225,6.4298,6.381,0.4977,12,0.0511,0,0,104.91173,39.33118,0.3115,0.3068,3,False,running
b326998ea4,formation_6_dynamic_popup,104,20.8,1784482800,completion_astar,finish_first,r02,r02,True,center,member,local,2,3,6.55951,-0.63345,0.05717,0.3116,2e-05,820,820,33,139,0,0,0000,---,False,0.31109,0.01781,0.3116,2e-05,7.02073,-0.60706,cached_path_to_final_target,w,"$1,0,0,0,0,0,0,0,0#",16000,16000,Set tank.c app_speed/duty level to the logged pwm before sending the move key/protocol command; e=stop.,6.65369,17.69451,0,8,0,0.10622,0.05111,5.62968,6.38103,0.19969,5.6225,6.4298,6.381,0.4977,12,0.0511,0,0,104.91173,39.33118,0.3115,0.3068,3,False,running
b326998ea4,formation_6_dynamic_popup,104,20.8,1784482800,completion_astar,finish_first,r03,r03,True,upper,member,local,2,3,6.90442,0.37165,-0.4419,0.3116,-4e-05,820,820,28,71,0,0,0000,---,False,0.28167,-0.13326,0.3116,-4e-05,7.32201,0.17409,cached_path_to_final_target,w,"$1,0,0,0,0,0,0,0,0#",16000,16000,Set tank.c app_speed/duty level to the logged pwm before sending the move key/protocol command; e=stop.,6.78249,18.02555,0,8,0,0.12163,0.05111,5.46823,6.38103,0.19969,5.6225,6.4298,6.381,0.4977,12,0.0511,0,0,104.91173,39.33118,0.3115,0.3068,3,False,running
b326998ea4,formation_6_dynamic_popup,104,20.8,1784482800,completion_astar,finish_first,r04,r04,True,upper,member,local,2,3,6.45198,0.9505,-0.01424,0.3116,-3e-05,820,820,-18,125,0,0,0000,---,False,0.31157,-0.00444,0.3116,-3e-05,6.91391,0.94392,cached_path_to_final_target,w,"$1,0,0,0,0,0,0,0,0#",16000,16000,Set tank.c app_speed/duty level to the logged pwm before sending the move key/protocol command; e=stop.,6.42301,17.20468,0,0,0,0.54143,0.06884,5.76352,6.38103,0.19969,5.6225,6.4298,6.381,0.4977,12,0.0511,0,0,104.91173,39.33118,0.3115,0.3068,3,False,running
b326998ea4,formation_6_dynamic_popup,104,20.8,1784482800,completion_astar,finish_first,r05,r05,True,upper,member,local,2,3,6.26675,0.52279,-0.03983,0.31119,-0.14386,849,789,-1,135,0,0,0000,---,False,0.31099,-0.01944,0.31119,-0.14386,6.72106,0.49298,cached_path_to_final_target,w,"$1,0,0,0,0,0,0,0,0#",17000,16000,Set tank.c app_speed/duty level to the logged pwm before sending the move key/protocol command; e=stop.,6.49919,17.36971,0,0,0,0.26536,0.10831,5.55726,6.38103,0.19969,5.6225,6.4298,6.381,0.4977,12,0.0511,0,0,104.91173,39.33118,0.3115,0.3068,3,False,running
b326998ea4,formation_6_dynamic_popup,104,20.8,1784482800,completion_astar,finish_first,r06,r06,True,upper,member,local,2,3,5.92154,0.48136,0.0913,0.31144,-0.09049,839,801,-7,169,0,0,0000,---,False,0.31067,0.02399,0.31144,-0.09049,6.38073,0.51594,cached_path_to_final_target,w,"$1,0,0,0,0,0,0,0,0#",17000,16000,Set tank.c app_speed/duty level to the logged pwm before sending the move key/protocol command; e=stop.,6.38146,17.1516,0,0,0,0.21954,0.11631,5.73868,6.38103,0.19969,5.6225,6.4298,6.381,0.4977,12,0.0511,0,0,104.91173,39.33118,0.3115,0.3068,3,False,running
b326998ea4,formation_6_dynamic_popup,105,21.0,1784483000,completion_astar,finish_first,r01,r01,True,lower,member,local,2,3,6.24428,-0.49345,0.01998,0.31156,0.04364,811,829,26,159,0,0,0000,---,False,0.31149,0.00836,0.31156,0.04364,6.70606,-0.48063,path_to_final_target,w,"$1,0,0,0,0,0,0,0,0#",16000,17000,Set tank.c app_speed/duty level to the logged pwm before sending the move key/protocol command; e=stop.,6.65366,17.63136,0,0,0,0.10635,0.11631,5.57868,6.44222,0.19707,5.5613,6.491,6.4422,0.49357,12,0.0511,0,0,105.90808,39.70465,0.3112,0.3068,3,False,running
b326998ea4,formation_6_dynamic_popup,105,21.0,1784483000,completion_astar,finish_first,r02,r02,True,center,member,local,2,3,6.62173,-0.62989,0.05717,0.3116,1e-05,820,820,34,134,0,0,0000,---,False,0.31109,0.01781,0.3116,1e-05,7.08295,-0.6035,path_to_final_target,w,"$1,0,0,0,0,0,0,0,0#",16000,16000,Set tank.c app_speed/duty level to the logged pwm before sending the move key/protocol command; e=stop.,6.71601,17.85976,0,8,0,0.10622,0.05111,5.56736,6.44222,0.19707,5.5613,6.491,6.4422,0.49357,12,0.0511,0,0,105.90808,39.70465,0.3112,0.3068,3,False,running
b326998ea4,formation_6_dynamic_popup,105,21.0,1784483000,completion_astar,finish_first,r03,r03,True,upper,member,local,2,3,6.96075,0.345,-0.4419,0.3116,-2e-05,820,820,29,65,0,0,0000,---,False,0.28167,-0.13326,0.3116,-2e-05,7.37835,0.14744,path_to_final_target,w,"$1,0,0,0,0,0,0,0,0#",16000,16000,Set tank.c app_speed/duty level to the logged pwm before sending the move key/protocol command; e=stop.,6.84481,18.1908,0,8,0,0.12163,0.05111,5.41026,6.44222,0.19707,5.5613,6.491,6.4422,0.49357,12,0.0511,0,0,105.90808,39.70465,0.3112,0.3068,3,False,running
b326998ea4,formation_6_dynamic_popup,105,21.0,1784483000,completion_astar,finish_first,r04,r04,True,upper,member,local,2,3,6.5143,0.94961,-0.01424,0.3116,-1e-05,820,820,-19,119,0,0,0000,---,False,0.31157,-0.00444,0.3116,-1e-05,6.97622,0.94303,path_to_final_target,w,"$1,0,0,0,0,0,0,0,0#",16000,16000,Set tank.c app_speed/duty level to the logged pwm before sending the move key/protocol command; e=stop.,6.48533,17.36993,0,0,0,0.54143,0.06884,5.7015,6.44222,0.19707,5.5613,6.491,6.4422,0.49357,12,0.0511,0,0,105.90808,39.70465,0.3112,0.3068,3,False,running
b326998ea4,formation_6_dynamic_popup,105,21.0,1784483000,completion_astar,finish_first,r05,r05,True,upper,member,local,2,3,6.3286,0.52448,0.02724,0.30937,0.33538,744,885,-5,128,0,0,0000,---,False,0.3106,0.02488,0.30937,0.33538,6.75532,0.56193,path_to_final_target,a,"$3,0,0,0,0,0,0,0,0#",15000,18000,Set tank.c app_speed/duty level to the logged pwm before sending the move key/protocol command; e=stop.,6.56106,17.53879,0,0,0,0.26536,0.10831,5.49552,6.44222,0.19707,5.5613,6.491,6.4422,0.49357,12,0.0511,0,0,105.90808,39.70465,0.3112,0.3068,3,False,running
b326998ea4,formation_6_dynamic_popup,105,21.0,1784483000,completion_astar,finish_first,r06,r06,True,upper,member,local,2,3,5.98363,0.48665,0.08503,0.31158,-0.0313,827,813,-7,163,0,0,0000,---,False,0.3106,0.02494,0.31158,-0.0313,6.44008,0.52299,path_to_final_target,w,"$1,0,0,0,0,0,0,0,0#",17000,16000,Set tank.c app_speed/duty level to the logged pwm before sending the move key/protocol command; e=stop.,6.44378,17.31745,0,0,0,0.21954,0.11631,5.67727,6.44222,0.19707,5.5613,6.491,6.4422,0.49357,12,0.0511,0,0,105.90808,39.70465,0.3112,0.3068,3,False,running
b326998ea4,formation_6_dynamic_popup,106,21.2,1784483200,completion_astar,finish_first,r01,r01,True,center,member,local,2,3,6.30658,-0.49181,0.02632,0.31158,0.03171,813,827,27,153,0,0,0000,---,False,0.31145,0.00975,0.31158,0.03171,6.76831,-0.47705,cached_path_to_final_target,w,"$1,0,0,0,0,0,0,0,0#",16000,17000,Set tank.c app_speed/duty level to the logged pwm before sending the move key/protocol command; e=stop.,6.71597,17.79673,0,0,0,0.10635,0.11631,5.51636,6.50329,0.19534,5.5002,6.5521,6.5033,0.49016,11,0.0511,0,0,106.89882,40.0778,0.311,0.3068,2,False,running
b326998ea4,formation_6_dynamic_popup,106,21.2,1784483200,completion_astar,finish_first,r02,r02,True,center,member,local,2,3,6.68395,-0.62633,0.05717,0.3116,0.0,820,820,35,129,0,0,0000,---,False,0.31109,0.01781,0.3116,0.0,7.14517,-0.59993,cached_path_to_final_target,w,"$1,0,0,0,0,0,0,0,0#",16000,16000,Set tank.c app_speed/duty level to the logged pwm before sending the move key/protocol command; e=stop.,6.77833,18.025,0,8,0,0.10622,0.05111,5.50504,6.50329,0.19534,5.5002,6.5521,6.5033,0.49016,11,0.0511,0,0,106.89882,40.0778,0.311,0.3068,2,False,running
b326998ea4,formation_6_dynamic_popup,106,21.2,1784483200,completion_astar,finish_first,r03,r03,True,upper,member,local,2,3,7.01708,0.31835,-0.4419,0.3116,-1e-05,820,820,31,60,0,0,0000,---,False,0.28167,-0.13326,0.3116,-1e-05,7.43468,0.12078,cached_path_to_final_target,w,"$1,0,0,0,0,0,0,0,0#",16000,16000,Set tank.c app_speed/duty level to the logged pwm before sending the move key/protocol command; e=stop.,6.90713,18.35604,0,8,0,0.12163,0.05111,5.35239,6.50329,0.19534,5.5002,6.5521,6.5033,0.49016,11,0.0511,0,0,106.89882,40.0778,0.311,0.3068,2,False,running
b326998ea4,formation_6_dynamic_popup,106,21.2,1784483200,completion_astar,finish_first,r04,r04,True,upper,member,local,2,3,6.57661,0.94873,-0.01424,0.3116,-0.0,820,820,-20,113,0,0,0000,---,False,0.31157,-0.00444,0.3116,-0.0,7.03853,0.94215,cached_path_to_final_target,w,"$1,0,0,0,0,0,0,0,0#",16000,16000,Set tank.c app_speed/duty level to the logged pwm before sending the move key/protocol command; e=stop.,6.54765,17.53518,0,0,0,0.54143,0.06884,5.63948,6.50329,0.19534,5.5002,6.5521,6.5033,0.49016,11,0.0511,0,0,106.89882,40.0778,0.311,0.3068,2,False,running
b326998ea4,formation_6_dynamic_popup,106,21.2,1784483200,completion_astar,finish_first,r05,r05,True,upper,member,local,2,3,6.38976,0.53151,0.11455,0.30782,0.43651,718,902,-11,122,0,0,0000,---,False,0.30639,0.05675,0.30782,0.43651,6.81204,0.61402,cached_path_to_final_target,a,"$3,0,0,0,0,0,0,0,0#",14000,18000,Set tank.c app_speed/duty level to the logged pwm before sending the move key/protocol command; e=stop.,6.62262,17.70315,0,0,0,0.26536,0.10831,5.43468,6.50329,0.19534,5.5002,6.5521,6.5033,0.49016,11,0.0511,0,0,106.89882,40.0778,0.311,0.3068,2,False,running
b326998ea4,formation_6_dynamic_popup,106,21.2,1784483200,completion_astar,finish_first,r06,r06,True,upper,member,local,2,3,6.04575,0.49158,0.07908,0.31158,-0.02978,826,814,-7,156,0,0,0000,---,False,0.31074,0.02316,0.31158,-0.02978,6.49958,0.52511,cached_path_to_final_target,w,"$1,0,0,0,0,0,0,0,0#",17000,16000,Set tank.c app_speed/duty level to the logged pwm before sending the move key/protocol command; e=stop.,6.5061,17.48271,0,0,0,0.21954,0.11631,5.6158,6.50329,0.19534,5.5002,6.5521,6.5033,0.49016,11,0.0511,0,0,106.89882,40.0778,0.311,0.3068,2,False,running
b326998ea4,formation_6_dynamic_popup,107,21.4,1784483400,completion_astar,finish_first,r01,r01,True,center,member,local,2,3,6.36887,-0.48996,0.02976,0.31159,0.01722,816,824,27,148,0,0,0000,---,False,0.31144,0.01011,0.31159,0.01722,6.83059,-0.4748,cached_path_to_final_target,w,"$1,0,0,0,0,0,0,0,0#",16000,16000,Set tank.c app_speed/duty level to the logged pwm before sending the move key/protocol command; e=stop.,6.77829,17.96212,0,0,0,0.10635,0.11631,5.45404,6.56432,0.19407,5.4391,6.6132,6.5643,0.48724,11,0.0511,0,0,107.89125,40.45121,0.3112,0.3067,2,False,running
b326998ea4,formation_6_dynamic_popup,107,21.4,1784483400,completion_astar,finish_first,r02,r02,True,center,member,local,2,3,6.74617,-0.62277,0.05717,0.3116,0.0,820,820,36,124,0,0,0000,---,False,0.31109,0.01781,0.3116,0.0,7.20739,-0.59637,cached_path_to_final_target,w,"$1,0,0,0,0,0,0,0,0#",16000,16000,Set tank.c app_speed/duty level to the logged pwm before sending the move key/protocol command; e=stop.,6.84065,18.19025,0,8,0,0.10622,0.05111,5.44272,6.56432,0.19407,5.4391,6.6132,6.5643,0.48724,11,0.0511,0,0,107.89125,40.45121,0.3112,0.3067,2,False,running
b326998ea4,formation_6_dynamic_popup,107,21.4,1784483400,completion_astar,finish_first,r03,r03,True,upper,member,local,2,3,7.07342,0.2917,-0.4419,0.3116,-0.0,820,820,33,54,0,0,0000,---,False,0.28167,-0.13326,0.3116,-0.0,7.49101,0.09413,cached_path_to_final_target,w,"$1,0,0,0,0,0,0,0,0#",16000,16000,Set tank.c app_speed/duty level to the logged pwm before sending the move key/protocol command; e=stop.,6.96945,18.52129,0,8,0,0.12163,0.05111,5.29462,6.56432,0.19407,5.4391,6.6132,6.5643,0.48724,11,0.0511,0,0,107.89125,40.45121,0.3112,0.3067,2,False,running
b326998ea4,formation_6_dynamic_popup,107,21.4,1784483400,completion_astar,finish_first,r04,r04,True,upper,member,local,2,3,6.63892,0.94784,-0.01424,0.3116,-0.0,820,820,-20,107,0,0,0000,---,False,0.31157,-0.00444,0.3116,-0.0,7.10085,0.94126,cached_path_to_final_target,w,"$1,0,0,0,0,0,0,0,0#",16000,16000,Set tank.c app_speed/duty level to the logged pwm before sending the move key/protocol command; e=stop.,6.60997,17.70042,0,0,0,0.54143,0.06884,5.57747,6.56432,0.19407,5.4391,6.6132,6.5643,0.48724,11,0.0511,0,0,107.89125,40.45121,0.3112,0.3067,2,False,running
b326998ea4,formation_6_dynamic_popup,107,21.4,1784483400,completion_astar,finish_first,r05,r05,True,upper,member,local,2,3,6.45062,0.54268,0.18143,0.30938,0.33444,744,885,-15,116,0,0,0000,---,False,0.30311,0.07225,0.30938,0.33444,6.88085,0.64857,cached_path_to_final_target,a,"$3,0,0,0,0,0,0,0,0#",15000,18000,Set tank.c app_speed/duty level to the logged pwm before sending the move key/protocol command; e=stop.,6.6845,17.86843,0,0,0,0.26536,0.10831,5.37434,6.56432,0.19407,5.4391,6.6132,6.5643,0.48724,11,0.0511,0,0,107.89125,40.45121,0.3112,0.3067,2,False,running
b326998ea4,formation_6_dynamic_popup,107,21.4,1784483400,completion_astar,finish_first,r06,r06,True,upper,member,local,2,3,6.10792,0.49494,0.05413,0.31129,-0.12474,845,793,-5,150,0,0,0000,---,False,0.31141,0.01076,0.31129,-0.12474,6.56318,0.50945,cached_path_to_final_target,w,"$1,0,0,0,0,0,0,0,0#",17000,16000,Set tank.c app_speed/duty level to the logged pwm before sending the move key/protocol command; e=stop.,6.56836,17.64873,0,0,0,0.21954,0.11631,5.55418,6.56432,0.19407,5.4391,6.6132,6.5643,0.48724,11,0.0511,0,0,107.89125,40.45121,0.3112,0.3067,2,False,running
b326998ea4,formation_6_dynamic_popup,108,21.6,1784483600,completion_astar,finish_first,r01,r01,True,center,member,local,2,3,6.43116,-0.488,0.03142,0.3116,0.00828,818,822,28,142,0,0,0000,---,False,0.31143,0.01019,0.3116,0.00828,6.89288,-0.47281,cached_path_to_final_target,w,"$1,0,0,0,0,0,0,0,0#",16000,16000,Set tank.c app_speed/duty level to the logged pwm before sending the move key/protocol command; e=stop.,6.84061,18.12746,0,0,0,0.10635,0.11631,5.39172,6.62531,0.19283,5.3781,6.6742,6.6253,0.48455,10,0.0511,0,0,108.88425,40.82482,0.3113,0.3067,2,False,running
b326998ea4,formation_6_dynamic_popup,108,21.6,1784483600,completion_astar,finish_first,r02,r02,True,center,member,local,2,3,6.80839,-0.61921,0.05717,0.3116,0.0,820,820,38,119,0,0,0000,---,False,0.31109,0.01781,0.3116,0.0,7.2696,-0.59281,cached_path_to_final_target,w,"$1,0,0,0,0,0,0,0,0#",16000,16000,Set tank.c app_speed/duty level to the logged pwm before sending the move key/protocol command; e=stop.,6.90297,18.3555,0,8,0,0.10622,0.05111,5.3804,6.62531,0.19283,5.3781,6.6742,6.6253,0.48455,10,0.0511,0,0,108.88425,40.82482,0.3113,0.3067,2,False,running
b326998ea4,formation_6_dynamic_popup,108,21.6,1784483600,completion_astar,finish_first,r03,r03,True,upper,member,local,2,3,7.12975,0.26505,-0.4419,0.3116,-0.0,820,820,35,49,0,0,0000,---,False,0.28167,-0.13326,0.3116,-0.0,7.54735,0.06748,cached_path_to_final_target,w,"$1,0,0,0,0,0,0,0,0#",16000,16000,Set tank.c app_speed/duty level to the logged pwm before sending the move key/protocol command; e=stop.,7.03177,18.68653,0,8,0,0.12163,0.05111,5.23696,6.62531,0.19283,5.3781,6.6742,6.6253,0.48455,10,0.0511,0,0,108.88425,40.82482,0.3113,0.3067,2,False,running
b326998ea4,formation_6_dynamic_popup,108,21.6,1784483600,completion_astar,finish_first,r04,r04,True,upper,member,local,2,3,6.70124,0.94695,-0.01424,0.3116,-0.0,820,820,-21,101,0,0,0000,---,False,0.31157,-0.00444,0.3116,-0.0,7.16316,0.94037,cached_path_to_final_target,w,"$1,0,0,0,0,0,0,0,0#",16000,16000,Set tank.c app_speed/duty level to the logged pwm before sending the move key/protocol command; e=stop.,6.67229,17.86567,0,0,0,0.54143,0.06884,5.51546,6.62531,0.19283,5.3781,6.6742,6.6253,0.48455,10,0.0511,0,0,108.88425,40.82482,0.3113,0.3067,2,False,running
b326998ea4,formation_6_dynamic_popup,108,21.6,1784483600,completion_astar,finish_first,r05,r05,True,upper,member,local,2,3,6.51127,0.55631,0.22113,0.31082,0.19849,776,860,-18,110,0,0,0000,---,False,0.30173,0.07779,0.31082,0.19849,6.95281,0.67215,cached_path_to_final_target,w,"$1,0,0,0,0,0,0,0,0#",16000,17000,Set tank.c app_speed/duty level to the logged pwm before sending the move key/protocol command; e=stop.,6.74666,18.03475,0,0,0,0.26536,0.10831,5.31436,6.62531,0.19283,5.3781,6.6742,6.6253,0.48455,10,0.0511,0,0,108.88425,40.82482,0.3113,0.3067,2,False,running
b326998ea4,formation_6_dynamic_popup,108,21.6,1784483600,completion_astar,finish_first,r06,r06,True,upper,member,local,2,3,6.17008,0.49585,0.01461,0.31082,-0.19762,860,776,-3,144,0,0,0000,---,False,0.31156,-0.00513,0.31082,-0.19762,6.62183,0.48649,cached_path_to_final_target,w,"$1,0,0,0,0,0,0,0,0#",17000,16000,Set tank.c app_speed/duty level to the logged pwm before sending the move key/protocol command; e=stop.,6.63052,17.81434,0,0,0,0.21954,0.11631,5.49235,6.62531,0.19283,5.3781,6.6742,6.6253,0.48455,10,0.0511,0,0,108.88425,40.82482,0.3113,0.3067,2,False,running
b326998ea4,formation_6_dynamic_popup,109,21.8,1784483800,completion_astar,finish_first,r01,r01,True,center,member,local,2,3,6.49345,-0.486,0.03216,0.3116,0.00372,819,821,29,137,0,0,0000,---,False,0.31143,0.0102,0.3116,0.00372,6.95517,-0.47084,path_to_final_target,w,"$1,0,0,0,0,0,0,0,0#",16000,16000,Set tank.c app_speed/duty level to the logged pwm before sending the move key/protocol command; e=stop.,6.90293,18.29275,0,0,0,0.10635,0.11631,5.3294,6.68627,0.19132,5.3172,6.7352,6.6863,0.48195,10,0.0511,0,0,109.87654,41.19849,0.3114,0.3067,2,False,running
b326998ea4,formation_6_dynamic_popup,109,21.8,1784483800,completion_astar,finish_first,r02,r02,True,center,member,local,2,3,6.87061,-0.61565,0.05717,0.3116,0.0,820,820,39,114,0,0,0000,---,False,0.31109,0.01781,0.3116,0.0,7.33182,-0.58925,path_to_final_target,w,"$1,0,0,0,0,0,0,0,0#",16000,16000,Set tank.c app_speed/duty level to the logged pwm before sending the move key/protocol command; e=stop.,6.96529,18.52074,0,8,0,0.10622,0.05111,5.31808,6.68627,0.19132,5.3172,6.7352,6.6863,0.48195,10,0.0511,0,0,109.87654,41.19849,0.3114,0.3067,2,False,running
b326998ea4,formation_6_dynamic_popup,109,21.8,1784483800,completion_astar,finish_first,r03,r03,True,upper,member,local,2,3,7.18609,0.2384,-0.4419,0.3116,-0.0,820,820,38,44,0,0,0000,---,False,0.28167,-0.13326,0.3116,-0.0,7.60368,0.04083,path_to_final_target,w,"$1,0,0,0,0,0,0,0,0#",16000,16000,Set tank.c app_speed/duty level to the logged pwm before sending the move key/protocol command; e=stop.,7.09409,18.85178,0,8,0,0.12163,0.05111,5.1794,6.68627,0.19132,5.3172,6.7352,6.6863,0.48195,10,0.0511,0,0,109.87654,41.19849,0.3114,0.3067,2,False,running
b326998ea4,formation_6_dynamic_popup,109,21.8,1784483800,completion_astar,finish_first,r04,r04,True,upper,member,local,2,3,6.76355,0.94606,-0.01424,0.3116,-0.0,820,820,-22,95,0,0,0000,---,False,0.31157,-0.00444,0.3116,-0.0,7.22547,0.93949,path_to_final_target,w,"$1,0,0,0,0,0,0,0,0#",16000,16000,Set tank.c app_speed/duty level to the logged pwm before sending the move key/protocol command; e=stop.,6.73461,18.03091,0,0,0,0.54143,0.06884,5.45346,6.68627,0.19132,5.3172,6.7352,6.6863,0.48195,10,0.0511,0,0,109.87654,41.19849,0.3114,0.3067,2,False,running
b326998ea4,formation_6_dynamic_popup,109,21.8,1784483800,completion_astar,finish_first,r05,r05,True,upper,member,local,2,3,6.57175,0.5712,0.2413,0.3114,0.10083,798,841,-20,105,0,0,0000,---,False,0.30135,0.07925,0.3114,0.10083,7.01673,0.68923,path_to_final_target,w,"$1,0,0,0,0,0,0,0,0#",16000,17000,Set tank.c app_speed/duty level to the logged pwm before sending the move key/protocol command; e=stop.,6.80894,18.20092,0,0,0,0.26536,0.10831,5.25466,6.68627,0.19132,5.3172,6.7352,6.6863,0.48195,10,0.0511,0,0,109.87654,41.19849,0.3114,0.3067,2,False,running
b326998ea4,formation_6_dynamic_popup,109,21.8,1784483800,completion_astar,finish_first,r06,r06,True,upper,member,local,2,3,6.23216,0.4939,-0.03143,0.31055,-0.2302,866,769,-1,138,0,0,0000,---,False,0.31089,-0.02105,0.31055,-0.2302,6.67886,0.4614,path_to_final_target,d,"$4,0,0,0,0,0,0,0,0#",17000,15000,Set tank.c app_speed/duty level to the logged pwm before sending the move key/protocol command; e=stop.,6.69263,17.97943,0,0,0,0.21954,0.11631,5.43035,6.68627,0.19132,5.3172,6.7352,6.6863,0.48195,10,0.0511,0,0,109.87654,41.19849,0.3114,0.3067,2,False,running
b326998ea4,formation_6_dynamic_popup,110,22.0,1784484000,completion_astar,finish_first,r01,r01,True,center,member,local,2,3,6.55573,-0.48397,0.03248,0.3116,0.0016,820,820,30,131,0,0,0000,---,False,0.31143,0.0102,0.3116,0.0016,7.01746,-0.46884,cached_path_to_final_target,w,"$1,0,0,0,0,0,0,0,0#",16000,16000,Set tank.c app_speed/duty level to the logged pwm before sending the move key/protocol command; e=stop.,6.96525,18.45802,0,0,0,0.10635,0.11631,5.26708,6.74717,0.18943,5.2562,6.7961,6.7472,0.47941,11,0.0511,0,0,110.86802,41.57219,0.3114,0.3067,2,False,running
b326998ea4,formation_6_dynamic_popup,110,22.0,1784484000,completion_astar,finish_first,r02,r02,True,center,member,local,2,3,6.93282,-0.61209,0.05717,0.3116,0.0,820,820,41,109,0,0,0000,---,False,0.31109,0.01781,0.3116,0.0,7.39404,-0.58569,cached_path_to_final_target,w,"$1,0,0,0,0,0,0,0,0#",16000,16000,Set tank.c app_speed/duty level to the logged pwm before sending the move key/protocol command; e=stop.,7.02761,18.68599,0,8,0,0.10622,0.05111,5.25576,6.74717,0.18943,5.2562,6.7961,6.7472,0.47941,11,0.0511,0,0,110.86802,41.57219,0.3114,0.3067,2,False,running
b326998ea4,formation_6_dynamic_popup,110,22.0,1784484000,completion_astar,finish_first,r03,r03,True,upper,member,local,2,3,7.24242,0.21174,-0.4419,0.3116,-0.0,820,820,41,39,0,0,0000,---,False,0.28167,-0.13326,0.3116,-0.0,7.66001,0.01418,cached_path_to_final_target,w,"$1,0,0,0,0,0,0,0,0#",16000,16000,Set tank.c app_speed/duty level to the logged pwm before sending the move key/protocol command; e=stop.,7.15641,19.01703,0,8,0,0.12163,0.05111,5.12196,6.74717,0.18943,5.2562,6.7961,6.7472,0.47941,11,0.0511,0,0,110.86802,41.57219,0.3114,0.3067,2,False,running
b326998ea4,formation_6_dynamic_popup,110,22.0,1784484000,completion_astar,finish_first,r04,r04,True,upper,member,local,2,3,6.82586,0.94518,-0.01424,0.3116,-0.0,820,820,-23,90,0,0,0000,---,False,0.31157,-0.00444,0.3116,-0.0,7.28779,0.9386,cached_path_to_final_target,w,"$1,0,0,0,0,0,0,0,0#",16000,16000,Set tank.c app_speed/duty level to the logged pwm before sending the move key/protocol command; e=stop.,6.79693,18.19616,0,0,0,0.54143,0.06884,5.39147,6.74717,0.18943,5.2562,6.7961,6.7472,0.47941,11,0.0511,0,0,110.86802,41.57219,0.3114,0.3067,2,False,running
b326998ea4,formation_6_dynamic_popup,110,22.0,1784484000,completion_astar,finish_first,r05,r05,True,upper,member,local,2,3,6.63211,0.58666,0.25081,0.31156,0.04757,810,830,-21,99,0,0,0000,---,False,0.30126,0.07959,0.31156,0.04757,7.07818,0.70499,cached_path_to_final_target,w,"$1,0,0,0,0,0,0,0,0#",16000,17000,Set tank.c app_speed/duty level to the logged pwm before sending the move key/protocol command; e=stop.,6.87125,18.36671,0,0,0,0.26536,0.10831,5.19517,6.74717,0.18943,5.2562,6.7961,6.7472,0.47941,11,0.0511,0,0,110.86802,41.57219,0.3114,0.3067,2,False,running
b326998ea4,formation_6_dynamic_popup,110,22.0,1784484000,completion_astar,finish_first,r06,r06,True,upper,member,local,2,3,6.29407,0.48905,-0.07824,0.31051,-0.23402,866,768,2,132,0,0,0000,---,False,0.30954,-0.03576,0.31051,-0.23402,6.73514,0.4358,cached_path_to_final_target,d,"$4,0,0,0,0,0,0,0,0#",17000,15000,Set tank.c app_speed/duty level to the logged pwm before sending the move key/protocol command; e=stop.,6.75473,18.14411,0,0,0,0.21954,0.11631,5.36825,6.74717,0.18943,5.2562,6.7961,6.7472,0.47941,11,0.0511,0,0,110.86802,41.57219,0.3114,0.3067,2,False,running
b326998ea4,formation_6_dynamic_popup,111,22.2,1784484200,completion_astar,finish_first,r01,r01,True,center,member,local,2,3,6.61802,-0.48194,0.03261,0.3116,0.00066,820,820,31,126,0,0,0000,---,False,0.31143,0.01019,0.3116,0.00066,7.07974,-0.46682,cached_path_to_final_target,w,"$1,0,0,0,0,0,0,0,0#",16000,16000,Set tank.c app_speed/duty level to the logged pwm before sending the move key/protocol command; e=stop.,7.02757,18.62328,0,0,0,0.10635,0.11631,5.20476,6.80802,0.18713,5.1953,6.857,6.808,0.47695,12,0.0511,0,0,111.85941,41.94591,0.3114,0.3067,3,False,running
b326998ea4,formation_6_dynamic_popup,111,22.2,1784484200,completion_astar,finish_first,r02,r02,True,center,member,local,2,3,6.99504,-0.60853,0.05717,0.3116,0.0,820,820,42,105,0,0,0000,---,False,0.31109,0.01781,0.3116,0.0,7.45626,-0.58213,cached_path_to_final_target,w,"$1,0,0,0,0,0,0,0,0#",16000,16000,Set tank.c app_speed/duty level to the logged pwm before sending the move key/protocol command; e=stop.,7.08993,18.85124,0,8,0,0.10622,0.05111,5.19344,6.80802,0.18713,5.1953,6.857,6.808,0.47695,12,0.0511,0,0,111.85941,41.94591,0.3114,0.3067,3,False,running
b326998ea4,formation_6_dynamic_popup,111,22.2,1784484200,completion_astar,finish_first,r03,r03,True,lower,member,local,2,3,7.29875,0.18509,-0.4419,0.3116,-0.0,820,820,44,35,0,0,0000,---,False,0.28167,-0.13326,0.3116,-0.0,7.71635,-0.01247,cached_path_to_final_target,w,"$1,0,0,0,0,0,0,0,0#",16000,16000,Set tank.c app_speed/duty level to the logged pwm before sending the move key/protocol command; e=stop.,7.21873,19.18227,0,8,0,0.12163,0.05111,5.06463,6.80802,0.18713,5.1953,6.857,6.808,0.47695,12,0.0511,0,0,111.85941,41.94591,0.3114,0.3067,3,False,running
b326998ea4,formation_6_dynamic_popup,111,22.2,1784484200,completion_astar,finish_first,r04,r04,True,upper,member,local,2,3,6.88818,0.94429,-0.01424,0.3116,-0.0,820,820,-24,84,0,0,0000,---,False,0.31157,-0.00444,0.3116,-0.0,7.3501,0.93771,cached_path_to_final_target,w,"$1,0,0,0,0,0,0,0,0#",16000,16000,Set tank.c app_speed/duty level to the logged pwm before sending the move key/protocol command; e=stop.,6.85925,18.36141,0,0,0,0.54143,0.06884,5.32949,6.80802,0.18713,5.1953,6.857,6.808,0.47695,12,0.0511,0,0,111.85941,41.94591,0.3114,0.3067,3,False,running
b326998ea4,formation_6_dynamic_popup,111,22.2,1784484200,completion_astar,finish_first,r05,r05,True,upper,member,local,2,3,6.69241,0.60239,0.25511,0.31159,0.0215,815,825,-23,93,0,0,0000,---,False,0.30125,0.07965,0.31159,0.0215,7.13885,0.72065,cached_path_to_final_target,w,"$1,0,0,0,0,0,0,0,0#",16000,16000,Set tank.c app_speed/duty level to the logged pwm before sending the move key/protocol command; e=stop.,6.93357,18.53222,0,0,0,0.26536,0.10831,5.13582,6.80802,0.18713,5.1953,6.857,6.808,0.47695,12,0.0511,0,0,111.85941,41.94591,0.3114,0.3067,3,False,running
b326998ea4,formation_6_dynamic_popup,111,22.2,1784484200,completion_astar,finish_first,r06,r06,True,upper,member,local,2,3,6.35573,0.48145,-0.12252,0.31063,-0.22141,864,771,5,125,0,0,0000,---,False,0.30775,-0.04882,0.31063,-0.22141,6.79068,0.41027,cached_path_to_final_target,d,"$4,0,0,0,0,0,0,0,0#",17000,15000,Set tank.c app_speed/duty level to the logged pwm before sending the move key/protocol command; e=stop.,6.81686,18.30899,0,0,0,0.21954,0.11631,5.30616,6.80802,0.18713,5.1953,6.857,6.808,0.47695,12,0.0511,0,0,111.85941,41.94591,0.3114,0.3067,3,False,running
b326998ea4,formation_6_dynamic_popup,112,22.4,1784484400,completion_astar,finish_first,r01,r01,True,center,member,local,2,3,6.68031,-0.47991,0.03267,0.3116,0.00027,820,820,32,121,0,0,0000,---,False,0.31143,0.01019,0.3116,0.00027,7.14203,-0.4648,cached_path_to_final_target,w,"$1,0,0,0,0,0,0,0,0#",16000,16000,Set tank.c app_speed/duty level to the logged pwm before sending the move key/protocol command; e=stop.,7.08989,18.78853,0,0,0,0.10635,0.11631,5.14244,6.86882,0.18443,5.1345,6.9178,6.8688,0.47465,12,0.0511,0,0,112.85083,42.31967,0.3115,0.3066,3,False,running
b326998ea4,formation_6_dynamic_popup,112,22.4,1784484400,completion_astar,finish_first,r02,r02,True,center,member,local,2,3,7.05726,-0.60497,0.05717,0.3116,0.0,820,820,44,100,0,0,0000,---,False,0.31109,0.01781,0.3116,0.0,7.51848,-0.57857,cached_path_to_final_target,w,"$1,0,0,0,0,0,0,0,0#",16000,16000,Set tank.c app_speed/duty level to the logged pwm before sending the move key/protocol command; e=stop.,7.15225,19.01648,0,8,0,0.10622,0.05111,5.13112,6.86882,0.18443,5.1345,6.9178,6.8688,0.47465,12,0.0511,0,0,112.85083,42.31967,0.3115,0.3066,3,False,running
b326998ea4,formation_6_dynamic_popup,112,22.4,1784484400,completion_astar,finish_first,r03,r03,True,lower,member,local,2,3,7.35509,0.15844,-0.4419,0.3116,-0.0,820,820,47,30,0,0,0000,---,False,0.28167,-0.13326,0.3116,-0.0,7.77268,-0.03913,cached_path_to_final_target,w,"$1,0,0,0,0,0,0,0,0#",16000,16000,Set tank.c app_speed/duty level to the logged pwm before sending the move key/protocol command; e=stop.,7.28105,19.34752,0,8,0,0.12163,0.05111,5.00742,6.86882,0.18443,5.1345,6.9178,6.8688,0.47465,12,0.0511,0,0,112.85083,42.31967,0.3115,0.3066,3,False,running
b326998ea4,formation_6_dynamic_popup,112,22.4,1784484400,completion_astar,finish_first,r04,r04,True,upper,member,local,2,3,6.95049,0.9434,-0.01424,0.3116,-0.0,820,820,-26,78,0,0,0000,---,False,0.31157,-0.00444,0.3116,-0.0,7.41242,0.93682,cached_path_to_final_target,w,"$1,0,0,0,0,0,0,0,0#",16000,16000,Set tank.c app_speed/duty level to the logged pwm before sending the move key/protocol command; e=stop.,6.92157,18.52665,0,0,0,0.54143,0.06884,5.26752,6.86882,0.18443,5.1345,6.9178,6.8688,0.47465,12,0.0511,0,0,112.85083,42.31967,0.3115,0.3066,3,False,running
b326998ea4,formation_6_dynamic_popup,112,22.4,1784484400,completion_astar,finish_first,r05,r05,True,upper,member,local,2,3,6.75268,0.61823,0.257,0.3116,0.00945,818,822,-24,87,0,0,0000,---,False,0.30125,0.07965,0.3116,0.00945,7.19924,0.7364,cached_path_to_final_target,w,"$1,0,0,0,0,0,0,0,0#",16000,16000,Set tank.c app_speed/duty level to the logged pwm before sending the move key/protocol command; e=stop.,6.99589,18.69759,0,0,0,0.26536,0.10831,5.07658,6.86882,0.18443,5.1345,6.9178,6.8688,0.47465,12,0.0511,0,0,112.85083,42.31967,0.3115,0.3066,3,False,running
b326998ea4,formation_6_dynamic_popup,112,22.4,1784484400,completion_astar,finish_first,r06,r06,True,upper,member,local,2,3,6.41707,0.47139,-0.16262,0.3108,-0.20052,860,776,7,119,0,0,0000,---,False,0.30575,-0.06011,0.3108,-0.20052,6.84491,0.38528,cached_path_to_final_target,w,"$1,0,0,0,0,0,0,0,0#",17000,16000,Set tank.c app_speed/duty level to the logged pwm before sending the move key/protocol command; e=stop.,6.87902,18.47406,0,0,0,0.21954,0.11631,5.24416,6.86882,0.18443,5.1345,6.9178,6.8688,0.47465,12,0.0511,0,0,112.85083,42.31967,0.3115,0.3066,3,False,running
b326998ea4,formation_6_dynamic_popup,113,22.6,1784484600,completion_astar,finish_first,r01,r01,True,center,member,local,2,3,6.74259,-0.47787,0.03269,0.3116,0.00011,820,820,34,115,0,0,0000,---,False,0.31143,0.01019,0.3116,0.00011,7.20432,-0.46276,path_to_final_target,w,"$1,0,0,0,0,0,0,0,0#",16000,16000,Set tank.c app_speed/duty level to the logged pwm before sending the move key/protocol command; e=stop.,7.15221,18.95377,0,0,0,0.10635,0.11631,5.08012,6.9294,0.18101,5.0738,6.9785,6.9294,0.47236,12,0.0511,0,0,113.84268,42.69305,0.3112,0.3066,3,False,running
b326998ea4,formation_6_dynamic_popup,113,22.6,1784484600,completion_astar,finish_first,r02,r02,True,center,member,local,2,3,7.11948,-0.6014,0.05717,0.3116,0.0,820,820,46,96,0,0,0000,---,False,0.31109,0.01781,0.3116,0.0,7.58069,-0.57501,path_to_final_target,w,"$1,0,0,0,0,0,0,0,0#",16000,16000,Set tank.c app_speed/duty level to the logged pwm before sending the move key/protocol command; e=stop.,7.21457,19.18173,0,8,0,0.10622,0.05111,5.0688,6.9294,0.18101,5.0738,6.9785,6.9294,0.47236,12,0.0511,0,0,113.84268,42.69305,0.3112,0.3066,3,False,running
b326998ea4,formation_6_dynamic_popup,113,22.6,1784484600,completion_astar,finish_first,r03,r03,True,lower,member,local,2,3,7.41142,0.13179,-0.4419,0.3116,-0.0,820,820,51,26,0,0,1000,---,False,0.28167,-0.13326,0.3116,-0.0,7.82901,-0.06578,path_to_final_target,w,"$1,0,0,0,0,0,0,0,0#",16000,16000,Set tank.c app_speed/duty level to the logged pwm before sending the move key/protocol command; e=stop.,7.34337,19.51277,0,8,0,0.12163,0.05111,4.95033,6.9294,0.18101,5.0738,6.9785,6.9294,0.47236,12,0.0511,0,0,113.84268,42.69305,0.3112,0.3066,3,False,running
b326998ea4,formation_6_dynamic_popup,113,22.6,1784484600,completion_astar,finish_first,r04,r04,True,upper,member,local,2,3,7.0128,0.94251,-0.01424,0.3116,-0.0,820,820,-27,73,0,0,0000,---,False,0.31157,-0.00444,0.3116,-0.0,7.47473,0.93594,path_to_final_target,w,"$1,0,0,0,0,0,0,0,0#",16000,16000,Set tank.c app_speed/duty level to the logged pwm before sending the move key/protocol command; e=stop.,6.98389,18.6919,0,0,0,0.54143,0.06884,5.20555,6.9294,0.18101,5.0738,6.9785,6.9294,0.47236,12,0.0511,0,0,113.84268,42.69305,0.3112,0.3066,3,False,running
b326998ea4,formation_6_dynamic_popup,113,22.6,1784484600,completion_astar,finish_first,r05,r05,True,upper,member,local,2,3,6.81294,0.63412,0.25782,0.3116,0.00408,819,821,-25,82,0,0,0000,---,False,0.30125,0.07964,0.3116,0.00408,7.25955,0.75223,path_to_final_target,w,"$1,0,0,0,0,0,0,0,0#",16000,16000,Set tank.c app_speed/duty level to the logged pwm before sending the move key/protocol command; e=stop.,7.05821,18.86289,0,0,0,0.26536,0.10831,5.01742,6.9294,0.18101,5.0738,6.9785,6.9294,0.47236,12,0.0511,0,0,113.84268,42.69305,0.3112,0.3066,3,False,running
b326998ea4,formation_6_dynamic_popup,113,22.6,1784484600,completion_astar,finish_first,r06,r06,True,upper,member,local,2,3,6.47713,0.45693,-0.2363,0.30891,-0.36838,890,735,12,113,0,0,0000,---,False,0.29821,-0.09035,0.30891,-0.36838,6.89482,0.32664,path_to_final_target,d,"$4,0,0,0,0,0,0,0,0#",18000,15000,Set tank.c app_speed/duty level to the logged pwm before sending the move key/protocol command; e=stop.,6.9408,18.63962,0,0,0,0.21954,0.11631,5.18305,6.9294,0.18101,5.0738,6.9785,6.9294,0.47236,12,0.0511,0,0,113.84268,42.69305,0.3112,0.3066,3,False,running
b326998ea4,formation_6_dynamic_popup,114,22.8,1784484800,completion_astar,finish_first,r01,r01,True,center,member,local,2,3,6.80488,-0.47583,0.0327,0.3116,4e-05,820,820,35,110,0,0,0000,---,False,0.31143,0.01019,0.3116,4e-05,7.2666,-0.46073,cached_path_to_final_target,w,"$1,0,0,0,0,0,0,0,0#",16000,16000,Set tank.c app_speed/duty level to the logged pwm before sending the move key/protocol command; e=stop.,7.21453,19.11902,0,0,0,0.10635,0.11631,5.0178,6.98985,0.177,5.0133,7.0391,6.9898,0.47026,12,0.0511,0,0,114.834,43.06663,0.3113,0.3066,3,False,running
b326998ea4,formation_6_dynamic_popup,114,22.8,1784484800,completion_astar,finish_first,r02,r02,True,center,member,local,2,3,7.1817,-0.59784,0.05717,0.3116,0.0,820,820,48,91,0,0,0000,---,False,0.31109,0.01781,0.3116,0.0,7.64291,-0.57145,cached_path_to_final_target,w,"$1,0,0,0,0,0,0,0,0#",16000,16000,Set tank.c app_speed/duty level to the logged pwm before sending the move key/protocol command; e=stop.,7.27689,19.34698,0,8,0,0.10622,0.05111,5.00648,6.98985,0.177,5.0133,7.0391,6.9898,0.47026,12,0.0511,0,0,114.834,43.06663,0.3113,0.3066,3,False,running
b326998ea4,formation_6_dynamic_popup,114,22.8,1784484800,completion_astar,finish_first,r03,r03,True,lower,member,local,2,3,7.46775,0.10514,-0.4419,0.3116,-0.0,820,820,56,23,0,0,1000,---,False,0.28167,-0.13326,0.3116,-0.0,7.88535,-0.09243,cached_path_to_final_target,w,"$1,0,0,0,0,0,0,0,0#",16000,16000,Set tank.c app_speed/duty level to the logged pwm before sending the move key/protocol command; e=stop.,7.40569,19.67801,0,8,0,0.12163,0.05111,4.89338,6.98985,0.177,5.0133,7.0391,6.9898,0.47026,12,0.0511,0,0,114.834,43.06663,0.3113,0.3066,3,False,running
b326998ea4,formation_6_dynamic_popup,114,22.8,1784484800,completion_astar,finish_first,r04,r04,True,upper,member,local,2,3,7.07512,0.94163,-0.01424,0.3116,-0.0,820,820,-29,67,0,0,0000,---,False,0.31157,-0.00444,0.3116,-0.0,7.53704,0.93505,cached_path_to_final_target,w,"$1,0,0,0,0,0,0,0,0#",16000,16000,Set tank.c app_speed/duty level to the logged pwm before sending the move key/protocol command; e=stop.,7.04621,18.85715,0,0,0,0.54143,0.06884,5.14359,6.98985,0.177,5.0133,7.0391,6.9898,0.47026,12,0.0511,0,0,114.834,43.06663,0.3113,0.3066,3,False,running
b326998ea4,formation_6_dynamic_popup,114,22.8,1784484800,completion_astar,finish_first,r05,r05,True,upper,member,local,2,3,6.8732,0.65003,0.25817,0.3116,0.00174,820,820,-26,76,0,0,0000,---,False,0.30125,0.07964,0.3116,0.00174,7.31982,0.76811,cached_path_to_final_target,w,"$1,0,0,0,0,0,0,0,0#",16000,16000,Set tank.c app_speed/duty level to the logged pwm before sending the move key/protocol command; e=stop.,7.12053,19.02816,0,0,0,0.26536,0.10831,4.95835,6.98985,0.177,5.0133,7.0391,6.9898,0.47026,12,0.0511,0,0,114.834,43.06663,0.3113,0.3066,3,False,running
b326998ea4,formation_6_dynamic_popup,114,22.8,1784484800,completion_astar,finish_first,r06,r06,True,upper,member,local,2,3,6.53643,0.4389,-0.29518,0.30988,-0.29442,877,753,16,107,0,0,0000,---,False,0.29361,-0.10434,0.30988,-0.29442,6.95984,0.28539,cached_path_to_final_target,d,"$4,0,0,0,0,0,0,0,0#",18000,15000,Set tank.c app_speed/duty level to the logged pwm before sending the move key/protocol command; e=stop.,7.00278,18.80468,0,0,0,0.21954,0.11631,5.12241,6.98985,0.177,5.0133,7.0391,6.9898,0.47026,12,0.0511,0,0,114.834,43.06663,0.3113,0.3066,3,False,running
b326998ea4,formation_6_dynamic_popup,115,23.0,1784485000,completion_astar,finish_first,r01,r01,True,center,member,local,2,3,6.86717,-0.4738,0.0327,0.3116,2e-05,820,820,36,105,0,0,0000,---,False,0.31143,0.01019,0.3116,2e-05,7.32889,-0.45869,cached_path_to_final_target,w,"$1,0,0,0,0,0,0,0,0#",16000,16000,Set tank.c app_speed/duty level to the logged pwm before sending the move key/protocol command; e=stop.,7.27685,19.28427,0,0,0,0.10635,0.11631,4.95548,7.05022,0.17264,4.9528,7.0996,7.0502,0.46861,12,0.0511,0,0,115.8265,43.44043,0.3115,0.3065,2,False,running
b326998ea4,formation_6_dynamic_popup,115,23.0,1784485000,completion_astar,finish_first,r02,r02,True,center,member,local,2,3,7.24391,-0.59428,0.05717,0.3116,0.0,820,820,50,87,0,0,0000,---,False,0.31109,0.01781,0.3116,0.0,7.70513,-0.56789,cached_path_to_final_target,w,"$1,0,0,0,0,0,0,0,0#",16000,16000,Set tank.c app_speed/duty level to the logged pwm before sending the move key/protocol command; e=stop.,7.33921,19.51222,0,8,0,0.10622,0.05111,4.94416,7.05022,0.17264,4.9528,7.0996,7.0502,0.46861,12,0.0511,0,0,115.8265,43.44043,0.3115,0.3065,2,False,running
b326998ea4,formation_6_dynamic_popup,115,23.0,1784485000,completion_astar,finish_first,r03,r03,True,center,member,local,2,3,7.52409,0.07849,-0.4419,0.3116,-0.0,820,820,61,19,0,0,1000,---,False,0.28167,-0.13326,0.3116,-0.0,7.94168,-0.11908,cached_path_to_final_target,w,"$1,0,0,0,0,0,0,0,0#",16000,16000,Set tank.c app_speed/duty level to the logged pwm before sending the move key/protocol command; e=stop.,7.46801,19.84326,0,8,0,0.12163,0.05111,4.83655,7.05022,0.17264,4.9528,7.0996,7.0502,0.46861,12,0.0511,0,0,115.8265,43.44043,0.3115,0.3065,2,False,running
b326998ea4,formation_6_dynamic_popup,115,23.0,1784485000,completion_astar,finish_first,r04,r04,True,upper,member,local,2,3,7.13743,0.94074,-0.01424,0.3116,-0.0,820,820,-30,62,0,0,0000,---,False,0.31157,-0.00444,0.3116,-0.0,7.59936,0.93416,cached_path_to_final_target,w,"$1,0,0,0,0,0,0,0,0#",16000,16000,Set tank.c app_speed/duty level to the logged pwm before sending the move key/protocol command; e=stop.,7.10853,19.02239,0,0,0,0.54143,0.06884,5.08164,7.05022,0.17264,4.9528,7.0996,7.0502,0.46861,12,0.0511,0,0,115.8265,43.44043,0.3115,0.3065,2,False,running
b326998ea4,formation_6_dynamic_popup,115,23.0,1784485000,completion_astar,finish_first,r05,r05,True,upper,member,local,2,3,6.93345,0.66595,0.25831,0.3116,0.00074,820,820,-28,70,0,0,0000,---,False,0.30125,0.07963,0.3116,0.00074,7.38008,0.78402,cached_path_to_final_target,w,"$1,0,0,0,0,0,0,0,0#",16000,16000,Set tank.c app_speed/duty level to the logged pwm before sending the move key/protocol command; e=stop.,7.18285,19.19342,0,0,0,0.26536,0.10831,4.89937,7.05022,0.17264,4.9528,7.0996,7.0502,0.46861,12,0.0511,0,0,115.8265,43.44043,0.3115,0.3065,2,False,running
b326998ea4,formation_6_dynamic_popup,115,23.0,1784485000,completion_astar,finish_first,r06,r06,True,upper,member,local,2,3,6.59528,0.41877,-0.32953,0.31101,-0.17174,855,782,19,101,0,0,0000,---,False,0.29201,-0.10875,0.31101,-0.17174,7.02448,0.25713,cached_path_to_final_target,w,"$1,0,0,0,0,0,0,0,0#",17000,16000,Set tank.c app_speed/duty level to the logged pwm before sending the move key/protocol command; e=stop.,7.06498,18.97094,0,0,0,0.21954,0.11631,5.06207,7.05022,0.17264,4.9528,7.0996,7.0502,0.46861,12,0.0511,0,0,115.8265,43.44043,0.3115,0.3065,2,False,running
b326998ea4,formation_6_dynamic_popup,116,23.2,1784485200,completion_astar,finish_first,r01,r01,True,center,member,local,2,3,6.92945,-0.47176,0.0327,0.3116,1e-05,820,820,38,100,0,0,0000,---,False,0.31143,0.01019,0.3116,1e-05,7.39118,-0.45665,cached_path_to_final_target,w,"$1,0,0,0,0,0,0,0,0#",16000,16000,Set tank.c app_speed/duty level to the logged pwm before sending the move key/protocol command; e=stop.,7.33917,19.44951,0,0,0,0.10635,0.11631,4.89316,7.11055,0.16811,4.8923,7.1601,7.1106,0.46764,13,0.0511,0,0,116.81877,43.81432,0.3116,0.3065,2,False,running
b326998ea4,formation_6_dynamic_popup,116,23.2,1784485200,completion_astar,finish_first,r02,r02,True,center,member,local,2,3,7.30613,-0.59072,0.05717,0.3116,0.0,820,820,52,83,0,0,0000,---,False,0.31109,0.01781,0.3116,0.0,7.76735,-0.56432,cached_path_to_final_target,w,"$1,0,0,0,0,0,0,0,0#",16000,16000,Set tank.c app_speed/duty level to the logged pwm before sending the move key/protocol command; e=stop.,7.40153,19.67747,0,8,0,0.10622,0.05111,4.88184,7.11055,0.16811,4.8923,7.1601,7.1106,0.46764,13,0.0511,0,0,116.81877,43.81432,0.3116,0.3065,2,False,running
b326998ea4,formation_6_dynamic_popup,116,23.2,1784485200,completion_astar,finish_first,r03,r03,True,center,member,local,2,3,7.58042,0.05183,-0.4419,0.3116,-0.0,820,820,67,17,0,0,0100,---,False,0.28167,-0.13326,0.3116,-0.0,7.99801,-0.14573,cached_path_to_final_target,w,"$1,0,0,0,0,0,0,0,0#",16000,16000,Set tank.c app_speed/duty level to the logged pwm before sending the move key/protocol command; e=stop.,7.53033,20.00851,0,8,0,0.12163,0.05111,4.77986,7.11055,0.16811,4.8923,7.1601,7.1106,0.46764,13,0.0511,0,0,116.81877,43.81432,0.3116,0.3065,2,False,running
b326998ea4,formation_6_dynamic_popup,116,23.2,1784485200,completion_astar,finish_first,r04,r04,True,upper,member,local,2,3,7.19975,0.93985,-0.01424,0.3116,-0.0,820,820,-32,56,0,0,0000,---,False,0.31157,-0.00444,0.3116,-0.0,7.66167,0.93327,cached_path_to_final_target,w,"$1,0,0,0,0,0,0,0,0#",16000,16000,Set tank.c app_speed/duty level to the logged pwm before sending the move key/protocol command; e=stop.,7.17085,19.18764,0,0,0,0.54143,0.06884,5.0197,7.11055,0.16811,4.8923,7.1601,7.1106,0.46764,13,0.0511,0,0,116.81877,43.81432,0.3116,0.3065,2,False,running
b326998ea4,formation_6_dynamic_popup,116,23.2,1784485200,completion_astar,finish_first,r05,r05,True,upper,member,local,2,3,6.9937,0.68187,0.25838,0.3116,0.00031,820,820,-29,65,0,0,0000,---,False,0.30125,0.07963,0.3116,0.00031,7.44033,0.79993,cached_path_to_final_target,w,"$1,0,0,0,0,0,0,0,0#",16000,16000,Set tank.c app_speed/duty level to the logged pwm before sending the move key/protocol command; e=stop.,7.24517,19.35867,0,0,0,0.26536,0.10813,4.84047,7.11055,0.16811,4.8923,7.1601,7.1106,0.46764,13,0.0511,0,0,116.81877,43.81432,0.3116,0.3065,2,False,running
b326998ea4,formation_6_dynamic_popup,116,23.2,1784485200,completion_astar,finish_first,r06,r06,True,upper,member,local,2,3,6.65386,0.39759,-0.34689,0.31145,-0.08678,838,801,21,96,0,0,0000,---,False,0.29157,-0.10992,0.31145,-0.08678,7.08493,0.23417,cached_path_to_final_target,w,"$1,0,0,0,0,0,0,0,0#",17000,16000,Set tank.c app_speed/duty level to the logged pwm before sending the move key/protocol command; e=stop.,7.12727,19.13697,0,0,0,0.21954,0.11631,5.00196,7.11055,0.16811,4.8923,7.1601,7.1106,0.46764,13,0.0511,0,0,116.81877,43.81432,0.3116,0.3065,2,False,running
b326998ea4,formation_6_dynamic_popup,117,23.4,1784485400,completion_astar,finish_first,r01,r01,True,center,member,local,2,3,6.99174,-0.46972,0.0327,0.3116,0.0,820,820,40,95,0,0,0000,---,False,0.31143,0.01019,0.3116,0.0,7.45346,-0.45462,path_to_final_target,w,"$1,0,0,0,0,0,0,0,0#",16000,16000,Set tank.c app_speed/duty level to the logged pwm before sending the move key/protocol command; e=stop.,7.40149,19.61476,0,0,0,0.10635,0.11631,4.83084,7.16627,0.16146,4.8364,7.2163,7.1663,0.46942,13,0.0511,0,0,117.78707,44.17147,0.2976,0.3063,2,False,running
b326998ea4,formation_6_dynamic_popup,117,23.4,1784485400,completion_astar,finish_first,r02,r02,True,center,member,local,2,3,7.36835,-0.58716,0.05717,0.3116,-0.0,820,820,55,80,0,0,0000,---,False,0.31109,0.01781,0.3116,-0.0,7.82957,-0.56076,path_to_final_target,w,"$1,0,0,0,0,0,0,0,0#",16000,16000,Set tank.c app_speed/duty level to the logged pwm before sending the move key/protocol command; e=stop.,7.46385,19.84271,0,8,0,0.10622,0.05111,4.81952,7.16627,0.16146,4.8364,7.2163,7.1663,0.46942,13,0.0511,0,0,117.78707,44.17147,0.2976,0.3063,2,False,running
b326998ea4,formation_6_dynamic_popup,117,23.4,1784485400,completion_astar,finish_first,r03,r03,True,center,member,local,2,3,7.63371,0.01032,-0.6619,0.33776,-1.1,1000,657,86,16,0,0,0100,---,False,0.23086,-0.30184,0.33776,-1.1,8.05435,-0.17238,path_to_final_target,d,"$4,0,0,0,0,0,0,0,0#",20000,13000,Set tank.c app_speed/duty level to the logged pwm before sending the move key/protocol command; e=stop.,7.59789,20.18865,0,8,0,0.12163,0.05111,4.7263,7.16627,0.16146,4.8364,7.2163,7.1663,0.46942,13,0.0511,0,0,117.78707,44.17147,0.2976,0.3063,2,False,running
b326998ea4,formation_6_dynamic_popup,117,23.4,1784485400,completion_astar,finish_first,r04,r04,True,upper,member,local,2,3,7.26206,0.93896,-0.01424,0.3116,-0.0,820,820,-34,51,0,0,0000,---,False,0.31157,-0.00444,0.3116,-0.0,7.72398,0.93239,path_to_final_target,w,"$1,0,0,0,0,0,0,0,0#",16000,16000,Set tank.c app_speed/duty level to the logged pwm before sending the move key/protocol command; e=stop.,7.23317,19.35289,0,0,0,0.51114,0.06884,4.95777,7.16627,0.16146,4.8364,7.2163,7.1663,0.46942,13,0.0511,0,0,117.78707,44.17147,0.2976,0.3063,2,False,running
b326998ea4,formation_6_dynamic_popup,117,23.4,1784485400,completion_astar,finish_first,r05,r05,True,upper,member,local,2,3,7.02949,0.70043,0.47844,0.2016,1.10031,299,762,-44,62,0,0,0000,---,False,-0.00913,0.29687,0.2016,1.10031,7.50058,0.81586,path_to_final_target,a,"$3,0,0,0,0,0,0,0,0#",6000,15000,Set tank.c app_speed/duty level to the logged pwm before sending the move key/protocol command; e=stop.,7.28549,19.48537,0,0,0,0.26536,0.10813,4.80625,7.16627,0.16146,4.8364,7.2163,7.1663,0.46942,13,0.0511,0,0,117.78707,44.17147,0.2976,0.3063,2,False,running
b326998ea4,formation_6_dynamic_popup,117,23.4,1784485400,completion_astar,finish_first,r06,r06,True,upper,member,local,2,3,6.71229,0.37593,-0.35506,0.31157,-0.04085,829,811,22,90,0,0,0000,---,False,0.29146,-0.1102,0.31157,-0.04085,7.144,0.21227,path_to_final_target,w,"$1,0,0,0,0,0,0,0,0#",17000,16000,Set tank.c app_speed/duty level to the logged pwm before sending the move key/protocol command; e=stop.,7.18958,19.30269,0,0,0,0.21954,0.11631,4.94203,7.16627,0.16146,4.8364,7.2163,7.1663,0.46942,13,0.0511,0,0,117.78707,44.17147,0.2976,0.3063,2,False,running
b326998ea4,formation_6_dynamic_popup,118,23.6,1784485600,completion_astar,finish_first,r01,r01,True,center,member,local,2,3,7.05403,-0.46768,0.0327,0.3116,0.0,820,820,41,91,0,0,0000,---,False,0.31143,0.01019,0.3116,0.0,7.51575,-0.45258,cached_path_to_final_target,w,"$1,0,0,0,0,0,0,0,0#",16000,16000,Set tank.c app_speed/duty level to the logged pwm before sending the move key/protocol command; e=stop.,7.46381,19.78001,0,0,0,0.10635,0.11631,4.76852,7.21519,0.15147,4.7872,7.2662,7.2152,0.47998,13,0.0511,0,0,118.7147,44.50054,0.2742,0.3057,2,False,running
b326998ea4,formation_6_dynamic_popup,118,23.6,1784485600,completion_astar,finish_first,r02,r02,True,center,member,local,2,3,7.42924,-0.59716,-0.16283,0.30852,-1.1,1000,580,70,78,0,0,0000,---,False,0.32069,-0.20386,0.30852,-1.1,7.89179,-0.5572,cached_path_to_final_target,d,"$4,0,0,0,0,0,0,0,0#",20000,12000,Set tank.c app_speed/duty level to the logged pwm before sending the move key/protocol command; e=stop.,7.52555,20.0132,0,8,0,0.10622,0.05111,4.75933,7.21519,0.15147,4.7872,7.2662,7.2152,0.47998,13,0.0511,0,0,118.7147,44.50054,0.2742,0.3057,2,False,running
b326998ea4,formation_6_dynamic_popup,118,23.6,1784485600,completion_astar,finish_first,r03,r03,True,center,member,local,2,3,7.68872,-0.0408,-0.74869,0.37545,-0.43394,1000,897,99,17,0,0,0010,---,False,0.26011,-0.27703,0.37545,-0.43394,8.11562,-0.18617,cached_path_to_final_target,d,"$4,0,0,0,0,0,0,0,0#",20000,18000,Set tank.c app_speed/duty level to the logged pwm before sending the move key/protocol command; e=stop.,7.67298,20.38953,0,8,0,0.12163,0.05111,4.67146,7.21519,0.15147,4.7872,7.2662,7.2152,0.47998,13,0.0511,0,0,118.7147,44.50054,0.2742,0.3057,2,False,running
b326998ea4,formation_6_dynamic_popup,118,23.6,1784485600,completion_astar,finish_first,r04,r04,True,upper,member,local,2,3,7.30256,0.93839,-0.01424,0.20254,-0.0,533,533,-36,48,0,0,0000,---,False,0.20252,-0.00288,0.20254,-0.0,7.7863,0.9315,cached_path_to_final_target,w,"$1,0,0,0,0,0,0,0,0#",11000,11000,Set tank.c app_speed/duty level to the logged pwm before sending the move key/protocol command; e=stop.,7.27367,19.46902,0,0,0,0.47797,0.06884,4.91752,7.21519,0.15147,4.7872,7.2662,7.2152,0.47998,13,0.0511,0,0,118.7147,44.50054,0.2742,0.3057,2,False,running
b326998ea4,formation_6_dynamic_popup,118,23.6,1784485600,completion_astar,finish_first,r05,r05,True,upper,member,local,2,3,7.04597,0.722,0.9185,0.13568,2.20031,-106,820,-70,61,0,0,0000,---,False,-0.0012,0.29701,0.13568,2.20031,7.54441,0.83096,cached_path_to_final_target,a,"$0,1,0,0,0,0,0,0,0#",-4000,16000,Set tank.c app_speed/duty level to the logged pwm before sending the move key/protocol command; e=stop.,7.31263,19.59479,0,0,0,0.26536,0.10813,4.79163,7.21519,0.15147,4.7872,7.2662,7.2152,0.47998,13,0.0511,0,0,118.7147,44.50054,0.2742,0.3057,2,False,running
b326998ea4,formation_6_dynamic_popup,118,23.6,1784485600,completion_astar,finish_first,r06,r06,True,upper,member,local,2,3,6.77064,0.35405,-0.35875,0.31159,-0.01844,824,816,24,84,0,0,0000,---,False,0.29144,-0.11025,0.31159,-0.01844,7.20259,0.19046,cached_path_to_final_target,w,"$1,0,0,0,0,0,0,0,0#",16000,16000,Set tank.c app_speed/duty level to the logged pwm before sending the move key/protocol command; e=stop.,7.2519,19.46816,0,0,0,0.21954,0.11631,4.88221,7.21519,0.15147,4.7872,7.2662,7.2152,0.47998,13,0.0511,0,0,118.7147,44.50054,0.2742,0.3057,2,False,running
b326998ea4,formation_6_dynamic_popup,119,23.8,1784485800,completion_astar,finish_first,r01,r01,True,center,member,local,2,3,7.11631,-0.46564,0.0327,0.3116,0.0,820,820,43,86,0,0,0000,---,False,0.31143,0.01019,0.3116,0.0,7.57804,-0.45054,cached_path_to_final_target,w,"$1,0,0,0,0,0,0,0,0#",16000,16000,Set tank.c app_speed/duty level to the logged pwm before sending the move key/protocol command; e=stop.,7.52613,19.94525,0,0,0,0.10635,0.11631,4.7062,7.26496,0.14312,4.7372,7.3166,7.265,0.50399,13,0.0511,0,0,119.67425,44.8605,0.3,0.3053,2,False,running
b326998ea4,formation_6_dynamic_popup,119,23.8,1784485800,completion_astar,finish_first,r02,r02,True,center,member,local,2,3,7.49547,-0.62267,-0.36768,0.35486,-1.02425,1000,718,85,77,0,0,0000,---,False,0.32813,-0.19165,0.35486,-1.02425,7.95301,-0.56205,cached_path_to_final_target,d,"$4,0,0,0,0,0,0,0,0#",20000,14000,Set tank.c app_speed/duty level to the logged pwm before sending the move key/protocol command; e=stop.,7.59652,20.19088,0,8,0,0.10622,0.05111,4.69484,7.26496,0.14312,4.7372,7.3166,7.265,0.50399,13,0.0511,0,0,119.67425,44.8605,0.3,0.3053,2,False,running
b326998ea4,formation_6_dynamic_popup,119,23.8,1784485800,completion_astar,finish_first,r03,r03,True,center,member,local,2,3,7.74589,-0.09069,-0.71751,0.37941,0.15591,966,1000,105,18,0,0,0001,---,False,0.29234,-0.24276,0.37941,0.15591,8.18308,-0.18807,cached_path_to_final_target,w,"$1,0,0,0,0,0,0,0,0#",19000,20000,Set tank.c app_speed/duty level to the logged pwm before sending the move key/protocol command; e=stop.,7.74886,20.59386,0,8,0,0.12163,0.05111,4.615,7.26496,0.14312,4.7372,7.3166,7.265,0.50399,13,0.0511,0,0,119.67425,44.8605,0.3,0.3053,2,False,running
b326998ea4,formation_6_dynamic_popup,119,23.8,1784485800,completion_astar,finish_first,r04,r04,True,upper,member,local,2,3,7.34307,0.93781,-0.01424,0.20254,-0.0,533,533,-37,45,0,0,0000,---,False,0.20252,-0.00288,0.20254,-0.0,7.83334,0.93083,cached_path_to_final_target,w,"$1,0,0,0,0,0,0,0,0#",11000,11000,Set tank.c app_speed/duty level to the logged pwm before sending the move key/protocol command; e=stop.,7.31418,19.57643,0,0,0,0.44546,0.06884,4.87728,7.26496,0.14312,4.7372,7.3166,7.265,0.50399,13,0.0511,0,0,119.67425,44.8605,0.3,0.3053,2,False,running
b326998ea4,formation_6_dynamic_popup,119,23.8,1784485800,completion_astar,finish_first,r05,r05,True,upper,member,local,2,3,7.06009,0.76783,1.27189,0.23981,1.76696,259,1000,-93,61,0,0,0000,---,False,0.00631,0.29694,0.23981,1.76696,7.57038,0.84538,cached_path_to_final_target,a,"$3,0,0,0,0,0,0,0,0#",5000,20000,Set tank.c app_speed/duty level to the logged pwm before sending the move key/protocol command; e=stop.,7.36059,19.73431,0,0,0,0.26536,0.10807,4.78171,7.26496,0.14312,4.7372,7.3166,7.265,0.50399,13,0.0511,0,0,119.67425,44.8605,0.3,0.3053,2,False,running
b326998ea4,formation_6_dynamic_popup,119,23.8,1784485800,completion_astar,finish_first,r06,r06,True,upper,member,local,2,3,6.82896,0.33207,-0.36037,0.3116,-0.00811,822,818,25,78,0,0,0000,---,False,0.29144,-0.11025,0.3116,-0.00811,7.261,0.16856,cached_path_to_final_target,w,"$1,0,0,0,0,0,0,0,0#",16000,16000,Set tank.c app_speed/duty level to the logged pwm before sending the move key/protocol command; e=stop.,7.31422,19.63351,0,0,0,0.21954,0.11631,4.82249,7.26496,0.14312,4.7372,7.3166,7.265,0.50399,13,0.0511,0,0,119.67425,44.8605,0.3,0.3053,2,False,running
b326998ea4,formation_6_dynamic_popup,120,24.0,1784486000,completion_astar,finish_first,r01,r01,True,center,member,local,2,3,7.1786,-0.46361,0.0327,0.3116,0.0,820,820,45,82,0,0,0000,---,False,0.31143,0.01019,0.3116,0.0,7.64032,-0.4485,cached_path_to_final_target,w,"$1,0,0,0,0,0,0,0,0#",16000,16000,Set tank.c app_speed/duty level to the logged pwm before sending the move key/protocol command; e=stop.,7.58845,20.1105,0,0,0,0.10635,0.11631,4.64388,7.31492,0.13651,4.6871,7.367,7.3149,0.53584,13,0.0511,0,0,120.67818,45.23418,0.3114,0.3048,2,False,running
b326998ea4,formation_6_dynamic_popup,120,24.0,1784486000,completion_astar,finish_first,r02,r02,True,center,member,local,2,3,7.56408,-0.65422,-0.43099,0.37757,-0.31658,1000,927,93,77,0,0,0000,---,False,0.33693,-0.17573,0.37757,-0.31658,8.01758,-0.57894,cached_path_to_final_target,w,"$1,0,0,0,0,0,0,0,0#",20000,19000,Set tank.c app_speed/duty level to the logged pwm before sending the move key/protocol command; e=stop.,7.67204,20.39398,0,8,0,0.10622,0.05111,4.62861,7.31492,0.13651,4.6871,7.367,7.3149,0.53584,13,0.0511,0,0,120.67818,45.23418,0.3114,0.3048,2,False,running
b326998ea4,formation_6_dynamic_popup,120,24.0,1784486000,completion_astar,finish_first,r03,r03,True,center,member,local,2,3,7.80642,-0.13526,-0.63475,0.37586,0.41379,902,1000,107,20,0,0,0000,---,False,0.31998,-0.20497,0.37586,0.41379,8.25229,-0.18641,cached_path_to_final_target,a,"$3,0,0,0,0,0,0,0,0#",18000,20000,Set tank.c app_speed/duty level to the logged pwm before sending the move key/protocol command; e=stop.,7.82403,20.78843,0,8,0,0.12163,0.05111,4.55559,7.31492,0.13651,4.6871,7.367,7.3149,0.53584,13,0.0511,0,0,120.67818,45.23418,0.3114,0.3048,2,False,running
b326998ea4,formation_6_dynamic_popup,120,24.0,1784486000,completion_astar,finish_first,r04,r04,True,upper,member,local,2,3,7.38357,0.93723,-0.01424,0.20254,-0.0,533,533,-39,41,0,0,0000,---,False,0.20252,-0.00288,0.20254,-0.0,7.87581,0.93022,cached_path_to_final_target,w,"$1,0,0,0,0,0,0,0,0#",11000,11000,Set tank.c app_speed/duty level to the logged pwm before sending the move key/protocol command; e=stop.,7.35469,19.68384,0,0,0,0.41367,0.06884,4.83704,7.31492,0.13651,4.6871,7.367,7.3149,0.53584,13,0.0511,0,0,120.67818,45.23418,0.3114,0.3048,2,False,running
b326998ea4,formation_6_dynamic_popup,120,24.0,1784486000,completion_astar,finish_first,r05,r05,True,upper,member,local,2,3,7.06962,0.82488,1.40528,0.2892,0.66696,621,901,-104,62,0,0,0000,---,False,0.02051,0.2963,0.2892,0.66696,7.59099,0.86868,cached_path_to_final_target,a,"$3,0,0,0,0,0,0,0,0#",12000,18000,Set tank.c app_speed/duty level to the logged pwm before sending the move key/protocol command; e=stop.,7.41843,19.90262,0,0,0,0.26536,0.10807,4.77801,7.31492,0.13651,4.6871,7.367,7.3149,0.53584,13,0.0511,0,0,120.67818,45.23418,0.3114,0.3048,2,False,running
b326998ea4,formation_6_dynamic_popup,120,24.0,1784486000,completion_astar,finish_first,r06,r06,True,upper,member,local,2,3,6.88726,0.31006,-0.36107,0.3116,-0.0035,821,819,26,73,0,0,0000,---,False,0.29145,-0.11024,0.3116,-0.0035,7.31933,0.14659,cached_path_to_final_target,w,"$1,0,0,0,0,0,0,0,0#",16000,16000,Set tank.c app_speed/duty level to the logged pwm before sending the move key/protocol command; e=stop.,7.37654,19.7988,0,0,0,0.21954,0.11631,4.76284,7.31492,0.13651,4.6871,7.367,7.3149,0.53584,13,0.0511,0,0,120.67818,45.23418,0.3114,0.3048,2,False,running
b326998ea4,formation_6_dynamic_popup,121,24.2,1784486200,completion_astar,finish_first,r01,r01,True,center,member,local,2,3,7.24089,-0.46157,0.0327,0.3116,0.0,820,820,47,77,0,0,0000,---,False,0.31143,0.01019,0.3116,0.0,7.70261,-0.44646,path_to_final_target,w,"$1,0,0,0,0,0,0,0,0#",16000,16000,Set tank.c app_speed/duty level to the logged pwm before sending the move key/protocol command; e=stop.,7.65077,20.27575,0,0,0,0.10635,0.11631,4.58156,7.36553,0.12741,4.6362,7.4185,7.3655,0.56394,13,0.0511,0,0,121.62508,45.58559,0.2928,0.3044,2,False,running
b326998ea4,formation_6_dynamic_popup,121,24.2,1784486200,completion_astar,finish_first,r02,r02,True,center,member,local,2,3,7.63313,-0.68595,-0.43073,0.38,0.00134,1000,1000,96,77,0,0,0000,---,False,0.34532,-0.15859,0.38,0.00134,8.08477,-0.6031,path_to_final_target,w,"$1,0,0,0,0,0,0,0,0#",20000,20000,Set tank.c app_speed/duty level to the logged pwm before sending the move key/protocol command; e=stop.,7.74804,20.59888,0,8,0,0.10622,0.05111,4.56224,7.36553,0.12741,4.6362,7.4185,7.3655,0.56394,13,0.0511,0,0,121.62508,45.58559,0.2928,0.3044,2,False,running
b326998ea4,formation_6_dynamic_popup,121,24.2,1784486200,completion_astar,finish_first,r03,r03,True,center,member,local,2,3,7.87099,-0.17227,-0.52041,0.37211,0.57169,859,1000,108,22,0,0,0000,---,False,0.34532,-0.15861,0.37211,0.57169,8.31704,-0.14474,path_to_final_target,a,"$3,0,0,0,0,0,0,0,0#",17000,20000,Set tank.c app_speed/duty level to the logged pwm before sending the move key/protocol command; e=stop.,7.89845,20.97769,0,8,0,0.12163,0.05111,4.49232,7.36553,0.12741,4.6362,7.4185,7.3655,0.56394,13,0.0511,0,0,121.62508,45.58559,0.2928,0.3044,2,False,running
b326998ea4,formation_6_dynamic_popup,121,24.2,1784486200,completion_astar,finish_first,r04,r04,True,upper,member,local,2,3,7.42407,0.93666,-0.01424,0.20254,-0.0,533,533,-41,38,0,0,0000,---,False,0.20252,-0.00288,0.20254,-0.0,7.9169,0.92964,path_to_final_target,w,"$1,0,0,0,0,0,0,0,0#",11000,11000,Set tank.c app_speed/duty level to the logged pwm before sending the move key/protocol command; e=stop.,7.3952,19.79125,0,0,0,0.38269,0.06884,4.7968,7.36553,0.12741,4.6362,7.4185,7.3655,0.56394,13,0.0511,0,0,121.62508,45.58559,0.2928,0.3044,2,False,running
b326998ea4,formation_6_dynamic_popup,121,24.2,1784486200,completion_astar,finish_first,r05,r05,True,upper,member,local,2,3,7.07856,0.85959,1.31868,0.1792,-0.43304,563,380,-101,63,0,0,0000,---,False,0.14523,0.01573,0.1792,-0.43304,7.60968,0.87772,path_to_final_target; completion_unstuck,d,"$4,0,0,0,0,0,0,0,0#",11000,8000,Set tank.c app_speed/duty level to the logged pwm before sending the move key/protocol command; e=stop.,7.45427,20.01744,0,0,0,0.26536,0.10807,4.77298,7.36553,0.12741,4.6362,7.4185,7.3655,0.56394,13,0.0511,0,0,121.62508,45.58559,0.2928,0.3044,2,False,running
b326998ea4,formation_6_dynamic_popup,121,24.2,1784486200,completion_astar,finish_first,r06,r06,True,upper,member,local,2,3,6.94556,0.28802,-0.36137,0.3116,-0.00149,820,820,28,67,0,0,0000,---,False,0.29145,-0.11024,0.3116,-0.00149,7.37764,0.12458,path_to_final_target,w,"$1,0,0,0,0,0,0,0,0#",16000,16000,Set tank.c app_speed/duty level to the logged pwm before sending the move key/protocol command; e=stop.,7.43886,19.96407,0,0,0,0.21954,0.11631,4.70327,7.36553,0.12741,4.6362,7.4185,7.3655,0.56394,13,0.0511,0,0,121.62508,45.58559,0.2928,0.3044,2,False,running
b326998ea4,formation_6_dynamic_popup,122,24.4,1784486400,completion_astar,finish_first,r01,r01,True,center,member,local,2,3,7.30317,-0.45953,0.0327,0.3116,0.0,820,820,50,73,0,0,0000,---,False,0.31143,0.01019,0.3116,0.0,7.7649,-0.44443,cached_path_to_final_target,w,"$1,0,0,0,0,0,0,0,0#",16000,16000,Set tank.c app_speed/duty level to the logged pwm before sending the move key/protocol command; e=stop.,7.71309,20.44099,0,0,0,0.10635,0.11631,4.51924,7.42026,0.11594,4.5812,7.4744,7.4203,0.58578,13,0.0511,0,0,122.60281,45.93688,0.2927,0.3041,2,False,running
b326998ea4,formation_6_dynamic_popup,122,24.4,1784486400,completion_astar,finish_first,r02,r02,True,center,member,local,2,3,7.70295,-0.71574,-0.40323,0.37954,0.13747,970,1000,98,78,0,0,0000,---,False,0.35266,-0.14152,0.37954,0.13747,8.15303,-0.62946,cached_path_to_final_target,w,"$1,0,0,0,0,0,0,0,0#",19000,20000,Set tank.c app_speed/duty level to the logged pwm before sending the move key/protocol command; e=stop.,7.82395,20.79879,0,8,0,0.10622,0.05111,4.49523,7.42026,0.11594,4.5812,7.4744,7.4203,0.58578,13,0.0511,0,0,122.60281,45.93688,0.2927,0.3041,2,False,running
b326998ea4,formation_6_dynamic_popup,122,24.4,1784486400,completion_astar,finish_first,r03,r03,True,center,member,local,2,3,7.93933,-0.20216,-0.41235,0.37295,0.54032,868,1000,108,23,0,0,0000,---,False,0.35981,-0.12221,0.37295,0.54032,8.39022,-0.14922,cached_path_to_final_target,a,"$3,0,0,0,0,0,0,0,0#",17000,20000,Set tank.c app_speed/duty level to the logged pwm before sending the move key/protocol command; e=stop.,7.97304,21.16637,0,8,0,0.12163,0.05111,4.42529,7.42026,0.11594,4.5812,7.4744,7.4203,0.58578,13,0.0511,0,0,122.60281,45.93688,0.2927,0.3041,2,False,running
b326998ea4,formation_6_dynamic_popup,122,24.4,1784486400,completion_astar,finish_first,r04,r04,True,upper,member,local,2,3,7.48639,0.93577,-0.01424,0.3116,0.0,820,820,-44,34,0,0,0000,---,False,0.31157,-0.00444,0.3116,0.0,7.95758,0.92906,cached_path_to_final_target,w,"$1,0,0,0,0,0,0,0,0#",16000,16000,Set tank.c app_speed/duty level to the logged pwm before sending the move key/protocol command; e=stop.,7.45752,19.96522,0,0,0,0.33687,0.06884,4.73491,7.42026,0.11594,4.5812,7.4744,7.4203,0.58578,13,0.0511,0,0,122.60281,45.93688,0.2927,0.3041,2,False,running
b326998ea4,formation_6_dynamic_popup,122,24.4,1784486400,completion_astar,finish_first,r05,r05,True,upper,member,local,2,3,7.0859,0.87133,1.01207,0.0692,-1.53304,505,-141,-84,63,0,0,0000,---,False,0.20205,0.01403,0.0692,-1.53304,7.62224,0.89735,cached_path_to_final_target,d,"$0,2,0,0,0,0,0,0,0#",10000,-4000,Set tank.c app_speed/duty level to the logged pwm before sending the move key/protocol command; e=stop.,7.46811,20.10211,0,0,0,0.26536,0.10807,4.76706,7.42026,0.11594,4.5812,7.4744,7.4203,0.58578,13,0.0511,0,0,122.60281,45.93688,0.2927,0.3041,2,False,running
b326998ea4,formation_6_dynamic_popup,122,24.4,1784486400,completion_astar,finish_first,r06,r06,True,upper,member,local,2,3,7.00385,0.26598,-0.3615,0.3116,-0.00063,820,820,30,62,0,0,0000,---,False,0.29145,-0.11023,0.3116,-0.00063,7.43594,0.10255,cached_path_to_final_target,w,"$1,0,0,0,0,0,0,0,0#",16000,16000,Set tank.c app_speed/duty level to the logged pwm before sending the move key/protocol command; e=stop.,7.50118,20.12932,0,0,0,0.21954,0.11631,4.64378,7.42026,0.11594,4.5812,7.4744,7.4203,0.58578,13,0.0511,0,0,122.60281,45.93688,0.2927,0.3041,2,False,running
b326998ea4,formation_6_dynamic_popup,123,24.6,1784486600,completion_astar,finish_first,r01,r01,True,center,member,local,2,3,7.36546,-0.45749,0.0327,0.3116,0.0,820,820,52,69,0,0,0000,---,False,0.31143,0.01019,0.3116,0.0,7.82718,-0.44239,cached_path_to_final_target,w,"$1,0,0,0,0,0,0,0,0#",16000,16000,Set tank.c app_speed/duty level to the logged pwm before sending the move key/protocol command; e=stop.,7.77541,20.60624,0,0,0,0.10635,0.11631,4.45692,7.4797,0.10686,4.5216,7.5345,7.4797,0.60618,13,0.0511,0,0,123.61579,46.31038,0.3112,0.3041,2,False,running
b326998ea4,formation_6_dynamic_popup,123,24.6,1784486600,completion_astar,finish_first,r02,r02,True,center,member,local,2,3,7.77379,-0.74277,-0.36457,0.37909,0.1933,957,1000,100,79,0,0,0000,---,False,0.35898,-0.12464,0.37909,0.1933,8.22211,-0.6552,cached_path_to_final_target,w,"$1,0,0,0,0,0,0,0,0#",19000,20000,Set tank.c app_speed/duty level to the logged pwm before sending the move key/protocol command; e=stop.,7.89977,20.9966,0,8,0,0.10622,0.05111,4.42724,7.4797,0.10686,4.5216,7.5345,7.4797,0.60618,13,0.0511,0,0,123.61579,46.31038,0.3112,0.3041,2,False,running
b326998ea4,formation_6_dynamic_popup,123,24.6,1784486600,completion_astar,finish_first,r03,r03,True,center,member,local,2,3,8.0105,-0.22544,-0.31607,0.3744,0.48137,884,1000,109,25,0,0,0000,---,False,0.36907,-0.09049,0.3744,0.48137,8.45989,-0.16866,cached_path_to_final_target,a,"$3,0,0,0,0,0,0,0,0#",18000,20000,Set tank.c app_speed/duty level to the logged pwm before sending the move key/protocol command; e=stop.,8.04792,21.35697,0,8,0,0.12163,0.05111,4.35534,7.4797,0.10686,4.5216,7.5345,7.4797,0.60618,13,0.0511,0,0,123.61579,46.31038,0.3112,0.3041,2,False,running
b326998ea4,formation_6_dynamic_popup,123,24.6,1784486600,completion_astar,finish_first,r04,r04,True,upper,member,local,2,3,7.5487,0.93488,-0.01424,0.3116,0.0,820,820,-48,29,0,0,0000,---,False,0.31157,-0.00444,0.3116,0.0,8.01341,0.92826,cached_path_to_final_target,w,"$1,0,0,0,0,0,0,0,0#",16000,16000,Set tank.c app_speed/duty level to the logged pwm before sending the move key/protocol command; e=stop.,7.51984,20.13047,0,0,0,0.29365,0.06884,4.67303,7.4797,0.10686,4.5216,7.5345,7.4797,0.60618,13,0.0511,0,0,123.61579,46.31038,0.3112,0.3041,2,False,running
b326998ea4,formation_6_dynamic_popup,123,24.6,1784486600,completion_astar,finish_first,r05,r05,True,upper,member,local,2,3,7.11759,0.88805,0.48546,0.1792,-2.63304,1000,-83,-56,61,0,0,0000,---,False,0.31086,0.02147,0.1792,-2.63304,7.63134,0.909,cached_path_to_final_target,d,"$0,2,0,0,0,0,0,0,0#",20000,-4000,Set tank.c app_speed/duty level to the logged pwm before sending the move key/protocol command; e=stop.,7.50395,20.23093,0,0,0,0.26536,0.10807,4.73759,7.4797,0.10686,4.5216,7.5345,7.4797,0.60618,13,0.0511,0,0,123.61579,46.31038,0.3112,0.3041,2,False,running
b326998ea4,formation_6_dynamic_popup,123,24.6,1784486600,completion_astar,finish_first,r06,r06,True,upper,member,local,2,3,7.06214,0.24394,-0.36155,0.3116,-0.00027,820,820,31,56,0,0,0000,---,False,0.29145,-0.11023,0.3116,-0.00027,7.49424,0.08051,cached_path_to_final_target,w,"$1,0,0,0,0,0,0,0,0#",16000,16000,Set tank.c app_speed/duty level to the logged pwm before sending the move key/protocol command; e=stop.,7.5635,20.29457,0,0,0,0.21954,0.11631,4.58436,7.4797,0.10686,4.5216,7.5345,7.4797,0.60618,13,0.0511,0,0,123.61579,46.31038,0.3112,0.3041,2,False,running
b326998ea4,formation_6_dynamic_popup,124,24.8,1784486800,completion_astar,finish_first,r01,r01,True,center,member,local,2,3,7.42775,-0.45546,0.0327,0.3116,0.0,820,820,55,65,0,0,0000,---,False,0.31143,0.01019,0.3116,0.0,7.88947,-0.44035,cached_path_to_final_target,w,"$1,0,0,0,0,0,0,0,0#",16000,16000,Set tank.c app_speed/duty level to the logged pwm before sending the move key/protocol command; e=stop.,7.83773,20.77149,0,0,0,0.10635,0.11631,4.3946,7.54366,0.09823,4.4574,7.5991,7.5437,0.62086,13,0.0511,0,0,124.66313,46.70499,0.3288,0.3042,2,False,running
b326998ea4,formation_6_dynamic_popup,124,24.8,1784486800,completion_astar,finish_first,r02,r02,True,center,member,local,2,3,7.84568,-0.76673,-0.32167,0.37889,0.21453,952,1000,101,81,0,0,0000,---,False,0.36435,-0.10792,0.37889,0.21453,8.29216,-0.67895,cached_path_to_final_target,w,"$1,0,0,0,0,0,0,0,0#",19000,20000,Set tank.c app_speed/duty level to the logged pwm before sending the move key/protocol command; e=stop.,7.97554,21.19355,0,8,0,0.10622,0.05111,4.35813,7.54366,0.09823,4.4574,7.5991,7.5437,0.62086,13,0.0511,0,0,124.66313,46.70499,0.3288,0.3042,2,False,running
b326998ea4,formation_6_dynamic_popup,124,24.8,1784486800,completion_astar,finish_first,r03,r03,True,center,member,local,2,3,8.08362,-0.24248,-0.22896,0.37541,0.43556,896,1000,110,28,0,0,0000,---,False,0.37512,-0.06073,0.37541,0.43556,8.5305,-0.18844,cached_path_to_final_target,a,"$3,0,0,0,0,0,0,0,0#",18000,20000,Set tank.c app_speed/duty level to the logged pwm before sending the move key/protocol command; e=stop.,8.123,21.54861,0,8,0,0.12163,0.05111,4.28325,7.54366,0.09823,4.4574,7.5991,7.5437,0.62086,13,0.0511,0,0,124.66313,46.70499,0.3288,0.3042,2,False,running
b326998ea4,formation_6_dynamic_popup,124,24.8,1784486800,completion_astar,finish_first,r04,r04,True,upper,member,local,2,3,7.61102,0.93399,-0.01424,0.3116,0.0,820,820,-52,25,0,0,0000,---,False,0.31157,-0.00444,0.3116,0.0,8.07378,0.9274,cached_path_to_final_target,w,"$1,0,0,0,0,0,0,0,0#",16000,16000,Set tank.c app_speed/duty level to the logged pwm before sending the move key/protocol command; e=stop.,7.58216,20.29572,0,0,0,0.25357,0.06884,4.61116,7.54366,0.09823,4.4574,7.5991,7.5437,0.62086,13,0.0511,0,0,124.66313,46.70499,0.3288,0.3042,2,False,running
b326998ea4,formation_6_dynamic_popup,124,24.8,1784486800,completion_astar,finish_first,r05,r05,True,upper,member,local,2,3,7.17348,0.89815,0.17885,0.28396,-1.53304,1000,425,-40,56,0,0,0000,---,False,0.31102,0.01902,0.28396,-1.53304,7.6565,0.921,cached_path_to_final_target,d,"$4,0,0,0,0,0,0,0,0#",20000,8000,Set tank.c app_speed/duty level to the logged pwm before sending the move key/protocol command; e=stop.,7.56074,20.39395,0,0,0,0.26536,0.10807,4.68337,7.54366,0.09823,4.4574,7.5991,7.5437,0.62086,13,0.0511,0,0,124.66313,46.70499,0.3288,0.3042,2,False,running
b326998ea4,formation_6_dynamic_popup,124,24.8,1784486800,completion_astar,finish_first,r06,r06,True,upper,member,local,2,3,7.12043,0.22189,-0.36157,0.3116,-0.00011,820,820,33,51,0,0,0000,---,False,0.29145,-0.11023,0.3116,-0.00011,7.55253,0.05846,cached_path_to_final_target,w,"$1,0,0,0,0,0,0,0,0#",16000,16000,Set tank.c app_speed/duty level to the logged pwm before sending the move key/protocol command; e=stop.,7.62582,20.45982,0,0,0,0.21954,0.11631,4.52501,7.54366,0.09823,4.4574,7.5991,7.5437,0.62086,13,0.0511,0,0,124.66313,46.70499,0.3288,0.3042,2,False,running
b326998ea4,formation_6_dynamic_popup,125,25.0,1784487000,completion_astar,finish_first,r01,r01,True,center,member,local,2,3,7.49003,-0.45342,0.0327,0.3116,0.0,820,820,58,62,0,0,0000,---,False,0.31143,0.01019,0.3116,0.0,7.95176,-0.43831,path_to_final_target,w,"$1,0,0,0,0,0,0,0,0#",16000,16000,Set tank.c app_speed/duty level to the logged pwm before sending the move key/protocol command; e=stop.,7.90005,20.93673,0,0,0,0.10635,0.11631,4.33228,7.60611,0.09319,4.3949,7.6617,7.6061,0.62544,14,0.0511,0,0,125.69459,47.085,0.3167,0.3042,3,False,running
b326998ea4,formation_6_dynamic_popup,125,25.0,1784487000,completion_astar,finish_first,r02,r02,True,center,member,local,2,3,7.90167,-0.77065,-0.06986,0.28063,1.25901,473,1000,89,80,0,0,0000,---,False,0.30905,0.03977,0.28063,1.25901,8.36322,-0.70013,path_to_final_target,a,"$3,0,0,0,0,0,0,0,0#",9000,20000,Set tank.c app_speed/duty level to the logged pwm before sending the move key/protocol command; e=stop.,8.03167,21.36028,0,8,0,0.10622,0.05111,4.30287,7.60611,0.09319,4.3949,7.6617,7.6061,0.62544,14,0.0511,0,0,125.69459,47.085,0.3167,0.3042,3,False,running
b326998ea4,formation_6_dynamic_popup,125,25.0,1784487000,completion_astar,finish_first,r03,r03,True,center,member,local,2,3,8.15801,-0.25361,-0.14848,0.37608,0.40243,905,1000,112,30,0,0,0000,---,False,0.37862,-0.03235,0.37608,0.40243,8.60276,-0.20443,path_to_final_target,a,"$3,0,0,0,0,0,0,0,0#",18000,20000,Set tank.c app_speed/duty level to the logged pwm before sending the move key/protocol command; e=stop.,8.19822,21.741,0,8,0,0.12163,0.05111,4.20964,7.60611,0.09319,4.3949,7.6617,7.6061,0.62544,14,0.0511,0,0,125.69459,47.085,0.3167,0.3042,3,False,running
b326998ea4,formation_6_dynamic_popup,125,25.0,1784487000,completion_astar,finish_first,r04,r04,True,upper,member,local,2,3,7.67333,0.93311,-0.01424,0.3116,0.0,820,820,-57,22,0,0,0000,---,False,0.31157,-0.00444,0.3116,0.0,8.1355,0.92653,path_to_final_target,w,"$1,0,0,0,0,0,0,0,0#",16000,16000,Set tank.c app_speed/duty level to the logged pwm before sending the move key/protocol command; e=stop.,7.64448,20.46096,0,0,0,0.21725,0.06884,4.5493,7.60611,0.09319,4.3949,7.6617,7.6061,0.62544,14,0.0511,0,0,125.69459,47.085,0.3167,0.3042,3,False,running
b326998ea4,formation_6_dynamic_popup,125,25.0,1784487000,completion_astar,finish_first,r05,r05,True,upper,member,local,2,3,7.23492,0.90384,0.09224,0.30853,-0.43304,903,721,-38,51,0,0,0000,---,False,0.31137,0.01193,0.30853,-0.43304,7.70385,0.91848,path_to_final_target,d,"$4,0,0,0,0,0,0,0,0#",18000,14000,Set tank.c app_speed/duty level to the logged pwm before sending the move key/protocol command; e=stop.,7.62245,20.57055,0,0,0,0.26536,0.10807,4.62315,7.60611,0.09319,4.3949,7.6617,7.6061,0.62544,14,0.0511,0,0,125.69459,47.085,0.3167,0.3042,3,False,running
b326998ea4,formation_6_dynamic_popup,125,25.0,1784487000,completion_astar,finish_first,r06,r06,True,lower,member,local,2,3,7.17872,0.19985,-0.36158,0.3116,-5e-05,820,820,36,46,0,0,0000,---,False,0.29145,-0.11023,0.3116,-5e-05,7.61082,0.03642,path_to_final_target,w,"$1,0,0,0,0,0,0,0,0#",16000,16000,Set tank.c app_speed/duty level to the logged pwm before sending the move key/protocol command; e=stop.,7.68814,20.62507,0,0,0,0.21954,0.11631,4.46575,7.60611,0.09319,4.3949,7.6617,7.6061,0.62544,14,0.0511,0,0,125.69459,47.085,0.3167,0.3042,3,False,running
b326998ea4,formation_6_dynamic_popup,126,25.2,1784487200,completion_astar,finish_first,r01,r01,True,center,member,local,2,3,7.55232,-0.45138,0.0327,0.3116,0.0,820,820,61,59,0,0,0000,---,False,0.31143,0.01019,0.3116,0.0,8.01404,-0.43628,cached_path_to_final_target,w,"$1,0,0,0,0,0,0,0,0#",16000,16000,Set tank.c app_speed/duty level to the logged pwm before sending the move key/protocol command; e=stop.,7.96237,21.10198,0,0,0,0.10635,0.11631,4.26996,7.66966,0.08976,4.3313,7.7253,7.6697,0.62754,15,0.0511,0,0,126.72282,47.4707,0.3214,0.3044,3,False,running
b326998ea4,formation_6_dynamic_popup,126,25.2,1784487200,completion_astar,finish_first,r02,r02,True,center,member,local,2,3,7.96284,-0.76846,0.03577,0.30607,0.52818,694,917,86,80,0,0,0000,---,False,0.3094,0.03692,0.30607,0.52818,8.42363,-0.70836,cached_path_to_final_target,a,"$3,0,0,0,0,0,0,0,0#",14000,18000,Set tank.c app_speed/duty level to the logged pwm before sending the move key/protocol command; e=stop.,8.09288,21.53194,0,8,0,0.10622,0.05111,4.24181,7.66966,0.08976,4.3313,7.7253,7.6697,0.62754,15,0.0511,0,0,126.72282,47.4707,0.3214,0.3044,3,False,running
b326998ea4,formation_6_dynamic_popup,126,25.2,1784487200,completion_astar,finish_first,r03,r03,True,center,member,local,2,3,8.23312,-0.25911,-0.0731,0.37656,0.37687,912,1000,113,33,0,0,0000,---,False,0.37996,-0.00527,0.37656,0.37687,8.67643,-0.21562,cached_path_to_final_target,a,"$3,0,0,0,0,0,0,0,0#",18000,20000,Set tank.c app_speed/duty level to the logged pwm before sending the move key/protocol command; e=stop.,8.27353,21.934,0,8,0,0.12163,0.05111,4.13501,7.66966,0.08976,4.3313,7.7253,7.6697,0.62754,15,0.0511,0,0,126.72282,47.4707,0.3214,0.3044,3,False,running
b326998ea4,formation_6_dynamic_popup,126,25.2,1784487200,completion_astar,finish_first,r04,r04,True,upper,member,local,2,3,7.73564,0.93222,-0.01424,0.3116,0.0,820,820,-62,19,0,0,0000,---,False,0.31157,-0.00444,0.3116,0.0,8.19764,0.92564,cached_path_to_final_target,w,"$1,0,0,0,0,0,0,0,0#",16000,16000,Set tank.c app_speed/duty level to the logged pwm before sending the move key/protocol command; e=stop.,7.7068,20.62621,0,0,0,0.1854,0.06884,4.48746,7.66966,0.08976,4.3313,7.7253,7.6697,0.62754,15,0.0511,0,0,126.72282,47.4707,0.3214,0.3044,3,False,running
b326998ea4,formation_6_dynamic_popup,126,25.2,1784487200,completion_astar,finish_first,r05,r05,True,upper,member,local,2,3,7.29703,0.90751,0.05911,0.31105,-0.16565,853,784,-38,46,0,0,0000,---,False,0.31143,0.01031,0.31105,-0.16565,7.76108,0.92125,cached_path_to_final_target,w,"$1,0,0,0,0,0,0,0,0#",17000,16000,Set tank.c app_speed/duty level to the logged pwm before sending the move key/protocol command; e=stop.,7.68466,20.73837,0,0,0,0.26536,0.10807,4.56204,7.66966,0.08976,4.3313,7.7253,7.6697,0.62754,15,0.0511,0,0,126.72282,47.4707,0.3214,0.3044,3,False,running
b326998ea4,formation_6_dynamic_popup,126,25.2,1784487200,completion_astar,finish_first,r06,r06,True,lower,member,local,2,3,7.23701,0.1778,-0.36158,0.3116,-2e-05,820,820,38,41,0,0,0000,---,False,0.29145,-0.11023,0.3116,-2e-05,7.66911,0.01437,cached_path_to_final_target,w,"$1,0,0,0,0,0,0,0,0#",16000,16000,Set tank.c app_speed/duty level to the logged pwm before sending the move key/protocol command; e=stop.,7.75046,20.79032,0,0,0,0.21954,0.11631,4.40658,7.66966,0.08976,4.3313,7.7253,7.6697,0.62754,15,0.0511,0,0,126.72282,47.4707,0.3214,0.3044,3,False,running
b326998ea4,formation_6_dynamic_popup,127,25.4,1784487400,completion_astar,finish_first,r01,r01,True,center,member,local,2,3,7.61461,-0.44934,0.0327,0.3116,0.0,820,820,64,56,0,0,0000,---,False,0.31143,0.01019,0.3116,0.0,8.07633,-0.43424,cached_path_to_final_target,w,"$1,0,0,0,0,0,0,0,0#",16000,16000,Set tank.c app_speed/duty level to the logged pwm before sending the move key/protocol command; e=stop.,8.02469,21.26722,0,0,0,0.10635,0.11631,4.20764,7.73542,0.08574,4.2654,7.7912,7.7354,0.63251,15,0.0511,0,0,127.78159,47.86959,0.3324,0.3045,3,False,running
b326998ea4,formation_6_dynamic_popup,127,25.4,1784487400,completion_astar,finish_first,r02,r02,True,center,member,local,2,3,8.03686,-0.77429,-0.07859,0.37122,-0.57182,1000,857,96,80,0,0,0000,---,False,0.37388,-0.0679,0.37122,-0.57182,8.48454,-0.7089,cached_path_to_final_target,d,"$4,0,0,0,0,0,0,0,0#",20000,17000,Set tank.c app_speed/duty level to the logged pwm before sending the move key/protocol command; e=stop.,8.16713,21.73534,0,8,0,0.10622,0.05111,4.16888,7.73542,0.08574,4.2654,7.7912,7.7354,0.63251,15,0.0511,0,0,127.78159,47.86959,0.3324,0.3045,3,False,running
b326998ea4,formation_6_dynamic_popup,127,25.4,1784487400,completion_astar,finish_first,r03,r03,True,center,member,local,1,3,8.30851,-0.25926,-0.00203,0.37694,0.35533,917,1000,115,36,0,0,0000,---,False,0.37945,0.02044,0.37694,0.35533,8.75106,-0.22189,cached_path_to_final_target,a,"$3,0,0,0,0,0,0,0,0#",18000,20000,Set tank.c app_speed/duty level to the logged pwm before sending the move key/protocol command; e=stop.,8.34892,22.12745,0,8,0,0.12163,0.05111,4.05978,7.73542,0.08574,4.2654,7.7912,7.7354,0.63251,15,0.0511,0,0,127.78159,47.86959,0.3324,0.3045,3,False,running
b326998ea4,formation_6_dynamic_popup,127,25.4,1784487400,completion_astar,finish_first,r04,r04,True,upper,member,local,2,3,7.79796,0.93133,-0.01424,0.3116,0.0,820,820,-68,16,0,0,0000,---,False,0.31157,-0.00444,0.3116,0.0,8.2599,0.92475,cached_path_to_final_target,w,"$1,0,0,0,0,0,0,0,0#",16000,16000,Set tank.c app_speed/duty level to the logged pwm before sending the move key/protocol command; e=stop.,7.76912,20.79145,0,0,0,0.15878,0.06884,4.42563,7.73542,0.08574,4.2654,7.7912,7.7354,0.63251,15,0.0511,0,0,127.78159,47.86959,0.3324,0.3045,3,False,running
b326998ea4,formation_6_dynamic_popup,127,25.4,1784487400,completion_astar,finish_first,r05,r05,True,upper,member,local,2,3,7.35926,0.91026,0.04408,0.31149,-0.07517,836,804,-40,42,0,0,0000,---,False,0.31144,0.01005,0.31149,-0.07517,7.82173,0.92445,cached_path_to_final_target,w,"$1,0,0,0,0,0,0,0,0#",17000,16000,Set tank.c app_speed/duty level to the logged pwm before sending the move key/protocol command; e=stop.,7.74695,20.90455,0,0,0,0.26536,0.10807,4.50071,7.73542,0.08574,4.2654,7.7912,7.7354,0.63251,15,0.0511,0,0,127.78159,47.86959,0.3324,0.3045,3,False,running
b326998ea4,formation_6_dynamic_popup,127,25.4,1784487400,completion_astar,finish_first,r06,r06,True,lower,member,local,2,3,7.2953,0.15575,-0.36159,0.3116,-1e-05,820,820,41,36,0,0,0000,---,False,0.29145,-0.11023,0.3116,-1e-05,7.7274,-0.00767,cached_path_to_final_target,w,"$1,0,0,0,0,0,0,0,0#",16000,16000,Set tank.c app_speed/duty level to the logged pwm before sending the move key/protocol command; e=stop.,7.81278,20.95556,0,0,0,0.21954,0.11631,4.34749,7.73542,0.08574,4.2654,7.7912,7.7354,0.63251,15,0.0511,0,0,127.78159,47.86959,0.3324,0.3045,3,False,running
b326998ea4,formation_6_dynamic_popup,128,25.6,1784487600,completion_astar,finish_first,r01,r01,True,center,member,local,2,3,7.67996,-0.46173,-0.1873,0.33258,-1.1,1000,644,81,55,0,0,0000,---,False,0.33842,-0.17284,0.33258,-1.1,8.13862,-0.4322,cached_path_to_final_target,d,"$4,0,0,0,0,0,0,0,0#",20000,13000,Set tank.c app_speed/duty level to the logged pwm before sending the move key/protocol command; e=stop.,8.09121,21.44563,0,0,0,0.10635,0.11631,4.14276,7.7979,0.08262,4.2029,7.8538,7.7979,0.64169,15,0.0511,0,0,128.83427,48.25604,0.322,0.3046,3,False,running
b326998ea4,formation_6_dynamic_popup,128,25.6,1784487600,completion_astar,finish_first,r02,r02,True,center,member,local,2,3,8.09793,-0.77264,0.02704,0.30548,0.52818,693,915,93,81,0,0,0000,---,False,0.30936,0.0373,0.30548,0.52818,8.55448,-0.71188,cached_path_to_final_target,a,"$3,0,0,0,0,0,0,0,0#",14000,18000,Set tank.c app_speed/duty level to the logged pwm before sending the move key/protocol command; e=stop.,8.22822,21.91362,0,8,0,0.10622,0.05111,4.108,7.7979,0.08262,4.2029,7.8538,7.7979,0.64169,15,0.0511,0,0,128.83427,48.25604,0.322,0.3046,3,False,running
b326998ea4,formation_6_dynamic_popup,128,25.6,1784487600,completion_astar,finish_first,r03,r03,True,center,member,local,1,3,8.3838,-0.25435,0.06516,0.37727,0.33597,922,1000,116,38,0,0,0000,---,False,0.37736,0.04472,0.37727,0.33597,8.82619,-0.22342,cached_path_to_final_target,a,"$3,0,0,0,0,0,0,0,0#",18000,20000,Set tank.c app_speed/duty level to the logged pwm before sending the move key/protocol command; e=stop.,8.42437,22.32138,0,8,0,0.12163,0.05111,3.98432,7.7979,0.08262,4.2029,7.8538,7.7979,0.64169,15,0.0511,0,0,128.83427,48.25604,0.322,0.3046,3,False,running
b326998ea4,formation_6_dynamic_popup,128,25.6,1784487600,completion_astar,finish_first,r04,r04,True,upper,member,local,2,3,7.86451,0.94522,0.20576,0.33994,1.1,663,1000,-87,15,0,0,0000,---,False,0.34233,0.16496,0.33994,1.1,8.3222,0.92387,cached_path_to_final_target,a,"$3,0,0,0,0,0,0,0,0#",13000,20000,Set tank.c app_speed/duty level to the logged pwm before sending the move key/protocol command; e=stop.,7.83711,20.97238,0,0,0,0.1514,0.06884,4.36173,7.7979,0.08262,4.2029,7.8538,7.7979,0.64169,15,0.0511,0,0,128.83427,48.25604,0.322,0.3046,3,False,running
b326998ea4,formation_6_dynamic_popup,128,25.6,1784487600,completion_astar,finish_first,r05,r05,True,upper,member,local,2,3,7.42153,0.9126,0.03753,0.31158,-0.03274,827,813,-43,37,0,0,0000,---,False,0.31144,0.01009,0.31158,-0.03274,7.88349,0.92724,cached_path_to_final_target,w,"$1,0,0,0,0,0,0,0,0#",17000,16000,Set tank.c app_speed/duty level to the logged pwm before sending the move key/protocol command; e=stop.,7.80927,21.07023,0,0,0,0.26536,0.10807,4.43931,7.7979,0.08262,4.2029,7.8538,7.7979,0.64169,15,0.0511,0,0,128.83427,48.25604,0.322,0.3046,3,False,running
b326998ea4,formation_6_dynamic_popup,128,25.6,1784487600,completion_astar,finish_first,r06,r06,True,lower,member,local,2,3,7.33965,0.1266,-0.58159,0.26538,-1.10001,930,467,57,33,0,0,1000,---,False,0.15294,-0.34581,0.26538,-1.10001,7.78569,-0.02972,cached_path_to_final_target,d,"$4,0,0,0,0,0,0,0,0#",19000,9000,Set tank.c app_speed/duty level to the logged pwm before sending the move key/protocol command; e=stop.,7.86586,21.11102,0,0,0,0.21954,0.11631,4.30221,7.7979,0.08262,4.2029,7.8538,7.7979,0.64169,15,0.0511,0,0,128.83427,48.25604,0.322,0.3046,3,False,running
b326998ea4,formation_6_dynamic_popup,129,25.8,1784487800,completion_astar,finish_first,r01,r01,True,center,member,local,2,3,7.73957,-0.47303,-0.1873,0.30333,0.0,798,798,84,54,0,0,0000,---,False,0.3113,0.01358,0.30333,0.0,8.203,-0.43891,path_to_final_target,w,"$1,0,0,0,0,0,0,0,0#",16000,16000,Set tank.c app_speed/duty level to the logged pwm before sending the move key/protocol command; e=stop.,8.15187,21.61979,0,0,0,0.10635,0.11631,4.08362,7.86012,0.07852,4.1406,7.9161,7.8601,0.65206,15,0.0511,0,0,129.90551,48.65777,0.3348,0.3047,3,False,running
b326998ea4,formation_6_dynamic_popup,129,25.8,1784487800,completion_astar,finish_first,r02,r02,True,center,member,local,2,3,8.15981,-0.76781,0.07779,0.31032,0.25374,763,870,93,81,0,0,0000,---,False,0.30945,0.03658,0.31032,0.25374,8.61816,-0.71114,path_to_final_target,a,"$3,0,0,0,0,0,0,0,0#",15000,17000,Set tank.c app_speed/duty level to the logged pwm before sending the move key/protocol command; e=stop.,8.29029,22.0813,0,8,0,0.10622,0.05111,4.04598,7.86012,0.07852,4.1406,7.9161,7.8601,0.65206,15,0.0511,0,0,129.90551,48.65777,0.3348,0.3047,3,False,running
b326998ea4,formation_6_dynamic_popup,129,25.8,1784487800,completion_astar,finish_first,r03,r03,True,center,member,local,1,3,8.45869,-0.24465,0.12874,0.37755,0.3179,927,1000,117,42,0,0,0000,---,False,0.37395,0.06754,0.37755,0.3179,8.90143,-0.22045,path_to_final_target,w,"$1,0,0,0,0,0,0,0,0#",19000,20000,Set tank.c app_speed/duty level to the logged pwm before sending the move key/protocol command; e=stop.,8.49988,22.5158,0,8,0,0.12163,0.05111,3.90898,7.86012,0.07852,4.1406,7.9161,7.8601,0.65206,15,0.0511,0,0,129.90551,48.65777,0.3348,0.3047,3,False,running
b326998ea4,formation_6_dynamic_popup,129,25.8,1784487800,completion_astar,finish_first,r04,r04,True,upper,member,local,2,3,7.93707,0.96576,0.27576,0.37704,0.35,919,1000,-99,16,0,0,0000,---,False,0.3594,0.12341,0.37704,0.35,8.38343,0.8828,path_to_final_target,a,"$3,0,0,0,0,0,0,0,0#",18000,20000,Set tank.c app_speed/duty level to the logged pwm before sending the move key/protocol command; e=stop.,7.91251,21.17626,0,0,0,0.1514,0.06884,4.29304,7.86012,0.07852,4.1406,7.9161,7.8601,0.65206,15,0.0511,0,0,129.90551,48.65777,0.3348,0.3047,3,False,running
b326998ea4,formation_6_dynamic_popup,129,25.8,1784487800,completion_astar,finish_first,r05,r05,True,upper,member,local,2,3,7.48382,0.91476,0.03476,0.3116,-0.01386,823,817,-46,32,0,0,0000,---,False,0.31143,0.01015,0.3116,-0.01386,7.94561,0.92968,path_to_final_target,w,"$1,0,0,0,0,0,0,0,0#",16000,16000,Set tank.c app_speed/duty level to the logged pwm before sending the move key/protocol command; e=stop.,7.87159,21.23567,0,0,0,0.26536,0.10807,4.37791,7.86012,0.07852,4.1406,7.9161,7.8601,0.65206,15,0.0511,0,0,129.90551,48.65777,0.3348,0.3047,3,False,running
b326998ea4,formation_6_dynamic_popup,129,25.8,1784487800,completion_astar,finish_first,r06,r06,True,lower,member,local,2,3,7.38178,0.07609,-0.87556,0.32883,-1.46984,1000,556,79,32,0,0,1000,---,False,0.17015,-0.33978,0.32883,-1.46984,7.83588,-0.05227,path_to_final_target,d,"$4,0,0,0,0,0,0,0,0#",20000,11000,Set tank.c app_speed/duty level to the logged pwm before sending the move key/protocol command; e=stop.,7.93162,21.27671,0,0,0,0.21954,0.11631,4.2589,7.86012,0.07852,4.1406,7.9161,7.8601,0.65206,15,0.0511,0,0,129.90551,48.65777,0.3348,0.3047,3,False,running
b326998ea4,formation_6_dynamic_popup,130,26.0,1784488000,completion_astar,finish_first,r01,r01,True,center,member,local,2,3,7.80007,-0.47637,-0.05524,0.30298,0.66029,658,936,81,53,0,0,0000,---,False,0.31123,0.01511,0.30298,0.66029,8.264,-0.44756,cached_path_to_final_target,a,"$3,0,0,0,0,0,0,0,0#",13000,19000,Set tank.c app_speed/duty level to the logged pwm before sending the move key/protocol command; e=stop.,8.21247,21.78703,0,0,0,0.10635,0.11631,4.0233,7.92271,0.07452,4.078,7.9789,7.9227,0.66103,15,0.0511,0,0,131.00843,49.06952,0.3431,0.3047,2,False,running
b326998ea4,formation_6_dynamic_popup,130,26.0,1784488000,completion_astar,finish_first,r02,r02,True,center,member,local,2,3,8.22178,-0.76166,0.09897,0.31138,0.10591,797,842,95,81,0,0,0000,---,False,0.30952,0.03595,0.31138,0.10591,8.68056,-0.70734,cached_path_to_final_target,w,"$1,0,0,0,0,0,0,0,0#",16000,17000,Set tank.c app_speed/duty level to the logged pwm before sending the move key/protocol command; e=stop.,8.35256,22.248,0,8,0,0.10622,0.05111,3.98371,7.92271,0.07452,4.078,7.9789,7.9227,0.66103,15,0.0511,0,0,131.00843,49.06952,0.3431,0.3047,2,False,running
b326998ea4,formation_6_dynamic_popup,130,26.0,1784488000,completion_astar,finish_first,r03,r03,True,center,member,local,1,3,8.53291,-0.23046,0.1889,0.37781,0.3008,931,1000,119,45,0,0,0000,---,False,0.36945,0.08891,0.37781,0.3008,8.97645,-0.21325,cached_path_to_final_target,w,"$1,0,0,0,0,0,0,0,0#",19000,20000,Set tank.c app_speed/duty level to the logged pwm before sending the move key/protocol command; e=stop.,8.57545,22.7106,0,8,0,0.12163,0.05111,3.83403,7.92271,0.07452,4.078,7.9789,7.9227,0.66103,15,0.0511,0,0,131.00843,49.06952,0.3431,0.3047,2,False,running
b326998ea4,formation_6_dynamic_popup,130,26.0,1784488000,completion_astar,finish_first,r04,r04,True,center,member,local,2,3,8.01068,0.98423,0.24596,0.37946,-0.14901,1000,967,-105,17,0,0,0000,---,False,0.37063,0.08387,0.37946,-0.14901,8.45218,0.88211,cached_path_to_final_target,w,"$1,0,0,0,0,0,0,0,0#",20000,19000,Set tank.c app_speed/duty level to the logged pwm before sending the move key/protocol command; e=stop.,7.98841,21.37966,0,0,0,0.1514,0.06884,4.2232,7.92271,0.07452,4.078,7.9789,7.9227,0.66103,15,0.0511,0,0,131.00843,49.06952,0.3431,0.3047,2,False,running
b326998ea4,formation_6_dynamic_popup,130,26.0,1784488000,completion_astar,finish_first,r05,r05,True,upper,member,local,2,3,7.5461,0.91686,0.03361,0.3116,-0.00574,821,819,-50,28,0,0,0000,---,False,0.31143,0.01019,0.3116,-0.00574,8.00785,0.93191,cached_path_to_final_target,w,"$1,0,0,0,0,0,0,0,0#",16000,16000,Set tank.c app_speed/duty level to the logged pwm before sending the move key/protocol command; e=stop.,7.93391,21.401,0,0,0,0.26536,0.10807,4.31652,7.92271,0.07452,4.078,7.9789,7.9227,0.66103,15,0.0511,0,0,131.00843,49.06952,0.3431,0.3047,2,False,running
b326998ea4,formation_6_dynamic_popup,130,26.0,1784488000,completion_astar,finish_first,r06,r06,True,center,member,local,2,3,7.42475,0.0145,-0.96161,0.37552,-0.43025,1000,898,90,31,0,0,0100,---,False,0.19589,-0.32562,0.37552,-0.43025,7.88512,-0.0807,cached_path_to_final_target,d,"$4,0,0,0,0,0,0,0,0#",20000,18000,Set tank.c app_speed/duty level to the logged pwm before sending the move key/protocol command; e=stop.,8.00673,21.48214,0,0,0,0.21954,0.11631,4.21527,7.92271,0.07452,4.078,7.9789,7.9227,0.66103,15,0.0511,0,0,131.00843,49.06952,0.3431,0.3047,2,False,running
b326998ea4,formation_6_dynamic_popup,131,26.2,1784488200,completion_astar,finish_first,r01,r01,True,center,member,local,2,3,7.86207,-0.47626,0.00175,0.30999,0.28494,756,876,81,52,0,0,0000,---,False,0.31126,0.01449,0.30999,0.28494,8.32462,-0.45195,cached_path_to_final_target,a,"$3,0,0,0,0,0,0,0,0#",15000,18000,Set tank.c app_speed/duty level to the logged pwm before sending the move key/protocol command; e=stop.,8.27447,21.95578,0,0,0,0.10635,0.11631,3.96135,7.98575,0.07101,4.0149,8.042,7.9857,0.66867,15,0.0511,0,0,132.10462,49.48318,0.3447,0.3048,2,False,running
b326998ea4,formation_6_dynamic_popup,131,26.2,1784488200,completion_astar,finish_first,r02,r02,True,center,member,local,1,3,8.28373,-0.75497,0.10762,0.31156,0.04323,811,829,97,82,0,0,0000,---,False,0.30956,0.03557,0.31156,0.04323,8.74264,-0.7018,cached_path_to_final_target,w,"$1,0,0,0,0,0,0,0,0#",16000,17000,Set tank.c app_speed/duty level to the logged pwm before sending the move key/protocol command; e=stop.,8.41487,22.41389,0,8,0,0.10622,0.05111,3.92139,7.98575,0.07101,4.0149,8.042,7.9857,0.66867,15,0.0511,0,0,132.10462,49.48318,0.3447,0.3048,2,False,running
b326998ea4,formation_6_dynamic_popup,131,26.2,1784488200,completion_astar,finish_first,r03,r03,True,center,member,local,1,3,8.60624,-0.21207,0.2458,0.37804,0.28452,935,1000,120,48,0,0,0000,---,False,0.36408,0.10885,0.37804,0.28452,9.05097,-0.20211,cached_path_to_final_target,w,"$1,0,0,0,0,0,0,0,0#",19000,20000,Set tank.c app_speed/duty level to the logged pwm before sending the move key/protocol command; e=stop.,8.65105,22.90579,0,8,0,0.12163,0.05111,3.75974,7.98575,0.07101,4.0149,8.042,7.9857,0.66867,15,0.0511,0,0,132.10462,49.48318,0.3447,0.3048,2,False,running
b326998ea4,formation_6_dynamic_popup,131,26.2,1784488200,completion_astar,finish_first,r04,r04,True,center,member,local,1,3,8.08493,0.99762,0.17834,0.37723,-0.33809,1000,922,-109,19,0,0,0000,---,False,0.37703,0.04746,0.37723,-0.33809,8.52391,0.89218,cached_path_to_final_target,d,"$4,0,0,0,0,0,0,0,0#",20000,18000,Set tank.c app_speed/duty level to the logged pwm before sending the move key/protocol command; e=stop.,8.06385,21.57544,0,0,0,0.1514,0.06884,4.15211,7.98575,0.07101,4.0149,8.042,7.9857,0.66867,15,0.0511,0,0,132.10462,49.48318,0.3447,0.3048,2,False,running
b326998ea4,formation_6_dynamic_popup,131,26.2,1784488200,completion_astar,finish_first,r05,r05,True,upper,member,local,2,3,7.60839,0.91892,0.03314,0.3116,-0.00234,820,820,-54,24,0,0,0000,---,False,0.31143,0.01021,0.3116,-0.00234,8.07012,0.93404,cached_path_to_final_target,w,"$1,0,0,0,0,0,0,0,0#",16000,16000,Set tank.c app_speed/duty level to the logged pwm before sending the move key/protocol command; e=stop.,7.99623,21.56628,0,0,0,0.24324,0.10807,4.25515,7.98575,0.07101,4.0149,8.042,7.9857,0.66867,15,0.0511,0,0,132.10462,49.48318,0.3447,0.3048,2,False,running
b326998ea4,formation_6_dynamic_popup,131,26.2,1784488200,completion_astar,finish_first,r06,r06,True,center,member,local,2,3,7.46913,-0.04717,-0.94706,0.37987,0.07274,984,1000,96,32,0,0,0011,---,False,0.22546,-0.30589,0.37987,0.07274,7.93596,-0.11187,cached_path_to_final_target,w,"$1,0,0,0,0,0,0,0,0#",20000,20000,Set tank.c app_speed/duty level to the logged pwm before sending the move key/protocol command; e=stop.,8.0827,21.68744,0,0,0,0.21954,0.11631,4.17114,7.98575,0.07101,4.0149,8.042,7.9857,0.66867,15,0.0511,0,0,132.10462,49.48318,0.3447,0.3048,2,False,running
b326998ea4,formation_6_dynamic_popup,132,26.4,1784488400,completion_astar,finish_first,r01,r01,True,center,member,local,2,3,7.93405,-0.48778,-0.15871,0.36451,-0.80231,1000,790,95,52,0,0,0000,---,False,0.36469,-0.10676,0.36451,-0.80231,8.3862,-0.45295,cached_path_to_final_target,d,"$4,0,0,0,0,0,0,0,0#",20000,16000,Set tank.c app_speed/duty level to the logged pwm before sending the move key/protocol command; e=stop.,8.34737,22.15148,0,0,0,0.10635,0.11631,3.88993,8.05093,0.06578,3.9496,8.1074,8.0509,0.67663,15,0.0511,0,0,133.2165,49.90717,0.3533,0.305,2,False,running
b326998ea4,formation_6_dynamic_popup,132,26.4,1784488400,completion_astar,finish_first,r02,r02,True,center,member,local,1,3,8.34567,-0.74806,0.11109,0.31159,0.01733,816,824,100,83,0,0,0000,---,False,0.30958,0.03539,0.31159,0.01733,8.80463,-0.69543,cached_path_to_final_target,w,"$1,0,0,0,0,0,0,0,0#",16000,16000,Set tank.c app_speed/duty level to the logged pwm before sending the move key/protocol command; e=stop.,8.47719,22.5794,0,8,0,0.10622,0.05111,3.85908,8.05093,0.06578,3.9496,8.1074,8.0509,0.67663,15,0.0511,0,0,133.2165,49.90717,0.3533,0.305,2,False,running
b326998ea4,formation_6_dynamic_popup,132,26.4,1784488400,completion_astar,finish_first,r03,r03,True,center,member,local,1,3,8.67852,-0.18974,0.29961,0.37825,0.26903,939,1000,121,52,0,0,0000,---,False,0.35801,0.1274,0.37825,0.26903,9.12475,-0.18733,cached_path_to_final_target,w,"$1,0,0,0,0,0,0,0,0#",19000,20000,Set tank.c app_speed/duty level to the logged pwm before sending the move key/protocol command; e=stop.,8.7267,23.10138,0,8,0,0.12163,0.05111,3.68637,8.05093,0.06578,3.9496,8.1074,8.0509,0.67663,15,0.0511,0,0,133.2165,49.90717,0.3533,0.305,2,False,running
b326998ea4,formation_6_dynamic_popup,132,26.4,1784488400,completion_astar,finish_first,r04,r04,True,center,member,local,1,3,8.15979,1.00503,0.09867,0.37616,-0.39836,1000,906,-111,22,0,0,0000,---,False,0.37975,0.0137,0.37616,-0.39836,8.59702,0.90228,cached_path_to_final_target,d,"$4,0,0,0,0,0,0,0,0#",20000,18000,Set tank.c app_speed/duty level to the logged pwm before sending the move key/protocol command; e=stop.,8.13909,21.76823,0,0,0,0.1514,0.06884,4.07954,8.05093,0.06578,3.9496,8.1074,8.0509,0.67663,15,0.0511,0,0,133.2165,49.90717,0.3533,0.305,2,False,running
b326998ea4,formation_6_dynamic_popup,132,26.4,1784488400,completion_astar,finish_first,r05,r05,True,upper,member,local,2,3,7.67067,0.92097,0.03295,0.3116,-0.00094,820,820,-59,21,0,0,0000,---,False,0.31143,0.01022,0.3116,-0.00094,8.1324,0.93612,cached_path_to_final_target,w,"$1,0,0,0,0,0,0,0,0#",16000,16000,Set tank.c app_speed/duty level to the logged pwm before sending the move key/protocol command; e=stop.,8.05855,21.73154,0,0,0,0.20851,0.10807,4.19381,8.05093,0.06578,3.9496,8.1074,8.0509,0.67663,15,0.0511,0,0,133.2165,49.90717,0.3533,0.305,2,False,running
b326998ea4,formation_6_dynamic_popup,132,26.4,1784488400,completion_astar,finish_first,r06,r06,True,center,member,local,2,3,7.51686,-0.10575,-0.88715,0.37783,0.29951,931,1000,98,32,0,0,0001,---,False,0.25361,-0.28299,0.37783,0.29951,7.98771,-0.14059,cached_path_to_final_target,w,"$1,0,0,0,0,0,0,0,0#",19000,20000,Set tank.c app_speed/duty level to the logged pwm before sending the move key/protocol command; e=stop.,8.15827,21.88448,0,0,0,0.21954,0.11631,4.1245,8.05093,0.06578,3.9496,8.1074,8.0509,0.67663,15,0.0511,0,0,133.2165,49.90717,0.3533,0.305,2,False,running
b326998ea4,formation_6_dynamic_popup,133,26.6,1784488600,completion_astar,finish_first,r01,r01,True,center,member,local,2,3,8.00841,-0.50262,-0.19687,0.37912,-0.19077,1000,958,102,53,0,0,0000,---,False,0.37026,-0.08546,0.37912,-0.19077,8.455,-0.45988,path_to_final_target,w,"$1,0,0,0,0,0,0,0,0#",20000,19000,Set tank.c app_speed/duty level to the logged pwm before sending the move key/protocol command; e=stop.,8.42319,22.35608,0,0,0,0.10635,0.11631,3.81637,8.11718,0.0603,3.8833,8.1739,8.1172,0.68256,15,0.0511,0,0,134.33234,50.33335,0.3552,0.3052,2,False,running
b326998ea4,formation_6_dynamic_popup,133,26.6,1784488600,completion_astar,finish_first,r02,r02,True,center,member,local,1,3,8.40759,-0.74106,0.11245,0.3116,0.00684,819,821,103,84,0,0,0000,---,False,0.30959,0.0353,0.3116,0.00684,8.86658,-0.68866,path_to_final_target,w,"$1,0,0,0,0,0,0,0,0#",16000,16000,Set tank.c app_speed/duty level to the logged pwm before sending the move key/protocol command; e=stop.,8.53951,22.74475,0,8,0,0.10622,0.05111,3.79676,8.11718,0.0603,3.8833,8.1739,8.1172,0.68256,15,0.0511,0,0,134.33234,50.33335,0.3552,0.3052,2,False,running
b326998ea4,formation_6_dynamic_popup,133,26.6,1784488600,completion_astar,finish_first,r03,r03,True,center,member,local,1,3,8.74961,-0.16375,0.35047,0.37843,0.25433,942,1000,122,56,0,0,0000,---,False,0.3514,0.14463,0.37843,0.25433,9.19758,-0.16916,path_to_final_target,w,"$1,0,0,0,0,0,0,0,0#",19000,20000,Set tank.c app_speed/duty level to the logged pwm before sending the move key/protocol command; e=stop.,8.80239,23.29725,0,8,0,0.12163,0.05111,3.61411,8.11718,0.0603,3.8833,8.1739,8.1172,0.68256,15,0.0511,0,0,134.33234,50.33335,0.3552,0.3052,2,False,running
b326998ea4,formation_6_dynamic_popup,133,26.6,1784488600,completion_astar,finish_first,r04,r04,True,center,member,local,1,3,8.23498,1.00632,0.01713,0.37598,-0.4077,1000,904,-113,24,0,0,0000,---,False,0.37958,-0.01783,0.37598,-0.4077,8.67105,0.90866,path_to_final_target,d,"$4,0,0,0,0,0,0,0,0#",20000,18000,Set tank.c app_speed/duty level to the logged pwm before sending the move key/protocol command; e=stop.,8.21428,21.96024,0,0,0,0.1514,0.06884,4.00569,8.11718,0.0603,3.8833,8.1739,8.1172,0.68256,15,0.0511,0,0,134.33234,50.33335,0.3552,0.3052,2,False,running
b326998ea4,formation_6_dynamic_popup,133,26.6,1784488600,completion_astar,finish_first,r05,r05,True,upper,member,local,2,3,7.73295,0.92187,0.01447,0.31143,-0.09242,839,800,-63,18,0,0,0000,---,False,0.3116,-2e-05,0.31143,-0.09242,8.19486,0.92095,path_to_final_target,w,"$1,0,0,0,0,0,0,0,0#",17000,16000,Set tank.c app_speed/duty level to the logged pwm before sending the move key/protocol command; e=stop.,8.12084,21.89761,0,0,0,0.17748,0.10807,4.13233,8.11718,0.0603,3.8833,8.1739,8.1172,0.68256,15,0.0511,0,0,134.33234,50.33335,0.3552,0.3052,2,False,running
b326998ea4,formation_6_dynamic_popup,133,26.6,1784488600,completion_astar,finish_first,r06,r06,True,center,member,local,2,3,7.56953,-0.15896,-0.79043,0.37435,0.4836,883,1000,99,33,0,0,0000,---,False,0.28708,-0.24897,0.37435,0.4836,8.04369,-0.10631,path_to_final_target,a,"$3,0,0,0,0,0,0,0,0#",18000,20000,Set tank.c app_speed/duty level to the logged pwm before sending the move key/protocol command; e=stop.,8.23314,22.0764,0,0,0,0.21954,0.11631,4.07357,8.11718,0.0603,3.8833,8.1739,8.1172,0.68256,15,0.0511,0,0,134.33234,50.33335,0.3552,0.3052,2,False,running
b326998ea4,formation_6_dynamic_popup,134,26.8,1784488800,completion_astar,finish_first,r01,r01,True,center,member,local,2,3,8.08314,-0.51628,-0.18089,0.37985,0.0799,983,1000,105,55,0,0,0000,---,False,0.37463,-0.06366,0.37985,0.0799,8.5276,-0.47051,cached_path_to_final_target,w,"$1,0,0,0,0,0,0,0,0#",20000,20000,Set tank.c app_speed/duty level to the logged pwm before sending the move key/protocol command; e=stop.,8.49916,22.55866,0,0,0,0.10635,0.11631,3.74245,8.18406,0.05531,3.8163,8.2409,8.1841,0.68565,15,0.0511,0,0,135.44457,50.75983,0.3554,0.3054,2,False,running
b326998ea4,formation_6_dynamic_popup,134,26.8,1784488800,completion_astar,finish_first,r02,r02,True,center,member,local,1,3,8.46951,-0.73404,0.11299,0.3116,0.00267,819,821,106,85,0,0,0000,---,False,0.3096,0.03526,0.3116,0.00267,8.92852,-0.68173,cached_path_to_final_target,w,"$1,0,0,0,0,0,0,0,0#",16000,16000,Set tank.c app_speed/duty level to the logged pwm before sending the move key/protocol command; e=stop.,8.60183,22.91004,0,8,0,0.10622,0.05111,3.73444,8.18406,0.05531,3.8163,8.2409,8.1841,0.68565,15,0.0511,0,0,135.44457,50.75983,0.3554,0.3054,2,False,running
b326998ea4,formation_6_dynamic_popup,134,26.8,1784488800,completion_astar,finish_first,r03,r03,True,center,member,local,1,3,8.81939,-0.13436,0.39856,0.3786,0.24042,946,1000,123,60,0,0,0001,---,False,0.3444,0.1606,0.3786,0.24042,9.2693,-0.1479,cached_path_to_final_target,w,"$1,0,0,0,0,0,0,0,0#",19000,20000,Set tank.c app_speed/duty level to the logged pwm before sending the move key/protocol command; e=stop.,8.87811,23.49352,0,8,0,0.12163,0.05111,3.54316,8.18406,0.05531,3.8163,8.2409,8.1841,0.68565,15,0.0511,0,0,135.44457,50.75983,0.3554,0.3054,2,False,running
b326998ea4,formation_6_dynamic_popup,134,26.8,1784488800,completion_astar,finish_first,r04,r04,True,center,member,local,1,3,8.31007,1.00163,-0.06235,0.37618,-0.39738,1000,906,-114,27,0,0,0000,---,False,0.37704,-0.0473,0.37618,-0.39738,8.74566,0.91014,cached_path_to_final_target,d,"$4,0,0,0,0,0,0,0,0#",20000,18000,Set tank.c app_speed/duty level to the logged pwm before sending the move key/protocol command; e=stop.,8.28952,22.15247,0,0,0,0.1514,0.06884,3.93094,8.18406,0.05531,3.8163,8.2409,8.1841,0.68565,15,0.0511,0,0,135.44457,50.75983,0.3554,0.3054,2,False,running
b326998ea4,formation_6_dynamic_popup,134,26.8,1784488800,completion_astar,finish_first,r05,r05,True,upper,member,local,2,3,7.79525,0.92193,0.00095,0.31151,-0.06759,834,806,-68,15,0,0,0000,---,False,0.31159,-0.00301,0.31151,-0.06759,8.2572,0.91681,cached_path_to_final_target,w,"$1,0,0,0,0,0,0,0,0#",17000,16000,Set tank.c app_speed/duty level to the logged pwm before sending the move key/protocol command; e=stop.,8.18314,22.06311,0,0,0,0.15107,0.10807,4.07073,8.18406,0.05531,3.8163,8.2409,8.1841,0.68565,15,0.0511,0,0,135.44457,50.75983,0.3554,0.3054,2,False,running
b326998ea4,formation_6_dynamic_popup,134,26.8,1784488800,completion_astar,finish_first,r06,r06,True,center,member,local,2,3,7.62701,-0.20704,-0.69656,0.37467,0.46934,887,1000,99,34,0,0,0000,---,False,0.30865,-0.22166,0.37467,0.46934,8.09718,-0.12811,cached_path_to_final_target,a,"$3,0,0,0,0,0,0,0,0#",18000,20000,Set tank.c app_speed/duty level to the logged pwm before sending the move key/protocol command; e=stop.,8.30807,22.26677,0,0,0,0.21954,0.11631,4.01833,8.18406,0.05531,3.8163,8.2409,8.1841,0.68565,15,0.0511,0,0,135.44457,50.75983,0.3554,0.3054,2,False,running
b326998ea4,formation_6_dynamic_popup,135,27.0,1784489000,completion_astar,finish_first,r01,r01,True,center,member,local,2,3,8.15819,-0.52705,-0.14254,0.37911,0.19176,957,1000,108,57,0,0,0000,---,False,0.3776,-0.04262,0.37911,0.19176,8.6016,-0.48147,cached_path_to_final_target,w,"$1,0,0,0,0,0,0,0,0#",19000,20000,Set tank.c app_speed/duty level to the logged pwm before sending the move key/protocol command; e=stop.,8.57498,22.75706,0,0,0,0.10635,0.11631,3.66813,8.25211,0.05355,3.7483,8.309,8.2521,0.68974,14,0.0511,0,0,136.57196,51.19234,0.3604,0.3056,2,False,running
b326998ea4,formation_6_dynamic_popup,135,27.0,1784489000,completion_astar,finish_first,r02,r02,True,center,member,local,1,3,8.53144,-0.727,0.11319,0.3116,0.00103,820,820,108,87,0,0,0000,---,False,0.3096,0.03525,0.3116,0.00103,8.99044,-0.67473,cached_path_to_final_target,w,"$1,0,0,0,0,0,0,0,0#",16000,16000,Set tank.c app_speed/duty level to the logged pwm before sending the move key/protocol command; e=stop.,8.66415,23.0753,0,8,0,0.10622,0.05111,3.67212,8.25211,0.05355,3.7483,8.309,8.2521,0.68974,14,0.0511,0,0,136.57196,51.19234,0.3604,0.3056,2,False,running
b326998ea4,formation_6_dynamic_popup,135,27.0,1784489000,completion_astar,finish_first,r03,r03,True,center,member,local,1,3,8.8878,-0.10182,0.44402,0.37875,0.2273,949,1000,124,64,0,0,0001,---,False,0.3371,0.17539,0.37875,0.2273,9.33979,-0.1238,cached_path_to_final_target,w,"$1,0,0,0,0,0,0,0,0#",19000,20000,Set tank.c app_speed/duty level to the logged pwm before sending the move key/protocol command; e=stop.,8.95386,23.69008,0,8,0,0.12163,0.05111,3.4737,8.25211,0.05355,3.7483,8.309,8.2521,0.68974,14,0.0511,0,0,136.57196,51.19234,0.3604,0.3056,2,False,running
b326998ea4,formation_6_dynamic_popup,135,27.0,1784489000,completion_astar,finish_first,r04,r04,True,center,member,local,1,3,8.38465,0.99125,-0.1383,0.37651,-0.37977,1000,911,-116,30,0,0,0000,---,False,0.37258,-0.07474,0.37651,-0.37977,8.82046,0.90649,cached_path_to_final_target,d,"$4,0,0,0,0,0,0,0,0#",20000,18000,Set tank.c app_speed/duty level to the logged pwm before sending the move key/protocol command; e=stop.,8.36482,22.34527,0,0,0,0.1514,0.06884,3.85569,8.25211,0.05355,3.7483,8.309,8.2521,0.68974,14,0.0511,0,0,136.57196,51.19234,0.3604,0.3056,2,False,running
b326998ea4,formation_6_dynamic_popup,135,27.0,1784489000,completion_astar,finish_first,r05,r05,True,upper,member,local,2,3,7.86201,0.93598,0.20744,0.34111,1.03241,680,1000,-87,14,0,0,0000,---,False,0.34095,0.16779,0.34111,1.03241,8.31951,0.91549,cached_path_to_final_target,a,"$3,0,0,0,0,0,0,0,0#",14000,20000,Set tank.c app_speed/duty level to the logged pwm before sending the move key/protocol command; e=stop.,8.25136,22.24584,0,0,0,0.1431,0.10807,4.00691,8.25211,0.05355,3.7483,8.309,8.2521,0.68974,14,0.0511,0,0,136.57196,51.19234,0.3604,0.3056,2,False,running
b326998ea4,formation_6_dynamic_popup,135,27.0,1784489000,completion_astar,finish_first,r06,r06,True,center,member,local,2,3,7.68856,-0.25006,-0.61011,0.37548,0.43227,897,1000,100,35,0,0,0000,---,False,0.3255,-0.19608,0.37548,0.43227,8.15325,-0.16349,cached_path_to_final_target,a,"$3,0,0,0,0,0,0,0,0#",18000,20000,Set tank.c app_speed/duty level to the logged pwm before sending the move key/protocol command; e=stop.,8.38317,22.4584,0,0,0,0.21954,0.11631,3.95935,8.25211,0.05355,3.7483,8.309,8.2521,0.68974,14,0.0511,0,0,136.57196,51.19234,0.3604,0.3056,2,False,running
b326998ea4,formation_6_dynamic_popup,136,27.2,1784489200,completion_astar,finish_first,r01,r01,True,center,member,local,2,3,8.23358,-0.5343,-0.09578,0.37868,0.23378,947,1000,109,59,0,0,0000,---,False,0.37934,-0.02242,0.37868,0.23378,8.67625,-0.49074,cached_path_to_final_target,w,"$1,0,0,0,0,0,0,0,0#",19000,20000,Set tank.c app_speed/duty level to the logged pwm before sending the move key/protocol command; e=stop.,8.65072,22.95373,0,0,0,0.10635,0.11631,3.59332,8.32122,0.05412,3.6792,8.3781,8.3212,0.69308,14,0.0511,0,0,137.71593,51.63181,0.3662,0.3059,2,False,running
b326998ea4,formation_6_dynamic_popup,136,27.2,1784489200,completion_astar,finish_first,r02,r02,True,center,member,local,1,3,8.59336,-0.71995,0.11327,0.3116,0.00039,820,820,111,89,0,0,0000,---,False,0.3096,0.03524,0.3116,0.00039,9.05236,-0.66771,cached_path_to_final_target,w,"$1,0,0,0,0,0,0,0,0#",16000,16000,Set tank.c app_speed/duty level to the logged pwm before sending the move key/protocol command; e=stop.,8.72647,23.24055,0,8,0,0.10622,0.05111,3.6098,8.32122,0.05412,3.6792,8.3781,8.3212,0.69308,14,0.0511,0,0,137.71593,51.63181,0.3662,0.3059,2,False,running
b326998ea4,formation_6_dynamic_popup,136,27.2,1784489200,completion_astar,finish_first,r03,r03,True,center,member,local,1,3,8.95476,-0.06636,0.48701,0.37888,0.21495,952,1000,125,68,0,0,0010,---,False,0.32962,0.18907,0.37888,0.21495,9.40893,-0.09711,cached_path_to_final_target,w,"$1,0,0,0,0,0,0,0,0#",19000,20000,Set tank.c app_speed/duty level to the logged pwm before sending the move key/protocol command; e=stop.,9.02964,23.88693,0,8,0,0.12163,0.05111,3.40588,8.32122,0.05412,3.6792,8.3781,8.3212,0.69308,14,0.0511,0,0,137.71593,51.63181,0.3662,0.3059,2,False,running
b326998ea4,formation_6_dynamic_popup,136,27.2,1784489200,completion_astar,finish_first,r04,r04,True,center,member,local,1,3,8.45836,0.97552,-0.21027,0.37687,-0.35982,1000,916,-117,33,0,0,0000,---,False,0.36655,-0.10019,0.37687,-0.35982,8.89506,0.89785,cached_path_to_final_target,d,"$4,0,0,0,0,0,0,0,0#",20000,18000,Set tank.c app_speed/duty level to the logged pwm before sending the move key/protocol command; e=stop.,8.44019,22.53861,0,0,0,0.1514,0.06884,3.78036,8.32122,0.05412,3.6792,8.3781,8.3212,0.69308,14,0.0511,0,0,137.71593,51.63181,0.3662,0.3059,2,False,running
b326998ea4,formation_6_dynamic_popup,136,27.2,1784489200,completion_astar,finish_first,r05,r05,True,upper,member,local,2,3,7.9338,0.95788,0.29611,0.37525,0.44335,894,1000,-100,15,0,0,0000,---,False,0.35486,0.13592,0.37525,0.44335,8.3849,0.92285,cached_path_to_final_target,a,"$3,0,0,0,0,0,0,0,0#",18000,20000,Set tank.c app_speed/duty level to the logged pwm before sending the move key/protocol command; e=stop.,8.32641,22.44537,0,0,0,0.1431,0.10807,3.93955,8.32122,0.05412,3.6792,8.3781,8.3212,0.69308,14,0.0511,0,0,137.71593,51.63181,0.3662,0.3059,2,False,running
b326998ea4,formation_6_dynamic_popup,136,27.2,1784489200,completion_astar,finish_first,r06,r06,True,center,member,local,2,3,7.75347,-0.28805,-0.5295,0.37607,0.40305,905,1000,101,36,0,0,0000,---,False,0.33945,-0.1708,0.37607,0.40305,8.21289,-0.19973,cached_path_to_final_target,a,"$3,0,0,0,0,0,0,0,0#",18000,20000,Set tank.c app_speed/duty level to the logged pwm before sending the move key/protocol command; e=stop.,8.45838,22.65075,0,0,0,0.21954,0.11631,3.89719,8.32122,0.05412,3.6792,8.3781,8.3212,0.69308,14,0.0511,0,0,137.71593,51.63181,0.3662,0.3059,2,False,running
b326998ea4,formation_6_dynamic_popup,137,27.4,1784489400,completion_astar,finish_first,r01,r01,True,center,member,local,1,3,8.3092,-0.53782,-0.04658,0.37853,0.24597,944,1000,111,62,0,0,0000,---,False,0.37999,-0.00301,0.37853,0.24597,8.75134,-0.49734,path_to_final_target,w,"$1,0,0,0,0,0,0,0,0#",19000,20000,Set tank.c app_speed/duty level to the logged pwm before sending the move key/protocol command; e=stop.,8.72642,23.14977,0,0,0,0.10635,0.11631,3.51807,8.39065,0.05539,3.6098,8.4476,8.3906,0.69305,14,0.0511,0,0,138.86507,52.07222,0.367,0.3062,2,False,running
b326998ea4,formation_6_dynamic_popup,137,27.4,1784489400,completion_astar,finish_first,r02,r02,True,center,member,local,1,3,8.65528,-0.71291,0.1133,0.3116,0.00015,820,820,114,92,0,0,0000,---,False,0.3096,0.03524,0.3116,0.00015,9.11428,-0.66067,path_to_final_target,w,"$1,0,0,0,0,0,0,0,0#",16000,16000,Set tank.c app_speed/duty level to the logged pwm before sending the move key/protocol command; e=stop.,8.78879,23.4058,0,8,0,0.10622,0.05111,3.54748,8.39065,0.05539,3.6098,8.4476,8.3906,0.69305,14,0.0511,0,0,138.86507,52.07222,0.367,0.3062,2,False,running
b326998ea4,formation_6_dynamic_popup,137,27.4,1784489400,completion_astar,finish_first,r03,r03,True,center,member,local,1,3,9.02025,-0.0282,0.52768,0.379,0.20336,955,1000,126,72,0,0,0010,---,False,0.32203,0.20173,0.379,0.20336,9.47664,-0.06807,path_to_final_target,w,"$1,0,0,0,0,0,0,0,0#",19000,20000,Set tank.c app_speed/duty level to the logged pwm before sending the move key/protocol command; e=stop.,9.10544,24.08407,0,8,0,0.12163,0.05111,3.33987,8.39065,0.05539,3.6098,8.4476,8.3906,0.69305,14,0.0511,0,0,138.86507,52.07222,0.367,0.3062,2,False,running
b326998ea4,formation_6_dynamic_popup,137,27.4,1784489400,completion_astar,finish_first,r04,r04,True,center,member,local,1,3,8.53091,0.9548,-0.27817,0.37721,-0.33951,1000,921,-119,36,0,0,0000,---,False,0.35931,-0.12368,0.37721,-0.33951,8.96908,0.8845,path_to_final_target,d,"$4,0,0,0,0,0,0,0,0#",20000,18000,Set tank.c app_speed/duty level to the logged pwm before sending the move key/protocol command; e=stop.,8.51563,22.73245,0,0,0,0.1514,0.06884,3.70532,8.39065,0.05539,3.6098,8.4476,8.3906,0.69305,14,0.0511,0,0,138.86507,52.07222,0.367,0.3062,2,False,running
b326998ea4,formation_6_dynamic_popup,137,27.4,1784489400,completion_astar,finish_first,r05,r05,True,upper,member,local,2,3,8.00708,0.97747,0.26115,0.37926,-0.1748,1000,961,-106,17,0,0,0000,---,False,0.36967,0.08799,0.37926,-0.1748,8.4496,0.88412,path_to_final_target,w,"$1,0,0,0,0,0,0,0,0#",20000,19000,Set tank.c app_speed/duty level to the logged pwm before sending the move key/protocol command; e=stop.,8.40226,22.64949,0,0,0,0.1431,0.10807,3.8706,8.39065,0.05539,3.6098,8.4476,8.3906,0.69305,14,0.0511,0,0,138.86507,52.07222,0.367,0.3062,2,False,running
b326998ea4,formation_6_dynamic_popup,137,27.4,1784489400,completion_astar,finish_first,r06,r06,True,center,member,local,2,3,7.82117,-0.32101,-0.45304,0.37646,0.38229,910,1000,102,37,0,0,0000,---,False,0.35103,-0.14551,0.37646,0.38229,8.27594,-0.23305,path_to_final_target,a,"$3,0,0,0,0,0,0,0,0#",18000,20000,Set tank.c app_speed/duty level to the logged pwm before sending the move key/protocol command; e=stop.,8.53367,22.84349,0,0,0,0.21954,0.11631,3.8323,8.39065,0.05539,3.6098,8.4476,8.3906,0.69305,14,0.0511,0,0,138.86507,52.07222,0.367,0.3062,2,False,running
b326998ea4,formation_6_dynamic_popup,138,27.6,1784489600,completion_astar,finish_first,r01,r01,True,center,member,local,1,3,8.38491,-0.53763,0.00254,0.37854,0.24562,944,1000,112,64,0,0,0000,---,False,0.37968,0.01563,0.37854,0.24562,8.82675,-0.5009,cached_path_to_final_target,w,"$1,0,0,0,0,0,0,0,0#",19000,20000,Set tank.c app_speed/duty level to the logged pwm before sending the move key/protocol command; e=stop.,8.80213,23.34569,0,0,0,0.10635,0.11631,3.4425,8.45787,0.05311,3.5425,8.5148,8.4579,0.68755,14,0.0511,0,0,139.97113,52.49023,0.3483,0.3064,1,False,running
b326998ea4,formation_6_dynamic_popup,138,27.6,1784489600,completion_astar,finish_first,r02,r02,True,center,member,local,1,3,8.7172,-0.70586,0.11331,0.3116,6e-05,820,820,116,94,0,0,0000,---,False,0.3096,0.03524,0.3116,6e-05,9.17621,-0.65362,cached_path_to_final_target,w,"$1,0,0,0,0,0,0,0,0#",16000,16000,Set tank.c app_speed/duty level to the logged pwm before sending the move key/protocol command; e=stop.,8.85111,23.57105,0,8,0,0.10622,0.05111,3.48516,8.45787,0.05311,3.5425,8.5148,8.4579,0.68755,14,0.0511,0,0,139.97113,52.49023,0.3483,0.3064,1,False,running
b326998ea4,formation_6_dynamic_popup,138,27.6,1784489600,completion_astar,finish_first,r03,r03,True,center,member,local,1,3,9.07082,-0.00983,0.34835,0.269,-0.89664,897,519,138,76,0,0,0010,---,False,0.31156,-0.00519,0.269,-0.89664,9.54285,-0.0369,cached_path_to_final_target,d,"$4,0,0,0,0,0,0,0,0#",18000,10000,Set tank.c app_speed/duty level to the logged pwm before sending the move key/protocol command; e=stop.,9.15924,24.24654,0,8,0,0.12163,0.05111,3.2892,8.45787,0.05311,3.5425,8.5148,8.4579,0.68755,14,0.0511,0,0,139.97113,52.49023,0.3483,0.3064,1,False,running
b326998ea4,formation_6_dynamic_popup,138,27.6,1784489600,completion_astar,finish_first,r04,r04,True,center,member,local,1,3,8.60204,0.92947,-0.34211,0.37753,-0.3197,1000,926,-120,40,0,0,0000,---,False,0.35113,-0.1453,0.37753,-0.3197,9.04221,0.86677,cached_path_to_final_target,w,"$1,0,0,0,0,0,0,0,0#",20000,19000,Set tank.c app_speed/duty level to the logged pwm before sending the move key/protocol command; e=stop.,8.59114,22.92678,0,0,0,0.1514,0.06884,3.63089,8.45787,0.05311,3.5425,8.5148,8.4579,0.68755,14,0.0511,0,0,139.97113,52.49023,0.3483,0.3064,1,False,running
b326998ea4,formation_6_dynamic_popup,138,27.6,1784489600,completion_astar,finish_first,r05,r05,True,center,member,local,1,3,8.0811,0.99144,0.18663,0.37664,-0.37256,1000,913,-109,19,0,0,0000,---,False,0.37689,0.04854,0.37664,-0.37256,8.51979,0.88313,cached_path_to_final_target,d,"$4,0,0,0,0,0,0,0,0#",20000,18000,Set tank.c app_speed/duty level to the logged pwm before sending the move key/protocol command; e=stop.,8.47759,22.84448,0,0,0,0.1431,0.10807,3.80018,8.45787,0.05311,3.5425,8.5148,8.4579,0.68755,14,0.0511,0,0,139.97113,52.49023,0.3483,0.3064,1,False,running
b326998ea4,formation_6_dynamic_popup,138,27.6,1784489600,completion_astar,finish_first,r06,r06,True,center,member,local,2,3,7.89115,-0.34894,-0.37973,0.37675,0.36657,914,1000,104,39,0,0,0000,---,False,0.36045,-0.1203,0.37675,0.36657,8.34195,-0.26231,cached_path_to_final_target,a,"$3,0,0,0,0,0,0,0,0#",18000,20000,Set tank.c app_speed/duty level to the logged pwm before sending the move key/protocol command; e=stop.,8.60902,23.03658,0,0,0,0.21954,0.11631,3.76505,8.45787,0.05311,3.5425,8.5148,8.4579,0.68755,14,0.0511,0,0,139.97113,52.49023,0.3483,0.3064,1,False,running
b326998ea4,formation_6_dynamic_popup,139,27.8,1784489800,completion_astar,finish_first,r01,r01,True,center,member,local,1,3,8.46054,-0.5338,0.05055,0.3786,0.24004,946,1000,113,67,0,0,0000,---,False,0.37852,0.0335,0.3786,0.24004,8.90233,-0.5013,cached_path_to_final_target,w,"$1,0,0,0,0,0,0,0,0#",19000,20000,Set tank.c app_speed/duty level to the logged pwm before sending the move key/protocol command; e=stop.,8.87785,23.54187,0,0,0,0.10635,0.11631,3.36679,8.52642,0.04886,3.4739,8.5835,8.5264,0.67923,14,0.0511,0,0,141.07043,52.91266,0.352,0.3067,1,False,running
b326998ea4,formation_6_dynamic_popup,139,27.8,1784489800,completion_astar,finish_first,r02,r02,True,center,member,local,1,3,8.77912,-0.69882,0.11332,0.3116,2e-05,820,820,118,97,0,0,0000,---,False,0.3096,0.03524,0.3116,2e-05,9.23813,-0.64658,cached_path_to_final_target,w,"$1,0,0,0,0,0,0,0,0#",16000,16000,Set tank.c app_speed/duty level to the logged pwm before sending the move key/protocol command; e=stop.,8.91343,23.7363,0,8,0,0.10622,0.05111,3.42284,8.52642,0.04886,3.4739,8.5835,8.5264,0.67923,14,0.0511,0,0,141.07043,52.91266,0.352,0.3067,1,False,running
b326998ea4,formation_6_dynamic_popup,139,27.8,1784489800,completion_astar,finish_first,r03,r03,True,center,member,local,1,3,9.12849,-0.00136,0.14587,0.29145,-1.01239,980,554,151,81,0,0,0000,---,False,0.31157,-0.00412,0.29145,-1.01239,9.59813,-0.0168,cached_path_to_final_target,d,"$4,0,0,0,0,0,0,0,0#",20000,11000,Set tank.c app_speed/duty level to the logged pwm before sending the move key/protocol command; e=stop.,9.21753,24.40406,0,8,0,0.12163,0.05111,3.23151,8.52642,0.04886,3.4739,8.5835,8.5264,0.67923,14,0.0511,0,0,141.07043,52.91266,0.352,0.3067,1,False,running
b326998ea4,formation_6_dynamic_popup,139,27.8,1784489800,completion_astar,finish_first,r04,r04,True,center,member,local,1,3,8.67157,0.89989,-0.40225,0.37781,-0.30073,1000,931,-121,43,0,0,0000,---,False,0.34225,-0.16512,0.37781,-0.30073,9.11417,0.84504,cached_path_to_final_target,w,"$1,0,0,0,0,0,0,0,0#",20000,19000,Set tank.c app_speed/duty level to the logged pwm before sending the move key/protocol command; e=stop.,8.6667,23.12161,0,0,0,0.1514,0.06884,3.55738,8.52642,0.04886,3.4739,8.5835,8.5264,0.67923,14,0.0511,0,0,141.07043,52.91266,0.352,0.3067,1,False,running
b326998ea4,formation_6_dynamic_popup,139,27.8,1784489800,completion_astar,finish_first,r05,r05,True,center,member,local,1,3,8.15584,0.9991,0.10212,0.37568,-0.42256,1000,900,-111,21,0,0,0000,---,False,0.37976,0.01357,0.37568,-0.42256,8.59218,0.88997,cached_path_to_final_target,d,"$4,0,0,0,0,0,0,0,0#",20000,18000,Set tank.c app_speed/duty level to the logged pwm before sending the move key/protocol command; e=stop.,8.55272,23.03656,0,0,0,0.1431,0.10807,3.72807,8.52642,0.04886,3.4739,8.5835,8.5264,0.67923,14,0.0511,0,0,141.07043,52.91266,0.352,0.3067,1,False,running
b326998ea4,formation_6_dynamic_popup,139,27.8,1784489800,completion_astar,finish_first,r06,r06,True,center,member,local,2,3,7.96297,-0.37187,-0.30907,0.37698,0.3533,918,1000,105,40,0,0,0000,---,False,0.36785,-0.09532,0.37698,0.3533,8.41043,-0.28721,cached_path_to_final_target,a,"$3,0,0,0,0,0,0,0,0#",18000,20000,Set tank.c app_speed/duty level to the logged pwm before sending the move key/protocol command; e=stop.,8.68442,23.23004,0,0,0,0.21954,0.11631,3.69578,8.52642,0.04886,3.4739,8.5835,8.5264,0.67923,14,0.0511,0,0,141.07043,52.91266,0.352,0.3067,1,False,running
b326998ea4,formation_6_dynamic_popup,140,28.0,1784490000,completion_astar,finish_first,r01,r01,True,center,member,local,1,3,8.53592,-0.52647,0.09702,0.37869,0.23235,948,1000,114,70,0,0,0000,---,False,0.37662,0.05059,0.37869,0.23235,8.97794,-0.49862,cached_path_to_final_target,w,"$1,0,0,0,0,0,0,0,0#",19000,20000,Set tank.c app_speed/duty level to the logged pwm before sending the move key/protocol command; e=stop.,8.95359,23.73827,0,0,0,0.10635,0.11631,3.29109,8.59558,0.0435,3.4047,8.6529,8.5956,0.66722,14,0.0511,0,0,142.1828,53.33848,0.3549,0.307,1,False,running
b326998ea4,formation_6_dynamic_popup,140,28.0,1784490000,completion_astar,finish_first,r02,r02,True,center,member,local,1,3,8.84104,-0.69177,0.11332,0.3116,1e-05,820,820,121,100,0,0,0000,---,False,0.3096,0.03524,0.3116,1e-05,9.30005,-0.63953,cached_path_to_final_target,w,"$1,0,0,0,0,0,0,0,0#",16000,16000,Set tank.c app_speed/duty level to the logged pwm before sending the move key/protocol command; e=stop.,8.97575,23.90154,0,8,0,0.10622,0.05111,3.36052,8.59558,0.0435,3.4047,8.6529,8.5956,0.66722,14,0.0511,0,0,142.1828,53.33848,0.3549,0.307,1,False,running
b326998ea4,formation_6_dynamic_popup,140,28.0,1784490000,completion_astar,finish_first,r03,r03,True,center,member,local,1,3,9.18996,0.0023,0.05943,0.30789,-0.43222,901,719,157,87,0,0,0000,---,False,0.31159,-0.00265,0.30789,-0.43222,9.65508,-0.00583,cached_path_to_final_target,d,"$4,0,0,0,0,0,0,0,0#",18000,14000,Set tank.c app_speed/duty level to the logged pwm before sending the move key/protocol command; e=stop.,9.2791,24.57441,0,8,0,0.12163,0.05111,3.17004,8.59558,0.0435,3.4047,8.6529,8.5956,0.66722,14,0.0511,0,0,142.1828,53.33848,0.3549,0.307,1,False,running
b326998ea4,formation_6_dynamic_popup,140,28.0,1784490000,completion_astar,finish_first,r04,r04,True,center,member,local,1,3,8.73936,0.8664,-0.45881,0.37806,-0.28277,1000,935,-123,47,0,0,0000,---,False,0.33289,-0.18326,0.37806,-0.28277,9.18474,0.81967,cached_path_to_final_target,w,"$1,0,0,0,0,0,0,0,0#",20000,19000,Set tank.c app_speed/duty level to the logged pwm before sending the move key/protocol command; e=stop.,8.74231,23.31682,0,0,0,0.1514,0.06884,3.48506,8.59558,0.0435,3.4047,8.6529,8.5956,0.66722,14,0.0511,0,0,142.1828,53.33848,0.3549,0.307,1,False,running
b326998ea4,formation_6_dynamic_popup,140,28.0,1784490000,completion_astar,finish_first,r05,r05,True,center,member,local,1,3,8.23096,1.00042,0.01748,0.37567,-0.42322,1000,899,-113,23,0,0,0000,---,False,0.37954,-0.01862,0.37567,-0.42322,8.66583,0.89525,cached_path_to_final_target,d,"$4,0,0,0,0,0,0,0,0#",20000,18000,Set tank.c app_speed/duty level to the logged pwm before sending the move key/protocol command; e=stop.,8.62786,23.22797,0,0,0,0.1431,0.10807,3.65451,8.59558,0.0435,3.4047,8.6529,8.5956,0.66722,14,0.0511,0,0,142.1828,53.33848,0.3549,0.307,1,False,running
b326998ea4,formation_6_dynamic_popup,140,28.0,1784490000,completion_astar,finish_first,r06,r06,True,center,member,local,2,3,8.03623,-0.38987,-0.24086,0.37718,0.34107,921,1000,106,42,0,0,0000,---,False,0.37336,-0.07074,0.37718,0.34107,8.48095,-0.30766,cached_path_to_final_target,a,"$3,0,0,0,0,0,0,0,0#",18000,20000,Set tank.c app_speed/duty level to the logged pwm before sending the move key/protocol command; e=stop.,8.75986,23.42379,0,0,0,0.21954,0.11631,3.62479,8.59558,0.0435,3.4047,8.6529,8.5956,0.66722,14,0.0511,0,0,142.1828,53.33848,0.3549,0.307,1,False,running
b326998ea4,formation_6_dynamic_popup,141,28.2,1784490200,completion_astar,finish_first,r01,r01,True,center,member,local,1,3,8.61092,-0.51576,0.14179,0.37879,0.22385,950,1000,115,73,0,0,0000,---,False,0.37407,0.0669,0.37879,0.22385,9.0534,-0.49295,path_to_final_target,w,"$1,0,0,0,0,0,0,0,0#",19000,20000,Set tank.c app_speed/duty level to the logged pwm before sending the move key/protocol command; e=stop.,9.02935,23.93487,0,0,0,0.10635,0.11536,3.21556,8.66465,0.03753,3.3356,8.7222,8.6646,0.65106,14,0.0511,0,0,143.29408,53.76507,0.3555,0.3073,1,False,running
b326998ea4,formation_6_dynamic_popup,141,28.2,1784490200,completion_astar,finish_first,r02,r02,True,center,member,local,1,3,8.90296,-0.68472,0.11332,0.3116,0.0,820,820,123,104,0,0,0000,---,False,0.3096,0.03524,0.3116,0.0,9.36197,-0.63248,path_to_final_target,w,"$1,0,0,0,0,0,0,0,0#",16000,16000,Set tank.c app_speed/duty level to the logged pwm before sending the move key/protocol command; e=stop.,9.03807,24.06679,0,8,0,0.10622,0.05111,3.2982,8.66465,0.03753,3.3356,8.7222,8.6646,0.65106,14,0.0511,0,0,143.29408,53.76507,0.3555,0.3073,1,False,running
b326998ea4,formation_6_dynamic_popup,141,28.2,1784490200,completion_astar,finish_first,r03,r03,True,center,member,local,1,3,9.25213,0.00375,0.02325,0.31095,-0.1809,856,780,160,93,0,0,0000,---,False,0.3116,-0.00161,0.31095,-0.1809,9.7152,-0.00042,path_to_final_target,w,"$1,0,0,0,0,0,0,0,0#",17000,16000,Set tank.c app_speed/duty level to the logged pwm before sending the move key/protocol command; e=stop.,9.34129,24.74201,0,8,0,0.12163,0.05111,3.10787,8.66465,0.03753,3.3356,8.7222,8.6646,0.65106,14,0.0511,0,0,143.29408,53.76507,0.3555,0.3073,1,False,running
b326998ea4,formation_6_dynamic_popup,141,28.2,1784490200,completion_astar,finish_first,r04,r04,True,center,member,local,1,3,8.80532,0.82934,-0.51198,0.37829,-0.26586,1000,940,-124,51,0,0,0000,---,False,0.32321,-0.19984,0.37829,-0.26586,9.25376,0.791,path_to_final_target,w,"$1,0,0,0,0,0,0,0,0#",20000,19000,Set tank.c app_speed/duty level to the logged pwm before sending the move key/protocol command; e=stop.,8.81797,23.51252,0,0,0,0.1514,0.06884,3.41414,8.66465,0.03753,3.3356,8.7222,8.6646,0.65106,14,0.0511,0,0,143.29408,53.76507,0.3555,0.3073,1,False,running
b326998ea4,formation_6_dynamic_popup,141,28.2,1784490200,completion_astar,finish_first,r05,r05,True,center,member,local,1,3,8.306,0.9956,-0.06408,0.37598,-0.4078,1000,904,-114,26,0,0,0000,---,False,0.37688,-0.04857,0.37598,-0.4078,8.74021,0.89619,path_to_final_target,d,"$4,0,0,0,0,0,0,0,0#",20000,18000,Set tank.c app_speed/duty level to the logged pwm before sending the move key/protocol command; e=stop.,8.70305,23.42005,0,0,0,0.1431,0.10807,3.57991,8.66465,0.03753,3.3356,8.7222,8.6646,0.65106,14,0.0511,0,0,143.29408,53.76507,0.3555,0.3073,1,False,running
b326998ea4,formation_6_dynamic_popup,141,28.2,1784490200,completion_astar,finish_first,r06,r06,True,center,member,local,2,3,8.11056,-0.40301,-0.17502,0.37738,0.32919,924,1000,108,44,0,0,0000,---,False,0.37712,-0.04673,0.37738,0.32919,8.55311,-0.32372,path_to_final_target,a,"$3,0,0,0,0,0,0,0,0#",18000,20000,Set tank.c app_speed/duty level to the logged pwm before sending the move key/protocol command; e=stop.,8.83533,23.61783,0,0,0,0.21954,0.11631,3.55238,8.66465,0.03753,3.3356,8.7222,8.6646,0.65106,14,0.0511,0,0,143.29408,53.76507,0.3555,0.3073,1,False,running
b326998ea4,formation_6_dynamic_popup,142,28.4,1784490400,completion_astar,finish_first,r01,r01,True,center,member,local,1,3,8.66814,-0.50257,0.22649,0.29362,0.42353,684,862,113,75,0,0,0000,---,False,0.28435,0.0858,0.29362,0.42353,9.12858,-0.48445,cached_path_to_final_target,a,"$3,0,0,0,0,0,0,0,0#",14000,17000,Set tank.c app_speed/duty level to the logged pwm before sending the move key/protocol command; e=stop.,9.08807,24.09946,0,0,0,0.10635,0.11536,3.15763,8.73049,0.0311,3.2697,8.7883,8.7305,0.63085,14,0.0511,0,0,144.37314,54.1749,0.3415,0.3074,1,False,running
b326998ea4,formation_6_dynamic_popup,142,28.4,1784490400,completion_astar,finish_first,r02,r02,True,center,member,local,1,3,8.96488,-0.67767,0.11332,0.3116,0.0,820,820,125,107,0,0,0000,---,False,0.3096,0.03523,0.3116,0.0,9.42389,-0.62544,cached_path_to_final_target,w,"$1,0,0,0,0,0,0,0,0#",16000,16000,Set tank.c app_speed/duty level to the logged pwm before sending the move key/protocol command; e=stop.,9.10039,24.23204,0,8,0,0.10622,0.05111,3.23588,8.73049,0.0311,3.2697,8.7883,8.7305,0.63085,14,0.0511,0,0,144.37314,54.1749,0.3415,0.3074,1,False,running
b326998ea4,formation_6_dynamic_popup,142,28.4,1784490400,completion_astar,finish_first,r03,r03,True,center,member,local,1,3,9.31443,0.00427,0.0084,0.31149,-0.07425,835,804,162,99,0,0,0000,---,False,0.3116,-0.00102,0.31149,-0.07425,9.77675,0.00203,cached_path_to_final_target,w,"$1,0,0,0,0,0,0,0,0#",17000,16000,Set tank.c app_speed/duty level to the logged pwm before sending the move key/protocol command; e=stop.,9.40359,24.90827,0,8,0,0.12163,0.05111,3.04557,8.73049,0.0311,3.2697,8.7883,8.7305,0.63085,14,0.0511,0,0,144.37314,54.1749,0.3415,0.3074,1,False,running
b326998ea4,formation_6_dynamic_popup,142,28.4,1784490400,completion_astar,finish_first,r04,r04,True,center,member,local,1,3,8.86937,0.789,-0.56198,0.37849,-0.25002,1000,943,-125,55,0,0,0000,---,False,0.31335,-0.21496,0.37849,-0.25002,9.32109,0.75936,cached_path_to_final_target,w,"$1,0,0,0,0,0,0,0,0#",20000,19000,Set tank.c app_speed/duty level to the logged pwm before sending the move key/protocol command; e=stop.,8.89367,23.70851,0,0,0,0.1514,0.06884,3.34485,8.73049,0.0311,3.2697,8.7883,8.7305,0.63085,14,0.0511,0,0,144.37314,54.1749,0.3415,0.3074,1,False,running
b326998ea4,formation_6_dynamic_popup,142,28.4,1784490400,completion_astar,finish_first,r05,r05,True,center,member,local,1,3,8.38053,0.98498,-0.14157,0.37637,-0.38743,1000,909,-116,29,0,0,0000,---,False,0.37224,-0.07641,0.37637,-0.38743,8.81487,0.8921,cached_path_to_final_target,d,"$4,0,0,0,0,0,0,0,0#",20000,18000,Set tank.c app_speed/duty level to the logged pwm before sending the move key/protocol command; e=stop.,8.77833,23.61269,0,0,0,0.1431,0.10807,3.50474,8.73049,0.0311,3.2697,8.7883,8.7305,0.63085,14,0.0511,0,0,144.37314,54.1749,0.3415,0.3074,1,False,running
b326998ea4,formation_6_dynamic_popup,142,28.4,1784490400,completion_astar,finish_first,r06,r06,True,center,member,local,2,3,8.1856,-0.41142,-0.11154,0.37756,0.31739,927,1000,109,46,0,0,0000,---,False,0.37928,-0.02342,0.37756,0.31739,8.62653,-0.33547,cached_path_to_final_target,w,"$1,0,0,0,0,0,0,0,0#",19000,20000,Set tank.c app_speed/duty level to the logged pwm before sending the move key/protocol command; e=stop.,8.91084,23.81217,0,0,0,0.21954,0.11631,3.47881,8.73049,0.0311,3.2697,8.7883,8.7305,0.63085,14,0.0511,0,0,144.37314,54.1749,0.3415,0.3074,1,False,running
b326998ea4,formation_6_dynamic_popup,143,28.6,1784490600,completion_astar,finish_first,r01,r01,True,center,member,local,1,3,8.74195,-0.48454,0.23958,0.3799,0.06544,986,1000,116,78,0,0,0000,---,False,0.3682,0.09396,0.3799,0.06544,9.19127,-0.47383,cached_path_to_final_target,w,"$1,0,0,0,0,0,0,0,0#",20000,20000,Set tank.c app_speed/duty level to the logged pwm before sending the move key/protocol command; e=stop.,9.16405,24.31006,0,0,0,0.10635,0.11536,3.0829,8.7987,0.02477,3.2014,8.8568,8.7987,0.60678,14,0.0511,0,0,145.49886,54.60215,0.356,0.3076,1,False,running
b326998ea4,formation_6_dynamic_popup,143,28.6,1784490600,completion_astar,finish_first,r02,r02,True,center,member,local,1,3,9.0268,-0.67063,0.11332,0.3116,0.0,820,820,127,111,0,0,0000,---,False,0.3096,0.03523,0.3116,0.0,9.48581,-0.61839,cached_path_to_final_target,w,"$1,0,0,0,0,0,0,0,0#",16000,16000,Set tank.c app_speed/duty level to the logged pwm before sending the move key/protocol command; e=stop.,9.16271,24.39728,0,8,0,0.10622,0.05111,3.17356,8.7987,0.02477,3.2014,8.8568,8.7987,0.60678,14,0.0511,0,0,145.49886,54.60215,0.356,0.3076,1,False,running
b326998ea4,formation_6_dynamic_popup,143,28.6,1784490600,completion_astar,finish_first,r03,r03,True,center,member,local,1,3,9.37675,0.00442,0.0024,0.31158,-0.02999,826,814,163,105,0,0,0000,---,False,0.3116,-0.00072,0.31158,-0.02999,9.83883,0.00306,cached_path_to_final_target,w,"$1,0,0,0,0,0,0,0,0#",17000,16000,Set tank.c app_speed/duty level to the logged pwm before sending the move key/protocol command; e=stop.,9.46591,25.07397,0,8,0,0.12163,0.05111,2.98326,8.7987,0.02477,3.2014,8.8568,8.7987,0.60678,14,0.0511,0,0,145.49886,54.60215,0.356,0.3076,1,False,running
b326998ea4,formation_6_dynamic_popup,143,28.6,1784490600,completion_astar,finish_first,r04,r04,True,center,member,local,1,3,8.93149,0.74568,-0.60903,0.37866,-0.23524,1000,947,-126,60,0,0,0000,---,False,0.30343,-0.22876,0.37866,-0.23524,9.38664,0.72508,cached_path_to_final_target,w,"$1,0,0,0,0,0,0,0,0#",20000,19000,Set tank.c app_speed/duty level to the logged pwm before sending the move key/protocol command; e=stop.,8.9694,23.90488,0,0,0,0.1514,0.06884,3.27736,8.7987,0.02477,3.2014,8.8568,8.7987,0.60678,14,0.0511,0,0,145.49886,54.60215,0.356,0.3076,1,False,running
b326998ea4,formation_6_dynamic_popup,143,28.6,1784490600,completion_astar,finish_first,r05,r05,True,center,member,local,1,3,8.45415,0.96892,-0.21475,0.37676,-0.36591,1000,914,-117,32,0,0,0000,---,False,0.366,-0.10218,0.37676,-0.36591,8.88934,0.88303,cached_path_to_final_target,d,"$4,0,0,0,0,0,0,0,0#",20000,18000,Set tank.c app_speed/duty level to the logged pwm before sending the move key/protocol command; e=stop.,8.85368,23.80585,0,0,0,0.1431,0.10807,3.42941,8.7987,0.02477,3.2014,8.8568,8.7987,0.60678,14,0.0511,0,0,145.49886,54.60215,0.356,0.3076,1,False,running
b326998ea4,formation_6_dynamic_popup,143,28.6,1784490600,completion_astar,finish_first,r06,r06,True,center,member,local,2,3,8.26105,-0.41522,-0.05043,0.37774,0.30558,930,1000,110,48,0,0,0000,---,False,0.38,-0.00091,0.37774,0.30558,8.70087,-0.34302,cached_path_to_final_target,w,"$1,0,0,0,0,0,0,0,0#",19000,20000,Set tank.c app_speed/duty level to the logged pwm before sending the move key/protocol command; e=stop.,8.98639,24.00682,0,0,0,0.21954,0.11631,3.40437,8.7987,0.02477,3.2014,8.8568,8.7987,0.60678,14,0.0511,0,0,145.49886,54.60215,0.356,0.3076,1,False,running
b326998ea4,formation_6_dynamic_popup,144,28.8,1784490800,completion_astar,finish_first,r01,r01,True,center,member,local,1,3,8.81517,-0.46451,0.2671,0.37954,0.13758,970,1000,117,81,0,0,0000,---,False,0.36427,0.10819,0.37954,0.13758,9.26184,-0.45971,cached_path_to_final_target,w,"$1,0,0,0,0,0,0,0,0#",19000,20000,Set tank.c app_speed/duty level to the logged pwm before sending the move key/protocol command; e=stop.,9.23996,24.50933,0,0,0,0.10635,0.11536,3.00871,8.8663,0.0182,3.1338,8.9248,8.8663,0.57955,14,0.0511,0,0,146.61416,55.02946,0.3561,0.3079,1,False,running
b326998ea4,formation_6_dynamic_popup,144,28.8,1784490800,completion_astar,finish_first,r02,r02,True,center,member,local,1,3,9.08872,-0.66358,0.11332,0.3116,0.0,820,820,129,115,0,0,0000,---,False,0.3096,0.03523,0.3116,0.0,9.54773,-0.61134,cached_path_to_final_target,w,"$1,0,0,0,0,0,0,0,0#",16000,16000,Set tank.c app_speed/duty level to the logged pwm before sending the move key/protocol command; e=stop.,9.22503,24.56253,0,8,0,0.10622,0.05111,3.11124,8.8663,0.0182,3.1338,8.9248,8.8663,0.57955,14,0.0511,0,0,146.61416,55.02946,0.3561,0.3079,1,False,running
b326998ea4,formation_6_dynamic_popup,144,28.8,1784490800,completion_astar,finish_first,r03,r03,True,center,member,local,1,3,9.43907,0.00442,1e-05,0.3116,-0.01196,823,817,164,111,0,0,0000,---,False,0.3116,-0.00058,0.3116,-0.01196,9.90107,0.00344,cached_path_to_final_target,w,"$1,0,0,0,0,0,0,0,0#",16000,16000,Set tank.c app_speed/duty level to the logged pwm before sending the move key/protocol command; e=stop.,9.52823,25.23939,0,8,0,0.12163,0.05111,2.92094,8.8663,0.0182,3.1338,8.9248,8.8663,0.57955,14,0.0511,0,0,146.61416,55.02946,0.3561,0.3079,1,False,running
b326998ea4,formation_6_dynamic_popup,144,28.8,1784490800,completion_astar,finish_first,r04,r04,True,center,member,local,1,3,8.99165,0.69962,-0.65333,0.37881,-0.22149,1000,950,-127,64,0,0,0000,---,False,0.29352,-0.24134,0.37881,-0.22149,9.45034,0.68843,cached_path_to_final_target,w,"$1,0,0,0,0,0,0,0,0#",20000,19000,Set tank.c app_speed/duty level to the logged pwm before sending the move key/protocol command; e=stop.,9.04516,24.10155,0,0,0,0.1514,0.06884,3.21186,8.8663,0.0182,3.1338,8.9248,8.8663,0.57955,14,0.0511,0,0,146.61416,55.02946,0.3561,0.3079,1,False,running
b326998ea4,formation_6_dynamic_popup,144,28.8,1784490800,completion_astar,finish_first,r05,r05,True,center,member,local,1,3,8.52656,0.94781,-0.28368,0.37713,-0.34462,1000,920,-119,35,0,0,0000,---,False,0.35852,-0.12595,0.37713,-0.34462,8.96326,0.86925,cached_path_to_final_target,d,"$4,0,0,0,0,0,0,0,0#",20000,18000,Set tank.c app_speed/duty level to the logged pwm before sending the move key/protocol command; e=stop.,8.9291,23.9996,0,0,0,0.1431,0.10807,3.3543,8.8663,0.0182,3.1338,8.9248,8.8663,0.57955,14,0.0511,0,0,146.61416,55.02946,0.3561,0.3079,1,False,running
b326998ea4,formation_6_dynamic_popup,144,28.8,1784490800,completion_astar,finish_first,r06,r06,True,center,member,local,1,3,8.33663,-0.41459,0.00833,0.37791,0.29376,933,1000,111,51,0,0,0000,---,False,0.37944,0.0207,0.37791,0.29376,8.77582,-0.34652,cached_path_to_final_target,w,"$1,0,0,0,0,0,0,0,0#",19000,20000,Set tank.c app_speed/duty level to the logged pwm before sending the move key/protocol command; e=stop.,9.06197,24.20176,0,0,0,0.21954,0.11631,3.32929,8.8663,0.0182,3.1338,8.9248,8.8663,0.57955,14,0.0511,0,0,146.61416,55.02946,0.3561,0.3079,1,False,running
b326998ea4,formation_6_dynamic_popup,145,29.0,1784491000,completion_astar,finish_first,r01,r01,True,center,member,local,1,3,8.8753,-0.45603,0.14018,0.30363,-0.63458,933,665,127,85,0,0,0000,---,False,0.31134,0.0126,0.30363,-0.63458,9.33437,-0.44349,path_to_final_target,d,"$4,0,0,0,0,0,0,0,0#",19000,13000,Set tank.c app_speed/duty level to the logged pwm before sending the move key/protocol command; e=stop.,9.30069,24.68414,0,0,0,0.10635,0.11536,2.94824,8.93113,0.0092,3.0689,8.9902,8.9311,0.55146,14,0.0511,0,0,147.70597,55.44172,0.3436,0.308,1,False,running
b326998ea4,formation_6_dynamic_popup,145,29.0,1784491000,completion_astar,finish_first,r02,r02,True,center,member,local,1,3,9.15064,-0.65653,0.11332,0.3116,0.0,820,820,130,118,0,0,0000,---,False,0.3096,0.03523,0.3116,0.0,9.60965,-0.60429,path_to_final_target,w,"$1,0,0,0,0,0,0,0,0#",16000,16000,Set tank.c app_speed/duty level to the logged pwm before sending the move key/protocol command; e=stop.,9.28735,24.72778,0,8,0,0.10622,0.05111,3.04892,8.93113,0.0092,3.0689,8.9902,8.9311,0.55146,14,0.0511,0,0,147.70597,55.44172,0.3436,0.308,1,False,running
b326998ea4,formation_6_dynamic_popup,145,29.0,1784491000,completion_astar,finish_first,r03,r03,True,center,member,local,1,3,9.50139,0.00436,-0.00093,0.3116,-0.00472,821,819,165,117,0,0,0000,---,False,0.3116,-0.00052,0.3116,-0.00472,9.96337,0.00354,path_to_final_target,w,"$1,0,0,0,0,0,0,0,0#",16000,16000,Set tank.c app_speed/duty level to the logged pwm before sending the move key/protocol command; e=stop.,9.59055,25.40471,0,8,0,0.12163,0.05111,2.85862,8.93113,0.0092,3.0689,8.9902,8.9311,0.55146,14,0.0511,0,0,147.70597,55.44172,0.3436,0.308,1,False,running
b326998ea4,formation_6_dynamic_popup,145,29.0,1784491000,completion_astar,finish_first,r04,r04,True,center,member,local,1,3,9.04985,0.65109,-0.69508,0.37894,-0.20874,1000,953,-128,68,0,0,0000,---,False,0.2837,-0.25281,0.37894,-0.20874,9.51213,0.64969,path_to_final_target,w,"$1,0,0,0,0,0,0,0,0#",20000,19000,Set tank.c app_speed/duty level to the logged pwm before sending the move key/protocol command; e=stop.,9.12095,24.2985,0,0,0,0.1514,0.06884,3.14848,8.93113,0.0092,3.0689,8.9902,8.9311,0.55146,14,0.0511,0,0,147.70597,55.44172,0.3436,0.308,1,False,running
b326998ea4,formation_6_dynamic_popup,145,29.0,1784491000,completion_astar,finish_first,r05,r05,True,center,member,local,1,3,8.59751,0.92203,-0.34849,0.37746,-0.32407,1000,925,-120,39,0,0,0000,---,False,0.35009,-0.14777,0.37746,-0.32407,9.03627,0.85111,path_to_final_target,d,"$4,0,0,0,0,0,0,0,0#",20000,18000,Set tank.c app_speed/duty level to the logged pwm before sending the move key/protocol command; e=stop.,9.0046,24.19384,0,0,0,0.1431,0.10807,3.27977,8.93113,0.0092,3.0689,8.9902,8.9311,0.55146,14,0.0511,0,0,147.70597,55.44172,0.3436,0.308,1,False,running
b326998ea4,formation_6_dynamic_popup,145,29.0,1784491000,completion_astar,finish_first,r06,r06,True,center,member,local,1,3,8.41209,-0.4097,0.06472,0.37807,0.28198,936,1000,113,54,0,0,0000,---,False,0.37774,0.04135,0.37807,0.28198,8.85108,-0.34614,path_to_final_target,w,"$1,0,0,0,0,0,0,0,0#",19000,20000,Set tank.c app_speed/duty level to the logged pwm before sending the move key/protocol command; e=stop.,9.13759,24.397,0,0,0,0.21954,0.11631,3.25381,8.93113,0.0092,3.0689,8.9902,8.9311,0.55146,14,0.0511,0,0,147.70597,55.44172,0.3436,0.308,1,False,running
b326998ea4,formation_6_dynamic_popup,146,29.2,1784491200,completion_astar,finish_first,r01,r01,True,center,member,local,1,3,8.93709,-0.4507,0.0859,0.31014,-0.27141,873,759,132,89,0,0,0000,---,False,0.31131,0.01347,0.31014,-0.27141,9.39826,-0.43339,cached_path_to_final_target,d,"$4,0,0,0,0,0,0,0,0#",17000,15000,Set tank.c app_speed/duty level to the logged pwm before sending the move key/protocol command; e=stop.,9.36271,24.85273,0,0,0,0.10635,0.11536,2.88625,8.99558,-0.00074,3.0044,9.0554,8.9956,0.52168,14,0.0511,0,0,148.7925,55.8554,0.3447,0.3081,1,False,running
b326998ea4,formation_6_dynamic_popup,146,29.2,1784491200,completion_astar,finish_first,r02,r02,True,center,member,local,1,3,9.21256,-0.64949,0.11332,0.3116,0.0,820,820,132,123,0,0,0000,---,False,0.3096,0.03523,0.3116,0.0,9.67157,-0.59725,cached_path_to_final_target,w,"$1,0,0,0,0,0,0,0,0#",16000,16000,Set tank.c app_speed/duty level to the logged pwm before sending the move key/protocol command; e=stop.,9.34967,24.89302,0,8,0,0.10622,0.05111,2.9866,8.99558,-0.00074,3.0044,9.0554,8.9956,0.52168,14,0.0511,0,0,148.7925,55.8554,0.3447,0.3081,1,False,running
b326998ea4,formation_6_dynamic_popup,146,29.2,1784491200,completion_astar,finish_first,r03,r03,True,center,member,local,1,3,9.56371,0.00428,-0.0013,0.3116,-0.00184,820,820,165,123,0,0,0000,---,False,0.3116,-0.0005,0.3116,-0.00184,10.02568,0.00353,cached_path_to_final_target,w,"$1,0,0,0,0,0,0,0,0#",16000,16000,Set tank.c app_speed/duty level to the logged pwm before sending the move key/protocol command; e=stop.,9.65287,25.56999,0,8,0,0.12163,0.05111,2.7963,8.99558,-0.00074,3.0044,9.0554,8.9956,0.52168,14,0.0511,0,0,148.7925,55.8554,0.3447,0.3081,1,False,running
b326998ea4,formation_6_dynamic_popup,146,29.2,1784491200,completion_astar,finish_first,r04,r04,True,center,member,local,1,3,9.10612,0.60028,-0.73447,0.37906,-0.19696,1000,956,-129,73,0,0,0000,---,False,0.27401,-0.26328,0.37906,-0.19696,9.57199,0.6091,cached_path_to_final_target,w,"$1,0,0,0,0,0,0,0,0#",20000,19000,Set tank.c app_speed/duty level to the logged pwm before sending the move key/protocol command; e=stop.,9.19676,24.49575,0,0,0,0.1514,0.06884,3.08739,8.99558,-0.00074,3.0044,9.0554,8.9956,0.52168,14,0.0511,0,0,148.7925,55.8554,0.3447,0.3081,1,False,running
b326998ea4,formation_6_dynamic_popup,146,29.2,1784491200,completion_astar,finish_first,r05,r05,True,center,member,local,1,3,8.66682,0.89196,-0.40938,0.37776,-0.30446,1000,930,-121,43,0,0,0000,---,False,0.34097,-0.16776,0.37776,-0.30446,9.1081,0.82899,cached_path_to_final_target,w,"$1,0,0,0,0,0,0,0,0#",20000,19000,Set tank.c app_speed/duty level to the logged pwm before sending the move key/protocol command; e=stop.,9.08015,24.38857,0,0,0,0.1431,0.10807,3.20612,8.99558,-0.00074,3.0044,9.0554,8.9956,0.52168,14,0.0511,0,0,148.7925,55.8554,0.3447,0.3081,1,False,running
b326998ea4,formation_6_dynamic_popup,146,29.2,1784491200,completion_astar,finish_first,r06,r06,True,center,member,local,1,3,8.4872,-0.40074,0.11878,0.37823,0.27028,938,1000,114,56,0,0,0000,---,False,0.37507,0.06101,0.37823,0.27028,8.92642,-0.34207,cached_path_to_final_target,w,"$1,0,0,0,0,0,0,0,0#",19000,20000,Set tank.c app_speed/duty level to the logged pwm before sending the move key/protocol command; e=stop.,9.21324,24.59245,0,0,0,0.21954,0.11631,3.17817,8.99558,-0.00074,3.0044,9.0554,8.9956,0.52168,14,0.0511,0,0,148.7925,55.8554,0.3447,0.3081,1,False,running
b326998ea4,formation_6_dynamic_popup,147,29.4,1784491400,completion_astar,finish_first,r01,r01,True,center,member,local,1,3,8.99924,-0.44677,0.06319,0.31134,-0.11355,843,795,135,93,0,0,0000,---,False,0.31128,0.01412,0.31134,-0.11355,9.4607,-0.42694,cached_path_to_final_target,w,"$1,0,0,0,0,0,0,0,0#",17000,16000,Set tank.c app_speed/duty level to the logged pwm before sending the move key/protocol command; e=stop.,9.42498,25.01945,0,0,0,0.10635,0.11536,2.82399,9.05796,-0.00717,2.9421,9.1181,9.058,0.49508,14,0.0511,0,0,149.84316,56.2474,0.3267,0.3081,1,False,running
b326998ea4,formation_6_dynamic_popup,147,29.4,1784491400,completion_astar,finish_first,r02,r02,True,center,member,local,1,3,9.27448,-0.64244,0.11332,0.3116,0.0,820,820,134,127,0,0,0000,---,False,0.3096,0.03523,0.3116,0.0,9.73349,-0.5902,cached_path_to_final_target,w,"$1,0,0,0,0,0,0,0,0#",16000,16000,Set tank.c app_speed/duty level to the logged pwm before sending the move key/protocol command; e=stop.,9.41199,25.05827,0,8,0,0.10622,0.05111,2.92428,9.05796,-0.00717,2.9421,9.1181,9.058,0.49508,14,0.0511,0,0,149.84316,56.2474,0.3267,0.3081,1,False,running
b326998ea4,formation_6_dynamic_popup,147,29.4,1784491400,completion_astar,finish_first,r03,r03,True,center,member,local,1,3,9.62603,0.00419,-0.00144,0.3116,-0.00072,820,820,166,129,0,0,0000,---,False,0.3116,-0.00049,0.3116,-0.00072,10.088,0.00346,cached_path_to_final_target,w,"$1,0,0,0,0,0,0,0,0#",16000,16000,Set tank.c app_speed/duty level to the logged pwm before sending the move key/protocol command; e=stop.,9.71519,25.73525,0,8,0,0.12163,0.05111,2.73398,9.05796,-0.00717,2.9421,9.1181,9.058,0.49508,14,0.0511,0,0,149.84316,56.2474,0.3267,0.3081,1,False,running
b326998ea4,formation_6_dynamic_popup,147,29.4,1784491400,completion_astar,finish_first,r04,r04,True,center,member,local,1,3,9.15189,0.57197,-0.55386,0.26906,0.90304,518,898,-141,77,0,0,0000,---,False,0.31097,-0.01983,0.26906,0.90304,9.62989,0.56688,cached_path_to_final_target,a,"$3,0,0,0,0,0,0,0,0#",10000,18000,Set tank.c app_speed/duty level to the logged pwm before sending the move key/protocol command; e=stop.,9.25058,24.65822,0,0,0,0.1514,0.06884,3.03927,9.05796,-0.00717,2.9421,9.1181,9.058,0.49508,14,0.0511,0,0,149.84316,56.2474,0.3267,0.3081,1,False,running
b326998ea4,formation_6_dynamic_popup,147,29.4,1784491400,completion_astar,finish_first,r05,r05,True,center,member,local,1,3,8.73434,0.85795,-0.46656,0.37802,-0.28591,1000,935,-122,46,0,0,0000,---,False,0.33137,-0.186,0.37802,-0.28591,9.17854,0.80327,cached_path_to_final_target,w,"$1,0,0,0,0,0,0,0,0#",20000,19000,Set tank.c app_speed/duty level to the logged pwm before sending the move key/protocol command; e=stop.,9.15575,24.58379,0,0,0,0.1431,0.10807,3.13362,9.05796,-0.00717,2.9421,9.1181,9.058,0.49508,14,0.0511,0,0,149.84316,56.2474,0.3267,0.3081,1,False,running
b326998ea4,formation_6_dynamic_popup,147,29.4,1784491400,completion_astar,finish_first,r06,r06,True,center,member,local,1,3,8.56178,-0.3879,0.17052,0.37838,0.25871,941,1000,115,59,0,0,0000,---,False,0.37156,0.07965,0.37838,0.25871,9.00159,-0.3345,cached_path_to_final_target,w,"$1,0,0,0,0,0,0,0,0#",19000,20000,Set tank.c app_speed/duty level to the logged pwm before sending the move key/protocol command; e=stop.,9.28891,24.78819,0,0,0,0.21954,0.11631,3.10257,9.05796,-0.00717,2.9421,9.1181,9.058,0.49508,14,0.0511,0,0,149.84316,56.2474,0.3267,0.3081,1,False,running
b326998ea4,formation_6_dynamic_popup,148,29.6,1784491600,completion_astar,finish_first,r01,r01,True,center,member,local,1,3,9.06146,-0.44342,0.05386,0.31156,-0.04664,830,810,138,98,0,0,0000,---,False,0.31126,0.01449,0.31156,-0.04664,9.52294,-0.42238,cached_path_to_final_target,w,"$1,0,0,0,0,0,0,0,0#",17000,16000,Set tank.c app_speed/duty level to the logged pwm before sending the move key/protocol command; e=stop.,9.48729,25.18538,0,0,0,0.10635,0.11329,2.76168,9.1211,-0.0115,2.8789,9.1814,9.1211,0.4699,13,0.0511,0,0,150.88107,56.64074,0.3278,0.3081,1,False,running
b326998ea4,formation_6_dynamic_popup,148,29.6,1784491600,completion_astar,finish_first,r02,r02,True,center,member,local,1,3,9.3364,-0.63539,0.11332,0.3116,0.0,820,820,135,131,0,0,0000,---,False,0.3096,0.03523,0.3116,0.0,9.79541,-0.58315,cached_path_to_final_target,w,"$1,0,0,0,0,0,0,0,0#",16000,16000,Set tank.c app_speed/duty level to the logged pwm before sending the move key/protocol command; e=stop.,9.47431,25.22352,0,8,0,0.10622,0.05111,2.86196,9.1211,-0.0115,2.8789,9.1814,9.1211,0.4699,13,0.0511,0,0,150.88107,56.64074,0.3278,0.3081,1,False,running
b326998ea4,formation_6_dynamic_popup,148,29.6,1784491600,completion_astar,finish_first,r03,r03,True,center,member,local,1,3,9.68835,0.0041,-0.0015,0.3116,-0.00028,820,820,166,135,0,0,0000,---,False,0.3116,-0.00048,0.3116,-0.00028,10.15032,0.00338,cached_path_to_final_target,w,"$1,0,0,0,0,0,0,0,0#",16000,16000,Set tank.c app_speed/duty level to the logged pwm before sending the move key/protocol command; e=stop.,9.77751,25.9005,0,8,0,0.12163,0.05111,2.67166,9.1211,-0.0115,2.8789,9.1814,9.1211,0.4699,13,0.0511,0,0,150.88107,56.64074,0.3278,0.3081,1,False,running
b326998ea4,formation_6_dynamic_popup,148,29.6,1784491600,completion_astar,finish_first,r04,r04,True,center,member,local,1,3,9.20477,0.55675,-0.28031,0.27516,1.36775,436,1000,-157,82,0,0,0000,---,False,0.31093,-0.02036,0.27516,1.36775,9.67957,0.53742,cached_path_to_final_target,a,"$3,0,0,0,0,0,0,0,0#",9000,20000,Set tank.c app_speed/duty level to the logged pwm before sending the move key/protocol command; e=stop.,9.30561,24.80806,0,0,0,0.1514,0.06884,2.9853,9.1211,-0.0115,2.8789,9.1814,9.1211,0.4699,13,0.0511,0,0,150.88107,56.64074,0.3278,0.3081,1,False,running
b326998ea4,formation_6_dynamic_popup,148,29.6,1784491600,completion_astar,finish_first,r05,r05,True,center,member,local,1,3,8.79998,0.82035,-0.52025,0.37826,-0.26843,1000,939,-124,50,0,0,0000,---,False,0.32146,-0.20263,0.37826,-0.26843,9.2474,0.77432,cached_path_to_final_target,w,"$1,0,0,0,0,0,0,0,0#",20000,19000,Set tank.c app_speed/duty level to the logged pwm before sending the move key/protocol command; e=stop.,9.2314,24.7794,0,0,0,0.1431,0.10807,3.06254,9.1211,-0.0115,2.8789,9.1814,9.1211,0.4699,13,0.0511,0,0,150.88107,56.64074,0.3278,0.3081,1,False,running
b326998ea4,formation_6_dynamic_popup,148,29.6,1784491600,completion_astar,finish_first,r06,r06,True,center,member,local,1,3,8.63566,-0.37138,0.21998,0.37852,0.24732,944,1000,116,62,0,0,0000,---,False,0.36734,0.09727,0.37852,0.24732,9.07639,-0.32366,cached_path_to_final_target,w,"$1,0,0,0,0,0,0,0,0#",19000,20000,Set tank.c app_speed/duty level to the logged pwm before sending the move key/protocol command; e=stop.,9.36462,24.98423,0,0,0,0.21954,0.11631,3.02721,9.1211,-0.0115,2.8789,9.1814,9.1211,0.4699,13,0.0511,0,0,150.88107,56.64074,0.3278,0.3081,1,False,running
b326998ea4,formation_6_dynamic_popup,149,29.8,1784491800,completion_astar,finish_first,r01,r01,True,center,member,local,1,3,9.1237,-0.4403,0.05009,0.31159,-0.01887,824,816,140,102,0,0,0000,---,False,0.31125,0.01468,0.31159,-0.01887,9.58516,-0.41872,path_to_final_target,w,"$1,0,0,0,0,0,0,0,0#",16000,16000,Set tank.c app_speed/duty level to the logged pwm before sending the move key/protocol command; e=stop.,9.54961,25.35091,0,0,0,0.10635,0.1108,2.69936,9.185,-0.01495,2.815,9.2454,9.185,0.44467,13,0.0511,0,0,151.94133,57.04008,0.3328,0.3082,1,False,running
b326998ea4,formation_6_dynamic_popup,149,29.8,1784491800,completion_astar,finish_first,r02,r02,True,center,member,local,1,3,9.39832,-0.62835,0.11332,0.3116,0.0,820,820,137,136,0,0,0000,---,False,0.3096,0.03523,0.3116,0.0,9.85733,-0.57611,path_to_final_target,w,"$1,0,0,0,0,0,0,0,0#",16000,16000,Set tank.c app_speed/duty level to the logged pwm before sending the move key/protocol command; e=stop.,9.53663,25.38876,0,8,0,0.10622,0.05111,2.79964,9.185,-0.01495,2.815,9.2454,9.185,0.44467,13,0.0511,0,0,151.94133,57.04008,0.3328,0.3082,1,False,running
b326998ea4,formation_6_dynamic_popup,149,29.8,1784491800,completion_astar,finish_first,r03,r03,True,center,member,local,1,3,9.75067,0.004,-0.00152,0.3116,-0.00011,820,820,167,141,0,0,0000,---,False,0.3116,-0.00048,0.3116,-0.00011,10.21264,0.00329,path_to_final_target,w,"$1,0,0,0,0,0,0,0,0#",16000,16000,Set tank.c app_speed/duty level to the logged pwm before sending the move key/protocol command; e=stop.,9.83983,26.06575,0,8,0,0.12163,0.05111,2.60934,9.185,-0.01495,2.815,9.2454,9.185,0.44467,13,0.0511,0,0,151.94133,57.04008,0.3328,0.3082,1,False,running
b326998ea4,formation_6_dynamic_popup,149,29.8,1784491800,completion_astar,finish_first,r04,r04,True,center,member,local,1,3,9.26492,0.54685,-0.16308,0.3048,0.58618,679,926,-165,88,0,0,0000,---,False,0.31082,-0.02209,0.3048,0.58618,9.73161,0.5193,path_to_final_target,a,"$3,0,0,0,0,0,0,0,0#",14000,19000,Set tank.c app_speed/duty level to the logged pwm before sending the move key/protocol command; e=stop.,9.36657,24.97996,0,0,0,0.1514,0.06884,2.92454,9.185,-0.01495,2.815,9.2454,9.185,0.44467,13,0.0511,0,0,151.94133,57.04008,0.3328,0.3082,1,False,running
b326998ea4,formation_6_dynamic_popup,149,29.8,1784491800,completion_astar,finish_first,r05,r05,True,center,member,local,1,3,8.86368,0.77946,-0.57066,0.37846,-0.25204,1000,943,-125,54,0,0,0000,---,False,0.31141,-0.21777,0.37846,-0.25204,9.31455,0.74249,path_to_final_target,w,"$1,0,0,0,0,0,0,0,0#",20000,19000,Set tank.c app_speed/duty level to the logged pwm before sending the move key/protocol command; e=stop.,9.30709,24.97539,0,0,0,0.1431,0.10807,2.99308,9.185,-0.01495,2.815,9.2454,9.185,0.44467,13,0.0511,0,0,151.94133,57.04008,0.3328,0.3082,1,False,running
b326998ea4,formation_6_dynamic_popup,149,29.8,1784491800,completion_astar,finish_first,r06,r06,True,center,member,local,1,3,8.7087,-0.35138,0.26721,0.37865,0.23615,947,1000,117,66,0,0,0000,---,False,0.36254,0.11387,0.37865,0.23615,9.15066,-0.30974,path_to_final_target,w,"$1,0,0,0,0,0,0,0,0#",19000,20000,Set tank.c app_speed/duty level to the logged pwm before sending the move key/protocol command; e=stop.,9.44035,25.18056,0,0,0,0.21954,0.11631,2.95229,9.185,-0.01495,2.815,9.2454,9.185,0.44467,13,0.0511,0,0,151.94133,57.04008,0.3328,0.3082,1,False,running
b326998ea4,formation_6_dynamic_popup,150,30.0,1784492000,completion_astar,finish_first,r01,r01,True,center,member,local,1,3,9.18595,-0.43727,0.04858,0.3116,-0.00755,822,818,141,107,0,0,0000,---,False,0.31125,0.01476,0.3116,-0.00755,9.6474,-0.41546,cached_path_to_final_target,w,"$1,0,0,0,0,0,0,0,0#",16000,16000,Set tank.c app_speed/duty level to the logged pwm before sending the move key/protocol command; e=stop.,9.61193,25.51627,0,0,0,0.10635,0.10827,2.63704,9.24705,-0.01426,2.753,9.3075,9.2471,0.4285,13,0.0511,0,0,152.97088,57.42143,0.3178,0.3082,1,False,running
b326998ea4,formation_6_dynamic_popup,150,30.0,1784492000,completion_astar,finish_first,r02,r02,True,center,member,local,1,3,9.46024,-0.6213,0.11332,0.3116,0.0,820,820,138,140,0,0,0000,---,False,0.3096,0.03523,0.3116,0.0,9.91925,-0.56906,cached_path_to_final_target,w,"$1,0,0,0,0,0,0,0,0#",16000,16000,Set tank.c app_speed/duty level to the logged pwm before sending the move key/protocol command; e=stop.,9.59895,25.55401,0,8,0,0.10622,0.05111,2.73732,9.24705,-0.01426,2.753,9.3075,9.2471,0.4285,13,0.0511,0,0,152.97088,57.42143,0.3178,0.3082,1,False,running
b326998ea4,formation_6_dynamic_popup,150,30.0,1784492000,completion_astar,finish_first,r03,r03,True,center,member,local,1,3,9.81299,0.00391,-0.00153,0.3116,-4e-05,820,820,167,147,0,0,0000,---,False,0.3116,-0.00048,0.3116,-4e-05,10.27496,0.0032,cached_path_to_final_target,w,"$1,0,0,0,0,0,0,0,0#",16000,16000,Set tank.c app_speed/duty level to the logged pwm before sending the move key/protocol command; e=stop.,9.90215,26.23099,0,8,0,0.12163,0.05111,2.54702,9.24705,-0.01426,2.753,9.3075,9.2471,0.4285,13,0.0511,0,0,152.97088,57.42143,0.3178,0.3082,1,False,running
b326998ea4,formation_6_dynamic_popup,150,30.0,1784492000,completion_astar,finish_first,r04,r04,True,center,member,local,1,3,9.3266,0.53981,-0.11361,0.31038,0.24735,765,869,-168,94,0,0,0000,---,False,0.31073,-0.02327,0.31038,0.24735,9.78938,0.50758,cached_path_to_final_target,a,"$3,0,0,0,0,0,0,0,0#",15000,17000,Set tank.c app_speed/duty level to the logged pwm before sending the move key/protocol command; e=stop.,9.42864,25.14844,0,0,0,0.1514,0.06884,2.8625,9.24705,-0.01426,2.753,9.3075,9.2471,0.4285,13,0.0511,0,0,152.97088,57.42143,0.3178,0.3082,1,False,running
b326998ea4,formation_6_dynamic_popup,150,30.0,1784492000,completion_astar,finish_first,r05,r05,True,center,member,local,1,3,8.91576,0.75738,-0.40107,0.2828,0.84796,566,923,-137,58,0,0,0000,---,False,0.30866,-0.04267,0.2828,0.84796,9.37991,0.7081,cached_path_to_final_target,a,"$3,0,0,0,0,0,0,0,0#",11000,18000,Set tank.c app_speed/duty level to the logged pwm before sending the move key/protocol command; e=stop.,9.36366,25.14407,0,0,0,0.1431,0.10807,2.93823,9.24705,-0.01426,2.753,9.3075,9.2471,0.4285,13,0.0511,0,0,152.97088,57.42143,0.3178,0.3082,1,False,running
b326998ea4,formation_6_dynamic_popup,150,30.0,1784492000,completion_astar,finish_first,r06,r06,True,center,member,local,1,3,8.78079,-0.32811,0.31226,0.37877,0.22524,949,1000,118,69,0,0,0000,---,False,0.35727,0.12946,0.37877,0.22524,9.22425,-0.29298,cached_path_to_final_target,w,"$1,0,0,0,0,0,0,0,0#",19000,20000,Set tank.c app_speed/duty level to the logged pwm before sending the move key/protocol command; e=stop.,9.5161,25.3771,0,0,0,0.21954,0.11631,2.87797,9.24705,-0.01426,2.753,9.3075,9.2471,0.4285,13,0.0511,0,0,152.97088,57.42143,0.3178,0.3082,1,False,running
b326998ea4,formation_6_dynamic_popup,151,30.2,1784492200,completion_astar,finish_first,r01,r01,True,center,member,local,1,3,9.24819,-0.43428,0.04798,0.3116,-0.00299,821,819,143,112,0,0,0000,---,False,0.31125,0.0148,0.3116,-0.00299,9.70965,-0.41237,cached_path_to_final_target,w,"$1,0,0,0,0,0,0,0,0#",16000,16000,Set tank.c app_speed/duty level to the logged pwm before sending the move key/protocol command; e=stop.,9.67425,25.68156,0,0,0,0.10635,0.10575,2.57472,9.31002,-0.01171,2.69,9.3705,9.31,0.4143,13,0.0511,0,0,153.9924,57.80665,0.321,0.3083,1,False,running
b326998ea4,formation_6_dynamic_popup,151,30.2,1784492200,completion_astar,finish_first,r02,r02,True,center,member,local,1,3,9.52216,-0.61425,0.11332,0.3116,0.0,820,820,139,145,0,0,0000,---,False,0.3096,0.03523,0.3116,0.0,9.98117,-0.56201,cached_path_to_final_target,w,"$1,0,0,0,0,0,0,0,0#",16000,16000,Set tank.c app_speed/duty level to the logged pwm before sending the move key/protocol command; e=stop.,9.66127,25.71925,0,8,0,0.10622,0.05111,2.675,9.31002,-0.01171,2.69,9.3705,9.31,0.4143,13,0.0511,0,0,153.9924,57.80665,0.321,0.3083,1,False,running
b326998ea4,formation_6_dynamic_popup,151,30.2,1784492200,completion_astar,finish_first,r03,r03,True,center,member,local,1,3,9.87531,0.00381,-0.00153,0.3116,-2e-05,820,820,168,153,0,0,0000,---,False,0.3116,-0.00048,0.3116,-2e-05,10.33728,0.0031,cached_path_to_final_target,w,"$1,0,0,0,0,0,0,0,0#",16000,16000,Set tank.c app_speed/duty level to the logged pwm before sending the move key/protocol command; e=stop.,9.96447,26.39624,0,8,0,0.12163,0.05111,2.4847,9.31002,-0.01171,2.69,9.3705,9.31,0.4143,13,0.0511,0,0,153.9924,57.80665,0.321,0.3083,1,False,running
b326998ea4,formation_6_dynamic_popup,151,30.2,1784492200,completion_astar,finish_first,r04,r04,True,center,member,local,1,3,9.38861,0.53402,-0.09313,0.31139,0.10238,798,841,-170,100,0,0,0000,---,False,0.31068,-0.02398,0.31139,0.10238,9.84991,0.49942,cached_path_to_final_target,w,"$1,0,0,0,0,0,0,0,0#",16000,17000,Set tank.c app_speed/duty level to the logged pwm before sending the move key/protocol command; e=stop.,9.49092,25.31512,0,0,0,0.1514,0.06884,2.80023,9.31002,-0.01171,2.69,9.3705,9.31,0.4143,13,0.0511,0,0,153.9924,57.80665,0.321,0.3083,1,False,running
b326998ea4,formation_6_dynamic_popup,151,30.2,1784492200,completion_astar,finish_first,r05,r05,True,center,member,local,1,3,8.97402,0.7422,-0.2548,0.30103,0.73135,638,946,-147,63,0,0,0000,---,False,0.30856,-0.04344,0.30103,0.73135,9.43624,0.6841,cached_path_to_final_target,a,"$3,0,0,0,0,0,0,0,0#",13000,19000,Set tank.c app_speed/duty level to the logged pwm before sending the move key/protocol command; e=stop.,9.42386,25.3063,0,0,0,0.1431,0.10807,2.87835,9.31002,-0.01171,2.69,9.3705,9.31,0.4143,13,0.0511,0,0,153.9924,57.80665,0.321,0.3083,1,False,running
b326998ea4,formation_6_dynamic_popup,151,30.2,1784492200,completion_astar,finish_first,r06,r06,True,center,member,local,1,3,8.85184,-0.30176,0.35518,0.37888,0.2146,952,1000,119,73,0,0,0000,---,False,0.35162,0.14409,0.37888,0.2146,9.29701,-0.2736,cached_path_to_final_target,w,"$1,0,0,0,0,0,0,0,0#",19000,20000,Set tank.c app_speed/duty level to the logged pwm before sending the move key/protocol command; e=stop.,9.59188,25.57393,0,0,0,0.21954,0.11631,2.80444,9.31002,-0.01171,2.69,9.3705,9.31,0.4143,13,0.0511,0,0,153.9924,57.80665,0.321,0.3083,1,False,running
b326998ea4,formation_6_dynamic_popup,152,30.4,1784492400,completion_astar,finish_first,r01,r01,True,center,member,local,1,3,9.28866,-0.43235,0.04774,0.20254,-0.00117,533,533,144,115,0,0,0000,---,False,0.20231,0.00963,0.20254,-0.00117,9.77189,-0.40936,cached_path_to_final_target,w,"$1,0,0,0,0,0,0,0,0#",11000,11000,Set tank.c app_speed/duty level to the logged pwm before sending the move key/protocol command; e=stop.,9.71476,25.79772,0,0,0,0.10635,0.10575,2.53421,9.36961,-0.00821,2.6304,9.4302,9.3696,0.40112,13,0.0511,0,0,154.97107,58.17185,0.3043,0.3082,1,False,running
b326998ea4,formation_6_dynamic_popup,152,30.4,1784492400,completion_astar,finish_first,r02,r02,True,center,member,local,1,3,9.58408,-0.6072,0.11332,0.3116,0.0,820,820,141,150,0,0,0000,---,False,0.3096,0.03523,0.3116,0.0,10.04309,-0.55497,cached_path_to_final_target,w,"$1,0,0,0,0,0,0,0,0#",16000,16000,Set tank.c app_speed/duty level to the logged pwm before sending the move key/protocol command; e=stop.,9.72359,25.8845,0,8,0,0.10622,0.05111,2.61268,9.36961,-0.00821,2.6304,9.4302,9.3696,0.40112,13,0.0511,0,0,154.97107,58.17185,0.3043,0.3082,1,False,running
b326998ea4,formation_6_dynamic_popup,152,30.4,1784492400,completion_astar,finish_first,r03,r03,True,center,member,local,1,3,9.93763,0.00372,-0.00153,0.3116,-1e-05,820,820,168,159,0,0,0000,---,False,0.3116,-0.00048,0.3116,-1e-05,10.3996,0.00301,cached_path_to_final_target,w,"$1,0,0,0,0,0,0,0,0#",16000,16000,Set tank.c app_speed/duty level to the logged pwm before sending the move key/protocol command; e=stop.,10.02679,26.56149,0,8,0,0.12163,0.05111,2.42238,9.36961,-0.00821,2.6304,9.4302,9.3696,0.40112,13,0.0511,0,0,154.97107,58.17185,0.3043,0.3082,1,False,running
b326998ea4,formation_6_dynamic_popup,152,30.4,1784492400,completion_astar,finish_first,r04,r04,True,center,member,local,1,3,9.4507,0.52875,-0.08479,0.31157,0.04169,811,829,-171,106,0,0,0000,---,False,0.31065,-0.02436,0.31157,0.04169,9.91148,0.49303,cached_path_to_final_target,w,"$1,0,0,0,0,0,0,0,0#",16000,17000,Set tank.c app_speed/duty level to the logged pwm before sending the move key/protocol command; e=stop.,9.55324,25.48098,0,0,0,0.1514,0.06884,2.73791,9.36961,-0.00821,2.6304,9.4302,9.3696,0.40112,13,0.0511,0,0,154.97107,58.17185,0.3043,0.3082,1,False,running
b326998ea4,formation_6_dynamic_popup,152,30.4,1784492400,completion_astar,finish_first,r05,r05,True,center,member,local,1,3,9.03481,0.73036,-0.19244,0.30967,0.3118,749,881,-152,69,0,0,0000,---,False,0.3084,-0.04454,0.30967,0.3118,9.49405,0.66709,cached_path_to_final_target,a,"$3,0,0,0,0,0,0,0,0#",15000,18000,Set tank.c app_speed/duty level to the logged pwm before sending the move key/protocol command; e=stop.,9.4858,25.47543,0,0,0,0.1431,0.10807,2.81647,9.36961,-0.00821,2.6304,9.4302,9.3696,0.40112,13,0.0511,0,0,154.97107,58.17185,0.3043,0.3082,1,False,running
b326998ea4,formation_6_dynamic_popup,152,30.4,1784492400,completion_astar,finish_first,r06,r06,True,center,member,local,1,3,8.92177,-0.27252,0.39604,0.37899,0.20427,954,1000,120,76,0,0,0000,---,False,0.3457,0.15777,0.37899,0.20427,9.36885,-0.25181,cached_path_to_final_target,w,"$1,0,0,0,0,0,0,0,0#",19000,20000,Set tank.c app_speed/duty level to the logged pwm before sending the move key/protocol command; e=stop.,9.66767,25.77096,0,0,0,0.21954,0.11631,2.73186,9.36961,-0.00821,2.6304,9.4302,9.3696,0.40112,13,0.0511,0,0,154.97107,58.17185,0.3043,0.3082,1,False,running
b326998ea4,formation_6_dynamic_popup,153,30.6,1784492600,completion_astar,finish_first,r01,r01,True,center,member,local,1,3,9.35091,-0.42938,0.04765,0.3116,-0.00045,820,820,145,120,0,0,0000,---,False,0.31125,0.01482,0.3116,-0.00045,9.81889,-0.4071,path_to_final_target,w,"$1,0,0,0,0,0,0,0,0#",16000,16000,Set tank.c app_speed/duty level to the logged pwm before sending the move key/protocol command; e=stop.,9.77708,25.97169,0,0,0,0.10635,0.10575,2.47189,9.43273,-0.00379,2.5673,9.4935,9.4327,0.38846,13,0.0511,0,0,156.00545,58.55919,0.3228,0.3083,1,False,running
b326998ea4,formation_6_dynamic_popup,153,30.6,1784492600,completion_astar,finish_first,r02,r02,True,center,member,local,1,3,9.646,-0.60016,0.11332,0.3116,0.0,820,820,142,155,0,0,0000,---,False,0.3096,0.03523,0.3116,0.0,10.10501,-0.54792,path_to_final_target,w,"$1,0,0,0,0,0,0,0,0#",16000,16000,Set tank.c app_speed/duty level to the logged pwm before sending the move key/protocol command; e=stop.,9.78591,26.04975,0,8,0,0.10622,0.05111,2.55036,9.43273,-0.00379,2.5673,9.4935,9.4327,0.38846,13,0.0511,0,0,156.00545,58.55919,0.3228,0.3083,1,False,running
b326998ea4,formation_6_dynamic_popup,153,30.6,1784492600,completion_astar,finish_first,r03,r03,True,center,member,local,1,3,9.99995,0.00362,-0.00153,0.3116,-0.0,820,820,168,165,0,0,0000,---,False,0.3116,-0.00048,0.3116,-0.0,10.46192,0.00291,path_to_final_target,w,"$1,0,0,0,0,0,0,0,0#",16000,16000,Set tank.c app_speed/duty level to the logged pwm before sending the move key/protocol command; e=stop.,10.08911,26.72673,0,8,0,0.12163,0.05111,2.36006,9.43273,-0.00379,2.5673,9.4935,9.4327,0.38846,13,0.0511,0,0,156.00545,58.55919,0.3228,0.3083,1,False,running
b326998ea4,formation_6_dynamic_popup,153,30.6,1784492600,completion_astar,finish_first,r04,r04,True,center,member,local,1,3,9.51281,0.52368,-0.08144,0.31159,0.01675,816,824,-171,113,0,0,0000,---,False,0.31063,-0.02453,0.31159,0.01675,9.97342,0.48746,path_to_final_target,w,"$1,0,0,0,0,0,0,0,0#",16000,16000,Set tank.c app_speed/duty level to the logged pwm before sending the move key/protocol command; e=stop.,9.61555,25.64648,0,0,0,0.1514,0.06884,2.6756,9.43273,-0.00379,2.5673,9.4935,9.4327,0.38846,13,0.0511,0,0,156.00545,58.55919,0.3228,0.3083,1,False,running
b326998ea4,formation_6_dynamic_popup,153,30.6,1784492600,completion_astar,finish_first,r05,r05,True,center,member,local,1,3,9.0962,0.72005,-0.16639,0.31126,0.13025,792,847,-155,75,0,0,0000,---,False,0.30829,-0.04531,0.31126,0.13025,9.554,0.65406,path_to_final_target,w,"$1,0,0,0,0,0,0,0,0#",16000,17000,Set tank.c app_speed/duty level to the logged pwm before sending the move key/protocol command; e=stop.,9.54805,25.64252,0,0,0,0.1431,0.10807,2.75423,9.43273,-0.00379,2.5673,9.4935,9.4327,0.38846,13,0.0511,0,0,156.00545,58.55919,0.3228,0.3083,1,False,running
b326998ea4,formation_6_dynamic_popup,153,30.6,1784492600,completion_astar,finish_first,r06,r06,True,center,member,local,1,3,8.99053,-0.24057,0.43489,0.37909,0.19425,957,1000,121,80,0,0,0000,---,False,0.33958,0.17054,0.37909,0.19425,9.43967,-0.22783,path_to_final_target,w,"$1,0,0,0,0,0,0,0,0#",19000,20000,Set tank.c app_speed/duty level to the logged pwm before sending the move key/protocol command; e=stop.,9.74349,25.96828,0,0,0,0.21954,0.11631,2.66037,9.43273,-0.00379,2.5673,9.4935,9.4327,0.38846,13,0.0511,0,0,156.00545,58.55919,0.3228,0.3083,1,False,running
b326998ea4,formation_6_dynamic_popup,154,30.8,1784492800,completion_astar,finish_first,r01,r01,True,center,member,local,1,3,9.39137,-0.42745,0.04762,0.20254,-0.00018,533,533,146,124,0,0,0000,---,False,0.20231,0.00964,0.20254,-0.00018,9.87656,-0.40434,cached_path_to_final_target,w,"$1,0,0,0,0,0,0,0,0#",11000,11000,Set tank.c app_speed/duty level to the logged pwm before sending the move key/protocol command; e=stop.,9.81759,26.08783,0,0,0,0.10635,0.10575,2.43139,9.49205,0.00099,2.5079,9.553,9.4921,0.37648,13,0.0511,0,0,156.98098,58.92481,0.3047,0.3082,1,False,running
b326998ea4,formation_6_dynamic_popup,154,30.8,1784492800,completion_astar,finish_first,r02,r02,True,center,member,local,1,3,9.70792,-0.59311,0.11332,0.3116,0.0,820,820,143,159,0,0,0000,---,False,0.3096,0.03523,0.3116,0.0,10.16693,-0.54087,cached_path_to_final_target,w,"$1,0,0,0,0,0,0,0,0#",16000,16000,Set tank.c app_speed/duty level to the logged pwm before sending the move key/protocol command; e=stop.,9.84823,26.21499,0,8,0,0.10622,0.05111,2.48804,9.49205,0.00099,2.5079,9.553,9.4921,0.37648,13,0.0511,0,0,156.98098,58.92481,0.3047,0.3082,1,False,running
b326998ea4,formation_6_dynamic_popup,154,30.8,1784492800,completion_astar,finish_first,r03,r03,True,center,member,local,1,3,10.06227,0.00352,-0.00153,0.3116,-0.0,820,820,169,171,0,0,0000,---,False,0.3116,-0.00048,0.3116,-0.0,10.52424,0.00282,cached_path_to_final_target,w,"$1,0,0,0,0,0,0,0,0#",16000,16000,Set tank.c app_speed/duty level to the logged pwm before sending the move key/protocol command; e=stop.,10.15143,26.89198,0,8,0,0.12163,0.05111,2.29774,9.49205,0.00099,2.5079,9.553,9.4921,0.37648,13,0.0511,0,0,156.98098,58.92481,0.3047,0.3082,1,False,running
b326998ea4,formation_6_dynamic_popup,154,30.8,1784492800,completion_astar,finish_first,r04,r04,True,center,member,local,1,3,9.57493,0.51869,-0.08011,0.3116,0.00666,819,821,-172,119,0,0,0000,---,False,0.31063,-0.02461,0.3116,0.00666,10.03548,0.48226,cached_path_to_final_target,w,"$1,0,0,0,0,0,0,0,0#",16000,16000,Set tank.c app_speed/duty level to the logged pwm before sending the move key/protocol command; e=stop.,9.67787,25.81183,0,0,0,0.1514,0.06884,2.61328,9.49205,0.00099,2.5079,9.553,9.4921,0.37648,13,0.0511,0,0,156.98098,58.92481,0.3047,0.3082,1,False,running
b326998ea4,formation_6_dynamic_popup,154,30.8,1784492800,completion_astar,finish_first,r05,r05,True,center,member,local,1,3,9.15776,0.71039,-0.1557,0.31154,0.05345,809,831,-157,80,0,0,0000,---,False,0.30823,-0.04573,0.31154,0.05345,9.61498,0.64307,cached_path_to_final_target,w,"$1,0,0,0,0,0,0,0,0#",16000,17000,Set tank.c app_speed/duty level to the logged pwm before sending the move key/protocol command; e=stop.,9.61036,25.80855,0,0,0,0.1431,0.10807,2.69192,9.49205,0.00099,2.5079,9.553,9.4921,0.37648,13,0.0511,0,0,156.98098,58.92481,0.3047,0.3082,1,False,running
b326998ea4,formation_6_dynamic_popup,154,30.8,1784492800,completion_astar,finish_first,r06,r06,True,center,member,local,1,3,9.05808,-0.20611,0.4718,0.37917,0.18457,959,1000,122,84,0,0,0000,---,False,0.33333,0.18245,0.37917,0.18457,9.50939,-0.20187,cached_path_to_final_target,w,"$1,0,0,0,0,0,0,0,0#",19000,20000,Set tank.c app_speed/duty level to the logged pwm before sending the move key/protocol command; e=stop.,9.81933,26.1658,0,0,0,0.21954,0.11631,2.59014,9.49205,0.00099,2.5079,9.553,9.4921,0.37648,13,0.0511,0,0,156.98098,58.92481,0.3047,0.3082,1,False,running
b326998ea4,formation_6_dynamic_popup,155,31.0,1784493000,completion_astar,finish_first,r01,r01,True,center,member,local,1,3,9.45362,-0.42449,0.04761,0.3116,-7e-05,820,820,147,129,0,0,0000,---,False,0.31125,0.01482,0.3116,-7e-05,9.92219,-0.40217,cached_path_to_final_target,w,"$1,0,0,0,0,0,0,0,0#",16000,16000,Set tank.c app_speed/duty level to the logged pwm before sending the move key/protocol command; e=stop.,9.87991,26.2618,0,0,0,0.10635,0.10575,2.36907,9.55289,0.00296,2.4471,9.6138,9.5529,0.36858,13,0.0511,0,0,157.98632,59.29355,0.3073,0.3082,1,False,running
b326998ea4,formation_6_dynamic_popup,155,31.0,1784493000,completion_astar,finish_first,r02,r02,True,center,member,local,1,3,9.76984,-0.58606,0.11332,0.3116,0.0,820,820,144,164,0,0,0000,---,False,0.3096,0.03523,0.3116,0.0,10.22885,-0.53382,cached_path_to_final_target,w,"$1,0,0,0,0,0,0,0,0#",16000,16000,Set tank.c app_speed/duty level to the logged pwm before sending the move key/protocol command; e=stop.,9.91055,26.38024,0,8,0,0.10622,0.05111,2.42572,9.55289,0.00296,2.4471,9.6138,9.5529,0.36858,13,0.0511,0,0,157.98632,59.29355,0.3073,0.3082,1,False,running
b326998ea4,formation_6_dynamic_popup,155,31.0,1784493000,completion_astar,finish_first,r03,r03,True,center,member,local,1,3,10.12458,0.00343,-0.00153,0.3116,-0.0,820,820,169,177,0,0,0000,---,False,0.3116,-0.00048,0.3116,-0.0,10.58656,0.00272,cached_path_to_final_target,w,"$1,0,0,0,0,0,0,0,0#",16000,16000,Set tank.c app_speed/duty level to the logged pwm before sending the move key/protocol command; e=stop.,10.21375,27.05722,0,8,0,0.12163,0.05111,2.23542,9.55289,0.00296,2.4471,9.6138,9.5529,0.36858,13,0.0511,0,0,157.98632,59.29355,0.3073,0.3082,1,False,running
b326998ea4,formation_6_dynamic_popup,155,31.0,1784493000,completion_astar,finish_first,r04,r04,True,center,member,local,1,3,9.63705,0.51373,-0.07959,0.3116,0.00263,819,821,-172,125,0,0,0000,---,False,0.31062,-0.02464,0.3116,0.00263,10.09758,0.47722,cached_path_to_final_target,w,"$1,0,0,0,0,0,0,0,0#",16000,16000,Set tank.c app_speed/duty level to the logged pwm before sending the move key/protocol command; e=stop.,9.74019,25.97712,0,0,0,0.1514,0.06884,2.55096,9.55289,0.00296,2.4471,9.6138,9.5529,0.36858,13,0.0511,0,0,157.98632,59.29355,0.3073,0.3082,1,False,running
b326998ea4,formation_6_dynamic_popup,155,31.0,1784493000,completion_astar,finish_first,r05,r05,True,center,member,local,1,3,9.21936,0.70099,-0.15137,0.31159,0.02162,815,825,-158,86,0,0,0000,---,False,0.30819,-0.04594,0.31159,0.02162,9.67637,0.63308,cached_path_to_final_target,w,"$1,0,0,0,0,0,0,0,0#",16000,16000,Set tank.c app_speed/duty level to the logged pwm before sending the move key/protocol command; e=stop.,9.67267,25.97412,0,0,0,0.1431,0.10807,2.6296,9.55289,0.00296,2.4471,9.6138,9.5529,0.36858,13,0.0511,0,0,157.98632,59.29355,0.3073,0.3082,1,False,running
b326998ea4,formation_6_dynamic_popup,155,31.0,1784493000,completion_astar,finish_first,r06,r06,True,center,member,local,1,3,9.11286,-0.18984,0.28872,0.28573,-0.91543,945,559,135,88,0,0,0000,---,False,0.31101,0.01912,0.28573,-0.91543,9.57795,-0.17415,cached_path_to_final_target,d,"$4,0,0,0,0,0,0,0,0#",19000,11000,Set tank.c app_speed/duty level to the logged pwm before sending the move key/protocol command; e=stop.,9.87647,26.33582,0,0,0,0.21954,0.11631,2.53426,9.55289,0.00296,2.4471,9.6138,9.5529,0.36858,13,0.0511,0,0,157.98632,59.29355,0.3073,0.3082,1,False,running
b326998ea4,formation_6_dynamic_popup,156,31.2,1784493200,completion_astar,finish_first,r01,r01,True,center,member,local,1,3,9.51587,-0.42152,0.0476,0.3116,-3e-05,820,820,148,134,0,0,0000,---,False,0.31125,0.01483,0.3116,-3e-05,9.97945,-0.39944,cached_path_to_final_target,w,"$1,0,0,0,0,0,0,0,0#",16000,16000,Set tank.c app_speed/duty level to the logged pwm before sending the move key/protocol command; e=stop.,9.94223,26.42705,0,0,0,0.10635,0.10575,2.30675,9.61458,0.00388,2.3854,9.6755,9.6146,0.36102,13,0.0511,0,0,158.97812,59.6659,0.3103,0.3082,1,False,running
b326998ea4,formation_6_dynamic_popup,156,31.2,1784493200,completion_astar,finish_first,r02,r02,True,center,member,local,1,3,9.83176,-0.57902,0.11332,0.3116,0.0,820,820,145,170,0,0,0000,---,False,0.3096,0.03523,0.3116,0.0,10.29077,-0.52678,cached_path_to_final_target,w,"$1,0,0,0,0,0,0,0,0#",16000,16000,Set tank.c app_speed/duty level to the logged pwm before sending the move key/protocol command; e=stop.,9.97287,26.54549,0,8,0,0.10622,0.05111,2.3634,9.61458,0.00388,2.3854,9.6755,9.6146,0.36102,13,0.0511,0,0,158.97812,59.6659,0.3103,0.3082,1,False,running
b326998ea4,formation_6_dynamic_popup,156,31.2,1784493200,completion_astar,finish_first,r03,r03,True,center,member,local,1,3,10.1869,0.00333,-0.00153,0.3116,-0.0,820,820,169,184,0,0,0000,---,False,0.3116,-0.00048,0.3116,-0.0,10.64888,0.00262,cached_path_to_final_target,w,"$1,0,0,0,0,0,0,0,0#",16000,16000,Set tank.c app_speed/duty level to the logged pwm before sending the move key/protocol command; e=stop.,10.27607,27.22247,0,8,0,0.12163,0.05111,2.1731,9.61458,0.00388,2.3854,9.6755,9.6146,0.36102,13,0.0511,0,0,158.97812,59.6659,0.3103,0.3082,1,False,running
b326998ea4,formation_6_dynamic_popup,156,31.2,1784493200,completion_astar,finish_first,r04,r04,True,center,member,local,1,3,9.69917,0.50879,-0.07938,0.3116,0.00103,820,820,-172,131,0,0,0000,---,False,0.31062,-0.02466,0.3116,0.00103,10.1597,0.47224,cached_path_to_final_target,w,"$1,0,0,0,0,0,0,0,0#",16000,16000,Set tank.c app_speed/duty level to the logged pwm before sending the move key/protocol command; e=stop.,9.80251,26.14238,0,0,0,0.1514,0.06884,2.48864,9.61458,0.00388,2.3854,9.6755,9.6146,0.36102,13,0.0511,0,0,158.97812,59.6659,0.3103,0.3082,1,False,running
b326998ea4,formation_6_dynamic_popup,156,31.2,1784493200,completion_astar,finish_first,r05,r05,True,center,member,local,1,3,9.28098,0.6917,-0.14964,0.3116,0.00865,818,822,-159,92,0,0,0000,---,False,0.30818,-0.04604,0.3116,0.00865,9.73792,0.62353,cached_path_to_final_target,w,"$1,0,0,0,0,0,0,0,0#",16000,16000,Set tank.c app_speed/duty level to the logged pwm before sending the move key/protocol command; e=stop.,9.73499,26.1395,0,0,0,0.1431,0.10807,2.56728,9.61458,0.00388,2.3854,9.6755,9.6146,0.36102,13,0.0511,0,0,158.97812,59.6659,0.3103,0.3082,1,False,running
b326998ea4,formation_6_dynamic_popup,156,31.2,1784493200,completion_astar,finish_first,r06,r06,True,center,member,local,1,3,9.17281,-0.17999,0.16288,0.30377,-0.62916,932,667,144,93,0,0,0000,---,False,0.31096,0.01993,0.30377,-0.62916,9.637,-0.15624,cached_path_to_final_target,d,"$4,0,0,0,0,0,0,0,0#",19000,13000,Set tank.c app_speed/duty level to the logged pwm before sending the move key/protocol command; e=stop.,9.93722,26.50124,0,0,0,0.21954,0.11631,2.47375,9.61458,0.00388,2.3854,9.6755,9.6146,0.36102,13,0.0511,0,0,158.97812,59.6659,0.3103,0.3082,1,False,running
b326998ea4,formation_6_dynamic_popup,157,31.4,1784493400,completion_astar,finish_first,r01,r01,True,center,member,local,1,3,9.57812,-0.41856,0.0476,0.3116,-1e-05,820,820,149,140,0,0,0000,---,False,0.31125,0.01483,0.3116,-1e-05,10.04021,-0.39655,path_to_final_target,w,"$1,0,0,0,0,0,0,0,0#",16000,16000,Set tank.c app_speed/duty level to the logged pwm before sending the move key/protocol command; e=stop.,10.00455,26.5923,0,0,0,0.10635,0.10575,2.24443,9.67657,0.0043,2.3234,9.7375,9.6766,0.3537,13,0.0511,0,0,159.97308,60.03954,0.3114,0.3082,1,False,running
b326998ea4,formation_6_dynamic_popup,157,31.4,1784493400,completion_astar,finish_first,r02,r02,True,center,member,local,1,3,9.89368,-0.57197,0.11332,0.3116,0.0,820,820,146,175,0,0,0000,---,False,0.3096,0.03523,0.3116,0.0,10.35269,-0.51973,path_to_final_target,w,"$1,0,0,0,0,0,0,0,0#",16000,16000,Set tank.c app_speed/duty level to the logged pwm before sending the move key/protocol command; e=stop.,10.03519,26.71073,0,8,0,0.10622,0.05111,2.30108,9.67657,0.0043,2.3234,9.7375,9.6766,0.3537,13,0.0511,0,0,159.97308,60.03954,0.3114,0.3082,1,False,running
b326998ea4,formation_6_dynamic_popup,157,31.4,1784493400,completion_astar,finish_first,r03,r03,True,center,member,local,1,3,10.24922,0.00324,-0.00153,0.3116,-0.0,820,820,170,190,0,0,0000,---,False,0.3116,-0.00048,0.3116,-0.0,10.7112,0.00253,path_to_final_target,w,"$1,0,0,0,0,0,0,0,0#",16000,16000,Set tank.c app_speed/duty level to the logged pwm before sending the move key/protocol command; e=stop.,10.33839,27.38772,0,8,0,0.12163,0.05111,2.11078,9.67657,0.0043,2.3234,9.7375,9.6766,0.3537,13,0.0511,0,0,159.97308,60.03954,0.3114,0.3082,1,False,running
b326998ea4,formation_6_dynamic_popup,157,31.4,1784493400,completion_astar,finish_first,r04,r04,True,center,member,local,1,3,9.7613,0.50386,-0.0793,0.3116,0.0004,820,820,-173,137,0,0,0000,---,False,0.31062,-0.02466,0.3116,0.0004,10.22182,0.46729,path_to_final_target,w,"$1,0,0,0,0,0,0,0,0#",16000,16000,Set tank.c app_speed/duty level to the logged pwm before sending the move key/protocol command; e=stop.,9.86483,26.30763,0,0,0,0.1514,0.06884,2.42632,9.67657,0.0043,2.3234,9.7375,9.6766,0.3537,13,0.0511,0,0,159.97308,60.03954,0.3114,0.3082,1,False,running
b326998ea4,formation_6_dynamic_popup,157,31.4,1784493400,completion_astar,finish_first,r05,r05,True,center,member,local,1,3,9.34261,0.68245,-0.14896,0.3116,0.00343,819,821,-160,98,0,0,0000,---,False,0.30817,-0.04608,0.3116,0.00343,9.79952,0.61417,path_to_final_target,w,"$1,0,0,0,0,0,0,0,0#",16000,16000,Set tank.c app_speed/duty level to the logged pwm before sending the move key/protocol command; e=stop.,9.79731,26.3048,0,0,0,0.1431,0.10807,2.50496,9.67657,0.0043,2.3234,9.7375,9.6766,0.3537,13,0.0511,0,0,159.97308,60.03954,0.3114,0.3082,1,False,running
b326998ea4,formation_6_dynamic_popup,157,31.4,1784493400,completion_astar,finish_first,r06,r06,True,center,member,local,1,3,9.23447,-0.17322,0.10922,0.31017,-0.26831,873,760,148,98,0,0,0000,---,False,0.3109,0.02088,0.31017,-0.26831,9.69674,-0.1448,path_to_final_target,d,"$4,0,0,0,0,0,0,0,0#",17000,15000,Set tank.c app_speed/duty level to the logged pwm before sending the move key/protocol command; e=stop.,9.99926,26.6699,0,0,0,0.21954,0.11631,2.41176,9.67657,0.0043,2.3234,9.7375,9.6766,0.3537,13,0.0511,0,0,159.97308,60.03954,0.3114,0.3082,1,False,running
b326998ea4,formation_6_dynamic_popup,158,31.6,1784493600,completion_astar,finish_first,r01,r01,True,center,member,local,1,3,9.64037,-0.41559,0.0476,0.3116,-0.0,820,820,150,145,0,0,0000,---,False,0.31125,0.01483,0.3116,-0.0,10.10201,-0.3936,cached_path_to_final_target,w,"$1,0,0,0,0,0,0,0,0#",16000,16000,Set tank.c app_speed/duty level to the logged pwm before sending the move key/protocol command; e=stop.,10.06687,26.75754,0,0,0,0.10635,0.10575,2.18211,9.73862,0.00449,2.2614,9.7996,9.7386,0.34655,13,0.0511,0,0,160.96613,60.41341,0.3116,0.3082,1,False,running
b326998ea4,formation_6_dynamic_popup,158,31.6,1784493600,completion_astar,finish_first,r02,r02,True,center,member,local,1,3,9.9556,-0.56492,0.11332,0.3116,0.0,820,820,147,180,0,0,0000,---,False,0.3096,0.03523,0.3116,0.0,10.41461,-0.51268,cached_path_to_final_target,w,"$1,0,0,0,0,0,0,0,0#",16000,16000,Set tank.c app_speed/duty level to the logged pwm before sending the move key/protocol command; e=stop.,10.09751,26.87598,0,8,0,0.10622,0.05111,2.23876,9.73862,0.00449,2.2614,9.7996,9.7386,0.34655,13,0.0511,0,0,160.96613,60.41341,0.3116,0.3082,1,False,running
b326998ea4,formation_6_dynamic_popup,158,31.6,1784493600,completion_astar,finish_first,r03,r03,True,center,member,local,1,3,10.31154,0.00314,-0.00153,0.3116,-0.0,820,820,170,196,0,0,0000,---,False,0.3116,-0.00048,0.3116,-0.0,10.77352,0.00243,cached_path_to_final_target,w,"$1,0,0,0,0,0,0,0,0#",16000,16000,Set tank.c app_speed/duty level to the logged pwm before sending the move key/protocol command; e=stop.,10.40071,27.55296,0,8,0,0.12163,0.05111,2.04846,9.73862,0.00449,2.2614,9.7996,9.7386,0.34655,13,0.0511,0,0,160.96613,60.41341,0.3116,0.3082,1,False,running
b326998ea4,formation_6_dynamic_popup,158,31.6,1784493600,completion_astar,finish_first,r04,r04,True,center,member,local,1,3,9.82342,0.49892,-0.07927,0.3116,0.00015,820,820,-173,143,0,0,0000,---,False,0.31062,-0.02467,0.3116,0.00015,10.28395,0.46235,cached_path_to_final_target,w,"$1,0,0,0,0,0,0,0,0#",16000,16000,Set tank.c app_speed/duty level to the logged pwm before sending the move key/protocol command; e=stop.,9.92715,26.47288,0,0,0,0.1514,0.06884,2.364,9.73862,0.00449,2.2614,9.7996,9.7386,0.34655,13,0.0511,0,0,160.96613,60.41341,0.3116,0.3082,1,False,running
b326998ea4,formation_6_dynamic_popup,158,31.6,1784493600,completion_astar,finish_first,r05,r05,True,center,member,local,1,3,9.40425,0.67322,-0.14869,0.3116,0.00135,820,820,-161,104,0,0,0000,---,False,0.30817,-0.0461,0.3116,0.00135,9.86114,0.60489,cached_path_to_final_target,w,"$1,0,0,0,0,0,0,0,0#",16000,16000,Set tank.c app_speed/duty level to the logged pwm before sending the move key/protocol command; e=stop.,9.85963,26.47006,0,0,0,0.1431,0.10807,2.44264,9.73862,0.00449,2.2614,9.7996,9.7386,0.34655,13,0.0511,0,0,160.96613,60.41341,0.3116,0.3082,1,False,running
b326998ea4,formation_6_dynamic_popup,158,31.6,1784493600,completion_astar,finish_first,r06,r06,True,center,member,local,1,3,9.29651,-0.16783,0.08676,0.31135,-0.11231,843,796,151,103,0,0,0000,---,False,0.31086,0.02152,0.31135,-0.11231,9.75786,-0.13699,cached_path_to_final_target,w,"$1,0,0,0,0,0,0,0,0#",17000,16000,Set tank.c app_speed/duty level to the logged pwm before sending the move key/protocol command; e=stop.,10.06153,26.8367,0,0,0,0.21954,0.11631,2.34949,9.73862,0.00449,2.2614,9.7996,9.7386,0.34655,13,0.0511,0,0,160.96613,60.41341,0.3116,0.3082,1,False,running
b326998ea4,formation_6_dynamic_popup,159,31.8,1784493800,completion_astar,finish_first,r01,r01,True,center,member,local,1,3,9.70262,-0.41263,0.0476,0.3116,-0.0,820,820,151,150,0,0,0000,---,False,0.31125,0.01483,0.3116,-0.0,10.16412,-0.39064,cached_path_to_final_target,w,"$1,0,0,0,0,0,0,0,0#",16000,16000,Set tank.c app_speed/duty level to the logged pwm before sending the move key/protocol command; e=stop.,10.12919,26.92279,0,0,0,0.10635,0.10575,2.11979,9.80068,0.00459,2.1993,9.8616,9.8007,0.33951,13,0.0511,0,0,161.9583,60.78732,0.3116,0.3082,1,False,running
b326998ea4,formation_6_dynamic_popup,159,31.8,1784493800,completion_astar,finish_first,r02,r02,True,center,member,local,1,3,10.01752,-0.55788,0.11332,0.3116,0.0,820,820,148,185,0,0,0000,---,False,0.3096,0.03523,0.3116,0.0,10.47653,-0.50564,cached_path_to_final_target,w,"$1,0,0,0,0,0,0,0,0#",16000,16000,Set tank.c app_speed/duty level to the logged pwm before sending the move key/protocol command; e=stop.,10.15983,27.04123,0,8,0,0.10622,0.05111,2.17644,9.80068,0.00459,2.1993,9.8616,9.8007,0.33951,13,0.0511,0,0,161.9583,60.78732,0.3116,0.3082,1,False,running
b326998ea4,formation_6_dynamic_popup,159,31.8,1784493800,completion_astar,finish_first,r03,r03,True,center,member,local,1,3,10.37386,0.00305,-0.00153,0.3116,-0.0,820,820,170,202,0,0,0000,---,False,0.3116,-0.00048,0.3116,-0.0,10.83584,0.00234,cached_path_to_final_target,w,"$1,0,0,0,0,0,0,0,0#",16000,16000,Set tank.c app_speed/duty level to the logged pwm before sending the move key/protocol command; e=stop.,10.46303,27.71821,0,8,0,0.12163,0.05111,1.98614,9.80068,0.00459,2.1993,9.8616,9.8007,0.33951,13,0.0511,0,0,161.9583,60.78732,0.3116,0.3082,1,False,running
b326998ea4,formation_6_dynamic_popup,159,31.8,1784493800,completion_astar,finish_first,r04,r04,True,center,member,local,1,3,9.88555,0.49399,-0.07926,0.3116,6e-05,820,820,-173,150,0,0,0000,---,False,0.31062,-0.02467,0.3116,6e-05,10.34607,0.45741,cached_path_to_final_target,w,"$1,0,0,0,0,0,0,0,0#",16000,16000,Set tank.c app_speed/duty level to the logged pwm before sending the move key/protocol command; e=stop.,9.98947,26.63813,0,0,0,0.1514,0.06884,2.30168,9.80068,0.00459,2.1993,9.8616,9.8007,0.33951,13,0.0511,0,0,161.9583,60.78732,0.3116,0.3082,1,False,running
b326998ea4,formation_6_dynamic_popup,159,31.8,1784493800,completion_astar,finish_first,r05,r05,True,center,member,local,1,3,9.46588,0.66399,-0.14858,0.3116,0.00053,820,820,-162,110,0,0,0000,---,False,0.30817,-0.0461,0.3116,0.00053,9.92277,0.59564,cached_path_to_final_target,w,"$1,0,0,0,0,0,0,0,0#",16000,16000,Set tank.c app_speed/duty level to the logged pwm before sending the move key/protocol command; e=stop.,9.92195,26.63532,0,0,0,0.1431,0.10807,2.38032,9.80068,0.00459,2.1993,9.8616,9.8007,0.33951,13,0.0511,0,0,161.9583,60.78732,0.3116,0.3082,1,False,running
b326998ea4,formation_6_dynamic_popup,159,31.8,1784493800,completion_astar,finish_first,r06,r06,True,center,member,local,1,3,9.35863,-0.163,0.07751,0.31156,-0.04627,830,810,152,109,0,0,0000,---,False,0.31083,0.02187,0.31156,-0.04627,9.81963,-0.13103,cached_path_to_final_target,w,"$1,0,0,0,0,0,0,0,0#",17000,16000,Set tank.c app_speed/duty level to the logged pwm before sending the move key/protocol command; e=stop.,10.12384,27.00262,0,0,0,0.21954,0.11631,2.28718,9.80068,0.00459,2.1993,9.8616,9.8007,0.33951,13,0.0511,0,0,161.9583,60.78732,0.3116,0.3082,1,False,running
b326998ea4,formation_6_dynamic_popup,160,32.0,1784494000,completion_astar,finish_first,r01,r01,True,center,member,local,1,3,9.76486,-0.40966,0.0476,0.3116,-0.0,820,820,152,156,0,0,0000,---,False,0.31125,0.01483,0.3116,-0.0,10.22633,-0.38768,cached_path_to_final_target,w,"$1,0,0,0,0,0,0,0,0#",16000,16000,Set tank.c app_speed/duty level to the logged pwm before sending the move key/protocol command; e=stop.,10.19151,27.08804,0,0,0,0.10635,0.10575,2.05747,9.86274,0.00465,2.1373,9.9237,9.8627,0.33253,13,0.0511,0,0,162.95005,61.16124,0.3116,0.3082,1,False,running
b326998ea4,formation_6_dynamic_popup,160,32.0,1784494000,completion_astar,finish_first,r02,r02,True,center,member,local,1,3,10.07944,-0.55083,0.11332,0.3116,0.0,820,820,148,190,0,0,0000,---,False,0.3096,0.03523,0.3116,0.0,10.53845,-0.49859,cached_path_to_final_target,w,"$1,0,0,0,0,0,0,0,0#",16000,16000,Set tank.c app_speed/duty level to the logged pwm before sending the move key/protocol command; e=stop.,10.22215,27.20647,0,8,0,0.10622,0.05111,2.11412,9.86274,0.00465,2.1373,9.9237,9.8627,0.33253,13,0.0511,0,0,162.95005,61.16124,0.3116,0.3082,1,False,running
b326998ea4,formation_6_dynamic_popup,160,32.0,1784494000,completion_astar,finish_first,r03,r03,True,center,member,local,1,3,10.43618,0.00295,-0.00153,0.3116,-0.0,820,820,170,208,0,0,0000,---,False,0.3116,-0.00048,0.3116,-0.0,10.89816,0.00224,cached_path_to_final_target,w,"$1,0,0,0,0,0,0,0,0#",16000,16000,Set tank.c app_speed/duty level to the logged pwm before sending the move key/protocol command; e=stop.,10.52535,27.88346,0,8,0,0.12163,0.05111,1.92382,9.86274,0.00465,2.1373,9.9237,9.8627,0.33253,13,0.0511,0,0,162.95005,61.16124,0.3116,0.3082,1,False,running
b326998ea4,formation_6_dynamic_popup,160,32.0,1784494000,completion_astar,finish_first,r04,r04,True,center,member,local,1,3,9.94767,0.48905,-0.07925,0.3116,2e-05,820,820,-173,156,0,0,0000,---,False,0.31062,-0.02467,0.3116,2e-05,10.40819,0.45248,cached_path_to_final_target,w,"$1,0,0,0,0,0,0,0,0#",16000,16000,Set tank.c app_speed/duty level to the logged pwm before sending the move key/protocol command; e=stop.,10.05179,26.80337,0,0,0,0.1514,0.06884,2.23936,9.86274,0.00465,2.1373,9.9237,9.8627,0.33253,13,0.0511,0,0,162.95005,61.16124,0.3116,0.3082,1,False,running
b326998ea4,formation_6_dynamic_popup,160,32.0,1784494000,completion_astar,finish_first,r05,r05,True,center,member,local,1,3,9.52751,0.65477,-0.14854,0.3116,0.0002,820,820,-163,115,0,0,0000,---,False,0.30817,-0.04611,0.3116,0.0002,9.9844,0.58641,cached_path_to_final_target,w,"$1,0,0,0,0,0,0,0,0#",16000,16000,Set tank.c app_speed/duty level to the logged pwm before sending the move key/protocol command; e=stop.,9.98427,26.80057,0,0,0,0.1431,0.10807,2.318,9.86274,0.00465,2.1373,9.9237,9.8627,0.33253,13,0.0511,0,0,162.95005,61.16124,0.3116,0.3082,1,False,running
b326998ea4,formation_6_dynamic_popup,160,32.0,1784494000,completion_astar,finish_first,r06,r06,True,center,member,local,1,3,9.42078,-0.15841,0.07374,0.31159,-0.01883,824,816,154,114,0,0,0000,---,False,0.31082,0.02204,0.31159,-0.01883,9.88165,-0.12592,cached_path_to_final_target,w,"$1,0,0,0,0,0,0,0,0#",16000,16000,Set tank.c app_speed/duty level to the logged pwm before sending the move key/protocol command; e=stop.,10.18616,27.16815,0,0,0,0.21954,0.11631,2.22487,9.86274,0.00465,2.1373,9.9237,9.8627,0.33253,13,0.0511,0,0,162.95005,61.16124,0.3116,0.3082,1,False,running
b326998ea4,formation_6_dynamic_popup,161,32.2,1784494200,completion_astar,finish_first,r01,r01,True,center,member,local,1,3,9.82711,-0.4067,0.0476,0.3116,-0.0,820,820,153,161,0,0,0000,---,False,0.31125,0.01483,0.3116,-0.0,10.28857,-0.38471,path_to_final_target,w,"$1,0,0,0,0,0,0,0,0#",16000,16000,Set tank.c app_speed/duty level to the logged pwm before sending the move key/protocol command; e=stop.,10.25383,27.25328,0,0,0,0.10635,0.10575,1.99515,9.92481,0.00469,2.0752,9.9858,9.9248,0.32561,13,0.0511,0,0,163.94165,61.53516,0.3116,0.3082,1,False,running
b326998ea4,formation_6_dynamic_popup,161,32.2,1784494200,completion_astar,finish_first,r02,r02,True,center,member,local,1,3,10.14136,-0.54378,0.11332,0.3116,0.0,820,820,149,196,0,0,0000,---,False,0.3096,0.03523,0.3116,0.0,10.60037,-0.49154,path_to_final_target,w,"$1,0,0,0,0,0,0,0,0#",16000,16000,Set tank.c app_speed/duty level to the logged pwm before sending the move key/protocol command; e=stop.,10.28447,27.37172,0,8,0,0.10622,0.05111,2.0518,9.92481,0.00469,2.0752,9.9858,9.9248,0.32561,13,0.0511,0,0,163.94165,61.53516,0.3116,0.3082,1,False,running
b326998ea4,formation_6_dynamic_popup,161,32.2,1784494200,completion_astar,finish_first,r03,r03,True,center,member,local,1,3,10.4985,0.00286,-0.00153,0.3116,-0.0,820,820,171,214,0,0,0000,---,False,0.3116,-0.00048,0.3116,-0.0,10.96048,0.00215,path_to_final_target,w,"$1,0,0,0,0,0,0,0,0#",16000,16000,Set tank.c app_speed/duty level to the logged pwm before sending the move key/protocol command; e=stop.,10.58767,28.0487,0,8,0,0.12163,0.05111,1.8615,9.92481,0.00469,2.0752,9.9858,9.9248,0.32561,13,0.0511,0,0,163.94165,61.53516,0.3116,0.3082,1,False,running
b326998ea4,formation_6_dynamic_popup,161,32.2,1784494200,completion_astar,finish_first,r04,r04,True,center,member,local,1,3,10.0098,0.48412,-0.07925,0.3116,1e-05,820,820,-174,162,0,0,0000,---,False,0.31062,-0.02467,0.3116,1e-05,10.47032,0.44755,path_to_final_target,w,"$1,0,0,0,0,0,0,0,0#",16000,16000,Set tank.c app_speed/duty level to the logged pwm before sending the move key/protocol command; e=stop.,10.11411,26.96862,0,0,0,0.1514,0.06884,2.17704,9.92481,0.00469,2.0752,9.9858,9.9248,0.32561,13,0.0511,0,0,163.94165,61.53516,0.3116,0.3082,1,False,running
b326998ea4,formation_6_dynamic_popup,161,32.2,1784494200,completion_astar,finish_first,r05,r05,True,center,member,local,1,3,9.58915,0.64555,-0.14853,0.3116,8e-05,820,820,-163,121,0,0,0000,---,False,0.30817,-0.04611,0.3116,8e-05,10.04603,0.57719,path_to_final_target,w,"$1,0,0,0,0,0,0,0,0#",16000,16000,Set tank.c app_speed/duty level to the logged pwm before sending the move key/protocol command; e=stop.,10.04659,26.96581,0,0,0,0.1431,0.10807,2.25568,9.92481,0.00469,2.0752,9.9858,9.9248,0.32561,13,0.0511,0,0,163.94165,61.53516,0.3116,0.3082,1,False,running
b326998ea4,formation_6_dynamic_popup,161,32.2,1784494200,completion_astar,finish_first,r06,r06,True,center,member,local,1,3,9.48294,-0.15391,0.07222,0.3116,-0.00759,822,818,155,120,0,0,0001,---,False,0.31081,0.02211,0.3116,-0.00759,9.94376,-0.1212,path_to_final_target,w,"$1,0,0,0,0,0,0,0,0#",16000,16000,Set tank.c app_speed/duty level to the logged pwm before sending the move key/protocol command; e=stop.,10.24848,27.33351,0,0,0,0.21954,0.11631,2.16255,9.92481,0.00469,2.0752,9.9858,9.9248,0.32561,13,0.0511,0,0,163.94165,61.53516,0.3116,0.3082,1,False,running
b326998ea4,formation_6_dynamic_popup,162,32.4,1784494400,completion_astar,finish_first,r01,r01,True,center,member,local,1,3,9.88936,-0.40373,0.0476,0.3116,-0.0,820,820,154,167,0,0,0000,---,False,0.31125,0.01483,0.3116,-0.0,10.35081,-0.38175,cached_path_to_final_target,w,"$1,0,0,0,0,0,0,0,0#",16000,16000,Set tank.c app_speed/duty level to the logged pwm before sending the move key/protocol command; e=stop.,10.31615,27.41853,0,0,0,0.10635,0.10575,1.93283,9.98688,0.00472,2.0131,10.0478,9.9869,0.31875,13,0.0511,0,0,164.93317,61.90908,0.3116,0.3082,1,False,running
b326998ea4,formation_6_dynamic_popup,162,32.4,1784494400,completion_astar,finish_first,r02,r02,True,center,member,local,1,3,10.20328,-0.53673,0.11332,0.3116,-0.0,820,820,150,201,0,0,0000,---,False,0.3096,0.03523,0.3116,-0.0,10.66229,-0.4845,cached_path_to_final_target,w,"$1,0,0,0,0,0,0,0,0#",16000,16000,Set tank.c app_speed/duty level to the logged pwm before sending the move key/protocol command; e=stop.,10.34679,27.53697,0,8,0,0.10622,0.05111,1.98948,9.98688,0.00472,2.0131,10.0478,9.9869,0.31875,13,0.0511,0,0,164.93317,61.90908,0.3116,0.3082,1,False,running
b326998ea4,formation_6_dynamic_popup,162,32.4,1784494400,completion_astar,finish_first,r03,r03,True,center,member,local,1,3,10.56082,0.00276,-0.00153,0.3116,-0.0,820,820,171,220,0,0,0000,---,False,0.3116,-0.00048,0.3116,-0.0,11.0228,0.00205,cached_path_to_final_target,w,"$1,0,0,0,0,0,0,0,0#",16000,16000,Set tank.c app_speed/duty level to the logged pwm before sending the move key/protocol command; e=stop.,10.64999,28.21395,0,8,0,0.12163,0.05111,1.79918,9.98688,0.00472,2.0131,10.0478,9.9869,0.31875,13,0.0511,0,0,164.93317,61.90908,0.3116,0.3082,1,False,running
b326998ea4,formation_6_dynamic_popup,162,32.4,1784494400,completion_astar,finish_first,r04,r04,True,center,member,local,1,3,10.07192,0.47918,-0.07925,0.3116,0.0,820,820,-174,168,0,0,0000,---,False,0.31062,-0.02467,0.3116,0.0,10.53244,0.44261,cached_path_to_final_target,w,"$1,0,0,0,0,0,0,0,0#",16000,16000,Set tank.c app_speed/duty level to the logged pwm before sending the move key/protocol command; e=stop.,10.17643,27.13387,0,0,0,0.1514,0.06884,2.11472,9.98688,0.00472,2.0131,10.0478,9.9869,0.31875,13,0.0511,0,0,164.93317,61.90908,0.3116,0.3082,1,False,running
b326998ea4,formation_6_dynamic_popup,162,32.4,1784494400,completion_astar,finish_first,r05,r05,True,center,member,local,1,3,9.65078,0.63632,-0.14852,0.3116,3e-05,820,820,-164,127,0,0,0000,---,False,0.30817,-0.04611,0.3116,3e-05,10.10767,0.56797,cached_path_to_final_target,w,"$1,0,0,0,0,0,0,0,0#",16000,16000,Set tank.c app_speed/duty level to the logged pwm before sending the move key/protocol command; e=stop.,10.10891,27.13106,0,0,0,0.1431,0.10807,2.19336,9.98688,0.00472,2.0131,10.0478,9.9869,0.31875,13,0.0511,0,0,164.93317,61.90908,0.3116,0.3082,1,False,running
b326998ea4,formation_6_dynamic_popup,162,32.4,1784494400,completion_astar,finish_first,r06,r06,True,center,member,local,1,3,9.5451,-0.14946,0.07161,0.3116,-0.00304,821,819,156,126,0,0,0001,---,False,0.31081,0.02215,0.3116,-0.00304,10.00591,-0.11665,cached_path_to_final_target,w,"$1,0,0,0,0,0,0,0,0#",16000,16000,Set tank.c app_speed/duty level to the logged pwm before sending the move key/protocol command; e=stop.,10.3108,27.4988,0,0,0,0.21954,0.11631,2.10023,9.98688,0.00472,2.0131,10.0478,9.9869,0.31875,13,0.0511,0,0,164.93317,61.90908,0.3116,0.3082,1,False,running
b326998ea4,formation_6_dynamic_popup,163,32.6,1784494600,completion_astar,finish_first,r01,r01,True,center,member,local,1,3,9.95161,-0.40076,0.0476,0.3116,-0.0,820,820,154,173,0,0,0000,---,False,0.31125,0.01483,0.3116,-0.0,10.41306,-0.37878,cached_path_to_final_target,w,"$1,0,0,0,0,0,0,0,0#",16000,16000,Set tank.c app_speed/duty level to the logged pwm before sending the move key/protocol command; e=stop.,10.37847,27.58378,0,0,0,0.10635,0.10575,1.87051,10.04895,0.00476,1.9511,10.1099,10.0489,0.31194,13,0.0511,0,0,165.92467,62.283,0.3116,0.3082,1,False,running
b326998ea4,formation_6_dynamic_popup,163,32.6,1784494600,completion_astar,finish_first,r02,r02,True,center,member,local,1,3,10.2652,-0.52969,0.11332,0.3116,-0.0,820,820,151,207,0,0,0000,---,False,0.3096,0.03523,0.3116,-0.0,10.72421,-0.47745,cached_path_to_final_target,w,"$1,0,0,0,0,0,0,0,0#",16000,16000,Set tank.c app_speed/duty level to the logged pwm before sending the move key/protocol command; e=stop.,10.40911,27.70221,0,8,0,0.10622,0.05111,1.92716,10.04895,0.00476,1.9511,10.1099,10.0489,0.31194,13,0.0511,0,0,165.92467,62.283,0.3116,0.3082,1,False,running
b326998ea4,formation_6_dynamic_popup,163,32.6,1784494600,completion_astar,finish_first,r03,r03,True,center,member,local,1,3,10.62314,0.00266,-0.00153,0.3116,-0.0,820,820,171,227,0,0,0000,---,False,0.3116,-0.00048,0.3116,-0.0,11.08512,0.00196,cached_path_to_final_target,w,"$1,0,0,0,0,0,0,0,0#",16000,16000,Set tank.c app_speed/duty level to the logged pwm before sending the move key/protocol command; e=stop.,10.71231,28.3792,0,8,0,0.12163,0.05111,1.73686,10.04895,0.00476,1.9511,10.1099,10.0489,0.31194,13,0.0511,0,0,165.92467,62.283,0.3116,0.3082,1,False,running
b326998ea4,formation_6_dynamic_popup,163,32.6,1784494600,completion_astar,finish_first,r04,r04,True,center,member,local,1,3,10.13405,0.47425,-0.07925,0.3116,0.0,820,820,-174,174,0,0,0000,---,False,0.31062,-0.02467,0.3116,0.0,10.59457,0.43768,cached_path_to_final_target,w,"$1,0,0,0,0,0,0,0,0#",16000,16000,Set tank.c app_speed/duty level to the logged pwm before sending the move key/protocol command; e=stop.,10.23875,27.29911,0,0,0,0.1514,0.06884,2.0524,10.04895,0.00476,1.9511,10.1099,10.0489,0.31194,13,0.0511,0,0,165.92467,62.283,0.3116,0.3082,1,False,running
b326998ea4,formation_6_dynamic_popup,163,32.6,1784494600,completion_astar,finish_first,r05,r05,True,center,member,local,1,3,9.71242,0.6271,-0.14852,0.3116,1e-05,820,820,-165,133,0,0,0000,---,False,0.30817,-0.04611,0.3116,1e-05,10.1693,0.55874,cached_path_to_final_target,w,"$1,0,0,0,0,0,0,0,0#",16000,16000,Set tank.c app_speed/duty level to the logged pwm before sending the move key/protocol command; e=stop.,10.17123,27.29631,0,0,0,0.1431,0.10807,2.13104,10.04895,0.00476,1.9511,10.1099,10.0489,0.31194,13,0.0511,0,0,165.92467,62.283,0.3116,0.3082,1,False,running
b326998ea4,formation_6_dynamic_popup,163,32.6,1784494600,completion_astar,finish_first,r06,r06,True,center,member,local,1,3,9.60726,-0.14501,0.07137,0.3116,-0.00121,820,820,157,131,0,0,0001,---,False,0.31081,0.02216,0.3116,-0.00121,10.06806,-0.11217,cached_path_to_final_target,w,"$1,0,0,0,0,0,0,0,0#",16000,16000,Set tank.c app_speed/duty level to the logged pwm before sending the move key/protocol command; e=stop.,10.37312,27.66406,0,0,0,0.21954,0.11631,2.03791,10.04895,0.00476,1.9511,10.1099,10.0489,0.31194,13,0.0511,0,0,165.92467,62.283,0.3116,0.3082,1,False,running
b326998ea4,formation_6_dynamic_popup,164,32.8,1784494800,completion_astar,finish_first,r01,r01,True,center,member,local,1,3,10.01386,-0.3978,0.0476,0.3116,-0.0,820,820,155,178,0,0,0000,---,False,0.31125,0.01483,0.3116,-0.0,10.47531,-0.37582,cached_path_to_final_target,w,"$1,0,0,0,0,0,0,0,0#",16000,16000,Set tank.c app_speed/duty level to the logged pwm before sending the move key/protocol command; e=stop.,10.44079,27.74902,0,0,0,0.10635,0.10575,1.80819,10.11102,0.00479,1.889,10.172,10.111,0.30519,13,0.0511,0,0,166.91615,62.65692,0.3116,0.3083,1,False,running
b326998ea4,formation_6_dynamic_popup,164,32.8,1784494800,completion_astar,finish_first,r02,r02,True,center,member,local,1,3,10.32712,-0.52264,0.11332,0.3116,-0.0,820,820,151,212,0,0,0000,---,False,0.3096,0.03523,0.3116,-0.0,10.78613,-0.4704,cached_path_to_final_target,w,"$1,0,0,0,0,0,0,0,0#",16000,16000,Set tank.c app_speed/duty level to the logged pwm before sending the move key/protocol command; e=stop.,10.47143,27.86746,0,8,0,0.10622,0.05111,1.86484,10.11102,0.00479,1.889,10.172,10.111,0.30519,13,0.0511,0,0,166.91615,62.65692,0.3116,0.3083,1,False,running
b326998ea4,formation_6_dynamic_popup,164,32.8,1784494800,completion_astar,finish_first,r03,r03,True,center,member,local,1,3,10.68546,0.00257,-0.00153,0.3116,-0.0,820,820,171,233,0,0,0000,---,False,0.3116,-0.00048,0.3116,-0.0,11.14744,0.00186,cached_path_to_final_target,w,"$1,0,0,0,0,0,0,0,0#",16000,16000,Set tank.c app_speed/duty level to the logged pwm before sending the move key/protocol command; e=stop.,10.77463,28.54444,0,8,0,0.12163,0.05111,1.67454,10.11102,0.00479,1.889,10.172,10.111,0.30519,13,0.0511,0,0,166.91615,62.65692,0.3116,0.3083,1,False,running
b326998ea4,formation_6_dynamic_popup,164,32.8,1784494800,completion_astar,finish_first,r04,r04,True,center,member,local,1,3,10.19617,0.46932,-0.07925,0.3116,0.0,820,820,-174,181,0,0,0000,---,False,0.31062,-0.02467,0.3116,0.0,10.65669,0.43274,cached_path_to_final_target,w,"$1,0,0,0,0,0,0,0,0#",16000,16000,Set tank.c app_speed/duty level to the logged pwm before sending the move key/protocol command; e=stop.,10.30107,27.46436,0,0,0,0.1514,0.06884,1.99008,10.11102,0.00479,1.889,10.172,10.111,0.30519,13,0.0511,0,0,166.91615,62.65692,0.3116,0.3083,1,False,running
b326998ea4,formation_6_dynamic_popup,164,32.8,1784494800,completion_astar,finish_first,r05,r05,True,center,member,local,1,3,9.77405,0.61788,-0.14852,0.3116,0.0,820,820,-165,139,0,0,0000,---,False,0.30817,-0.04611,0.3116,0.0,10.23094,0.54952,cached_path_to_final_target,w,"$1,0,0,0,0,0,0,0,0#",16000,16000,Set tank.c app_speed/duty level to the logged pwm before sending the move key/protocol command; e=stop.,10.23355,27.46155,0,0,0,0.1431,0.10807,2.06872,10.11102,0.00479,1.889,10.172,10.111,0.30519,13,0.0511,0,0,166.91615,62.65692,0.3116,0.3083,1,False,running
b326998ea4,formation_6_dynamic_popup,164,32.8,1784494800,completion_astar,finish_first,r06,r06,True,center,member,local,1,3,9.66942,-0.14057,0.07128,0.3116,-0.00048,820,820,157,137,0,0,0001,---,False,0.31081,0.02217,0.3116,-0.00048,10.13022,-0.10771,cached_path_to_final_target,w,"$1,0,0,0,0,0,0,0,0#",16000,16000,Set tank.c app_speed/duty level to the logged pwm before sending the move key/protocol command; e=stop.,10.43544,27.82932,0,0,0,0.21954,0.11631,1.97559,10.11102,0.00479,1.889,10.172,10.111,0.30519,13,0.0511,0,0,166.91615,62.65692,0.3116,0.3083,1,False,running
b326998ea4,formation_6_dynamic_popup,165,33.0,1784495000,completion_astar,finish_first,r01,r01,True,center,member,local,1,3,10.07611,-0.39483,0.0476,0.3116,-0.0,820,820,156,184,0,0,0000,---,False,0.31125,0.01483,0.3116,-0.0,10.53756,-0.37285,path_to_final_target,w,"$1,0,0,0,0,0,0,0,0#",16000,16000,Set tank.c app_speed/duty level to the logged pwm before sending the move key/protocol command; e=stop.,10.50311,27.91427,0,0,0,0.10635,0.10575,1.74587,10.17308,0.00482,1.8269,10.234,10.1731,0.2985,13,0.0511,0,0,167.90764,63.03084,0.3116,0.3083,1,False,running
b326998ea4,formation_6_dynamic_popup,165,33.0,1784495000,completion_astar,finish_first,r02,r02,True,center,member,local,1,3,10.38904,-0.51559,0.11332,0.3116,-0.0,820,820,152,217,0,0,0000,---,False,0.3096,0.03523,0.3116,-0.0,10.84805,-0.46335,path_to_final_target,w,"$1,0,0,0,0,0,0,0,0#",16000,16000,Set tank.c app_speed/duty level to the logged pwm before sending the move key/protocol command; e=stop.,10.53375,28.0327,0,8,0,0.10622,0.05111,1.80252,10.17308,0.00482,1.8269,10.234,10.1731,0.2985,13,0.0511,0,0,167.90764,63.03084,0.3116,0.3083,1,False,running
b326998ea4,formation_6_dynamic_popup,165,33.0,1784495000,completion_astar,finish_first,r03,r03,True,center,member,local,1,3,10.74778,0.00247,-0.00153,0.3116,-0.0,820,820,171,239,0,0,0000,---,False,0.3116,-0.00048,0.3116,-0.0,11.20976,0.00176,path_to_final_target,w,"$1,0,0,0,0,0,0,0,0#",16000,16000,Set tank.c app_speed/duty level to the logged pwm before sending the move key/protocol command; e=stop.,10.83695,28.70969,0,8,0,0.12163,0.05111,1.61222,10.17308,0.00482,1.8269,10.234,10.1731,0.2985,13,0.0511,0,0,167.90764,63.03084,0.3116,0.3083,1,False,running
b326998ea4,formation_6_dynamic_popup,165,33.0,1784495000,completion_astar,finish_first,r04,r04,True,center,member,local,1,3,10.25829,0.46438,-0.07925,0.3116,0.0,820,820,-174,187,0,0,0000,---,False,0.31062,-0.02467,0.3116,0.0,10.71882,0.42781,path_to_final_target,w,"$1,0,0,0,0,0,0,0,0#",16000,16000,Set tank.c app_speed/duty level to the logged pwm before sending the move key/protocol command; e=stop.,10.36339,27.62961,0,0,0,0.1514,0.06884,1.92776,10.17308,0.00482,1.8269,10.234,10.1731,0.2985,13,0.0511,0,0,167.90764,63.03084,0.3116,0.3083,1,False,running
b326998ea4,formation_6_dynamic_popup,165,33.0,1784495000,completion_astar,finish_first,r05,r05,True,center,member,local,1,3,9.83568,0.60866,-0.14852,0.3116,0.0,820,820,-166,145,0,0,0000,---,False,0.30817,-0.04611,0.3116,0.0,10.29257,0.5403,path_to_final_target,w,"$1,0,0,0,0,0,0,0,0#",16000,16000,Set tank.c app_speed/duty level to the logged pwm before sending the move key/protocol command; e=stop.,10.29587,27.6268,0,0,0,0.1431,0.10807,2.0064,10.17308,0.00482,1.8269,10.234,10.1731,0.2985,13,0.0511,0,0,167.90764,63.03084,0.3116,0.3083,1,False,running
b326998ea4,formation_6_dynamic_popup,165,33.0,1784495000,completion_astar,finish_first,r06,r06,True,center,member,local,1,3,9.73158,-0.13614,0.07124,0.3116,-0.00019,820,820,158,143,0,0,0001,---,False,0.31081,0.02217,0.3116,-0.00019,10.19238,-0.10327,path_to_final_target,w,"$1,0,0,0,0,0,0,0,0#",16000,16000,Set tank.c app_speed/duty level to the logged pwm before sending the move key/protocol command; e=stop.,10.49776,27.99457,0,0,0,0.21954,0.11631,1.91327,10.17308,0.00482,1.8269,10.234,10.1731,0.2985,13,0.0511,0,0,167.90764,63.03084,0.3116,0.3083,1,False,running
b326998ea4,formation_6_dynamic_popup,166,33.2,1784495200,completion_astar,finish_first,r01,r01,True,center,member,local,1,3,10.13836,-0.39187,0.0476,0.3116,-0.0,820,820,156,190,0,0,0000,---,False,0.31125,0.01483,0.3116,-0.0,10.59981,-0.36989,cached_path_to_final_target,w,"$1,0,0,0,0,0,0,0,0#",16000,16000,Set tank.c app_speed/duty level to the logged pwm before sending the move key/protocol command; e=stop.,10.56543,28.07951,0,0,0,0.10635,0.10575,1.68355,10.23515,0.00486,1.7649,10.2961,10.2352,0.29188,13,0.0511,0,0,168.89912,63.40476,0.3116,0.3083,1,False,running
b326998ea4,formation_6_dynamic_popup,166,33.2,1784495200,completion_astar,finish_first,r02,r02,True,center,member,local,1,3,10.45096,-0.50855,0.11332,0.3116,0.0,820,820,153,223,0,0,0000,---,False,0.3096,0.03523,0.3116,0.0,10.90997,-0.45631,cached_path_to_final_target,w,"$1,0,0,0,0,0,0,0,0#",16000,16000,Set tank.c app_speed/duty level to the logged pwm before sending the move key/protocol command; e=stop.,10.59607,28.19795,0,8,0,0.10622,0.05111,1.7402,10.23515,0.00486,1.7649,10.2961,10.2352,0.29188,13,0.0511,0,0,168.89912,63.40476,0.3116,0.3083,1,False,running
b326998ea4,formation_6_dynamic_popup,166,33.2,1784495200,completion_astar,finish_first,r03,r03,True,center,member,local,1,3,10.8101,0.00238,-0.00153,0.3116,-0.0,820,820,172,245,0,0,0000,---,False,0.3116,-0.00048,0.3116,-0.0,11.27208,0.00167,cached_path_to_final_target,w,"$1,0,0,0,0,0,0,0,0#",16000,16000,Set tank.c app_speed/duty level to the logged pwm before sending the move key/protocol command; e=stop.,10.89927,28.87494,0,8,0,0.12163,0.05111,1.5499,10.23515,0.00486,1.7649,10.2961,10.2352,0.29188,13,0.0511,0,0,168.89912,63.40476,0.3116,0.3083,1,False,running
b326998ea4,formation_6_dynamic_popup,166,33.2,1784495200,completion_astar,finish_first,r04,r04,True,center,member,local,1,3,10.32042,0.45945,-0.07925,0.3116,0.0,820,820,-174,193,0,0,0000,---,False,0.31062,-0.02467,0.3116,0.0,10.78094,0.42288,cached_path_to_final_target,w,"$1,0,0,0,0,0,0,0,0#",16000,16000,Set tank.c app_speed/duty level to the logged pwm before sending the move key/protocol command; e=stop.,10.42571,27.79485,0,0,0,0.1514,0.06884,1.86544,10.23515,0.00486,1.7649,10.2961,10.2352,0.29188,13,0.0511,0,0,168.89912,63.40476,0.3116,0.3083,1,False,running
b326998ea4,formation_6_dynamic_popup,166,33.2,1784495200,completion_astar,finish_first,r05,r05,True,center,member,local,1,3,9.89732,0.59944,-0.14852,0.3116,0.0,820,820,-166,151,0,0,0000,---,False,0.30817,-0.04611,0.3116,0.0,10.3542,0.53108,cached_path_to_final_target,w,"$1,0,0,0,0,0,0,0,0#",16000,16000,Set tank.c app_speed/duty level to the logged pwm before sending the move key/protocol command; e=stop.,10.35819,27.79205,0,0,0,0.1431,0.10807,1.94408,10.23515,0.00486,1.7649,10.2961,10.2352,0.29188,13,0.0511,0,0,168.89912,63.40476,0.3116,0.3083,1,False,running
b326998ea4,formation_6_dynamic_popup,166,33.2,1784495200,completion_astar,finish_first,r06,r06,True,center,member,local,1,3,9.79375,-0.1317,0.07122,0.3116,-7e-05,820,820,159,149,0,0,0001,---,False,0.31081,0.02217,0.3116,-7e-05,10.25455,-0.09883,cached_path_to_final_target,w,"$1,0,0,0,0,0,0,0,0#",16000,16000,Set tank.c app_speed/duty level to the logged pwm before sending the move key/protocol command; e=stop.,10.56008,28.15982,0,0,0,0.21954,0.11631,1.85095,10.23515,0.00486,1.7649,10.2961,10.2352,0.29188,13,0.0511,0,0,168.89912,63.40476,0.3116,0.3083,1,False,running
b326998ea4,formation_6_dynamic_popup,167,33.4,1784495400,completion_astar,finish_first,r01,r01,True,center,member,local,1,3,10.20061,-0.3889,0.0476,0.3116,-0.0,820,820,157,195,0,0,0000,---,False,0.31125,0.01483,0.3116,-0.0,10.66206,-0.36692,cached_path_to_final_target,w,"$1,0,0,0,0,0,0,0,0#",16000,16000,Set tank.c app_speed/duty level to the logged pwm before sending the move key/protocol command; e=stop.,10.62775,28.24476,0,0,0,0.10635,0.10575,1.62123,10.29722,0.00489,1.7028,10.3582,10.2972,0.28532,13,0.0511,0,0,169.89059,63.77868,0.3116,0.3083,1,False,running
b326998ea4,formation_6_dynamic_popup,167,33.4,1784495400,completion_astar,finish_first,r02,r02,True,center,member,local,1,3,10.51289,-0.5015,0.11332,0.3116,-0.0,820,820,153,229,0,0,0000,---,False,0.3096,0.03523,0.3116,-0.0,10.97189,-0.44926,cached_path_to_final_target,w,"$1,0,0,0,0,0,0,0,0#",16000,16000,Set tank.c app_speed/duty level to the logged pwm before sending the move key/protocol command; e=stop.,10.65839,28.3632,0,8,0,0.10622,0.05111,1.67788,10.29722,0.00489,1.7028,10.3582,10.2972,0.28532,13,0.0511,0,0,169.89059,63.77868,0.3116,0.3083,1,False,running
b326998ea4,formation_6_dynamic_popup,167,33.4,1784495400,completion_astar,finish_first,r03,r03,True,center,member,local,1,3,10.87242,0.00228,-0.00153,0.3116,-0.0,820,820,172,251,0,0,0000,---,False,0.3116,-0.00048,0.3116,-0.0,11.33439,0.00157,cached_path_to_final_target,w,"$1,0,0,0,0,0,0,0,0#",16000,16000,Set tank.c app_speed/duty level to the logged pwm before sending the move key/protocol command; e=stop.,10.96159,29.04018,0,8,0,0.12163,0.05111,1.48758,10.29722,0.00489,1.7028,10.3582,10.2972,0.28532,13,0.0511,0,0,169.89059,63.77868,0.3116,0.3083,1,False,running
b326998ea4,formation_6_dynamic_popup,167,33.4,1784495400,completion_astar,finish_first,r04,r04,True,center,member,local,1,3,10.38254,0.45452,-0.07925,0.3116,0.0,820,820,-175,199,0,0,0000,---,False,0.31062,-0.02467,0.3116,0.0,10.84306,0.41794,cached_path_to_final_target,w,"$1,0,0,0,0,0,0,0,0#",16000,16000,Set tank.c app_speed/duty level to the logged pwm before sending the move key/protocol command; e=stop.,10.48803,27.9601,0,0,0,0.1514,0.06884,1.80312,10.29722,0.00489,1.7028,10.3582,10.2972,0.28532,13,0.0511,0,0,169.89059,63.77868,0.3116,0.3083,1,False,running
b326998ea4,formation_6_dynamic_popup,167,33.4,1784495400,completion_astar,finish_first,r05,r05,True,center,member,local,1,3,9.95895,0.59022,-0.14852,0.3116,0.0,820,820,-167,158,0,0,0000,---,False,0.30817,-0.04611,0.3116,0.0,10.41584,0.52186,cached_path_to_final_target,w,"$1,0,0,0,0,0,0,0,0#",16000,16000,Set tank.c app_speed/duty level to the logged pwm before sending the move key/protocol command; e=stop.,10.42051,27.95729,0,0,0,0.1431,0.10807,1.88176,10.29722,0.00489,1.7028,10.3582,10.2972,0.28532,13,0.0511,0,0,169.89059,63.77868,0.3116,0.3083,1,False,running
b326998ea4,formation_6_dynamic_popup,167,33.4,1784495400,completion_astar,finish_first,r06,r06,True,center,member,local,1,3,9.85591,-0.12727,0.07122,0.3116,-3e-05,820,820,159,154,0,0,0001,---,False,0.31081,0.02217,0.3116,-3e-05,10.31671,-0.0944,cached_path_to_final_target,w,"$1,0,0,0,0,0,0,0,0#",16000,16000,Set tank.c app_speed/duty level to the logged pwm before sending the move key/protocol command; e=stop.,10.6224,28.32506,0,0,0,0.21954,0.11631,1.78863,10.29722,0.00489,1.7028,10.3582,10.2972,0.28532,13,0.0511,0,0,169.89059,63.77868,0.3116,0.3083,1,False,running
b326998ea4,formation_6_dynamic_popup,168,33.6,1784495600,completion_astar,finish_first,r01,r01,True,center,member,local,1,3,10.26286,-0.38594,0.0476,0.3116,-0.0,820,820,158,201,0,0,0000,---,False,0.31125,0.01483,0.3116,-0.0,10.72431,-0.36396,cached_path_to_final_target,w,"$1,0,0,0,0,0,0,0,0#",16000,16000,Set tank.c app_speed/duty level to the logged pwm before sending the move key/protocol command; e=stop.,10.69007,28.41001,0,0,0,0.10635,0.10575,1.55891,10.35929,0.00492,1.6407,10.4203,10.3593,0.27883,13,0.0511,0,0,170.88207,64.1526,0.3116,0.3083,1,False,running
b326998ea4,formation_6_dynamic_popup,168,33.6,1784495600,completion_astar,finish_first,r02,r02,True,center,member,local,1,3,10.57481,-0.49445,0.11332,0.3116,-0.0,820,820,154,234,0,0,0000,---,False,0.3096,0.03523,0.3116,-0.0,11.03381,-0.44221,cached_path_to_final_target,w,"$1,0,0,0,0,0,0,0,0#",16000,16000,Set tank.c app_speed/duty level to the logged pwm before sending the move key/protocol command; e=stop.,10.72071,28.52844,0,8,0,0.10622,0.05111,1.61556,10.35929,0.00492,1.6407,10.4203,10.3593,0.27883,13,0.0511,0,0,170.88207,64.1526,0.3116,0.3083,1,False,running
b326998ea4,formation_6_dynamic_popup,168,33.6,1784495600,completion_astar,finish_first,r03,r03,True,center,member,local,1,3,10.93474,0.00219,-0.00153,0.3116,-0.0,820,820,172,257,0,0,0000,---,False,0.3116,-0.00048,0.3116,-0.0,11.39671,0.00148,cached_path_to_final_target,w,"$1,0,0,0,0,0,0,0,0#",16000,16000,Set tank.c app_speed/duty level to the logged pwm before sending the move key/protocol command; e=stop.,11.02391,29.20543,0,8,0,0.12163,0.05111,1.42526,10.35929,0.00492,1.6407,10.4203,10.3593,0.27883,13,0.0511,0,0,170.88207,64.1526,0.3116,0.3083,1,False,running
b326998ea4,formation_6_dynamic_popup,168,33.6,1784495600,completion_astar,finish_first,r04,r04,True,center,member,local,1,3,10.44467,0.44958,-0.07925,0.3116,0.0,820,820,-175,205,0,0,0000,---,False,0.31062,-0.02467,0.3116,0.0,10.90519,0.41301,cached_path_to_final_target,w,"$1,0,0,0,0,0,0,0,0#",16000,16000,Set tank.c app_speed/duty level to the logged pwm before sending the move key/protocol command; e=stop.,10.55035,28.12535,0,0,0,0.1514,0.06884,1.7408,10.35929,0.00492,1.6407,10.4203,10.3593,0.27883,13,0.0511,0,0,170.88207,64.1526,0.3116,0.3083,1,False,running
b326998ea4,formation_6_dynamic_popup,168,33.6,1784495600,completion_astar,finish_first,r05,r05,True,center,member,local,1,3,10.02059,0.58099,-0.14852,0.3116,0.0,820,820,-167,164,0,0,0000,---,False,0.30817,-0.04611,0.3116,0.0,10.47747,0.51264,cached_path_to_final_target,w,"$1,0,0,0,0,0,0,0,0#",16000,16000,Set tank.c app_speed/duty level to the logged pwm before sending the move key/protocol command; e=stop.,10.48283,28.12254,0,0,0,0.1431,0.10807,1.81944,10.35929,0.00492,1.6407,10.4203,10.3593,0.27883,13,0.0511,0,0,170.88207,64.1526,0.3116,0.3083,1,False,running
b326998ea4,formation_6_dynamic_popup,168,33.6,1784495600,completion_astar,finish_first,r06,r06,True,center,member,local,1,3,9.91807,-0.12283,0.07122,0.3116,-1e-05,820,820,160,160,0,0,0001,---,False,0.31081,0.02217,0.3116,-1e-05,10.37887,-0.08996,cached_path_to_final_target,w,"$1,0,0,0,0,0,0,0,0#",16000,16000,Set tank.c app_speed/duty level to the logged pwm before sending the move key/protocol command; e=stop.,10.68472,28.49031,0,0,0,0.21954,0.11631,1.72631,10.35929,0.00492,1.6407,10.4203,10.3593,0.27883,13,0.0511,0,0,170.88207,64.1526,0.3116,0.3083,1,False,running
b326998ea4,formation_6_dynamic_popup,169,33.8,1784495800,completion_astar,finish_first,r01,r01,True,center,member,local,1,3,10.32511,-0.38297,0.0476,0.3116,-0.0,820,820,158,207,0,0,0000,---,False,0.31125,0.01483,0.3116,-0.0,10.78656,-0.36099,path_to_final_target,w,"$1,0,0,0,0,0,0,0,0#",16000,16000,Set tank.c app_speed/duty level to the logged pwm before sending the move key/protocol command; e=stop.,10.75239,28.57525,0,0,0,0.10635,0.10575,1.49659,10.42136,0.00496,1.5787,10.4823,10.4214,0.27241,13,0.0511,0,0,171.87355,64.52652,0.3116,0.3083,1,False,running
b326998ea4,formation_6_dynamic_popup,169,33.8,1784495800,completion_astar,finish_first,r02,r02,True,center,member,local,1,3,10.63673,-0.48741,0.11332,0.3116,-0.0,820,820,155,240,0,0,0000,---,False,0.3096,0.03523,0.3116,-0.0,11.09573,-0.43517,path_to_final_target,w,"$1,0,0,0,0,0,0,0,0#",16000,16000,Set tank.c app_speed/duty level to the logged pwm before sending the move key/protocol command; e=stop.,10.78303,28.69369,0,8,0,0.10622,0.05111,1.55324,10.42136,0.00496,1.5787,10.4823,10.4214,0.27241,13,0.0511,0,0,171.87355,64.52652,0.3116,0.3083,1,False,running
b326998ea4,formation_6_dynamic_popup,169,33.8,1784495800,completion_astar,finish_first,r03,r03,True,center,member,local,1,3,10.99706,0.00209,-0.00153,0.3116,-0.0,820,820,172,264,0,0,0000,---,False,0.3116,-0.00048,0.3116,-0.0,11.45903,0.00138,path_to_final_target,w,"$1,0,0,0,0,0,0,0,0#",16000,16000,Set tank.c app_speed/duty level to the logged pwm before sending the move key/protocol command; e=stop.,11.08623,29.37067,0,8,0,0.12163,0.05111,1.36294,10.42136,0.00496,1.5787,10.4823,10.4214,0.27241,13,0.0511,0,0,171.87355,64.52652,0.3116,0.3083,1,False,running
b326998ea4,formation_6_dynamic_popup,169,33.8,1784495800,completion_astar,finish_first,r04,r04,True,center,member,local,1,3,10.50679,0.44465,-0.07925,0.3116,0.0,820,820,-175,212,0,0,0000,---,False,0.31062,-0.02467,0.3116,0.0,10.96731,0.40808,path_to_final_target,w,"$1,0,0,0,0,0,0,0,0#",16000,16000,Set tank.c app_speed/duty level to the logged pwm before sending the move key/protocol command; e=stop.,10.61267,28.29059,0,0,0,0.1514,0.06884,1.67848,10.42136,0.00496,1.5787,10.4823,10.4214,0.27241,13,0.0511,0,0,171.87355,64.52652,0.3116,0.3083,1,False,running
b326998ea4,formation_6_dynamic_popup,169,33.8,1784495800,completion_astar,finish_first,r05,r05,True,center,member,local,1,3,10.08222,0.57177,-0.14852,0.3116,0.0,820,820,-167,170,0,0,0000,---,False,0.30817,-0.04611,0.3116,0.0,10.53911,0.50341,path_to_final_target,w,"$1,0,0,0,0,0,0,0,0#",16000,16000,Set tank.c app_speed/duty level to the logged pwm before sending the move key/protocol command; e=stop.,10.54515,28.28779,0,0,0,0.1431,0.10807,1.75712,10.42136,0.00496,1.5787,10.4823,10.4214,0.27241,13,0.0511,0,0,171.87355,64.52652,0.3116,0.3083,1,False,running
b326998ea4,formation_6_dynamic_popup,169,33.8,1784495800,completion_astar,finish_first,r06,r06,True,center,member,local,1,3,9.98023,-0.1184,0.07121,0.3116,-0.0,820,820,161,166,0,0,0001,---,False,0.31081,0.02217,0.3116,-0.0,10.44103,-0.08553,path_to_final_target,w,"$1,0,0,0,0,0,0,0,0#",16000,16000,Set tank.c app_speed/duty level to the logged pwm before sending the move key/protocol command; e=stop.,10.74704,28.65555,0,0,0,0.21954,0.11631,1.66399,10.42136,0.00496,1.5787,10.4823,10.4214,0.27241,13,0.0511,0,0,171.87355,64.52652,0.3116,0.3083,1,False,running
b326998ea4,formation_6_dynamic_popup,170,34.0,1784496000,completion_astar,finish_first,r01,r01,True,center,member,local,1,3,10.38736,-0.38001,0.0476,0.3116,-0.0,820,820,159,213,0,0,0000,---,False,0.31125,0.01483,0.3116,-0.0,10.84881,-0.35803,cached_path_to_final_target,w,"$1,0,0,0,0,0,0,0,0#",16000,16000,Set tank.c app_speed/duty level to the logged pwm before sending the move key/protocol command; e=stop.,10.81471,28.7405,0,0,0,0.10635,0.10503,1.43427,10.48343,0.00499,1.5166,10.5444,10.4834,0.26607,13,0.0511,0,0,172.86503,64.90044,0.3116,0.3083,1,False,running
b326998ea4,formation_6_dynamic_popup,170,34.0,1784496000,completion_astar,finish_first,r02,r02,True,center,member,local,1,3,10.69865,-0.48036,0.11332,0.3116,0.0,820,820,155,245,0,0,0000,---,False,0.3096,0.03523,0.3116,0.0,11.15765,-0.42812,cached_path_to_final_target,w,"$1,0,0,0,0,0,0,0,0#",16000,16000,Set tank.c app_speed/duty level to the logged pwm before sending the move key/protocol command; e=stop.,10.84535,28.85894,0,8,0,0.10622,0.05111,1.49092,10.48343,0.00499,1.5166,10.5444,10.4834,0.26607,13,0.0511,0,0,172.86503,64.90044,0.3116,0.3083,1,False,running
b326998ea4,formation_6_dynamic_popup,170,34.0,1784496000,completion_astar,finish_first,r03,r03,True,center,member,local,1,3,11.05938,0.00199,-0.00153,0.3116,-0.0,820,820,172,270,0,0,0000,---,False,0.3116,-0.00048,0.3116,-0.0,11.52135,0.00129,cached_path_to_final_target,w,"$1,0,0,0,0,0,0,0,0#",16000,16000,Set tank.c app_speed/duty level to the logged pwm before sending the move key/protocol command; e=stop.,11.14855,29.53592,0,8,0,0.12163,0.05111,1.30062,10.48343,0.00499,1.5166,10.5444,10.4834,0.26607,13,0.0511,0,0,172.86503,64.90044,0.3116,0.3083,1,False,running
b326998ea4,formation_6_dynamic_popup,170,34.0,1784496000,completion_astar,finish_first,r04,r04,True,center,member,local,1,3,10.56892,0.43972,-0.07925,0.3116,0.0,820,820,-175,218,0,0,0000,---,False,0.31062,-0.02467,0.3116,0.0,11.02944,0.40314,cached_path_to_final_target,w,"$1,0,0,0,0,0,0,0,0#",16000,16000,Set tank.c app_speed/duty level to the logged pwm before sending the move key/protocol command; e=stop.,10.67499,28.45584,0,0,0,0.1514,0.06884,1.61616,10.48343,0.00499,1.5166,10.5444,10.4834,0.26607,13,0.0511,0,0,172.86503,64.90044,0.3116,0.3083,1,False,running
b326998ea4,formation_6_dynamic_popup,170,34.0,1784496000,completion_astar,finish_first,r05,r05,True,center,member,local,1,3,10.14385,0.56255,-0.14852,0.3116,0.0,820,820,-168,176,0,0,0000,---,False,0.30817,-0.04611,0.3116,0.0,10.60074,0.49419,cached_path_to_final_target,w,"$1,0,0,0,0,0,0,0,0#",16000,16000,Set tank.c app_speed/duty level to the logged pwm before sending the move key/protocol command; e=stop.,10.60747,28.45303,0,0,0,0.1431,0.10807,1.6948,10.48343,0.00499,1.5166,10.5444,10.4834,0.26607,13,0.0511,0,0,172.86503,64.90044,0.3116,0.3083,1,False,running
b326998ea4,formation_6_dynamic_popup,170,34.0,1784496000,completion_astar,finish_first,r06,r06,True,center,member,local,1,3,10.04239,-0.11396,0.07121,0.3116,-0.0,820,820,161,172,0,0,0001,---,False,0.31081,0.02217,0.3116,-0.0,10.50319,-0.08109,cached_path_to_final_target,w,"$1,0,0,0,0,0,0,0,0#",16000,16000,Set tank.c app_speed/duty level to the logged pwm before sending the move key/protocol command; e=stop.,10.80936,28.8208,0,0,0,0.21954,0.11631,1.60167,10.48343,0.00499,1.5166,10.5444,10.4834,0.26607,13,0.0511,0,0,172.86503,64.90044,0.3116,0.3083,1,False,running
b326998ea4,formation_6_dynamic_popup,171,34.2,1784496200,completion_astar,finish_first,r01,r01,True,center,member,local,1,3,10.44961,-0.37704,0.0476,0.3116,-0.0,820,820,159,218,0,0,0000,---,False,0.31125,0.01483,0.3116,-0.0,10.91106,-0.35506,cached_path_to_final_target,w,"$1,0,0,0,0,0,0,0,0#",16000,16000,Set tank.c app_speed/duty level to the logged pwm before sending the move key/protocol command; e=stop.,10.87703,28.90575,0,0,0,0.10635,0.10348,1.37195,10.54549,0.00502,1.4545,10.6065,10.5455,0.25982,13,0.0511,0,0,173.85651,65.27436,0.3116,0.3083,1,False,running
b326998ea4,formation_6_dynamic_popup,171,34.2,1784496200,completion_astar,finish_first,r02,r02,True,center,member,local,1,3,10.76057,-0.47331,0.11332,0.3116,0.0,820,820,156,251,0,0,0000,---,False,0.3096,0.03523,0.3116,0.0,11.21957,-0.42107,cached_path_to_final_target,w,"$1,0,0,0,0,0,0,0,0#",16000,16000,Set tank.c app_speed/duty level to the logged pwm before sending the move key/protocol command; e=stop.,10.90767,29.02418,0,8,0,0.10622,0.05111,1.4286,10.54549,0.00502,1.4545,10.6065,10.5455,0.25982,13,0.0511,0,0,173.85651,65.27436,0.3116,0.3083,1,False,running
b326998ea4,formation_6_dynamic_popup,171,34.2,1784496200,completion_astar,finish_first,r03,r03,True,center,member,local,1,3,11.1217,0.0019,-0.00153,0.3116,-0.0,820,820,172,276,0,0,0000,---,False,0.3116,-0.00048,0.3116,-0.0,11.58367,0.00119,cached_path_to_final_target,w,"$1,0,0,0,0,0,0,0,0#",16000,16000,Set tank.c app_speed/duty level to the logged pwm before sending the move key/protocol command; e=stop.,11.21087,29.70117,0,8,0,0.12163,0.05111,1.2383,10.54549,0.00502,1.4545,10.6065,10.5455,0.25982,13,0.0511,0,0,173.85651,65.27436,0.3116,0.3083,1,False,running
b326998ea4,formation_6_dynamic_popup,171,34.2,1784496200,completion_astar,finish_first,r04,r04,True,center,member,local,1,3,10.63104,0.43478,-0.07925,0.3116,0.0,820,820,-175,224,0,0,0000,---,False,0.31062,-0.02467,0.3116,0.0,11.09156,0.39821,cached_path_to_final_target,w,"$1,0,0,0,0,0,0,0,0#",16000,16000,Set tank.c app_speed/duty level to the logged pwm before sending the move key/protocol command; e=stop.,10.73731,28.62108,0,0,0,0.1514,0.06884,1.55384,10.54549,0.00502,1.4545,10.6065,10.5455,0.25982,13,0.0511,0,0,173.85651,65.27436,0.3116,0.3083,1,False,running
b326998ea4,formation_6_dynamic_popup,171,34.2,1784496200,completion_astar,finish_first,r05,r05,True,center,member,local,1,3,10.20549,0.55333,-0.14852,0.3116,0.0,820,820,-168,182,0,0,0000,---,False,0.30817,-0.04611,0.3116,0.0,10.66237,0.48497,cached_path_to_final_target,w,"$1,0,0,0,0,0,0,0,0#",16000,16000,Set tank.c app_speed/duty level to the logged pwm before sending the move key/protocol command; e=stop.,10.66979,28.61828,0,0,0,0.1431,0.10807,1.63248,10.54549,0.00502,1.4545,10.6065,10.5455,0.25982,13,0.0511,0,0,173.85651,65.27436,0.3116,0.3083,1,False,running
b326998ea4,formation_6_dynamic_popup,171,34.2,1784496200,completion_astar,finish_first,r06,r06,True,center,member,local,1,3,10.10456,-0.10953,0.07121,0.3116,-0.0,820,820,162,178,0,0,0001,---,False,0.31081,0.02217,0.3116,-0.0,10.56536,-0.07666,cached_path_to_final_target,w,"$1,0,0,0,0,0,0,0,0#",16000,16000,Set tank.c app_speed/duty level to the logged pwm before sending the move key/protocol command; e=stop.,10.87168,28.98605,0,0,0,0.21954,0.11631,1.53935,10.54549,0.00502,1.4545,10.6065,10.5455,0.25982,13,0.0511,0,0,173.85651,65.27436,0.3116,0.3083,1,False,running
b326998ea4,formation_6_dynamic_popup,172,34.4,1784496400,completion_astar,finish_first,r01,r01,True,center,member,local,1,3,10.49895,-0.37469,0.0476,0.247,-0.0,650,650,160,223,0,0,0000,---,False,0.24672,0.01175,0.247,-0.0,10.97331,-0.3521,cached_path_to_final_target,w,"$1,0,0,0,0,0,0,0,0#",13000,13000,Set tank.c app_speed/duty level to the logged pwm before sending the move key/protocol command; e=stop.,10.92643,29.0419,0,0,0,0.10635,0.10348,1.32255,10.61676,0.00485,1.3832,10.6777,10.6168,0.25256,13,0.0511,0,0,175.02762,65.70376,0.3578,0.3086,1,False,running
b326998ea4,formation_6_dynamic_popup,172,34.4,1784496400,completion_astar,finish_first,r02,r02,True,center,member,local,1,3,10.83608,-0.46472,0.11332,0.38,0.0,1000,1000,156,258,0,0,0000,---,False,0.37756,0.04297,0.38,0.0,11.2815,-0.41403,cached_path_to_final_target,w,"$1,0,0,0,0,0,0,0,0#",20000,20000,Set tank.c app_speed/duty level to the logged pwm before sending the move key/protocol command; e=stop.,10.98367,29.23117,0,8,0,0.10622,0.05111,1.3526,10.61676,0.00485,1.3832,10.6777,10.6168,0.25256,13,0.0511,0,0,175.02762,65.70376,0.3578,0.3086,1,False,running
b326998ea4,formation_6_dynamic_popup,172,34.4,1784496400,completion_astar,finish_first,r03,r03,True,center,member,local,1,3,11.1977,0.00178,-0.00153,0.38,-0.0,1000,1000,173,283,0,0,0000,---,False,0.38,-0.00058,0.38,-0.0,11.64599,0.0011,cached_path_to_final_target,w,"$1,0,0,0,0,0,0,0,0#",20000,20000,Set tank.c app_speed/duty level to the logged pwm before sending the move key/protocol command; e=stop.,11.28687,29.90816,0,8,0,0.12163,0.05111,1.1623,10.61676,0.00485,1.3832,10.6777,10.6168,0.25256,13,0.0511,0,0,175.02762,65.70376,0.3578,0.3086,1,False,running
b326998ea4,formation_6_dynamic_popup,172,34.4,1784496400,completion_astar,finish_first,r04,r04,True,center,member,local,1,3,10.7068,0.42876,-0.07925,0.38,0.0,1000,1000,-175,232,0,0,0000,---,False,0.37881,-0.03008,0.38,0.0,11.15369,0.39328,cached_path_to_final_target,w,"$1,0,0,0,0,0,0,0,0#",20000,20000,Set tank.c app_speed/duty level to the logged pwm before sending the move key/protocol command; e=stop.,10.81331,28.82808,0,0,0,0.1514,0.06884,1.47784,10.61676,0.00485,1.3832,10.6777,10.6168,0.25256,13,0.0511,0,0,175.02762,65.70376,0.3578,0.3086,1,False,running
b326998ea4,formation_6_dynamic_popup,172,34.4,1784496400,completion_astar,finish_first,r05,r05,True,center,member,local,1,3,10.28065,0.54208,-0.14852,0.38,0.0,1000,1000,-168,189,0,0,0000,---,False,0.37582,-0.05623,0.38,0.0,10.72401,0.47575,cached_path_to_final_target,w,"$1,0,0,0,0,0,0,0,0#",20000,20000,Set tank.c app_speed/duty level to the logged pwm before sending the move key/protocol command; e=stop.,10.74579,28.82527,0,0,0,0.1431,0.10807,1.55648,10.61676,0.00485,1.3832,10.6777,10.6168,0.25256,13,0.0511,0,0,175.02762,65.70376,0.3578,0.3086,1,False,running
b326998ea4,formation_6_dynamic_popup,172,34.4,1784496400,completion_astar,finish_first,r06,r06,True,center,member,local,1,3,10.18036,-0.10412,0.07121,0.38,-0.0,1000,1000,162,185,0,0,0001,---,False,0.37904,0.02704,0.38,-0.0,10.62752,-0.07223,cached_path_to_final_target,w,"$1,0,0,0,0,0,0,0,0#",20000,20000,Set tank.c app_speed/duty level to the logged pwm before sending the move key/protocol command; e=stop.,10.94768,29.19304,0,0,0,0.21954,0.11631,1.46335,10.61676,0.00485,1.3832,10.6777,10.6168,0.25256,13,0.0511,0,0,175.02762,65.70376,0.3578,0.3086,1,False,running
b326998ea4,formation_6_dynamic_popup,173,34.6,1784496600,completion_astar,finish_first,r01,r01,True,center,member,local,1,3,10.57027,-0.3713,0.0476,0.357,-0.0,939,939,160,230,0,0,0000,---,False,0.37957,0.01808,0.357,-0.0,11.02652,-0.34956,path_to_final_target,w,"$1,0,0,0,0,0,0,0,0#",19000,19000,Set tank.c app_speed/duty level to the logged pwm before sending the move key/protocol command; e=stop.,10.99783,29.23993,0,0,0,0.10635,0.10348,1.25115,10.69169,0.00485,1.3083,10.7527,10.6917,0.24526,13,0.0511,0,0,176.23325,66.15516,0.3762,0.309,1,False,running
b326998ea4,formation_6_dynamic_popup,173,34.6,1784496600,completion_astar,finish_first,r02,r02,True,center,member,local,1,3,10.91159,-0.45612,0.11332,0.38,0.0,1000,1000,157,265,0,0,0000,---,False,0.37756,0.04297,0.38,0.0,11.35293,-0.4059,path_to_final_target,w,"$1,0,0,0,0,0,0,0,0#",20000,20000,Set tank.c app_speed/duty level to the logged pwm before sending the move key/protocol command; e=stop.,11.05967,29.43269,0,8,0,0.10622,0.05111,1.2766,10.69169,0.00485,1.3083,10.7527,10.6917,0.24526,13,0.0511,0,0,176.23325,66.15516,0.3762,0.309,1,False,running
b326998ea4,formation_6_dynamic_popup,173,34.6,1784496600,completion_astar,finish_first,r03,r03,True,center,member,local,1,3,11.2737,0.00167,-0.00153,0.38,-0.0,1000,1000,173,291,0,0,0000,---,False,0.38,-0.00058,0.38,-0.0,11.71789,0.00098,path_to_final_target,w,"$1,0,0,0,0,0,0,0,0#",20000,20000,Set tank.c app_speed/duty level to the logged pwm before sending the move key/protocol command; e=stop.,11.36287,30.10968,0,8,0,0.12163,0.05111,1.0863,10.69169,0.00485,1.3083,10.7527,10.6917,0.24526,13,0.0511,0,0,176.23325,66.15516,0.3762,0.309,1,False,running
b326998ea4,formation_6_dynamic_popup,173,34.6,1784496600,completion_astar,finish_first,r04,r04,True,center,member,local,1,3,10.78256,0.42275,-0.07925,0.38,0.0,1000,1000,-175,239,0,0,0000,---,False,0.37881,-0.03008,0.38,0.0,11.22536,0.38758,path_to_final_target,w,"$1,0,0,0,0,0,0,0,0#",20000,20000,Set tank.c app_speed/duty level to the logged pwm before sending the move key/protocol command; e=stop.,10.88931,29.0296,0,0,0,0.1514,0.06884,1.40184,10.69169,0.00485,1.3083,10.7527,10.6917,0.24526,13,0.0511,0,0,176.23325,66.15516,0.3762,0.309,1,False,running
b326998ea4,formation_6_dynamic_popup,173,34.6,1784496600,completion_astar,finish_first,r05,r05,True,center,member,local,1,3,10.35581,0.53084,-0.14852,0.38,0.0,1000,1000,-169,197,0,0,0000,---,False,0.37582,-0.05623,0.38,0.0,10.79511,0.46511,path_to_final_target,w,"$1,0,0,0,0,0,0,0,0#",20000,20000,Set tank.c app_speed/duty level to the logged pwm before sending the move key/protocol command; e=stop.,10.82179,29.02679,0,0,0,0.1431,0.10807,1.48048,10.69169,0.00485,1.3083,10.7527,10.6917,0.24526,13,0.0511,0,0,176.23325,66.15516,0.3762,0.309,1,False,running
b326998ea4,formation_6_dynamic_popup,173,34.6,1784496600,completion_astar,finish_first,r06,r06,True,center,member,local,1,3,10.25617,-0.09872,0.07121,0.38,-0.0,1000,1000,163,192,0,0,0001,---,False,0.37904,0.02704,0.38,-0.0,10.69923,-0.06711,path_to_final_target,w,"$1,0,0,0,0,0,0,0,0#",20000,20000,Set tank.c app_speed/duty level to the logged pwm before sending the move key/protocol command; e=stop.,11.02368,29.39456,0,0,0,0.21954,0.11631,1.38735,10.69169,0.00485,1.3083,10.7527,10.6917,0.24526,13,0.0511,0,0,176.23325,66.15516,0.3762,0.309,1,False,running
b326998ea4,formation_6_dynamic_popup,174,34.8,1784496800,completion_astar,finish_first,r01,r01,True,center,member,local,1,3,10.64619,-0.36768,0.0476,0.38,-0.0,1000,1000,161,237,0,0,0000,---,False,0.37957,0.01808,0.38,-0.0,11.09241,-0.34643,cached_path_to_final_target,w,"$1,0,0,0,0,0,0,0,0#",20000,20000,Set tank.c app_speed/duty level to the logged pwm before sending the move key/protocol command; e=stop.,11.07383,29.44329,0,0,0,0.10635,0.10348,1.17515,10.76738,0.00489,1.2326,10.8283,10.7674,0.23801,13,0.0511,0,0,177.44421,66.61116,0.38,0.3094,1,False,running
b326998ea4,formation_6_dynamic_popup,174,34.8,1784496800,completion_astar,finish_first,r02,r02,True,center,member,local,1,3,10.9871,-0.44753,0.11332,0.38,-0.0,1000,1000,157,272,0,0,0000,---,False,0.37756,0.04297,0.38,-0.0,11.42722,-0.39744,cached_path_to_final_target,w,"$1,0,0,0,0,0,0,0,0#",20000,20000,Set tank.c app_speed/duty level to the logged pwm before sending the move key/protocol command; e=stop.,11.13567,29.63421,0,8,0,0.10622,0.05111,1.2006,10.76738,0.00489,1.2326,10.8283,10.7674,0.23801,13,0.0511,0,0,177.44421,66.61116,0.38,0.3094,1,False,running
b326998ea4,formation_6_dynamic_popup,174,34.8,1784496800,completion_astar,finish_first,r03,r03,True,center,member,local,1,3,11.3497,0.00155,-0.00153,0.38,-0.0,1000,1000,173,298,0,0,0000,---,False,0.38,-0.00058,0.38,-0.0,11.79266,0.00087,cached_path_to_final_target,w,"$1,0,0,0,0,0,0,0,0#",20000,20000,Set tank.c app_speed/duty level to the logged pwm before sending the move key/protocol command; e=stop.,11.43887,30.3112,0,8,0,0.12163,0.05111,1.0103,10.76738,0.00489,1.2326,10.8283,10.7674,0.23801,13,0.0511,0,0,177.44421,66.61116,0.38,0.3094,1,False,running
b326998ea4,formation_6_dynamic_popup,174,34.8,1784496800,completion_astar,finish_first,r04,r04,True,center,member,local,1,3,10.85832,0.41673,-0.07925,0.38,0.0,1000,1000,-176,247,0,0,0000,---,False,0.37881,-0.03008,0.38,0.0,11.29989,0.38166,cached_path_to_final_target,w,"$1,0,0,0,0,0,0,0,0#",20000,20000,Set tank.c app_speed/duty level to the logged pwm before sending the move key/protocol command; e=stop.,10.96531,29.23112,0,0,0,0.1514,0.06884,1.32584,10.76738,0.00489,1.2326,10.8283,10.7674,0.23801,13,0.0511,0,0,177.44421,66.61116,0.38,0.3094,1,False,running
b326998ea4,formation_6_dynamic_popup,174,34.8,1784496800,completion_astar,finish_first,r05,r05,True,center,member,local,1,3,10.43098,0.51959,-0.14852,0.38,0.0,1000,1000,-169,204,0,0,0000,---,False,0.37582,-0.05623,0.38,0.0,10.86906,0.45405,cached_path_to_final_target,w,"$1,0,0,0,0,0,0,0,0#",20000,20000,Set tank.c app_speed/duty level to the logged pwm before sending the move key/protocol command; e=stop.,10.89779,29.22831,0,0,0,0.1431,0.10807,1.40448,10.76738,0.00489,1.2326,10.8283,10.7674,0.23801,13,0.0511,0,0,177.44421,66.61116,0.38,0.3094,1,False,running
b326998ea4,formation_6_dynamic_popup,174,34.8,1784496800,completion_astar,finish_first,r06,r06,True,center,member,local,1,3,10.33198,-0.09331,0.07121,0.38,-0.0,1000,1000,164,200,0,0,0001,---,False,0.37904,0.02704,0.38,-0.0,10.77381,-0.06179,cached_path_to_final_target,w,"$1,0,0,0,0,0,0,0,0#",20000,20000,Set tank.c app_speed/duty level to the logged pwm before sending the move key/protocol command; e=stop.,11.09968,29.59608,0,0,0,0.21954,0.11631,1.31135,10.76738,0.00489,1.2326,10.8283,10.7674,0.23801,13,0.0511,0,0,177.44421,66.61116,0.38,0.3094,1,False,running
b326998ea4,formation_6_dynamic_popup,175,35.0,1784497000,completion_astar,finish_first,r01,r01,True,center,member,local,1,3,10.7221,-0.36406,0.0476,0.38,-0.0,1000,1000,161,244,0,0,0000,---,False,0.37957,0.01808,0.38,-0.0,11.16532,-0.34295,cached_path_to_final_target,w,"$1,0,0,0,0,0,0,0,0#",20000,20000,Set tank.c app_speed/duty level to the logged pwm before sending the move key/protocol command; e=stop.,11.14983,29.64481,0,0,0,0.10635,0.10348,1.09915,10.84307,0.00493,1.1569,10.904,10.8431,0.23093,12,0.0511,0,0,178.65333,67.06716,0.38,0.3098,1,False,running
b326998ea4,formation_6_dynamic_popup,175,35.0,1784497000,completion_astar,finish_first,r02,r02,True,center,member,local,1,3,11.06262,-0.43894,0.11332,0.38,-0.0,1000,1000,158,279,0,0,0000,---,False,0.37756,0.04297,0.38,-0.0,11.50236,-0.38889,cached_path_to_final_target,w,"$1,0,0,0,0,0,0,0,0#",20000,20000,Set tank.c app_speed/duty level to the logged pwm before sending the move key/protocol command; e=stop.,11.21167,29.83573,0,8,0,0.10622,0.05111,1.1246,10.84307,0.00493,1.1569,10.904,10.8431,0.23093,12,0.0511,0,0,178.65333,67.06716,0.38,0.3098,1,False,running
b326998ea4,formation_6_dynamic_popup,175,35.0,1784497000,completion_astar,finish_first,r03,r03,True,center,member,local,1,3,11.4257,0.00143,-0.00153,0.38,-0.0,1000,1000,173,306,0,0,0000,---,False,0.38,-0.00058,0.38,-0.0,11.86829,0.00075,cached_path_to_final_target,w,"$1,0,0,0,0,0,0,0,0#",20000,20000,Set tank.c app_speed/duty level to the logged pwm before sending the move key/protocol command; e=stop.,11.51487,30.51272,0,8,0,0.12163,0.05111,0.9343,10.84307,0.00493,1.1569,10.904,10.8431,0.23093,12,0.0511,0,0,178.65333,67.06716,0.38,0.3098,1,False,running
b326998ea4,formation_6_dynamic_popup,175,35.0,1784497000,completion_astar,finish_first,r04,r04,True,center,member,local,1,3,10.93409,0.41071,-0.07925,0.38,0.0,1000,1000,-176,254,0,0,0000,---,False,0.37881,-0.03008,0.38,0.0,11.37528,0.37568,cached_path_to_final_target,w,"$1,0,0,0,0,0,0,0,0#",20000,20000,Set tank.c app_speed/duty level to the logged pwm before sending the move key/protocol command; e=stop.,11.04131,29.43264,0,0,0,0.1514,0.06884,1.24984,10.84307,0.00493,1.1569,10.904,10.8431,0.23093,12,0.0511,0,0,178.65333,67.06716,0.38,0.3098,1,False,running
b326998ea4,formation_6_dynamic_popup,175,35.0,1784497000,completion_astar,finish_first,r05,r05,True,center,member,local,1,3,10.50614,0.50835,-0.14852,0.38,0.0,1000,1000,-169,212,0,0,0000,---,False,0.37582,-0.05623,0.38,0.0,10.94386,0.44286,cached_path_to_final_target,w,"$1,0,0,0,0,0,0,0,0#",20000,20000,Set tank.c app_speed/duty level to the logged pwm before sending the move key/protocol command; e=stop.,10.97379,29.42983,0,0,0,0.1431,0.10807,1.32848,10.84307,0.00493,1.1569,10.904,10.8431,0.23093,12,0.0511,0,0,178.65333,67.06716,0.38,0.3098,1,False,running
b326998ea4,formation_6_dynamic_popup,175,35.0,1784497000,completion_astar,finish_first,r06,r06,True,center,member,local,1,3,10.40779,-0.0879,0.07121,0.38,-0.0,1000,1000,164,207,0,0,0001,---,False,0.37904,0.02704,0.38,-0.0,10.84925,-0.05641,cached_path_to_final_target,w,"$1,0,0,0,0,0,0,0,0#",20000,20000,Set tank.c app_speed/duty level to the logged pwm before sending the move key/protocol command; e=stop.,11.17568,29.7976,0,0,0,0.21954,0.11631,1.23535,10.84307,0.00493,1.1569,10.904,10.8431,0.23093,12,0.0511,0,0,178.65333,67.06716,0.38,0.3098,1,False,running
b326998ea4,formation_6_dynamic_popup,176,35.2,1784497200,completion_astar,finish_first,r01,r01,True,center,member,local,1,3,10.79801,-0.36045,0.0476,0.38,-0.0,1000,1000,162,251,0,0,0000,---,False,0.37957,0.01808,0.38,-0.0,11.24033,-0.33938,cached_path_to_final_target,w,"$1,0,0,0,0,0,0,0,0#",20000,20000,Set tank.c app_speed/duty level to the logged pwm before sending the move key/protocol command; e=stop.,11.22583,29.84633,0,0,0,0.10635,0.10348,1.02315,10.91877,0.00497,1.0812,10.9797,10.9188,0.22403,11,0.0511,0,0,179.86245,67.52316,0.38,0.3102,1,False,running
b326998ea4,formation_6_dynamic_popup,176,35.2,1784497200,completion_astar,finish_first,r02,r02,True,center,member,local,1,3,11.13813,-0.43034,0.11332,0.38,-0.0,1000,1000,158,286,0,0,0000,---,False,0.37756,0.04297,0.38,-0.0,11.57777,-0.38031,cached_path_to_final_target,w,"$1,0,0,0,0,0,0,0,0#",20000,20000,Set tank.c app_speed/duty level to the logged pwm before sending the move key/protocol command; e=stop.,11.28767,30.03725,0,8,0,0.10622,0.05111,1.0486,10.91877,0.00497,1.0812,10.9797,10.9188,0.22403,11,0.0511,0,0,179.86245,67.52316,0.38,0.3102,1,False,running
b326998ea4,formation_6_dynamic_popup,176,35.2,1784497200,completion_astar,finish_first,r03,r03,True,center,member,local,1,3,11.5017,0.00132,-0.00153,0.38,-0.0,1000,1000,173,314,0,0,0000,---,False,0.38,-0.00058,0.38,-0.0,11.94418,0.00064,cached_path_to_final_target,w,"$1,0,0,0,0,0,0,0,0#",20000,20000,Set tank.c app_speed/duty level to the logged pwm before sending the move key/protocol command; e=stop.,11.59087,30.71424,0,8,0,0.12163,0.05111,0.8583,10.91877,0.00497,1.0812,10.9797,10.9188,0.22403,11,0.0511,0,0,179.86245,67.52316,0.38,0.3102,1,False,running
b326998ea4,formation_6_dynamic_popup,176,35.2,1784497200,completion_astar,finish_first,r04,r04,True,center,member,local,1,3,11.00985,0.4047,-0.07925,0.38,0.0,1000,1000,-176,262,0,0,0000,---,False,0.37881,-0.03008,0.38,0.0,11.45094,0.36967,cached_path_to_final_target,w,"$1,0,0,0,0,0,0,0,0#",20000,20000,Set tank.c app_speed/duty level to the logged pwm before sending the move key/protocol command; e=stop.,11.11731,29.63416,0,0,0,0.1514,0.06884,1.17384,10.91877,0.00497,1.0812,10.9797,10.9188,0.22403,11,0.0511,0,0,179.86245,67.52316,0.38,0.3102,1,False,running
b326998ea4,formation_6_dynamic_popup,176,35.2,1784497200,completion_astar,finish_first,r05,r05,True,center,member,local,1,3,10.5813,0.4971,-0.14852,0.38,0.0,1000,1000,-170,219,0,0,0000,---,False,0.37582,-0.05623,0.38,0.0,11.01891,0.43163,cached_path_to_final_target,w,"$1,0,0,0,0,0,0,0,0#",20000,20000,Set tank.c app_speed/duty level to the logged pwm before sending the move key/protocol command; e=stop.,11.04979,29.63135,0,0,0,0.1431,0.10807,1.25248,10.91877,0.00497,1.0812,10.9797,10.9188,0.22403,11,0.0511,0,0,179.86245,67.52316,0.38,0.3102,1,False,running
b326998ea4,formation_6_dynamic_popup,176,35.2,1784497200,completion_astar,finish_first,r06,r06,True,center,member,local,1,3,10.48359,-0.08249,0.07121,0.38,-0.0,1000,1000,164,214,0,0,0000,---,False,0.37904,0.02704,0.38,-0.0,10.92495,-0.05101,cached_path_to_final_target,w,"$1,0,0,0,0,0,0,0,0#",20000,20000,Set tank.c app_speed/duty level to the logged pwm before sending the move key/protocol command; e=stop.,11.25168,29.99912,0,0,0,0.21954,0.11631,1.15935,10.91877,0.00497,1.0812,10.9797,10.9188,0.22403,11,0.0511,0,0,179.86245,67.52316,0.38,0.3102,1,False,running
b326998ea4,formation_6_dynamic_popup,177,35.4,1784497400,completion_astar,finish_first,r01,r01,True,center,member,local,1,3,10.87393,-0.35683,0.0476,0.38,-0.0,1000,1000,162,259,0,0,0000,---,False,0.37957,0.01808,0.38,-0.0,11.31597,-0.33578,path_to_final_target,w,"$1,0,0,0,0,0,0,0,0#",20000,20000,Set tank.c app_speed/duty level to the logged pwm before sending the move key/protocol command; e=stop.,11.30183,30.04785,0,0,0,0.10635,0.10348,0.94715,10.99446,0.00501,1.0056,11.0554,10.9945,0.21732,11,0.0511,0,0,181.07157,67.97916,0.38,0.3106,1,False,running
b326998ea4,formation_6_dynamic_popup,177,35.4,1784497400,completion_astar,finish_first,r02,r02,True,center,member,local,1,3,11.21364,-0.42175,0.11332,0.38,-0.0,1000,1000,159,293,0,0,0000,---,False,0.37756,0.04297,0.38,-0.0,11.65325,-0.37172,path_to_final_target,w,"$1,0,0,0,0,0,0,0,0#",20000,20000,Set tank.c app_speed/duty level to the logged pwm before sending the move key/protocol command; e=stop.,11.36367,30.23877,0,8,0,0.10622,0.05111,0.9726,10.99446,0.00501,1.0056,11.0554,10.9945,0.21732,11,0.0511,0,0,181.07157,67.97916,0.38,0.3106,1,False,running
b326998ea4,formation_6_dynamic_popup,177,35.4,1784497400,completion_astar,finish_first,r03,r03,True,center,member,local,1,3,11.5777,0.0012,-0.00153,0.38,-0.0,1000,1000,173,321,0,0,0000,---,False,0.38,-0.00058,0.38,-0.0,12.02015,0.00052,path_to_final_target,w,"$1,0,0,0,0,0,0,0,0#",20000,20000,Set tank.c app_speed/duty level to the logged pwm before sending the move key/protocol command; e=stop.,11.66687,30.91576,0,8,0,0.12163,0.05111,0.7823,10.99446,0.00501,1.0056,11.0554,10.9945,0.21732,11,0.0511,0,0,181.07157,67.97916,0.38,0.3106,1,False,running
b326998ea4,formation_6_dynamic_popup,177,35.4,1784497400,completion_astar,finish_first,r04,r04,True,center,member,local,1,3,11.08561,0.39868,-0.07925,0.38,0.0,1000,1000,-176,269,0,0,0000,---,False,0.37881,-0.03008,0.38,0.0,11.52666,0.36365,path_to_final_target,w,"$1,0,0,0,0,0,0,0,0#",20000,20000,Set tank.c app_speed/duty level to the logged pwm before sending the move key/protocol command; e=stop.,11.19331,29.83568,0,0,0,0.1514,0.06884,1.09784,10.99446,0.00501,1.0056,11.0554,10.9945,0.21732,11,0.0511,0,0,181.07157,67.97916,0.38,0.3106,1,False,running
b326998ea4,formation_6_dynamic_popup,177,35.4,1784497400,completion_astar,finish_first,r05,r05,True,center,member,local,1,3,10.65647,0.48585,-0.14852,0.38,0.0,1000,1000,-170,227,0,0,0000,---,False,0.37582,-0.05623,0.38,0.0,11.09404,0.42039,path_to_final_target,w,"$1,0,0,0,0,0,0,0,0#",20000,20000,Set tank.c app_speed/duty level to the logged pwm before sending the move key/protocol command; e=stop.,11.12579,29.83287,0,0,0,0.1431,0.10807,1.17648,10.99446,0.00501,1.0056,11.0554,10.9945,0.21732,11,0.0511,0,0,181.07157,67.97916,0.38,0.3106,1,False,running
b326998ea4,formation_6_dynamic_popup,177,35.4,1784497400,completion_astar,finish_first,r06,r06,True,center,member,local,1,3,10.5594,-0.07708,0.07121,0.38,-0.0,1000,1000,165,222,0,0,0000,---,False,0.37904,0.02704,0.38,-0.0,11.00072,-0.0456,path_to_final_target,w,"$1,0,0,0,0,0,0,0,0#",20000,20000,Set tank.c app_speed/duty level to the logged pwm before sending the move key/protocol command; e=stop.,11.32768,30.20064,0,0,0,0.21954,0.11631,1.08335,10.99446,0.00501,1.0056,11.0554,10.9945,0.21732,11,0.0511,0,0,181.07157,67.97916,0.38,0.3106,1,False,running
b326998ea4,formation_6_dynamic_popup,178,35.6,1784497600,completion_astar,finish_first,r01,r01,True,center,member,local,1,3,10.94984,-0.35322,0.0476,0.38,-0.0,1000,1000,163,266,0,0,0000,---,False,0.37957,0.01808,0.38,-0.0,11.3918,-0.33217,cached_path_to_final_target,w,"$1,0,0,0,0,0,0,0,0#",20000,20000,Set tank.c app_speed/duty level to the logged pwm before sending the move key/protocol command; e=stop.,11.37783,30.24937,0,0,0,0.10635,0.10348,0.87115,11.07015,0.00505,0.9299,11.1311,11.0702,0.21081,10,0.0511,0,0,182.28069,68.43516,0.38,0.311,1,False,running
b326998ea4,formation_6_dynamic_popup,178,35.6,1784497600,completion_astar,finish_first,r02,r02,True,center,member,local,1,3,11.28915,-0.41315,0.11332,0.38,-0.0,1000,1000,159,300,0,0,0000,---,False,0.37756,0.04297,0.38,-0.0,11.72875,-0.36312,cached_path_to_final_target,w,"$1,0,0,0,0,0,0,0,0#",20000,20000,Set tank.c app_speed/duty level to the logged pwm before sending the move key/protocol command; e=stop.,11.43967,30.44029,0,8,0,0.10622,0.05111,0.8966,11.07015,0.00505,0.9299,11.1311,11.0702,0.21081,10,0.0511,0,0,182.28069,68.43516,0.38,0.311,1,False,running
b326998ea4,formation_6_dynamic_popup,178,35.6,1784497600,completion_astar,finish_first,r03,r03,True,center,member,local,1,3,11.6537,0.00108,-0.00153,0.38,-0.0,1000,1000,174,329,0,0,0000,---,False,0.38,-0.00058,0.38,-0.0,12.09614,0.0004,cached_path_to_final_target,w,"$1,0,0,0,0,0,0,0,0#",20000,20000,Set tank.c app_speed/duty level to the logged pwm before sending the move key/protocol command; e=stop.,11.74287,31.11728,0,8,0,0.12163,0.05111,0.7063,11.07015,0.00505,0.9299,11.1311,11.0702,0.21081,10,0.0511,0,0,182.28069,68.43516,0.38,0.311,1,False,running
b326998ea4,formation_6_dynamic_popup,178,35.6,1784497600,completion_astar,finish_first,r04,r04,True,center,member,local,1,3,11.16137,0.39266,-0.07925,0.38,0.0,1000,1000,-176,277,0,0,0000,---,False,0.37881,-0.03008,0.38,0.0,11.60242,0.35764,cached_path_to_final_target,w,"$1,0,0,0,0,0,0,0,0#",20000,20000,Set tank.c app_speed/duty level to the logged pwm before sending the move key/protocol command; e=stop.,11.26931,30.0372,0,0,0,0.1514,0.06884,1.02184,11.07015,0.00505,0.9299,11.1311,11.0702,0.21081,10,0.0511,0,0,182.28069,68.43516,0.38,0.311,1,False,running
b326998ea4,formation_6_dynamic_popup,178,35.6,1784497600,completion_astar,finish_first,r05,r05,True,center,member,local,1,3,10.73163,0.47461,-0.14852,0.38,0.0,1000,1000,-170,234,0,0,0000,---,False,0.37582,-0.05623,0.38,0.0,11.16919,0.40914,cached_path_to_final_target,w,"$1,0,0,0,0,0,0,0,0#",20000,20000,Set tank.c app_speed/duty level to the logged pwm before sending the move key/protocol command; e=stop.,11.20179,30.03439,0,0,0,0.1431,0.10807,1.10048,11.07015,0.00505,0.9299,11.1311,11.0702,0.21081,10,0.0511,0,0,182.28069,68.43516,0.38,0.311,1,False,running
b326998ea4,formation_6_dynamic_popup,178,35.6,1784497600,completion_astar,finish_first,r06,r06,True,center,member,local,1,3,10.63521,-0.07168,0.07121,0.38,-0.0,1000,1000,165,229,0,0,0010,---,False,0.37904,0.02704,0.38,-0.0,11.07652,-0.0402,cached_path_to_final_target,w,"$1,0,0,0,0,0,0,0,0#",20000,20000,Set tank.c app_speed/duty level to the logged pwm before sending the move key/protocol command; e=stop.,11.40368,30.40216,0,0,0,0.21954,0.11631,1.00735,11.07015,0.00505,0.9299,11.1311,11.0702,0.21081,10,0.0511,0,0,182.28069,68.43516,0.38,0.311,1,False,running
b326998ea4,formation_6_dynamic_popup,179,35.8,1784497800,completion_astar,finish_first,r01,r01,True,center,member,local,1,3,11.02576,-0.3496,0.0476,0.38,-0.0,1000,1000,163,273,0,0,0000,---,False,0.37957,0.01808,0.38,-0.0,11.46769,-0.32855,cached_path_to_final_target,w,"$1,0,0,0,0,0,0,0,0#",20000,20000,Set tank.c app_speed/duty level to the logged pwm before sending the move key/protocol command; e=stop.,11.45383,30.45089,0,0,0,0.10635,0.10348,0.79515,11.14584,0.00509,0.8542,11.2068,11.1458,0.20452,10,0.0511,0,0,183.48981,68.89116,0.38,0.3113,1,False,running
b326998ea4,formation_6_dynamic_popup,179,35.8,1784497800,completion_astar,finish_first,r02,r02,True,center,member,local,1,3,11.36467,-0.40456,0.11332,0.38,-0.0,1000,1000,160,307,0,0,0000,---,False,0.37756,0.04297,0.38,-0.0,11.80426,-0.35453,cached_path_to_final_target,w,"$1,0,0,0,0,0,0,0,0#",20000,20000,Set tank.c app_speed/duty level to the logged pwm before sending the move key/protocol command; e=stop.,11.51567,30.64181,0,8,0,0.10622,0.05111,0.8206,11.14584,0.00509,0.8542,11.2068,11.1458,0.20452,10,0.0511,0,0,183.48981,68.89116,0.38,0.3113,1,False,running
b326998ea4,formation_6_dynamic_popup,179,35.8,1784497800,completion_astar,finish_first,r03,r03,True,center,member,local,1,3,11.7297,0.00097,-0.00153,0.38,-0.0,1000,1000,174,336,0,0,0000,---,False,0.38,-0.00058,0.38,-0.0,12.17213,0.00029,cached_path_to_final_target,w,"$1,0,0,0,0,0,0,0,0#",20000,20000,Set tank.c app_speed/duty level to the logged pwm before sending the move key/protocol command; e=stop.,11.81887,31.3188,0,8,0,0.12163,0.05111,0.6303,11.14584,0.00509,0.8542,11.2068,11.1458,0.20452,10,0.0511,0,0,183.48981,68.89116,0.38,0.3113,1,False,running
b326998ea4,formation_6_dynamic_popup,179,35.8,1784497800,completion_astar,finish_first,r04,r04,True,center,member,local,1,3,11.23713,0.38665,-0.07925,0.38,0.0,1000,1000,-176,285,0,0,0000,---,False,0.37881,-0.03008,0.38,0.0,11.67817,0.35162,cached_path_to_final_target,w,"$1,0,0,0,0,0,0,0,0#",20000,20000,Set tank.c app_speed/duty level to the logged pwm before sending the move key/protocol command; e=stop.,11.34531,30.23872,0,0,0,0.1514,0.06884,0.94584,11.14584,0.00509,0.8542,11.2068,11.1458,0.20452,10,0.0511,0,0,183.48981,68.89116,0.38,0.3113,1,False,running
b326998ea4,formation_6_dynamic_popup,179,35.8,1784497800,completion_astar,finish_first,r05,r05,True,center,member,local,1,3,10.80679,0.46336,-0.14852,0.38,0.0,1000,1000,-171,242,0,0,0000,---,False,0.37582,-0.05623,0.38,0.0,11.24435,0.3979,cached_path_to_final_target,w,"$1,0,0,0,0,0,0,0,0#",20000,20000,Set tank.c app_speed/duty level to the logged pwm before sending the move key/protocol command; e=stop.,11.27779,30.23591,0,0,0,0.1431,0.10807,1.02448,11.14584,0.00509,0.8542,11.2068,11.1458,0.20452,10,0.0511,0,0,183.48981,68.89116,0.38,0.3113,1,False,running
b326998ea4,formation_6_dynamic_popup,179,35.8,1784497800,completion_astar,finish_first,r06,r06,True,center,member,local,1,3,10.71101,-0.06627,0.07121,0.38,-0.0,1000,1000,166,236,0,0,0010,---,False,0.37904,0.02704,0.38,-0.0,11.15232,-0.03479,cached_path_to_final_target,w,"$1,0,0,0,0,0,0,0,0#",20000,20000,Set tank.c app_speed/duty level to the logged pwm before sending the move key/protocol command; e=stop.,11.47968,30.60368,0,0,0,0.21954,0.11631,0.93135,11.14584,0.00509,0.8542,11.2068,11.1458,0.20452,10,0.0511,0,0,183.48981,68.89116,0.38,0.3113,1,False,running
b326998ea4,formation_6_dynamic_popup,180,36.0,1784498000,completion_astar,finish_first,r01,r01,True,center,member,local,1,3,11.10167,-0.34598,0.0476,0.38,-0.0,1000,1000,163,280,0,0,0000,---,False,0.37957,0.01808,0.38,-0.0,11.5436,-0.32493,cached_path_to_final_target,w,"$1,0,0,0,0,0,0,0,0#",20000,20000,Set tank.c app_speed/duty level to the logged pwm before sending the move key/protocol command; e=stop.,11.52983,30.65241,0,0,0,0.10635,0.10348,0.71915,11.22154,0.00513,0.7785,11.2825,11.2215,0.19848,10,0.0511,0,0,184.69893,69.34716,0.38,0.3117,1,False,running
b326998ea4,formation_6_dynamic_popup,180,36.0,1784498000,completion_astar,finish_first,r02,r02,True,center,member,local,1,3,11.44018,-0.39597,0.11332,0.38,-0.0,1000,1000,160,314,0,0,0000,---,False,0.37756,0.04297,0.38,-0.0,11.87977,-0.34594,cached_path_to_final_target,w,"$1,0,0,0,0,0,0,0,0#",20000,20000,Set tank.c app_speed/duty level to the logged pwm before sending the move key/protocol command; e=stop.,11.59167,30.84333,0,8,0,0.10622,0.05111,0.7446,11.22154,0.00513,0.7785,11.2825,11.2215,0.19848,10,0.0511,0,0,184.69893,69.34716,0.38,0.3117,1,False,running
b326998ea4,formation_6_dynamic_popup,180,36.0,1784498000,completion_astar,finish_first,r03,r03,True,center,member,local,1,3,11.8057,0.00085,-0.00153,0.38,-0.0,1000,1000,174,344,0,0,0000,---,False,0.38,-0.00058,0.38,-0.0,12.24813,0.00017,cached_path_to_final_target,w,"$1,0,0,0,0,0,0,0,0#",20000,20000,Set tank.c app_speed/duty level to the logged pwm before sending the move key/protocol command; e=stop.,11.89487,31.52032,0,8,0,0.12163,0.05111,0.5543,11.22154,0.00513,0.7785,11.2825,11.2215,0.19848,10,0.0511,0,0,184.69893,69.34716,0.38,0.3117,1,False,running
b326998ea4,formation_6_dynamic_popup,180,36.0,1784498000,completion_astar,finish_first,r04,r04,True,center,member,local,1,3,11.31289,0.38063,-0.07925,0.38,0.0,1000,1000,-176,292,0,0,0000,---,False,0.37881,-0.03008,0.38,0.0,11.75393,0.34561,cached_path_to_final_target,w,"$1,0,0,0,0,0,0,0,0#",20000,20000,Set tank.c app_speed/duty level to the logged pwm before sending the move key/protocol command; e=stop.,11.42131,30.44024,0,0,0,0.1514,0.06884,0.86984,11.22154,0.00513,0.7785,11.2825,11.2215,0.19848,10,0.0511,0,0,184.69893,69.34716,0.38,0.3117,1,False,running
b326998ea4,formation_6_dynamic_popup,180,36.0,1784498000,completion_astar,finish_first,r05,r05,True,center,member,local,1,3,10.88196,0.45212,-0.14852,0.38,0.0,1000,1000,-171,249,0,0,0000,---,False,0.37582,-0.05623,0.38,0.0,11.31952,0.38665,cached_path_to_final_target,w,"$1,0,0,0,0,0,0,0,0#",20000,20000,Set tank.c app_speed/duty level to the logged pwm before sending the move key/protocol command; e=stop.,11.35379,30.43743,0,0,0,0.1431,0.10807,0.94848,11.22154,0.00513,0.7785,11.2825,11.2215,0.19848,10,0.0511,0,0,184.69893,69.34716,0.38,0.3117,1,False,running
b326998ea4,formation_6_dynamic_popup,180,36.0,1784498000,completion_astar,finish_first,r06,r06,True,center,member,local,1,3,10.78682,-0.06086,0.07121,0.38,-0.0,1000,1000,166,244,0,0,0010,---,False,0.37904,0.02704,0.38,-0.0,11.22813,-0.02938,cached_path_to_final_target,w,"$1,0,0,0,0,0,0,0,0#",20000,20000,Set tank.c app_speed/duty level to the logged pwm before sending the move key/protocol command; e=stop.,11.55568,30.8052,0,0,0,0.21954,0.11631,0.85535,11.22154,0.00513,0.7785,11.2825,11.2215,0.19848,10,0.0511,0,0,184.69893,69.34716,0.38,0.3117,1,False,running
b326998ea4,formation_6_dynamic_popup,181,36.2,1784498200,completion_astar,finish_first,r01,r01,True,center,member,local,1,3,11.17758,-0.34237,0.0476,0.38,-0.0,1000,1000,164,288,0,0,0000,---,False,0.37957,0.01808,0.38,-0.0,11.61951,-0.32132,path_to_final_target,w,"$1,0,0,0,0,0,0,0,0#",20000,20000,Set tank.c app_speed/duty level to the logged pwm before sending the move key/protocol command; e=stop.,11.60583,30.85393,0,0,0,0.10635,0.10348,0.64315,11.29723,0.00517,0.7028,11.3582,11.2972,0.19269,10,0.0511,0,0,185.90805,69.80316,0.38,0.3121,1,False,running
b326998ea4,formation_6_dynamic_popup,181,36.2,1784498200,completion_astar,finish_first,r02,r02,True,center,member,local,1,3,11.51569,-0.38737,0.11332,0.38,-0.0,1000,1000,161,322,0,0,0000,---,False,0.37756,0.04297,0.38,-0.0,11.95528,-0.33734,path_to_final_target,w,"$1,0,0,0,0,0,0,0,0#",20000,20000,Set tank.c app_speed/duty level to the logged pwm before sending the move key/protocol command; e=stop.,11.66767,31.04485,0,8,0,0.10622,0.05111,0.6686,11.29723,0.00517,0.7028,11.3582,11.2972,0.19269,10,0.0511,0,0,185.90805,69.80316,0.38,0.3121,1,False,running
b326998ea4,formation_6_dynamic_popup,181,36.2,1784498200,completion_astar,finish_first,r03,r03,True,center,member,local,1,3,11.8817,0.00073,-0.00153,0.38,-0.0,1000,1000,174,351,0,0,0000,---,False,0.38,-0.00058,0.38,-0.0,12.32413,6e-05,path_to_final_target,w,"$1,0,0,0,0,0,0,0,0#",20000,20000,Set tank.c app_speed/duty level to the logged pwm before sending the move key/protocol command; e=stop.,11.97087,31.72184,0,8,0,0.12163,0.05111,0.4783,11.29723,0.00517,0.7028,11.3582,11.2972,0.19269,10,0.0511,0,0,185.90805,69.80316,0.38,0.3121,1,False,running
b326998ea4,formation_6_dynamic_popup,181,36.2,1784498200,completion_astar,finish_first,r04,r04,True,center,member,local,1,3,11.38866,0.37461,-0.07925,0.38,0.0,1000,1000,-176,300,0,0,0000,---,False,0.37881,-0.03008,0.38,0.0,11.8297,0.33959,path_to_final_target,w,"$1,0,0,0,0,0,0,0,0#",20000,20000,Set tank.c app_speed/duty level to the logged pwm before sending the move key/protocol command; e=stop.,11.49731,30.64176,0,0,0,0.1514,0.06884,0.79384,11.29723,0.00517,0.7028,11.3582,11.2972,0.19269,10,0.0511,0,0,185.90805,69.80316,0.38,0.3121,1,False,running
b326998ea4,formation_6_dynamic_popup,181,36.2,1784498200,completion_astar,finish_first,r05,r05,True,center,member,local,1,3,10.95712,0.44087,-0.14852,0.38,0.0,1000,1000,-171,257,0,0,0000,---,False,0.37582,-0.05623,0.38,0.0,11.39468,0.3754,path_to_final_target,w,"$1,0,0,0,0,0,0,0,0#",20000,20000,Set tank.c app_speed/duty level to the logged pwm before sending the move key/protocol command; e=stop.,11.42979,30.63895,0,0,0,0.1431,0.10807,0.87248,11.29723,0.00517,0.7028,11.3582,11.2972,0.19269,10,0.0511,0,0,185.90805,69.80316,0.38,0.3121,1,False,running
b326998ea4,formation_6_dynamic_popup,181,36.2,1784498200,completion_astar,finish_first,r06,r06,True,center,member,local,1,3,10.86263,-0.05545,0.07121,0.38,-0.0,1000,1000,166,251,0,0,0010,---,False,0.37904,0.02704,0.38,-0.0,11.30394,-0.02397,path_to_final_target,w,"$1,0,0,0,0,0,0,0,0#",20000,20000,Set tank.c app_speed/duty level to the logged pwm before sending the move key/protocol command; e=stop.,11.63168,31.00672,0,0,0,0.21954,0.11631,0.77935,11.29723,0.00517,0.7028,11.3582,11.2972,0.19269,10,0.0511,0,0,185.90805,69.80316,0.38,0.3121,1,False,running
b326998ea4,formation_6_dynamic_popup,182,36.4,1784498400,completion_astar,finish_first,r01,r01,True,center,member,local,1,2,11.2535,-0.33875,0.0476,0.38,-0.0,1000,1000,164,295,0,0,0000,---,False,0.37957,0.01808,0.38,-0.0,11.69542,-0.3177,path_to_final_target,w,"$1,0,0,0,0,0,0,0,0#",20000,20000,Set tank.c app_speed/duty level to the logged pwm before sending the move key/protocol command; e=stop.,11.68183,31.05545,0,0,0,0.10635,0.10348,0.56715,11.37292,0.00521,0.6271,11.4339,11.3729,0.18718,10,0.0511,0,0,187.11717,70.25916,0.38,0.3124,1,False,running
b326998ea4,formation_6_dynamic_popup,182,36.4,1784498400,completion_astar,finish_first,r02,r02,True,center,member,local,1,2,11.5912,-0.37878,0.11332,0.38,-0.0,1000,1000,161,329,0,0,0000,---,False,0.37756,0.04297,0.38,-0.0,12.0308,-0.32875,path_to_final_target,w,"$1,0,0,0,0,0,0,0,0#",20000,20000,Set tank.c app_speed/duty level to the logged pwm before sending the move key/protocol command; e=stop.,11.74367,31.24637,0,8,0,0.10622,0.05111,0.5926,11.37292,0.00521,0.6271,11.4339,11.3729,0.18718,10,0.0511,0,0,187.11717,70.25916,0.38,0.3124,1,False,running
b326998ea4,formation_6_dynamic_popup,182,36.4,1784498400,completion_astar,finish_first,r03,r03,True,center,member,local,1,2,11.9577,0.00062,-0.00153,0.38,-0.0,1000,1000,174,359,0,0,0000,---,False,0.38,-0.00058,0.38,-0.0,12.34924,2e-05,path_to_final_target,w,"$1,0,0,0,0,0,0,0,0#",20000,20000,Set tank.c app_speed/duty level to the logged pwm before sending the move key/protocol command; e=stop.,12.04687,31.92336,0,8,0,0.12163,0.05111,0.4023,11.37292,0.00521,0.6271,11.4339,11.3729,0.18718,10,0.0511,0,0,187.11717,70.25916,0.38,0.3124,1,False,running
b326998ea4,formation_6_dynamic_popup,182,36.4,1784498400,completion_astar,finish_first,r04,r04,True,center,member,local,1,2,11.46442,0.3686,-0.07925,0.38,0.0,1000,1000,-176,307,0,0,0000,---,False,0.37881,-0.03008,0.38,0.0,11.90546,0.33357,path_to_final_target,w,"$1,0,0,0,0,0,0,0,0#",20000,20000,Set tank.c app_speed/duty level to the logged pwm before sending the move key/protocol command; e=stop.,11.57331,30.84328,0,0,0,0.1514,0.06884,0.71784,11.37292,0.00521,0.6271,11.4339,11.3729,0.18718,10,0.0511,0,0,187.11717,70.25916,0.38,0.3124,1,False,running
b326998ea4,formation_6_dynamic_popup,182,36.4,1784498400,completion_astar,finish_first,r05,r05,True,center,member,local,1,2,11.03228,0.42963,-0.14852,0.38,0.0,1000,1000,-171,264,0,0,0000,---,False,0.37582,-0.05623,0.38,0.0,11.46984,0.36416,path_to_final_target,w,"$1,0,0,0,0,0,0,0,0#",20000,20000,Set tank.c app_speed/duty level to the logged pwm before sending the move key/protocol command; e=stop.,11.50579,30.84047,0,0,0,0.1431,0.10807,0.79648,11.37292,0.00521,0.6271,11.4339,11.3729,0.18718,10,0.0511,0,0,187.11717,70.25916,0.38,0.3124,1,False,running
b326998ea4,formation_6_dynamic_popup,182,36.4,1784498400,completion_astar,finish_first,r06,r06,True,center,member,local,1,2,10.93844,-0.05005,0.07121,0.38,-0.0,1000,1000,167,258,0,0,0010,---,False,0.37904,0.02704,0.38,-0.0,11.37974,-0.01857,path_to_final_target,w,"$1,0,0,0,0,0,0,0,0#",20000,20000,Set tank.c app_speed/duty level to the logged pwm before sending the move key/protocol command; e=stop.,11.70768,31.20824,0,0,0,0.21954,0.11631,0.70335,11.37292,0.00521,0.6271,11.4339,11.3729,0.18718,10,0.0511,0,0,187.11717,70.25916,0.38,0.3124,1,False,running
b326998ea4,formation_6_dynamic_popup,183,36.6,1784498600,completion_astar,finish_first,r01,r01,True,center,member,local,1,2,11.32941,-0.33514,0.0476,0.38,-0.0,1000,1000,164,302,0,0,0000,---,False,0.37957,0.01808,0.38,-0.0,11.77134,-0.31409,cached_path_to_final_target,w,"$1,0,0,0,0,0,0,0,0#",20000,20000,Set tank.c app_speed/duty level to the logged pwm before sending the move key/protocol command; e=stop.,11.75783,31.25697,0,0,0,0.10635,0.10348,0.49115,11.44862,0.00525,0.5514,11.5096,11.4486,0.18198,10,0.0511,0,0,188.32629,70.71516,0.38,0.3128,1,False,running
b326998ea4,formation_6_dynamic_popup,183,36.6,1784498600,completion_astar,finish_first,r02,r02,True,center,member,local,1,2,11.66672,-0.37018,0.11332,0.38,-0.0,1000,1000,161,336,0,0,0000,---,False,0.37756,0.04297,0.38,-0.0,12.10631,-0.32016,cached_path_to_final_target,w,"$1,0,0,0,0,0,0,0,0#",20000,20000,Set tank.c app_speed/duty level to the logged pwm before sending the move key/protocol command; e=stop.,11.81967,31.44789,0,8,0,0.10622,0.05111,0.5166,11.44862,0.00525,0.5514,11.5096,11.4486,0.18198,10,0.0511,0,0,188.32629,70.71516,0.38,0.3128,1,False,running
b326998ea4,formation_6_dynamic_popup,183,36.6,1784498600,completion_astar,finish_first,r03,r03,True,center,member,local,1,2,12.0337,0.0005,-0.00153,0.38,0.0,1000,1000,174,366,0,0,0000,---,False,0.38,-0.00058,0.38,0.0,12.35677,0.0,cached_path_to_final_target,w,"$1,0,0,0,0,0,0,0,0#",20000,20000,Set tank.c app_speed/duty level to the logged pwm before sending the move key/protocol command; e=stop.,12.12287,32.12488,0,8,0,0.12163,0.05111,0.3263,11.44862,0.00525,0.5514,11.5096,11.4486,0.18198,10,0.0511,0,0,188.32629,70.71516,0.38,0.3128,1,False,running
b326998ea4,formation_6_dynamic_popup,183,36.6,1784498600,completion_astar,finish_first,r04,r04,True,center,member,local,1,2,11.54018,0.36258,-0.07925,0.38,0.0,1000,1000,-176,315,0,0,0000,---,False,0.37881,-0.03008,0.38,0.0,11.98122,0.32756,cached_path_to_final_target,w,"$1,0,0,0,0,0,0,0,0#",20000,20000,Set tank.c app_speed/duty level to the logged pwm before sending the move key/protocol command; e=stop.,11.64931,31.0448,0,0,0,0.1514,0.06884,0.64184,11.44862,0.00525,0.5514,11.5096,11.4486,0.18198,10,0.0511,0,0,188.32629,70.71516,0.38,0.3128,1,False,running
b326998ea4,formation_6_dynamic_popup,183,36.6,1784498600,completion_astar,finish_first,r05,r05,True,center,member,local,1,2,11.10745,0.41838,-0.14852,0.38,0.0,1000,1000,-172,272,0,0,0000,---,False,0.37582,-0.05623,0.38,0.0,11.54501,0.35291,cached_path_to_final_target,w,"$1,0,0,0,0,0,0,0,0#",20000,20000,Set tank.c app_speed/duty level to the logged pwm before sending the move key/protocol command; e=stop.,11.58179,31.04199,0,0,0,0.1431,0.10807,0.72048,11.44862,0.00525,0.5514,11.5096,11.4486,0.18198,10,0.0511,0,0,188.32629,70.71516,0.38,0.3128,1,False,running
b326998ea4,formation_6_dynamic_popup,183,36.6,1784498600,completion_astar,finish_first,r06,r06,True,center,member,local,1,2,11.01424,-0.04464,0.07121,0.38,-0.0,1000,1000,167,266,0,0,0010,---,False,0.37904,0.02704,0.38,-0.0,11.45555,-0.01316,cached_path_to_final_target,w,"$1,0,0,0,0,0,0,0,0#",20000,20000,Set tank.c app_speed/duty level to the logged pwm before sending the move key/protocol command; e=stop.,11.78368,31.40976,0,0,0,0.21954,0.11631,0.62735,11.44862,0.00525,0.5514,11.5096,11.4486,0.18198,10,0.0511,0,0,188.32629,70.71516,0.38,0.3128,1,False,running
b326998ea4,formation_6_dynamic_popup,184,36.8,1784498800,completion_astar,finish_first,r01,r01,True,center,member,local,1,2,11.40532,-0.33152,0.0476,0.38,-0.0,1000,1000,165,310,0,0,0000,---,False,0.37957,0.01808,0.38,-0.0,11.8054,-0.31246,cached_path_to_final_target,w,"$1,0,0,0,0,0,0,0,0#",20000,20000,Set tank.c app_speed/duty level to the logged pwm before sending the move key/protocol command; e=stop.,11.83383,31.45849,0,0,0,0.10635,0.10348,0.41515,11.52431,0.00529,0.4757,11.5853,11.5243,0.17709,10,0.0511,0,0,189.53541,71.17116,0.38,0.3132,1,False,running
b326998ea4,formation_6_dynamic_popup,184,36.8,1784498800,completion_astar,finish_first,r02,r02,True,center,member,local,1,2,11.74223,-0.36159,0.11332,0.38,-0.0,1000,1000,162,343,0,0,0000,---,False,0.37756,0.04297,0.38,-0.0,12.15789,-0.31429,cached_path_to_final_target,w,"$1,0,0,0,0,0,0,0,0#",20000,20000,Set tank.c app_speed/duty level to the logged pwm before sending the move key/protocol command; e=stop.,11.89567,31.64941,0,8,0,0.10622,0.05111,0.4406,11.52431,0.00529,0.4757,11.5853,11.5243,0.17709,10,0.0511,0,0,189.53541,71.17116,0.38,0.3132,1,False,running
b326998ea4,formation_6_dynamic_popup,184,36.8,1784498800,completion_astar,finish_first,r03,r03,True,center,member,local,1,2,12.1097,0.00038,-0.00153,0.38,0.0,1000,1000,174,374,0,0,0000,---,False,0.38,-0.00058,0.38,0.0,12.35903,0.0,cached_path_to_final_target,w,"$1,0,0,0,0,0,0,0,0#",20000,20000,Set tank.c app_speed/duty level to the logged pwm before sending the move key/protocol command; e=stop.,12.19887,32.3264,0,8,0,0.12163,0.05111,0.2503,11.52431,0.00529,0.4757,11.5853,11.5243,0.17709,10,0.0511,0,0,189.53541,71.17116,0.38,0.3132,1,False,running
b326998ea4,formation_6_dynamic_popup,184,36.8,1784498800,completion_astar,finish_first,r04,r04,True,center,member,local,1,2,11.61594,0.35656,-0.07925,0.38,0.0,1000,1000,-176,323,0,0,0000,---,False,0.37881,-0.03008,0.38,0.0,12.05698,0.32154,cached_path_to_final_target,w,"$1,0,0,0,0,0,0,0,0#",20000,20000,Set tank.c app_speed/duty level to the logged pwm before sending the move key/protocol command; e=stop.,11.72531,31.24632,0,0,0,0.1514,0.06884,0.56584,11.52431,0.00529,0.4757,11.5853,11.5243,0.17709,10,0.0511,0,0,189.53541,71.17116,0.38,0.3132,1,False,running
b326998ea4,formation_6_dynamic_popup,184,36.8,1784498800,completion_astar,finish_first,r05,r05,True,center,member,local,1,2,11.18261,0.40713,-0.14852,0.38,0.0,1000,1000,-172,279,0,0,0000,---,False,0.37582,-0.05623,0.38,0.0,11.62017,0.34167,cached_path_to_final_target,w,"$1,0,0,0,0,0,0,0,0#",20000,20000,Set tank.c app_speed/duty level to the logged pwm before sending the move key/protocol command; e=stop.,11.65779,31.24351,0,0,0,0.1431,0.10807,0.64448,11.52431,0.00529,0.4757,11.5853,11.5243,0.17709,10,0.0511,0,0,189.53541,71.17116,0.38,0.3132,1,False,running
b326998ea4,formation_6_dynamic_popup,184,36.8,1784498800,completion_astar,finish_first,r06,r06,True,center,member,local,1,2,11.09005,-0.03923,0.07121,0.38,-0.0,1000,1000,167,273,0,0,0010,---,False,0.37904,0.02704,0.38,-0.0,11.53136,-0.00775,cached_path_to_final_target,w,"$1,0,0,0,0,0,0,0,0#",20000,20000,Set tank.c app_speed/duty level to the logged pwm before sending the move key/protocol command; e=stop.,11.85968,31.61128,0,0,0,0.21954,0.11631,0.55135,11.52431,0.00529,0.4757,11.5853,11.5243,0.17709,10,0.0511,0,0,189.53541,71.17116,0.38,0.3132,1,False,running
b326998ea4,formation_6_dynamic_popup,185,37.0,1784499000,completion_astar,finish_first,r01,r01,True,center,member,local,1,2,11.48124,-0.32791,0.0476,0.38,-0.0,1000,1000,165,317,0,0,0000,---,False,0.37957,0.01808,0.38,-0.0,11.81562,-0.31198,path_to_final_target,w,"$1,0,0,0,0,0,0,0,0#",20000,20000,Set tank.c app_speed/duty level to the logged pwm before sending the move key/protocol command; e=stop.,11.90983,31.66001,0,0,0,0.10635,0.10348,0.33915,11.6,0.00533,0.4,11.661,11.6,0.17256,10,0.0511,0,0,190.74453,71.62716,0.38,0.3135,1,False,running
b326998ea4,formation_6_dynamic_popup,185,37.0,1784499000,completion_astar,finish_first,r02,r02,True,center,member,local,1,2,11.81774,-0.353,0.11332,0.38,-0.0,1000,1000,162,350,0,0,0000,---,False,0.37756,0.04297,0.38,-0.0,12.17337,-0.31252,path_to_final_target,w,"$1,0,0,0,0,0,0,0,0#",20000,20000,Set tank.c app_speed/duty level to the logged pwm before sending the move key/protocol command; e=stop.,11.97167,31.85093,0,8,0,0.10622,0.05111,0.3646,11.6,0.00533,0.4,11.661,11.6,0.17256,10,0.0511,0,0,190.74453,71.62716,0.38,0.3135,1,False,running
b326998ea4,formation_6_dynamic_popup,185,37.0,1784499000,completion_astar,finish_first,r03,r03,True,center,member,local,1,2,12.1857,0.00027,-0.00153,0.38,0.0,1000,1000,174,382,0,0,0000,---,False,0.38,-0.00058,0.38,0.0,12.35971,0.0,path_to_final_target,w,"$1,0,0,0,0,0,0,0,0#",20000,20000,Set tank.c app_speed/duty level to the logged pwm before sending the move key/protocol command; e=stop.,12.27487,32.52792,0,8,0,0.12163,0.05111,0.1743,11.6,0.00533,0.4,11.661,11.6,0.17256,10,0.0511,0,0,190.74453,71.62716,0.38,0.3135,1,False,running
b326998ea4,formation_6_dynamic_popup,185,37.0,1784499000,completion_astar,finish_first,r04,r04,True,center,member,local,1,2,11.6917,0.35055,-0.07925,0.38,0.0,1000,1000,-177,330,0,0,0000,---,False,0.37881,-0.03008,0.38,0.0,12.13274,0.31552,path_to_final_target,w,"$1,0,0,0,0,0,0,0,0#",20000,20000,Set tank.c app_speed/duty level to the logged pwm before sending the move key/protocol command; e=stop.,11.80131,31.44784,0,0,0,0.1514,0.06884,0.48984,11.6,0.00533,0.4,11.661,11.6,0.17256,10,0.0511,0,0,190.74453,71.62716,0.38,0.3135,1,False,running
b326998ea4,formation_6_dynamic_popup,185,37.0,1784499000,completion_astar,finish_first,r05,r05,True,center,member,local,1,2,11.25777,0.39589,-0.14852,0.38,0.0,1000,1000,-172,287,0,0,0000,---,False,0.37582,-0.05623,0.38,0.0,11.69533,0.33042,path_to_final_target,w,"$1,0,0,0,0,0,0,0,0#",20000,20000,Set tank.c app_speed/duty level to the logged pwm before sending the move key/protocol command; e=stop.,11.73379,31.44503,0,0,0,0.1431,0.10807,0.56848,11.6,0.00533,0.4,11.661,11.6,0.17256,10,0.0511,0,0,190.74453,71.62716,0.38,0.3135,1,False,running
b326998ea4,formation_6_dynamic_popup,185,37.0,1784499000,completion_astar,finish_first,r06,r06,True,center,member,local,1,2,11.16586,-0.03382,0.07121,0.38,-0.0,1000,1000,168,281,0,0,0010,---,False,0.37904,0.02704,0.38,-0.0,11.60717,-0.00234,path_to_final_target,w,"$1,0,0,0,0,0,0,0,0#",20000,20000,Set tank.c app_speed/duty level to the logged pwm before sending the move key/protocol command; e=stop.,11.93568,31.8128,0,0,0,0.21954,0.11631,0.47535,11.6,0.00533,0.4,11.661,11.6,0.17256,10,0.0511,0,0,190.74453,71.62716,0.38,0.3135,1,False,running
b326998ea4,formation_6_dynamic_popup,186,37.2,1784499200,completion_astar,finish_first,r01,r01,True,center,member,local,1,2,11.55715,-0.32429,0.0476,0.38,-0.0,1000,1000,165,324,0,0,0000,---,False,0.37957,0.01808,0.38,-0.0,11.81869,-0.31183,cached_path_to_final_target,w,"$1,0,0,0,0,0,0,0,0#",20000,20000,Set tank.c app_speed/duty level to the logged pwm before sending the move key/protocol command; e=stop.,11.98583,31.86153,0,0,0,0.10635,0.10348,0.26315,11.67431,0.00537,0.3257,11.7353,11.6743,0.1648,8,0.0511,0,0,191.93501,72.07484,0.3731,0.3138,1,False,running
b326998ea4,formation_6_dynamic_popup,186,37.2,1784499200,completion_astar,finish_first,r02,r02,True,center,member,local,1,2,11.89325,-0.3444,0.11332,0.38,-0.0,1000,1000,162,358,0,0,0000,---,False,0.37756,0.04297,0.38,-0.0,12.17801,-0.312,cached_path_to_final_target,w,"$1,0,0,0,0,0,0,0,0#",20000,20000,Set tank.c app_speed/duty level to the logged pwm before sending the move key/protocol command; e=stop.,12.04767,32.05245,0,8,0,0.10622,0.05111,0.2886,11.67431,0.00537,0.3257,11.7353,11.6743,0.1648,8,0.0511,0,0,191.93501,72.07484,0.3731,0.3138,1,False,running
b326998ea4,formation_6_dynamic_popup,186,37.2,1784499200,completion_astar,finish_first,r03,r03,True,center,member,local,1,2,12.25339,0.00016,-0.00153,0.33843,0.0,891,891,174,388,0,0,0000,---,False,0.33843,-0.00052,0.33843,0.0,12.35991,0.0,cached_path_to_final_target,w,"$1,0,0,0,0,0,0,0,0#",18000,18000,Set tank.c app_speed/duty level to the logged pwm before sending the move key/protocol command; e=stop.,12.34256,32.7108,0,8,0,0.12163,0.05111,0.10661,11.67431,0.00537,0.3257,11.7353,11.6743,0.1648,8,0.0511,0,0,191.93501,72.07484,0.3731,0.3138,1,False,running
b326998ea4,formation_6_dynamic_popup,186,37.2,1784499200,completion_astar,finish_first,r04,r04,True,center,member,local,1,2,11.76746,0.34453,-0.07925,0.38,0.0,1000,1000,-177,338,0,0,0000,---,False,0.37881,-0.03008,0.38,0.0,12.16582,0.3129,cached_path_to_final_target,w,"$1,0,0,0,0,0,0,0,0#",20000,20000,Set tank.c app_speed/duty level to the logged pwm before sending the move key/protocol command; e=stop.,11.87731,31.64936,0,0,0,0.1514,0.06884,0.41384,11.67431,0.00537,0.3257,11.7353,11.6743,0.1648,8,0.0511,0,0,191.93501,72.07484,0.3731,0.3138,1,False,running
b326998ea4,formation_6_dynamic_popup,186,37.2,1784499200,completion_astar,finish_first,r05,r05,True,center,member,local,1,2,11.33294,0.38464,-0.14852,0.38,0.0,1000,1000,-172,294,0,0,0000,---,False,0.37582,-0.05623,0.38,0.0,11.7705,0.31918,cached_path_to_final_target,w,"$1,0,0,0,0,0,0,0,0#",20000,20000,Set tank.c app_speed/duty level to the logged pwm before sending the move key/protocol command; e=stop.,11.80979,31.64655,0,0,0,0.1431,0.10807,0.49248,11.67431,0.00537,0.3257,11.7353,11.6743,0.1648,8,0.0511,0,0,191.93501,72.07484,0.3731,0.3138,1,False,running
b326998ea4,formation_6_dynamic_popup,186,37.2,1784499200,completion_astar,finish_first,r06,r06,True,center,member,local,1,2,11.24167,-0.02842,0.07121,0.38,-0.0,1000,1000,168,288,0,0,0010,---,False,0.37904,0.02704,0.38,-0.0,11.63015,-0.0007,cached_path_to_final_target,w,"$1,0,0,0,0,0,0,0,0#",20000,20000,Set tank.c app_speed/duty level to the logged pwm before sending the move key/protocol command; e=stop.,12.01168,32.01432,0,0,0,0.21954,0.11631,0.39935,11.67431,0.00537,0.3257,11.7353,11.6743,0.1648,8,0.0511,0,0,191.93501,72.07484,0.3731,0.3138,1,False,running
b326998ea4,formation_6_dynamic_popup,187,37.4,1784499400,completion_astar,finish_first,r01,r01,True,center,member,local,1,2,11.63307,-0.32067,0.0476,0.38,-0.0,1000,1000,166,332,0,0,0000,---,False,0.37957,0.01808,0.38,-0.0,11.81961,-0.31179,cached_path_to_final_target,w,"$1,0,0,0,0,0,0,0,0#",20000,20000,Set tank.c app_speed/duty level to the logged pwm before sending the move key/protocol command; e=stop.,12.06183,32.06305,0,0,0,0.10635,0.10348,0.18715,11.7476,0.00542,0.2525,11.8086,11.7476,0.15474,8,0.0511,0,0,193.10828,72.51644,0.368,0.3141,1,False,running
b326998ea4,formation_6_dynamic_popup,187,37.4,1784499400,completion_astar,finish_first,r02,r02,True,center,member,local,1,2,11.96877,-0.33581,0.11332,0.38,-0.0,1000,1000,163,365,0,0,0000,---,False,0.37756,0.04297,0.38,-0.0,12.1794,-0.31184,cached_path_to_final_target,w,"$1,0,0,0,0,0,0,0,0#",20000,20000,Set tank.c app_speed/duty level to the logged pwm before sending the move key/protocol command; e=stop.,12.12367,32.25397,0,8,0,0.10622,0.05111,0.2126,11.7476,0.00542,0.2525,11.8086,11.7476,0.15474,8,0.0511,0,0,193.10828,72.51644,0.368,0.3141,1,False,running
b326998ea4,formation_6_dynamic_popup,187,37.4,1784499400,completion_astar,finish_first,r03,r03,True,center,member,local,1,2,12.31498,7e-05,-0.00153,0.30797,0.0,810,810,175,394,0,0,0000,---,False,0.30797,-0.00047,0.30797,0.0,12.35997,0.0,cached_path_to_final_target,w,"$1,0,0,0,0,0,0,0,0#",16000,16000,Set tank.c app_speed/duty level to the logged pwm before sending the move key/protocol command; e=stop.,12.40415,32.87647,0,8,0,0.12163,0.05111,0.04502,11.7476,0.00542,0.2525,11.8086,11.7476,0.15474,8,0.0511,0,0,193.10828,72.51644,0.368,0.3141,1,False,running
b326998ea4,formation_6_dynamic_popup,187,37.4,1784499400,completion_astar,finish_first,r04,r04,True,center,member,local,1,2,11.84322,0.33851,-0.07925,0.38,0.0,1000,1000,-177,345,0,0,0000,---,False,0.37881,-0.03008,0.38,0.0,12.17575,0.31211,cached_path_to_final_target,w,"$1,0,0,0,0,0,0,0,0#",20000,20000,Set tank.c app_speed/duty level to the logged pwm before sending the move key/protocol command; e=stop.,11.95331,31.85088,0,0,0,0.1514,0.06884,0.33784,11.7476,0.00542,0.2525,11.8086,11.7476,0.15474,8,0.0511,0,0,193.10828,72.51644,0.368,0.3141,1,False,running
b326998ea4,formation_6_dynamic_popup,187,37.4,1784499400,completion_astar,finish_first,r05,r05,True,center,member,local,1,2,11.4081,0.3734,-0.14852,0.38,0.0,1000,1000,-172,302,0,0,0000,---,False,0.37582,-0.05623,0.38,0.0,11.80515,0.31399,cached_path_to_final_target,w,"$1,0,0,0,0,0,0,0,0#",20000,20000,Set tank.c app_speed/duty level to the logged pwm before sending the move key/protocol command; e=stop.,11.88579,31.84807,0,0,0,0.1431,0.10807,0.41648,11.7476,0.00542,0.2525,11.8086,11.7476,0.15474,8,0.0511,0,0,193.10828,72.51644,0.368,0.3141,1,False,running
b326998ea4,formation_6_dynamic_popup,187,37.4,1784499400,completion_astar,finish_first,r06,r06,True,center,member,local,1,2,11.31747,-0.02301,0.07121,0.38,-0.0,1000,1000,168,296,0,0,0010,---,False,0.37904,0.02704,0.38,-0.0,11.63704,-0.00021,cached_path_to_final_target,w,"$1,0,0,0,0,0,0,0,0#",20000,20000,Set tank.c app_speed/duty level to the logged pwm before sending the move key/protocol command; e=stop.,12.08768,32.21584,0,0,0,0.21954,0.11631,0.32335,11.7476,0.00542,0.2525,11.8086,11.7476,0.15474,8,0.0511,0,0,193.10828,72.51644,0.368,0.3141,1,False,running
b326998ea4,formation_6_dynamic_popup,188,37.6,1784499600,completion_astar,finish_first,r01,r01,True,center,member,local,1,2,11.70183,-0.3174,0.0476,0.34422,-0.0,906,906,166,338,0,0,0000,---,False,0.34383,0.01638,0.34422,-0.0,11.81988,-0.31177,cached_path_to_final_target,w,"$1,0,0,0,0,0,0,0,0#",18000,18000,Set tank.c app_speed/duty level to the logged pwm before sending the move key/protocol command; e=stop.,12.13067,32.24849,0,0,0,0.10635,0.10348,0.1183,11.81577,0.00538,0.1843,11.8767,11.8158,0.13571,8,0.0511,0,0,194.21,72.92728,0.3424,0.3142,1,False,running
b326998ea4,formation_6_dynamic_popup,188,37.6,1784499600,completion_astar,finish_first,r02,r02,True,center,member,local,1,2,12.0427,-0.3274,0.11332,0.37204,-0.0,979,979,163,372,0,0,0000,---,False,0.36966,0.04207,0.37204,-0.0,12.17982,-0.31179,cached_path_to_final_target,w,"$1,0,0,0,0,0,0,0,0#",20000,20000,Set tank.c app_speed/duty level to the logged pwm before sending the move key/protocol command; e=stop.,12.19808,32.4519,0,8,0,0.10622,0.05111,0.13819,11.81577,0.00538,0.1843,11.8767,11.8158,0.13571,8,0.0511,0,0,194.21,72.92728,0.3424,0.3142,1,False,running
b326998ea4,formation_6_dynamic_popup,188,37.6,1784499600,completion_astar,finish_first,r03,r03,True,center,arrived,local,1,2,12.35458,1e-05,-0.00153,0.19797,0.0,521,521,175,398,0,0,0000,-G-,False,0.0,0.0,0.19797,0.0,12.35999,0.0,target_reached,w,"$1,0,0,0,0,0,0,0,0#",10000,10000,Set tank.c app_speed/duty level to the logged pwm before sending the move key/protocol command; e=stop.,12.44375,32.99026,0,8,0,0.12163,0.05111,0.00542,11.81577,0.00538,0.1843,11.8767,11.8158,0.13571,8,0.0511,0,0,194.21,72.92728,0.3424,0.3142,1,False,running
b326998ea4,formation_6_dynamic_popup,188,37.6,1784499600,completion_astar,finish_first,r04,r04,True,center,member,local,1,2,11.91899,0.3325,-0.07925,0.38,0.0,1000,1000,-177,353,0,0,0000,---,False,0.37881,-0.03008,0.38,0.0,12.17872,0.31187,cached_path_to_final_target,w,"$1,0,0,0,0,0,0,0,0#",20000,20000,Set tank.c app_speed/duty level to the logged pwm before sending the move key/protocol command; e=stop.,12.02931,32.0524,0,0,0,0.1514,0.06884,0.26184,11.81577,0.00538,0.1843,11.8767,11.8158,0.13571,8,0.0511,0,0,194.21,72.92728,0.3424,0.3142,1,False,running
b326998ea4,formation_6_dynamic_popup,188,37.6,1784499600,completion_astar,finish_first,r05,r05,True,center,member,local,1,2,11.48326,0.36215,-0.14852,0.38,0.0,1000,1000,-172,309,0,0,0000,---,False,0.37582,-0.05623,0.38,0.0,11.81554,0.31244,cached_path_to_final_target,w,"$1,0,0,0,0,0,0,0,0#",20000,20000,Set tank.c app_speed/duty level to the logged pwm before sending the move key/protocol command; e=stop.,11.96179,32.04959,0,0,0,0.1431,0.10807,0.34048,11.81577,0.00538,0.1843,11.8767,11.8158,0.13571,8,0.0511,0,0,194.21,72.92728,0.3424,0.3142,1,False,running
b326998ea4,formation_6_dynamic_popup,188,37.6,1784499600,completion_astar,finish_first,r06,r06,True,center,member,local,1,2,11.39328,-0.0176,0.07121,0.38,-0.0,1000,1000,169,303,0,0,0010,---,False,0.37904,0.02704,0.38,-0.0,11.63911,-6e-05,cached_path_to_final_target,w,"$1,0,0,0,0,0,0,0,0#",20000,20000,Set tank.c app_speed/duty level to the logged pwm before sending the move key/protocol command; e=stop.,12.16368,32.41736,0,0,0,0.21954,0.11631,0.24735,11.81577,0.00538,0.1843,11.8767,11.8158,0.13571,8,0.0511,0,0,194.21,72.92728,0.3424,0.3142,1,False,running
b326998ea4,formation_6_dynamic_popup,189,37.8,1784499800,completion_astar,finish_first,r01,r01,True,center,member,local,1,2,11.76441,-0.31442,0.0476,0.31324,0.0,824,824,166,344,0,0,0000,---,False,0.31288,0.0149,0.31324,0.0,11.81996,-0.31177,path_to_final_target,w,"$1,0,0,0,0,0,0,0,0#",16000,16000,Set tank.c app_speed/duty level to the logged pwm before sending the move key/protocol command; e=stop.,12.19332,32.41702,0,0,0,0.10635,0.10348,0.05566,11.87759,0.00511,0.1225,11.9386,11.8776,0.10818,5,0.0511,0,0,195.21352,73.29996,0.3106,0.3142,2,False,running
b326998ea4,formation_6_dynamic_popup,189,37.8,1784499800,completion_astar,finish_first,r02,r02,True,center,member,local,1,2,12.10672,-0.32011,0.11332,0.32218,-0.0,848,848,163,378,0,0,0000,---,False,0.32012,0.03643,0.32218,-0.0,12.17995,-0.31178,path_to_final_target,w,"$1,0,0,0,0,0,0,0,0#",17000,17000,Set tank.c app_speed/duty level to the logged pwm before sending the move key/protocol command; e=stop.,12.26252,32.62678,0,8,0,0.10622,0.05111,0.07375,11.87759,0.00511,0.1225,11.9386,11.8776,0.10818,5,0.0511,0,0,195.21352,73.29996,0.3106,0.3142,2,False,running
b326998ea4,formation_6_dynamic_popup,189,37.8,1784499800,completion_astar,finish_first,r03,r03,True,rejoined,arrived,local,0,2,12.37217,-2e-05,-0.00153,0.08797,0.0,232,232,0,-1,0,0,0000,-G-,False,0.0,0.0,0.08797,0.0,12.36,0.0,target_reached,w,"$1,0,0,0,0,0,0,0,0#",5000,5000,Set tank.c app_speed/duty level to the logged pwm before sending the move key/protocol command; e=stop.,12.46134,33.04581,0,8,0,0.12163,0.05111,0.01217,11.87759,0.00511,0.1225,11.9386,11.8776,0.10818,5,0.0511,0,0,195.21352,73.29996,0.3106,0.3142,2,False,running
b326998ea4,formation_6_dynamic_popup,189,37.8,1784499800,completion_astar,finish_first,r04,r04,True,center,member,local,1,2,11.99475,0.32648,-0.07925,0.38,-0.0,1000,1000,-177,360,0,0,0000,---,False,0.37881,-0.03008,0.38,-0.0,12.17962,0.3118,path_to_final_target,w,"$1,0,0,0,0,0,0,0,0#",20000,20000,Set tank.c app_speed/duty level to the logged pwm before sending the move key/protocol command; e=stop.,12.10531,32.25392,0,0,0,0.1514,0.06884,0.18584,11.87759,0.00511,0.1225,11.9386,11.8776,0.10818,5,0.0511,0,0,195.21352,73.29996,0.3106,0.3142,2,False,running
b326998ea4,formation_6_dynamic_popup,189,37.8,1784499800,completion_astar,finish_first,r05,r05,True,center,member,local,1,2,11.55843,0.35091,-0.14852,0.38,0.0,1000,1000,-173,317,0,0,0000,---,False,0.37582,-0.05623,0.38,0.0,11.81866,0.31197,path_to_final_target,w,"$1,0,0,0,0,0,0,0,0#",20000,20000,Set tank.c app_speed/duty level to the logged pwm before sending the move key/protocol command; e=stop.,12.03779,32.25111,0,0,0,0.1431,0.10807,0.26448,11.87759,0.00511,0.1225,11.9386,11.8776,0.10818,5,0.0511,0,0,195.21352,73.29996,0.3106,0.3142,2,False,running
b326998ea4,formation_6_dynamic_popup,189,37.8,1784499800,completion_astar,finish_first,r06,r06,True,center,member,local,1,2,11.46909,-0.01219,0.07121,0.38,-0.0,1000,1000,169,310,0,0,0010,---,False,0.37904,0.02704,0.38,-0.0,11.63973,-2e-05,path_to_final_target,w,"$1,0,0,0,0,0,0,0,0#",20000,20000,Set tank.c app_speed/duty level to the logged pwm before sending the move key/protocol command; e=stop.,12.23968,32.61888,0,0,0,0.21954,0.11631,0.17135,11.87759,0.00511,0.1225,11.9386,11.8776,0.10818,5,0.0511,0,0,195.21352,73.29996,0.3106,0.3142,2,False,running
b326998ea4,formation_6_dynamic_popup,190,38.0,1784500000,completion_astar,finish_first,r01,r01,True,center,arrived,local,1,2,11.80501,-0.31248,0.0476,0.20324,0.0,535,535,166,348,0,0,0000,-G-,False,0.0,0.0,0.20324,0.0,11.81999,-0.31177,target_reached,w,"$1,0,0,0,0,0,0,0,0#",11000,11000,Set tank.c app_speed/duty level to the logged pwm before sending the move key/protocol command; e=stop.,12.23397,32.53363,0,0,0,0.10635,0.10348,0.01501,11.92654,0.00425,0.0736,11.9875,11.9265,0.07578,4,0.0511,0,0,196.0272,73.59519,0.246,0.3139,2,False,running
b326998ea4,formation_6_dynamic_popup,190,38.0,1784500000,completion_astar,finish_first,r02,r02,True,center,arrived,local,1,2,12.14889,-0.31531,0.11332,0.21218,0.0,558,558,163,382,0,0,0000,-G-,False,0.0,0.0,0.21218,0.0,12.17998,-0.31177,target_reached,w,"$1,0,0,0,0,0,0,0,0#",11000,11000,Set tank.c app_speed/duty level to the logged pwm before sending the move key/protocol command; e=stop.,12.30495,32.74803,0,8,0,0.10622,0.05111,0.03131,11.92654,0.00425,0.0736,11.9875,11.9265,0.07578,4,0.0511,0,0,196.0272,73.59519,0.246,0.3139,2,False,running
b326998ea4,formation_6_dynamic_popup,190,38.0,1784500000,completion_astar,finish_first,r03,r03,True,rejoined,arrived,local,0,2,12.37217,-2e-05,-0.00153,0.0,0.0,0,0,0,-1,0,0,0000,-G-,False,0.0,0.0,0.0,0.0,12.36,0.0,target_reached,e,"$0,0,0,0,0,0,0,0,0#",0,0,Set tank.c app_speed/duty level to the logged pwm before sending the move key/protocol command; e=stop.,12.46134,33.05285,0,8,0,0.12163,0.05111,0.01217,11.92654,0.00425,0.0736,11.9875,11.9265,0.07578,4,0.0511,0,0,196.0272,73.59519,0.246,0.3139,2,False,running
b326998ea4,formation_6_dynamic_popup,190,38.0,1784500000,completion_astar,finish_first,r04,r04,True,center,member,local,1,2,12.06326,0.32104,-0.07925,0.34363,-0.0,904,904,-177,367,0,0,0000,---,False,0.34255,-0.0272,0.34363,-0.0,12.17989,0.31178,cached_path_to_final_target,w,"$1,0,0,0,0,0,0,0,0#",18000,18000,Set tank.c app_speed/duty level to the logged pwm before sending the move key/protocol command; e=stop.,12.17404,32.439,0,0,0,0.1514,0.06884,0.11711,11.92654,0.00425,0.0736,11.9875,11.9265,0.07578,4,0.0511,0,0,196.0272,73.59519,0.246,0.3139,2,False,running
b326998ea4,formation_6_dynamic_popup,190,38.0,1784500000,completion_astar,finish_first,r05,r05,True,center,member,local,1,2,11.63359,0.33966,-0.14852,0.38,0.0,1000,1000,-173,324,0,0,0000,---,False,0.37582,-0.05623,0.38,0.0,11.8196,0.31183,cached_path_to_final_target,w,"$1,0,0,0,0,0,0,0,0#",20000,20000,Set tank.c app_speed/duty level to the logged pwm before sending the move key/protocol command; e=stop.,12.11379,32.45263,0,0,0,0.1431,0.10807,0.18848,11.92654,0.00425,0.0736,11.9875,11.9265,0.07578,4,0.0511,0,0,196.0272,73.59519,0.246,0.3139,2,False,running
b326998ea4,formation_6_dynamic_popup,190,38.0,1784500000,completion_astar,finish_first,r06,r06,True,center,member,local,1,2,11.53634,-0.00739,0.07121,0.33711,-0.0,887,887,169,317,0,0,0010,---,False,0.33625,0.02399,0.33711,-0.0,11.63992,-1e-05,cached_path_to_final_target,w,"$1,0,0,0,0,0,0,0,0#",18000,18000,Set tank.c app_speed/duty level to the logged pwm before sending the move key/protocol command; e=stop.,12.3071,32.80106,0,0,0,0.21954,0.11631,0.10392,11.92654,0.00425,0.0736,11.9875,11.9265,0.07578,4,0.0511,0,0,196.0272,73.59519,0.246,0.3139,2,False,running
b326998ea4,formation_6_dynamic_popup,191,38.2,1784500200,completion_astar,finish_first,r01,r01,True,rejoined,arrived,local,1,2,11.82364,-0.3116,0.0476,0.09324,0.0,245,245,166,350,0,0,0000,-G-,False,0.0,0.0,0.09324,0.0,11.82,-0.31177,target_reached,w,"$1,0,0,0,0,0,0,0,0#",5000,5000,Set tank.c app_speed/duty level to the logged pwm before sending the move key/protocol command; e=stop.,12.25261,32.59181,0,0,0,0.10635,0.10348,0.00364,11.96499,0.00298,0.0351,12.026,11.965,0.04677,1,0.0511,0,0,196.66736,73.82713,0.1933,0.3141,2,True,success
b326998ea4,formation_6_dynamic_popup,191,38.2,1784500200,completion_astar,finish_first,r02,r02,True,rejoined,arrived,local,1,2,12.16919,-0.313,0.11332,0.10218,0.0,269,269,164,384,0,0,0000,-G-,False,0.0,0.0,0.10218,0.0,12.18,-0.31177,target_reached,w,"$1,0,0,0,0,0,0,0,0#",5000,5000,Set tank.c app_speed/duty level to the logged pwm before sending the move key/protocol command; e=stop.,12.32539,32.81103,0,8,0,0.10622,0.05111,0.01088,11.96499,0.00298,0.0351,12.026,11.965,0.04677,1,0.0511,0,0,196.66736,73.82713,0.1933,0.3141,2,True,success
b326998ea4,formation_6_dynamic_popup,191,38.2,1784500200,completion_astar,finish_first,r03,r03,True,rejoined,arrived,local,0,2,12.37217,-2e-05,-0.00153,0.0,0.0,0,0,0,-1,0,0,0000,-G-,False,0.0,0.0,0.0,0.0,12.36,0.0,target_reached,e,"$0,0,0,0,0,0,0,0,0#",0,0,Set tank.c app_speed/duty level to the logged pwm before sending the move key/protocol command; e=stop.,12.46134,33.05285,0,8,0,0.12163,0.05111,0.01217,11.96499,0.00298,0.0351,12.026,11.965,0.04677,1,0.0511,0,0,196.66736,73.82713,0.1933,0.3141,2,True,success
b326998ea4,formation_6_dynamic_popup,191,38.2,1784500200,completion_astar,finish_first,r04,r04,True,center,member,local,1,2,12.1256,0.31609,-0.07925,0.3127,0.0,823,823,-177,374,0,0,0000,---,False,0.31172,-0.02476,0.3127,0.0,12.17997,0.31177,cached_path_to_final_target,w,"$1,0,0,0,0,0,0,0,0#",16000,16000,Set tank.c app_speed/duty level to the logged pwm before sending the move key/protocol command; e=stop.,12.23658,32.60733,0,0,0,0.1514,0.06884,0.05457,11.96499,0.00298,0.0351,12.026,11.965,0.04677,1,0.0511,0,0,196.66736,73.82713,0.1933,0.3141,2,True,success
b326998ea4,formation_6_dynamic_popup,191,38.2,1784500200,completion_astar,finish_first,r05,r05,True,center,member,local,1,2,11.7018,0.32945,-0.14852,0.34482,0.0,907,907,-173,331,0,0,0000,---,False,0.34102,-0.05102,0.34482,0.0,11.81988,0.31179,cached_path_to_final_target,w,"$1,0,0,0,0,0,0,0,0#",18000,18000,Set tank.c app_speed/duty level to the logged pwm before sending the move key/protocol command; e=stop.,12.18276,32.63823,0,0,0,0.1431,0.10807,0.11952,11.96499,0.00298,0.0351,12.026,11.965,0.04677,1,0.0511,0,0,196.66736,73.82713,0.1933,0.3141,2,True,success
b326998ea4,formation_6_dynamic_popup,191,38.2,1784500200,completion_astar,finish_first,r06,r06,True,center,member,local,1,2,11.59754,-0.00303,0.07121,0.30677,-0.0,807,807,169,323,0,0,0000,---,False,0.30599,0.02183,0.30677,-0.0,11.63998,-0.0,cached_path_to_final_target,w,"$1,0,0,0,0,0,0,0,0#",16000,16000,Set tank.c app_speed/duty level to the logged pwm before sending the move key/protocol command; e=stop.,12.36845,32.96611,0,0,0,0.21954,0.11631,0.04257,11.96499,0.00298,0.0351,12.026,11.965,0.04677,1,0.0511,0,0,196.66736,73.82713,0.1933,0.3141,2,True,success
