mission_id,mission_name,step,time_s,ts_ms,algorithm,completion_policy,robot_id,robot_name,powered,cluster_id,role,perception_mode,visible_obstacle_count,known_obstacle_count,primary_x_m,primary_y_m,primary_theta_rad,primary_v_mps,primary_omega_radps,primary_pwr_left,primary_pwr_right,primary_sonic_angle_deg,primary_sonic_distance_cm,primary_camera_pan_deg,primary_camera_tilt_deg,primary_tracking_bits,primary_led,primary_buz,control_cmd_vx_mps,control_cmd_vy_mps,control_cmd_v_mps,control_cmd_omega_radps,control_target_x_m,control_target_y_m,control_reason,tank_key_command,tank_protocol_command,tank_pwm_left,tank_pwm_right,tank_command_note,agent_path_length_m,agent_energy_proxy,agent_collision_events,agent_near_miss_events,agent_lane_violations,agent_min_obstacle_clearance_m,agent_min_robot_clearance_m,agent_goal_distance_m,group_centroid_x_m,group_centroid_y_m,group_centroid_to_goal_m,group_centroid_path_m,group_effective_centroid_length_m,group_formation_rms_m,group_formation_bad_pairs,group_min_clearance_m,group_collision_steps,group_lane_violations,group_total_energy_proxy,group_sum_agent_path_m,group_mean_instant_speed_mps,group_average_speed_mps,group_active_cluster_count,done,finish_reason
71dcfe700a,single_rectangles_physical,0,0.0,1784462000,completion_astar,finish_first,r01,r01,True,main,member,global_debug,1,3,0.0,0.0,0.0,0.0,0.0,0,0,0,281,0,0,0000,---,False,0.0,0.0,0.0,0.0,12.0,0.0,init,e,"$0,0,0,0,0,0,0,0,0#",0,0,Set tank.c app_speed/duty level to the logged pwm before sending the move key/protocol command; e=stop.,0.0,0.0,0,0,0,999.0,999.0,12.0,0.0,0.0,12.0,0.0,0.0,0.0,0,999.0,0,0,0.0,0.0,0.0,0.0,1,False,running
71dcfe700a,single_rectangles_physical,1,0.2,1784462200,completion_astar,finish_first,r01,r01,True,main,member,global_debug,1,3,0.0219,-0.00209,-0.09497,0.11,-0.47486,389,190,5,279,0,0,0000,---,False,0.30713,-0.05259,0.11,-0.47486,0.0759,-0.013,path_to_final_target,d,"$4,0,0,0,0,0,0,0,0#",8000,4000,Set tank.c app_speed/duty level to the logged pwm before sending the move key/protocol command; e=stop.,0.022,0.07189,0,0,0,2.79208,999.0,11.9781,0.0219,-0.00209,11.9781,0.022,0.0219,0.0,0,2.7921,0,0,0.07189,0.022,0.11,0.1095,1,False,running
71dcfe700a,single_rectangles_physical,2,0.4,1784462400,completion_astar,finish_first,r01,r01,True,lower,member,global_debug,1,3,0.06545,-0.00835,-0.14283,0.22,-0.23928,629,529,8,275,0,0,0010,---,False,0.30654,-0.05592,0.22,-0.23928,0.15183,-0.02579,cached_path_to_final_target,d,"$4,0,0,0,0,0,0,0,0#",13000,11000,Set tank.c app_speed/duty level to the logged pwm before sending the move key/protocol command; e=stop.,0.066,0.19972,0,0,0,2.74853,999.0,11.93455,0.06545,-0.00835,11.9346,0.066,0.0655,0.0,0,2.7485,0,0,0.19972,0.066,0.22,0.1636,1,False,running
71dcfe700a,single_rectangles_physical,3,0.6,1784462600,completion_astar,finish_first,r01,r01,True,lower,member,global_debug,1,3,0.12687,-0.01861,-0.16548,0.31135,-0.11327,843,795,10,269,0,0,0010,---,False,0.30638,-0.05679,0.31135,-0.11327,0.22778,-0.03844,cached_path_to_final_target,w,"$1,0,0,0,0,0,0,0,0#",17000,16000,Set tank.c app_speed/duty level to the logged pwm before sending the move key/protocol command; e=stop.,0.12827,0.37334,0,0,0,2.68711,999.0,11.87314,0.12687,-0.01861,11.8731,0.1283,0.1269,0.0,0,2.6871,0,0,0.37334,0.12827,0.3113,0.2115,1,False,running
71dcfe700a,single_rectangles_physical,4,0.8,1784462800,completion_astar,finish_first,r01,r01,True,lower,member,global_debug,1,3,0.18824,-0.02943,-0.17457,0.31156,-0.04548,829,810,11,263,0,0,0010,---,False,0.30647,-0.05631,0.31156,-0.04548,0.30373,-0.0511,cached_path_to_final_target,w,"$1,0,0,0,0,0,0,0,0#",17000,16000,Set tank.c app_speed/duty level to the logged pwm before sending the move key/protocol command; e=stop.,0.19058,0.53918,0,0,0,2.62575,999.0,11.8118,0.18824,-0.02943,11.8118,0.1906,0.1882,0.0,0,2.6257,0,0,0.53918,0.19058,0.3116,0.2353,1,False,running
71dcfe700a,single_rectangles_physical,5,1.0,1784463000,completion_astar,finish_first,r01,r01,True,lower,member,global_debug,1,3,0.24959,-0.04037,-0.17648,0.3116,-0.00953,822,818,11,256,0,0,0010,---,False,0.30668,-0.05517,0.3116,-0.00953,0.37967,-0.06386,path_to_final_target,w,"$1,0,0,0,0,0,0,0,0#",16000,16000,Set tank.c app_speed/duty level to the logged pwm before sending the move key/protocol command; e=stop.,0.2529,0.70479,0,0,0,2.56439,999.0,11.75048,0.24959,-0.04037,11.7505,0.2529,0.2496,0.0,0,2.5644,0,0,0.70479,0.2529,0.3116,0.2496,1,False,running
71dcfe700a,single_rectangles_physical,6,1.2,1784463200,completion_astar,finish_first,r01,r01,True,lower,member,global_debug,1,3,0.31095,-0.05125,-0.17547,0.3116,0.00505,819,821,11,250,0,0,0010,---,False,0.30686,-0.05415,0.3116,0.00505,0.45558,-0.07672,cached_path_to_final_target,w,"$1,0,0,0,0,0,0,0,0#",16000,16000,Set tank.c app_speed/duty level to the logged pwm before sending the move key/protocol command; e=stop.,0.31522,0.87018,0,0,0,2.50303,999.0,11.68916,0.31095,-0.05125,11.6892,0.3152,0.311,0.0,0,2.503,0,0,0.87018,0.31522,0.3116,0.2591,1,False,running
71dcfe700a,single_rectangles_physical,7,1.4,1784463400,completion_astar,finish_first,r01,r01,True,lower,member,global_debug,1,3,0.37233,-0.06203,-0.17378,0.3116,0.00847,818,822,11,244,0,0,0010,---,False,0.30698,-0.05347,0.3116,0.00847,0.53149,-0.08966,cached_path_to_final_target,w,"$1,0,0,0,0,0,0,0,0#",16000,16000,Set tank.c app_speed/duty level to the logged pwm before sending the move key/protocol command; e=stop.,0.37754,1.03546,0,0,0,2.44165,999.0,11.62783,0.37233,-0.06203,11.6278,0.3775,0.3723,0.0,0,2.4417,0,0,1.03546,0.37754,0.3116,0.266,1,False,running
71dcfe700a,single_rectangles_physical,8,1.6,1784463600,completion_astar,finish_first,r01,r01,True,lower,member,global_debug,1,3,0.43373,-0.07271,-0.1723,0.3116,0.00736,818,822,11,238,0,0,0010,---,False,0.30705,-0.05307,0.3116,0.00736,0.60739,-0.10265,cached_path_to_final_target,w,"$1,0,0,0,0,0,0,0,0#",16000,16000,Set tank.c app_speed/duty level to the logged pwm before sending the move key/protocol command; e=stop.,0.43986,1.20072,0,0,0,2.38025,999.0,11.5665,0.43373,-0.07271,11.5665,0.4399,0.4337,0.0,0,2.3803,0,0,1.20072,0.43986,0.3116,0.2711,1,False,running
71dcfe700a,single_rectangles_physical,9,1.8,1784463800,completion_astar,finish_first,r01,r01,True,lower,member,global_debug,1,3,0.49514,-0.08333,-0.17128,0.3116,0.0051,819,821,12,232,0,0,0001,---,False,0.30708,-0.05287,0.3116,0.0051,0.68328,-0.11567,path_to_final_target,w,"$1,0,0,0,0,0,0,0,0#",16000,16000,Set tank.c app_speed/duty level to the logged pwm before sending the move key/protocol command; e=stop.,0.50218,1.36599,0,0,0,2.31885,999.0,11.50517,0.49514,-0.08333,11.5052,0.5022,0.4951,0.0,0,2.3188,0,0,1.36599,0.50218,0.3116,0.2751,1,False,running
71dcfe700a,single_rectangles_physical,10,2.0,1784464000,completion_astar,finish_first,r01,r01,True,lower,member,global_debug,1,3,0.55655,-0.09392,-0.17067,0.3116,0.00307,819,821,12,226,0,0,0001,---,False,0.3071,-0.05277,0.3116,0.00307,0.75917,-0.12871,cached_path_to_final_target,w,"$1,0,0,0,0,0,0,0,0#",16000,16000,Set tank.c app_speed/duty level to the logged pwm before sending the move key/protocol command; e=stop.,0.5645,1.53125,0,0,0,2.25743,999.0,11.44383,0.55655,-0.09392,11.4438,0.5645,0.5566,0.0,0,2.2574,0,0,1.53125,0.5645,0.3116,0.2783,1,False,running
71dcfe700a,single_rectangles_physical,11,2.2,1784464200,completion_astar,finish_first,r01,r01,True,lower,member,global_debug,1,3,0.61797,-0.10448,-0.17034,0.3116,0.00166,820,820,12,220,0,0,0001,---,False,0.3071,-0.05274,0.3116,0.00166,0.83505,-0.14175,cached_path_to_final_target,w,"$1,0,0,0,0,0,0,0,0#",16000,16000,Set tank.c app_speed/duty level to the logged pwm before sending the move key/protocol command; e=stop.,0.62682,1.69651,0,0,0,2.19601,999.0,11.38251,0.61797,-0.10448,11.3825,0.6268,0.618,0.0,0,2.196,0,0,1.69651,0.62682,0.3116,0.2809,1,False,running
71dcfe700a,single_rectangles_physical,12,2.4,1784464400,completion_astar,finish_first,r01,r01,True,lower,member,global_debug,1,3,0.67939,-0.11504,-0.17018,0.3116,0.00079,820,820,12,213,0,0,0001,---,False,0.30711,-0.05273,0.3116,0.00079,0.91094,-0.15479,cached_path_to_final_target,w,"$1,0,0,0,0,0,0,0,0#",16000,16000,Set tank.c app_speed/duty level to the logged pwm before sending the move key/protocol command; e=stop.,0.68914,1.86177,0,0,0,2.13459,999.0,11.3212,0.67939,-0.11504,11.3212,0.6891,0.6794,0.0,0,2.1346,0,0,1.86177,0.68914,0.3116,0.2831,1,False,running
71dcfe700a,single_rectangles_physical,13,2.6,1784464600,completion_astar,finish_first,r01,r01,True,lower,member,global_debug,1,3,0.74081,-0.12559,-0.17012,0.3116,0.00032,820,820,13,207,0,0,0001,---,False,0.3071,-0.05274,0.3116,0.00032,0.98683,-0.16783,path_to_final_target,w,"$1,0,0,0,0,0,0,0,0#",16000,16000,Set tank.c app_speed/duty level to the logged pwm before sending the move key/protocol command; e=stop.,0.75146,2.02702,0,0,0,2.07317,999.0,11.25989,0.74081,-0.12559,11.2599,0.7515,0.7408,0.0,0,2.0732,0,0,2.02702,0.75146,0.3116,0.2849,1,False,running
71dcfe700a,single_rectangles_physical,14,2.8,1784464800,completion_astar,finish_first,r01,r01,True,lower,member,global_debug,1,3,0.80223,-0.13614,-0.1701,0.3116,9e-05,820,820,13,201,0,0,0001,---,False,0.3071,-0.05274,0.3116,9e-05,1.06272,-0.18087,cached_path_to_final_target,w,"$1,0,0,0,0,0,0,0,0#",16000,16000,Set tank.c app_speed/duty level to the logged pwm before sending the move key/protocol command; e=stop.,0.81378,2.19227,0,0,0,2.01175,999.0,11.1986,0.80223,-0.13614,11.1986,0.8138,0.8022,0.0,0,2.0118,0,0,2.19227,0.81378,0.3116,0.2865,1,False,running
71dcfe700a,single_rectangles_physical,15,3.0,1784465000,completion_astar,finish_first,r01,r01,True,lower,member,global_debug,1,3,0.86365,-0.14669,-0.1701,0.3116,-0.0,820,820,13,195,0,0,0001,---,False,0.3071,-0.05275,0.3116,-0.0,1.1386,-0.19391,cached_path_to_final_target,w,"$1,0,0,0,0,0,0,0,0#",16000,16000,Set tank.c app_speed/duty level to the logged pwm before sending the move key/protocol command; e=stop.,0.8761,2.35752,0,0,0,1.95033,999.0,11.13732,0.86365,-0.14669,11.1373,0.8761,0.8637,0.0,0,1.9503,0,0,2.35752,0.8761,0.3116,0.2879,1,False,running
71dcfe700a,single_rectangles_physical,16,3.2,1784465200,completion_astar,finish_first,r01,r01,True,lower,member,global_debug,1,3,0.92507,-0.15723,-0.1701,0.3116,-3e-05,820,820,14,189,0,0,0000,---,False,0.3071,-0.05275,0.3116,-3e-05,1.21449,-0.20695,cached_path_to_final_target,w,"$1,0,0,0,0,0,0,0,0#",16000,16000,Set tank.c app_speed/duty level to the logged pwm before sending the move key/protocol command; e=stop.,0.93842,2.52276,0,0,0,1.88891,999.0,11.07605,0.92507,-0.15723,11.076,0.9384,0.9251,0.0,0,1.8889,0,0,2.52276,0.93842,0.3116,0.2891,1,False,running
71dcfe700a,single_rectangles_physical,17,3.4,1784465400,completion_astar,finish_first,r01,r01,True,lower,member,global_debug,1,3,0.98649,-0.16779,-0.17011,0.3116,-3e-05,820,820,14,183,0,0,0000,---,False,0.3071,-0.05275,0.3116,-3e-05,1.29038,-0.21999,path_to_final_target,w,"$1,0,0,0,0,0,0,0,0#",16000,16000,Set tank.c app_speed/duty level to the logged pwm before sending the move key/protocol command; e=stop.,1.00074,2.68801,0,0,0,1.82749,999.0,11.01479,0.98649,-0.16779,11.0148,1.0007,0.9865,0.0,0,1.8275,0,0,2.68801,1.00074,0.3116,0.2901,1,False,running
71dcfe700a,single_rectangles_physical,18,3.6,1784465600,completion_astar,finish_first,r01,r01,True,lower,member,global_debug,1,3,1.04791,-0.17834,-0.17012,0.3116,-3e-05,820,820,14,177,0,0,0000,---,False,0.3071,-0.05275,0.3116,-3e-05,1.36627,-0.23302,cached_path_to_final_target,w,"$1,0,0,0,0,0,0,0,0#",16000,16000,Set tank.c app_speed/duty level to the logged pwm before sending the move key/protocol command; e=stop.,1.06306,2.85326,0,0,0,1.76607,999.0,10.95354,1.04791,-0.17834,10.9535,1.0631,1.0479,0.0,0,1.7661,0,0,2.85326,1.06306,0.3116,0.2911,1,False,running
71dcfe700a,single_rectangles_physical,19,3.8,1784465800,completion_astar,finish_first,r01,r01,True,lower,member,global_debug,1,3,1.10933,-0.18889,-0.17012,0.3116,-2e-05,820,820,15,170,0,0,0000,---,False,0.3071,-0.05275,0.3116,-2e-05,1.44216,-0.24606,cached_path_to_final_target,w,"$1,0,0,0,0,0,0,0,0#",16000,16000,Set tank.c app_speed/duty level to the logged pwm before sending the move key/protocol command; e=stop.,1.12538,3.0185,0,0,0,1.70465,999.0,10.89231,1.10933,-0.18889,10.8923,1.1254,1.1093,0.0,0,1.7046,0,0,3.0185,1.12538,0.3116,0.2919,1,False,running
71dcfe700a,single_rectangles_physical,20,4.0,1784466000,completion_astar,finish_first,r01,r01,True,lower,member,global_debug,1,3,1.17075,-0.19944,-0.17012,0.3116,-1e-05,820,820,15,164,0,0,0000,---,False,0.3071,-0.05276,0.3116,-1e-05,1.51805,-0.2591,cached_path_to_final_target,w,"$1,0,0,0,0,0,0,0,0#",16000,16000,Set tank.c app_speed/duty level to the logged pwm before sending the move key/protocol command; e=stop.,1.1877,3.18375,0,0,0,1.64323,999.0,10.83108,1.17075,-0.19944,10.8311,1.1877,1.1708,0.0,0,1.6432,0,0,3.18375,1.1877,0.3116,0.2927,1,False,running
71dcfe700a,single_rectangles_physical,21,4.2,1784466200,completion_astar,finish_first,r01,r01,True,lower,member,global_debug,2,3,1.23217,-0.20999,-0.17012,0.3116,-1e-05,820,820,16,158,0,0,0000,---,False,0.3071,-0.05276,0.3116,-1e-05,1.59393,-0.27213,path_to_final_target,w,"$1,0,0,0,0,0,0,0,0#",16000,16000,Set tank.c app_speed/duty level to the logged pwm before sending the move key/protocol command; e=stop.,1.25002,3.349,0,0,0,1.58181,999.0,10.76987,1.23217,-0.20999,10.7699,1.25,1.2322,0.0,0,1.5818,0,0,3.349,1.25002,0.3116,0.2934,1,False,running
71dcfe700a,single_rectangles_physical,22,4.4,1784466400,completion_astar,finish_first,r01,r01,True,lower,member,global_debug,2,3,1.29359,-0.22054,-0.17012,0.3116,-0.0,820,820,16,152,0,0,0000,---,False,0.3071,-0.05276,0.3116,-0.0,1.66982,-0.28517,cached_path_to_final_target,w,"$1,0,0,0,0,0,0,0,0#",16000,16000,Set tank.c app_speed/duty level to the logged pwm before sending the move key/protocol command; e=stop.,1.31234,3.51424,0,0,0,1.52039,999.0,10.70868,1.29359,-0.22054,10.7087,1.3123,1.2936,0.0,0,1.5204,0,0,3.51424,1.31234,0.3116,0.294,1,False,running
71dcfe700a,single_rectangles_physical,23,4.6,1784466600,completion_astar,finish_first,r01,r01,True,lower,member,global_debug,2,3,1.35501,-0.23109,-0.17012,0.3116,-0.0,820,820,17,146,0,0,0000,---,False,0.3071,-0.05276,0.3116,-0.0,1.74571,-0.29821,cached_path_to_final_target,w,"$1,0,0,0,0,0,0,0,0#",16000,16000,Set tank.c app_speed/duty level to the logged pwm before sending the move key/protocol command; e=stop.,1.37466,3.67949,0,0,0,1.45897,999.0,10.64749,1.35501,-0.23109,10.6475,1.3747,1.355,0.0,0,1.459,0,0,3.67949,1.37466,0.3116,0.2946,1,False,running
71dcfe700a,single_rectangles_physical,24,4.8,1784466800,completion_astar,finish_first,r01,r01,True,lower,member,global_debug,2,3,1.41643,-0.24164,-0.17012,0.3116,-0.0,820,820,17,140,0,0,0000,---,False,0.3071,-0.05276,0.3116,-0.0,1.8216,-0.31124,cached_path_to_final_target,w,"$1,0,0,0,0,0,0,0,0#",16000,16000,Set tank.c app_speed/duty level to the logged pwm before sending the move key/protocol command; e=stop.,1.43698,3.84474,0,0,0,1.39755,999.0,10.58632,1.41643,-0.24164,10.5863,1.437,1.4164,0.0,0,1.3975,0,0,3.84474,1.43698,0.3116,0.2951,1,False,running
71dcfe700a,single_rectangles_physical,25,5.0,1784467000,completion_astar,finish_first,r01,r01,True,lower,member,global_debug,2,3,1.47785,-0.25219,-0.17012,0.3116,-0.0,820,820,18,134,0,0,0000,---,False,0.3071,-0.05276,0.3116,-0.0,1.89749,-0.32428,path_to_final_target,w,"$1,0,0,0,0,0,0,0,0#",16000,16000,Set tank.c app_speed/duty level to the logged pwm before sending the move key/protocol command; e=stop.,1.4993,4.00998,0,0,0,1.33613,999.0,10.52517,1.47785,-0.25219,10.5252,1.4993,1.4779,0.0,0,1.3361,0,0,4.00998,1.4993,0.3116,0.2956,1,False,running
71dcfe700a,single_rectangles_physical,26,5.2,1784467200,completion_astar,finish_first,r01,r01,True,lower,member,global_debug,2,3,1.53927,-0.26274,-0.17012,0.3116,-0.0,820,820,19,127,0,0,0000,---,False,0.3071,-0.05276,0.3116,-0.0,1.97338,-0.33732,cached_path_to_final_target,w,"$1,0,0,0,0,0,0,0,0#",16000,16000,Set tank.c app_speed/duty level to the logged pwm before sending the move key/protocol command; e=stop.,1.56162,4.17523,0,0,0,1.27471,999.0,10.46402,1.53927,-0.26274,10.464,1.5616,1.5393,0.0,0,1.2747,0,0,4.17523,1.56162,0.3116,0.296,1,False,running
71dcfe700a,single_rectangles_physical,27,5.4,1784467400,completion_astar,finish_first,r01,r01,True,lower,member,global_debug,2,3,1.6007,-0.2733,-0.17012,0.3116,-0.0,820,820,19,121,0,0,0000,---,False,0.3071,-0.05276,0.3116,-0.0,2.04926,-0.35035,cached_path_to_final_target,w,"$1,0,0,0,0,0,0,0,0#",16000,16000,Set tank.c app_speed/duty level to the logged pwm before sending the move key/protocol command; e=stop.,1.62394,4.34047,0,0,0,1.21329,999.0,10.4029,1.6007,-0.2733,10.4029,1.6239,1.6007,0.0,0,1.2133,0,0,4.34047,1.62394,0.3116,0.2964,1,False,running
71dcfe700a,single_rectangles_physical,28,5.6,1784467600,completion_astar,finish_first,r01,r01,True,lower,member,global_debug,2,3,1.66212,-0.28385,-0.17012,0.3116,-0.0,820,820,20,115,0,0,0000,---,False,0.3071,-0.05276,0.3116,-0.0,2.1154,-0.36171,cached_path_to_final_target,w,"$1,0,0,0,0,0,0,0,0#",16000,16000,Set tank.c app_speed/duty level to the logged pwm before sending the move key/protocol command; e=stop.,1.68626,4.50572,0,0,0,1.1519,999.0,10.34178,1.66212,-0.28385,10.3418,1.6863,1.6621,0.0,0,1.1519,0,0,4.50572,1.68626,0.3116,0.2968,1,False,running
71dcfe700a,single_rectangles_physical,29,5.8,1784467800,completion_astar,finish_first,r01,r01,True,lower,member,global_debug,2,3,1.72354,-0.2944,-0.17012,0.3116,-0.0,820,820,21,109,0,0,0000,---,False,0.3071,-0.05276,0.3116,-0.0,2.17823,-0.37251,path_to_final_target,w,"$1,0,0,0,0,0,0,0,0#",16000,16000,Set tank.c app_speed/duty level to the logged pwm before sending the move key/protocol command; e=stop.,1.74858,4.67097,0,0,0,1.0906,999.0,10.28068,1.72354,-0.2944,10.2807,1.7486,1.7235,0.0,0,1.0906,0,0,4.67097,1.74858,0.3116,0.2972,1,False,running
71dcfe700a,single_rectangles_physical,30,6.0,1784468000,completion_astar,finish_first,r01,r01,True,lower,member,global_debug,2,3,1.78496,-0.30495,-0.17012,0.3116,-0.0,820,820,22,103,0,0,0000,---,False,0.3071,-0.05276,0.3116,-0.0,2.24008,-0.38313,cached_path_to_final_target,w,"$1,0,0,0,0,0,0,0,0#",16000,16000,Set tank.c app_speed/duty level to the logged pwm before sending the move key/protocol command; e=stop.,1.8109,4.83621,0,0,0,1.02942,999.0,10.21959,1.78496,-0.30495,10.2196,1.8109,1.785,0.0,0,1.0294,0,0,4.83621,1.8109,0.3116,0.2975,1,False,running
71dcfe700a,single_rectangles_physical,31,6.2,1784468200,completion_astar,finish_first,r01,r01,True,lower,member,global_debug,2,3,1.84638,-0.3155,-0.17012,0.3116,-0.0,820,820,23,97,0,0,0000,---,False,0.3071,-0.05276,0.3116,-0.0,2.30162,-0.3937,cached_path_to_final_target,w,"$1,0,0,0,0,0,0,0,0#",16000,16000,Set tank.c app_speed/duty level to the logged pwm before sending the move key/protocol command; e=stop.,1.87322,5.00146,0,0,0,0.96837,999.0,10.15852,1.84638,-0.3155,10.1585,1.8732,1.8464,0.0,0,0.9684,0,0,5.00146,1.87322,0.3116,0.2978,1,False,running
71dcfe700a,single_rectangles_physical,32,6.4,1784468400,completion_astar,finish_first,r01,r01,True,lower,member,global_debug,2,3,1.9078,-0.32605,-0.17012,0.3116,-0.0,820,820,24,91,0,0,0000,---,False,0.3071,-0.05276,0.3116,-0.0,2.36308,-0.40426,cached_path_to_final_target,w,"$1,0,0,0,0,0,0,0,0#",16000,16000,Set tank.c app_speed/duty level to the logged pwm before sending the move key/protocol command; e=stop.,1.93554,5.16671,0,0,0,0.90747,999.0,10.09747,1.9078,-0.32605,10.0975,1.9355,1.9078,0.0,0,0.9075,0,0,5.16671,1.93554,0.3116,0.2981,1,False,running
71dcfe700a,single_rectangles_physical,33,6.6,1784468600,completion_astar,finish_first,r01,r01,True,lower,member,global_debug,2,3,1.96922,-0.3366,-0.17012,0.3116,-0.0,820,820,25,85,0,0,0000,---,False,0.3071,-0.05276,0.3116,-0.0,2.42451,-0.41481,path_to_final_target,w,"$1,0,0,0,0,0,0,0,0#",16000,16000,Set tank.c app_speed/duty level to the logged pwm before sending the move key/protocol command; e=stop.,1.99786,5.33195,0,0,0,0.84675,999.0,10.03643,1.96922,-0.3366,10.0364,1.9979,1.9692,0.0,0,0.8467,0,0,5.33195,1.99786,0.3116,0.2984,1,False,running
71dcfe700a,single_rectangles_physical,34,6.8,1784468800,completion_astar,finish_first,r01,r01,True,lower,member,global_debug,2,3,2.03064,-0.34715,-0.17012,0.3116,-0.0,820,820,26,79,0,0,0000,---,False,0.3071,-0.05276,0.3116,-0.0,2.48594,-0.42537,cached_path_to_final_target,w,"$1,0,0,0,0,0,0,0,0#",16000,16000,Set tank.c app_speed/duty level to the logged pwm before sending the move key/protocol command; e=stop.,2.06018,5.4972,0,0,0,0.78625,999.0,9.97541,2.03064,-0.34715,9.9754,2.0602,2.0306,0.0,0,0.7863,0,0,5.4972,2.06018,0.3116,0.2986,1,False,running
71dcfe700a,single_rectangles_physical,35,7.0,1784469000,completion_astar,finish_first,r01,r01,True,lower,member,global_debug,2,3,2.09206,-0.3577,-0.17012,0.3116,-0.0,820,820,28,73,0,0,0000,---,False,0.3071,-0.05276,0.3116,-0.0,2.54736,-0.43592,cached_path_to_final_target,w,"$1,0,0,0,0,0,0,0,0#",16000,16000,Set tank.c app_speed/duty level to the logged pwm before sending the move key/protocol command; e=stop.,2.1225,5.66245,0,0,0,0.72602,999.0,9.9144,2.09206,-0.3577,9.9144,2.1225,2.0921,0.0,0,0.726,0,0,5.66245,2.1225,0.3116,0.2989,1,False,running
71dcfe700a,single_rectangles_physical,36,7.2,1784469200,completion_astar,finish_first,r01,r01,True,lower,member,global_debug,2,3,2.15348,-0.36825,-0.17012,0.3116,-0.0,820,820,29,67,0,0,0000,---,False,0.3071,-0.05276,0.3116,-0.0,2.60878,-0.44647,cached_path_to_final_target,w,"$1,0,0,0,0,0,0,0,0#",16000,16000,Set tank.c app_speed/duty level to the logged pwm before sending the move key/protocol command; e=stop.,2.18482,5.82769,0,0,0,0.66612,999.0,9.85341,2.15348,-0.36825,9.8534,2.1848,2.1535,0.0,0,0.6661,0,0,5.82769,2.18482,0.3116,0.2991,1,False,running
71dcfe700a,single_rectangles_physical,37,7.4,1784469400,completion_astar,finish_first,r01,r01,True,upper,member,global_debug,2,3,2.2149,-0.37881,-0.17012,0.3116,-0.0,820,820,31,61,0,0,0000,---,False,0.3071,-0.05276,0.3116,-0.0,2.6702,-0.45702,path_to_final_target,w,"$1,0,0,0,0,0,0,0,0#",16000,16000,Set tank.c app_speed/duty level to the logged pwm before sending the move key/protocol command; e=stop.,2.24714,5.99294,0,0,0,0.60663,999.0,9.79243,2.2149,-0.37881,9.7924,2.2471,2.2149,0.0,0,0.6066,0,0,5.99294,2.24714,0.3116,0.2993,1,False,running
71dcfe700a,single_rectangles_physical,38,7.6,1784469600,completion_astar,finish_first,r01,r01,True,upper,member,global_debug,2,3,2.27632,-0.38936,-0.17012,0.3116,-0.0,820,820,33,55,0,0,0000,---,False,0.3071,-0.05276,0.3116,-0.0,2.73162,-0.46757,cached_path_to_final_target,w,"$1,0,0,0,0,0,0,0,0#",16000,16000,Set tank.c app_speed/duty level to the logged pwm before sending the move key/protocol command; e=stop.,2.30946,6.15818,0,0,0,0.54767,999.0,9.73147,2.27632,-0.38936,9.7315,2.3095,2.2763,0.0,0,0.5477,0,0,6.15818,2.30946,0.3116,0.2995,1,False,running
71dcfe700a,single_rectangles_physical,39,7.8,1784469800,completion_astar,finish_first,r01,r01,True,upper,member,global_debug,2,3,2.33774,-0.39991,-0.17012,0.3116,-0.0,820,820,35,49,0,0,0000,---,False,0.3071,-0.05276,0.3116,-0.0,2.79304,-0.47812,cached_path_to_final_target,w,"$1,0,0,0,0,0,0,0,0#",16000,16000,Set tank.c app_speed/duty level to the logged pwm before sending the move key/protocol command; e=stop.,2.37178,6.32343,0,0,0,0.48938,999.0,9.67053,2.33774,-0.39991,9.6705,2.3718,2.3377,0.0,0,0.4894,0,0,6.32343,2.37178,0.3116,0.2997,1,False,running
71dcfe700a,single_rectangles_physical,40,8.0,1784470000,completion_astar,finish_first,r01,r01,True,upper,member,global_debug,2,3,2.39916,-0.41046,-0.17012,0.3116,-0.0,820,820,37,43,0,0,0000,---,False,0.3071,-0.05276,0.3116,-0.0,2.85446,-0.48867,cached_path_to_final_target,w,"$1,0,0,0,0,0,0,0,0#",16000,16000,Set tank.c app_speed/duty level to the logged pwm before sending the move key/protocol command; e=stop.,2.4341,6.48868,0,0,0,0.43199,999.0,9.60961,2.39916,-0.41046,9.6096,2.4341,2.3992,0.0,0,0.432,0,0,6.48868,2.4341,0.3116,0.2999,1,False,running
71dcfe700a,single_rectangles_physical,41,8.2,1784470200,completion_astar,finish_first,r01,r01,True,upper,member,global_debug,2,3,2.46058,-0.42101,-0.17012,0.3116,-0.0,820,820,39,38,0,0,0000,---,False,0.3071,-0.05276,0.3116,-0.0,2.91588,-0.49922,path_to_final_target,w,"$1,0,0,0,0,0,0,0,0#",16000,16000,Set tank.c app_speed/duty level to the logged pwm before sending the move key/protocol command; e=stop.,2.49642,6.65392,0,0,0,0.37581,999.0,9.54871,2.46058,-0.42101,9.5487,2.4964,2.4606,0.0,0,0.3758,0,0,6.65392,2.49642,0.3116,0.3001,1,False,running
71dcfe700a,single_rectangles_physical,42,8.4,1784470400,completion_astar,finish_first,r01,r01,True,upper,member,global_debug,2,3,2.50803,-0.44052,-0.39012,0.25654,-1.1,907,444,55,34,0,0,0000,---,False,0.20656,-0.31277,0.25654,-1.1,2.9773,-0.50978,cached_path_to_final_target,d,"$4,0,0,0,0,0,0,0,0#",18000,9000,Set tank.c app_speed/duty level to the logged pwm before sending the move key/protocol command; e=stop.,2.54773,6.80546,0,0,0,0.3376,999.0,9.50219,2.50803,-0.44052,9.5022,2.5477,2.508,0.0,0,0.3376,0,0,6.80546,2.54773,0.2565,0.2986,1,False,running
71dcfe700a,single_rectangles_physical,43,8.6,1784470600,completion_astar,finish_first,r01,r01,True,upper,member,global_debug,2,3,2.5571,-0.48193,-0.70092,0.321,-1.55396,1000,518,77,31,0,0,0000,---,False,0.2212,-0.30614,0.321,-1.55396,3.03018,-0.51896,cached_path_to_final_target,d,"$4,0,0,0,0,0,0,0,0#",20000,10000,Set tank.c app_speed/duty level to the logged pwm before sending the move key/protocol command; e=stop.,2.61193,6.96824,0,0,0,0.31109,999.0,9.45519,2.5571,-0.48193,9.4552,2.6119,2.5571,0.0,0,0.3111,0,0,6.96824,2.61193,0.321,0.2973,1,False,running
71dcfe700a,single_rectangles_physical,44,8.8,1784470800,completion_astar,finish_first,r01,r01,True,upper,member,global_debug,2,3,2.60925,-0.53507,-0.79478,0.3723,-0.46929,1000,881,88,30,0,0,0000,---,False,0.24391,-0.28825,0.3723,-0.46929,3.08338,-0.51978,cached_path_to_final_target,d,"$4,0,0,0,0,0,0,0,0#",20000,18000,Set tank.c app_speed/duty level to the logged pwm before sending the move key/protocol command; e=stop.,2.68639,7.17278,0,0,0,0.29805,999.0,9.40598,2.60925,-0.53507,9.406,2.6864,2.6093,0.0,0,0.298,0,0,7.17278,2.68639,0.3723,0.2965,1,False,running
71dcfe700a,single_rectangles_physical,45,9.0,1784471000,completion_astar,finish_first,r01,r01,True,upper,member,global_debug,2,3,2.65042,-0.56759,-0.66863,0.2623,0.63071,557,823,84,29,0,0,0000,---,False,0.31146,0.00929,0.2623,0.63071,3.13703,-0.51933,path_to_final_target,a,"$3,0,0,0,0,0,0,0,0#",11000,16000,Set tank.c app_speed/duty level to the logged pwm before sending the move key/protocol command; e=stop.,2.73885,7.33163,0,0,0,0.29024,999.0,9.3668,2.65042,-0.56759,9.3668,2.7388,2.6504,0.0,0,0.2902,0,0,7.33163,2.73885,0.2623,0.2945,1,False,running
71dcfe700a,single_rectangles_physical,46,9.2,1784471200,completion_astar,finish_first,r01,r01,True,upper,member,global_debug,2,3,2.70752,-0.61537,-0.69675,0.3723,-0.1406,1000,950,91,29,0,0,0000,---,False,0.28597,-0.25024,0.3723,-0.1406,3.18184,-0.53907,cached_path_to_final_target,w,"$1,0,0,0,0,0,0,0,0#",20000,19000,Set tank.c app_speed/duty level to the logged pwm before sending the move key/protocol command; e=stop.,2.81331,7.54463,0,0,0,0.29024,999.0,9.31283,2.70752,-0.61537,9.3128,2.8133,2.7075,0.0,0,0.2902,0,0,7.54463,2.81331,0.3723,0.2943,1,False,running
71dcfe700a,single_rectangles_physical,47,9.4,1784471400,completion_astar,finish_first,r01,r01,True,upper,member,global_debug,2,3,2.76716,-0.66231,-0.66677,0.37946,0.14992,967,1000,95,31,0,0,0000,---,False,0.30407,-0.22791,0.37946,0.14992,3.23508,-0.57411,cached_path_to_final_target,w,"$1,0,0,0,0,0,0,0,0#",19000,20000,Set tank.c app_speed/duty level to the logged pwm before sending the move key/protocol command; e=stop.,2.8892,7.74632,0,0,0,0.29024,999.0,9.25656,2.76716,-0.66231,9.2566,2.8892,2.7672,0.0,0,0.2902,0,0,7.74632,2.8892,0.3795,0.2944,1,False,running
71dcfe700a,single_rectangles_physical,48,9.6,1784471600,completion_astar,finish_first,r01,r01,True,upper,member,global_debug,2,3,2.82906,-0.70578,-0.61226,0.3782,0.27255,938,1000,97,33,0,0,0000,---,False,0.32004,-0.20488,0.3782,0.27255,3.29256,-0.6131,cached_path_to_final_target,w,"$1,0,0,0,0,0,0,0,0#",19000,20000,Set tank.c app_speed/duty level to the logged pwm before sending the move key/protocol command; e=stop.,2.96484,7.94296,0,0,0,0.29024,999.0,9.19806,2.82906,-0.70578,9.1981,2.9648,2.8291,0.0,0,0.2902,0,0,7.94296,2.96484,0.3782,0.2947,1,False,running
71dcfe700a,single_rectangles_physical,49,9.8,1784471800,completion_astar,finish_first,r01,r01,True,upper,member,global_debug,2,3,2.89331,-0.74563,-0.55513,0.37802,0.28565,935,1000,99,36,0,0,0000,---,False,0.3316,-0.18559,0.37802,0.28565,3.34038,-0.67346,path_to_final_target,w,"$1,0,0,0,0,0,0,0,0#",19000,20000,Set tank.c app_speed/duty level to the logged pwm before sending the move key/protocol command; e=stop.,3.04045,8.13812,0,0,0,0.29024,999.0,9.13716,2.89331,-0.74563,9.1372,3.0404,2.8933,0.0,0,0.2902,0,0,8.13812,3.04045,0.378,0.2952,1,False,running
71dcfe700a,single_rectangles_physical,50,10.0,1784472000,completion_astar,finish_first,r01,r01,True,upper,member,global_debug,2,3,2.95978,-0.78159,-0.49591,0.37788,0.29607,932,1000,101,40,0,0,0000,---,False,0.34227,-0.16508,0.37788,0.29607,3.3997,-0.72255,cached_path_to_final_target,w,"$1,0,0,0,0,0,0,0,0#",19000,20000,Set tank.c app_speed/duty level to the logged pwm before sending the move key/protocol command; e=stop.,3.11602,8.33295,0,0,0,0.29024,999.0,9.07394,2.95978,-0.78159,9.0739,3.116,2.9598,0.0,0,0.2902,0,0,8.33295,3.11602,0.3779,0.296,1,False,running
71dcfe700a,single_rectangles_physical,51,10.2,1784472200,completion_astar,finish_first,r01,r01,True,upper,member,global_debug,2,3,3.02829,-0.81346,-0.43548,0.37779,0.3022,931,1000,103,43,0,0,0000,---,False,0.35176,-0.14376,0.37779,0.3022,3.46502,-0.76333,cached_path_to_final_target,w,"$1,0,0,0,0,0,0,0,0#",19000,20000,Set tank.c app_speed/duty level to the logged pwm before sending the move key/protocol command; e=stop.,3.19158,8.52763,0,0,0,0.29024,999.0,9.00851,3.02829,-0.81346,9.0085,3.1916,3.0283,0.0,0,0.2902,0,0,8.52763,3.19158,0.3778,0.2969,1,False,running
71dcfe700a,single_rectangles_physical,52,10.4,1784472400,completion_astar,finish_first,r01,r01,True,upper,member,global_debug,2,3,3.0986,-0.84112,-0.37482,0.37777,0.30329,930,1000,105,46,0,0,0000,---,False,0.35984,-0.12211,0.37777,0.30329,3.53384,-0.79785,cached_path_to_final_target,w,"$1,0,0,0,0,0,0,0,0#",19000,20000,Set tank.c app_speed/duty level to the logged pwm before sending the move key/protocol command; e=stop.,3.26713,8.72215,0,0,0,0.29024,999.0,8.94105,3.0986,-0.84112,8.9411,3.2671,3.0986,0.0,0,0.2902,0,0,8.72215,3.26713,0.3778,0.2979,1,False,running
71dcfe700a,single_rectangles_physical,53,10.6,1784472600,completion_astar,finish_first,r01,r01,True,upper,member,global_debug,2,3,3.17045,-0.8645,-0.31457,0.3778,0.30125,931,1000,106,48,0,0,0000,---,False,0.36651,-0.10034,0.3778,0.30125,3.60527,-0.82662,path_to_final_target,w,"$1,0,0,0,0,0,0,0,0#",19000,20000,Set tank.c app_speed/duty level to the logged pwm before sending the move key/protocol command; e=stop.,3.34269,8.91678,0,0,0,0.29024,999.0,8.87177,3.17045,-0.8645,8.8718,3.3427,3.1705,0.0,0,0.2902,0,0,8.91678,3.34269,0.3778,0.2991,1,False,running
71dcfe700a,single_rectangles_physical,54,10.8,1784472800,completion_astar,finish_first,r01,r01,True,upper,member,global_debug,2,3,3.24357,-0.88361,-0.2556,0.3779,0.29481,932,1000,107,50,0,0,0000,---,False,0.37171,-0.07895,0.3779,0.29481,3.67818,-0.85136,cached_path_to_final_target,w,"$1,0,0,0,0,0,0,0,0#",19000,20000,Set tank.c app_speed/duty level to the logged pwm before sending the move key/protocol command; e=stop.,3.41827,9.11157,0,0,0,0.29024,999.0,8.8009,3.24357,-0.88361,8.8009,3.4183,3.2436,0.0,0,0.2902,0,0,9.11157,3.41827,0.3779,0.3003,1,False,running
71dcfe700a,single_rectangles_physical,55,11.0,1784473000,completion_astar,finish_first,r01,r01,True,upper,member,global_debug,2,3,3.3177,-0.8985,-0.19827,0.37801,0.28666,934,1000,109,51,0,0,0000,---,False,0.37555,-0.058,0.37801,0.28666,3.75238,-0.87194,cached_path_to_final_target,w,"$1,0,0,0,0,0,0,0,0#",19000,20000,Set tank.c app_speed/duty level to the logged pwm before sending the move key/protocol command; e=stop.,3.49387,9.30657,0,0,0,0.29024,999.0,8.72867,3.3177,-0.8985,8.7287,3.4939,3.3177,0.0,0,0.2902,0,0,9.30657,3.49387,0.378,0.3016,1,False,running
71dcfe700a,single_rectangles_physical,56,11.2,1784473200,completion_astar,finish_first,r01,r01,True,upper,member,global_debug,2,3,3.39255,-0.90926,-0.1427,0.37813,0.27785,937,1000,110,52,0,0,0000,---,False,0.37814,-0.03757,0.37813,0.27785,3.82761,-0.88836,cached_path_to_final_target,w,"$1,0,0,0,0,0,0,0,0#",19000,20000,Set tank.c app_speed/duty level to the logged pwm before sending the move key/protocol command; e=stop.,3.5695,9.50188,0,0,0,0.29024,999.0,8.65534,3.39255,-0.90926,8.6553,3.5695,3.3926,0.0,0,0.2902,0,0,9.50188,3.5695,0.3781,0.3029,1,False,running
71dcfe700a,single_rectangles_physical,57,11.4,1784473400,completion_astar,finish_first,r01,r01,True,upper,member,global_debug,2,3,3.46787,-0.91557,-0.0836,0.37789,0.29553,932,1000,111,53,0,0,0000,---,False,0.37974,-0.01412,0.37789,0.29553,3.90455,-0.8854,path_to_final_target,w,"$1,0,0,0,0,0,0,0,0#",19000,20000,Set tank.c app_speed/duty level to the logged pwm before sending the move key/protocol command; e=stop.,3.64508,9.69679,0,0,0,0.29024,999.0,8.58112,3.46787,-0.91557,8.5811,3.6451,3.4679,0.0,0,0.2902,0,0,9.69679,3.64508,0.3779,0.3042,1,False,running
71dcfe700a,single_rectangles_physical,58,11.6,1784473600,completion_astar,finish_first,r01,r01,True,upper,member,global_debug,2,3,3.54344,-0.91755,-0.02614,0.378,0.28729,934,1000,112,54,0,0,0000,---,False,0.37993,0.00722,0.378,0.28729,3.97994,-0.88441,cached_path_to_final_target,w,"$1,0,0,0,0,0,0,0,0#",19000,20000,Set tank.c app_speed/duty level to the logged pwm before sending the move key/protocol command; e=stop.,3.72068,9.89179,0,0,0,0.29024,999.0,8.50619,3.54344,-0.91755,8.5062,3.7207,3.5434,0.0,0,0.2902,0,0,9.89179,3.72068,0.378,0.3055,1,False,running
71dcfe700a,single_rectangles_physical,59,11.8,1784473800,completion_astar,finish_first,r01,r01,True,upper,member,global_debug,2,3,3.61914,-0.91586,0.02227,0.37858,0.24204,945,1000,113,55,0,0,0000,---,False,0.37931,0.0229,0.37858,0.24204,4.0553,-0.90025,cached_path_to_final_target,w,"$1,0,0,0,0,0,0,0,0#",19000,20000,Set tank.c app_speed/duty level to the logged pwm before sending the move key/protocol command; e=stop.,3.79639,10.08831,0,0,0,0.29024,999.0,8.43076,3.61914,-0.91586,8.4308,3.7964,3.6191,0.0,0,0.2902,0,0,10.08831,3.79639,0.3786,0.3067,1,False,running
71dcfe700a,single_rectangles_physical,60,12.0,1784474000,completion_astar,finish_first,r01,r01,True,upper,member,global_debug,3,3,3.6947,-0.91068,0.06844,0.37871,0.23086,948,1000,115,56,0,0,0000,---,False,0.37792,0.03972,0.37871,0.23086,4.13217,-0.90471,cached_path_to_final_target,w,"$1,0,0,0,0,0,0,0,0#",19000,20000,Set tank.c app_speed/duty level to the logged pwm before sending the move key/protocol command; e=stop.,3.87214,10.28474,0,0,0,0.29024,999.0,8.35508,3.6947,-0.91068,8.3551,3.8721,3.6947,0.0,0,0.2902,0,0,10.28474,3.87214,0.3787,0.3079,1,False,running
71dcfe700a,single_rectangles_physical,61,12.2,1784474200,completion_astar,finish_first,r01,r01,True,upper,member,global_debug,3,3,3.76988,-0.90177,0.11801,0.37851,0.24785,944,1000,116,58,0,0,0000,---,False,0.37533,0.0594,0.37851,0.24785,4.20782,-0.89038,path_to_final_target,w,"$1,0,0,0,0,0,0,0,0#",19000,20000,Set tank.c app_speed/duty level to the logged pwm before sending the move key/protocol command; e=stop.,3.94784,10.48084,0,0,0,0.29024,999.0,8.27938,3.76988,-0.90177,8.2794,3.9478,3.7699,0.0,0,0.2902,0,0,10.48084,3.94784,0.3785,0.309,1,False,running
71dcfe700a,single_rectangles_physical,62,12.4,1784474400,completion_astar,finish_first,r01,r01,True,upper,member,global_debug,3,3,3.84469,-0.88967,0.16032,0.37892,0.21153,953,1000,117,61,0,0,0000,---,False,0.3729,0.07309,0.37892,0.21153,4.28469,-0.89487,cached_path_to_final_target,w,"$1,0,0,0,0,0,0,0,0#",19000,20000,Set tank.c app_speed/duty level to the logged pwm before sending the move key/protocol command; e=stop.,4.02362,10.67805,0,0,0,0.29024,999.0,8.20369,3.84469,-0.88967,8.2037,4.0236,3.8447,0.0,0,0.2902,0,0,10.67805,4.02362,0.3789,0.3101,1,False,running
71dcfe700a,single_rectangles_physical,63,12.6,1784474600,completion_astar,finish_first,r01,r01,True,upper,member,global_debug,3,3,3.91897,-0.87456,0.20066,0.37901,0.20173,955,1000,118,64,0,0,0000,---,False,0.36979,0.08751,0.37901,0.20173,4.36155,-0.89017,cached_path_to_final_target,w,"$1,0,0,0,0,0,0,0,0#",19000,20000,Set tank.c app_speed/duty level to the logged pwm before sending the move key/protocol command; e=stop.,4.09943,10.87517,0,0,0,0.29024,999.0,8.12821,3.91897,-0.87456,8.1282,4.0994,3.919,0.0,0,0.2902,0,0,10.87517,4.09943,0.379,0.311,1,False,running
71dcfe700a,single_rectangles_physical,64,12.8,1784474800,completion_astar,finish_first,r01,r01,True,upper,member,global_debug,3,3,3.99262,-0.85656,0.23974,0.37908,0.1954,956,1000,119,67,0,0,0000,---,False,0.36619,0.10152,0.37908,0.1954,4.43744,-0.88115,cached_path_to_final_target,w,"$1,0,0,0,0,0,0,0,0#",19000,20000,Set tank.c app_speed/duty level to the logged pwm before sending the move key/protocol command; e=stop.,4.17524,11.07236,0,0,0,0.29024,999.0,8.05306,3.99262,-0.85656,8.0531,4.1752,3.9926,0.0,0,0.2902,0,0,11.07236,4.17524,0.3791,0.3119,1,False,running
71dcfe700a,single_rectangles_physical,65,13.0,1784475000,completion_astar,finish_first,r01,r01,True,upper,member,global_debug,3,3,4.06551,-0.8357,0.27865,0.37908,0.19456,957,1000,120,70,0,0,0000,---,False,0.36198,0.11564,0.37908,0.19456,4.51176,-0.86562,path_to_final_target,w,"$1,0,0,0,0,0,0,0,0#",19000,20000,Set tank.c app_speed/duty level to the logged pwm before sending the move key/protocol command; e=stop.,4.25106,11.26958,0,0,0,0.29024,999.0,7.97838,4.06551,-0.8357,7.9784,4.2511,4.0655,0.0,0,0.2902,0,0,11.26958,4.25106,0.3791,0.3127,1,False,running
71dcfe700a,single_rectangles_physical,66,13.2,1784475200,completion_astar,finish_first,r01,r01,True,upper,member,global_debug,3,3,4.13757,-0.8121,0.31654,0.37913,0.18943,958,1000,121,74,0,0,0000,---,False,0.35744,0.12898,0.37913,0.18943,4.58507,-0.84769,cached_path_to_final_target,w,"$1,0,0,0,0,0,0,0,0#",19000,20000,Set tank.c app_speed/duty level to the logged pwm before sending the move key/protocol command; e=stop.,4.32688,11.46696,0,0,0,0.29024,999.0,7.90426,4.13757,-0.8121,7.9043,4.3269,4.1376,0.0,0,0.2902,0,0,11.46696,4.32688,0.3791,0.3135,1,False,running
71dcfe700a,single_rectangles_physical,67,13.4,1784475400,completion_astar,finish_first,r01,r01,True,upper,member,global_debug,3,3,4.20873,-0.78587,0.35312,0.37919,0.18289,959,1000,122,78,0,0,0000,---,False,0.35263,0.14161,0.37919,0.18289,4.65749,-0.8273,cached_path_to_final_target,w,"$1,0,0,0,0,0,0,0,0#",19000,20000,Set tank.c app_speed/duty level to the logged pwm before sending the move key/protocol command; e=stop.,4.40272,11.66444,0,0,0,0.29024,999.0,7.83081,4.20873,-0.78587,7.8308,4.4027,4.2087,0.0,0,0.2902,0,0,11.66444,4.40272,0.3792,0.3141,1,False,running
71dcfe700a,single_rectangles_physical,68,13.6,1784475600,completion_astar,finish_first,r01,r01,True,upper,member,global_debug,3,3,4.27893,-0.75715,0.38832,0.37925,0.17601,961,1000,123,83,0,0,0000,---,False,0.34759,0.15355,0.37925,0.17601,4.72901,-0.80455,cached_path_to_final_target,w,"$1,0,0,0,0,0,0,0,0#",19000,20000,Set tank.c app_speed/duty level to the logged pwm before sending the move key/protocol command; e=stop.,4.47857,11.86213,0,0,0,0.29024,999.0,7.75811,4.27893,-0.75715,7.7581,4.4786,4.2789,0.0,0,0.2902,0,0,11.86213,4.47857,0.3792,0.3146,1,False,running
71dcfe700a,single_rectangles_physical,69,13.8,1784475800,completion_astar,finish_first,r01,r01,True,upper,member,global_debug,3,3,4.3342,-0.74575,0.20353,0.28218,-0.92399,937,548,135,87,0,0,0000,---,False,0.31121,-0.01549,0.28218,-0.92399,4.79948,-0.78307,path_to_final_target,d,"$4,0,0,0,0,0,0,0,0#",19000,11000,Set tank.c app_speed/duty level to the logged pwm before sending the move key/protocol command; e=stop.,4.53501,12.03053,0,0,0,0.29024,999.0,7.70199,4.3342,-0.74575,7.702,4.535,4.3342,0.0,0,0.2902,0,0,12.03053,4.53501,0.2822,0.3141,1,False,running
71dcfe700a,single_rectangles_physical,70,14.0,1784476000,completion_astar,finish_first,r01,r01,True,upper,member,global_debug,3,3,4.39447,-0.74189,0.06385,0.30196,-0.69836,942,648,144,92,0,0,0000,---,False,0.31127,-0.01429,0.30196,-0.69836,4.85927,-0.76986,cached_path_to_final_target,d,"$4,0,0,0,0,0,0,0,0#",19000,13000,Set tank.c app_speed/duty level to the logged pwm before sending the move key/protocol command; e=stop.,4.5954,12.19457,0,0,0,0.29024,999.0,7.64163,4.39447,-0.74189,7.6416,4.5954,4.3945,0.0,0,0.2902,0,0,12.19457,4.5954,0.302,0.3139,1,False,running
71dcfe700a,single_rectangles_physical,71,14.2,1784476200,completion_astar,finish_first,r01,r01,True,upper,member,global_debug,3,3,4.45644,-0.7416,0.00479,0.30987,-0.29534,878,753,149,98,0,0,0000,---,False,0.31133,-0.01297,0.30987,-0.29534,4.91937,-0.76375,cached_path_to_final_target,d,"$4,0,0,0,0,0,0,0,0#",18000,15000,Set tank.c app_speed/duty level to the logged pwm before sending the move key/protocol command; e=stop.,4.65737,12.36358,0,0,0,0.29024,999.0,7.57992,4.45644,-0.7416,7.5799,4.6574,4.4564,0.0,0,0.2902,0,0,12.36358,4.65737,0.3099,0.3138,1,False,running
71dcfe700a,single_rectangles_physical,72,14.4,1784476400,completion_astar,finish_first,r01,r01,True,upper,member,global_debug,3,3,4.51869,-0.74282,-0.01962,0.3113,-0.12205,845,794,152,103,0,0,0000,---,False,0.31137,-0.01209,0.3113,-0.12205,4.98078,-0.76195,cached_path_to_final_target,w,"$1,0,0,0,0,0,0,0,0#",17000,16000,Set tank.c app_speed/duty level to the logged pwm before sending the move key/protocol command; e=stop.,4.71963,12.53057,0,0,0,0.29024,999.0,7.5181,4.51869,-0.74282,7.5181,4.7196,4.5187,0.0,0,0.2902,0,0,12.53057,4.71963,0.3113,0.3138,1,False,running
71dcfe700a,single_rectangles_physical,73,14.6,1784476600,completion_astar,finish_first,r01,r01,True,upper,member,global_debug,3,3,4.58097,-0.74469,-0.02997,0.31155,-0.05174,831,809,153,109,0,0,0000,---,False,0.31137,-0.01187,0.31155,-0.05174,5.04275,-0.7628,path_to_final_target,w,"$1,0,0,0,0,0,0,0,0#",17000,16000,Set tank.c app_speed/duty level to the logged pwm before sending the move key/protocol command; e=stop.,4.78194,12.69654,0,0,0,0.29024,999.0,7.45631,4.58097,-0.74469,7.4563,4.7819,4.581,0.0,0,0.2902,0,0,12.69654,4.78194,0.3115,0.3138,1,False,running
71dcfe700a,single_rectangles_physical,74,14.8,1784476800,completion_astar,finish_first,r01,r01,True,upper,member,global_debug,3,3,4.64325,-0.74682,-0.03425,0.31159,-0.02139,824,815,51,109,0,0,0000,---,False,0.31138,-0.01172,0.31159,-0.02139,5.10494,-0.7644,cached_path_to_final_target,w,"$1,0,0,0,0,0,0,0,0#",16000,16000,Set tank.c app_speed/duty level to the logged pwm before sending the move key/protocol command; e=stop.,4.84426,12.86199,0,0,0,0.29024,999.0,7.39456,4.64325,-0.74682,7.3946,4.8443,4.6433,0.0,0,0.2902,0,0,12.86199,4.84426,0.3116,0.3137,1,False,running
71dcfe700a,single_rectangles_physical,75,15.0,1784477000,completion_astar,finish_first,r01,r01,True,upper,member,global_debug,3,3,4.70553,-0.74906,-0.03598,0.3116,-0.00867,822,818,52,106,0,0,0000,---,False,0.31138,-0.01163,0.3116,-0.00867,5.1672,-0.7664,cached_path_to_final_target,w,"$1,0,0,0,0,0,0,0,0#",16000,16000,Set tank.c app_speed/duty level to the logged pwm before sending the move key/protocol command; e=stop.,4.90658,13.02737,0,0,0,0.29024,999.0,7.33283,4.70553,-0.74906,7.3328,4.9066,4.7055,0.0,0,0.2902,0,0,13.02737,4.90658,0.3116,0.3137,1,False,running
71dcfe700a,single_rectangles_physical,76,15.2,1784477200,completion_astar,finish_first,r01,r01,True,upper,member,global_debug,3,3,4.76781,-0.75135,-0.03667,0.3116,-0.00346,821,819,54,103,0,0,0000,---,False,0.31138,-0.01159,0.3116,-0.00346,5.22947,-0.76857,cached_path_to_final_target,w,"$1,0,0,0,0,0,0,0,0#",16000,16000,Set tank.c app_speed/duty level to the logged pwm before sending the move key/protocol command; e=stop.,4.9689,13.19266,0,0,0,0.29024,999.0,7.27111,4.76781,-0.75135,7.2711,4.9689,4.7678,0.0,0,0.2902,0,0,13.19266,4.9689,0.3116,0.3137,1,False,running
71dcfe700a,single_rectangles_physical,77,15.4,1784477400,completion_astar,finish_first,r01,r01,True,upper,member,global_debug,3,3,4.83009,-0.75365,-0.03695,0.3116,-0.00136,820,820,56,100,0,0,0000,---,False,0.31138,-0.01158,0.3116,-0.00136,5.29174,-0.77082,path_to_final_target,w,"$1,0,0,0,0,0,0,0,0#",16000,16000,Set tank.c app_speed/duty level to the logged pwm before sending the move key/protocol command; e=stop.,5.03122,13.35793,0,0,0,0.29024,999.0,7.20941,4.83009,-0.75365,7.2094,5.0312,4.8301,0.0,0,0.2902,0,0,13.35793,5.03122,0.3116,0.3136,1,False,running
71dcfe700a,single_rectangles_physical,78,15.6,1784477600,completion_astar,finish_first,r01,r01,True,upper,member,global_debug,3,3,4.89237,-0.75596,-0.03705,0.3116,-0.00053,820,820,58,97,0,0,0000,---,False,0.31139,-0.01157,0.3116,-0.00053,5.35402,-0.77311,cached_path_to_final_target,w,"$1,0,0,0,0,0,0,0,0#",16000,16000,Set tank.c app_speed/duty level to the logged pwm before sending the move key/protocol command; e=stop.,5.09354,13.52319,0,0,0,0.29024,999.0,7.14772,4.89237,-0.75596,7.1477,5.0935,4.8924,0.0,0,0.2902,0,0,13.52319,5.09354,0.3116,0.3136,1,False,running
71dcfe700a,single_rectangles_physical,79,15.8,1784477800,completion_astar,finish_first,r01,r01,True,upper,member,global_debug,3,3,4.95464,-0.75827,-0.03709,0.3116,-0.0002,820,820,60,95,0,0,0000,---,False,0.31139,-0.01157,0.3116,-0.0002,5.4163,-0.77542,cached_path_to_final_target,w,"$1,0,0,0,0,0,0,0,0#",16000,16000,Set tank.c app_speed/duty level to the logged pwm before sending the move key/protocol command; e=stop.,5.15586,13.68844,0,0,0,0.29024,999.0,7.08604,4.95464,-0.75827,7.086,5.1559,4.9546,0.0,0,0.2902,0,0,13.68844,5.15586,0.3116,0.3136,1,False,running
71dcfe700a,single_rectangles_physical,80,16.0,1784478000,completion_astar,finish_first,r01,r01,True,upper,member,global_debug,3,3,5.01692,-0.76058,-0.03711,0.3116,-8e-05,820,820,63,93,0,0,0000,---,False,0.31139,-0.01156,0.3116,-8e-05,5.47857,-0.77773,cached_path_to_final_target,w,"$1,0,0,0,0,0,0,0,0#",16000,16000,Set tank.c app_speed/duty level to the logged pwm before sending the move key/protocol command; e=stop.,5.21818,13.85368,0,0,0,0.29024,999.0,7.02438,5.01692,-0.76058,7.0244,5.2182,5.0169,0.0,0,0.2902,0,0,13.85368,5.21818,0.3116,0.3136,1,False,running
71dcfe700a,single_rectangles_physical,81,16.2,1784478200,completion_astar,finish_first,r01,r01,True,upper,member,global_debug,3,3,5.0792,-0.76289,-0.03711,0.3116,-3e-05,820,820,65,91,0,0,0000,---,False,0.31139,-0.01156,0.3116,-3e-05,5.54085,-0.78004,path_to_final_target,w,"$1,0,0,0,0,0,0,0,0#",16000,16000,Set tank.c app_speed/duty level to the logged pwm before sending the move key/protocol command; e=stop.,5.2805,14.01893,0,0,0,0.29024,999.0,6.96272,5.0792,-0.76289,6.9627,5.2805,5.0792,0.0,0,0.2902,0,0,14.01893,5.2805,0.3116,0.3135,1,False,running
71dcfe700a,single_rectangles_physical,82,16.4,1784478400,completion_astar,finish_first,r01,r01,True,upper,member,global_debug,3,3,5.14147,-0.76521,-0.03712,0.3116,-1e-05,820,820,67,90,0,0,0000,---,False,0.31139,-0.01156,0.3116,-1e-05,5.60313,-0.78235,cached_path_to_final_target,w,"$1,0,0,0,0,0,0,0,0#",16000,16000,Set tank.c app_speed/duty level to the logged pwm before sending the move key/protocol command; e=stop.,5.34282,14.18418,0,0,0,0.29024,999.0,6.90108,5.14147,-0.76521,6.9011,5.3428,5.1415,0.0,0,0.2902,0,0,14.18418,5.34282,0.3116,0.3135,1,False,running
71dcfe700a,single_rectangles_physical,83,16.6,1784478600,completion_astar,finish_first,r01,r01,True,upper,member,global_debug,3,3,5.20375,-0.76752,-0.03712,0.3116,-0.0,820,820,70,89,0,0,0000,---,False,0.31139,-0.01156,0.3116,-0.0,5.66541,-0.78466,cached_path_to_final_target,w,"$1,0,0,0,0,0,0,0,0#",16000,16000,Set tank.c app_speed/duty level to the logged pwm before sending the move key/protocol command; e=stop.,5.40514,14.34942,0,0,0,0.29024,999.0,6.83945,5.20375,-0.76752,6.8394,5.4051,5.2038,0.0,0,0.2902,0,0,14.34942,5.40514,0.3116,0.3135,1,False,running
71dcfe700a,single_rectangles_physical,84,16.8,1784478800,completion_astar,finish_first,r01,r01,True,upper,member,global_debug,3,3,5.26603,-0.76983,-0.03712,0.3116,-0.0,820,820,73,89,0,0,0000,---,False,0.31139,-0.01156,0.3116,-0.0,5.72768,-0.78697,cached_path_to_final_target,w,"$1,0,0,0,0,0,0,0,0#",16000,16000,Set tank.c app_speed/duty level to the logged pwm before sending the move key/protocol command; e=stop.,5.46746,14.51467,0,0,0,0.29024,999.0,6.77783,5.26603,-0.76983,6.7778,5.4675,5.266,0.0,0,0.2902,0,0,14.51467,5.46746,0.3116,0.3135,1,False,running
71dcfe700a,single_rectangles_physical,85,17.0,1784479000,completion_astar,finish_first,r01,r01,True,upper,member,global_debug,3,3,5.32831,-0.77214,-0.03712,0.3116,-0.0,820,820,75,89,0,0,0000,---,False,0.31139,-0.01156,0.3116,-0.0,5.78996,-0.78929,path_to_final_target,w,"$1,0,0,0,0,0,0,0,0#",16000,16000,Set tank.c app_speed/duty level to the logged pwm before sending the move key/protocol command; e=stop.,5.52978,14.67992,0,0,0,0.29024,999.0,6.71623,5.32831,-0.77214,6.7162,5.5298,5.3283,0.0,0,0.2902,0,0,14.67992,5.52978,0.3116,0.3134,1,False,running
71dcfe700a,single_rectangles_physical,86,17.2,1784479200,completion_astar,finish_first,r01,r01,True,upper,member,global_debug,3,3,5.39058,-0.77446,-0.03712,0.3116,-0.0,820,820,78,89,0,0,0000,---,False,0.31139,-0.01156,0.3116,-0.0,5.85224,-0.7916,cached_path_to_final_target,w,"$1,0,0,0,0,0,0,0,0#",16000,16000,Set tank.c app_speed/duty level to the logged pwm before sending the move key/protocol command; e=stop.,5.5921,14.84516,0,0,0,0.29024,999.0,6.65464,5.39058,-0.77446,6.6546,5.5921,5.3906,0.0,0,0.2902,0,0,14.84516,5.5921,0.3116,0.3134,1,False,running
71dcfe700a,single_rectangles_physical,87,17.4,1784479400,completion_astar,finish_first,r01,r01,True,upper,member,global_debug,3,3,5.45286,-0.77677,-0.03712,0.3116,-0.0,820,820,81,89,0,0,0000,---,False,0.31139,-0.01156,0.3116,-0.0,5.91451,-0.79391,cached_path_to_final_target,w,"$1,0,0,0,0,0,0,0,0#",16000,16000,Set tank.c app_speed/duty level to the logged pwm before sending the move key/protocol command; e=stop.,5.65442,15.01041,0,0,0,0.29024,999.0,6.59306,5.45286,-0.77677,6.5931,5.6544,5.4529,0.0,0,0.2902,0,0,15.01041,5.65442,0.3116,0.3134,1,False,running
71dcfe700a,single_rectangles_physical,88,17.6,1784479600,completion_astar,finish_first,r01,r01,True,upper,member,global_debug,3,3,5.51514,-0.77908,-0.03712,0.3116,-0.0,820,820,84,89,0,0,0000,---,False,0.31139,-0.01156,0.3116,-0.0,5.97679,-0.79622,cached_path_to_final_target,w,"$1,0,0,0,0,0,0,0,0#",16000,16000,Set tank.c app_speed/duty level to the logged pwm before sending the move key/protocol command; e=stop.,5.71674,15.17566,0,0,0,0.29024,999.0,6.53149,5.51514,-0.77908,6.5315,5.7167,5.5151,0.0,0,0.2902,0,0,15.17566,5.71674,0.3116,0.3134,1,False,running
71dcfe700a,single_rectangles_physical,89,17.8,1784479800,completion_astar,finish_first,r01,r01,True,upper,member,global_debug,3,3,5.57741,-0.78139,-0.03712,0.3116,-0.0,820,820,86,90,0,0,0000,---,False,0.31139,-0.01156,0.3116,-0.0,6.03907,-0.79854,path_to_final_target,w,"$1,0,0,0,0,0,0,0,0#",16000,16000,Set tank.c app_speed/duty level to the logged pwm before sending the move key/protocol command; e=stop.,5.77906,15.3409,0,0,0,0.29024,999.0,6.46994,5.57741,-0.78139,6.4699,5.7791,5.5774,0.0,0,0.2902,0,0,15.3409,5.77906,0.3116,0.3133,1,False,running
71dcfe700a,single_rectangles_physical,90,18.0,1784480000,completion_astar,finish_first,r01,r01,True,upper,member,global_debug,3,3,5.63969,-0.78371,-0.03712,0.3116,-0.0,820,820,89,90,0,0,0000,---,False,0.31139,-0.01156,0.3116,-0.0,6.10134,-0.80085,cached_path_to_final_target,w,"$1,0,0,0,0,0,0,0,0#",16000,16000,Set tank.c app_speed/duty level to the logged pwm before sending the move key/protocol command; e=stop.,5.84138,15.50615,0,0,0,0.29024,999.0,6.40841,5.63969,-0.78371,6.4084,5.8414,5.6397,0.0,0,0.2902,0,0,15.50615,5.84138,0.3116,0.3133,1,False,running
71dcfe700a,single_rectangles_physical,91,18.2,1784480200,completion_astar,finish_first,r01,r01,True,upper,member,global_debug,3,3,5.70197,-0.78602,-0.03712,0.3116,-0.0,820,820,92,90,0,0,0000,---,False,0.31139,-0.01156,0.3116,-0.0,6.16362,-0.80316,cached_path_to_final_target,w,"$1,0,0,0,0,0,0,0,0#",16000,16000,Set tank.c app_speed/duty level to the logged pwm before sending the move key/protocol command; e=stop.,5.9037,15.6714,0,0,0,0.29024,999.0,6.34689,5.70197,-0.78602,6.3469,5.9037,5.702,0.0,0,0.2902,0,0,15.6714,5.9037,0.3116,0.3133,1,False,running
71dcfe700a,single_rectangles_physical,92,18.4,1784480400,completion_astar,finish_first,r01,r01,True,upper,member,global_debug,3,3,5.76425,-0.78833,-0.03712,0.3116,-0.0,820,820,95,90,0,0,0000,---,False,0.31139,-0.01156,0.3116,-0.0,6.2259,-0.80548,cached_path_to_final_target,w,"$1,0,0,0,0,0,0,0,0#",16000,16000,Set tank.c app_speed/duty level to the logged pwm before sending the move key/protocol command; e=stop.,5.96602,15.83664,0,0,0,0.29024,999.0,6.28539,5.76425,-0.78833,6.2854,5.966,5.7642,0.0,0,0.2902,0,0,15.83664,5.96602,0.3116,0.3133,1,False,running
71dcfe700a,single_rectangles_physical,93,18.6,1784480600,completion_astar,finish_first,r01,r01,True,upper,member,global_debug,3,3,5.82652,-0.79064,-0.03712,0.3116,-0.0,820,820,98,90,0,0,0000,---,False,0.31139,-0.01156,0.3116,-0.0,6.28818,-0.80779,path_to_final_target,w,"$1,0,0,0,0,0,0,0,0#",16000,16000,Set tank.c app_speed/duty level to the logged pwm before sending the move key/protocol command; e=stop.,6.02834,16.00189,0,0,0,0.29024,999.0,6.2239,5.82652,-0.79064,6.2239,6.0283,5.8265,0.0,0,0.2902,0,0,16.00189,6.02834,0.3116,0.3133,1,False,running
71dcfe700a,single_rectangles_physical,94,18.8,1784480800,completion_astar,finish_first,r01,r01,True,upper,member,global_debug,3,3,5.8888,-0.79296,-0.03712,0.3116,-0.0,820,820,101,91,0,0,0000,---,False,0.31139,-0.01156,0.3116,-0.0,6.35045,-0.8101,cached_path_to_final_target,w,"$1,0,0,0,0,0,0,0,0#",16000,16000,Set tank.c app_speed/duty level to the logged pwm before sending the move key/protocol command; e=stop.,6.09066,16.16713,0,0,0,0.29024,999.0,6.16243,5.8888,-0.79296,6.1624,6.0907,5.8888,0.0,0,0.2902,0,0,16.16713,6.09066,0.3116,0.3132,1,False,running
71dcfe700a,single_rectangles_physical,95,19.0,1784481000,completion_astar,finish_first,r01,r01,True,upper,member,global_debug,3,3,5.95108,-0.79527,-0.03712,0.3116,-0.0,820,820,104,91,0,0,0000,---,False,0.31139,-0.01156,0.3116,-0.0,6.41273,-0.81241,cached_path_to_final_target,w,"$1,0,0,0,0,0,0,0,0#",16000,16000,Set tank.c app_speed/duty level to the logged pwm before sending the move key/protocol command; e=stop.,6.15298,16.33238,0,0,0,0.29024,999.0,6.10098,5.95108,-0.79527,6.101,6.153,5.9511,0.0,0,0.2902,0,0,16.33238,6.15298,0.3116,0.3132,1,False,running
71dcfe700a,single_rectangles_physical,96,19.2,1784481200,completion_astar,finish_first,r01,r01,True,upper,member,global_debug,3,3,6.01335,-0.79758,-0.03712,0.3116,-0.0,820,820,106,91,0,0,0000,---,False,0.31139,-0.01156,0.3116,-0.0,6.47501,-0.81473,cached_path_to_final_target,w,"$1,0,0,0,0,0,0,0,0#",16000,16000,Set tank.c app_speed/duty level to the logged pwm before sending the move key/protocol command; e=stop.,6.2153,16.49763,0,0,0,0.29024,999.0,6.03954,6.01335,-0.79758,6.0395,6.2153,6.0134,0.0,0,0.2902,0,0,16.49763,6.2153,0.3116,0.3132,1,False,running
71dcfe700a,single_rectangles_physical,97,19.4,1784481400,completion_astar,finish_first,r01,r01,True,upper,member,global_debug,3,3,6.07563,-0.7999,-0.03712,0.3116,-0.0,820,820,109,91,0,0,0000,---,False,0.31139,-0.01156,0.3116,-0.0,6.53728,-0.81704,path_to_final_target,w,"$1,0,0,0,0,0,0,0,0#",16000,16000,Set tank.c app_speed/duty level to the logged pwm before sending the move key/protocol command; e=stop.,6.27762,16.66287,0,0,0,0.29024,999.0,5.97813,6.07563,-0.7999,5.9781,6.2776,6.0756,0.0,0,0.2902,0,0,16.66287,6.27762,0.3116,0.3132,1,False,running
71dcfe700a,single_rectangles_physical,98,19.6,1784481600,completion_astar,finish_first,r01,r01,True,upper,member,global_debug,3,3,6.13791,-0.80221,-0.03712,0.3116,-0.0,820,820,111,92,0,0,0000,---,False,0.31139,-0.01156,0.3116,-0.0,6.59956,-0.81935,cached_path_to_final_target,w,"$1,0,0,0,0,0,0,0,0#",16000,16000,Set tank.c app_speed/duty level to the logged pwm before sending the move key/protocol command; e=stop.,6.33994,16.82812,0,0,0,0.29024,999.0,5.91673,6.13791,-0.80221,5.9167,6.3399,6.1379,0.0,0,0.2902,0,0,16.82812,6.33994,0.3116,0.3132,1,False,running
71dcfe700a,single_rectangles_physical,99,19.8,1784481800,completion_astar,finish_first,r01,r01,True,upper,member,global_debug,3,3,6.20019,-0.80452,-0.03712,0.3116,-0.0,820,820,114,93,0,0,0000,---,False,0.31139,-0.01156,0.3116,-0.0,6.66184,-0.82166,cached_path_to_final_target,w,"$1,0,0,0,0,0,0,0,0#",16000,16000,Set tank.c app_speed/duty level to the logged pwm before sending the move key/protocol command; e=stop.,6.40226,16.99337,0,0,0,0.29024,999.0,5.85535,6.20019,-0.80452,5.8553,6.4023,6.2002,0.0,0,0.2902,0,0,16.99337,6.40226,0.3116,0.3131,1,False,running
71dcfe700a,single_rectangles_physical,100,20.0,1784482000,completion_astar,finish_first,r01,r01,True,upper,member,global_debug,3,3,6.26246,-0.80683,-0.03712,0.3116,-0.0,820,820,116,94,0,0,0000,---,False,0.31139,-0.01156,0.3116,-0.0,6.72412,-0.82398,cached_path_to_final_target,w,"$1,0,0,0,0,0,0,0,0#",16000,16000,Set tank.c app_speed/duty level to the logged pwm before sending the move key/protocol command; e=stop.,6.46458,17.15861,0,0,0,0.29024,999.0,5.79399,6.26246,-0.80683,5.794,6.4646,6.2625,0.0,0,0.2902,0,0,17.15861,6.46458,0.3116,0.3131,1,False,running
71dcfe700a,single_rectangles_physical,101,20.2,1784482200,completion_astar,finish_first,r01,r01,True,upper,member,global_debug,3,3,6.32474,-0.80915,-0.03712,0.3116,-0.0,820,820,119,96,0,0,0000,---,False,0.31139,-0.01156,0.3116,-0.0,6.78639,-0.82629,path_to_final_target,w,"$1,0,0,0,0,0,0,0,0#",16000,16000,Set tank.c app_speed/duty level to the logged pwm before sending the move key/protocol command; e=stop.,6.5269,17.32386,0,0,0,0.29024,999.0,5.73265,6.32474,-0.80915,5.7327,6.5269,6.3247,0.0,0,0.2902,0,0,17.32386,6.5269,0.3116,0.3131,1,False,running
71dcfe700a,single_rectangles_physical,102,20.4,1784482400,completion_astar,finish_first,r01,r01,True,upper,member,global_debug,3,3,6.38702,-0.81146,-0.03712,0.3116,-0.0,820,820,121,98,0,0,0000,---,False,0.31139,-0.01156,0.3116,-0.0,6.84867,-0.8286,cached_path_to_final_target,w,"$1,0,0,0,0,0,0,0,0#",16000,16000,Set tank.c app_speed/duty level to the logged pwm before sending the move key/protocol command; e=stop.,6.58922,17.48911,0,0,0,0.29024,999.0,5.67134,6.38702,-0.81146,5.6713,6.5892,6.387,0.0,0,0.2902,0,0,17.48911,6.58922,0.3116,0.3131,1,False,running
71dcfe700a,single_rectangles_physical,103,20.6,1784482600,completion_astar,finish_first,r01,r01,True,upper,member,global_debug,3,3,6.44929,-0.81377,-0.03712,0.3116,-0.0,820,820,123,100,0,0,0000,---,False,0.31139,-0.01156,0.3116,-0.0,6.91095,-0.83091,cached_path_to_final_target,w,"$1,0,0,0,0,0,0,0,0#",16000,16000,Set tank.c app_speed/duty level to the logged pwm before sending the move key/protocol command; e=stop.,6.65154,17.65435,0,0,0,0.29024,999.0,5.61004,6.44929,-0.81377,5.61,6.6515,6.4493,0.0,0,0.2902,0,0,17.65435,6.65154,0.3116,0.3131,1,False,running
71dcfe700a,single_rectangles_physical,104,20.8,1784482800,completion_astar,finish_first,r01,r01,True,upper,member,global_debug,3,3,6.51157,-0.81608,-0.03712,0.3116,-0.0,820,820,125,103,0,0,0000,---,False,0.31139,-0.01156,0.3116,-0.0,6.97322,-0.83323,cached_path_to_final_target,w,"$1,0,0,0,0,0,0,0,0#",16000,16000,Set tank.c app_speed/duty level to the logged pwm before sending the move key/protocol command; e=stop.,6.71386,17.8196,0,0,0,0.29024,999.0,5.54877,6.51157,-0.81608,5.5488,6.7139,6.5116,0.0,0,0.2902,0,0,17.8196,6.71386,0.3116,0.3131,1,False,running
71dcfe700a,single_rectangles_physical,105,21.0,1784483000,completion_astar,finish_first,r01,r01,True,upper,member,global_debug,3,3,6.57385,-0.8184,-0.03712,0.3116,-0.0,820,820,127,106,0,0,0000,---,False,0.31139,-0.01156,0.3116,-0.0,7.0355,-0.83554,path_to_final_target,w,"$1,0,0,0,0,0,0,0,0#",16000,16000,Set tank.c app_speed/duty level to the logged pwm before sending the move key/protocol command; e=stop.,6.77618,17.98485,0,0,0,0.29024,999.0,5.48752,6.57385,-0.8184,5.4875,6.7762,6.5738,0.0,0,0.2902,0,0,17.98485,6.77618,0.3116,0.313,1,False,running
71dcfe700a,single_rectangles_physical,106,21.2,1784483200,completion_astar,finish_first,r01,r01,True,upper,member,global_debug,3,3,6.63612,-0.82071,-0.03712,0.3116,-0.0,820,820,17,104,0,0,0000,---,False,0.31139,-0.01156,0.3116,-0.0,7.09778,-0.83785,cached_path_to_final_target,w,"$1,0,0,0,0,0,0,0,0#",16000,16000,Set tank.c app_speed/duty level to the logged pwm before sending the move key/protocol command; e=stop.,6.8385,18.15009,0,0,0,0.29024,999.0,5.4263,6.63612,-0.82071,5.4263,6.8385,6.6361,0.0,0,0.2902,0,0,18.15009,6.8385,0.3116,0.313,1,False,running
71dcfe700a,single_rectangles_physical,107,21.4,1784483400,completion_astar,finish_first,r01,r01,True,upper,member,global_debug,3,3,6.6984,-0.82302,-0.03712,0.3116,-0.0,820,820,18,98,0,0,0000,---,False,0.31139,-0.01156,0.3116,-0.0,7.16005,-0.84016,cached_path_to_final_target,w,"$1,0,0,0,0,0,0,0,0#",16000,16000,Set tank.c app_speed/duty level to the logged pwm before sending the move key/protocol command; e=stop.,6.90082,18.31534,0,0,0,0.29024,999.0,5.3651,6.6984,-0.82302,5.3651,6.9008,6.6984,0.0,0,0.2902,0,0,18.31534,6.90082,0.3116,0.313,1,False,running
71dcfe700a,single_rectangles_physical,108,21.6,1784483600,completion_astar,finish_first,r01,r01,True,upper,member,global_debug,3,3,6.76068,-0.82533,-0.03712,0.3116,0.0,820,820,19,92,0,0,0000,---,False,0.31139,-0.01156,0.3116,0.0,7.22233,-0.84248,cached_path_to_final_target,w,"$1,0,0,0,0,0,0,0,0#",16000,16000,Set tank.c app_speed/duty level to the logged pwm before sending the move key/protocol command; e=stop.,6.96314,18.48058,0,0,0,0.29024,999.0,5.30393,6.76068,-0.82533,5.3039,6.9631,6.7607,0.0,0,0.2902,0,0,18.48058,6.96314,0.3116,0.313,1,False,running
71dcfe700a,single_rectangles_physical,109,21.8,1784483800,completion_astar,finish_first,r01,r01,True,upper,member,global_debug,3,3,6.82296,-0.82758,-0.03604,0.3116,0.00539,819,821,20,86,0,0,0000,---,False,0.31141,-0.01096,0.3116,0.00539,7.28465,-0.84378,path_to_final_target,w,"$1,0,0,0,0,0,0,0,0#",16000,16000,Set tank.c app_speed/duty level to the logged pwm before sending the move key/protocol command; e=stop.,7.02546,18.64588,0,0,0,0.29024,999.0,5.24277,6.82296,-0.82758,5.2428,7.0255,6.823,0.0,0,0.2902,0,0,18.64588,7.02546,0.3116,0.313,1,False,running
71dcfe700a,single_rectangles_physical,110,22.0,1784484000,completion_astar,finish_first,r01,r01,True,upper,member,global_debug,3,3,6.88524,-0.82978,-0.03524,0.3116,0.00401,819,821,21,80,0,0,0000,---,False,0.31141,-0.01078,0.3116,0.00401,7.34694,-0.84572,cached_path_to_final_target,w,"$1,0,0,0,0,0,0,0,0#",16000,16000,Set tank.c app_speed/duty level to the logged pwm before sending the move key/protocol command; e=stop.,7.08778,18.81115,0,0,0,0.29024,999.0,5.18163,6.88524,-0.82978,5.1816,7.0878,6.8852,0.0,0,0.2902,0,0,18.81115,7.08778,0.3116,0.313,1,False,running
71dcfe700a,single_rectangles_physical,111,22.2,1784484200,completion_astar,finish_first,r01,r01,True,upper,member,global_debug,3,3,6.94752,-0.83194,-0.03479,0.3116,0.00224,820,820,22,74,0,0,0000,---,False,0.31142,-0.01073,0.3116,0.00224,7.40922,-0.84783,cached_path_to_final_target,w,"$1,0,0,0,0,0,0,0,0#",16000,16000,Set tank.c app_speed/duty level to the logged pwm before sending the move key/protocol command; e=stop.,7.1501,18.97641,0,0,0,0.29024,999.0,5.12051,6.94752,-0.83194,5.1205,7.1501,6.9475,0.0,0,0.2902,0,0,18.97641,7.1501,0.3116,0.313,1,False,running
71dcfe700a,single_rectangles_physical,112,22.4,1784484400,completion_astar,finish_first,r01,r01,True,upper,member,global_debug,3,3,7.0098,-0.8341,-0.03457,0.3116,0.00111,820,820,23,68,0,0,0000,---,False,0.31142,-0.01071,0.3116,0.00111,7.4715,-0.84997,cached_path_to_final_target,w,"$1,0,0,0,0,0,0,0,0#",16000,16000,Set tank.c app_speed/duty level to the logged pwm before sending the move key/protocol command; e=stop.,7.21242,19.14167,0,0,0,0.29024,999.0,5.05942,7.0098,-0.8341,5.0594,7.2124,7.0098,0.0,0,0.2902,0,0,19.14167,7.21242,0.3116,0.3129,1,False,running
71dcfe700a,single_rectangles_physical,113,22.6,1784484600,completion_astar,finish_first,r01,r01,True,upper,member,global_debug,3,3,7.07208,-0.83632,-0.03574,0.3116,-0.00586,821,819,24,62,0,0,0000,---,False,0.31139,-0.01142,0.3116,-0.00586,7.53374,-0.85331,path_to_final_target,w,"$1,0,0,0,0,0,0,0,0#",16000,16000,Set tank.c app_speed/duty level to the logged pwm before sending the move key/protocol command; e=stop.,7.27474,19.30698,0,0,0,0.29024,999.0,4.99838,7.07208,-0.83632,4.9984,7.2747,7.0721,0.0,0,0.2902,0,0,19.30698,7.27474,0.3116,0.3129,1,False,running
71dcfe700a,single_rectangles_physical,114,22.8,1784484800,completion_astar,finish_first,r01,r01,True,upper,member,global_debug,3,3,7.13436,-0.83861,-0.03665,0.3116,-0.00454,821,819,26,56,0,0,0000,---,False,0.31138,-0.01164,0.3116,-0.00454,7.59601,-0.85591,cached_path_to_final_target,w,"$1,0,0,0,0,0,0,0,0#",16000,16000,Set tank.c app_speed/duty level to the logged pwm before sending the move key/protocol command; e=stop.,7.33706,19.47224,0,0,0,0.29024,999.0,4.93738,7.13436,-0.83861,4.9374,7.3371,7.1344,0.0,0,0.2902,0,0,19.47224,7.33706,0.3116,0.3129,1,False,running
71dcfe700a,single_rectangles_physical,115,23.0,1784485000,completion_astar,finish_first,r01,r01,True,upper,member,global_debug,3,3,7.19664,-0.84092,-0.03717,0.3116,-0.0026,821,819,27,50,0,0,0000,---,False,0.31138,-0.01171,0.3116,-0.0026,7.65828,-0.8583,cached_path_to_final_target,w,"$1,0,0,0,0,0,0,0,0#",16000,16000,Set tank.c app_speed/duty level to the logged pwm before sending the move key/protocol command; e=stop.,7.39938,19.63751,0,0,0,0.29024,999.0,4.87642,7.19664,-0.84092,4.8764,7.3994,7.1966,0.0,0,0.2902,0,0,19.63751,7.39938,0.3116,0.3129,1,False,running
71dcfe700a,single_rectangles_physical,116,23.2,1784485200,completion_astar,finish_first,r01,r01,True,upper,member,global_debug,3,3,7.25892,-0.84325,-0.03743,0.3116,-0.00132,820,820,29,44,0,0,0000,---,False,0.31138,-0.01173,0.3116,-0.00132,7.72056,-0.86065,cached_path_to_final_target,w,"$1,0,0,0,0,0,0,0,0#",16000,16000,Set tank.c app_speed/duty level to the logged pwm before sending the move key/protocol command; e=stop.,7.4617,19.80277,0,0,0,0.29024,999.0,4.81549,7.25892,-0.84325,4.8155,7.4617,7.2589,0.0,0,0.2902,0,0,19.80277,7.4617,0.3116,0.3129,1,False,running
71dcfe700a,single_rectangles_physical,117,23.4,1784485400,completion_astar,finish_first,r01,r01,True,upper,member,global_debug,3,3,7.3212,-0.8455,-0.03601,0.3116,0.00711,819,821,31,39,0,0,0000,---,False,0.31141,-0.01087,0.3116,0.00711,7.78289,-0.86155,path_to_final_target,w,"$1,0,0,0,0,0,0,0,0#",16000,16000,Set tank.c app_speed/duty level to the logged pwm before sending the move key/protocol command; e=stop.,7.52402,19.9681,0,0,0,0.29024,999.0,4.75459,7.3212,-0.8455,4.7546,7.524,7.3212,0.0,0,0.2902,0,0,19.9681,7.52402,0.3116,0.3129,1,False,running
71dcfe700a,single_rectangles_physical,118,23.6,1784485600,completion_astar,finish_first,r01,r01,True,upper,member,global_debug,3,3,7.38348,-0.84767,-0.0349,0.3116,0.00553,819,821,33,33,0,0,0000,---,False,0.31142,-0.0106,0.3116,0.00553,7.84518,-0.86334,cached_path_to_final_target,w,"$1,0,0,0,0,0,0,0,0#",16000,16000,Set tank.c app_speed/duty level to the logged pwm before sending the move key/protocol command; e=stop.,7.58634,20.13336,0,0,0,0.29024,999.0,4.6937,7.38348,-0.84767,4.6937,7.5863,7.3835,0.0,0,0.2902,0,0,20.13336,7.58634,0.3116,0.3129,1,False,running
71dcfe700a,single_rectangles_physical,119,23.8,1784485800,completion_astar,finish_first,r01,r01,True,upper,member,global_debug,3,3,7.44576,-0.84981,-0.03427,0.3116,0.00318,819,821,35,28,0,0,0000,---,False,0.31142,-0.01052,0.3116,0.00318,7.90747,-0.86537,cached_path_to_final_target,w,"$1,0,0,0,0,0,0,0,0#",16000,16000,Set tank.c app_speed/duty level to the logged pwm before sending the move key/protocol command; e=stop.,7.64866,20.29863,0,0,0,0.27673,999.0,4.63285,7.44576,-0.84981,4.6328,7.6487,7.4458,0.0,0,0.2767,0,0,20.29863,7.64866,0.3116,0.3128,1,False,running
71dcfe700a,single_rectangles_physical,120,24.0,1784486000,completion_astar,finish_first,r01,r01,True,upper,member,global_debug,3,3,7.50804,-0.85192,-0.03394,0.3116,0.00163,820,820,38,23,0,0,0000,---,False,0.31142,-0.01049,0.3116,0.00163,7.96975,-0.86747,cached_path_to_final_target,w,"$1,0,0,0,0,0,0,0,0#",16000,16000,Set tank.c app_speed/duty level to the logged pwm before sending the move key/protocol command; e=stop.,7.71098,20.46389,0,0,0,0.22674,999.0,4.57203,7.50804,-0.85192,4.572,7.711,7.508,0.0,0,0.2267,0,0,20.46389,7.71098,0.3116,0.3128,1,False,running
71dcfe700a,single_rectangles_physical,121,24.2,1784486200,completion_astar,finish_first,r01,r01,True,upper,member,global_debug,3,3,7.57033,-0.85403,-0.03378,0.3116,0.00079,820,820,41,18,0,0,0000,---,False,0.31142,-0.01049,0.3116,0.00079,8.03204,-0.86957,path_to_final_target,w,"$1,0,0,0,0,0,0,0,0#",16000,16000,Set tank.c app_speed/duty level to the logged pwm before sending the move key/protocol command; e=stop.,7.7733,20.62915,0,0,0,0.18153,999.0,4.51125,7.57033,-0.85403,4.5112,7.7733,7.5703,0.0,0,0.1815,0,0,20.62915,7.7733,0.3116,0.3128,1,False,running
71dcfe700a,single_rectangles_physical,122,24.4,1784486400,completion_astar,finish_first,r01,r01,True,upper,member,global_debug,2,3,7.63261,-0.85613,-0.03371,0.3116,0.00037,820,820,45,14,0,0,0000,---,False,0.31142,-0.01048,0.3116,0.00037,8.09432,-0.87167,cached_path_to_final_target,w,"$1,0,0,0,0,0,0,0,0#",16000,16000,Set tank.c app_speed/duty level to the logged pwm before sending the move key/protocol command; e=stop.,7.83562,20.7944,0,0,0,0.14364,999.0,4.45051,7.63261,-0.85613,4.4505,7.8356,7.6326,0.0,0,0.1436,0,0,20.7944,7.83562,0.3116,0.3128,1,False,running
71dcfe700a,single_rectangles_physical,123,24.6,1784486600,completion_astar,finish_first,r01,r01,True,upper,member,global_debug,2,3,7.6949,-0.85823,-0.03368,0.3116,0.00017,820,820,49,12,0,0,0000,---,False,0.31142,-0.01048,0.3116,0.00017,8.15661,-0.87377,cached_path_to_final_target,w,"$1,0,0,0,0,0,0,0,0#",16000,16000,Set tank.c app_speed/duty level to the logged pwm before sending the move key/protocol command; e=stop.,7.89794,20.95965,0,0,0,0.11676,999.0,4.38981,7.6949,-0.85823,4.3898,7.8979,7.6949,0.0,0,0.1168,0,0,20.95965,7.89794,0.3116,0.3128,1,False,running
71dcfe700a,single_rectangles_physical,124,24.8,1784486800,completion_astar,finish_first,r01,r01,True,upper,member,global_debug,2,3,7.75718,-0.86032,-0.03366,0.3116,8e-05,820,820,54,11,0,0,0000,---,False,0.31142,-0.01048,0.3116,8e-05,8.21889,-0.87587,cached_path_to_final_target,w,"$1,0,0,0,0,0,0,0,0#",16000,16000,Set tank.c app_speed/duty level to the logged pwm before sending the move key/protocol command; e=stop.,7.96026,21.12489,0,0,0,0.10504,999.0,4.32916,7.75718,-0.86032,4.3292,7.9603,7.7572,0.0,0,0.105,0,0,21.12489,7.96026,0.3116,0.3128,1,False,running
71dcfe700a,single_rectangles_physical,125,25.0,1784487000,completion_astar,finish_first,r01,r01,True,upper,member,global_debug,2,3,7.81948,-0.8618,-0.02369,0.31155,0.04988,809,830,59,11,0,0,0000,---,False,0.31156,-0.00494,0.31155,0.04988,8.28138,-0.86863,path_to_final_target,w,"$1,0,0,0,0,0,0,0,0#",16000,17000,Set tank.c app_speed/duty level to the logged pwm before sending the move key/protocol command; e=stop.,8.02257,21.29054,0,0,0,0.10504,999.0,4.26843,7.81948,-0.8618,4.2684,8.0226,7.8195,0.0,0,0.105,0,0,21.29054,8.02257,0.3116,0.3128,1,False,running
71dcfe700a,single_rectangles_physical,126,25.2,1784487200,completion_astar,finish_first,r01,r01,True,upper,member,global_debug,2,3,7.88178,-0.86282,-0.01636,0.31157,0.03665,812,828,65,11,0,0,0000,---,False,0.31158,-0.0033,0.31157,0.03665,8.34373,-0.86736,cached_path_to_final_target,w,"$1,0,0,0,0,0,0,0,0#",16000,17000,Set tank.c app_speed/duty level to the logged pwm before sending the move key/protocol command; e=stop.,8.08488,21.45592,0,0,0,0.10504,999.0,4.20763,7.88178,-0.86282,4.2076,8.0849,7.8818,0.0,0,0.105,0,0,21.45592,8.08488,0.3116,0.3128,1,False,running
71dcfe700a,single_rectangles_physical,127,25.4,1784487400,completion_astar,finish_first,r01,r01,True,upper,member,global_debug,2,3,7.9441,-0.86359,-0.01232,0.31159,0.0202,816,824,71,11,0,0,0000,---,False,0.31159,-0.00285,0.31159,0.0202,8.40605,-0.86761,cached_path_to_final_target,w,"$1,0,0,0,0,0,0,0,0#",16000,16000,Set tank.c app_speed/duty level to the logged pwm before sending the move key/protocol command; e=stop.,8.1472,21.62133,0,0,0,0.10504,999.0,4.14682,7.9441,-0.86359,4.1468,8.1472,7.9441,0.0,0,0.105,0,0,21.62133,8.1472,0.3116,0.3128,1,False,running
71dcfe700a,single_rectangles_physical,128,25.6,1784487600,completion_astar,finish_first,r01,r01,True,upper,member,global_debug,2,3,8.00641,-0.86423,-0.01034,0.3116,0.00989,818,822,79,11,0,0,0000,---,False,0.31159,-0.00274,0.3116,0.00989,8.46837,-0.86819,cached_path_to_final_target,w,"$1,0,0,0,0,0,0,0,0#",16000,16000,Set tank.c app_speed/duty level to the logged pwm before sending the move key/protocol command; e=stop.,8.20952,21.78668,0,0,0,0.10504,999.0,4.08603,8.00641,-0.86423,4.086,8.2095,8.0064,0.0,0,0.105,0,0,21.78668,8.20952,0.3116,0.3128,1,False,running
71dcfe700a,single_rectangles_physical,129,25.8,1784487800,completion_astar,finish_first,r01,r01,True,upper,member,global_debug,2,3,8.06873,-0.86482,-0.00943,0.3116,0.00455,819,821,87,11,0,0,0000,---,False,0.31159,-0.00272,0.3116,0.00455,8.53068,-0.8688,path_to_final_target,w,"$1,0,0,0,0,0,0,0,0#",16000,16000,Set tank.c app_speed/duty level to the logged pwm before sending the move key/protocol command; e=stop.,8.27184,21.95198,0,0,0,0.10504,999.0,4.02527,8.06873,-0.86482,4.0253,8.2718,8.0687,0.0,0,0.105,0,0,21.95198,8.27184,0.3116,0.3127,1,False,running
71dcfe700a,single_rectangles_physical,130,26.0,1784488000,completion_astar,finish_first,r01,r01,True,upper,member,global_debug,2,3,8.1419,-0.87522,-0.14126,0.36952,-0.65916,1000,834,103,12,0,0,0000,---,False,0.36867,-0.09211,0.36952,-0.65916,8.593,-0.86939,cached_path_to_final_target,d,"$4,0,0,0,0,0,0,0,0#",20000,17000,Set tank.c app_speed/duty level to the logged pwm before sending the move key/protocol command; e=stop.,8.34574,22.14813,0,0,0,0.10504,999.0,3.95613,8.1419,-0.87522,3.9561,8.3457,8.1419,0.0,0,0.105,0,0,22.14813,8.34574,0.3695,0.3131,1,False,running
71dcfe700a,single_rectangles_physical,131,26.2,1784488200,completion_astar,finish_first,r01,r01,True,upper,member,global_debug,2,3,8.21719,-0.88551,-0.13578,0.37998,0.02739,994,1000,112,13,0,0,0000,---,False,0.37672,-0.04982,0.37998,0.02739,8.66292,-0.87507,cached_path_to_final_target,w,"$1,0,0,0,0,0,0,0,0#",20000,20000,Set tank.c app_speed/duty level to the logged pwm before sending the move key/protocol command; e=stop.,8.42174,22.35676,0,0,0,0.10504,999.0,3.88507,8.21719,-0.88551,3.8851,8.4217,8.2172,0.0,0,0.105,0,0,22.35676,8.42174,0.38,0.3136,1,False,running
71dcfe700a,single_rectangles_physical,132,26.4,1784488400,completion_astar,finish_first,r01,r01,True,upper,member,global_debug,2,3,8.29252,-0.89104,-0.07328,0.37764,0.31249,928,1000,116,14,0,0,0000,---,False,0.37989,-0.00919,0.37764,0.31249,8.73661,-0.88209,cached_path_to_final_target,w,"$1,0,0,0,0,0,0,0,0#",19000,20000,Set tank.c app_speed/duty level to the logged pwm before sending the move key/protocol command; e=stop.,8.49727,22.5541,0,0,0,0.10504,999.0,3.81305,8.29252,-0.89104,3.8131,8.4973,8.2925,0.0,0,0.105,0,0,22.5541,8.49727,0.3776,0.3141,1,False,running
71dcfe700a,single_rectangles_physical,133,26.6,1784488600,completion_astar,finish_first,r01,r01,True,upper,member,global_debug,2,3,8.36722,-0.88887,0.02901,0.37368,0.51149,876,1000,118,13,0,0,0000,---,False,0.37773,0.04149,0.37368,0.51149,8.79232,-0.82893,path_to_final_target,a,"$3,0,0,0,0,0,0,0,0#",18000,20000,Set tank.c app_speed/duty level to the logged pwm before sending the move key/protocol command; e=stop.,8.572,22.74551,0,0,0,0.10504,999.0,3.73994,8.36722,-0.88887,3.7399,8.572,8.3672,0.0,0,0.105,0,0,22.74551,8.572,0.3737,0.3146,1,False,running
71dcfe700a,single_rectangles_physical,134,26.8,1784488800,completion_astar,finish_first,r01,r01,True,upper,member,global_debug,2,3,8.44118,-0.87882,0.13516,0.37319,0.53074,870,1000,119,12,0,0,0000,---,False,0.37096,0.08239,0.37319,0.53074,8.86122,-0.79456,cached_path_to_final_target,a,"$3,0,0,0,0,0,0,0,0#",17000,20000,Set tank.c app_speed/duty level to the logged pwm before sending the move key/protocol command; e=stop.,8.64664,22.93423,0,0,0,0.10504,999.0,3.66572,8.44118,-0.87882,3.6657,8.6466,8.4412,0.0,0,0.105,0,0,22.93423,8.64664,0.3732,0.315,1,False,running
71dcfe700a,single_rectangles_physical,135,27.0,1784489000,completion_astar,finish_first,r01,r01,True,upper,member,global_debug,2,3,8.51392,-0.86139,0.23509,0.37397,0.49964,879,1000,120,12,0,0,0000,---,False,0.36147,0.11722,0.37397,0.49964,8.9323,-0.76496,cached_path_to_final_target,a,"$3,0,0,0,0,0,0,0,0#",18000,20000,Set tank.c app_speed/duty level to the logged pwm before sending the move key/protocol command; e=stop.,8.72144,23.124,0,0,0,0.10504,999.0,3.59093,8.51392,-0.86139,3.5909,8.7214,8.5139,0.0,0,0.105,0,0,23.124,8.72144,0.374,0.3153,1,False,running
71dcfe700a,single_rectangles_physical,136,27.2,1784489200,completion_astar,finish_first,r01,r01,True,center,member,global_debug,2,3,8.58505,-0.83749,0.32417,0.3752,0.44539,894,1000,121,14,0,0,0000,---,False,0.35086,0.14593,0.3752,0.44539,9.00592,-0.74238,cached_path_to_final_target,a,"$3,0,0,0,0,0,0,0,0#",18000,20000,Set tank.c app_speed/duty level to the logged pwm before sending the move key/protocol command; e=stop.,8.79648,23.31554,0,0,0,0.10504,999.0,3.51615,8.58505,-0.83749,3.5161,8.7965,8.585,0.0,0,0.105,0,0,23.31554,8.79648,0.3752,0.3156,1,False,running
71dcfe700a,single_rectangles_physical,137,27.4,1784489400,completion_astar,finish_first,r01,r01,True,center,member,global_debug,2,3,8.65423,-0.80793,0.40377,0.37617,0.39802,906,1000,122,17,0,0,0000,---,False,0.33943,0.17085,0.37617,0.39802,9.07934,-0.71917,path_to_final_target,a,"$3,0,0,0,0,0,0,0,0#",18000,20000,Set tank.c app_speed/duty level to the logged pwm before sending the move key/protocol command; e=stop.,8.87171,23.5082,0,0,0,0.10504,999.0,3.44194,8.65423,-0.80793,3.4419,8.8717,8.6542,0.0,0,0.105,0,0,23.5082,8.87171,0.3762,0.3158,1,False,running
71dcfe700a,single_rectangles_physical,138,27.6,1784489600,completion_astar,finish_first,r01,r01,True,center,member,global_debug,2,3,8.72123,-0.7734,0.47592,0.37685,0.36076,916,1000,123,21,0,0,0000,---,False,0.32736,0.19296,0.37685,0.36076,9.15162,-0.69263,cached_path_to_final_target,a,"$3,0,0,0,0,0,0,0,0#",18000,20000,Set tank.c app_speed/duty level to the logged pwm before sending the move key/protocol command; e=stop.,8.94708,23.70173,0,0,0,0.10504,999.0,3.36875,8.72123,-0.7734,3.3688,8.9471,8.7212,0.0,0,0.105,0,0,23.70173,8.94708,0.3769,0.316,1,False,running
71dcfe700a,single_rectangles_physical,139,27.8,1784489800,completion_astar,finish_first,r01,r01,True,center,member,global_debug,2,3,8.78587,-0.73446,0.54215,0.37735,0.33112,923,1000,124,26,0,0,0000,---,False,0.31487,0.21273,0.37735,0.33112,9.22231,-0.6621,cached_path_to_final_target,a,"$3,0,0,0,0,0,0,0,0#",18000,20000,Set tank.c app_speed/duty level to the logged pwm before sending the move key/protocol command; e=stop.,9.02255,23.89588,0,0,0,0.10504,999.0,3.29698,8.78587,-0.73446,3.297,9.0225,8.7859,0.0,0,0.105,0,0,23.89588,9.02255,0.3773,0.316,1,False,running
71dcfe700a,single_rectangles_physical,140,28.0,1784490000,completion_astar,finish_first,r01,r01,True,center,member,global_debug,2,3,8.84807,-0.69159,0.60347,0.37772,0.30662,929,1000,125,31,0,0,0000,---,False,0.30213,0.23047,0.37772,0.30662,9.29117,-0.62765,cached_path_to_final_target,w,"$1,0,0,0,0,0,0,0,0#",19000,20000,Set tank.c app_speed/duty level to the logged pwm before sending the move key/protocol command; e=stop.,9.09809,24.09056,0,0,0,0.10504,999.0,3.22691,8.84807,-0.69159,3.2269,9.0981,8.8481,0.0,0,0.105,0,0,24.09056,9.09809,0.3777,0.316,1,False,running
71dcfe700a,single_rectangles_physical,141,28.2,1784490200,completion_astar,finish_first,r01,r01,True,center,member,global_debug,2,3,8.90778,-0.6452,0.66056,0.37803,0.28545,935,1000,127,37,0,0,0000,---,False,0.28931,0.24637,0.37803,0.28545,9.35774,-0.58975,path_to_final_target,w,"$1,0,0,0,0,0,0,0,0#",19000,20000,Set tank.c app_speed/duty level to the logged pwm before sending the move key/protocol command; e=stop.,9.1737,24.28581,0,0,0,0.10504,999.0,3.15882,8.90778,-0.6452,3.1588,9.1737,8.9078,0.0,0,0.105,0,0,24.28581,9.1737,0.378,0.3159,1,False,running
71dcfe700a,single_rectangles_physical,142,28.4,1784490400,completion_astar,finish_first,r01,r01,True,center,member,global_debug,2,3,8.96497,-0.59567,0.71368,0.37829,0.26559,940,1000,128,43,0,0,0000,---,False,0.27664,0.26052,0.37829,0.26559,9.42033,-0.54978,cached_path_to_final_target,w,"$1,0,0,0,0,0,0,0,0#",19000,20000,Set tank.c app_speed/duty level to the logged pwm before sending the move key/protocol command; e=stop.,9.24936,24.48154,0,0,0,0.10504,999.0,3.09293,8.96497,-0.59567,3.0929,9.2494,8.965,0.0,0,0.105,0,0,24.48154,9.24936,0.3783,0.3157,1,False,running
71dcfe700a,single_rectangles_physical,143,28.6,1784490600,completion_astar,finish_first,r01,r01,True,center,member,global_debug,2,3,9.01081,-0.56777,0.5468,0.26829,-0.83441,882,530,139,47,0,0,0000,---,False,0.30714,0.0525,0.26829,-0.83441,9.48006,-0.50762,cached_path_to_final_target,d,"$4,0,0,0,0,0,0,0,0#",18000,11000,Set tank.c app_speed/duty level to the logged pwm before sending the move key/protocol command; e=stop.,9.30302,24.64362,0,0,0,0.10504,999.0,3.04264,9.01081,-0.56777,3.0426,9.303,9.0108,0.0,0,0.105,0,0,24.64362,9.30302,0.2683,0.3151,1,False,running
71dcfe700a,single_rectangles_physical,144,28.8,1784490800,completion_astar,finish_first,r01,r01,True,center,member,global_debug,2,3,9.06553,-0.54862,0.33664,0.28991,-1.0508,984,542,153,53,0,0,0000,---,False,0.30703,0.05318,0.28991,-1.0508,9.53051,-0.47776,cached_path_to_final_target,d,"$4,0,0,0,0,0,0,0,0#",20000,11000,Set tank.c app_speed/duty level to the logged pwm before sending the move key/protocol command; e=stop.,9.361,24.80127,0,0,0,0.10504,999.0,2.98531,9.06553,-0.54862,2.9853,9.361,9.0655,0.0,0,0.105,0,0,24.80127,9.361,0.2899,0.3148,1,False,running
71dcfe700a,single_rectangles_physical,145,29.0,1784491000,completion_astar,finish_first,r01,r01,True,center,member,global_debug,2,3,9.12519,-0.53361,0.24659,0.30758,-0.45026,904,715,160,59,0,0,0000,---,False,0.3068,0.05451,0.30758,-0.45026,9.58416,-0.45648,path_to_final_target,d,"$4,0,0,0,0,0,0,0,0#",18000,14000,Set tank.c app_speed/duty level to the logged pwm before sending the move key/protocol command; e=stop.,9.42251,24.97182,0,0,0,0.10504,999.0,2.92391,9.12519,-0.53361,2.9239,9.4225,9.1252,0.0,0,0.105,0,0,24.97182,9.42251,0.3076,0.3147,1,False,running
71dcfe700a,single_rectangles_physical,146,29.2,1784491200,completion_astar,finish_first,r01,r01,True,center,member,global_debug,2,3,9.18602,-0.52072,0.20874,0.31089,-0.18925,858,778,163,65,0,0,0000,---,False,0.30662,0.05548,0.31089,-0.18925,9.6421,-0.44008,cached_path_to_final_target,w,"$1,0,0,0,0,0,0,0,0#",17000,16000,Set tank.c app_speed/duty level to the logged pwm before sending the move key/protocol command; e=stop.,9.48469,25.13954,0,0,0,0.10504,999.0,2.86176,9.18602,-0.52072,2.8618,9.4847,9.186,0.0,0,0.105,0,0,25.13954,9.48469,0.3109,0.3146,1,False,running
71dcfe700a,single_rectangles_physical,147,29.4,1784491400,completion_astar,finish_first,r01,r01,True,center,member,global_debug,2,3,9.24715,-0.50877,0.19313,0.31148,-0.07803,836,803,165,71,0,0,0000,---,False,0.30652,0.05605,0.31148,-0.07803,9.7021,-0.42635,cached_path_to_final_target,w,"$1,0,0,0,0,0,0,0,0#",17000,16000,Set tank.c app_speed/duty level to the logged pwm before sending the move key/protocol command; e=stop.,9.54699,25.30584,0,0,0,0.10504,999.0,2.79946,9.24715,-0.50877,2.7995,9.547,9.2472,0.0,0,0.105,0,0,25.30584,9.54699,0.3115,0.3145,1,False,running
71dcfe700a,single_rectangles_physical,148,29.6,1784491600,completion_astar,finish_first,r01,r01,True,center,member,global_debug,2,3,9.30839,-0.49719,0.18679,0.31158,-0.03168,827,813,166,77,0,0,0000,---,False,0.30646,0.05634,0.31158,-0.03168,9.76292,-0.41394,cached_path_to_final_target,w,"$1,0,0,0,0,0,0,0,0#",17000,16000,Set tank.c app_speed/duty level to the logged pwm before sending the move key/protocol command; e=stop.,9.6093,25.47156,0,0,0,0.10504,999.0,2.73715,9.30839,-0.49719,2.7371,9.6093,9.3084,0.0,0,0.105,0,0,25.47156,9.6093,0.3116,0.3145,1,False,running
71dcfe700a,single_rectangles_physical,149,29.8,1784491800,completion_astar,finish_first,r01,r01,True,center,member,global_debug,2,3,9.36965,-0.48577,0.18425,0.3116,-0.0127,823,817,166,83,0,0,0000,---,False,0.30644,0.05648,0.3116,-0.0127,9.82403,-0.40216,path_to_final_target,w,"$1,0,0,0,0,0,0,0,0#",16000,16000,Set tank.c app_speed/duty level to the logged pwm before sending the move key/protocol command; e=stop.,9.67162,25.637,0,0,0,0.10504,999.0,2.67483,9.36965,-0.48577,2.6748,9.6716,9.3697,0.0,0,0.105,0,0,25.637,9.67162,0.3116,0.3144,1,False,running
71dcfe700a,single_rectangles_physical,150,30.0,1784492000,completion_astar,finish_first,r01,r01,True,center,member,global_debug,2,3,9.43093,-0.47442,0.18325,0.3116,-0.00504,821,819,167,89,0,0,0000,---,False,0.30643,0.05654,0.3116,-0.00504,9.88525,-0.39064,cached_path_to_final_target,w,"$1,0,0,0,0,0,0,0,0#",16000,16000,Set tank.c app_speed/duty level to the logged pwm before sending the move key/protocol command; e=stop.,9.73394,25.80232,0,0,0,0.10504,999.0,2.61251,9.43093,-0.47442,2.6125,9.7339,9.4309,0.0,0,0.105,0,0,25.80232,9.73394,0.3116,0.3144,1,False,running
71dcfe700a,single_rectangles_physical,151,30.2,1784492200,completion_astar,finish_first,r01,r01,True,center,member,global_debug,2,3,9.49221,-0.46309,0.18285,0.3116,-0.00198,820,820,168,96,0,0,0000,---,False,0.30642,0.05656,0.3116,-0.00198,9.94651,-0.37924,cached_path_to_final_target,w,"$1,0,0,0,0,0,0,0,0#",16000,16000,Set tank.c app_speed/duty level to the logged pwm before sending the move key/protocol command; e=stop.,9.79626,25.9676,0,0,0,0.10504,999.0,2.55019,9.49221,-0.46309,2.5502,9.7963,9.4922,0.0,0,0.105,0,0,25.9676,9.79626,0.3116,0.3143,1,False,running
71dcfe700a,single_rectangles_physical,152,30.4,1784492400,completion_astar,finish_first,r01,r01,True,center,member,global_debug,2,3,9.55349,-0.45176,0.1827,0.3116,-0.00077,820,820,168,102,0,0,0000,---,False,0.30642,0.05657,0.3116,-0.00077,10.00779,-0.3679,cached_path_to_final_target,w,"$1,0,0,0,0,0,0,0,0#",16000,16000,Set tank.c app_speed/duty level to the logged pwm before sending the move key/protocol command; e=stop.,9.85858,26.13286,0,0,0,0.10504,999.0,2.48787,9.55349,-0.45176,2.4879,9.8586,9.5535,0.0,0,0.105,0,0,26.13286,9.85858,0.3116,0.3143,1,False,running
71dcfe700a,single_rectangles_physical,153,30.6,1784492600,completion_astar,finish_first,r01,r01,True,center,member,global_debug,2,3,9.61478,-0.44045,0.18264,0.3116,-0.0003,820,820,169,108,0,0,0000,---,False,0.30642,0.05658,0.3116,-0.0003,10.06907,-0.35657,path_to_final_target,w,"$1,0,0,0,0,0,0,0,0#",16000,16000,Set tank.c app_speed/duty level to the logged pwm before sending the move key/protocol command; e=stop.,9.9209,26.29811,0,0,0,0.10504,999.0,2.42555,9.61478,-0.44045,2.4255,9.9209,9.6148,0.0,0,0.105,0,0,26.29811,9.9209,0.3116,0.3142,1,False,running
71dcfe700a,single_rectangles_physical,154,30.8,1784492800,completion_astar,finish_first,r01,r01,True,center,member,global_debug,2,3,9.67606,-0.42913,0.18261,0.3116,-0.00012,820,820,169,114,0,0,0000,---,False,0.30642,0.05658,0.3116,-0.00012,10.13035,-0.34524,cached_path_to_final_target,w,"$1,0,0,0,0,0,0,0,0#",16000,16000,Set tank.c app_speed/duty level to the logged pwm before sending the move key/protocol command; e=stop.,9.98322,26.46336,0,0,0,0.10504,999.0,2.36323,9.67606,-0.42913,2.3632,9.9832,9.6761,0.0,0,0.105,0,0,26.46336,9.98322,0.3116,0.3142,1,False,running
71dcfe700a,single_rectangles_physical,155,31.0,1784493000,completion_astar,finish_first,r01,r01,True,center,member,global_debug,2,3,9.73734,-0.41781,0.1826,0.3116,-4e-05,820,820,170,120,0,0,0000,---,False,0.30642,0.05658,0.3116,-4e-05,10.19163,-0.33393,cached_path_to_final_target,w,"$1,0,0,0,0,0,0,0,0#",16000,16000,Set tank.c app_speed/duty level to the logged pwm before sending the move key/protocol command; e=stop.,10.04554,26.6286,0,0,0,0.10504,999.0,2.30091,9.73734,-0.41781,2.3009,10.0455,9.7373,0.0,0,0.105,0,0,26.6286,10.04554,0.3116,0.3141,1,False,running
71dcfe700a,single_rectangles_physical,156,31.2,1784493200,completion_astar,finish_first,r01,r01,True,center,member,global_debug,2,3,9.79863,-0.4065,0.1826,0.3116,-2e-05,820,820,170,126,0,0,0000,---,False,0.30642,0.05658,0.3116,-2e-05,10.25292,-0.32261,cached_path_to_final_target,w,"$1,0,0,0,0,0,0,0,0#",16000,16000,Set tank.c app_speed/duty level to the logged pwm before sending the move key/protocol command; e=stop.,10.10786,26.79385,0,0,0,0.10504,999.0,2.23859,9.79863,-0.4065,2.2386,10.1079,9.7986,0.0,0,0.105,0,0,26.79385,10.10786,0.3116,0.3141,1,False,running
71dcfe700a,single_rectangles_physical,157,31.4,1784493400,completion_astar,finish_first,r01,r01,True,center,member,global_debug,2,3,9.85991,-0.39518,0.1826,0.3116,-1e-05,820,820,170,132,0,0,0000,---,False,0.30642,0.05658,0.3116,-1e-05,10.3142,-0.31129,path_to_final_target,w,"$1,0,0,0,0,0,0,0,0#",16000,16000,Set tank.c app_speed/duty level to the logged pwm before sending the move key/protocol command; e=stop.,10.17018,26.9591,0,0,0,0.10504,999.0,2.17627,9.85991,-0.39518,2.1763,10.1702,9.8599,0.0,0,0.105,0,0,26.9591,10.17018,0.3116,0.314,1,False,running
71dcfe700a,single_rectangles_physical,158,31.6,1784493600,completion_astar,finish_first,r01,r01,True,center,member,global_debug,2,3,9.92119,-0.38386,0.1826,0.3116,-0.0,820,820,171,139,0,0,0000,---,False,0.30642,0.05658,0.3116,-0.0,10.37549,-0.29998,cached_path_to_final_target,w,"$1,0,0,0,0,0,0,0,0#",16000,16000,Set tank.c app_speed/duty level to the logged pwm before sending the move key/protocol command; e=stop.,10.2325,27.12434,0,0,0,0.10504,999.0,2.11395,9.92119,-0.38386,2.1139,10.2325,9.9212,0.0,0,0.105,0,0,27.12434,10.2325,0.3116,0.314,1,False,running
71dcfe700a,single_rectangles_physical,159,31.8,1784493800,completion_astar,finish_first,r01,r01,True,center,member,global_debug,2,3,9.98248,-0.37255,0.1826,0.3116,-0.0,820,820,171,145,0,0,0000,---,False,0.30642,0.05658,0.3116,-0.0,10.43677,-0.28866,cached_path_to_final_target,w,"$1,0,0,0,0,0,0,0,0#",16000,16000,Set tank.c app_speed/duty level to the logged pwm before sending the move key/protocol command; e=stop.,10.29482,27.28959,0,0,0,0.10504,999.0,2.05163,9.98248,-0.37255,2.0516,10.2948,9.9825,0.0,0,0.105,0,0,27.28959,10.29482,0.3116,0.3139,1,False,running
71dcfe700a,single_rectangles_physical,160,32.0,1784494000,completion_astar,finish_first,r01,r01,True,center,member,global_debug,2,3,10.04376,-0.36123,0.1826,0.3116,-0.0,820,820,171,151,0,0,0000,---,False,0.30642,0.05658,0.3116,-0.0,10.49805,-0.27734,cached_path_to_final_target,w,"$1,0,0,0,0,0,0,0,0#",16000,16000,Set tank.c app_speed/duty level to the logged pwm before sending the move key/protocol command; e=stop.,10.35714,27.45484,0,0,0,0.10504,999.0,1.98931,10.04376,-0.36123,1.9893,10.3571,10.0438,0.0,0,0.105,0,0,27.45484,10.35714,0.3116,0.3139,1,False,running
71dcfe700a,single_rectangles_physical,161,32.2,1784494200,completion_astar,finish_first,r01,r01,True,center,member,global_debug,2,3,10.10505,-0.34991,0.1826,0.3116,-0.0,820,820,172,157,0,0,0000,---,False,0.30642,0.05658,0.3116,-0.0,10.55934,-0.26603,path_to_final_target,w,"$1,0,0,0,0,0,0,0,0#",16000,16000,Set tank.c app_speed/duty level to the logged pwm before sending the move key/protocol command; e=stop.,10.41946,27.62008,0,0,0,0.10504,999.0,1.92699,10.10505,-0.34991,1.927,10.4195,10.105,0.0,0,0.105,0,0,27.62008,10.41946,0.3116,0.3138,1,False,running
71dcfe700a,single_rectangles_physical,162,32.4,1784494400,completion_astar,finish_first,r01,r01,True,center,member,global_debug,1,3,10.16633,-0.3386,0.1826,0.3116,-0.0,820,820,172,163,0,0,0000,---,False,0.30642,0.05658,0.3116,-0.0,10.62062,-0.25471,cached_path_to_final_target,w,"$1,0,0,0,0,0,0,0,0#",16000,16000,Set tank.c app_speed/duty level to the logged pwm before sending the move key/protocol command; e=stop.,10.48178,27.78533,0,0,0,0.10504,999.0,1.86467,10.16633,-0.3386,1.8647,10.4818,10.1663,0.0,0,0.105,0,0,27.78533,10.48178,0.3116,0.3138,1,False,running
71dcfe700a,single_rectangles_physical,163,32.6,1784494600,completion_astar,finish_first,r01,r01,True,center,member,global_debug,1,3,10.22761,-0.32728,0.1826,0.3116,-0.0,820,820,172,169,0,0,0000,---,False,0.30642,0.05658,0.3116,-0.0,10.68191,-0.24339,cached_path_to_final_target,w,"$1,0,0,0,0,0,0,0,0#",16000,16000,Set tank.c app_speed/duty level to the logged pwm before sending the move key/protocol command; e=stop.,10.5441,27.95058,0,0,0,0.10504,999.0,1.80235,10.22761,-0.32728,1.8023,10.5441,10.2276,0.0,0,0.105,0,0,27.95058,10.5441,0.3116,0.3137,1,False,running
71dcfe700a,single_rectangles_physical,164,32.8,1784494800,completion_astar,finish_first,r01,r01,True,center,member,global_debug,1,3,10.2889,-0.31596,0.1826,0.3116,-0.0,820,820,172,175,0,0,0000,---,False,0.30642,0.05658,0.3116,-0.0,10.74319,-0.23208,cached_path_to_final_target,w,"$1,0,0,0,0,0,0,0,0#",16000,16000,Set tank.c app_speed/duty level to the logged pwm before sending the move key/protocol command; e=stop.,10.60642,28.11582,0,0,0,0.10504,999.0,1.74003,10.2889,-0.31596,1.74,10.6064,10.2889,0.0,0,0.105,0,0,28.11582,10.60642,0.3116,0.3137,1,False,running
71dcfe700a,single_rectangles_physical,165,33.0,1784495000,completion_astar,finish_first,r01,r01,True,center,member,global_debug,1,3,10.35018,-0.30465,0.1826,0.3116,-0.0,820,820,172,181,0,0,0000,---,False,0.30642,0.05658,0.3116,-0.0,10.80447,-0.22076,path_to_final_target,w,"$1,0,0,0,0,0,0,0,0#",16000,16000,Set tank.c app_speed/duty level to the logged pwm before sending the move key/protocol command; e=stop.,10.66874,28.28107,0,0,0,0.10504,999.0,1.67771,10.35018,-0.30465,1.6777,10.6687,10.3502,0.0,0,0.105,0,0,28.28107,10.66874,0.3116,0.3136,1,False,running
71dcfe700a,single_rectangles_physical,166,33.2,1784495200,completion_astar,finish_first,r01,r01,True,center,member,global_debug,1,3,10.41147,-0.29333,0.1826,0.3116,-0.0,820,820,173,188,0,0,0000,---,False,0.30642,0.05658,0.3116,-0.0,10.86576,-0.20944,cached_path_to_final_target,w,"$1,0,0,0,0,0,0,0,0#",16000,16000,Set tank.c app_speed/duty level to the logged pwm before sending the move key/protocol command; e=stop.,10.73106,28.44631,0,0,0,0.10504,999.0,1.61539,10.41147,-0.29333,1.6154,10.7311,10.4115,0.0,0,0.105,0,0,28.44631,10.73106,0.3116,0.3136,1,False,running
71dcfe700a,single_rectangles_physical,167,33.4,1784495400,completion_astar,finish_first,r01,r01,True,center,member,global_debug,1,3,10.47275,-0.28201,0.1826,0.3116,-0.0,820,820,173,194,0,0,0000,---,False,0.30642,0.05658,0.3116,-0.0,10.92704,-0.19813,cached_path_to_final_target,w,"$1,0,0,0,0,0,0,0,0#",16000,16000,Set tank.c app_speed/duty level to the logged pwm before sending the move key/protocol command; e=stop.,10.79338,28.61156,0,0,0,0.10504,999.0,1.55307,10.47275,-0.28201,1.5531,10.7934,10.4728,0.0,0,0.105,0,0,28.61156,10.79338,0.3116,0.3136,1,False,running
71dcfe700a,single_rectangles_physical,168,33.6,1784495600,completion_astar,finish_first,r01,r01,True,center,member,global_debug,1,3,10.53403,-0.2707,0.1826,0.3116,-0.0,820,820,173,200,0,0,0000,---,False,0.30642,0.05658,0.3116,-0.0,10.98833,-0.18681,cached_path_to_final_target,w,"$1,0,0,0,0,0,0,0,0#",16000,16000,Set tank.c app_speed/duty level to the logged pwm before sending the move key/protocol command; e=stop.,10.8557,28.77681,0,0,0,0.10504,999.0,1.49075,10.53403,-0.2707,1.4907,10.8557,10.534,0.0,0,0.105,0,0,28.77681,10.8557,0.3116,0.3135,1,False,running
71dcfe700a,single_rectangles_physical,169,33.8,1784495800,completion_astar,finish_first,r01,r01,True,center,member,global_debug,1,3,10.60877,-0.2569,0.1826,0.38,-0.0,1000,1000,173,207,0,0,0000,---,False,0.37368,0.069,0.38,-0.0,11.04961,-0.17549,path_to_final_target,w,"$1,0,0,0,0,0,0,0,0#",20000,20000,Set tank.c app_speed/duty level to the logged pwm before sending the move key/protocol command; e=stop.,10.9317,28.9838,0,0,0,0.10504,999.0,1.41475,10.60877,-0.2569,1.4147,10.9317,10.6088,0.0,0,0.105,0,0,28.9838,10.9317,0.38,0.3139,1,False,running
71dcfe700a,single_rectangles_physical,170,34.0,1784496000,completion_astar,finish_first,r01,r01,True,center,member,global_debug,1,3,10.68351,-0.2431,0.1826,0.38,-0.0,1000,1000,173,215,0,0,0000,---,False,0.37368,0.069,0.38,-0.0,11.12031,-0.16244,cached_path_to_final_target,w,"$1,0,0,0,0,0,0,0,0#",20000,20000,Set tank.c app_speed/duty level to the logged pwm before sending the move key/protocol command; e=stop.,11.0077,29.18532,0,0,0,0.10504,999.0,1.33875,10.68351,-0.2431,1.3387,11.0077,10.6835,0.0,0,0.105,0,0,29.18532,11.0077,0.38,0.3142,1,False,running
71dcfe700a,single_rectangles_physical,171,34.2,1784496200,completion_astar,finish_first,r01,r01,True,center,member,global_debug,1,3,10.75824,-0.2293,0.1826,0.38,-0.0,1000,1000,174,222,0,0,0000,---,False,0.37368,0.069,0.38,-0.0,11.19384,-0.14886,cached_path_to_final_target,w,"$1,0,0,0,0,0,0,0,0#",20000,20000,Set tank.c app_speed/duty level to the logged pwm before sending the move key/protocol command; e=stop.,11.0837,29.38684,0,0,0,0.10504,999.0,1.26275,10.75824,-0.2293,1.2627,11.0837,10.7582,0.0,0,0.105,0,0,29.38684,11.0837,0.38,0.3146,1,False,running
71dcfe700a,single_rectangles_physical,172,34.4,1784496400,completion_astar,finish_first,r01,r01,True,center,member,global_debug,1,3,10.83298,-0.2155,0.1826,0.38,-0.0,1000,1000,174,230,0,0,0000,---,False,0.37368,0.069,0.38,-0.0,11.26821,-0.13513,cached_path_to_final_target,w,"$1,0,0,0,0,0,0,0,0#",20000,20000,Set tank.c app_speed/duty level to the logged pwm before sending the move key/protocol command; e=stop.,11.1597,29.58836,0,0,0,0.10504,999.0,1.18675,10.83298,-0.2155,1.1867,11.1597,10.833,0.0,0,0.105,0,0,29.58836,11.1597,0.38,0.3149,1,False,running
71dcfe700a,single_rectangles_physical,173,34.6,1784496600,completion_astar,finish_first,r01,r01,True,center,member,global_debug,1,3,10.90772,-0.2017,0.1826,0.38,-0.0,1000,1000,174,237,0,0,0000,---,False,0.37368,0.069,0.38,-0.0,11.34284,-0.12135,path_to_final_target,w,"$1,0,0,0,0,0,0,0,0#",20000,20000,Set tank.c app_speed/duty level to the logged pwm before sending the move key/protocol command; e=stop.,11.2357,29.78988,0,0,0,0.10504,999.0,1.11075,10.90772,-0.2017,1.1107,11.2357,10.9077,0.0,0,0.105,0,0,29.78988,11.2357,0.38,0.3153,1,False,running
71dcfe700a,single_rectangles_physical,174,34.8,1784496800,completion_astar,finish_first,r01,r01,True,center,member,global_debug,1,3,10.98245,-0.1879,0.1826,0.38,-0.0,1000,1000,174,245,0,0,0000,---,False,0.37368,0.069,0.38,-0.0,11.41754,-0.10755,cached_path_to_final_target,w,"$1,0,0,0,0,0,0,0,0#",20000,20000,Set tank.c app_speed/duty level to the logged pwm before sending the move key/protocol command; e=stop.,11.3117,29.9914,0,0,0,0.10504,999.0,1.03475,10.98245,-0.1879,1.0347,11.3117,10.9825,0.0,0,0.105,0,0,29.9914,11.3117,0.38,0.3156,1,False,running
71dcfe700a,single_rectangles_physical,175,35.0,1784497000,completion_astar,finish_first,r01,r01,True,center,member,global_debug,1,3,11.05719,-0.17409,0.1826,0.38,-0.0,1000,1000,174,252,0,0,0000,---,False,0.37368,0.069,0.38,-0.0,11.49227,-0.09376,cached_path_to_final_target,w,"$1,0,0,0,0,0,0,0,0#",20000,20000,Set tank.c app_speed/duty level to the logged pwm before sending the move key/protocol command; e=stop.,11.3877,30.19292,0,0,0,0.10504,999.0,0.95875,11.05719,-0.17409,0.9587,11.3877,11.0572,0.0,0,0.105,0,0,30.19292,11.3877,0.38,0.3159,1,False,running
71dcfe700a,single_rectangles_physical,176,35.2,1784497200,completion_astar,finish_first,r01,r01,True,center,member,global_debug,1,3,11.13193,-0.16029,0.1826,0.38,-0.0,1000,1000,174,260,0,0,0000,---,False,0.37368,0.069,0.38,-0.0,11.567,-0.07996,cached_path_to_final_target,w,"$1,0,0,0,0,0,0,0,0#",20000,20000,Set tank.c app_speed/duty level to the logged pwm before sending the move key/protocol command; e=stop.,11.4637,30.39444,0,0,0,0.10504,999.0,0.88275,11.13193,-0.16029,0.8827,11.4637,11.1319,0.0,0,0.105,0,0,30.39444,11.4637,0.38,0.3162,1,False,running
71dcfe700a,single_rectangles_physical,177,35.4,1784497400,completion_astar,finish_first,r01,r01,True,center,member,global_debug,1,3,11.20666,-0.14649,0.1826,0.38,-0.0,1000,1000,175,267,0,0,0001,---,False,0.37368,0.069,0.38,-0.0,11.64174,-0.06616,path_to_final_target,w,"$1,0,0,0,0,0,0,0,0#",20000,20000,Set tank.c app_speed/duty level to the logged pwm before sending the move key/protocol command; e=stop.,11.5397,30.59596,0,0,0,0.10504,999.0,0.80675,11.20666,-0.14649,0.8067,11.5397,11.2067,0.0,0,0.105,0,0,30.59596,11.5397,0.38,0.3166,1,False,running
71dcfe700a,single_rectangles_physical,178,35.6,1784497600,completion_astar,finish_first,r01,r01,True,center,member,global_debug,1,3,11.2814,-0.13269,0.1826,0.38,-0.0,1000,1000,175,275,0,0,0001,---,False,0.37368,0.069,0.38,-0.0,11.71647,-0.05235,cached_path_to_final_target,w,"$1,0,0,0,0,0,0,0,0#",20000,20000,Set tank.c app_speed/duty level to the logged pwm before sending the move key/protocol command; e=stop.,11.6157,30.79748,0,0,0,0.10504,999.0,0.73075,11.2814,-0.13269,0.7307,11.6157,11.2814,0.0,0,0.105,0,0,30.79748,11.6157,0.38,0.3169,1,False,running
71dcfe700a,single_rectangles_physical,179,35.8,1784497800,completion_astar,finish_first,r01,r01,True,center,member,global_debug,1,3,11.35614,-0.11889,0.1826,0.38,-0.0,1000,1000,175,282,0,0,0001,---,False,0.37368,0.069,0.38,-0.0,11.79121,-0.03855,cached_path_to_final_target,w,"$1,0,0,0,0,0,0,0,0#",20000,20000,Set tank.c app_speed/duty level to the logged pwm before sending the move key/protocol command; e=stop.,11.6917,30.999,0,0,0,0.10504,999.0,0.65475,11.35614,-0.11889,0.6547,11.6917,11.3561,0.0,0,0.105,0,0,30.999,11.6917,0.38,0.3172,1,False,running
71dcfe700a,single_rectangles_physical,180,36.0,1784498000,completion_astar,finish_first,r01,r01,True,center,member,global_debug,1,3,11.43087,-0.10509,0.1826,0.38,-0.0,1000,1000,175,290,0,0,0001,---,False,0.37368,0.069,0.38,-0.0,11.86595,-0.02475,cached_path_to_final_target,w,"$1,0,0,0,0,0,0,0,0#",20000,20000,Set tank.c app_speed/duty level to the logged pwm before sending the move key/protocol command; e=stop.,11.7677,31.20052,0,0,0,0.10504,999.0,0.57875,11.43087,-0.10509,0.5787,11.7677,11.4309,0.0,0,0.105,0,0,31.20052,11.7677,0.38,0.3175,1,False,running
71dcfe700a,single_rectangles_physical,181,36.2,1784498200,completion_astar,finish_first,r01,r01,True,center,member,global_debug,1,3,11.50561,-0.09129,0.1826,0.38,-0.0,1000,1000,175,297,0,0,0001,---,False,0.37368,0.069,0.38,-0.0,11.94068,-0.01095,path_to_final_target,w,"$1,0,0,0,0,0,0,0,0#",20000,20000,Set tank.c app_speed/duty level to the logged pwm before sending the move key/protocol command; e=stop.,11.8437,31.40204,0,0,0,0.10504,999.0,0.50275,11.50561,-0.09129,0.5027,11.8437,11.5056,0.0,0,0.105,0,0,31.40204,11.8437,0.38,0.3178,1,False,running
71dcfe700a,single_rectangles_physical,182,36.4,1784498400,completion_astar,finish_first,r01,r01,True,center,member,global_debug,1,3,11.58035,-0.07749,0.1826,0.38,-0.0,1000,1000,175,305,0,0,0000,---,False,0.37368,0.069,0.38,-0.0,11.9822,-0.00329,cached_path_to_final_target,w,"$1,0,0,0,0,0,0,0,0#",20000,20000,Set tank.c app_speed/duty level to the logged pwm before sending the move key/protocol command; e=stop.,11.9197,31.60356,0,0,0,0.10504,999.0,0.42675,11.58035,-0.07749,0.4267,11.9197,11.5803,0.0,0,0.105,0,0,31.60356,11.9197,0.38,0.3181,1,False,running
71dcfe700a,single_rectangles_physical,183,36.6,1784498600,completion_astar,finish_first,r01,r01,True,center,member,global_debug,1,3,11.65508,-0.06369,0.1826,0.38,0.0,1000,1000,175,312,0,0,0010,---,False,0.37368,0.069,0.38,0.0,11.99466,-0.00099,cached_path_to_final_target,w,"$1,0,0,0,0,0,0,0,0#",20000,20000,Set tank.c app_speed/duty level to the logged pwm before sending the move key/protocol command; e=stop.,11.9957,31.80508,0,0,0,0.10504,999.0,0.35075,11.65508,-0.06369,0.3507,11.9957,11.6551,0.0,0,0.105,0,0,31.80508,11.9957,0.38,0.3184,1,False,running
71dcfe700a,single_rectangles_physical,184,36.8,1784498800,completion_astar,finish_first,r01,r01,True,center,member,global_debug,1,3,11.72982,-0.04989,0.1826,0.38,0.0,1000,1000,175,320,0,0,0010,---,False,0.37368,0.069,0.38,0.0,11.9984,-0.0003,cached_path_to_final_target,w,"$1,0,0,0,0,0,0,0,0#",20000,20000,Set tank.c app_speed/duty level to the logged pwm before sending the move key/protocol command; e=stop.,12.0717,32.0066,0,0,0,0.10504,999.0,0.27475,11.72982,-0.04989,0.2747,12.0717,11.7298,0.0,0,0.105,0,0,32.0066,12.0717,0.38,0.3187,1,False,running
71dcfe700a,single_rectangles_physical,185,37.0,1784499000,completion_astar,finish_first,r01,r01,True,center,member,global_debug,1,3,11.80455,-0.03609,0.1826,0.38,0.0,1000,1000,175,327,0,0,0010,---,False,0.37368,0.069,0.38,0.0,11.99952,-9e-05,path_to_final_target,w,"$1,0,0,0,0,0,0,0,0#",20000,20000,Set tank.c app_speed/duty level to the logged pwm before sending the move key/protocol command; e=stop.,12.1477,32.20812,0,0,0,0.10504,999.0,0.19875,11.80455,-0.03609,0.1987,12.1477,11.8046,0.0,0,0.105,0,0,32.20812,12.1477,0.38,0.319,1,False,running
71dcfe700a,single_rectangles_physical,186,37.2,1784499200,completion_astar,finish_first,r01,r01,True,center,member,global_debug,1,3,11.87328,-0.0234,0.1826,0.34944,0.0,920,920,176,334,0,0,0010,---,False,0.34363,0.06345,0.34944,0.0,11.99986,-3e-05,cached_path_to_final_target,w,"$1,0,0,0,0,0,0,0,0#",18000,18000,Set tank.c app_speed/duty level to the logged pwm before sending the move key/protocol command; e=stop.,12.21759,32.39596,0,0,0,0.10504,999.0,0.12886,11.87328,-0.0234,0.1289,12.2176,11.8733,0.0,0,0.105,0,0,32.39596,12.21759,0.3494,0.3226,1,True,success
