time_s,robot_id,robot_name,key,protocol,pwm_left,pwm_right,sonic_angle_deg,sonic_distance_cm,reason
0.0,r01,r01,e,"$0,0,0,0,0,0,0,0,0#",0,0,7,367,init
0.0,r02,r02,e,"$0,0,0,0,0,0,0,0,0#",0,0,2,386,init
0.0,r03,r03,e,"$0,0,0,0,0,0,0,0,0#",0,0,3,348,init
0.0,r04,r04,e,"$0,0,0,0,0,0,0,0,0#",0,0,-2,405,init
0.0,r05,r05,e,"$0,0,0,0,0,0,0,0,0#",0,0,-2,367,init
0.0,r06,r06,e,"$0,0,0,0,0,0,0,0,0#",0,0,-2,329,init
0.0,r07,r07,e,"$0,0,0,0,0,0,0,0,0#",0,0,0,-1,init
0.2,r01,r01,d,"$4,0,0,0,0,0,0,0,0#",7000,5000,10,365,adaptive_split_to_bypass_target
0.2,r02,r02,e,"$0,0,0,0,0,0,0,0,0#",0,0,2,386,adaptive_split_to_bypass_target
0.2,r03,r03,d,"$4,0,0,0,0,0,0,0,0#",7000,5000,6,346,adaptive_split_to_bypass_target
0.2,r04,r04,e,"$0,0,0,0,0,0,0,0,0#",0,0,-2,405,adaptive_split_to_bypass_target
0.2,r05,r05,e,"$0,0,0,0,0,0,0,0,0#",0,0,-2,367,adaptive_split_to_bypass_target
0.2,r06,r06,a,"$3,0,0,0,0,0,0,0,0#",4000,7000,-6,327,adaptive_split_to_bypass_target
0.2,r07,r07,a,"$3,0,0,0,0,0,0,0,0#",5000,7000,0,-1,adaptive_split_to_bypass_target
0.4,r01,r01,w,"$1,0,0,0,0,0,0,0,0#",12000,11000,11,361,cached_adaptive_split
0.4,r02,r02,d,"$4,0,0,0,0,0,0,0,0#",7000,5000,6,384,adaptive_split_to_bypass_target
0.4,r03,r03,w,"$1,0,0,0,0,0,0,0,0#",12000,11000,8,341,adaptive_split_to_bypass_target
0.4,r04,r04,e,"$0,0,0,0,0,0,0,0,0#",0,0,-2,405,cached_adaptive_split
0.4,r05,r05,a,"$3,0,0,0,0,0,0,0,0#",4000,7000,-6,365,cached_adaptive_split
0.4,r06,r06,w,"$1,0,0,0,0,0,0,0,0#",11000,12000,-8,322,cached_adaptive_split
0.4,r07,r07,w,"$1,0,0,0,0,0,0,0,0#",11000,12000,0,-1,cached_adaptive_split
0.6,r01,r01,w,"$1,0,0,0,0,0,0,0,0#",17000,16000,12,354,cached_adaptive_split
0.6,r02,r02,w,"$1,0,0,0,0,0,0,0,0#",12000,11000,8,379,cached_adaptive_split
0.6,r03,r03,w,"$1,0,0,0,0,0,0,0,0#",17000,16000,10,335,cached_adaptive_split
0.6,r04,r04,d,"$4,0,0,0,0,0,0,0,0#",8000,4000,4,403,cached_adaptive_split
0.6,r05,r05,w,"$1,0,0,0,0,0,0,0,0#",11000,12000,-7,360,cached_adaptive_split
0.6,r06,r06,w,"$1,0,0,0,0,0,0,0,0#",16000,17000,-9,316,cached_adaptive_split
0.6,r07,r07,w,"$1,0,0,0,0,0,0,0,0#",16000,17000,-10,411,cached_adaptive_split
0.8,r01,r01,w,"$1,0,0,0,0,0,0,0,0#",16000,16000,12,348,adaptive_split_to_bypass_target
0.8,r02,r02,w,"$1,0,0,0,0,0,0,0,0#",17000,16000,8,373,adaptive_split_to_bypass_target
0.8,r03,r03,w,"$1,0,0,0,0,0,0,0,0#",17000,16000,10,329,adaptive_split_to_bypass_target
0.8,r04,r04,d,"$4,0,0,0,0,0,0,0,0#",13000,11000,6,398,adaptive_split_to_bypass_target
0.8,r05,r05,w,"$1,0,0,0,0,0,0,0,0#",16000,17000,-8,354,adaptive_split_to_bypass_target
0.8,r06,r06,w,"$1,0,0,0,0,0,0,0,0#",16000,17000,-10,310,adaptive_split_to_bypass_target
0.8,r07,r07,w,"$1,0,0,0,0,0,0,0,0#",16000,16000,-10,405,adaptive_split_to_bypass_target
1.0,r01,r01,w,"$1,0,0,0,0,0,0,0,0#",16000,16000,13,342,cached_adaptive_split
1.0,r02,r02,w,"$1,0,0,0,0,0,0,0,0#",16000,16000,9,367,cached_adaptive_split
1.0,r03,r03,w,"$1,0,0,0,0,0,0,0,0#",16000,16000,11,323,cached_adaptive_split
1.0,r04,r04,w,"$1,0,0,0,0,0,0,0,0#",17000,16000,8,392,cached_adaptive_split
1.0,r05,r05,w,"$1,0,0,0,0,0,0,0,0#",16000,17000,-9,348,cached_adaptive_split
1.0,r06,r06,w,"$1,0,0,0,0,0,0,0,0#",16000,16000,-10,304,cached_adaptive_split
1.0,r07,r07,w,"$1,0,0,0,0,0,0,0,0#",16000,16000,-10,399,cached_adaptive_split
1.2,r01,r01,w,"$1,0,0,0,0,0,0,0,0#",16000,16000,13,336,cached_adaptive_split
1.2,r02,r02,w,"$1,0,0,0,0,0,0,0,0#",16000,16000,9,361,cached_adaptive_split
1.2,r03,r03,w,"$1,0,0,0,0,0,0,0,0#",16000,16000,11,316,cached_adaptive_split
1.2,r04,r04,w,"$1,0,0,0,0,0,0,0,0#",17000,16000,8,386,cached_adaptive_split
1.2,r05,r05,w,"$1,0,0,0,0,0,0,0,0#",16000,16000,-9,342,cached_adaptive_split
1.2,r06,r06,w,"$1,0,0,0,0,0,0,0,0#",16000,16000,-10,297,cached_adaptive_split
1.2,r07,r07,w,"$1,0,0,0,0,0,0,0,0#",16000,16000,-10,393,cached_adaptive_split
1.4,r01,r01,w,"$1,0,0,0,0,0,0,0,0#",16000,16000,13,330,adaptive_split_to_bypass_target
1.4,r02,r02,w,"$1,0,0,0,0,0,0,0,0#",16000,16000,9,354,adaptive_split_to_bypass_target
1.4,r03,r03,w,"$1,0,0,0,0,0,0,0,0#",16000,16000,11,310,adaptive_split_to_bypass_target
1.4,r04,r04,w,"$1,0,0,0,0,0,0,0,0#",16000,16000,9,380,adaptive_split_to_bypass_target
1.4,r05,r05,w,"$1,0,0,0,0,0,0,0,0#",16000,16000,-9,335,adaptive_split_to_bypass_target
1.4,r06,r06,w,"$1,0,0,0,0,0,0,0,0#",16000,16000,-11,291,adaptive_split_to_bypass_target
1.4,r07,r07,w,"$1,0,0,0,0,0,0,0,0#",16000,16000,-10,386,adaptive_split_to_bypass_target
1.6,r01,r01,w,"$1,0,0,0,0,0,0,0,0#",16000,16000,13,324,cached_adaptive_split
1.6,r02,r02,w,"$1,0,0,0,0,0,0,0,0#",16000,16000,9,348,cached_adaptive_split
1.6,r03,r03,w,"$1,0,0,0,0,0,0,0,0#",16000,16000,11,304,cached_adaptive_split
1.6,r04,r04,w,"$1,0,0,0,0,0,0,0,0#",16000,16000,9,374,cached_adaptive_split
1.6,r05,r05,w,"$1,0,0,0,0,0,0,0,0#",16000,16000,-9,329,cached_adaptive_split
1.6,r06,r06,w,"$1,0,0,0,0,0,0,0,0#",16000,16000,-11,285,cached_adaptive_split
1.6,r07,r07,w,"$1,0,0,0,0,0,0,0,0#",16000,16000,-10,380,cached_adaptive_split
1.8,r01,r01,w,"$1,0,0,0,0,0,0,0,0#",16000,16000,13,317,cached_adaptive_split
1.8,r02,r02,w,"$1,0,0,0,0,0,0,0,0#",16000,16000,9,342,cached_adaptive_split
1.8,r03,r03,w,"$1,0,0,0,0,0,0,0,0#",16000,16000,11,298,cached_adaptive_split
1.8,r04,r04,w,"$1,0,0,0,0,0,0,0,0#",16000,16000,9,368,cached_adaptive_split
1.8,r05,r05,w,"$1,0,0,0,0,0,0,0,0#",16000,16000,-10,323,cached_adaptive_split
1.8,r06,r06,w,"$1,0,0,0,0,0,0,0,0#",16000,16000,-11,279,cached_adaptive_split
1.8,r07,r07,w,"$1,0,0,0,0,0,0,0,0#",16000,16000,-11,374,cached_adaptive_split
2.0,r01,r01,w,"$1,0,0,0,0,0,0,0,0#",16000,16000,14,311,adaptive_split_to_bypass_target
2.0,r02,r02,w,"$1,0,0,0,0,0,0,0,0#",16000,16000,9,336,adaptive_split_to_bypass_target
2.0,r03,r03,w,"$1,0,0,0,0,0,0,0,0#",16000,16000,12,292,adaptive_split_to_bypass_target
2.0,r04,r04,w,"$1,0,0,0,0,0,0,0,0#",16000,16000,9,361,adaptive_split_to_bypass_target
2.0,r05,r05,w,"$1,0,0,0,0,0,0,0,0#",16000,16000,-10,317,adaptive_split_to_bypass_target
2.0,r06,r06,w,"$1,0,0,0,0,0,0,0,0#",16000,16000,-11,273,adaptive_split_to_bypass_target
2.0,r07,r07,w,"$1,0,0,0,0,0,0,0,0#",16000,16000,-11,368,adaptive_split_to_bypass_target
2.2,r01,r01,w,"$1,0,0,0,0,0,0,0,0#",16000,16000,14,305,cached_adaptive_split
2.2,r02,r02,w,"$1,0,0,0,0,0,0,0,0#",16000,16000,10,330,cached_adaptive_split
2.2,r03,r03,w,"$1,0,0,0,0,0,0,0,0#",16000,16000,12,286,cached_adaptive_split
2.2,r04,r04,w,"$1,0,0,0,0,0,0,0,0#",16000,16000,9,355,cached_adaptive_split
2.2,r05,r05,w,"$1,0,0,0,0,0,0,0,0#",16000,16000,-10,311,cached_adaptive_split
2.2,r06,r06,w,"$1,0,0,0,0,0,0,0,0#",16000,16000,-11,267,cached_adaptive_split
2.2,r07,r07,w,"$1,0,0,0,0,0,0,0,0#",16000,16000,-11,362,cached_adaptive_split
2.4,r01,r01,w,"$1,0,0,0,0,0,0,0,0#",16000,16000,14,299,cached_adaptive_split
2.4,r02,r02,w,"$1,0,0,0,0,0,0,0,0#",16000,16000,10,323,cached_adaptive_split
2.4,r03,r03,w,"$1,0,0,0,0,0,0,0,0#",16000,16000,12,279,cached_adaptive_split
2.4,r04,r04,w,"$1,0,0,0,0,0,0,0,0#",16000,16000,9,349,cached_adaptive_split
2.4,r05,r05,w,"$1,0,0,0,0,0,0,0,0#",16000,16000,-10,304,cached_adaptive_split
2.4,r06,r06,w,"$1,0,0,0,0,0,0,0,0#",16000,16000,-11,260,cached_adaptive_split
2.4,r07,r07,w,"$1,0,0,0,0,0,0,0,0#",16000,16000,-11,355,cached_adaptive_split
2.6,r01,r01,w,"$1,0,0,0,0,0,0,0,0#",16000,16000,14,293,adaptive_split_to_bypass_target
2.6,r02,r02,w,"$1,0,0,0,0,0,0,0,0#",16000,16000,10,317,adaptive_split_to_bypass_target
2.6,r03,r03,w,"$1,0,0,0,0,0,0,0,0#",16000,16000,12,273,adaptive_split_to_bypass_target
2.6,r04,r04,w,"$1,0,0,0,0,0,0,0,0#",16000,16000,9,343,adaptive_split_to_bypass_target
2.6,r05,r05,w,"$1,0,0,0,0,0,0,0,0#",16000,16000,-10,298,adaptive_split_to_bypass_target
2.6,r06,r06,w,"$1,0,0,0,0,0,0,0,0#",16000,16000,-12,254,adaptive_split_to_bypass_target
2.6,r07,r07,w,"$1,0,0,0,0,0,0,0,0#",16000,16000,-11,349,adaptive_split_to_bypass_target
2.8,r01,r01,w,"$1,0,0,0,0,0,0,0,0#",16000,16000,15,287,cached_adaptive_split
2.8,r02,r02,w,"$1,0,0,0,0,0,0,0,0#",16000,16000,10,311,cached_adaptive_split
2.8,r03,r03,w,"$1,0,0,0,0,0,0,0,0#",16000,16000,13,267,cached_adaptive_split
2.8,r04,r04,w,"$1,0,0,0,0,0,0,0,0#",16000,16000,9,337,cached_adaptive_split
2.8,r05,r05,w,"$1,0,0,0,0,0,0,0,0#",16000,16000,-10,292,cached_adaptive_split
2.8,r06,r06,w,"$1,0,0,0,0,0,0,0,0#",16000,16000,-12,248,cached_adaptive_split
2.8,r07,r07,w,"$1,0,0,0,0,0,0,0,0#",16000,16000,-11,343,cached_adaptive_split
3.0,r01,r01,w,"$1,0,0,0,0,0,0,0,0#",16000,16000,15,280,cached_adaptive_split
3.0,r02,r02,w,"$1,0,0,0,0,0,0,0,0#",16000,16000,10,305,cached_adaptive_split
3.0,r03,r03,w,"$1,0,0,0,0,0,0,0,0#",16000,16000,13,261,cached_adaptive_split
3.0,r04,r04,w,"$1,0,0,0,0,0,0,0,0#",16000,16000,10,331,cached_adaptive_split
3.0,r05,r05,w,"$1,0,0,0,0,0,0,0,0#",16000,16000,-11,286,cached_adaptive_split
3.0,r06,r06,w,"$1,0,0,0,0,0,0,0,0#",16000,16000,-12,242,cached_adaptive_split
3.0,r07,r07,w,"$1,0,0,0,0,0,0,0,0#",16000,16000,-12,337,cached_adaptive_split
3.2,r01,r01,w,"$1,0,0,0,0,0,0,0,0#",16000,16000,15,274,adaptive_split_to_bypass_target
3.2,r02,r02,w,"$1,0,0,0,0,0,0,0,0#",16000,16000,10,299,adaptive_split_to_bypass_target
3.2,r03,r03,w,"$1,0,0,0,0,0,0,0,0#",16000,16000,13,255,adaptive_split_to_bypass_target
3.2,r04,r04,w,"$1,0,0,0,0,0,0,0,0#",16000,16000,10,325,adaptive_split_to_bypass_target
3.2,r05,r05,w,"$1,0,0,0,0,0,0,0,0#",16000,16000,-11,280,adaptive_split_to_bypass_target
3.2,r06,r06,w,"$1,0,0,0,0,0,0,0,0#",16000,16000,-12,236,adaptive_split_to_bypass_target
3.2,r07,r07,w,"$1,0,0,0,0,0,0,0,0#",16000,16000,-12,331,adaptive_split_to_bypass_target
3.4,r01,r01,w,"$1,0,0,0,0,0,0,0,0#",16000,16000,15,268,cached_adaptive_split
3.4,r02,r02,w,"$1,0,0,0,0,0,0,0,0#",16000,16000,11,292,cached_adaptive_split
3.4,r03,r03,w,"$1,0,0,0,0,0,0,0,0#",16000,16000,13,248,cached_adaptive_split
3.4,r04,r04,w,"$1,0,0,0,0,0,0,0,0#",16000,16000,10,318,cached_adaptive_split
3.4,r05,r05,w,"$1,0,0,0,0,0,0,0,0#",16000,16000,-11,274,cached_adaptive_split
3.4,r06,r06,w,"$1,0,0,0,0,0,0,0,0#",16000,16000,-13,229,cached_adaptive_split
3.4,r07,r07,w,"$1,0,0,0,0,0,0,0,0#",16000,16000,-12,324,cached_adaptive_split
3.6,r01,r01,w,"$1,0,0,0,0,0,0,0,0#",16000,16000,16,262,cached_adaptive_split
3.6,r02,r02,w,"$1,0,0,0,0,0,0,0,0#",16000,16000,11,286,cached_adaptive_split
3.6,r03,r03,w,"$1,0,0,0,0,0,0,0,0#",16000,16000,14,242,cached_adaptive_split
3.6,r04,r04,w,"$1,0,0,0,0,0,0,0,0#",16000,16000,10,312,cached_adaptive_split
3.6,r05,r05,w,"$1,0,0,0,0,0,0,0,0#",16000,16000,-11,267,cached_adaptive_split
3.6,r06,r06,w,"$1,0,0,0,0,0,0,0,0#",16000,16000,-13,223,cached_adaptive_split
3.6,r07,r07,w,"$1,0,0,0,0,0,0,0,0#",16000,16000,-12,318,cached_adaptive_split
3.8,r01,r01,w,"$1,0,0,0,0,0,0,0,0#",16000,16000,16,256,adaptive_split_to_bypass_target
3.8,r02,r02,w,"$1,0,0,0,0,0,0,0,0#",16000,16000,11,280,adaptive_split_to_bypass_target
3.8,r03,r03,w,"$1,0,0,0,0,0,0,0,0#",16000,16000,14,236,adaptive_split_to_bypass_target
3.8,r04,r04,w,"$1,0,0,0,0,0,0,0,0#",16000,16000,10,306,adaptive_split_to_bypass_target
3.8,r05,r05,w,"$1,0,0,0,0,0,0,0,0#",16000,16000,-11,261,adaptive_split_to_bypass_target
3.8,r06,r06,w,"$1,0,0,0,0,0,0,0,0#",16000,16000,-13,217,adaptive_split_to_bypass_target
3.8,r07,r07,w,"$1,0,0,0,0,0,0,0,0#",16000,16000,-12,312,adaptive_split_to_bypass_target
4.0,r01,r01,w,"$1,0,0,0,0,0,0,0,0#",16000,16000,16,250,cached_adaptive_split
4.0,r02,r02,w,"$1,0,0,0,0,0,0,0,0#",16000,16000,11,274,cached_adaptive_split
4.0,r03,r03,w,"$1,0,0,0,0,0,0,0,0#",16000,16000,14,230,cached_adaptive_split
4.0,r04,r04,w,"$1,0,0,0,0,0,0,0,0#",16000,16000,10,300,cached_adaptive_split
4.0,r05,r05,w,"$1,0,0,0,0,0,0,0,0#",16000,16000,-12,255,cached_adaptive_split
4.0,r06,r06,w,"$1,0,0,0,0,0,0,0,0#",16000,16000,-14,211,cached_adaptive_split
4.0,r07,r07,w,"$1,0,0,0,0,0,0,0,0#",16000,16000,-13,306,cached_adaptive_split
4.2,r01,r01,w,"$1,0,0,0,0,0,0,0,0#",16000,16000,17,244,adaptive_split_to_bypass_target
4.2,r02,r02,w,"$1,0,0,0,0,0,0,0,0#",16000,16000,11,268,adaptive_split_to_bypass_target
4.2,r03,r03,w,"$1,0,0,0,0,0,0,0,0#",16000,16000,15,224,adaptive_split_to_bypass_target
4.2,r04,r04,w,"$1,0,0,0,0,0,0,0,0#",16000,16000,11,294,adaptive_split_to_bypass_target
4.2,r05,r05,w,"$1,0,0,0,0,0,0,0,0#",16000,17000,-13,249,adaptive_split_to_bypass_target
4.2,r06,r06,w,"$1,0,0,0,0,0,0,0,0#",16000,17000,-14,205,adaptive_split_to_bypass_target
4.2,r07,r07,w,"$1,0,0,0,0,0,0,0,0#",16000,16000,-13,300,adaptive_split_to_bypass_target
4.4,r01,r01,w,"$1,0,0,0,0,0,0,0,0#",16000,16000,17,237,adaptive_split_to_bypass_target
4.4,r02,r02,w,"$1,0,0,0,0,0,0,0,0#",16000,16000,12,261,adaptive_split_to_bypass_target
4.4,r03,r03,w,"$1,0,0,0,0,0,0,0,0#",16000,16000,15,218,adaptive_split_to_bypass_target
4.4,r04,r04,w,"$1,0,0,0,0,0,0,0,0#",16000,16000,11,288,adaptive_split_to_bypass_target
4.4,r05,r05,w,"$1,0,0,0,0,0,0,0,0#",16000,17000,-14,243,adaptive_split_to_bypass_target
4.4,r06,r06,w,"$1,0,0,0,0,0,0,0,0#",16000,17000,-15,199,adaptive_split_to_bypass_target
4.4,r07,r07,w,"$1,0,0,0,0,0,0,0,0#",16000,16000,-14,294,adaptive_split_to_bypass_target
4.6,r01,r01,w,"$1,0,0,0,0,0,0,0,0#",16000,16000,17,231,cached_adaptive_split
4.6,r02,r02,w,"$1,0,0,0,0,0,0,0,0#",16000,16000,12,255,cached_adaptive_split
4.6,r03,r03,w,"$1,0,0,0,0,0,0,0,0#",16000,16000,15,211,cached_adaptive_split
4.6,r04,r04,w,"$1,0,0,0,0,0,0,0,0#",16000,16000,11,282,cached_adaptive_split
4.6,r05,r05,w,"$1,0,0,0,0,0,0,0,0#",16000,17000,-14,236,cached_adaptive_split
4.6,r06,r06,w,"$1,0,0,0,0,0,0,0,0#",16000,17000,-16,192,cached_adaptive_split
4.6,r07,r07,w,"$1,0,0,0,0,0,0,0,0#",16000,16000,-14,287,cached_adaptive_split
4.8,r01,r01,w,"$1,0,0,0,0,0,0,0,0#",16000,16000,18,225,cached_adaptive_split
4.8,r02,r02,w,"$1,0,0,0,0,0,0,0,0#",16000,16000,12,249,cached_adaptive_split
4.8,r03,r03,w,"$1,0,0,0,0,0,0,0,0#",16000,16000,16,205,cached_adaptive_split
4.8,r04,r04,w,"$1,0,0,0,0,0,0,0,0#",16000,16000,11,275,cached_adaptive_split
4.8,r05,r05,w,"$1,0,0,0,0,0,0,0,0#",16000,16000,-15,230,cached_adaptive_split
4.8,r06,r06,w,"$1,0,0,0,0,0,0,0,0#",16000,16000,-17,186,cached_adaptive_split
4.8,r07,r07,w,"$1,0,0,0,0,0,0,0,0#",16000,16000,-14,281,cached_adaptive_split
5.0,r01,r01,w,"$1,0,0,0,0,0,0,0,0#",16000,17000,18,219,adaptive_split_to_bypass_target
5.0,r02,r02,w,"$1,0,0,0,0,0,0,0,0#",16000,16000,12,243,adaptive_split_to_bypass_target
5.0,r03,r03,w,"$1,0,0,0,0,0,0,0,0#",16000,17000,15,199,adaptive_split_to_bypass_target
5.0,r04,r04,w,"$1,0,0,0,0,0,0,0,0#",16000,16000,11,269,adaptive_split_to_bypass_target
5.0,r05,r05,d,"$4,0,0,0,0,0,0,0,0#",18000,14000,-10,224,adaptive_split_to_bypass_target
5.0,r06,r06,d,"$4,0,0,0,0,0,0,0,0#",18000,14000,-11,180,adaptive_split_to_bypass_target
5.0,r07,r07,w,"$1,0,0,0,0,0,0,0,0#",17000,16000,-13,275,adaptive_split_to_bypass_target
5.2,r01,r01,w,"$1,0,0,0,0,0,0,0,0#",16000,17000,18,213,cached_adaptive_split
5.2,r02,r02,w,"$1,0,0,0,0,0,0,0,0#",16000,16000,12,237,cached_adaptive_split
5.2,r03,r03,w,"$1,0,0,0,0,0,0,0,0#",16000,17000,15,193,cached_adaptive_split
5.2,r04,r04,w,"$1,0,0,0,0,0,0,0,0#",16000,16000,12,263,cached_adaptive_split
5.2,r05,r05,d,"$4,0,0,0,0,0,0,0,0#",19000,13000,-3,218,cached_adaptive_split
5.2,r06,r06,d,"$4,0,0,0,0,0,0,0,0#",19000,13000,-3,174,cached_adaptive_split
5.2,r07,r07,w,"$1,0,0,0,0,0,0,0,0#",17000,16000,-12,269,cached_adaptive_split
5.4,r01,r01,w,"$1,0,0,0,0,0,0,0,0#",16000,16000,18,207,cached_adaptive_split
5.4,r02,r02,w,"$1,0,0,0,0,0,0,0,0#",16000,16000,13,230,cached_adaptive_split
5.4,r03,r03,w,"$1,0,0,0,0,0,0,0,0#",16000,17000,15,187,cached_adaptive_split
5.4,r04,r04,w,"$1,0,0,0,0,0,0,0,0#",16000,16000,12,257,cached_adaptive_split
5.4,r05,r05,d,"$4,0,0,0,0,0,0,0,0#",19000,13000,4,212,cached_adaptive_split
5.4,r06,r06,d,"$4,0,0,0,0,0,0,0,0#",19000,13000,4,168,cached_adaptive_split
5.4,r07,r07,w,"$1,0,0,0,0,0,0,0,0#",17000,16000,-12,263,cached_adaptive_split
5.6,r01,r01,w,"$1,0,0,0,0,0,0,0,0#",16000,16000,18,201,adaptive_split_to_bypass_target
5.6,r02,r02,w,"$1,0,0,0,0,0,0,0,0#",16000,16000,13,224,adaptive_split_to_bypass_target
5.6,r03,r03,w,"$1,0,0,0,0,0,0,0,0#",16000,16000,16,180,adaptive_split_to_bypass_target
5.6,r04,r04,w,"$1,0,0,0,0,0,0,0,0#",16000,16000,12,251,adaptive_split_to_bypass_target
5.6,r05,r05,d,"$4,0,0,0,0,0,0,0,0#",18000,14000,10,206,adaptive_split_to_bypass_target
5.6,r06,r06,d,"$4,0,0,0,0,0,0,0,0#",18000,14000,11,162,adaptive_split_to_bypass_target
5.6,r07,r07,w,"$1,0,0,0,0,0,0,0,0#",17000,16000,-12,256,adaptive_split_to_bypass_target
5.8,r01,r01,w,"$1,0,0,0,0,0,0,0,0#",16000,16000,19,195,cached_adaptive_split
5.8,r02,r02,w,"$1,0,0,0,0,0,0,0,0#",16000,16000,13,218,cached_adaptive_split
5.8,r03,r03,w,"$1,0,0,0,0,0,0,0,0#",16000,16000,16,174,cached_adaptive_split
5.8,r04,r04,w,"$1,0,0,0,0,0,0,0,0#",16000,16000,12,245,cached_adaptive_split
5.8,r05,r05,d,"$4,0,0,0,0,0,0,0,0#",17000,15000,13,200,cached_adaptive_split
5.8,r06,r06,d,"$4,0,0,0,0,0,0,0,0#",18000,15000,15,157,cached_adaptive_split
5.8,r07,r07,w,"$1,0,0,0,0,0,0,0,0#",16000,16000,-12,250,cached_adaptive_split
6.0,r01,r01,w,"$1,0,0,0,0,0,0,0,0#",16000,16000,19,189,cached_adaptive_split
6.0,r02,r02,w,"$1,0,0,0,0,0,0,0,0#",16000,16000,13,212,cached_adaptive_split
6.0,r03,r03,w,"$1,0,0,0,0,0,0,0,0#",16000,16000,16,168,cached_adaptive_split
6.0,r04,r04,w,"$1,0,0,0,0,0,0,0,0#",16000,16000,13,239,cached_adaptive_split
6.0,r05,r05,w,"$1,0,0,0,0,0,0,0,0#",17000,16000,15,194,cached_adaptive_split
6.0,r06,r06,d,"$4,0,0,0,0,0,0,0,0#",17000,15000,18,151,cached_adaptive_split
6.0,r07,r07,w,"$1,0,0,0,0,0,0,0,0#",16000,16000,-12,244,cached_adaptive_split
6.2,r01,r01,w,"$1,0,0,0,0,0,0,0,0#",16000,16000,20,182,adaptive_split_to_bypass_target
6.2,r02,r02,w,"$1,0,0,0,0,0,0,0,0#",16000,16000,14,206,adaptive_split_to_bypass_target
6.2,r03,r03,w,"$1,0,0,0,0,0,0,0,0#",16000,16000,17,162,adaptive_split_to_bypass_target
6.2,r04,r04,w,"$1,0,0,0,0,0,0,0,0#",16000,16000,13,232,adaptive_split_to_bypass_target
6.2,r05,r05,w,"$1,0,0,0,0,0,0,0,0#",17000,16000,17,189,adaptive_split_to_bypass_target
6.2,r06,r06,w,"$1,0,0,0,0,0,0,0,0#",17000,16000,20,146,adaptive_split_to_bypass_target
6.2,r07,r07,w,"$1,0,0,0,0,0,0,0,0#",16000,16000,-12,238,adaptive_split_to_bypass_target
6.4,r01,r01,w,"$1,0,0,0,0,0,0,0,0#",16000,16000,20,176,cached_adaptive_split
6.4,r02,r02,w,"$1,0,0,0,0,0,0,0,0#",16000,16000,14,199,cached_adaptive_split
6.4,r03,r03,w,"$1,0,0,0,0,0,0,0,0#",16000,16000,17,156,cached_adaptive_split
6.4,r04,r04,w,"$1,0,0,0,0,0,0,0,0#",16000,16000,13,226,cached_adaptive_split
6.4,r05,r05,w,"$1,0,0,0,0,0,0,0,0#",17000,16000,17,183,cached_adaptive_split
6.4,r06,r06,w,"$1,0,0,0,0,0,0,0,0#",17000,16000,22,140,cached_adaptive_split
6.4,r07,r07,w,"$1,0,0,0,0,0,0,0,0#",16000,16000,-13,232,cached_adaptive_split
6.6,r01,r01,w,"$1,0,0,0,0,0,0,0,0#",16000,16000,21,170,cached_adaptive_split
6.6,r02,r02,w,"$1,0,0,0,0,0,0,0,0#",16000,16000,15,193,cached_adaptive_split
6.6,r03,r03,w,"$1,0,0,0,0,0,0,0,0#",16000,16000,18,150,cached_adaptive_split
6.6,r04,r04,w,"$1,0,0,0,0,0,0,0,0#",11000,10000,14,222,cached_adaptive_split; completion_unstuck
6.6,r05,r05,w,"$1,0,0,0,0,0,0,0,0#",16000,16000,18,177,adaptive_split_to_bypass_target
6.6,r06,r06,w,"$1,0,0,0,0,0,0,0,0#",17000,16000,23,134,adaptive_split_to_bypass_target
6.6,r07,r07,w,"$1,0,0,0,0,0,0,0,0#",16000,16000,-13,225,cached_adaptive_split
6.8,r01,r01,w,"$1,0,0,0,0,0,0,0,0#",16000,16000,21,164,adaptive_split_to_bypass_target
6.8,r02,r02,w,"$1,0,0,0,0,0,0,0,0#",16000,16000,15,187,adaptive_split_to_bypass_target
6.8,r03,r03,w,"$1,0,0,0,0,0,0,0,0#",16000,16000,18,143,adaptive_split_to_bypass_target
6.8,r04,r04,w,"$1,0,0,0,0,0,0,0,0#",16000,17000,14,216,adaptive_split_to_bypass_target
6.8,r05,r05,w,"$1,0,0,0,0,0,0,0,0#",16000,16000,19,171,adaptive_split_to_bypass_target
6.8,r06,r06,w,"$1,0,0,0,0,0,0,0,0#",16000,16000,24,129,adaptive_split_to_bypass_target
6.8,r07,r07,w,"$1,0,0,0,0,0,0,0,0#",16000,16000,-13,219,adaptive_split_to_bypass_target
7.0,r01,r01,w,"$1,0,0,0,0,0,0,0,0#",16000,16000,22,158,cached_adaptive_split
7.0,r02,r02,w,"$1,0,0,0,0,0,0,0,0#",16000,16000,15,181,cached_adaptive_split
7.0,r03,r03,w,"$1,0,0,0,0,0,0,0,0#",16000,16000,19,137,cached_adaptive_split
7.0,r04,r04,w,"$1,0,0,0,0,0,0,0,0#",16000,16000,14,210,cached_adaptive_split
7.0,r05,r05,w,"$1,0,0,0,0,0,0,0,0#",16000,16000,19,166,cached_adaptive_split
7.0,r06,r06,w,"$1,0,0,0,0,0,0,0,0#",16000,16000,25,123,cached_adaptive_split
7.0,r07,r07,w,"$1,0,0,0,0,0,0,0,0#",16000,16000,-13,213,cached_adaptive_split
7.2,r01,r01,w,"$1,0,0,0,0,0,0,0,0#",16000,16000,23,152,cached_adaptive_split
7.2,r02,r02,w,"$1,0,0,0,0,0,0,0,0#",16000,16000,16,175,cached_adaptive_split
7.2,r03,r03,w,"$1,0,0,0,0,0,0,0,0#",16000,16000,20,131,cached_adaptive_split
7.2,r04,r04,w,"$1,0,0,0,0,0,0,0,0#",16000,16000,14,204,cached_adaptive_split
7.2,r05,r05,w,"$1,0,0,0,0,0,0,0,0#",16000,16000,20,160,cached_adaptive_split
7.2,r06,r06,w,"$1,0,0,0,0,0,0,0,0#",16000,16000,26,118,cached_adaptive_split
7.2,r07,r07,w,"$1,0,0,0,0,0,0,0,0#",16000,16000,-14,207,cached_adaptive_split
7.4,r01,r01,w,"$1,0,0,0,0,0,0,0,0#",16000,16000,23,146,adaptive_split_to_bypass_target
7.4,r02,r02,w,"$1,0,0,0,0,0,0,0,0#",16000,16000,16,168,adaptive_split_to_bypass_target
7.4,r03,r03,w,"$1,0,0,0,0,0,0,0,0#",16000,16000,20,125,adaptive_split_to_bypass_target
7.4,r04,r04,w,"$1,0,0,0,0,0,0,0,0#",16000,16000,15,198,adaptive_split_to_bypass_target
7.4,r05,r05,w,"$1,0,0,0,0,0,0,0,0#",16000,16000,20,154,adaptive_split_to_bypass_target
7.4,r06,r06,w,"$1,0,0,0,0,0,0,0,0#",16000,16000,27,112,adaptive_split_to_bypass_target
7.4,r07,r07,w,"$1,0,0,0,0,0,0,0,0#",16000,16000,-14,201,adaptive_split_to_bypass_target
7.6,r01,r01,w,"$1,0,0,0,0,0,0,0,0#",16000,16000,24,140,cached_adaptive_split
7.6,r02,r02,w,"$1,0,0,0,0,0,0,0,0#",16000,16000,17,162,cached_adaptive_split
7.6,r03,r03,w,"$1,0,0,0,0,0,0,0,0#",16000,16000,21,119,cached_adaptive_split
7.6,r04,r04,w,"$1,0,0,0,0,0,0,0,0#",16000,16000,15,192,cached_adaptive_split
7.6,r05,r05,w,"$1,0,0,0,0,0,0,0,0#",16000,16000,21,148,cached_adaptive_split
7.6,r06,r06,w,"$1,0,0,0,0,0,0,0,0#",16000,16000,28,107,cached_adaptive_split
7.6,r07,r07,w,"$1,0,0,0,0,0,0,0,0#",16000,16000,-14,194,cached_adaptive_split
7.8,r01,r01,w,"$1,0,0,0,0,0,0,0,0#",16000,16000,25,134,cached_adaptive_split
7.8,r02,r02,w,"$1,0,0,0,0,0,0,0,0#",16000,16000,17,156,cached_adaptive_split
7.8,r03,r03,w,"$1,0,0,0,0,0,0,0,0#",16000,16000,22,113,cached_adaptive_split
7.8,r04,r04,w,"$1,0,0,0,0,0,0,0,0#",16000,16000,16,185,cached_adaptive_split
7.8,r05,r05,w,"$1,0,0,0,0,0,0,0,0#",16000,16000,22,143,cached_adaptive_split
7.8,r06,r06,w,"$1,0,0,0,0,0,0,0,0#",16000,16000,29,101,cached_adaptive_split
7.8,r07,r07,w,"$1,0,0,0,0,0,0,0,0#",16000,16000,-15,188,cached_adaptive_split
8.0,r01,r01,w,"$1,0,0,0,0,0,0,0,0#",16000,16000,26,128,adaptive_split_to_bypass_target
8.0,r02,r02,w,"$1,0,0,0,0,0,0,0,0#",16000,16000,18,150,adaptive_split_to_bypass_target
8.0,r03,r03,w,"$1,0,0,0,0,0,0,0,0#",16000,16000,23,107,adaptive_split_to_bypass_target
8.0,r04,r04,w,"$1,0,0,0,0,0,0,0,0#",16000,16000,16,179,adaptive_split_to_bypass_target
8.0,r05,r05,w,"$1,0,0,0,0,0,0,0,0#",16000,16000,22,137,adaptive_split_to_bypass_target
8.0,r06,r06,w,"$1,0,0,0,0,0,0,0,0#",16000,16000,30,96,adaptive_split_to_bypass_target
8.0,r07,r07,w,"$1,0,0,0,0,0,0,0,0#",16000,16000,-15,182,adaptive_split_to_bypass_target
8.2,r01,r01,w,"$1,0,0,0,0,0,0,0,0#",16000,16000,26,122,cached_adaptive_split
8.2,r02,r02,w,"$1,0,0,0,0,0,0,0,0#",16000,16000,18,144,cached_adaptive_split
8.2,r03,r03,w,"$1,0,0,0,0,0,0,0,0#",16000,16000,23,100,cached_adaptive_split
8.2,r04,r04,w,"$1,0,0,0,0,0,0,0,0#",16000,16000,16,173,cached_adaptive_split
8.2,r05,r05,w,"$1,0,0,0,0,0,0,0,0#",16000,16000,23,131,cached_adaptive_split
8.2,r06,r06,w,"$1,0,0,0,0,0,0,0,0#",16000,16000,31,90,cached_adaptive_split
8.2,r07,r07,w,"$1,0,0,0,0,0,0,0,0#",16000,16000,-16,176,cached_adaptive_split
8.4,r01,r01,w,"$1,0,0,0,0,0,0,0,0#",16000,16000,27,116,cached_adaptive_split
8.4,r02,r02,w,"$1,0,0,0,0,0,0,0,0#",16000,16000,19,138,cached_adaptive_split
8.4,r03,r03,w,"$1,0,0,0,0,0,0,0,0#",16000,16000,24,94,cached_adaptive_split
8.4,r04,r04,w,"$1,0,0,0,0,0,0,0,0#",16000,16000,17,167,cached_adaptive_split
8.4,r05,r05,w,"$1,0,0,0,0,0,0,0,0#",16000,16000,24,125,cached_adaptive_split
8.4,r06,r06,w,"$1,0,0,0,0,0,0,0,0#",11000,11000,32,87,cached_adaptive_split
8.4,r07,r07,w,"$1,0,0,0,0,0,0,0,0#",16000,16000,-16,170,cached_adaptive_split
8.6,r01,r01,w,"$1,0,0,0,0,0,0,0,0#",16000,16000,28,111,adaptive_split_to_bypass_target
8.6,r02,r02,w,"$1,0,0,0,0,0,0,0,0#",16000,16000,19,131,adaptive_split_to_bypass_target
8.6,r03,r03,w,"$1,0,0,0,0,0,0,0,0#",16000,16000,25,88,adaptive_split_to_bypass_target
8.6,r04,r04,w,"$1,0,0,0,0,0,0,0,0#",11000,10000,18,163,adaptive_split_to_bypass_target; completion_unstuck
8.6,r05,r05,w,"$1,0,0,0,0,0,0,0,0#",11000,11000,25,122,adaptive_split_to_bypass_target
8.6,r06,r06,w,"$1,0,0,0,0,0,0,0,0#",11000,11000,33,83,adaptive_split_to_bypass_target
8.6,r07,r07,w,"$1,0,0,0,0,0,0,0,0#",16000,16000,-17,164,adaptive_split_to_bypass_target
8.8,r01,r01,w,"$1,0,0,0,0,0,0,0,0#",16000,16000,29,105,cached_adaptive_split
8.8,r02,r02,w,"$1,0,0,0,0,0,0,0,0#",16000,16000,20,125,cached_adaptive_split
8.8,r03,r03,w,"$1,0,0,0,0,0,0,0,0#",16000,16000,27,82,cached_adaptive_split
8.8,r04,r04,w,"$1,0,0,0,0,0,0,0,0#",16000,17000,18,157,cached_adaptive_split
8.8,r05,r05,w,"$1,0,0,0,0,0,0,0,0#",11000,11000,25,118,cached_adaptive_split
8.8,r06,r06,w,"$1,0,0,0,0,0,0,0,0#",11000,11000,34,80,cached_adaptive_split
8.8,r07,r07,w,"$1,0,0,0,0,0,0,0,0#",16000,16000,-17,157,cached_adaptive_split
9.0,r01,r01,w,"$1,0,0,0,0,0,0,0,0#",16000,16000,31,99,cached_adaptive_split
9.0,r02,r02,w,"$1,0,0,0,0,0,0,0,0#",16000,16000,21,119,cached_adaptive_split
9.0,r03,r03,w,"$1,0,0,0,0,0,0,0,0#",16000,16000,28,76,cached_adaptive_split
9.0,r04,r04,w,"$1,0,0,0,0,0,0,0,0#",16000,16000,18,151,cached_adaptive_split
9.0,r05,r05,w,"$1,0,0,0,0,0,0,0,0#",11000,11000,26,114,cached_adaptive_split
9.0,r06,r06,w,"$1,0,0,0,0,0,0,0,0#",11000,11000,35,76,cached_adaptive_split
9.0,r07,r07,w,"$1,0,0,0,0,0,0,0,0#",16000,16000,-18,151,cached_adaptive_split
9.2,r01,r01,w,"$1,0,0,0,0,0,0,0,0#",16000,16000,32,93,adaptive_split_to_bypass_target
9.2,r02,r02,w,"$1,0,0,0,0,0,0,0,0#",16000,16000,22,113,adaptive_split_to_bypass_target
9.2,r03,r03,w,"$1,0,0,0,0,0,0,0,0#",16000,16000,29,70,adaptive_split_to_bypass_target
9.2,r04,r04,w,"$1,0,0,0,0,0,0,0,0#",16000,16000,19,145,adaptive_split_to_bypass_target
9.2,r05,r05,w,"$1,0,0,0,0,0,0,0,0#",11000,11000,27,110,adaptive_split_to_bypass_target
9.2,r06,r06,w,"$1,0,0,0,0,0,0,0,0#",11000,11000,37,73,adaptive_split_to_bypass_target
9.2,r07,r07,w,"$1,0,0,0,0,0,0,0,0#",16000,16000,-18,145,adaptive_split_to_bypass_target
9.4,r01,r01,w,"$1,0,0,0,0,0,0,0,0#",16000,16000,33,87,cached_adaptive_split
9.4,r02,r02,w,"$1,0,0,0,0,0,0,0,0#",16000,16000,22,107,cached_adaptive_split
9.4,r03,r03,w,"$1,0,0,0,0,0,0,0,0#",16000,16000,31,64,cached_adaptive_split
9.4,r04,r04,w,"$1,0,0,0,0,0,0,0,0#",11000,11000,19,141,cached_adaptive_split
9.4,r05,r05,w,"$1,0,0,0,0,0,0,0,0#",11000,11000,27,107,cached_adaptive_split
9.4,r06,r06,w,"$1,0,0,0,0,0,0,0,0#",11000,11000,38,69,cached_adaptive_split
9.4,r07,r07,w,"$1,0,0,0,0,0,0,0,0#",16000,16000,-19,139,cached_adaptive_split
9.6,r01,r01,w,"$1,0,0,0,0,0,0,0,0#",16000,16000,34,82,cached_adaptive_split
9.6,r02,r02,w,"$1,0,0,0,0,0,0,0,0#",16000,16000,23,101,cached_adaptive_split
9.6,r03,r03,w,"$1,0,0,0,0,0,0,0,0#",16000,16000,32,58,cached_adaptive_split
9.6,r04,r04,w,"$1,0,0,0,0,0,0,0,0#",11000,11000,20,137,cached_adaptive_split
9.6,r05,r05,w,"$1,0,0,0,0,0,0,0,0#",11000,11000,28,103,cached_adaptive_split
9.6,r06,r06,w,"$1,0,0,0,0,0,0,0,0#",11000,11000,39,65,cached_adaptive_split
9.6,r07,r07,w,"$1,0,0,0,0,0,0,0,0#",16000,16000,-19,133,cached_adaptive_split
9.8,r01,r01,w,"$1,0,0,0,0,0,0,0,0#",16000,16000,36,76,adaptive_split_to_bypass_target
9.8,r02,r02,w,"$1,0,0,0,0,0,0,0,0#",16000,16000,24,95,adaptive_split_to_bypass_target
9.8,r03,r03,w,"$1,0,0,0,0,0,0,0,0#",16000,16000,34,52,adaptive_split_to_bypass_target
9.8,r04,r04,w,"$1,0,0,0,0,0,0,0,0#",11000,11000,20,133,adaptive_split_to_bypass_target
9.8,r05,r05,w,"$1,0,0,0,0,0,0,0,0#",11000,11000,29,99,adaptive_split_to_bypass_target
9.8,r06,r06,w,"$1,0,0,0,0,0,0,0,0#",11000,11000,40,62,adaptive_split_to_bypass_target
9.8,r07,r07,w,"$1,0,0,0,0,0,0,0,0#",16000,16000,-20,127,adaptive_split_to_bypass_target
10.0,r01,r01,d,"$4,0,0,0,0,0,0,0,0#",17000,8000,50,73,adaptive_split_to_bypass_target
10.0,r02,r02,w,"$1,0,0,0,0,0,0,0,0#",11000,11000,25,91,adaptive_split_to_bypass_target
10.0,r03,r03,w,"$1,0,0,0,0,0,0,0,0#",16000,16000,36,47,adaptive_split_to_bypass_target
10.0,r04,r04,w,"$1,0,0,0,0,0,0,0,0#",11000,11000,21,129,adaptive_split_to_bypass_target
10.0,r05,r05,w,"$1,0,0,0,0,0,0,0,0#",11000,11000,29,95,adaptive_split_to_bypass_target
10.0,r06,r06,d,"$4,0,0,0,0,0,0,0,0#",10000,4000,54,60,adaptive_split_to_bypass_target
10.0,r07,r07,w,"$1,0,0,0,0,0,0,0,0#",16000,16000,-21,121,adaptive_split_to_bypass_target
10.2,r01,r01,d,"$4,0,0,0,0,0,0,0,0#",20000,9000,73,70,cached_adaptive_split
10.2,r02,r02,w,"$1,0,0,0,0,0,0,0,0#",16000,16000,26,85,cached_adaptive_split
10.2,r03,r03,w,"$1,0,0,0,0,0,0,0,0#",11000,11000,37,43,cached_adaptive_split
10.2,r04,r04,w,"$1,0,0,0,0,0,0,0,0#",11000,11000,21,125,cached_adaptive_split
10.2,r05,r05,w,"$1,0,0,0,0,0,0,0,0#",6000,6000,30,93,cached_adaptive_split
10.2,r06,r06,w,"$1,0,0,0,0,0,0,0,0#",10000,10000,55,57,cached_adaptive_split
10.2,r07,r07,w,"$1,0,0,0,0,0,0,0,0#",16000,16000,-21,115,cached_adaptive_split
10.4,r01,r01,d,"$4,0,0,0,0,0,0,0,0#",20000,16000,83,69,adaptive_split_to_bypass_target
10.4,r02,r02,w,"$1,0,0,0,0,0,0,0,0#",11000,11000,27,81,adaptive_split_to_bypass_target
10.4,r03,r03,w,"$1,0,0,0,0,0,0,0,0#",16000,16000,40,37,adaptive_split_to_bypass_target
10.4,r04,r04,w,"$1,0,0,0,0,0,0,0,0#",6000,6000,21,123,adaptive_split_to_bypass_target
10.4,r05,r05,w,"$1,0,0,0,0,0,0,0,0#",11000,11000,31,90,adaptive_split_to_bypass_target
10.4,r06,r06,d,"$0,2,0,0,0,0,0,0,0#",9000,-4000,69,56,adaptive_split_to_bypass_target
10.4,r07,r07,w,"$1,0,0,0,0,0,0,0,0#",16000,16000,-22,108,adaptive_split_to_bypass_target
10.6,r01,r01,w,"$1,0,0,0,0,0,0,0,0#",20000,19000,88,68,cached_adaptive_split
10.6,r02,r02,w,"$1,0,0,0,0,0,0,0,0#",16000,16000,28,75,cached_adaptive_split
10.6,r03,r03,w,"$1,0,0,0,0,0,0,0,0#",11000,11000,41,34,cached_adaptive_split
10.6,r04,r04,w,"$1,0,0,0,0,0,0,0,0#",11000,11000,22,119,cached_adaptive_split
10.6,r05,r05,w,"$1,0,0,0,0,0,0,0,0#",6000,6000,31,88,cached_adaptive_split
10.6,r06,r06,w,"$1,0,0,0,0,0,0,0,0#",10000,10000,71,54,cached_adaptive_split
10.6,r07,r07,w,"$1,0,0,0,0,0,0,0,0#",16000,16000,-23,102,cached_adaptive_split
10.8,r01,r01,a,"$3,0,0,0,0,0,0,0,0#",10000,18000,80,67,path_to_final_target
10.8,r02,r02,d,"$4,0,0,0,0,0,0,0,0#",15000,6000,42,71,path_to_final_target
10.8,r03,r03,d,"$4,0,0,0,0,0,0,0,0#",19000,9000,57,30,path_to_final_target
10.8,r04,r04,w,"$1,0,0,0,0,0,0,0,0#",8000,8000,23,116,path_to_final_target; completion_unstuck
10.8,r05,r05,w,"$1,0,0,0,0,0,0,0,0#",11000,11000,32,84,path_to_final_target
10.8,r06,r06,d,"$0,2,0,0,0,0,0,0,0#",9000,-4000,85,53,path_to_final_target
10.8,r07,r07,w,"$1,0,0,0,0,0,0,0,0#",16000,17000,-26,96,path_to_final_target
11.0,r01,r01,a,"$3,0,0,0,0,0,0,0,0#",7000,10000,78,66,path_to_final_target
11.0,r02,r02,d,"$0,2,0,0,0,0,0,0,0#",16000,-4000,68,70,path_to_final_target
11.0,r03,r03,w,"$1,0,0,0,0,0,0,0,0#",16000,16000,60,26,path_to_final_target
11.0,r04,r04,w,"$1,0,0,0,0,0,0,0,0#",11000,11000,23,112,path_to_final_target
11.0,r05,r05,w,"$1,0,0,0,0,0,0,0,0#",16000,16000,34,78,path_to_final_target
11.0,r06,r06,w,"$1,0,0,0,0,0,0,0,0#",10000,10000,87,52,path_to_final_target
11.0,r07,r07,w,"$1,0,0,0,0,0,0,0,0#",16000,17000,-29,90,path_to_final_target
11.2,r01,r01,a,"$3,0,0,0,0,0,0,0,0#",8000,20000,64,64,cached_path_to_final_target
11.2,r02,r02,d,"$4,0,0,0,0,0,0,0,0#",17000,8000,83,68,cached_path_to_final_target
11.2,r03,r03,d,"$4,0,0,0,0,0,0,0,0#",20000,13000,77,24,cached_path_to_final_target
11.2,r04,r04,w,"$1,0,0,0,0,0,0,0,0#",16000,16000,24,106,cached_path_to_final_target
11.2,r05,r05,d,"$4,0,0,0,0,0,0,0,0#",15000,6000,48,75,cached_path_to_final_target
11.2,r06,r06,w,"$1,0,0,0,0,0,0,0,0#",16000,16000,90,50,cached_path_to_final_target
11.2,r07,r07,w,"$1,0,0,0,0,0,0,0,0#",16000,17000,-31,85,cached_path_to_final_target
11.4,r01,r01,a,"$3,0,0,0,0,0,0,0,0#",7000,9000,62,62,cached_path_to_final_target
11.4,r02,r02,w,"$1,0,0,0,0,0,0,0,0#",7000,7000,84,67,cached_path_to_final_target
11.4,r03,r03,w,"$1,0,0,0,0,0,0,0,0#",15000,15000,81,23,cached_path_to_final_target
11.4,r04,r04,w,"$1,0,0,0,0,0,0,0,0#",16000,16000,25,99,cached_path_to_final_target
11.4,r05,r05,d,"$0,2,0,0,0,0,0,0,0#",10000,-4000,63,74,cached_path_to_final_target
11.4,r06,r06,a,"$3,0,0,0,0,0,0,0,0#",6000,15000,80,48,cached_path_to_final_target
11.4,r07,r07,w,"$1,0,0,0,0,0,0,0,0#",16000,17000,-33,79,cached_path_to_final_target
11.6,r01,r01,a,"$3,0,0,0,0,0,0,0,0#",12000,16000,57,60,path_to_final_target
11.6,r02,r02,w,"$1,0,0,0,0,0,0,0,0#",13000,13000,87,66,path_to_final_target
11.6,r03,r03,d,"$4,0,0,0,0,0,0,0,0#",20000,18000,91,24,path_to_final_target
11.6,r04,r04,w,"$1,0,0,0,0,0,0,0,0#",11000,11000,25,95,path_to_final_target
11.6,r05,r05,d,"$0,2,0,0,0,0,0,0,0#",4000,-4000,69,74,path_to_final_target
11.6,r06,r06,a,"$3,0,0,0,0,0,0,0,0#",4000,20000,59,44,path_to_final_target
11.6,r07,r07,w,"$1,0,0,0,0,0,0,0,0#",16000,16000,-35,73,path_to_final_target
11.8,r01,r01,a,"$3,0,0,0,0,0,0,0,0#",10000,12000,56,58,cached_path_to_final_target
11.8,r02,r02,d,"$4,0,0,0,0,0,0,0,0#",19000,11000,100,66,cached_path_to_final_target
11.8,r03,r03,a,"$3,0,0,0,0,0,0,0,0#",11000,17000,87,25,cached_path_to_final_target
11.8,r04,r04,w,"$1,0,0,0,0,0,0,0,0#",16000,16000,26,89,cached_path_to_final_target
11.8,r05,r05,a,"$3,0,0,0,0,0,0,0,0#",4000,7000,63,73,cached_path_to_final_target
11.8,r06,r06,a,"$3,0,0,0,0,0,0,0,0#",4000,11000,48,42,cached_path_to_final_target
11.8,r07,r07,w,"$1,0,0,0,0,0,0,0,0#",16000,16000,-36,68,cached_path_to_final_target
12.0,r01,r01,w,"$1,0,0,0,0,0,0,0,0#",16000,17000,57,55,cached_path_to_final_target
12.0,r02,r02,d,"$4,0,0,0,0,0,0,0,0#",17000,14000,106,67,cached_path_to_final_target
12.0,r03,r03,a,"$3,0,0,0,0,0,0,0,0#",9000,20000,76,26,cached_path_to_final_target
12.0,r04,r04,w,"$1,0,0,0,0,0,0,0,0#",11000,10000,28,85,cached_path_to_final_target; completion_unstuck
12.0,r05,r05,d,"$0,2,0,0,0,0,0,0,0#",4000,-4000,69,73,cached_path_to_final_target
12.0,r06,r06,a,"$3,0,0,0,0,0,0,0,0#",10000,14000,45,38,cached_path_to_final_target
12.0,r07,r07,w,"$1,0,0,0,0,0,0,0,0#",16000,16000,-38,62,cached_path_to_final_target
12.2,r01,r01,w,"$1,0,0,0,0,0,0,0,0#",10000,11000,59,53,path_to_final_target
12.2,r02,r02,w,"$1,0,0,0,0,0,0,0,0#",16000,16000,109,68,path_to_final_target
12.2,r03,r03,a,"$3,0,0,0,0,0,0,0,0#",14000,18000,74,27,path_to_final_target
12.2,r04,r04,w,"$1,0,0,0,0,0,0,0,0#",11000,11000,28,82,path_to_final_target
12.2,r05,r05,d,"$4,0,0,0,0,0,0,0,0#",-5000,-7000,70,74,path_to_final_target
12.2,r06,r06,a,"$3,0,0,0,0,0,0,0,0#",5000,8000,43,36,path_to_final_target
12.2,r07,r07,w,"$1,0,0,0,0,0,0,0,0#",16000,16000,-40,57,path_to_final_target
12.4,r01,r01,w,"$1,0,0,0,0,0,0,0,0#",16000,16000,61,51,cached_path_to_final_target
12.4,r02,r02,a,"$3,0,0,0,0,0,0,0,0#",5000,14000,98,68,cached_path_to_final_target
12.4,r03,r03,d,"$4,0,0,0,0,0,0,0,0#",20000,16000,86,28,cached_path_to_final_target
12.4,r04,r04,w,"$1,0,0,0,0,0,0,0,0#",6000,6000,28,79,cached_path_to_final_target
12.4,r05,r05,s,"$2,0,0,0,0,0,0,0,0#",-6000,-7000,71,75,cached_path_to_final_target
12.4,r06,r06,w,"$1,0,0,0,0,0,0,0,0#",12000,13000,44,32,cached_path_to_final_target
12.4,r07,r07,w,"$1,0,0,0,0,0,0,0,0#",16000,16000,-42,51,cached_path_to_final_target
12.6,r01,r01,w,"$1,0,0,0,0,0,0,0,0#",16000,16000,64,50,cached_path_to_final_target
12.6,r02,r02,a,"$0,1,0,0,0,0,0,0,0#",-4000,18000,74,67,cached_path_to_final_target
12.6,r03,r03,d,"$4,0,0,0,0,0,0,0,0#",20000,18000,97,31,cached_path_to_final_target
12.6,r04,r04,d,"$0,2,0,0,0,0,0,0,0#",8000,-4000,41,78,cached_path_to_final_target
12.6,r05,r05,s,"$2,0,0,0,0,0,0,0,0#",-6000,-7000,71,76,cached_path_to_final_target
12.6,r06,r06,w,"$1,0,0,0,0,0,0,0,0#",16000,17000,46,27,cached_path_to_final_target
12.6,r07,r07,w,"$1,0,0,0,0,0,0,0,0#",16000,16000,-44,46,cached_path_to_final_target
12.8,r01,r01,w,"$1,0,0,0,0,0,0,0,0#",11000,11000,66,49,path_to_final_target
12.8,r02,r02,a,"$3,0,0,0,0,0,0,0,0#",7000,20000,58,64,path_to_final_target
12.8,r03,r03,w,"$1,0,0,0,0,0,0,0,0#",20000,20000,103,33,path_to_final_target
12.8,r04,r04,d,"$0,2,0,0,0,0,0,0,0#",16000,-4000,67,77,path_to_final_target
12.8,r05,r05,s,"$2,0,0,0,0,0,0,0,0#",-6000,-7000,72,78,path_to_final_target
12.8,r06,r06,w,"$1,0,0,0,0,0,0,0,0#",16000,17000,48,22,path_to_final_target
12.8,r07,r07,w,"$1,0,0,0,0,0,0,0,0#",16000,16000,-47,42,path_to_final_target
13.0,r01,r01,d,"$4,0,0,0,0,0,0,0,0#",20000,12000,82,50,cached_path_to_final_target
13.0,r02,r02,a,"$3,0,0,0,0,0,0,0,0#",13000,19000,52,60,cached_path_to_final_target
13.0,r03,r03,w,"$1,0,0,0,0,0,0,0,0#",19000,20000,106,36,cached_path_to_final_target
13.0,r04,r04,d,"$0,2,0,0,0,0,0,0,0#",9000,-4000,80,76,cached_path_to_final_target
13.0,r05,r05,s,"$2,0,0,0,0,0,0,0,0#",-6000,-7000,72,79,cached_path_to_final_target
13.0,r06,r06,w,"$1,0,0,0,0,0,0,0,0#",16000,17000,50,17,cached_path_to_final_target
13.0,r07,r07,w,"$1,0,0,0,0,0,0,0,0#",16000,16000,-50,37,cached_path_to_final_target
13.2,r01,r01,d,"$4,0,0,0,0,0,0,0,0#",20000,17000,93,52,cached_path_to_final_target
13.2,r02,r02,a,"$3,0,0,0,0,0,0,0,0#",15000,18000,51,56,cached_path_to_final_target
13.2,r03,r03,w,"$1,0,0,0,0,0,0,0,0#",19000,20000,108,38,cached_path_to_final_target
13.2,r04,r04,d,"$4,0,0,0,0,0,0,0,0#",16000,5000,97,76,cached_path_to_final_target
13.2,r05,r05,s,"$2,0,0,0,0,0,0,0,0#",-6000,-7000,72,80,cached_path_to_final_target
13.2,r06,r06,w,"$1,0,0,0,0,0,0,0,0#",16000,17000,53,13,cached_path_to_final_target
13.2,r07,r07,w,"$1,0,0,0,0,0,0,0,0#",16000,16000,-53,33,cached_path_to_final_target
13.4,r01,r01,w,"$1,0,0,0,0,0,0,0,0#",20000,20000,99,55,path_to_final_target
13.4,r02,r02,d,"$4,0,0,0,0,0,0,0,0#",19000,12000,63,54,path_to_final_target
13.4,r03,r03,w,"$1,0,0,0,0,0,0,0,0#",19000,20000,110,39,path_to_final_target
13.4,r04,r04,w,"$1,0,0,0,0,0,0,0,0#",5000,4000,99,75,path_to_final_target
13.4,r05,r05,s,"$2,0,0,0,0,0,0,0,0#",-6000,-7000,72,81,path_to_final_target
13.4,r06,r06,w,"$1,0,0,0,0,0,0,0,0#",16000,17000,57,10,path_to_final_target
13.4,r07,r07,a,"$3,0,0,0,0,0,0,0,0#",11000,20000,-69,31,path_to_final_target
13.6,r01,r01,w,"$1,0,0,0,0,0,0,0,0#",20000,20000,102,58,cached_path_to_final_target
13.6,r02,r02,d,"$4,0,0,0,0,0,0,0,0#",20000,12000,81,53,cached_path_to_final_target
13.6,r03,r03,w,"$1,0,0,0,0,0,0,0,0#",19000,20000,111,40,cached_path_to_final_target
13.6,r04,r04,a,"$3,0,0,0,0,0,0,0,0#",4000,9000,89,75,cached_path_to_final_target
13.6,r05,r05,a,"$0,1,0,0,0,0,0,0,0#",-5000,4000,60,81,cached_path_to_final_target
13.6,r06,r06,d,"$4,0,0,0,0,0,0,0,0#",20000,12000,73,10,cached_path_to_final_target
13.6,r07,r07,a,"$3,0,0,0,0,0,0,0,0#",14000,20000,-85,31,cached_path_to_final_target
13.8,r01,r01,w,"$1,0,0,0,0,0,0,0,0#",19000,20000,104,60,cached_path_to_final_target
13.8,r02,r02,w,"$1,0,0,0,0,0,0,0,0#",15000,14000,86,53,cached_path_to_final_target
13.8,r03,r03,w,"$1,0,0,0,0,0,0,0,0#",19000,20000,112,41,cached_path_to_final_target
13.8,r04,r04,a,"$0,1,0,0,0,0,0,0,0#",-4000,16000,67,73,cached_path_to_final_target
13.8,r05,r05,a,"$0,1,0,0,0,0,0,0,0#",-4000,11000,46,79,cached_path_to_final_target
13.8,r06,r06,d,"$4,0,0,0,0,0,0,0,0#",20000,15000,89,14,cached_path_to_final_target
13.8,r07,r07,w,"$1,0,0,0,0,0,0,0,0#",19000,20000,-94,33,cached_path_to_final_target
14.0,r01,r01,w,"$1,0,0,0,0,0,0,0,0#",19000,20000,105,62,path_to_final_target
14.0,r02,r02,a,"$3,0,0,0,0,0,0,0,0#",10000,18000,78,53,path_to_final_target
14.0,r03,r03,w,"$1,0,0,0,0,0,0,0,0#",19000,20000,114,41,path_to_final_target
14.0,r04,r04,a,"$3,0,0,0,0,0,0,0,0#",9000,17000,59,70,path_to_final_target
14.0,r05,r05,a,"$3,0,0,0,0,0,0,0,0#",9000,14000,41,76,path_to_final_target
14.0,r06,r06,w,"$1,0,0,0,0,0,0,0,0#",20000,20000,97,17,path_to_final_target
14.0,r07,r07,w,"$1,0,0,0,0,0,0,0,0#",20000,20000,-98,36,path_to_final_target
14.2,r01,r01,w,"$1,0,0,0,0,0,0,0,0#",19000,20000,106,64,cached_path_to_final_target
14.2,r02,r02,a,"$3,0,0,0,0,0,0,0,0#",11000,20000,70,52,cached_path_to_final_target
14.2,r03,r03,w,"$1,0,0,0,0,0,0,0,0#",19000,20000,115,42,cached_path_to_final_target
14.2,r04,r04,w,"$1,0,0,0,0,0,0,0,0#",17000,16000,63,66,cached_path_to_final_target
14.2,r05,r05,a,"$3,0,0,0,0,0,0,0,0#",15000,17000,40,70,cached_path_to_final_target
14.2,r06,r06,w,"$1,0,0,0,0,0,0,0,0#",19000,20000,101,20,cached_path_to_final_target
14.2,r07,r07,w,"$1,0,0,0,0,0,0,0,0#",20000,19000,-100,39,cached_path_to_final_target
14.4,r01,r01,w,"$1,0,0,0,0,0,0,0,0#",19000,20000,107,65,cached_path_to_final_target
14.4,r02,r02,a,"$3,0,0,0,0,0,0,0,0#",14000,18000,68,51,cached_path_to_final_target
14.4,r03,r03,w,"$1,0,0,0,0,0,0,0,0#",19000,20000,116,43,cached_path_to_final_target
14.4,r04,r04,d,"$4,0,0,0,0,0,0,0,0#",20000,13000,77,63,cached_path_to_final_target
14.4,r05,r05,w,"$1,0,0,0,0,0,0,0,0#",16000,17000,40,65,cached_path_to_final_target
14.4,r06,r06,w,"$1,0,0,0,0,0,0,0,0#",19000,20000,104,23,cached_path_to_final_target
14.4,r07,r07,w,"$1,0,0,0,0,0,0,0,0#",20000,19000,-102,43,cached_path_to_final_target
14.6,r01,r01,w,"$1,0,0,0,0,0,0,0,0#",19000,20000,108,66,path_to_final_target
14.6,r02,r02,w,"$1,0,0,0,0,0,0,0,0#",16000,17000,70,50,path_to_final_target
14.6,r03,r03,w,"$1,0,0,0,0,0,0,0,0#",19000,20000,117,45,path_to_final_target
14.6,r04,r04,d,"$4,0,0,0,0,0,0,0,0#",20000,17000,84,61,path_to_final_target
14.6,r05,r05,w,"$1,0,0,0,0,0,0,0,0#",16000,17000,42,59,path_to_final_target
14.6,r06,r06,a,"$3,0,0,0,0,0,0,0,0#",18000,20000,105,25,path_to_final_target
14.6,r07,r07,w,"$1,0,0,0,0,0,0,0,0#",20000,19000,-103,46,path_to_final_target
14.8,r01,r01,w,"$1,0,0,0,0,0,0,0,0#",19000,20000,108,66,cached_path_to_final_target
14.8,r02,r02,d,"$4,0,0,0,0,0,0,0,0#",20000,14000,84,52,cached_path_to_final_target
14.8,r03,r03,w,"$1,0,0,0,0,0,0,0,0#",19000,20000,118,47,cached_path_to_final_target
14.8,r04,r04,w,"$1,0,0,0,0,0,0,0,0#",19000,19000,87,60,cached_path_to_final_target
14.8,r05,r05,w,"$1,0,0,0,0,0,0,0,0#",16000,17000,44,54,cached_path_to_final_target
14.8,r06,r06,a,"$3,0,0,0,0,0,0,0,0#",18000,20000,105,27,cached_path_to_final_target
14.8,r07,r07,w,"$1,0,0,0,0,0,0,0,0#",20000,19000,-104,49,cached_path_to_final_target
15.0,r01,r01,w,"$1,0,0,0,0,0,0,0,0#",19000,20000,110,66,cached_path_to_final_target
15.0,r02,r02,d,"$4,0,0,0,0,0,0,0,0#",20000,17000,95,54,cached_path_to_final_target
15.0,r03,r03,w,"$1,0,0,0,0,0,0,0,0#",19000,20000,119,50,cached_path_to_final_target
15.0,r04,r04,a,"$3,0,0,0,0,0,0,0,0#",8000,18000,77,59,cached_path_to_final_target
15.0,r05,r05,w,"$1,0,0,0,0,0,0,0,0#",16000,16000,46,48,cached_path_to_final_target
15.0,r06,r06,a,"$3,0,0,0,0,0,0,0,0#",18000,20000,107,28,cached_path_to_final_target
15.0,r07,r07,w,"$1,0,0,0,0,0,0,0,0#",20000,19000,-105,51,cached_path_to_final_target
15.2,r01,r01,w,"$1,0,0,0,0,0,0,0,0#",19000,20000,110,67,path_to_final_target
15.2,r02,r02,w,"$1,0,0,0,0,0,0,0,0#",20000,20000,100,56,path_to_final_target
15.2,r03,r03,w,"$1,0,0,0,0,0,0,0,0#",19000,20000,120,54,path_to_final_target
15.2,r04,r04,w,"$1,0,0,0,0,0,0,0,0#",19000,19000,80,57,path_to_final_target
15.2,r05,r05,w,"$1,0,0,0,0,0,0,0,0#",16000,16000,48,43,path_to_final_target
15.2,r06,r06,a,"$3,0,0,0,0,0,0,0,0#",18000,20000,108,28,path_to_final_target
15.2,r07,r07,w,"$1,0,0,0,0,0,0,0,0#",20000,19000,-106,53,path_to_final_target
15.4,r01,r01,w,"$1,0,0,0,0,0,0,0,0#",19000,20000,111,68,cached_path_to_final_target
15.4,r02,r02,w,"$1,0,0,0,0,0,0,0,0#",20000,20000,103,59,cached_path_to_final_target
15.4,r03,r03,w,"$1,0,0,0,0,0,0,0,0#",19000,20000,121,58,cached_path_to_final_target
15.4,r04,r04,d,"$4,0,0,0,0,0,0,0,0#",20000,18000,86,56,cached_path_to_final_target
15.4,r05,r05,w,"$1,0,0,0,0,0,0,0,0#",16000,17000,51,37,cached_path_to_final_target
15.4,r06,r06,a,"$3,0,0,0,0,0,0,0,0#",18000,20000,109,28,cached_path_to_final_target
15.4,r07,r07,w,"$1,0,0,0,0,0,0,0,0#",20000,19000,-107,55,cached_path_to_final_target
15.6,r01,r01,w,"$1,0,0,0,0,0,0,0,0#",19000,20000,112,69,cached_path_to_final_target
15.6,r02,r02,w,"$1,0,0,0,0,0,0,0,0#",19000,20000,105,61,cached_path_to_final_target
15.6,r03,r03,w,"$1,0,0,0,0,0,0,0,0#",19000,20000,122,62,cached_path_to_final_target
15.6,r04,r04,w,"$1,0,0,0,0,0,0,0,0#",19000,20000,89,57,cached_path_to_final_target
15.6,r05,r05,d,"$4,0,0,0,0,0,0,0,0#",20000,11000,66,33,cached_path_to_final_target
15.6,r06,r06,a,"$3,0,0,0,0,0,0,0,0#",18000,20000,110,28,cached_path_to_final_target
15.6,r07,r07,w,"$1,0,0,0,0,0,0,0,0#",20000,19000,-108,56,cached_path_to_final_target
15.8,r01,r01,w,"$1,0,0,0,0,0,0,0,0#",19000,20000,113,71,path_to_final_target
15.8,r02,r02,w,"$1,0,0,0,0,0,0,0,0#",19000,20000,106,62,path_to_final_target
15.8,r03,r03,w,"$1,0,0,0,0,0,0,0,0#",19000,20000,123,66,path_to_final_target
15.8,r04,r04,d,"$4,0,0,0,0,0,0,0,0#",15000,12000,96,58,path_to_final_target
15.8,r05,r05,d,"$4,0,0,0,0,0,0,0,0#",20000,14000,83,29,path_to_final_target
15.8,r06,r06,w,"$1,0,0,0,0,0,0,0,0#",19000,20000,112,27,path_to_final_target
15.8,r07,r07,w,"$1,0,0,0,0,0,0,0,0#",20000,19000,-109,57,path_to_final_target
16.0,r01,r01,w,"$1,0,0,0,0,0,0,0,0#",19000,20000,114,73,cached_path_to_final_target
16.0,r02,r02,w,"$1,0,0,0,0,0,0,0,0#",19000,20000,107,64,cached_path_to_final_target
16.0,r03,r03,w,"$1,0,0,0,0,0,0,0,0#",19000,20000,124,71,cached_path_to_final_target
16.0,r04,r04,w,"$1,0,0,0,0,0,0,0,0#",7000,8000,96,58,cached_path_to_final_target
16.0,r05,r05,w,"$1,0,0,0,0,0,0,0,0#",13000,13000,86,28,cached_path_to_final_target
16.0,r06,r06,w,"$1,0,0,0,0,0,0,0,0#",19000,20000,113,28,cached_path_to_final_target
16.0,r07,r07,w,"$1,0,0,0,0,0,0,0,0#",20000,19000,-110,58,cached_path_to_final_target
16.2,r01,r01,w,"$1,0,0,0,0,0,0,0,0#",19000,20000,116,75,cached_path_to_final_target
16.2,r02,r02,w,"$1,0,0,0,0,0,0,0,0#",19000,20000,108,65,cached_path_to_final_target
16.2,r03,r03,w,"$1,0,0,0,0,0,0,0,0#",19000,20000,125,76,cached_path_to_final_target
16.2,r04,r04,a,"$3,0,0,0,0,0,0,0,0#",7000,17000,84,58,cached_path_to_final_target
16.2,r05,r05,a,"$3,0,0,0,0,0,0,0,0#",8000,17000,76,26,cached_path_to_final_target
16.2,r06,r06,w,"$1,0,0,0,0,0,0,0,0#",19000,20000,114,30,cached_path_to_final_target
16.2,r07,r07,w,"$1,0,0,0,0,0,0,0,0#",20000,19000,-111,58,cached_path_to_final_target
16.4,r01,r01,w,"$1,0,0,0,0,0,0,0,0#",19000,20000,117,78,path_to_final_target
16.4,r02,r02,w,"$1,0,0,0,0,0,0,0,0#",19000,20000,108,65,path_to_final_target
16.4,r03,r03,w,"$1,0,0,0,0,0,0,0,0#",19000,20000,30,79,path_to_final_target
16.4,r04,r04,a,"$3,0,0,0,0,0,0,0,0#",9000,20000,71,57,path_to_final_target
16.4,r05,r05,a,"$3,0,0,0,0,0,0,0,0#",7000,20000,61,23,path_to_final_target
16.4,r06,r06,w,"$1,0,0,0,0,0,0,0,0#",19000,20000,115,32,path_to_final_target
16.4,r07,r07,w,"$1,0,0,0,0,0,0,0,0#",20000,19000,-112,59,path_to_final_target
16.6,r01,r01,w,"$1,0,0,0,0,0,0,0,0#",19000,20000,118,82,cached_path_to_final_target
16.6,r02,r02,w,"$1,0,0,0,0,0,0,0,0#",19000,20000,110,66,cached_path_to_final_target
16.6,r03,r03,d,"$4,0,0,0,0,0,0,0,0#",18000,10000,42,76,cached_path_to_final_target
16.6,r04,r04,a,"$3,0,0,0,0,0,0,0,0#",14000,18000,68,56,cached_path_to_final_target
16.6,r05,r05,a,"$3,0,0,0,0,0,0,0,0#",12000,19000,56,19,cached_path_to_final_target
16.6,r06,r06,w,"$1,0,0,0,0,0,0,0,0#",19000,20000,117,36,cached_path_to_final_target
16.6,r07,r07,w,"$1,0,0,0,0,0,0,0,0#",20000,19000,-113,60,cached_path_to_final_target
16.8,r01,r01,d,"$4,0,0,0,0,0,0,0,0#",19000,13000,128,85,cached_path_to_final_target
16.8,r02,r02,w,"$1,0,0,0,0,0,0,0,0#",19000,20000,111,66,cached_path_to_final_target
16.8,r03,r03,d,"$4,0,0,0,0,0,0,0,0#",20000,10000,58,73,cached_path_to_final_target
16.8,r04,r04,a,"$3,0,0,0,0,0,0,0,0#",15000,17000,68,55,cached_path_to_final_target
16.8,r05,r05,a,"$3,0,0,0,0,0,0,0,0#",15000,18000,55,15,cached_path_to_final_target
16.8,r06,r06,w,"$1,0,0,0,0,0,0,0,0#",19000,20000,118,40,cached_path_to_final_target
16.8,r07,r07,w,"$1,0,0,0,0,0,0,0,0#",20000,19000,-114,61,cached_path_to_final_target
17.0,r01,r01,d,"$4,0,0,0,0,0,0,0,0#",18000,15000,133,90,path_to_final_target
17.0,r02,r02,w,"$1,0,0,0,0,0,0,0,0#",19000,20000,111,67,path_to_final_target
17.0,r03,r03,d,"$4,0,0,0,0,0,0,0,0#",18000,14000,67,72,path_to_final_target
17.0,r04,r04,w,"$1,0,0,0,0,0,0,0,0#",16000,17000,70,55,path_to_final_target
17.0,r05,r05,a,"$3,0,0,0,0,0,0,0,0#",15000,17000,56,13,path_to_final_target
17.0,r06,r06,w,"$1,0,0,0,0,0,0,0,0#",19000,20000,119,44,path_to_final_target
17.0,r07,r07,w,"$1,0,0,0,0,0,0,0,0#",20000,19000,-115,63,path_to_final_target
17.2,r01,r01,w,"$1,0,0,0,0,0,0,0,0#",17000,16000,136,94,cached_path_to_final_target
17.2,r02,r02,w,"$1,0,0,0,0,0,0,0,0#",19000,20000,112,68,cached_path_to_final_target
17.2,r03,r03,d,"$4,0,0,0,0,0,0,0,0#",17000,15000,72,72,cached_path_to_final_target
17.2,r04,r04,w,"$1,0,0,0,0,0,0,0,0#",16000,17000,73,54,cached_path_to_final_target
17.2,r05,r05,d,"$4,0,0,0,0,0,0,0,0#",14000,7000,69,12,cached_path_to_final_target
17.2,r06,r06,w,"$1,0,0,0,0,0,0,0,0#",19000,20000,120,49,cached_path_to_final_target
17.2,r07,r07,w,"$1,0,0,0,0,0,0,0,0#",20000,19000,-116,66,cached_path_to_final_target
17.4,r01,r01,w,"$1,0,0,0,0,0,0,0,0#",17000,16000,138,99,cached_path_to_final_target
17.4,r02,r02,w,"$1,0,0,0,0,0,0,0,0#",19000,20000,114,70,cached_path_to_final_target
17.4,r03,r03,d,"$4,0,0,0,0,0,0,0,0#",20000,13000,89,73,cached_path_to_final_target
17.4,r04,r04,w,"$1,0,0,0,0,0,0,0,0#",16000,16000,76,54,cached_path_to_final_target
17.4,r05,r05,a,"$3,0,0,0,0,0,0,0,0#",15000,17000,71,13,cached_path_to_final_target
17.4,r06,r06,w,"$1,0,0,0,0,0,0,0,0#",19000,20000,121,54,cached_path_to_final_target
17.4,r07,r07,w,"$1,0,0,0,0,0,0,0,0#",20000,19000,-117,69,cached_path_to_final_target
17.6,r01,r01,w,"$1,0,0,0,0,0,0,0,0#",16000,16000,140,104,path_to_final_target
17.6,r02,r02,w,"$1,0,0,0,0,0,0,0,0#",19000,20000,114,72,path_to_final_target
17.6,r03,r03,d,"$4,0,0,0,0,0,0,0,0#",20000,18000,97,76,path_to_final_target
17.6,r04,r04,d,"$4,0,0,0,0,0,0,0,0#",20000,14000,92,56,path_to_final_target
17.6,r05,r05,a,"$3,0,0,0,0,0,0,0,0#",14000,18000,70,13,path_to_final_target
17.6,r06,r06,w,"$1,0,0,0,0,0,0,0,0#",19000,20000,122,59,path_to_final_target
17.6,r07,r07,w,"$1,0,0,0,0,0,0,0,0#",20000,19000,-11,62,path_to_final_target
17.8,r01,r01,w,"$1,0,0,0,0,0,0,0,0#",16000,16000,65,109,cached_path_to_final_target
17.8,r02,r02,w,"$1,0,0,0,0,0,0,0,0#",19000,20000,115,75,cached_path_to_final_target
17.8,r03,r03,w,"$1,0,0,0,0,0,0,0,0#",20000,20000,101,79,cached_path_to_final_target
17.8,r04,r04,w,"$1,0,0,0,0,0,0,0,0#",20000,19000,99,58,cached_path_to_final_target
17.8,r05,r05,d,"$4,0,0,0,0,0,0,0,0#",20000,16000,83,15,cached_path_to_final_target
17.8,r06,r06,w,"$1,0,0,0,0,0,0,0,0#",19000,20000,8,65,cached_path_to_final_target
17.8,r07,r07,a,"$3,0,0,0,0,0,0,0,0#",13000,19000,-20,56,cached_path_to_final_target
18.0,r01,r01,w,"$1,0,0,0,0,0,0,0,0#",16000,16000,67,108,cached_path_to_final_target
18.0,r02,r02,w,"$1,0,0,0,0,0,0,0,0#",19000,20000,117,77,cached_path_to_final_target
18.0,r03,r03,w,"$1,0,0,0,0,0,0,0,0#",19000,20000,103,82,cached_path_to_final_target
18.0,r04,r04,w,"$1,0,0,0,0,0,0,0,0#",20000,20000,103,60,cached_path_to_final_target
18.0,r05,r05,d,"$4,0,0,0,0,0,0,0,0#",20000,17000,96,17,cached_path_to_final_target
18.0,r06,r06,d,"$4,0,0,0,0,0,0,0,0#",19000,11000,19,60,cached_path_to_final_target
18.0,r07,r07,a,"$3,0,0,0,0,0,0,0,0#",15000,18000,-25,50,cached_path_to_final_target
18.2,r01,r01,w,"$1,0,0,0,0,0,0,0,0#",16000,16000,70,107,path_to_final_target
18.2,r02,r02,w,"$1,0,0,0,0,0,0,0,0#",19000,20000,118,80,path_to_final_target
18.2,r03,r03,a,"$3,0,0,0,0,0,0,0,0#",12000,19000,95,84,path_to_final_target
18.2,r04,r04,w,"$1,0,0,0,0,0,0,0,0#",19000,20000,105,61,path_to_final_target
18.2,r05,r05,w,"$1,0,0,0,0,0,0,0,0#",20000,20000,103,19,path_to_final_target
18.2,r06,r06,d,"$4,0,0,0,0,0,0,0,0#",19000,13000,29,55,path_to_final_target
18.2,r07,r07,w,"$1,0,0,0,0,0,0,0,0#",16000,17000,-28,44,path_to_final_target
18.4,r01,r01,w,"$1,0,0,0,0,0,0,0,0#",16000,16000,72,106,cached_path_to_final_target
18.4,r02,r02,d,"$4,0,0,0,0,0,0,0,0#",19000,13000,127,84,cached_path_to_final_target
18.4,r03,r03,a,"$3,0,0,0,0,0,0,0,0#",15000,18000,94,85,cached_path_to_final_target
18.4,r04,r04,w,"$1,0,0,0,0,0,0,0,0#",19000,20000,107,63,cached_path_to_final_target
18.4,r05,r05,w,"$1,0,0,0,0,0,0,0,0#",19000,20000,106,21,cached_path_to_final_target
18.4,r06,r06,d,"$4,0,0,0,0,0,0,0,0#",18000,15000,34,50,cached_path_to_final_target
18.4,r07,r07,w,"$1,0,0,0,0,0,0,0,0#",16000,17000,-31,39,cached_path_to_final_target
18.6,r01,r01,w,"$1,0,0,0,0,0,0,0,0#",16000,16000,74,106,cached_path_to_final_target
18.6,r02,r02,d,"$4,0,0,0,0,0,0,0,0#",17000,15000,132,88,cached_path_to_final_target
18.6,r03,r03,w,"$1,0,0,0,0,0,0,0,0#",16000,17000,94,86,cached_path_to_final_target
18.6,r04,r04,w,"$1,0,0,0,0,0,0,0,0#",19000,20000,108,64,cached_path_to_final_target
18.6,r05,r05,a,"$3,0,0,0,0,0,0,0,0#",18000,20000,108,22,cached_path_to_final_target
18.6,r06,r06,w,"$1,0,0,0,0,0,0,0,0#",17000,16000,38,46,cached_path_to_final_target
18.6,r07,r07,w,"$1,0,0,0,0,0,0,0,0#",16000,17000,-34,33,cached_path_to_final_target
18.8,r01,r01,w,"$1,0,0,0,0,0,0,0,0#",16000,16000,77,105,path_to_final_target
18.8,r02,r02,w,"$1,0,0,0,0,0,0,0,0#",17000,16000,135,93,path_to_final_target
18.8,r03,r03,w,"$1,0,0,0,0,0,0,0,0#",16000,17000,96,86,path_to_final_target
18.8,r04,r04,w,"$1,0,0,0,0,0,0,0,0#",19000,20000,109,64,path_to_final_target
18.8,r05,r05,a,"$3,0,0,0,0,0,0,0,0#",18000,20000,109,23,path_to_final_target
18.8,r06,r06,w,"$1,0,0,0,0,0,0,0,0#",17000,16000,41,42,path_to_final_target
18.8,r07,r07,w,"$1,0,0,0,0,0,0,0,0#",16000,16000,-36,28,path_to_final_target
19.0,r01,r01,w,"$1,0,0,0,0,0,0,0,0#",16000,16000,79,105,cached_path_to_final_target
19.0,r02,r02,w,"$1,0,0,0,0,0,0,0,0#",17000,16000,137,97,cached_path_to_final_target
19.0,r03,r03,w,"$1,0,0,0,0,0,0,0,0#",16000,17000,99,87,cached_path_to_final_target
19.0,r04,r04,w,"$1,0,0,0,0,0,0,0,0#",19000,20000,110,65,cached_path_to_final_target
19.0,r05,r05,a,"$3,0,0,0,0,0,0,0,0#",18000,20000,110,23,cached_path_to_final_target
19.0,r06,r06,w,"$1,0,0,0,0,0,0,0,0#",16000,16000,44,39,cached_path_to_final_target
19.0,r07,r07,w,"$1,0,0,0,0,0,0,0,0#",16000,16000,-39,23,cached_path_to_final_target
19.2,r01,r01,w,"$1,0,0,0,0,0,0,0,0#",16000,16000,81,105,cached_path_to_final_target
19.2,r02,r02,w,"$1,0,0,0,0,0,0,0,0#",16000,16000,139,102,cached_path_to_final_target
19.2,r03,r03,w,"$1,0,0,0,0,0,0,0,0#",16000,16000,102,87,cached_path_to_final_target
19.2,r04,r04,w,"$1,0,0,0,0,0,0,0,0#",19000,20000,111,65,cached_path_to_final_target
19.2,r05,r05,a,"$3,0,0,0,0,0,0,0,0#",18000,20000,111,23,cached_path_to_final_target
19.2,r06,r06,w,"$1,0,0,0,0,0,0,0,0#",16000,16000,47,36,cached_path_to_final_target
19.2,r07,r07,w,"$1,0,0,0,0,0,0,0,0#",16000,16000,-42,19,cached_path_to_final_target
19.4,r01,r01,w,"$1,0,0,0,0,0,0,0,0#",16000,16000,84,105,path_to_final_target
19.4,r02,r02,w,"$1,0,0,0,0,0,0,0,0#",16000,16000,140,107,path_to_final_target
19.4,r03,r03,w,"$1,0,0,0,0,0,0,0,0#",16000,16000,104,88,path_to_final_target
19.4,r04,r04,w,"$1,0,0,0,0,0,0,0,0#",19000,20000,112,66,path_to_final_target
19.4,r05,r05,a,"$3,0,0,0,0,0,0,0,0#",18000,20000,112,22,path_to_final_target
19.4,r06,r06,w,"$1,0,0,0,0,0,0,0,0#",16000,16000,50,34,path_to_final_target
19.4,r07,r07,w,"$1,0,0,0,0,0,0,0,0#",16000,16000,-45,16,path_to_final_target
19.6,r01,r01,w,"$1,0,0,0,0,0,0,0,0#",16000,16000,86,105,cached_path_to_final_target
19.6,r02,r02,w,"$1,0,0,0,0,0,0,0,0#",16000,16000,66,109,cached_path_to_final_target
19.6,r03,r03,w,"$1,0,0,0,0,0,0,0,0#",16000,16000,107,89,cached_path_to_final_target
19.6,r04,r04,w,"$1,0,0,0,0,0,0,0,0#",19000,20000,113,67,cached_path_to_final_target
19.6,r05,r05,a,"$3,0,0,0,0,0,0,0,0#",18000,20000,114,23,cached_path_to_final_target
19.6,r06,r06,w,"$1,0,0,0,0,0,0,0,0#",16000,16000,53,33,cached_path_to_final_target
19.6,r07,r07,w,"$1,0,0,0,0,0,0,0,0#",16000,16000,-49,14,cached_path_to_final_target
19.8,r01,r01,w,"$1,0,0,0,0,0,0,0,0#",16000,16000,89,104,cached_path_to_final_target
19.8,r02,r02,w,"$1,0,0,0,0,0,0,0,0#",16000,16000,69,107,cached_path_to_final_target
19.8,r03,r03,w,"$1,0,0,0,0,0,0,0,0#",16000,16000,23,89,cached_path_to_final_target
19.8,r04,r04,w,"$1,0,0,0,0,0,0,0,0#",19000,20000,114,69,cached_path_to_final_target
19.8,r05,r05,w,"$1,0,0,0,0,0,0,0,0#",19000,20000,115,24,cached_path_to_final_target
19.8,r06,r06,d,"$4,0,0,0,0,0,0,0,0#",20000,11000,70,33,cached_path_to_final_target
19.8,r07,r07,w,"$1,0,0,0,0,0,0,0,0#",16000,16000,-54,13,cached_path_to_final_target
20.0,r01,r01,w,"$1,0,0,0,0,0,0,0,0#",11000,11000,91,104,path_to_final_target
20.0,r02,r02,w,"$1,0,0,0,0,0,0,0,0#",16000,16000,71,107,path_to_final_target
20.0,r03,r03,w,"$1,0,0,0,0,0,0,0,0#",16000,16000,24,83,path_to_final_target
20.0,r04,r04,w,"$1,0,0,0,0,0,0,0,0#",19000,20000,115,71,path_to_final_target
20.0,r05,r05,w,"$1,0,0,0,0,0,0,0,0#",19000,20000,116,27,path_to_final_target
20.0,r06,r06,d,"$4,0,0,0,0,0,0,0,0#",20000,14000,87,34,path_to_final_target
20.0,r07,r07,w,"$1,0,0,0,0,0,0,0,0#",16000,16000,-59,13,path_to_final_target
20.2,r01,r01,w,"$1,0,0,0,0,0,0,0,0#",16000,16000,93,104,cached_path_to_final_target
20.2,r02,r02,w,"$1,0,0,0,0,0,0,0,0#",16000,16000,73,106,cached_path_to_final_target
20.2,r03,r03,w,"$1,0,0,0,0,0,0,0,0#",16000,16000,25,77,cached_path_to_final_target
20.2,r04,r04,w,"$1,0,0,0,0,0,0,0,0#",19000,20000,116,74,cached_path_to_final_target
20.2,r05,r05,w,"$1,0,0,0,0,0,0,0,0#",19000,20000,117,31,cached_path_to_final_target
20.2,r06,r06,w,"$1,0,0,0,0,0,0,0,0#",20000,19000,96,36,cached_path_to_final_target
20.2,r07,r07,w,"$1,0,0,0,0,0,0,0,0#",16000,16000,-64,13,cached_path_to_final_target
20.4,r01,r01,w,"$1,0,0,0,0,0,0,0,0#",16000,16000,96,104,cached_path_to_final_target
20.4,r02,r02,w,"$1,0,0,0,0,0,0,0,0#",16000,16000,75,106,cached_path_to_final_target
20.4,r03,r03,w,"$1,0,0,0,0,0,0,0,0#",16000,16000,27,71,cached_path_to_final_target
20.4,r04,r04,w,"$1,0,0,0,0,0,0,0,0#",19000,20000,117,77,cached_path_to_final_target
20.4,r05,r05,w,"$1,0,0,0,0,0,0,0,0#",19000,20000,119,35,cached_path_to_final_target
20.4,r06,r06,w,"$1,0,0,0,0,0,0,0,0#",19000,20000,100,38,cached_path_to_final_target
20.4,r07,r07,a,"$3,0,0,0,0,0,0,0,0#",13000,20000,-84,14,cached_path_to_final_target
20.6,r01,r01,w,"$1,0,0,0,0,0,0,0,0#",16000,16000,21,99,path_to_final_target
20.6,r02,r02,w,"$1,0,0,0,0,0,0,0,0#",16000,16000,78,106,path_to_final_target
20.6,r03,r03,w,"$1,0,0,0,0,0,0,0,0#",16000,16000,28,65,path_to_final_target
20.6,r04,r04,w,"$1,0,0,0,0,0,0,0,0#",19000,20000,118,80,path_to_final_target
20.6,r05,r05,w,"$1,0,0,0,0,0,0,0,0#",19000,20000,120,40,path_to_final_target
20.6,r06,r06,w,"$1,0,0,0,0,0,0,0,0#",19000,20000,103,39,path_to_final_target
20.6,r07,r07,a,"$3,0,0,0,0,0,0,0,0#",17000,20000,-98,16,path_to_final_target
20.8,r01,r01,w,"$1,0,0,0,0,0,0,0,0#",16000,16000,21,93,cached_path_to_final_target
20.8,r02,r02,w,"$1,0,0,0,0,0,0,0,0#",16000,16000,80,105,cached_path_to_final_target
20.8,r03,r03,w,"$1,0,0,0,0,0,0,0,0#",16000,16000,30,59,cached_path_to_final_target
20.8,r04,r04,w,"$1,0,0,0,0,0,0,0,0#",19000,20000,119,83,cached_path_to_final_target
20.8,r05,r05,w,"$1,0,0,0,0,0,0,0,0#",19000,20000,121,45,cached_path_to_final_target
20.8,r06,r06,a,"$3,0,0,0,0,0,0,0,0#",18000,20000,104,40,cached_path_to_final_target
20.8,r07,r07,w,"$1,0,0,0,0,0,0,0,0#",20000,20000,-105,19,cached_path_to_final_target
21.0,r01,r01,w,"$1,0,0,0,0,0,0,0,0#",16000,16000,22,87,cached_path_to_final_target
21.0,r02,r02,w,"$1,0,0,0,0,0,0,0,0#",16000,16000,83,105,cached_path_to_final_target
21.0,r03,r03,w,"$1,0,0,0,0,0,0,0,0#",16000,16000,32,53,cached_path_to_final_target
21.0,r04,r04,d,"$4,0,0,0,0,0,0,0,0#",19000,12000,130,87,cached_path_to_final_target
21.0,r05,r05,w,"$1,0,0,0,0,0,0,0,0#",19000,20000,122,50,cached_path_to_final_target
21.0,r06,r06,a,"$3,0,0,0,0,0,0,0,0#",18000,20000,106,40,cached_path_to_final_target
21.0,r07,r07,w,"$1,0,0,0,0,0,0,0,0#",20000,19000,-109,20,cached_path_to_final_target
21.2,r01,r01,w,"$1,0,0,0,0,0,0,0,0#",11000,11000,23,83,path_to_final_target
21.2,r02,r02,w,"$1,0,0,0,0,0,0,0,0#",16000,16000,85,105,path_to_final_target
21.2,r03,r03,w,"$1,0,0,0,0,0,0,0,0#",16000,16000,33,47,path_to_final_target
21.2,r04,r04,d,"$4,0,0,0,0,0,0,0,0#",18000,15000,136,92,path_to_final_target
21.2,r05,r05,w,"$1,0,0,0,0,0,0,0,0#",19000,20000,123,56,path_to_final_target
21.2,r06,r06,a,"$3,0,0,0,0,0,0,0,0#",18000,20000,107,40,path_to_final_target
21.2,r07,r07,d,"$4,0,0,0,0,0,0,0,0#",20000,18000,-111,22,path_to_final_target
21.4,r01,r01,w,"$1,0,0,0,0,0,0,0,0#",16000,16000,24,77,cached_path_to_final_target
21.4,r02,r02,w,"$1,0,0,0,0,0,0,0,0#",16000,16000,88,105,cached_path_to_final_target
21.4,r03,r03,w,"$1,0,0,0,0,0,0,0,0#",16000,16000,36,41,cached_path_to_final_target
21.4,r04,r04,w,"$1,0,0,0,0,0,0,0,0#",17000,16000,139,97,cached_path_to_final_target
21.4,r05,r05,w,"$1,0,0,0,0,0,0,0,0#",19000,20000,124,62,cached_path_to_final_target
21.4,r06,r06,a,"$3,0,0,0,0,0,0,0,0#",18000,20000,108,39,cached_path_to_final_target
21.4,r07,r07,d,"$4,0,0,0,0,0,0,0,0#",20000,18000,-113,22,cached_path_to_final_target
21.6,r01,r01,w,"$1,0,0,0,0,0,0,0,0#",16000,16000,25,71,cached_path_to_final_target
21.6,r02,r02,w,"$1,0,0,0,0,0,0,0,0#",16000,16000,90,104,cached_path_to_final_target
21.6,r03,r03,w,"$1,0,0,0,0,0,0,0,0#",16000,16000,38,36,cached_path_to_final_target
21.6,r04,r04,w,"$1,0,0,0,0,0,0,0,0#",17000,16000,141,102,cached_path_to_final_target
21.6,r05,r05,d,"$4,0,0,0,0,0,0,0,0#",18000,11000,15,58,cached_path_to_final_target
21.6,r06,r06,a,"$3,0,0,0,0,0,0,0,0#",18000,20000,108,38,cached_path_to_final_target
21.6,r07,r07,d,"$4,0,0,0,0,0,0,0,0#",20000,18000,-115,22,cached_path_to_final_target
21.8,r01,r01,w,"$1,0,0,0,0,0,0,0,0#",16000,16000,27,65,path_to_final_target
21.8,r02,r02,w,"$1,0,0,0,0,0,0,0,0#",16000,16000,93,104,path_to_final_target
21.8,r03,r03,w,"$1,0,0,0,0,0,0,0,0#",16000,17000,40,30,path_to_final_target
21.8,r04,r04,w,"$1,0,0,0,0,0,0,0,0#",16000,16000,143,107,path_to_final_target
21.8,r05,r05,d,"$4,0,0,0,0,0,0,0,0#",19000,12000,26,53,path_to_final_target
21.8,r06,r06,a,"$3,0,0,0,0,0,0,0,0#",18000,20000,109,38,path_to_final_target
21.8,r07,r07,d,"$4,0,0,0,0,0,0,0,0#",20000,18000,-116,22,path_to_final_target
22.0,r01,r01,w,"$1,0,0,0,0,0,0,0,0#",16000,16000,28,59,cached_path_to_final_target
22.0,r02,r02,w,"$1,0,0,0,0,0,0,0,0#",16000,16000,95,104,cached_path_to_final_target
22.0,r03,r03,w,"$1,0,0,0,0,0,0,0,0#",16000,16000,43,25,cached_path_to_final_target
22.0,r04,r04,w,"$1,0,0,0,0,0,0,0,0#",16000,16000,68,106,cached_path_to_final_target
22.0,r05,r05,d,"$4,0,0,0,0,0,0,0,0#",18000,15000,32,48,cached_path_to_final_target
22.0,r06,r06,w,"$1,0,0,0,0,0,0,0,0#",19000,20000,110,38,cached_path_to_final_target
22.0,r07,r07,d,"$4,0,0,0,0,0,0,0,0#",20000,18000,-118,21,cached_path_to_final_target
22.2,r01,r01,w,"$1,0,0,0,0,0,0,0,0#",16000,16000,30,53,cached_path_to_final_target
22.2,r02,r02,w,"$1,0,0,0,0,0,0,0,0#",16000,16000,20,99,cached_path_to_final_target
22.2,r03,r03,w,"$1,0,0,0,0,0,0,0,0#",16000,16000,46,20,cached_path_to_final_target
22.2,r04,r04,w,"$1,0,0,0,0,0,0,0,0#",16000,16000,70,105,cached_path_to_final_target
22.2,r05,r05,w,"$1,0,0,0,0,0,0,0,0#",17000,16000,36,43,cached_path_to_final_target
22.2,r06,r06,w,"$1,0,0,0,0,0,0,0,0#",19000,20000,111,39,cached_path_to_final_target
22.2,r07,r07,d,"$4,0,0,0,0,0,0,0,0#",20000,18000,-119,22,cached_path_to_final_target
22.4,r01,r01,w,"$1,0,0,0,0,0,0,0,0#",16000,16000,32,48,path_to_final_target
22.4,r02,r02,w,"$1,0,0,0,0,0,0,0,0#",16000,16000,21,93,path_to_final_target
22.4,r03,r03,w,"$1,0,0,0,0,0,0,0,0#",16000,17000,50,16,path_to_final_target
22.4,r04,r04,w,"$1,0,0,0,0,0,0,0,0#",16000,16000,72,105,path_to_final_target
22.4,r05,r05,w,"$1,0,0,0,0,0,0,0,0#",17000,16000,39,39,path_to_final_target
22.4,r06,r06,w,"$1,0,0,0,0,0,0,0,0#",19000,20000,112,40,path_to_final_target
22.4,r07,r07,w,"$1,0,0,0,0,0,0,0,0#",20000,19000,-120,24,path_to_final_target
22.6,r01,r01,w,"$1,0,0,0,0,0,0,0,0#",16000,16000,34,42,cached_path_to_final_target
22.6,r02,r02,w,"$1,0,0,0,0,0,0,0,0#",16000,16000,22,87,cached_path_to_final_target
22.6,r03,r03,w,"$1,0,0,0,0,0,0,0,0#",16000,17000,54,13,cached_path_to_final_target
22.6,r04,r04,w,"$1,0,0,0,0,0,0,0,0#",16000,16000,75,104,cached_path_to_final_target
22.6,r05,r05,w,"$1,0,0,0,0,0,0,0,0#",16000,16000,41,36,cached_path_to_final_target
22.6,r06,r06,w,"$1,0,0,0,0,0,0,0,0#",19000,20000,113,43,cached_path_to_final_target
22.6,r07,r07,w,"$1,0,0,0,0,0,0,0,0#",20000,19000,-122,27,cached_path_to_final_target
22.8,r01,r01,w,"$1,0,0,0,0,0,0,0,0#",16000,16000,36,36,cached_path_to_final_target
22.8,r02,r02,w,"$1,0,0,0,0,0,0,0,0#",16000,16000,23,81,cached_path_to_final_target
22.8,r03,r03,w,"$1,0,0,0,0,0,0,0,0#",16000,17000,58,11,cached_path_to_final_target
22.8,r04,r04,w,"$1,0,0,0,0,0,0,0,0#",16000,16000,77,104,cached_path_to_final_target
22.8,r05,r05,w,"$1,0,0,0,0,0,0,0,0#",16000,16000,44,33,cached_path_to_final_target
22.8,r06,r06,w,"$1,0,0,0,0,0,0,0,0#",19000,20000,-50,37,cached_path_to_final_target
22.8,r07,r07,w,"$1,0,0,0,0,0,0,0,0#",20000,19000,-123,31,cached_path_to_final_target
23.0,r01,r01,w,"$1,0,0,0,0,0,0,0,0#",16000,16000,39,31,path_to_final_target
23.0,r02,r02,w,"$1,0,0,0,0,0,0,0,0#",16000,16000,24,75,path_to_final_target
23.0,r03,r03,w,"$1,0,0,0,0,0,0,0,0#",16000,17000,63,10,path_to_final_target
23.0,r04,r04,w,"$1,0,0,0,0,0,0,0,0#",16000,16000,79,104,path_to_final_target
23.0,r05,r05,w,"$1,0,0,0,0,0,0,0,0#",16000,16000,48,30,path_to_final_target
23.0,r06,r06,a,"$3,0,0,0,0,0,0,0,0#",10000,20000,-69,33,path_to_final_target
23.0,r07,r07,w,"$1,0,0,0,0,0,0,0,0#",20000,19000,-124,35,path_to_final_target
23.2,r01,r01,w,"$1,0,0,0,0,0,0,0,0#",16000,16000,41,26,cached_path_to_final_target
23.2,r02,r02,w,"$1,0,0,0,0,0,0,0,0#",16000,16000,26,69,cached_path_to_final_target
23.2,r03,r03,d,"$4,0,0,0,0,0,0,0,0#",20000,13000,82,12,cached_path_to_final_target
23.2,r04,r04,w,"$1,0,0,0,0,0,0,0,0#",16000,16000,82,104,cached_path_to_final_target
23.2,r05,r05,w,"$1,0,0,0,0,0,0,0,0#",16000,16000,51,29,cached_path_to_final_target
23.2,r06,r06,a,"$3,0,0,0,0,0,0,0,0#",14000,17000,-76,30,cached_path_to_final_target
23.2,r07,r07,a,"$3,0,0,0,0,0,0,0,0#",12000,19000,-136,40,cached_path_to_final_target
23.4,r01,r01,w,"$1,0,0,0,0,0,0,0,0#",16000,16000,45,22,cached_path_to_final_target
23.4,r02,r02,w,"$1,0,0,0,0,0,0,0,0#",16000,16000,27,63,cached_path_to_final_target
23.4,r03,r03,d,"$4,0,0,0,0,0,0,0,0#",20000,17000,96,15,cached_path_to_final_target
23.4,r04,r04,w,"$1,0,0,0,0,0,0,0,0#",16000,16000,84,104,cached_path_to_final_target
23.4,r05,r05,d,"$4,0,0,0,0,0,0,0,0#",20000,11000,68,29,cached_path_to_final_target
23.4,r06,r06,a,"$3,0,0,0,0,0,0,0,0#",17000,20000,-89,28,cached_path_to_final_target
23.4,r07,r07,d,"$4,0,0,0,0,0,0,0,0#",20000,18000,-136,45,cached_path_to_final_target
23.6,r01,r01,w,"$1,0,0,0,0,0,0,0,0#",16000,16000,48,18,path_to_final_target
23.6,r02,r02,w,"$1,0,0,0,0,0,0,0,0#",16000,16000,28,57,path_to_final_target
23.6,r03,r03,w,"$1,0,0,0,0,0,0,0,0#",20000,20000,103,18,path_to_final_target
23.6,r04,r04,w,"$1,0,0,0,0,0,0,0,0#",16000,16000,87,104,path_to_final_target
23.6,r05,r05,d,"$4,0,0,0,0,0,0,0,0#",20000,14000,86,31,path_to_final_target
23.6,r06,r06,d,"$4,0,0,0,0,0,0,0,0#",16000,12000,-87,27,path_to_final_target
23.6,r07,r07,a,"$3,0,0,0,0,0,0,0,0#",13000,19000,-147,51,path_to_final_target
23.8,r01,r01,w,"$1,0,0,0,0,0,0,0,0#",16000,16000,52,15,cached_path_to_final_target
23.8,r02,r02,w,"$1,0,0,0,0,0,0,0,0#",16000,16000,30,52,cached_path_to_final_target
23.8,r03,r03,w,"$1,0,0,0,0,0,0,0,0#",19000,20000,107,20,cached_path_to_final_target
23.8,r04,r04,w,"$1,0,0,0,0,0,0,0,0#",16000,16000,89,104,cached_path_to_final_target
23.8,r05,r05,w,"$1,0,0,0,0,0,0,0,0#",20000,19000,95,33,cached_path_to_final_target
23.8,r06,r06,d,"$4,0,0,0,0,0,0,0,0#",19000,6000,-72,24,cached_path_to_final_target
23.8,r07,r07,a,"$3,0,0,0,0,0,0,0,0#",15000,18000,-152,57,cached_path_to_final_target
24.0,r01,r01,w,"$1,0,0,0,0,0,0,0,0#",16000,16000,57,13,cached_path_to_final_target
24.0,r02,r02,w,"$1,0,0,0,0,0,0,0,0#",16000,16000,32,46,cached_path_to_final_target
24.0,r03,r03,a,"$3,0,0,0,0,0,0,0,0#",18000,20000,109,22,cached_path_to_final_target
24.0,r04,r04,w,"$1,0,0,0,0,0,0,0,0#",16000,16000,92,104,cached_path_to_final_target
24.0,r05,r05,w,"$1,0,0,0,0,0,0,0,0#",20000,20000,100,35,cached_path_to_final_target
24.0,r06,r06,d,"$4,0,0,0,0,0,0,0,0#",20000,10000,-62,21,cached_path_to_final_target
24.0,r07,r07,w,"$1,0,0,0,0,0,0,0,0#",16000,17000,-155,63,cached_path_to_final_target
24.2,r01,r01,w,"$1,0,0,0,0,0,0,0,0#",17000,16000,63,13,adaptive_split_to_bypass_target
24.2,r02,r02,w,"$1,0,0,0,0,0,0,0,0#",17000,16000,35,40,adaptive_split_to_bypass_target
24.2,r03,r03,a,"$3,0,0,0,0,0,0,0,0#",17000,20000,109,22,adaptive_split_to_bypass_target
24.2,r04,r04,a,"$3,0,0,0,0,0,0,0,0#",14000,18000,89,103,adaptive_split_to_bypass_target
24.2,r05,r05,w,"$1,0,0,0,0,0,0,0,0#",19000,20000,102,37,adaptive_split_to_bypass_target
24.2,r06,r06,d,"$4,0,0,0,0,0,0,0,0#",17000,15000,-64,19,adaptive_split_to_bypass_target
24.2,r07,r07,a,"$3,0,0,0,0,0,0,0,0#",15000,18000,-159,69,adaptive_split_to_bypass_target
24.4,r01,r01,d,"$4,0,0,0,0,0,0,0,0#",20000,12000,82,15,cached_adaptive_split
24.4,r02,r02,w,"$1,0,0,0,0,0,0,0,0#",17000,16000,37,35,cached_adaptive_split
24.4,r03,r03,a,"$3,0,0,0,0,0,0,0,0#",17000,20000,109,22,cached_adaptive_split
24.4,r04,r04,a,"$3,0,0,0,0,0,0,0,0#",13000,19000,83,102,cached_adaptive_split
24.4,r05,r05,a,"$3,0,0,0,0,0,0,0,0#",18000,20000,104,38,cached_adaptive_split
24.4,r06,r06,w,"$1,0,0,0,0,0,0,0,0#",16000,16000,-68,17,cached_adaptive_split
24.4,r07,r07,w,"$1,0,0,0,0,0,0,0,0#",16000,17000,-163,75,cached_adaptive_split
24.6,r01,r01,d,"$4,0,0,0,0,0,0,0,0#",20000,17000,97,17,cached_adaptive_split
24.6,r02,r02,w,"$1,0,0,0,0,0,0,0,0#",16000,16000,40,30,cached_adaptive_split
24.6,r03,r03,a,"$3,0,0,0,0,0,0,0,0#",17000,20000,108,21,cached_adaptive_split
24.6,r04,r04,a,"$3,0,0,0,0,0,0,0,0#",12000,19000,-4,98,cached_adaptive_split
24.6,r05,r05,a,"$3,0,0,0,0,0,0,0,0#",18000,20000,106,38,cached_adaptive_split
24.6,r06,r06,a,"$3,0,0,0,0,0,0,0,0#",13000,20000,-87,18,cached_adaptive_split
24.6,r07,r07,w,"$1,0,0,0,0,0,0,0,0#",16000,17000,-165,81,cached_adaptive_split
24.8,r01,r01,w,"$1,0,0,0,0,0,0,0,0#",20000,20000,104,19,adaptive_split_to_bypass_target
24.8,r02,r02,w,"$1,0,0,0,0,0,0,0,0#",16000,16000,43,25,adaptive_split_to_bypass_target
24.8,r03,r03,a,"$3,0,0,0,0,0,0,0,0#",17000,20000,107,20,adaptive_split_to_bypass_target
24.8,r04,r04,a,"$3,0,0,0,0,0,0,0,0#",13000,19000,-13,93,adaptive_split_to_bypass_target
24.8,r05,r05,a,"$3,0,0,0,0,0,0,0,0#",18000,20000,107,38,adaptive_split_to_bypass_target
24.8,r06,r06,a,"$3,0,0,0,0,0,0,0,0#",18000,20000,-99,22,adaptive_split_to_bypass_target
24.8,r07,r07,w,"$1,0,0,0,0,0,0,0,0#",16000,17000,-80,84,adaptive_split_to_bypass_target
25.0,r01,r01,w,"$1,0,0,0,0,0,0,0,0#",19000,20000,107,21,cached_adaptive_split
25.0,r02,r02,w,"$1,0,0,0,0,0,0,0,0#",16000,16000,47,21,cached_adaptive_split
25.0,r03,r03,a,"$3,0,0,0,0,0,0,0,0#",17000,20000,106,20,cached_adaptive_split
25.0,r04,r04,a,"$3,0,0,0,0,0,0,0,0#",14000,18000,-20,87,cached_adaptive_split
25.0,r05,r05,a,"$3,0,0,0,0,0,0,0,0#",18000,20000,108,38,cached_adaptive_split
25.0,r06,r06,w,"$1,0,0,0,0,0,0,0,0#",20000,20000,-105,26,cached_adaptive_split
25.0,r07,r07,w,"$1,0,0,0,0,0,0,0,0#",16000,16000,-83,85,cached_adaptive_split
25.2,r01,r01,a,"$3,0,0,0,0,0,0,0,0#",18000,20000,109,23,cached_adaptive_split
25.2,r02,r02,w,"$1,0,0,0,0,0,0,0,0#",16000,16000,51,17,cached_adaptive_split
25.2,r03,r03,a,"$3,0,0,0,0,0,0,0,0#",17000,20000,106,21,cached_adaptive_split
25.2,r04,r04,a,"$3,0,0,0,0,0,0,0,0#",15000,18000,-25,82,cached_adaptive_split
25.2,r05,r05,a,"$3,0,0,0,0,0,0,0,0#",18000,20000,109,37,cached_adaptive_split
25.2,r06,r06,w,"$1,0,0,0,0,0,0,0,0#",20000,19000,-108,30,cached_adaptive_split
25.2,r07,r07,w,"$1,0,0,0,0,0,0,0,0#",16000,16000,-86,85,cached_adaptive_split
25.4,r01,r01,a,"$3,0,0,0,0,0,0,0,0#",17000,20000,109,23,adaptive_split_to_bypass_target
25.4,r02,r02,w,"$1,0,0,0,0,0,0,0,0#",16000,16000,55,15,adaptive_split_to_bypass_target
25.4,r03,r03,a,"$3,0,0,0,0,0,0,0,0#",18000,20000,106,23,adaptive_split_to_bypass_target
25.4,r04,r04,a,"$3,0,0,0,0,0,0,0,0#",15000,17000,-29,78,adaptive_split_to_bypass_target
25.4,r05,r05,a,"$3,0,0,0,0,0,0,0,0#",18000,20000,110,36,adaptive_split_to_bypass_target
25.4,r06,r06,w,"$1,0,0,0,0,0,0,0,0#",20000,19000,-110,33,adaptive_split_to_bypass_target
25.4,r07,r07,w,"$1,0,0,0,0,0,0,0,0#",16000,16000,-89,85,adaptive_split_to_bypass_target
25.6,r01,r01,a,"$3,0,0,0,0,0,0,0,0#",17000,20000,109,23,cached_adaptive_split
25.6,r02,r02,w,"$1,0,0,0,0,0,0,0,0#",16000,16000,60,14,cached_adaptive_split
25.6,r03,r03,a,"$3,0,0,0,0,0,0,0,0#",18000,20000,107,25,cached_adaptive_split
25.6,r04,r04,w,"$1,0,0,0,0,0,0,0,0#",16000,17000,-32,73,cached_adaptive_split
25.6,r05,r05,a,"$3,0,0,0,0,0,0,0,0#",18000,20000,111,36,cached_adaptive_split
25.6,r06,r06,d,"$4,0,0,0,0,0,0,0,0#",20000,18000,-112,36,cached_adaptive_split
25.6,r07,r07,w,"$1,0,0,0,0,0,0,0,0#",16000,16000,-92,85,cached_adaptive_split
25.8,r01,r01,a,"$3,0,0,0,0,0,0,0,0#",17000,20000,108,22,cached_adaptive_split
25.8,r02,r02,w,"$1,0,0,0,0,0,0,0,0#",16000,16000,65,14,cached_adaptive_split
25.8,r03,r03,a,"$3,0,0,0,0,0,0,0,0#",18000,20000,108,29,cached_adaptive_split
25.8,r04,r04,w,"$1,0,0,0,0,0,0,0,0#",16000,17000,-35,69,cached_adaptive_split
25.8,r05,r05,w,"$1,0,0,0,0,0,0,0,0#",19000,20000,112,37,cached_adaptive_split
25.8,r06,r06,d,"$4,0,0,0,0,0,0,0,0#",20000,18000,-113,39,cached_adaptive_split
25.8,r07,r07,w,"$1,0,0,0,0,0,0,0,0#",16000,16000,-94,86,cached_adaptive_split
26.0,r01,r01,a,"$3,0,0,0,0,0,0,0,0#",17000,20000,106,21,adaptive_split_to_bypass_target
26.0,r02,r02,d,"$4,0,0,0,0,0,0,0,0#",20000,13000,84,15,adaptive_split_to_bypass_target
26.0,r03,r03,a,"$3,0,0,0,0,0,0,0,0#",18000,20000,109,33,adaptive_split_to_bypass_target
26.0,r04,r04,w,"$1,0,0,0,0,0,0,0,0#",16000,17000,-37,65,adaptive_split_to_bypass_target
26.0,r05,r05,w,"$1,0,0,0,0,0,0,0,0#",19000,20000,113,38,adaptive_split_to_bypass_target
26.0,r06,r06,d,"$4,0,0,0,0,0,0,0,0#",20000,18000,-115,41,adaptive_split_to_bypass_target
26.0,r07,r07,w,"$1,0,0,0,0,0,0,0,0#",16000,16000,-97,86,adaptive_split_to_bypass_target
26.2,r01,r01,a,"$3,0,0,0,0,0,0,0,0#",17000,20000,105,21,cached_adaptive_split
26.2,r02,r02,d,"$4,0,0,0,0,0,0,0,0#",20000,17000,98,17,cached_adaptive_split
26.2,r03,r03,a,"$3,0,0,0,0,0,0,0,0#",18000,20000,110,37,cached_adaptive_split
26.2,r04,r04,w,"$1,0,0,0,0,0,0,0,0#",16000,16000,-39,61,cached_adaptive_split
26.2,r05,r05,w,"$1,0,0,0,0,0,0,0,0#",19000,20000,114,40,cached_adaptive_split
26.2,r06,r06,w,"$1,0,0,0,0,0,0,0,0#",20000,19000,-116,42,cached_adaptive_split
26.2,r07,r07,w,"$1,0,0,0,0,0,0,0,0#",16000,16000,-100,86,cached_adaptive_split
26.4,r01,r01,a,"$3,0,0,0,0,0,0,0,0#",17000,20000,104,22,cached_adaptive_split
26.4,r02,r02,w,"$1,0,0,0,0,0,0,0,0#",20000,20000,105,20,cached_adaptive_split
26.4,r03,r03,a,"$3,0,0,0,0,0,0,0,0#",18000,20000,111,42,cached_adaptive_split
26.4,r04,r04,w,"$1,0,0,0,0,0,0,0,0#",16000,16000,-42,57,cached_adaptive_split
26.4,r05,r05,w,"$1,0,0,0,0,0,0,0,0#",19000,20000,-48,41,cached_adaptive_split
26.4,r06,r06,w,"$1,0,0,0,0,0,0,0,0#",20000,19000,-117,44,cached_adaptive_split
26.4,r07,r07,w,"$1,0,0,0,0,0,0,0,0#",16000,16000,-103,86,cached_adaptive_split
26.6,r01,r01,a,"$3,0,0,0,0,0,0,0,0#",18000,20000,105,24,adaptive_split_to_bypass_target
26.6,r02,r02,a,"$3,0,0,0,0,0,0,0,0#",18000,20000,107,21,adaptive_split_to_bypass_target
26.6,r03,r03,w,"$1,0,0,0,0,0,0,0,0#",19000,20000,112,46,adaptive_split_to_bypass_target
26.6,r04,r04,w,"$1,0,0,0,0,0,0,0,0#",16000,16000,-44,52,adaptive_split_to_bypass_target
26.6,r05,r05,a,"$3,0,0,0,0,0,0,0,0#",10000,20000,-67,37,adaptive_split_to_bypass_target
26.6,r06,r06,w,"$1,0,0,0,0,0,0,0,0#",20000,19000,-118,45,adaptive_split_to_bypass_target
26.6,r07,r07,w,"$1,0,0,0,0,0,0,0,0#",16000,16000,-106,87,adaptive_split_to_bypass_target
26.8,r01,r01,a,"$3,0,0,0,0,0,0,0,0#",18000,20000,105,26,cached_adaptive_split
26.8,r02,r02,a,"$3,0,0,0,0,0,0,0,0#",18000,20000,108,22,cached_adaptive_split
26.8,r03,r03,w,"$1,0,0,0,0,0,0,0,0#",19000,20000,114,49,cached_adaptive_split
26.8,r04,r04,w,"$1,0,0,0,0,0,0,0,0#",16000,16000,-47,48,cached_adaptive_split
26.8,r05,r05,a,"$3,0,0,0,0,0,0,0,0#",14000,20000,-84,33,cached_adaptive_split
26.8,r06,r06,w,"$1,0,0,0,0,0,0,0,0#",20000,19000,-119,46,cached_adaptive_split
26.8,r07,r07,w,"$1,0,0,0,0,0,0,0,0#",16000,16000,-108,87,cached_adaptive_split
27.0,r01,r01,a,"$3,0,0,0,0,0,0,0,0#",18000,20000,106,30,cached_adaptive_split
27.0,r02,r02,a,"$3,0,0,0,0,0,0,0,0#",18000,20000,109,22,cached_adaptive_split
27.0,r03,r03,w,"$1,0,0,0,0,0,0,0,0#",19000,20000,115,53,cached_adaptive_split
27.0,r04,r04,w,"$1,0,0,0,0,0,0,0,0#",16000,16000,-50,44,cached_adaptive_split
27.0,r05,r05,w,"$1,0,0,0,0,0,0,0,0#",19000,20000,-92,32,cached_adaptive_split
27.0,r06,r06,w,"$1,0,0,0,0,0,0,0,0#",20000,19000,-121,49,cached_adaptive_split
27.0,r07,r07,w,"$1,0,0,0,0,0,0,0,0#",16000,16000,-111,88,cached_adaptive_split
27.2,r01,r01,a,"$3,0,0,0,0,0,0,0,0#",18000,20000,107,34,adaptive_split_to_bypass_target
27.2,r02,r02,a,"$3,0,0,0,0,0,0,0,0#",17000,20000,109,22,adaptive_split_to_bypass_target
27.2,r03,r03,w,"$1,0,0,0,0,0,0,0,0#",19000,20000,116,56,adaptive_split_to_bypass_target
27.2,r04,r04,a,"$3,0,0,0,0,0,0,0,0#",11000,20000,-66,41,adaptive_split_to_bypass_target
27.2,r05,r05,w,"$1,0,0,0,0,0,0,0,0#",20000,19000,-95,31,adaptive_split_to_bypass_target
27.2,r06,r06,w,"$1,0,0,0,0,0,0,0,0#",20000,19000,-122,51,adaptive_split_to_bypass_target
27.2,r07,r07,w,"$1,0,0,0,0,0,0,0,0#",16000,16000,-113,89,adaptive_split_to_bypass_target
27.4,r01,r01,a,"$3,0,0,0,0,0,0,0,0#",18000,20000,108,38,cached_adaptive_split
27.4,r02,r02,a,"$3,0,0,0,0,0,0,0,0#",17000,20000,108,21,cached_adaptive_split
27.4,r03,r03,w,"$1,0,0,0,0,0,0,0,0#",19000,20000,117,58,cached_adaptive_split
27.4,r04,r04,a,"$3,0,0,0,0,0,0,0,0#",14000,20000,-84,40,cached_adaptive_split
27.4,r05,r05,w,"$1,0,0,0,0,0,0,0,0#",20000,19000,-97,31,cached_adaptive_split
27.4,r06,r06,w,"$1,0,0,0,0,0,0,0,0#",20000,19000,-123,54,cached_adaptive_split
27.4,r07,r07,w,"$1,0,0,0,0,0,0,0,0#",16000,16000,-116,91,cached_adaptive_split
27.6,r01,r01,a,"$3,0,0,0,0,0,0,0,0#",18000,20000,109,42,cached_adaptive_split
27.6,r02,r02,a,"$3,0,0,0,0,0,0,0,0#",17000,20000,107,20,cached_adaptive_split
27.6,r03,r03,d,"$4,0,0,0,0,0,0,0,0#",18000,15000,124,61,cached_adaptive_split
27.6,r04,r04,w,"$1,0,0,0,0,0,0,0,0#",19000,20000,-93,38,cached_adaptive_split
27.6,r05,r05,d,"$4,0,0,0,0,0,0,0,0#",20000,18000,-99,32,cached_adaptive_split
27.6,r06,r06,a,"$3,0,0,0,0,0,0,0,0#",11000,19000,-135,58,cached_adaptive_split
27.6,r07,r07,w,"$1,0,0,0,0,0,0,0,0#",16000,16000,-118,93,cached_adaptive_split
27.8,r01,r01,a,"$3,0,0,0,0,0,0,0,0#",18000,20000,110,46,adaptive_split_to_bypass_target
27.8,r02,r02,a,"$3,0,0,0,0,0,0,0,0#",17000,20000,106,21,adaptive_split_to_bypass_target
27.8,r03,r03,a,"$3,0,0,0,0,0,0,0,0#",17000,20000,122,63,adaptive_split_to_bypass_target
27.8,r04,r04,w,"$1,0,0,0,0,0,0,0,0#",20000,19000,-97,36,adaptive_split_to_bypass_target
27.8,r05,r05,d,"$4,0,0,0,0,0,0,0,0#",20000,18000,-100,34,adaptive_split_to_bypass_target
27.8,r06,r06,a,"$3,0,0,0,0,0,0,0,0#",13000,19000,-145,63,adaptive_split_to_bypass_target
27.8,r07,r07,w,"$1,0,0,0,0,0,0,0,0#",16000,16000,-120,95,adaptive_split_to_bypass_target
28.0,r01,r01,a,"$3,0,0,0,0,0,0,0,0#",18000,20000,111,49,cached_adaptive_split
28.0,r02,r02,a,"$3,0,0,0,0,0,0,0,0#",17000,20000,106,22,cached_adaptive_split
28.0,r03,r03,a,"$3,0,0,0,0,0,0,0,0#",18000,20000,121,65,cached_adaptive_split
28.0,r04,r04,d,"$4,0,0,0,0,0,0,0,0#",20000,18000,-98,35,cached_adaptive_split
28.0,r05,r05,d,"$4,0,0,0,0,0,0,0,0#",20000,18000,-101,36,cached_adaptive_split
28.0,r06,r06,a,"$3,0,0,0,0,0,0,0,0#",15000,18000,-150,68,cached_adaptive_split
28.0,r07,r07,w,"$1,0,0,0,0,0,0,0,0#",16000,16000,-122,98,cached_adaptive_split
28.2,r01,r01,w,"$1,0,0,0,0,0,0,0,0#",19000,20000,112,51,cached_adaptive_split
28.2,r02,r02,a,"$3,0,0,0,0,0,0,0,0#",18000,20000,106,25,cached_adaptive_split
28.2,r03,r03,d,"$4,0,0,0,0,0,0,0,0#",19000,13000,132,68,cached_adaptive_split
28.2,r04,r04,d,"$4,0,0,0,0,0,0,0,0#",20000,18000,-98,34,cached_adaptive_split
28.2,r05,r05,d,"$4,0,0,0,0,0,0,0,0#",20000,18000,-102,39,cached_adaptive_split
28.2,r06,r06,a,"$3,0,0,0,0,0,0,0,0#",5000,16000,-166,72,cached_adaptive_split
28.2,r07,r07,w,"$1,0,0,0,0,0,0,0,0#",16000,16000,-124,101,cached_adaptive_split
28.4,r01,r01,w,"$1,0,0,0,0,0,0,0,0#",19000,20000,114,53,adaptive_split_to_bypass_target
28.4,r02,r02,a,"$3,0,0,0,0,0,0,0,0#",18000,20000,107,28,adaptive_split_to_bypass_target
28.4,r03,r03,a,"$3,0,0,0,0,0,0,0,0#",18000,20000,131,71,adaptive_split_to_bypass_target
28.4,r04,r04,d,"$4,0,0,0,0,0,0,0,0#",20000,18000,-98,33,adaptive_split_to_bypass_target
28.4,r05,r05,d,"$4,0,0,0,0,0,0,0,0#",20000,18000,-103,43,adaptive_split_to_bypass_target
28.4,r06,r06,a,"$3,0,0,0,0,0,0,0,0#",15000,17000,-170,78,adaptive_split_to_bypass_target
28.4,r07,r07,w,"$1,0,0,0,0,0,0,0,0#",16000,16000,-126,104,adaptive_split_to_bypass_target
28.6,r01,r01,w,"$1,0,0,0,0,0,0,0,0#",19000,20000,115,55,cached_adaptive_split
28.6,r02,r02,a,"$3,0,0,0,0,0,0,0,0#",18000,20000,109,32,cached_adaptive_split
28.6,r03,r03,d,"$4,0,0,0,0,0,0,0,0#",18000,12000,142,75,cached_adaptive_split
28.6,r04,r04,d,"$4,0,0,0,0,0,0,0,0#",20000,18000,-98,33,cached_adaptive_split
28.6,r05,r05,d,"$4,0,0,0,0,0,0,0,0#",20000,18000,-104,46,cached_adaptive_split
28.6,r06,r06,a,"$3,0,0,0,0,0,0,0,0#",4000,16000,174,82,cached_adaptive_split
28.6,r07,r07,w,"$1,0,0,0,0,0,0,0,0#",16000,16000,-128,107,cached_adaptive_split
28.8,r01,r01,w,"$1,0,0,0,0,0,0,0,0#",19000,20000,118,57,adaptive_split_to_bypass_target
28.8,r02,r02,w,"$1,0,0,0,0,0,0,0,0#",19000,20000,110,36,adaptive_split_to_bypass_target
28.8,r03,r03,d,"$4,0,0,0,0,0,0,0,0#",19000,11000,154,80,adaptive_split_to_bypass_target
28.8,r04,r04,d,"$4,0,0,0,0,0,0,0,0#",20000,18000,-98,34,adaptive_split_to_bypass_target
28.8,r05,r05,w,"$1,0,0,0,0,0,0,0,0#",20000,19000,-105,50,adaptive_split_to_bypass_target
28.8,r06,r06,a,"$3,0,0,0,0,0,0,0,0#",4000,6000,170,83,adaptive_split_to_bypass_target
28.8,r07,r07,w,"$1,0,0,0,0,0,0,0,0#",16000,16000,-129,111,adaptive_split_to_bypass_target
29.0,r01,r01,w,"$1,0,0,0,0,0,0,0,0#",20000,20000,121,59,adaptive_split_to_bypass_target
29.0,r02,r02,w,"$1,0,0,0,0,0,0,0,0#",19000,20000,112,41,adaptive_split_to_bypass_target
29.0,r03,r03,d,"$4,0,0,0,0,0,0,0,0#",19000,13000,162,85,adaptive_split_to_bypass_target
29.0,r04,r04,d,"$4,0,0,0,0,0,0,0,0#",20000,8000,-84,33,adaptive_split_to_bypass_target
29.0,r05,r05,w,"$1,0,0,0,0,0,0,0,0#",20000,19000,-106,53,adaptive_split_to_bypass_target
29.0,r06,r06,d,"$4,0,0,0,0,0,0,0,0#",11000,4000,180,86,adaptive_split_to_bypass_target
29.0,r07,r07,w,"$1,0,0,0,0,0,0,0,0#",16000,16000,-131,115,adaptive_split_to_bypass_target
29.2,r01,r01,w,"$1,0,0,0,0,0,0,0,0#",20000,20000,124,61,cached_adaptive_split
29.2,r02,r02,w,"$1,0,0,0,0,0,0,0,0#",19000,20000,113,45,cached_adaptive_split
29.2,r03,r03,d,"$4,0,0,0,0,0,0,0,0#",18000,15000,167,91,cached_adaptive_split
29.2,r04,r04,d,"$4,0,0,0,0,0,0,0,0#",20000,9000,-73,32,cached_adaptive_split
29.2,r05,r05,w,"$1,0,0,0,0,0,0,0,0#",20000,19000,-107,55,cached_adaptive_split
29.2,r06,r06,d,"$4,0,0,0,0,0,0,0,0#",16000,4000,-161,89,cached_adaptive_split
29.2,r07,r07,w,"$1,0,0,0,0,0,0,0,0#",16000,16000,-133,119,cached_adaptive_split
29.4,r01,r01,d,"$4,0,0,0,0,0,0,0,0#",19000,10000,137,65,adaptive_split_to_bypass_target
29.4,r02,r02,w,"$1,0,0,0,0,0,0,0,0#",19000,20000,115,49,adaptive_split_to_bypass_target
29.4,r03,r03,d,"$4,0,0,0,0,0,0,0,0#",18000,14000,172,97,adaptive_split_to_bypass_target
29.4,r04,r04,d,"$4,0,0,0,0,0,0,0,0#",20000,18000,-75,31,adaptive_split_to_bypass_target
29.4,r05,r05,w,"$1,0,0,0,0,0,0,0,0#",20000,19000,-108,58,adaptive_split_to_bypass_target
29.4,r06,r06,d,"$4,0,0,0,0,0,0,0,0#",18000,11000,-153,94,adaptive_split_to_bypass_target
29.4,r07,r07,w,"$1,0,0,0,0,0,0,0,0#",16000,16000,-134,123,adaptive_split_to_bypass_target
29.6,r01,r01,d,"$4,0,0,0,0,0,0,0,0#",20000,6000,159,69,adaptive_split_to_bypass_target
29.6,r02,r02,w,"$1,0,0,0,0,0,0,0,0#",19000,20000,117,53,adaptive_split_to_bypass_target
29.6,r03,r03,d,"$4,0,0,0,0,0,0,0,0#",18000,15000,176,103,adaptive_split_to_bypass_target
29.6,r04,r04,a,"$3,0,0,0,0,0,0,0,0#",15000,20000,-90,33,adaptive_split_to_bypass_target
29.6,r05,r05,w,"$1,0,0,0,0,0,0,0,0#",20000,19000,-109,60,adaptive_split_to_bypass_target
29.6,r06,r06,d,"$4,0,0,0,0,0,0,0,0#",10000,7000,-150,97,adaptive_split_to_bypass_target; completion_unstuck
29.6,r07,r07,w,"$1,0,0,0,0,0,0,0,0#",11000,11000,-135,125,adaptive_split_to_bypass_target
29.8,r01,r01,d,"$4,0,0,0,0,0,0,0,0#",20000,8000,175,74,path_to_final_target
29.8,r02,r02,w,"$1,0,0,0,0,0,0,0,0#",20000,20000,120,56,path_to_final_target
29.8,r03,r03,d,"$4,0,0,0,0,0,0,0,0#",19000,13000,-176,109,path_to_final_target
29.8,r04,r04,w,"$1,0,0,0,0,0,0,0,0#",20000,20000,-97,36,path_to_final_target
29.8,r05,r05,d,"$4,0,0,0,0,0,0,0,0#",20000,18000,-109,61,path_to_final_target
29.8,r06,r06,d,"$4,0,0,0,0,0,0,0,0#",17000,12000,-144,102,path_to_final_target
29.8,r07,r07,d,"$4,0,0,0,0,0,0,0,0#",18000,15000,-132,130,path_to_final_target
30.0,r01,r01,d,"$4,0,0,0,0,0,0,0,0#",20000,10000,-172,80,cached_path_to_final_target
30.0,r02,r02,d,"$4,0,0,0,0,0,0,0,0#",19000,10000,135,60,cached_path_to_final_target
30.0,r03,r03,d,"$4,0,0,0,0,0,0,0,0#",19000,12000,-167,115,cached_path_to_final_target
30.0,r04,r04,w,"$1,0,0,0,0,0,0,0,0#",20000,19000,-100,39,cached_path_to_final_target
30.0,r05,r05,d,"$4,0,0,0,0,0,0,0,0#",20000,18000,-109,62,cached_path_to_final_target
30.0,r06,r06,d,"$4,0,0,0,0,0,0,0,0#",11000,6000,-138,104,cached_path_to_final_target; completion_unstuck
30.0,r07,r07,d,"$4,0,0,0,0,0,0,0,0#",12000,9000,-129,132,cached_path_to_final_target; completion_unstuck
30.2,r01,r01,d,"$4,0,0,0,0,0,0,0,0#",19000,12000,-162,86,path_to_final_target
30.2,r02,r02,d,"$4,0,0,0,0,0,0,0,0#",20000,6000,155,64,path_to_final_target
30.2,r03,r03,d,"$4,0,0,0,0,0,0,0,0#",19000,13000,-159,121,path_to_final_target
30.2,r04,r04,w,"$1,0,0,0,0,0,0,0,0#",20000,19000,-102,42,path_to_final_target
30.2,r05,r05,w,"$1,0,0,0,0,0,0,0,0#",20000,19000,-110,62,path_to_final_target
30.2,r06,r06,d,"$4,0,0,0,0,0,0,0,0#",16000,13000,-136,108,path_to_final_target
30.2,r07,r07,w,"$1,0,0,0,0,0,0,0,0#",17000,16000,-129,136,path_to_final_target
30.4,r01,r01,d,"$4,0,0,0,0,0,0,0,0#",19000,13000,-156,91,cached_path_to_final_target
30.4,r02,r02,d,"$4,0,0,0,0,0,0,0,0#",20000,11000,168,70,cached_path_to_final_target
30.4,r03,r03,d,"$4,0,0,0,0,0,0,0,0#",18000,14000,-154,127,cached_path_to_final_target
30.4,r04,r04,w,"$1,0,0,0,0,0,0,0,0#",20000,19000,-104,45,cached_path_to_final_target
30.4,r05,r05,w,"$1,0,0,0,0,0,0,0,0#",20000,19000,-111,63,cached_path_to_final_target
30.4,r06,r06,w,"$1,0,0,0,0,0,0,0,0#",9000,8000,-135,111,cached_path_to_final_target
30.4,r07,r07,w,"$1,0,0,0,0,0,0,0,0#",17000,16000,-130,140,cached_path_to_final_target
30.6,r01,r01,d,"$4,0,0,0,0,0,0,0,0#",18000,15000,-152,97,cached_path_to_final_target
30.6,r02,r02,d,"$4,0,0,0,0,0,0,0,0#",19000,13000,176,76,cached_path_to_final_target
30.6,r03,r03,d,"$4,0,0,0,0,0,0,0,0#",18000,15000,-151,132,cached_path_to_final_target
30.6,r04,r04,w,"$1,0,0,0,0,0,0,0,0#",20000,19000,-105,47,cached_path_to_final_target
30.6,r05,r05,w,"$1,0,0,0,0,0,0,0,0#",20000,19000,-112,64,cached_path_to_final_target
30.6,r06,r06,w,"$1,0,0,0,0,0,0,0,0#",6000,5000,-134,112,cached_path_to_final_target
30.6,r07,r07,w,"$1,0,0,0,0,0,0,0,0#",17000,16000,-131,144,cached_path_to_final_target
30.8,r01,r01,d,"$4,0,0,0,0,0,0,0,0#",17000,15000,-151,103,path_to_final_target
30.8,r02,r02,d,"$4,0,0,0,0,0,0,0,0#",18000,15000,-180,82,path_to_final_target
30.8,r03,r03,d,"$4,0,0,0,0,0,0,0,0#",17000,15000,-150,138,path_to_final_target
30.8,r04,r04,w,"$1,0,0,0,0,0,0,0,0#",20000,19000,-107,49,path_to_final_target
30.8,r05,r05,w,"$1,0,0,0,0,0,0,0,0#",20000,19000,-113,65,path_to_final_target
30.8,r06,r06,w,"$1,0,0,0,0,0,0,0,0#",6000,6000,-135,114,path_to_final_target
30.8,r07,r07,w,"$1,0,0,0,0,0,0,0,0#",16000,16000,-132,148,path_to_final_target
31.0,r01,r01,w,"$1,0,0,0,0,0,0,0,0#",17000,16000,-151,109,cached_path_to_final_target
31.0,r02,r02,w,"$1,0,0,0,0,0,0,0,0#",17000,16000,-178,88,cached_path_to_final_target
31.0,r03,r03,w,"$1,0,0,0,0,0,0,0,0#",17000,16000,-149,144,cached_path_to_final_target
31.0,r04,r04,w,"$1,0,0,0,0,0,0,0,0#",20000,19000,-108,50,cached_path_to_final_target
31.0,r05,r05,w,"$1,0,0,0,0,0,0,0,0#",20000,19000,-114,67,cached_path_to_final_target
31.0,r06,r06,w,"$1,0,0,0,0,0,0,0,0#",12000,11000,-135,117,cached_path_to_final_target
31.0,r07,r07,w,"$1,0,0,0,0,0,0,0,0#",16000,16000,-133,153,cached_path_to_final_target
31.2,r01,r01,w,"$1,0,0,0,0,0,0,0,0#",17000,16000,-151,115,cached_path_to_final_target
31.2,r02,r02,w,"$1,0,0,0,0,0,0,0,0#",17000,16000,-177,94,cached_path_to_final_target
31.2,r03,r03,w,"$1,0,0,0,0,0,0,0,0#",17000,16000,-150,149,cached_path_to_final_target
31.2,r04,r04,w,"$1,0,0,0,0,0,0,0,0#",20000,19000,-109,51,cached_path_to_final_target
31.2,r05,r05,w,"$1,0,0,0,0,0,0,0,0#",20000,19000,-115,69,cached_path_to_final_target
31.2,r06,r06,w,"$1,0,0,0,0,0,0,0,0#",16000,16000,-137,122,cached_path_to_final_target
31.2,r07,r07,w,"$1,0,0,0,0,0,0,0,0#",16000,16000,-135,157,cached_path_to_final_target
31.4,r01,r01,w,"$1,0,0,0,0,0,0,0,0#",17000,16000,-152,120,path_to_final_target
31.4,r02,r02,w,"$1,0,0,0,0,0,0,0,0#",17000,16000,-177,101,path_to_final_target
31.4,r03,r03,w,"$1,0,0,0,0,0,0,0,0#",16000,16000,-150,155,path_to_final_target
31.4,r04,r04,w,"$1,0,0,0,0,0,0,0,0#",20000,19000,-110,51,path_to_final_target
31.4,r05,r05,w,"$1,0,0,0,0,0,0,0,0#",20000,19000,-116,71,path_to_final_target
31.4,r06,r06,w,"$1,0,0,0,0,0,0,0,0#",16000,16000,-138,126,path_to_final_target
31.4,r07,r07,w,"$1,0,0,0,0,0,0,0,0#",16000,16000,-136,162,path_to_final_target
31.6,r01,r01,w,"$1,0,0,0,0,0,0,0,0#",16000,16000,-153,126,cached_path_to_final_target
31.6,r02,r02,w,"$1,0,0,0,0,0,0,0,0#",16000,16000,-177,107,cached_path_to_final_target
31.6,r03,r03,w,"$1,0,0,0,0,0,0,0,0#",16000,16000,-151,161,cached_path_to_final_target
31.6,r04,r04,w,"$1,0,0,0,0,0,0,0,0#",20000,19000,-112,51,cached_path_to_final_target
31.6,r05,r05,w,"$1,0,0,0,0,0,0,0,0#",20000,19000,-117,74,cached_path_to_final_target
31.6,r06,r06,w,"$1,0,0,0,0,0,0,0,0#",16000,16000,-140,131,cached_path_to_final_target
31.6,r07,r07,w,"$1,0,0,0,0,0,0,0,0#",16000,16000,-137,166,cached_path_to_final_target
31.8,r01,r01,w,"$1,0,0,0,0,0,0,0,0#",16000,16000,-154,132,cached_path_to_final_target
31.8,r02,r02,w,"$1,0,0,0,0,0,0,0,0#",16000,16000,-177,113,cached_path_to_final_target
31.8,r03,r03,w,"$1,0,0,0,0,0,0,0,0#",16000,16000,-152,166,cached_path_to_final_target
31.8,r04,r04,w,"$1,0,0,0,0,0,0,0,0#",20000,19000,-113,52,cached_path_to_final_target
31.8,r05,r05,w,"$1,0,0,0,0,0,0,0,0#",20000,19000,-117,77,cached_path_to_final_target
31.8,r06,r06,w,"$1,0,0,0,0,0,0,0,0#",16000,16000,-141,136,cached_path_to_final_target
31.8,r07,r07,w,"$1,0,0,0,0,0,0,0,0#",16000,16000,-138,171,cached_path_to_final_target
32.0,r01,r01,w,"$1,0,0,0,0,0,0,0,0#",16000,16000,-155,138,path_to_final_target
32.0,r02,r02,w,"$1,0,0,0,0,0,0,0,0#",16000,16000,-177,119,path_to_final_target
32.0,r03,r03,w,"$1,0,0,0,0,0,0,0,0#",16000,16000,-153,172,path_to_final_target
32.0,r04,r04,w,"$1,0,0,0,0,0,0,0,0#",20000,19000,-114,54,path_to_final_target
32.0,r05,r05,w,"$1,0,0,0,0,0,0,0,0#",20000,19000,-118,81,path_to_final_target
32.0,r06,r06,w,"$1,0,0,0,0,0,0,0,0#",16000,16000,-142,141,path_to_final_target
32.0,r07,r07,w,"$1,0,0,0,0,0,0,0,0#",16000,16000,-139,176,path_to_final_target
32.2,r01,r01,w,"$1,0,0,0,0,0,0,0,0#",16000,16000,-155,144,cached_path_to_final_target
32.2,r02,r02,w,"$1,0,0,0,0,0,0,0,0#",11000,11000,-177,123,cached_path_to_final_target; completion_unstuck
32.2,r03,r03,w,"$1,0,0,0,0,0,0,0,0#",16000,16000,-153,178,cached_path_to_final_target
32.2,r04,r04,w,"$1,0,0,0,0,0,0,0,0#",20000,19000,-115,56,cached_path_to_final_target
32.2,r05,r05,a,"$3,0,0,0,0,0,0,0,0#",13000,19000,-129,85,cached_path_to_final_target
32.2,r06,r06,w,"$1,0,0,0,0,0,0,0,0#",16000,16000,-143,147,cached_path_to_final_target
32.2,r07,r07,w,"$1,0,0,0,0,0,0,0,0#",16000,16000,-140,181,cached_path_to_final_target
32.4,r01,r01,w,"$1,0,0,0,0,0,0,0,0#",16000,16000,-156,150,cached_path_to_final_target
32.4,r02,r02,w,"$1,0,0,0,0,0,0,0,0#",8000,8000,-177,126,cached_path_to_final_target; completion_unstuck
32.4,r03,r03,w,"$1,0,0,0,0,0,0,0,0#",16000,16000,-154,184,cached_path_to_final_target
32.4,r04,r04,w,"$1,0,0,0,0,0,0,0,0#",20000,19000,-116,58,cached_path_to_final_target
32.4,r05,r05,a,"$3,0,0,0,0,0,0,0,0#",15000,18000,-134,89,cached_path_to_final_target
32.4,r06,r06,w,"$1,0,0,0,0,0,0,0,0#",16000,16000,-144,152,cached_path_to_final_target
32.4,r07,r07,w,"$1,0,0,0,0,0,0,0,0#",16000,16000,-141,186,cached_path_to_final_target
32.6,r01,r01,w,"$1,0,0,0,0,0,0,0,0#",16000,16000,-157,156,path_to_final_target
32.6,r02,r02,w,"$1,0,0,0,0,0,0,0,0#",14000,13000,-177,131,path_to_final_target
32.6,r03,r03,w,"$1,0,0,0,0,0,0,0,0#",16000,16000,-155,190,path_to_final_target
32.6,r04,r04,w,"$1,0,0,0,0,0,0,0,0#",20000,19000,-117,61,path_to_final_target
32.6,r05,r05,w,"$1,0,0,0,0,0,0,0,0#",16000,17000,-137,94,path_to_final_target
32.6,r06,r06,w,"$1,0,0,0,0,0,0,0,0#",16000,16000,-145,157,path_to_final_target
32.6,r07,r07,w,"$1,0,0,0,0,0,0,0,0#",16000,16000,-142,191,path_to_final_target
32.8,r01,r01,w,"$1,0,0,0,0,0,0,0,0#",16000,16000,-158,162,cached_path_to_final_target
32.8,r02,r02,w,"$1,0,0,0,0,0,0,0,0#",16000,16000,-177,138,cached_path_to_final_target
32.8,r03,r03,w,"$1,0,0,0,0,0,0,0,0#",16000,16000,-155,195,cached_path_to_final_target
32.8,r04,r04,w,"$1,0,0,0,0,0,0,0,0#",20000,19000,-118,64,cached_path_to_final_target
32.8,r05,r05,w,"$1,0,0,0,0,0,0,0,0#",16000,17000,-139,99,cached_path_to_final_target
32.8,r06,r06,w,"$1,0,0,0,0,0,0,0,0#",16000,16000,-146,162,cached_path_to_final_target
32.8,r07,r07,w,"$1,0,0,0,0,0,0,0,0#",16000,16000,-143,196,cached_path_to_final_target
33.0,r01,r01,w,"$1,0,0,0,0,0,0,0,0#",16000,16000,-158,168,cached_path_to_final_target
33.0,r02,r02,w,"$1,0,0,0,0,0,0,0,0#",11000,11000,-177,142,cached_path_to_final_target; completion_unstuck
33.0,r03,r03,w,"$1,0,0,0,0,0,0,0,0#",16000,16000,-156,201,cached_path_to_final_target
33.0,r04,r04,w,"$1,0,0,0,0,0,0,0,0#",20000,19000,-119,68,cached_path_to_final_target
33.0,r05,r05,w,"$1,0,0,0,0,0,0,0,0#",16000,16000,-141,104,cached_path_to_final_target
33.0,r06,r06,w,"$1,0,0,0,0,0,0,0,0#",16000,16000,-147,168,cached_path_to_final_target
33.0,r07,r07,w,"$1,0,0,0,0,0,0,0,0#",16000,16000,-144,201,cached_path_to_final_target
33.2,r01,r01,w,"$1,0,0,0,0,0,0,0,0#",16000,16000,-159,174,path_to_final_target
33.2,r02,r02,w,"$1,0,0,0,0,0,0,0,0#",8000,8000,-177,145,path_to_final_target; completion_unstuck
33.2,r03,r03,w,"$1,0,0,0,0,0,0,0,0#",16000,16000,-156,207,path_to_final_target
33.2,r04,r04,w,"$1,0,0,0,0,0,0,0,0#",20000,19000,-120,71,path_to_final_target
33.2,r05,r05,w,"$1,0,0,0,0,0,0,0,0#",16000,16000,-143,109,path_to_final_target
33.2,r06,r06,w,"$1,0,0,0,0,0,0,0,0#",16000,16000,-148,173,path_to_final_target
33.2,r07,r07,w,"$1,0,0,0,0,0,0,0,0#",16000,16000,-145,206,path_to_final_target
33.4,r01,r01,w,"$1,0,0,0,0,0,0,0,0#",16000,16000,-159,180,cached_path_to_final_target
33.4,r02,r02,w,"$1,0,0,0,0,0,0,0,0#",14000,13000,-177,150,cached_path_to_final_target
33.4,r03,r03,w,"$1,0,0,0,0,0,0,0,0#",16000,16000,-157,213,cached_path_to_final_target
33.4,r04,r04,w,"$1,0,0,0,0,0,0,0,0#",20000,19000,-121,75,cached_path_to_final_target
33.4,r05,r05,w,"$1,0,0,0,0,0,0,0,0#",16000,16000,-144,114,cached_path_to_final_target
33.4,r06,r06,w,"$1,0,0,0,0,0,0,0,0#",16000,16000,-149,179,cached_path_to_final_target
33.4,r07,r07,w,"$1,0,0,0,0,0,0,0,0#",16000,16000,-145,212,cached_path_to_final_target
33.6,r01,r01,w,"$1,0,0,0,0,0,0,0,0#",16000,16000,-160,186,cached_path_to_final_target
33.6,r02,r02,w,"$1,0,0,0,0,0,0,0,0#",16000,16000,-177,156,cached_path_to_final_target
33.6,r03,r03,w,"$1,0,0,0,0,0,0,0,0#",16000,16000,-158,219,cached_path_to_final_target
33.6,r04,r04,w,"$1,0,0,0,0,0,0,0,0#",20000,19000,-122,80,cached_path_to_final_target
33.6,r05,r05,w,"$1,0,0,0,0,0,0,0,0#",16000,16000,-145,120,cached_path_to_final_target
33.6,r06,r06,w,"$1,0,0,0,0,0,0,0,0#",11000,11000,-149,183,cached_path_to_final_target
33.6,r07,r07,w,"$1,0,0,0,0,0,0,0,0#",16000,16000,-146,217,cached_path_to_final_target
33.8,r01,r01,w,"$1,0,0,0,0,0,0,0,0#",16000,16000,-160,192,path_to_final_target
33.8,r02,r02,w,"$1,0,0,0,0,0,0,0,0#",16000,16000,-177,162,path_to_final_target
33.8,r03,r03,w,"$1,0,0,0,0,0,0,0,0#",16000,16000,-158,225,path_to_final_target
33.8,r04,r04,w,"$1,0,0,0,0,0,0,0,0#",20000,19000,-123,84,path_to_final_target
33.8,r05,r05,w,"$1,0,0,0,0,0,0,0,0#",16000,16000,-146,125,path_to_final_target
33.8,r06,r06,w,"$1,0,0,0,0,0,0,0,0#",16000,16000,-150,188,path_to_final_target
33.8,r07,r07,w,"$1,0,0,0,0,0,0,0,0#",16000,16000,-147,223,path_to_final_target
34.0,r01,r01,w,"$1,0,0,0,0,0,0,0,0#",16000,16000,-161,198,cached_path_to_final_target
34.0,r02,r02,w,"$1,0,0,0,0,0,0,0,0#",11000,11000,-178,166,cached_path_to_final_target
34.0,r03,r03,w,"$1,0,0,0,0,0,0,0,0#",16000,16000,-159,231,cached_path_to_final_target
34.0,r04,r04,a,"$3,0,0,0,0,0,0,0,0#",11000,19000,-135,89,cached_path_to_final_target
34.0,r05,r05,w,"$1,0,0,0,0,0,0,0,0#",16000,16000,-148,130,cached_path_to_final_target
34.0,r06,r06,w,"$1,0,0,0,0,0,0,0,0#",16000,16000,-151,194,cached_path_to_final_target
34.0,r07,r07,w,"$1,0,0,0,0,0,0,0,0#",16000,16000,-148,228,cached_path_to_final_target
34.2,r01,r01,w,"$1,0,0,0,0,0,0,0,0#",16000,16000,-161,205,cached_path_to_final_target
34.2,r02,r02,w,"$1,0,0,0,0,0,0,0,0#",16000,16000,-178,172,cached_path_to_final_target
34.2,r03,r03,w,"$1,0,0,0,0,0,0,0,0#",16000,16000,-159,237,cached_path_to_final_target
34.2,r04,r04,a,"$3,0,0,0,0,0,0,0,0#",13000,19000,-145,94,cached_path_to_final_target
34.2,r05,r05,w,"$1,0,0,0,0,0,0,0,0#",16000,16000,-149,136,cached_path_to_final_target
34.2,r06,r06,w,"$1,0,0,0,0,0,0,0,0#",16000,16000,-151,199,cached_path_to_final_target
34.2,r07,r07,w,"$1,0,0,0,0,0,0,0,0#",16000,16000,-148,233,cached_path_to_final_target
34.4,r01,r01,w,"$1,0,0,0,0,0,0,0,0#",16000,16000,-162,211,path_to_final_target
34.4,r02,r02,w,"$1,0,0,0,0,0,0,0,0#",16000,16000,-178,179,path_to_final_target
34.4,r03,r03,w,"$1,0,0,0,0,0,0,0,0#",16000,16000,-159,243,path_to_final_target
34.4,r04,r04,a,"$3,0,0,0,0,0,0,0,0#",15000,18000,-150,100,path_to_final_target
34.4,r05,r05,w,"$1,0,0,0,0,0,0,0,0#",16000,16000,-150,142,path_to_final_target
34.4,r06,r06,w,"$1,0,0,0,0,0,0,0,0#",16000,16000,-152,205,path_to_final_target
34.4,r07,r07,w,"$1,0,0,0,0,0,0,0,0#",16000,16000,-149,239,path_to_final_target
34.6,r01,r01,w,"$1,0,0,0,0,0,0,0,0#",16000,16000,-162,217,cached_path_to_final_target
34.6,r02,r02,w,"$1,0,0,0,0,0,0,0,0#",11000,11000,-178,183,cached_path_to_final_target; completion_unstuck
34.6,r03,r03,w,"$1,0,0,0,0,0,0,0,0#",16000,16000,-160,249,cached_path_to_final_target
34.6,r04,r04,w,"$1,0,0,0,0,0,0,0,0#",16000,17000,-153,105,cached_path_to_final_target
34.6,r05,r05,w,"$1,0,0,0,0,0,0,0,0#",16000,16000,-151,147,cached_path_to_final_target
34.6,r06,r06,w,"$1,0,0,0,0,0,0,0,0#",16000,16000,-153,211,cached_path_to_final_target
34.6,r07,r07,w,"$1,0,0,0,0,0,0,0,0#",16000,16000,-150,244,cached_path_to_final_target
34.8,r01,r01,w,"$1,0,0,0,0,0,0,0,0#",16000,16000,-163,223,cached_path_to_final_target
34.8,r02,r02,w,"$1,0,0,0,0,0,0,0,0#",16000,16000,-178,189,cached_path_to_final_target
34.8,r03,r03,w,"$1,0,0,0,0,0,0,0,0#",16000,16000,-160,255,cached_path_to_final_target
34.8,r04,r04,w,"$1,0,0,0,0,0,0,0,0#",16000,17000,-154,111,cached_path_to_final_target
34.8,r05,r05,w,"$1,0,0,0,0,0,0,0,0#",16000,16000,-151,153,cached_path_to_final_target
34.8,r06,r06,w,"$1,0,0,0,0,0,0,0,0#",16000,16000,-153,217,cached_path_to_final_target
34.8,r07,r07,w,"$1,0,0,0,0,0,0,0,0#",16000,16000,-150,250,cached_path_to_final_target
35.0,r01,r01,w,"$1,0,0,0,0,0,0,0,0#",16000,16000,-163,229,path_to_final_target
35.0,r02,r02,w,"$1,0,0,0,0,0,0,0,0#",16000,16000,-178,195,path_to_final_target
35.0,r03,r03,w,"$1,0,0,0,0,0,0,0,0#",16000,16000,-161,261,path_to_final_target
35.0,r04,r04,w,"$1,0,0,0,0,0,0,0,0#",16000,16000,-155,117,path_to_final_target
35.0,r05,r05,w,"$1,0,0,0,0,0,0,0,0#",16000,16000,-152,159,path_to_final_target
35.0,r06,r06,w,"$1,0,0,0,0,0,0,0,0#",16000,16000,-154,222,path_to_final_target
35.0,r07,r07,w,"$1,0,0,0,0,0,0,0,0#",16000,16000,-151,256,path_to_final_target
35.2,r01,r01,w,"$1,0,0,0,0,0,0,0,0#",16000,16000,-164,235,cached_path_to_final_target
35.2,r02,r02,w,"$1,0,0,0,0,0,0,0,0#",16000,16000,-178,201,cached_path_to_final_target
35.2,r03,r03,w,"$1,0,0,0,0,0,0,0,0#",16000,16000,-161,267,cached_path_to_final_target
35.2,r04,r04,w,"$1,0,0,0,0,0,0,0,0#",16000,16000,-156,123,cached_path_to_final_target
35.2,r05,r05,w,"$1,0,0,0,0,0,0,0,0#",16000,16000,-153,164,cached_path_to_final_target
35.2,r06,r06,w,"$1,0,0,0,0,0,0,0,0#",16000,16000,-155,228,cached_path_to_final_target
35.2,r07,r07,w,"$1,0,0,0,0,0,0,0,0#",16000,16000,-151,261,cached_path_to_final_target
35.4,r01,r01,w,"$1,0,0,0,0,0,0,0,0#",16000,16000,-164,241,cached_path_to_final_target
35.4,r02,r02,w,"$1,0,0,0,0,0,0,0,0#",11000,11000,-178,205,cached_path_to_final_target
35.4,r03,r03,w,"$1,0,0,0,0,0,0,0,0#",16000,16000,-161,273,cached_path_to_final_target
35.4,r04,r04,w,"$1,0,0,0,0,0,0,0,0#",16000,16000,-157,129,cached_path_to_final_target
35.4,r05,r05,w,"$1,0,0,0,0,0,0,0,0#",16000,16000,-154,170,cached_path_to_final_target
35.4,r06,r06,w,"$1,0,0,0,0,0,0,0,0#",16000,16000,-155,234,cached_path_to_final_target
35.4,r07,r07,w,"$1,0,0,0,0,0,0,0,0#",16000,16000,-152,267,cached_path_to_final_target
35.6,r01,r01,w,"$1,0,0,0,0,0,0,0,0#",16000,16000,-164,247,path_to_final_target
35.6,r02,r02,w,"$1,0,0,0,0,0,0,0,0#",16000,16000,-178,212,path_to_final_target
35.6,r03,r03,w,"$1,0,0,0,0,0,0,0,0#",16000,16000,-162,279,path_to_final_target
35.6,r04,r04,w,"$1,0,0,0,0,0,0,0,0#",16000,16000,-158,135,path_to_final_target
35.6,r05,r05,w,"$1,0,0,0,0,0,0,0,0#",16000,16000,-154,176,path_to_final_target
35.6,r06,r06,w,"$1,0,0,0,0,0,0,0,0#",16000,16000,-156,240,path_to_final_target
35.6,r07,r07,w,"$1,0,0,0,0,0,0,0,0#",16000,16000,-152,273,path_to_final_target
35.8,r01,r01,w,"$1,0,0,0,0,0,0,0,0#",16000,16000,-165,253,cached_path_to_final_target
35.8,r02,r02,w,"$1,0,0,0,0,0,0,0,0#",16000,16000,-178,218,cached_path_to_final_target
35.8,r03,r03,w,"$1,0,0,0,0,0,0,0,0#",16000,16000,-162,285,cached_path_to_final_target
35.8,r04,r04,w,"$1,0,0,0,0,0,0,0,0#",16000,16000,-159,141,cached_path_to_final_target
35.8,r05,r05,w,"$1,0,0,0,0,0,0,0,0#",16000,16000,-155,182,cached_path_to_final_target
35.8,r06,r06,w,"$1,0,0,0,0,0,0,0,0#",16000,16000,-156,246,cached_path_to_final_target
35.8,r07,r07,w,"$1,0,0,0,0,0,0,0,0#",16000,16000,-153,278,cached_path_to_final_target
36.0,r01,r01,w,"$1,0,0,0,0,0,0,0,0#",16000,16000,-165,259,cached_path_to_final_target
36.0,r02,r02,w,"$1,0,0,0,0,0,0,0,0#",16000,16000,-178,224,cached_path_to_final_target
36.0,r03,r03,w,"$1,0,0,0,0,0,0,0,0#",16000,16000,-162,291,cached_path_to_final_target
36.0,r04,r04,w,"$1,0,0,0,0,0,0,0,0#",16000,16000,-159,147,cached_path_to_final_target
36.0,r05,r05,w,"$1,0,0,0,0,0,0,0,0#",16000,16000,-156,188,cached_path_to_final_target
36.0,r06,r06,w,"$1,0,0,0,0,0,0,0,0#",16000,16000,-157,252,cached_path_to_final_target
36.0,r07,r07,w,"$1,0,0,0,0,0,0,0,0#",16000,16000,-153,284,cached_path_to_final_target
36.2,r01,r01,w,"$1,0,0,0,0,0,0,0,0#",16000,16000,-165,266,path_to_final_target
36.2,r02,r02,w,"$1,0,0,0,0,0,0,0,0#",16000,16000,-178,230,path_to_final_target
36.2,r03,r03,w,"$1,0,0,0,0,0,0,0,0#",16000,16000,-163,297,path_to_final_target
36.2,r04,r04,w,"$1,0,0,0,0,0,0,0,0#",16000,16000,-160,153,path_to_final_target
36.2,r05,r05,w,"$1,0,0,0,0,0,0,0,0#",16000,16000,-156,194,path_to_final_target
36.2,r06,r06,w,"$1,0,0,0,0,0,0,0,0#",16000,16000,-157,257,path_to_final_target
36.2,r07,r07,w,"$1,0,0,0,0,0,0,0,0#",16000,16000,-154,290,path_to_final_target
36.4,r01,r01,w,"$1,0,0,0,0,0,0,0,0#",20000,20000,-166,273,cached_path_to_final_target
36.4,r02,r02,w,"$1,0,0,0,0,0,0,0,0#",20000,20000,-178,238,cached_path_to_final_target
36.4,r03,r03,w,"$1,0,0,0,0,0,0,0,0#",20000,20000,-163,305,cached_path_to_final_target
36.4,r04,r04,w,"$1,0,0,0,0,0,0,0,0#",20000,20000,-161,160,cached_path_to_final_target
36.4,r05,r05,w,"$1,0,0,0,0,0,0,0,0#",20000,20000,-157,201,cached_path_to_final_target
36.4,r06,r06,w,"$1,0,0,0,0,0,0,0,0#",13000,13000,-157,262,cached_path_to_final_target
36.4,r07,r07,w,"$1,0,0,0,0,0,0,0,0#",20000,20000,-154,297,cached_path_to_final_target
36.6,r01,r01,w,"$1,0,0,0,0,0,0,0,0#",20000,20000,-166,280,cached_path_to_final_target
36.6,r02,r02,w,"$1,0,0,0,0,0,0,0,0#",20000,20000,-178,246,cached_path_to_final_target
36.6,r03,r03,w,"$1,0,0,0,0,0,0,0,0#",20000,20000,-163,312,cached_path_to_final_target
36.6,r04,r04,w,"$1,0,0,0,0,0,0,0,0#",20000,20000,-161,168,cached_path_to_final_target
36.6,r05,r05,w,"$1,0,0,0,0,0,0,0,0#",20000,20000,-158,208,cached_path_to_final_target
36.6,r06,r06,w,"$1,0,0,0,0,0,0,0,0#",19000,19000,-158,269,cached_path_to_final_target
36.6,r07,r07,w,"$1,0,0,0,0,0,0,0,0#",20000,20000,-155,304,cached_path_to_final_target
36.8,r01,r01,w,"$1,0,0,0,0,0,0,0,0#",20000,20000,-166,288,path_to_final_target
36.8,r02,r02,w,"$1,0,0,0,0,0,0,0,0#",20000,20000,-178,253,path_to_final_target
36.8,r03,r03,w,"$1,0,0,0,0,0,0,0,0#",20000,20000,-164,320,path_to_final_target
36.8,r04,r04,w,"$1,0,0,0,0,0,0,0,0#",20000,20000,-162,175,path_to_final_target
36.8,r05,r05,w,"$1,0,0,0,0,0,0,0,0#",20000,20000,-158,215,path_to_final_target
36.8,r06,r06,w,"$1,0,0,0,0,0,0,0,0#",20000,20000,-158,276,path_to_final_target
36.8,r07,r07,w,"$1,0,0,0,0,0,0,0,0#",20000,20000,-155,311,path_to_final_target
37.0,r01,r01,w,"$1,0,0,0,0,0,0,0,0#",20000,20000,-167,295,cached_path_to_final_target
37.0,r02,r02,w,"$1,0,0,0,0,0,0,0,0#",20000,20000,-178,261,cached_path_to_final_target
37.0,r03,r03,w,"$1,0,0,0,0,0,0,0,0#",20000,20000,-164,327,cached_path_to_final_target
37.0,r04,r04,w,"$1,0,0,0,0,0,0,0,0#",20000,20000,-163,183,cached_path_to_final_target
37.0,r05,r05,w,"$1,0,0,0,0,0,0,0,0#",20000,20000,-159,223,cached_path_to_final_target
37.0,r06,r06,w,"$1,0,0,0,0,0,0,0,0#",20000,20000,-159,283,cached_path_to_final_target
37.0,r07,r07,w,"$1,0,0,0,0,0,0,0,0#",20000,20000,-156,318,cached_path_to_final_target
37.2,r01,r01,w,"$1,0,0,0,0,0,0,0,0#",20000,20000,-167,303,cached_path_to_final_target
37.2,r02,r02,w,"$1,0,0,0,0,0,0,0,0#",20000,20000,-178,268,cached_path_to_final_target
37.2,r03,r03,w,"$1,0,0,0,0,0,0,0,0#",20000,20000,-164,335,cached_path_to_final_target
37.2,r04,r04,w,"$1,0,0,0,0,0,0,0,0#",20000,20000,-163,190,cached_path_to_final_target
37.2,r05,r05,w,"$1,0,0,0,0,0,0,0,0#",20000,20000,-160,230,cached_path_to_final_target
37.2,r06,r06,w,"$1,0,0,0,0,0,0,0,0#",20000,20000,-159,291,cached_path_to_final_target
37.2,r07,r07,w,"$1,0,0,0,0,0,0,0,0#",20000,20000,-156,325,cached_path_to_final_target
37.4,r01,r01,w,"$1,0,0,0,0,0,0,0,0#",20000,20000,-167,310,path_to_final_target
37.4,r02,r02,w,"$1,0,0,0,0,0,0,0,0#",20000,20000,-178,276,path_to_final_target
37.4,r03,r03,w,"$1,0,0,0,0,0,0,0,0#",20000,20000,-165,342,path_to_final_target
37.4,r04,r04,w,"$1,0,0,0,0,0,0,0,0#",20000,20000,-164,198,path_to_final_target
37.4,r05,r05,w,"$1,0,0,0,0,0,0,0,0#",20000,20000,-160,237,path_to_final_target
37.4,r06,r06,w,"$1,0,0,0,0,0,0,0,0#",20000,20000,-160,298,path_to_final_target
37.4,r07,r07,w,"$1,0,0,0,0,0,0,0,0#",18000,18000,-157,331,path_to_final_target
37.6,r01,r01,w,"$1,0,0,0,0,0,0,0,0#",20000,20000,-167,318,cached_path_to_final_target
37.6,r02,r02,w,"$1,0,0,0,0,0,0,0,0#",20000,20000,-178,283,cached_path_to_final_target
37.6,r03,r03,w,"$1,0,0,0,0,0,0,0,0#",20000,20000,-165,349,cached_path_to_final_target
37.6,r04,r04,w,"$1,0,0,0,0,0,0,0,0#",20000,20000,-164,205,cached_path_to_final_target
37.6,r05,r05,w,"$1,0,0,0,0,0,0,0,0#",20000,20000,-161,245,cached_path_to_final_target
37.6,r06,r06,w,"$1,0,0,0,0,0,0,0,0#",20000,20000,-160,305,cached_path_to_final_target
37.6,r07,r07,w,"$1,0,0,0,0,0,0,0,0#",16000,16000,-157,337,cached_path_to_final_target
37.8,r01,r01,w,"$1,0,0,0,0,0,0,0,0#",20000,20000,-168,325,cached_path_to_final_target
37.8,r02,r02,w,"$1,0,0,0,0,0,0,0,0#",20000,20000,-178,291,cached_path_to_final_target
37.8,r03,r03,w,"$1,0,0,0,0,0,0,0,0#",20000,20000,-165,357,cached_path_to_final_target
37.8,r04,r04,w,"$1,0,0,0,0,0,0,0,0#",20000,20000,-165,213,cached_path_to_final_target
37.8,r05,r05,w,"$1,0,0,0,0,0,0,0,0#",20000,20000,-161,252,cached_path_to_final_target
37.8,r06,r06,w,"$1,0,0,0,0,0,0,0,0#",14000,14000,-161,311,cached_path_to_final_target
37.8,r07,r07,w,"$1,0,0,0,0,0,0,0,0#",10000,10000,-157,341,target_reached
38.0,r01,r01,w,"$1,0,0,0,0,0,0,0,0#",20000,20000,-168,333,path_to_final_target
38.0,r02,r02,w,"$1,0,0,0,0,0,0,0,0#",20000,20000,-178,299,path_to_final_target
38.0,r03,r03,w,"$1,0,0,0,0,0,0,0,0#",20000,20000,-166,364,path_to_final_target
38.0,r04,r04,w,"$1,0,0,0,0,0,0,0,0#",20000,20000,-165,220,path_to_final_target
38.0,r05,r05,w,"$1,0,0,0,0,0,0,0,0#",20000,20000,-162,259,path_to_final_target
38.0,r06,r06,w,"$1,0,0,0,0,0,0,0,0#",20000,20000,-161,318,path_to_final_target
38.0,r07,r07,w,"$1,0,0,0,0,0,0,0,0#",5000,5000,-158,343,target_reached
38.2,r01,r01,w,"$1,0,0,0,0,0,0,0,0#",20000,20000,-168,340,cached_path_to_final_target
38.2,r02,r02,w,"$1,0,0,0,0,0,0,0,0#",20000,20000,-179,306,cached_path_to_final_target
38.2,r03,r03,w,"$1,0,0,0,0,0,0,0,0#",20000,20000,-166,372,cached_path_to_final_target
38.2,r04,r04,w,"$1,0,0,0,0,0,0,0,0#",20000,20000,-165,228,cached_path_to_final_target
38.2,r05,r05,w,"$1,0,0,0,0,0,0,0,0#",20000,20000,-162,267,cached_path_to_final_target
38.2,r06,r06,w,"$1,0,0,0,0,0,0,0,0#",20000,20000,-161,325,cached_path_to_final_target
38.2,r07,r07,e,"$0,0,0,0,0,0,0,0,0#",0,0,-158,343,target_reached
38.4,r01,r01,w,"$1,0,0,0,0,0,0,0,0#",20000,20000,-168,347,cached_path_to_final_target
38.4,r02,r02,w,"$1,0,0,0,0,0,0,0,0#",20000,20000,-179,314,cached_path_to_final_target
38.4,r03,r03,w,"$1,0,0,0,0,0,0,0,0#",20000,20000,-166,379,cached_path_to_final_target
38.4,r04,r04,w,"$1,0,0,0,0,0,0,0,0#",20000,20000,-166,235,cached_path_to_final_target
38.4,r05,r05,w,"$1,0,0,0,0,0,0,0,0#",20000,20000,-162,274,cached_path_to_final_target
38.4,r06,r06,w,"$1,0,0,0,0,0,0,0,0#",20000,20000,-162,333,cached_path_to_final_target
38.4,r07,r07,e,"$0,0,0,0,0,0,0,0,0#",0,0,-158,343,target_reached
38.6,r01,r01,w,"$1,0,0,0,0,0,0,0,0#",20000,20000,-169,355,path_to_final_target
38.6,r02,r02,w,"$1,0,0,0,0,0,0,0,0#",20000,20000,-179,321,path_to_final_target
38.6,r03,r03,w,"$1,0,0,0,0,0,0,0,0#",20000,20000,-166,387,path_to_final_target
38.6,r04,r04,w,"$1,0,0,0,0,0,0,0,0#",20000,20000,-166,243,path_to_final_target
38.6,r05,r05,w,"$1,0,0,0,0,0,0,0,0#",20000,20000,-163,281,path_to_final_target
38.6,r06,r06,w,"$1,0,0,0,0,0,0,0,0#",20000,20000,-162,340,path_to_final_target
38.6,r07,r07,e,"$0,0,0,0,0,0,0,0,0#",0,0,-158,343,target_reached
38.8,r01,r01,w,"$1,0,0,0,0,0,0,0,0#",20000,20000,-169,362,cached_path_to_final_target
38.8,r02,r02,w,"$1,0,0,0,0,0,0,0,0#",20000,20000,-179,329,cached_path_to_final_target
38.8,r03,r03,w,"$1,0,0,0,0,0,0,0,0#",20000,20000,-167,394,cached_path_to_final_target
38.8,r04,r04,w,"$1,0,0,0,0,0,0,0,0#",20000,20000,-167,250,cached_path_to_final_target
38.8,r05,r05,w,"$1,0,0,0,0,0,0,0,0#",20000,20000,-163,289,cached_path_to_final_target
38.8,r06,r06,w,"$1,0,0,0,0,0,0,0,0#",20000,20000,-162,347,cached_path_to_final_target
38.8,r07,r07,e,"$0,0,0,0,0,0,0,0,0#",0,0,-158,343,target_reached
39.0,r01,r01,w,"$1,0,0,0,0,0,0,0,0#",20000,20000,-169,370,cached_path_to_final_target
39.0,r02,r02,w,"$1,0,0,0,0,0,0,0,0#",20000,20000,-179,337,cached_path_to_final_target
39.0,r03,r03,w,"$1,0,0,0,0,0,0,0,0#",18000,18000,-167,401,cached_path_to_final_target
39.0,r04,r04,w,"$1,0,0,0,0,0,0,0,0#",20000,20000,-167,258,cached_path_to_final_target
39.0,r05,r05,w,"$1,0,0,0,0,0,0,0,0#",20000,20000,-164,296,cached_path_to_final_target
39.0,r06,r06,w,"$1,0,0,0,0,0,0,0,0#",20000,20000,-163,355,cached_path_to_final_target
39.0,r07,r07,e,"$0,0,0,0,0,0,0,0,0#",0,0,-158,343,target_reached
39.2,r01,r01,w,"$1,0,0,0,0,0,0,0,0#",20000,20000,-169,377,path_to_final_target
39.2,r02,r02,w,"$1,0,0,0,0,0,0,0,0#",20000,20000,-179,344,path_to_final_target
39.2,r03,r03,w,"$1,0,0,0,0,0,0,0,0#",16000,16000,-167,407,path_to_final_target
39.2,r04,r04,w,"$1,0,0,0,0,0,0,0,0#",20000,20000,-167,265,path_to_final_target
39.2,r05,r05,w,"$1,0,0,0,0,0,0,0,0#",20000,20000,-164,304,path_to_final_target
39.2,r06,r06,w,"$1,0,0,0,0,0,0,0,0#",20000,20000,-163,362,path_to_final_target
39.2,r07,r07,e,"$0,0,0,0,0,0,0,0,0#",0,0,-158,343,target_reached
39.4,r01,r01,w,"$1,0,0,0,0,0,0,0,0#",18000,18000,-169,384,cached_path_to_final_target
39.4,r02,r02,w,"$1,0,0,0,0,0,0,0,0#",20000,20000,-179,352,cached_path_to_final_target
39.4,r03,r03,w,"$1,0,0,0,0,0,0,0,0#",11000,11000,0,-1,target_reached
39.4,r04,r04,w,"$1,0,0,0,0,0,0,0,0#",20000,20000,-168,273,cached_path_to_final_target
39.4,r05,r05,w,"$1,0,0,0,0,0,0,0,0#",20000,20000,-164,311,cached_path_to_final_target
39.4,r06,r06,w,"$1,0,0,0,0,0,0,0,0#",20000,20000,-163,369,cached_path_to_final_target
39.4,r07,r07,e,"$0,0,0,0,0,0,0,0,0#",0,0,-158,343,target_reached
39.6,r01,r01,w,"$1,0,0,0,0,0,0,0,0#",16000,16000,-169,390,cached_path_to_final_target
39.6,r02,r02,w,"$1,0,0,0,0,0,0,0,0#",14000,14000,-179,357,cached_path_to_final_target
39.6,r03,r03,w,"$1,0,0,0,0,0,0,0,0#",5000,5000,0,-1,target_reached
39.6,r04,r04,w,"$1,0,0,0,0,0,0,0,0#",20000,20000,-168,280,cached_path_to_final_target
39.6,r05,r05,w,"$1,0,0,0,0,0,0,0,0#",20000,20000,-165,319,cached_path_to_final_target
39.6,r06,r06,w,"$1,0,0,0,0,0,0,0,0#",20000,20000,-164,377,cached_path_to_final_target
39.6,r07,r07,e,"$0,0,0,0,0,0,0,0,0#",0,0,-158,343,target_reached
39.8,r01,r01,w,"$1,0,0,0,0,0,0,0,0#",10000,10000,-170,393,target_reached
39.8,r02,r02,w,"$1,0,0,0,0,0,0,0,0#",11000,11000,-179,362,path_to_final_target
39.8,r03,r03,e,"$0,0,0,0,0,0,0,0,0#",0,0,0,-1,target_reached
39.8,r04,r04,w,"$1,0,0,0,0,0,0,0,0#",20000,20000,-168,288,path_to_final_target
39.8,r05,r05,w,"$1,0,0,0,0,0,0,0,0#",20000,20000,-165,326,path_to_final_target
39.8,r06,r06,w,"$1,0,0,0,0,0,0,0,0#",20000,20000,-164,384,path_to_final_target
39.8,r07,r07,e,"$0,0,0,0,0,0,0,0,0#",0,0,-158,343,target_reached
40.0,r01,r01,w,"$1,0,0,0,0,0,0,0,0#",4000,4000,-170,395,target_reached
40.0,r02,r02,w,"$1,0,0,0,0,0,0,0,0#",11000,11000,-179,366,cached_path_to_final_target
40.0,r03,r03,e,"$0,0,0,0,0,0,0,0,0#",0,0,0,-1,target_reached
40.0,r04,r04,w,"$1,0,0,0,0,0,0,0,0#",20000,20000,-168,295,cached_path_to_final_target
40.0,r05,r05,w,"$1,0,0,0,0,0,0,0,0#",20000,20000,-165,333,cached_path_to_final_target
40.0,r06,r06,w,"$1,0,0,0,0,0,0,0,0#",20000,20000,-164,392,cached_path_to_final_target
40.0,r07,r07,e,"$0,0,0,0,0,0,0,0,0#",0,0,-158,343,target_reached
40.2,r01,r01,e,"$0,0,0,0,0,0,0,0,0#",0,0,-170,395,target_reached
40.2,r02,r02,w,"$1,0,0,0,0,0,0,0,0#",5000,5000,-179,368,target_reached
40.2,r03,r03,e,"$0,0,0,0,0,0,0,0,0#",0,0,0,-1,target_reached
40.2,r04,r04,w,"$1,0,0,0,0,0,0,0,0#",20000,20000,-169,303,cached_path_to_final_target
40.2,r05,r05,w,"$1,0,0,0,0,0,0,0,0#",20000,20000,-165,341,cached_path_to_final_target
40.2,r06,r06,w,"$1,0,0,0,0,0,0,0,0#",20000,20000,-165,399,cached_path_to_final_target
40.2,r07,r07,e,"$0,0,0,0,0,0,0,0,0#",0,0,-158,343,target_reached
40.4,r01,r01,e,"$0,0,0,0,0,0,0,0,0#",0,0,-170,395,target_reached
40.4,r02,r02,e,"$0,0,0,0,0,0,0,0,0#",0,0,-179,368,target_reached
40.4,r03,r03,e,"$0,0,0,0,0,0,0,0,0#",0,0,0,-1,target_reached
40.4,r04,r04,w,"$1,0,0,0,0,0,0,0,0#",20000,20000,-169,310,path_to_final_target
40.4,r05,r05,w,"$1,0,0,0,0,0,0,0,0#",20000,20000,-166,348,path_to_final_target
40.4,r06,r06,w,"$1,0,0,0,0,0,0,0,0#",20000,20000,-165,407,path_to_final_target
40.4,r07,r07,e,"$0,0,0,0,0,0,0,0,0#",0,0,-158,343,target_reached
40.6,r01,r01,e,"$0,0,0,0,0,0,0,0,0#",0,0,-170,395,target_reached
40.6,r02,r02,e,"$0,0,0,0,0,0,0,0,0#",0,0,-179,368,target_reached
40.6,r03,r03,e,"$0,0,0,0,0,0,0,0,0#",0,0,0,-1,target_reached
40.6,r04,r04,w,"$1,0,0,0,0,0,0,0,0#",20000,20000,-169,318,cached_path_to_final_target
40.6,r05,r05,w,"$1,0,0,0,0,0,0,0,0#",20000,20000,-166,356,cached_path_to_final_target
40.6,r06,r06,w,"$1,0,0,0,0,0,0,0,0#",20000,20000,0,-1,cached_path_to_final_target
40.6,r07,r07,e,"$0,0,0,0,0,0,0,0,0#",0,0,-158,343,target_reached
40.8,r01,r01,e,"$0,0,0,0,0,0,0,0,0#",0,0,-170,395,target_reached
40.8,r02,r02,e,"$0,0,0,0,0,0,0,0,0#",0,0,-179,368,target_reached
40.8,r03,r03,e,"$0,0,0,0,0,0,0,0,0#",0,0,0,-1,target_reached
40.8,r04,r04,w,"$1,0,0,0,0,0,0,0,0#",20000,20000,-169,325,cached_path_to_final_target
40.8,r05,r05,w,"$1,0,0,0,0,0,0,0,0#",20000,20000,-166,363,cached_path_to_final_target
40.8,r06,r06,w,"$1,0,0,0,0,0,0,0,0#",18000,18000,0,-1,cached_path_to_final_target
40.8,r07,r07,e,"$0,0,0,0,0,0,0,0,0#",0,0,-158,343,target_reached
41.0,r01,r01,e,"$0,0,0,0,0,0,0,0,0#",0,0,-170,395,target_reached
41.0,r02,r02,e,"$0,0,0,0,0,0,0,0,0#",0,0,-179,368,target_reached
41.0,r03,r03,e,"$0,0,0,0,0,0,0,0,0#",0,0,0,-1,target_reached
41.0,r04,r04,w,"$1,0,0,0,0,0,0,0,0#",20000,20000,-170,333,path_to_final_target
41.0,r05,r05,w,"$1,0,0,0,0,0,0,0,0#",20000,20000,-167,371,path_to_final_target
41.0,r06,r06,w,"$1,0,0,0,0,0,0,0,0#",16000,16000,0,-1,path_to_final_target
41.0,r07,r07,e,"$0,0,0,0,0,0,0,0,0#",0,0,-158,343,target_reached
41.2,r01,r01,e,"$0,0,0,0,0,0,0,0,0#",0,0,-170,395,target_reached
41.2,r02,r02,e,"$0,0,0,0,0,0,0,0,0#",0,0,-179,368,target_reached
41.2,r03,r03,e,"$0,0,0,0,0,0,0,0,0#",0,0,0,-1,target_reached
41.2,r04,r04,w,"$1,0,0,0,0,0,0,0,0#",20000,20000,-170,340,cached_path_to_final_target
41.2,r05,r05,w,"$1,0,0,0,0,0,0,0,0#",20000,20000,-167,378,cached_path_to_final_target
41.2,r06,r06,w,"$1,0,0,0,0,0,0,0,0#",11000,11000,0,-1,target_reached
41.2,r07,r07,e,"$0,0,0,0,0,0,0,0,0#",0,0,-158,343,target_reached
