mission_id,mission_name,step,time_s,ts_ms,algorithm,completion_policy,robot_id,robot_name,powered,cluster_id,role,perception_mode,visible_obstacle_count,known_obstacle_count,primary_x_m,primary_y_m,primary_theta_rad,primary_v_mps,primary_omega_radps,primary_pwr_left,primary_pwr_right,primary_sonic_angle_deg,primary_sonic_distance_cm,primary_camera_pan_deg,primary_camera_tilt_deg,primary_tracking_bits,primary_led,primary_buz,control_cmd_vx_mps,control_cmd_vy_mps,control_cmd_v_mps,control_cmd_omega_radps,control_target_x_m,control_target_y_m,control_reason,tank_key_command,tank_protocol_command,tank_pwm_left,tank_pwm_right,tank_command_note,agent_path_length_m,agent_energy_proxy,agent_collision_events,agent_near_miss_events,agent_lane_violations,agent_min_obstacle_clearance_m,agent_min_robot_clearance_m,agent_goal_distance_m,group_centroid_x_m,group_centroid_y_m,group_centroid_to_goal_m,group_centroid_path_m,group_effective_centroid_length_m,group_formation_rms_m,group_formation_bad_pairs,group_min_clearance_m,group_collision_steps,group_lane_violations,group_total_energy_proxy,group_sum_agent_path_m,group_mean_instant_speed_mps,group_average_speed_mps,group_active_cluster_count,done,finish_reason
027eea92b7,formation_7_adaptive_split,0,0.0,1784462000,adaptive_clusters,finish_first,r01,r01,True,main,member,local,1,0,0.08143,-0.51714,0.0,0.0,0.0,0,0,7,369,0,0,0000,---,False,0.0,0.0,0.0,0.0,12.08143,-0.51714,init,e,"$0,0,0,0,0,0,0,0,0#",0,0,Set tank.c app_speed/duty level to the logged pwm before sending the move key/protocol command; e=stop.,0.0,0.0,0,0,0,999.0,999.0,12.0,-0.0,0.0,12.0,0.0,0.0,0.0,0,999.0,0,0,0.0,0.0,0.0,0.0,1,False,running
027eea92b7,formation_7_adaptive_split,0,0.0,1784462000,adaptive_clusters,finish_first,r02,r02,True,main,member,local,1,0,-0.10857,-0.18805,0.0,0.0,0.0,0,0,2,387,0,0,0000,---,False,0.0,0.0,0.0,0.0,11.89143,-0.18805,init,e,"$0,0,0,0,0,0,0,0,0#",0,0,Set tank.c app_speed/duty level to the logged pwm before sending the move key/protocol command; e=stop.,0.0,0.0,0,0,0,999.0,999.0,12.0,-0.0,0.0,12.0,0.0,0.0,0.0,0,999.0,0,0,0.0,0.0,0.0,0.0,1,False,running
027eea92b7,formation_7_adaptive_split,0,0.0,1784462000,adaptive_clusters,finish_first,r03,r03,True,main,member,local,1,0,0.27143,-0.18805,0.0,0.0,0.0,0,0,3,349,0,0,0000,---,False,0.0,0.0,0.0,0.0,12.27143,-0.18805,init,e,"$0,0,0,0,0,0,0,0,0#",0,0,Set tank.c app_speed/duty level to the logged pwm before sending the move key/protocol command; e=stop.,0.0,0.0,0,0,0,999.0,999.0,12.0,-0.0,0.0,12.0,0.0,0.0,0.0,0,999.0,0,0,0.0,0.0,0.0,0.0,1,False,running
027eea92b7,formation_7_adaptive_split,0,0.0,1784462000,adaptive_clusters,finish_first,r04,r04,True,main,member,local,1,0,-0.29857,0.14104,0.0,0.0,0.0,0,0,-2,406,0,0,1000,---,False,0.0,0.0,0.0,0.0,11.70143,0.14104,init,e,"$0,0,0,0,0,0,0,0,0#",0,0,Set tank.c app_speed/duty level to the logged pwm before sending the move key/protocol command; e=stop.,0.0,0.0,0,0,0,999.0,999.0,12.0,-0.0,0.0,12.0,0.0,0.0,0.0,0,999.0,0,0,0.0,0.0,0.0,0.0,1,False,running
027eea92b7,formation_7_adaptive_split,0,0.0,1784462000,adaptive_clusters,finish_first,r05,r05,True,main,member,local,1,0,0.08143,0.14104,0.0,0.0,0.0,0,0,-2,368,0,0,1000,---,False,0.0,0.0,0.0,0.0,12.08143,0.14104,init,e,"$0,0,0,0,0,0,0,0,0#",0,0,Set tank.c app_speed/duty level to the logged pwm before sending the move key/protocol command; e=stop.,0.0,0.0,0,0,0,999.0,999.0,12.0,-0.0,0.0,12.0,0.0,0.0,0.0,0,999.0,0,0,0.0,0.0,0.0,0.0,1,False,running
027eea92b7,formation_7_adaptive_split,0,0.0,1784462000,adaptive_clusters,finish_first,r06,r06,True,main,member,local,1,0,0.46143,0.14104,0.0,0.0,0.0,0,0,-2,330,0,0,1000,---,False,0.0,0.0,0.0,0.0,12.46143,0.14104,init,e,"$0,0,0,0,0,0,0,0,0#",0,0,Set tank.c app_speed/duty level to the logged pwm before sending the move key/protocol command; e=stop.,0.0,0.0,0,0,0,999.0,999.0,12.0,-0.0,0.0,12.0,0.0,0.0,0.0,0,999.0,0,0,0.0,0.0,0.0,0.0,1,False,running
027eea92b7,formation_7_adaptive_split,0,0.0,1784462000,adaptive_clusters,finish_first,r07,r07,True,main,member,local,0,0,-0.48857,0.47013,0.0,0.0,0.0,0,0,0,-1,0,0,0000,---,False,0.0,0.0,0.0,0.0,11.51143,0.47013,init,e,"$0,0,0,0,0,0,0,0,0#",0,0,Set tank.c app_speed/duty level to the logged pwm before sending the move key/protocol command; e=stop.,0.0,0.0,0,0,0,999.0,999.0,12.0,-0.0,0.0,12.0,0.0,0.0,0.0,0,999.0,0,0,0.0,0.0,0.0,0.0,1,False,running
027eea92b7,formation_7_adaptive_split,1,0.2,1784462200,adaptive_clusters,finish_first,r01,r01,True,main,bypass,local,1,1,0.1034,-0.51816,-0.04641,0.11,-0.23203,338,241,10,367,0,0,0000,---,False,0.31053,-0.02579,0.11,-0.23203,0.15816,-0.52351,adaptive_split_to_bypass_target,d,"$4,0,0,0,0,0,0,0,0#",7000,5000,Set tank.c app_speed/duty level to the logged pwm before sending the move key/protocol command; e=stop.,0.022,0.06946,0,0,0,3.66552,0.15769,11.97802,0.01255,-1e-05,11.9874,0.0126,0.0126,0.01242,0,0.1482,0,0,0.2791,0.088,0.0629,0.0628,1,False,running
027eea92b7,formation_7_adaptive_split,1,0.2,1784462200,adaptive_clusters,finish_first,r02,r02,True,main,bypass,local,1,1,-0.10857,-0.18805,0.0,0.0,0.0,0,0,2,387,0,0,0000,---,False,0.0,0.0,0.0,0.0,-0.03212,-0.19724,adaptive_split_to_bypass_target,e,"$0,0,0,0,0,0,0,0,0#",0,0,Set tank.c app_speed/duty level to the logged pwm before sending the move key/protocol command; e=stop.,0.0,0.0,0,0,0,3.87255,0.15796,12.0,0.01255,-1e-05,11.9874,0.0126,0.0126,0.01242,0,0.1482,0,0,0.2791,0.088,0.0629,0.0628,1,False,running
027eea92b7,formation_7_adaptive_split,1,0.2,1784462200,adaptive_clusters,finish_first,r03,r03,True,main,bypass,local,1,1,0.29339,-0.18937,-0.06019,0.11,-0.30096,353,226,6,347,0,0,0000,---,False,0.3098,-0.03343,0.11,-0.30096,0.34798,-0.19631,adaptive_split_to_bypass_target,d,"$4,0,0,0,0,0,0,0,0#",7000,5000,Set tank.c app_speed/duty level to the logged pwm before sending the move key/protocol command; e=stop.,0.022,0.07015,0,0,0,3.47059,0.15769,11.97804,0.01255,-1e-05,11.9874,0.0126,0.0126,0.01242,0,0.1482,0,0,0.2791,0.088,0.0629,0.0628,1,False,running
027eea92b7,formation_7_adaptive_split,1,0.2,1784462200,adaptive_clusters,finish_first,r04,r04,True,main,bypass,local,1,1,-0.29857,0.14104,0.0,0.0,0.0,0,0,-2,406,0,0,1000,---,False,0.0,0.0,0.0,0.0,-0.22261,0.12846,adaptive_split_to_bypass_target,e,"$0,0,0,0,0,0,0,0,0#",0,0,Set tank.c app_speed/duty level to the logged pwm before sending the move key/protocol command; e=stop.,0.0,0.0,0,0,0,4.06255,0.14821,12.0,0.01255,-1e-05,11.9874,0.0126,0.0126,0.01242,0,0.1482,0,0,0.2791,0.088,0.0629,0.0628,1,False,running
027eea92b7,formation_7_adaptive_split,1,0.2,1784462200,adaptive_clusters,finish_first,r05,r05,True,main,bypass,local,1,1,0.08143,0.14104,0.0,0.0,0.0,0,0,-2,368,0,0,1000,---,False,0.0,0.0,0.0,0.0,0.158,0.14914,adaptive_split_to_bypass_target,e,"$0,0,0,0,0,0,0,0,0#",0,0,Set tank.c app_speed/duty level to the logged pwm before sending the move key/protocol command; e=stop.,0.0,0.0,0,0,0,3.68255,0.15796,12.0,0.01255,-1e-05,11.9874,0.0126,0.0126,0.01242,0,0.1482,0,0,0.2791,0.088,0.0629,0.0628,1,False,running
027eea92b7,formation_7_adaptive_split,1,0.2,1784462200,adaptive_clusters,finish_first,r06,r06,True,main,bypass,local,1,1,0.48338,0.1425,0.06626,0.11,0.33131,220,359,-6,328,0,0,1000,---,False,0.30942,0.03678,0.11,0.33131,0.53789,0.15013,adaptive_split_to_bypass_target,a,"$3,0,0,0,0,0,0,0,0#",4000,7000,Set tank.c app_speed/duty level to the logged pwm before sending the move key/protocol command; e=stop.,0.022,0.07045,0,0,0,3.2806,0.16037,11.97805,0.01255,-1e-05,11.9874,0.0126,0.0126,0.01242,0,0.1482,0,0,0.2791,0.088,0.0629,0.0628,1,False,running
027eea92b7,formation_7_adaptive_split,1,0.2,1784462200,adaptive_clusters,finish_first,r07,r07,True,main,bypass,local,0,1,-0.46659,0.47096,0.0379,0.11,0.18951,250,329,0,-1,0,0,0000,---,False,0.31089,0.02107,0.11,0.18951,-0.41175,0.47534,adaptive_split_to_bypass_target,a,"$3,0,0,0,0,0,0,0,0#",5000,7000,Set tank.c app_speed/duty level to the logged pwm before sending the move key/protocol command; e=stop.,0.022,0.06904,0,0,0,4.23302,0.14821,11.97802,0.01255,-1e-05,11.9874,0.0126,0.0126,0.01242,0,0.1482,0,0,0.2791,0.088,0.0629,0.0628,1,False,running
027eea92b7,formation_7_adaptive_split,2,0.4,1784462400,adaptive_clusters,finish_first,r01,r01,True,lower,bypass,local,1,1,0.1473,-0.52123,-0.06975,0.22,-0.11674,604,554,11,362,0,0,0000,---,False,0.31039,-0.02742,0.22,-0.11674,0.23491,-0.52978,cached_adaptive_split,w,"$1,0,0,0,0,0,0,0,0#",12000,11000,Set tank.c app_speed/duty level to the logged pwm before sending the move key/protocol command; e=stop.,0.066,0.19609,0,0,0,3.62185,0.15657,11.93413,0.04388,-8e-05,11.9561,0.0439,0.0439,0.03066,0,0.1328,0,0,0.92615,0.308,0.1571,0.1097,2,False,running
027eea92b7,formation_7_adaptive_split,2,0.4,1784462400,adaptive_clusters,finish_first,r02,r02,True,lower,bypass,local,1,1,-0.08661,-0.18939,-0.06075,0.11,-0.30374,353,226,6,385,0,0,0000,---,False,0.30977,-0.03374,0.11,-0.30374,0.04451,-0.20472,adaptive_split_to_bypass_target,d,"$4,0,0,0,0,0,0,0,0#",7000,5000,Set tank.c app_speed/duty level to the logged pwm before sending the move key/protocol command; e=stop.,0.022,0.07018,0,0,0,3.85059,0.15796,11.97804,0.04388,-8e-05,11.9561,0.0439,0.0439,0.03066,0,0.1328,0,0,0.92615,0.308,0.1571,0.1097,2,False,running
027eea92b7,formation_7_adaptive_split,2,0.4,1784462400,adaptive_clusters,finish_first,r03,r03,True,lower,bypass,local,1,1,0.33718,-0.19368,-0.09807,0.22,-0.18938,619,539,8,343,0,0,0000,---,False,0.30906,-0.03972,0.22,-0.18938,0.42435,-0.20621,adaptive_split_to_bypass_target,w,"$1,0,0,0,0,0,0,0,0#",12000,11000,Set tank.c app_speed/duty level to the logged pwm before sending the move key/protocol command; e=stop.,0.066,0.19675,0,0,0,3.4268,0.15657,11.93425,0.04388,-8e-05,11.9561,0.0439,0.0439,0.03066,0,0.1328,0,0,0.92615,0.308,0.1571,0.1097,2,False,running
027eea92b7,formation_7_adaptive_split,2,0.4,1784462400,adaptive_clusters,finish_first,r04,r04,True,lower,bypass,local,1,1,-0.29857,0.14104,0.0,0.0,0.0,0,0,-2,406,0,0,1000,---,False,0.0,0.0,0.0,0.0,-0.14664,0.11588,cached_adaptive_split,e,"$0,0,0,0,0,0,0,0,0#",0,0,Set tank.c app_speed/duty level to the logged pwm before sending the move key/protocol command; e=stop.,0.0,0.0,0,0,0,4.06255,0.1328,12.0,0.04388,-8e-05,11.9561,0.0439,0.0439,0.03066,0,0.1328,0,0,0.92615,0.308,0.1571,0.1097,2,False,running
027eea92b7,formation_7_adaptive_split,2,0.4,1784462400,adaptive_clusters,finish_first,r05,r05,True,upper,bypass,local,1,1,0.10339,0.14234,0.05905,0.11,0.29526,227,352,-5,366,0,0,1000,---,False,0.30987,0.0328,0.11,0.29526,0.23457,0.15725,cached_adaptive_split,a,"$3,0,0,0,0,0,0,0,0#",5000,7000,Set tank.c app_speed/duty level to the logged pwm before sending the move key/protocol command; e=stop.,0.022,0.07009,0,0,0,3.66059,0.15796,11.97804,0.04388,-8e-05,11.9561,0.0439,0.0439,0.03066,0,0.1328,0,0,0.92615,0.308,0.1571,0.1097,2,False,running
027eea92b7,formation_7_adaptive_split,2,0.4,1784462400,adaptive_clusters,finish_first,r06,r06,True,upper,bypass,local,1,1,0.52716,0.14687,0.09959,0.22,0.16665,544,614,-8,324,0,0,1000,---,False,0.30914,0.03909,0.22,0.16665,0.61437,0.15906,cached_adaptive_split,w,"$1,0,0,0,0,0,0,0,0#",11000,12000,Set tank.c app_speed/duty level to the logged pwm before sending the move key/protocol command; e=stop.,0.066,0.19758,0,0,0,3.23682,0.16037,11.93427,0.04388,-8e-05,11.9561,0.0439,0.0439,0.03066,0,0.1328,0,0,0.92615,0.308,0.1571,0.1097,2,False,running
027eea92b7,formation_7_adaptive_split,2,0.4,1784462400,adaptive_clusters,finish_first,r07,r07,True,upper,bypass,local,0,1,-0.42266,0.47347,0.05696,0.22,0.0953,559,599,0,-1,0,0,0000,---,False,0.31079,0.0224,0.22,0.0953,-0.33492,0.48045,cached_adaptive_split,w,"$1,0,0,0,0,0,0,0,0#",11000,12000,Set tank.c app_speed/duty level to the logged pwm before sending the move key/protocol command; e=stop.,0.066,0.19546,0,0,0,4.1892,0.1328,11.93409,0.04388,-8e-05,11.9561,0.0439,0.0439,0.03066,0,0.1328,0,0,0.92615,0.308,0.1571,0.1097,2,False,running
027eea92b7,formation_7_adaptive_split,3,0.6,1784462600,adaptive_clusters,finish_first,r01,r01,True,lower,bypass,local,1,1,0.2094,-0.52626,-0.08077,0.31154,-0.05506,831,808,12,356,0,0,0000,---,False,0.31036,-0.02783,0.31154,-0.05506,0.31166,-0.53596,cached_adaptive_split,w,"$1,0,0,0,0,0,0,0,0#",17000,16000,Set tank.c app_speed/duty level to the logged pwm before sending the move key/protocol command; e=stop.,0.12831,0.36918,0,0,0,3.5601,0.1544,11.87203,0.09497,-0.00054,11.905,0.095,0.095,0.04812,2,0.1267,0,0,1.94479,0.66719,0.2566,0.1583,2,False,running
027eea92b7,formation_7_adaptive_split,3,0.6,1784462600,adaptive_clusters,finish_first,r02,r02,True,lower,bypass,local,1,1,-0.04278,-0.19324,-0.08763,0.22,-0.13439,607,551,8,381,0,0,0000,---,False,0.30976,-0.03382,0.22,-0.13439,0.12116,-0.21207,cached_adaptive_split,w,"$1,0,0,0,0,0,0,0,0#",12000,11000,Set tank.c app_speed/duty level to the logged pwm before sending the move key/protocol command; e=stop.,0.066,0.19735,0,0,0,3.80676,0.15796,11.93421,0.09497,-0.00054,11.905,0.095,0.095,0.04812,2,0.1267,0,0,1.94479,0.66719,0.2566,0.1583,2,False,running
027eea92b7,formation_7_adaptive_split,3,0.6,1784462600,adaptive_clusters,finish_first,r03,r03,True,lower,bypass,local,1,1,0.39902,-0.20106,-0.11876,0.31139,-0.10347,841,798,10,336,0,0,0000,---,False,0.30876,-0.04194,0.31139,-0.10347,0.50073,-0.2159,cached_adaptive_split,w,"$1,0,0,0,0,0,0,0,0#",17000,16000,Set tank.c app_speed/duty level to the logged pwm before sending the move key/protocol command; e=stop.,0.12828,0.37006,0,0,0,3.36497,0.1544,11.87242,0.09497,-0.00054,11.905,0.095,0.095,0.04812,2,0.1267,0,0,1.94479,0.66719,0.2566,0.1583,2,False,running
027eea92b7,formation_7_adaptive_split,3,0.6,1784462600,adaptive_clusters,finish_first,r04,r04,True,lower,bypass,local,1,1,-0.27666,0.13902,-0.09188,0.11,-0.4594,386,193,3,404,0,0,1000,---,False,0.30742,-0.0509,0.11,-0.4594,-0.07067,0.10331,cached_adaptive_split,d,"$4,0,0,0,0,0,0,0,0#",8000,4000,Set tank.c app_speed/duty level to the logged pwm before sending the move key/protocol command; e=stop.,0.022,0.07173,0,0,0,4.04065,0.12674,11.97809,0.09497,-0.00054,11.905,0.095,0.095,0.04812,2,0.1267,0,0,1.94479,0.66719,0.2566,0.1583,2,False,running
027eea92b7,formation_7_adaptive_split,3,0.6,1784462600,adaptive_clusters,finish_first,r05,r05,True,upper,bypass,local,1,1,0.14722,0.14617,0.08733,0.22,0.1414,549,609,-7,362,0,0,1000,---,False,0.30973,0.03407,0.22,0.1414,0.31116,0.16519,cached_adaptive_split,w,"$1,0,0,0,0,0,0,0,0#",11000,12000,Set tank.c app_speed/duty level to the logged pwm before sending the move key/protocol command; e=stop.,0.066,0.19711,0,0,0,3.61676,0.15796,11.93421,0.09497,-0.00054,11.905,0.095,0.095,0.04812,2,0.1267,0,0,1.94479,0.66719,0.2566,0.1583,2,False,running
027eea92b7,formation_7_adaptive_split,3,0.6,1784462600,adaptive_clusters,finish_first,r06,r06,True,upper,bypass,local,1,1,0.58904,0.15404,0.11531,0.31148,0.07858,803,836,-9,317,0,0,1000,---,False,0.30906,0.03967,0.31148,0.07858,0.69086,0.16788,cached_adaptive_split,w,"$1,0,0,0,0,0,0,0,0#",16000,17000,Set tank.c app_speed/duty level to the logged pwm before sending the move key/protocol command; e=stop.,0.1283,0.37092,0,0,0,3.17494,0.16037,11.87239,0.09497,-0.00054,11.905,0.095,0.095,0.04812,2,0.1267,0,0,1.94479,0.66719,0.2566,0.1583,2,False,running
027eea92b7,formation_7_adaptive_split,3,0.6,1784462600,adaptive_clusters,finish_first,r07,r07,True,upper,bypass,local,0,1,-0.36048,0.47757,0.06594,0.31156,0.0449,810,829,0,-1,0,0,0000,---,False,0.31077,0.02273,0.31156,0.0449,-0.25808,0.4855,cached_adaptive_split,w,"$1,0,0,0,0,0,0,0,0#",16000,17000,Set tank.c app_speed/duty level to the logged pwm before sending the move key/protocol command; e=stop.,0.12831,0.36843,0,0,0,4.12721,0.12674,11.87191,0.09497,-0.00054,11.905,0.095,0.095,0.04812,2,0.1267,0,0,1.94479,0.66719,0.2566,0.1583,2,False,running
027eea92b7,formation_7_adaptive_split,4,0.8,1784462800,adaptive_clusters,finish_first,r01,r01,True,lower,bypass,local,1,1,0.27149,-0.53156,-0.08516,0.31159,-0.02196,825,815,13,350,0,0,0000,---,False,0.31038,-0.02757,0.31159,-0.02196,0.38841,-0.54216,cached_adaptive_split,w,"$1,0,0,0,0,0,0,0,0#",16000,16000,Set tank.c app_speed/duty level to the logged pwm before sending the move key/protocol command; e=stop.,0.19063,0.53476,0,0,0,3.4984,0.15192,11.80994,0.15432,-0.00157,11.8457,0.1543,0.1543,0.0557,2,0.1267,0,0,3.0819,1.08507,0.2985,0.1929,2,False,running
027eea92b7,formation_7_adaptive_split,4,0.8,1784462800,adaptive_clusters,finish_first,r02,r02,True,lower,bypass,local,1,1,0.01922,-0.1994,-0.09912,0.31153,-0.05747,832,808,8,374,0,0,0000,---,False,0.30978,-0.03363,0.31153,-0.05747,0.19782,-0.21936,cached_adaptive_split,w,"$1,0,0,0,0,0,0,0,0#",17000,16000,Set tank.c app_speed/duty level to the logged pwm before sending the move key/protocol command; e=stop.,0.12831,0.37069,0,0,0,3.74476,0.15796,11.87221,0.15432,-0.00157,11.8457,0.1543,0.1543,0.0557,2,0.1267,0,0,3.0819,1.08507,0.2985,0.1929,2,False,running
027eea92b7,formation_7_adaptive_split,4,0.8,1784462800,adaptive_clusters,finish_first,r03,r03,True,lower,bypass,local,1,1,0.46081,-0.20906,-0.1287,0.31155,-0.0497,830,809,11,330,0,0,0000,---,False,0.3087,-0.04241,0.31155,-0.0497,0.57713,-0.22553,cached_adaptive_split,w,"$1,0,0,0,0,0,0,0,0#",17000,16000,Set tank.c app_speed/duty level to the logged pwm before sending the move key/protocol command; e=stop.,0.19059,0.53576,0,0,0,3.30317,0.15192,11.81064,0.15432,-0.00157,11.8457,0.1543,0.1543,0.0557,2,0.1267,0,0,3.0819,1.08507,0.2985,0.1929,2,False,running
027eea92b7,formation_7_adaptive_split,4,0.8,1784462800,adaptive_clusters,finish_first,r04,r04,True,lower,bypass,local,1,1,-0.23306,0.13311,-0.1348,0.22,-0.2146,624,534,6,400,0,0,1000,---,False,0.30719,-0.05226,0.22,-0.2146,0.00534,0.09104,cached_adaptive_split,w,"$1,0,0,0,0,0,0,0,0#",12000,11000,Set tank.c app_speed/duty level to the logged pwm before sending the move key/protocol command; e=stop.,0.066,0.19966,0,0,0,3.99705,0.12674,11.93449,0.15432,-0.00157,11.8457,0.1543,0.1543,0.0557,2,0.1267,0,0,3.0819,1.08507,0.2985,0.1929,2,False,running
027eea92b7,formation_7_adaptive_split,4,0.8,1784462800,adaptive_clusters,finish_first,r05,r05,True,upper,bypass,local,1,1,0.20921,0.15243,0.10065,0.31151,0.0666,806,834,-8,355,0,0,1000,---,False,0.30968,0.03455,0.31151,0.0666,0.38776,0.17301,cached_adaptive_split,w,"$1,0,0,0,0,0,0,0,0#",16000,17000,Set tank.c app_speed/duty level to the logged pwm before sending the move key/protocol command; e=stop.,0.1283,0.37043,0,0,0,3.55477,0.15796,11.87222,0.15432,-0.00157,11.8457,0.1543,0.1543,0.0557,2,0.1267,0,0,3.0819,1.08507,0.2985,0.1929,2,False,running
027eea92b7,formation_7_adaptive_split,4,0.8,1784462800,adaptive_clusters,finish_first,r06,r06,True,upper,bypass,local,1,1,0.6509,0.16159,0.12157,0.31158,0.03131,813,827,-10,311,0,0,0000,---,False,0.30911,0.03931,0.31158,0.03131,0.76736,0.17671,cached_adaptive_split,w,"$1,0,0,0,0,0,0,0,0#",16000,17000,Set tank.c app_speed/duty level to the logged pwm before sending the move key/protocol command; e=stop.,0.19061,0.53665,0,0,0,3.11308,0.16037,11.81055,0.15432,-0.00157,11.8457,0.1543,0.1543,0.0557,2,0.1267,0,0,3.0819,1.08507,0.2985,0.1929,2,False,running
027eea92b7,formation_7_adaptive_split,4,0.8,1784462800,adaptive_clusters,finish_first,r07,r07,True,upper,bypass,local,1,1,-0.29831,0.4819,0.06951,0.31159,0.01787,816,824,-10,407,0,0,0000,---,False,0.31079,0.02252,0.31159,0.01787,-0.18125,0.49056,cached_adaptive_split,w,"$1,0,0,0,0,0,0,0,0#",16000,16000,Set tank.c app_speed/duty level to the logged pwm before sending the move key/protocol command; e=stop.,0.19063,0.53395,0,0,0,4.06524,0.12674,11.80975,0.15432,-0.00157,11.8457,0.1543,0.1543,0.0557,2,0.1267,0,0,3.0819,1.08507,0.2985,0.1929,2,False,running
027eea92b7,formation_7_adaptive_split,5,1.0,1784463000,adaptive_clusters,finish_first,r01,r01,True,lower,bypass,local,1,1,0.33358,-0.53691,-0.08606,0.3116,-0.0045,821,819,13,344,0,0,0000,---,False,0.31043,-0.027,0.3116,-0.0045,0.46516,-0.5484,adaptive_split_to_bypass_target,w,"$1,0,0,0,0,0,0,0,0#",16000,16000,Set tank.c app_speed/duty level to the logged pwm before sending the move key/protocol command; e=stop.,0.25295,0.70018,0,0,0,3.43673,0.14931,11.74786,0.21623,-0.00314,11.7838,0.2163,0.2162,0.05831,2,0.1267,0,0,4.24862,1.52126,0.3116,0.2162,2,False,running
027eea92b7,formation_7_adaptive_split,5,1.0,1784463000,adaptive_clusters,finish_first,r02,r02,True,lower,bypass,local,1,1,0.08121,-0.20583,-0.10329,0.31159,-0.02085,824,816,9,368,0,0,0000,---,False,0.30983,-0.03314,0.31159,-0.02085,0.27447,-0.22671,adaptive_split_to_bypass_target,w,"$1,0,0,0,0,0,0,0,0#",16000,16000,Set tank.c app_speed/duty level to the logged pwm before sending the move key/protocol command; e=stop.,0.19063,0.53631,0,0,0,3.68278,0.15796,11.81024,0.21623,-0.00314,11.7838,0.2163,0.2162,0.05831,2,0.1267,0,0,4.24862,1.52126,0.3116,0.2162,2,False,running
027eea92b7,formation_7_adaptive_split,5,1.0,1784463000,adaptive_clusters,finish_first,r03,r03,True,lower,bypass,local,1,1,0.52259,-0.21727,-0.13211,0.31159,-0.01704,824,816,11,324,0,0,0000,---,False,0.30877,-0.04187,0.31159,-0.01704,0.65352,-0.23519,adaptive_split_to_bypass_target,w,"$1,0,0,0,0,0,0,0,0#",16000,16000,Set tank.c app_speed/duty level to the logged pwm before sending the move key/protocol command; e=stop.,0.25291,0.70133,0,0,0,3.2414,0.14931,11.74888,0.21623,-0.00314,11.7838,0.2163,0.2162,0.05831,2,0.1267,0,0,4.24862,1.52126,0.3116,0.2162,2,False,running
027eea92b7,formation_7_adaptive_split,5,1.0,1784463000,adaptive_clusters,finish_first,r04,r04,True,lower,bypass,local,1,1,-0.17153,0.12348,-0.1552,0.31139,-0.10203,841,798,7,394,0,0,1000,---,False,0.30704,-0.0531,0.31139,-0.10203,0.08135,0.07873,adaptive_split_to_bypass_target,w,"$1,0,0,0,0,0,0,0,0#",17000,16000,Set tank.c app_speed/duty level to the logged pwm before sending the move key/protocol command; e=stop.,0.12828,0.37324,0,0,0,3.93552,0.12674,11.87297,0.21623,-0.00314,11.7838,0.2163,0.2162,0.05831,2,0.1267,0,0,4.24862,1.52126,0.3116,0.2162,2,False,running
027eea92b7,formation_7_adaptive_split,5,1.0,1784463000,adaptive_clusters,finish_first,r05,r05,True,upper,bypass,local,1,1,0.27117,0.15905,0.10635,0.31158,0.02851,814,826,-8,349,0,0,0000,---,False,0.30969,0.03446,0.31158,0.02851,0.46437,0.18083,adaptive_split_to_bypass_target,w,"$1,0,0,0,0,0,0,0,0#",16000,17000,Set tank.c app_speed/duty level to the logged pwm before sending the move key/protocol command; e=stop.,0.19062,0.53606,0,0,0,3.49281,0.15796,11.81027,0.21623,-0.00314,11.7838,0.2163,0.2162,0.05831,2,0.1267,0,0,4.24862,1.52126,0.3116,0.2162,2,False,running
027eea92b7,formation_7_adaptive_split,5,1.0,1784463000,adaptive_clusters,finish_first,r06,r06,True,upper,bypass,local,1,1,0.71275,0.16923,0.12285,0.3116,0.0064,819,821,-10,305,0,0,0000,---,False,0.30921,0.0385,0.3116,0.0064,0.84384,0.18561,adaptive_split_to_bypass_target,w,"$1,0,0,0,0,0,0,0,0#",16000,16000,Set tank.c app_speed/duty level to the logged pwm before sending the move key/protocol command; e=stop.,0.25293,0.70215,0,0,0,3.05123,0.16037,11.74871,0.21623,-0.00314,11.7838,0.2163,0.2162,0.05831,2,0.1267,0,0,4.24862,1.52126,0.3116,0.2162,2,False,running
027eea92b7,formation_7_adaptive_split,5,1.0,1784463000,adaptive_clusters,finish_first,r07,r07,True,upper,bypass,local,1,1,-0.23615,0.48628,0.07024,0.3116,0.00363,819,821,-10,400,0,0,0000,---,False,0.31082,0.02205,0.3116,0.00363,-0.10442,0.49565,adaptive_split_to_bypass_target,w,"$1,0,0,0,0,0,0,0,0#",16000,16000,Set tank.c app_speed/duty level to the logged pwm before sending the move key/protocol command; e=stop.,0.25295,0.69934,0,0,0,4.00329,0.12674,11.74759,0.21623,-0.00314,11.7838,0.2163,0.2162,0.05831,2,0.1267,0,0,4.24862,1.52126,0.3116,0.2162,2,False,running
027eea92b7,formation_7_adaptive_split,6,1.2,1784463200,adaptive_clusters,finish_first,r01,r01,True,lower,bypass,local,1,1,0.39568,-0.54224,-0.08556,0.3116,0.00251,819,821,13,338,0,0,0000,---,False,0.31047,-0.0265,0.3116,0.00251,0.5419,-0.5547,cached_adaptive_split,w,"$1,0,0,0,0,0,0,0,0#",16000,16000,Set tank.c app_speed/duty level to the logged pwm before sending the move key/protocol command; e=stop.,0.31527,0.8655,0,0,0,3.37508,0.14665,11.68578,0.27813,-0.00479,11.7219,0.2782,0.2781,0.06186,3,0.1267,0,0,5.40667,1.95749,0.3116,0.2318,2,False,running
027eea92b7,formation_7_adaptive_split,6,1.2,1784463200,adaptive_clusters,finish_first,r02,r02,True,lower,bypass,local,1,1,0.14319,-0.2123,-0.104,0.3116,-0.00357,821,819,9,362,0,0,0000,---,False,0.3099,-0.03252,0.3116,-0.00357,0.3511,-0.23415,cached_adaptive_split,w,"$1,0,0,0,0,0,0,0,0#",16000,16000,Set tank.c app_speed/duty level to the logged pwm before sending the move key/protocol command; e=stop.,0.25295,0.70173,0,0,0,3.62079,0.15796,11.74826,0.27813,-0.00479,11.7219,0.2782,0.2781,0.06186,3,0.1267,0,0,5.40667,1.95749,0.3116,0.2318,2,False,running
027eea92b7,formation_7_adaptive_split,6,1.2,1784463200,adaptive_clusters,finish_first,r03,r03,True,lower,bypass,local,1,1,0.58436,-0.22549,-0.13239,0.3116,-0.00142,820,820,11,318,0,0,0000,---,False,0.30886,-0.0412,0.3116,-0.00142,0.7299,-0.24492,cached_adaptive_split,w,"$1,0,0,0,0,0,0,0,0#",16000,16000,Set tank.c app_speed/duty level to the logged pwm before sending the move key/protocol command; e=stop.,0.31523,0.86674,0,0,0,3.17962,0.14665,11.68713,0.27813,-0.00479,11.7219,0.2782,0.2781,0.06186,3,0.1267,0,0,5.40667,1.95749,0.3116,0.2318,2,False,running
027eea92b7,formation_7_adaptive_split,6,1.2,1784463200,adaptive_clusters,finish_first,r04,r04,True,lower,bypass,local,1,1,-0.11006,0.11328,-0.16437,0.31156,-0.04581,830,810,8,387,0,0,1000,---,False,0.30703,-0.0532,0.31156,-0.04581,0.15737,0.06649,cached_adaptive_split,w,"$1,0,0,0,0,0,0,0,0#",17000,16000,Set tank.c app_speed/duty level to the logged pwm before sending the move key/protocol command; e=stop.,0.19059,0.53907,0,0,0,3.87404,0.12674,11.81152,0.27813,-0.00479,11.7219,0.2782,0.2781,0.06186,3,0.1267,0,0,5.40667,1.95749,0.3116,0.2318,2,False,running
027eea92b7,formation_7_adaptive_split,6,1.2,1784463200,adaptive_clusters,finish_first,r05,r05,True,upper,bypass,local,1,1,0.33313,0.16577,0.10811,0.3116,0.00881,818,822,-9,343,0,0,0000,---,False,0.30973,0.03405,0.3116,0.00881,0.54096,0.18871,cached_adaptive_split,w,"$1,0,0,0,0,0,0,0,0#",16000,16000,Set tank.c app_speed/duty level to the logged pwm before sending the move key/protocol command; e=stop.,0.25294,0.7015,0,0,0,3.43085,0.15796,11.74832,0.27813,-0.00479,11.7219,0.2782,0.2781,0.06186,3,0.1267,0,0,5.40667,1.95749,0.3116,0.2318,2,False,running
027eea92b7,formation_7_adaptive_split,6,1.2,1784463200,adaptive_clusters,finish_first,r06,r06,True,upper,bypass,local,1,1,0.77461,0.17682,0.12213,0.3116,-0.00358,821,819,-10,299,0,0,0000,---,False,0.3093,0.03779,0.3116,-0.00358,0.92031,0.19459,cached_adaptive_split,w,"$1,0,0,0,0,0,0,0,0#",16000,16000,Set tank.c app_speed/duty level to the logged pwm before sending the move key/protocol command; e=stop.,0.31525,0.8675,0,0,0,2.98938,0.16037,11.68688,0.27813,-0.00479,11.7219,0.2782,0.2781,0.06186,3,0.1267,0,0,5.40667,1.95749,0.3116,0.2318,2,False,running
027eea92b7,formation_7_adaptive_split,6,1.2,1784463200,adaptive_clusters,finish_first,r07,r07,True,upper,bypass,local,1,1,-0.17398,0.49062,0.06983,0.3116,-0.00206,820,820,-10,394,0,0,0000,---,False,0.31085,0.02164,0.3116,-0.00206,-0.02759,0.50079,cached_adaptive_split,w,"$1,0,0,0,0,0,0,0,0#",16000,16000,Set tank.c app_speed/duty level to the logged pwm before sending the move key/protocol command; e=stop.,0.31527,0.86464,0,0,0,3.94135,0.12674,11.68543,0.27813,-0.00479,11.7219,0.2782,0.2781,0.06186,3,0.1267,0,0,5.40667,1.95749,0.3116,0.2318,2,False,running
027eea92b7,formation_7_adaptive_split,7,1.4,1784463400,adaptive_clusters,finish_first,r01,r01,True,lower,bypass,local,1,1,0.45777,-0.54751,-0.08474,0.3116,0.0041,819,821,13,331,0,0,0000,---,False,0.3105,-0.02617,0.3116,0.0041,0.61864,-0.56103,cached_adaptive_split,w,"$1,0,0,0,0,0,0,0,0#",16000,16000,Set tank.c app_speed/duty level to the logged pwm before sending the move key/protocol command; e=stop.,0.37759,1.03076,0,0,0,3.31345,0.144,11.6237,0.34003,-0.00647,11.66,0.3401,0.34,0.06622,4,0.1267,0,0,6.56394,2.39373,0.3116,0.2429,2,False,running
027eea92b7,formation_7_adaptive_split,7,1.4,1784463400,adaptive_clusters,finish_first,r02,r02,True,lower,bypass,local,1,1,0.20518,-0.21873,-0.10341,0.3116,0.00296,819,821,9,356,0,0,0000,---,False,0.30995,-0.03202,0.3116,0.00296,0.42773,-0.2417,cached_adaptive_split,w,"$1,0,0,0,0,0,0,0,0#",16000,16000,Set tank.c app_speed/duty level to the logged pwm before sending the move key/protocol command; e=stop.,0.31527,0.86704,0,0,0,3.55881,0.15796,11.68629,0.34003,-0.00647,11.66,0.3401,0.34,0.06622,4,0.1267,0,0,6.56394,2.39373,0.3116,0.2429,2,False,running
027eea92b7,formation_7_adaptive_split,7,1.4,1784463400,adaptive_clusters,finish_first,r03,r03,True,lower,bypass,local,1,1,0.64614,-0.23367,-0.13158,0.3116,0.0041,819,821,11,312,0,0,0000,---,False,0.30893,-0.04068,0.3116,0.0041,0.80628,-0.25472,cached_adaptive_split,w,"$1,0,0,0,0,0,0,0,0#",16000,16000,Set tank.c app_speed/duty level to the logged pwm before sending the move key/protocol command; e=stop.,0.37755,1.03204,0,0,0,3.11784,0.144,11.62538,0.34003,-0.00647,11.66,0.3401,0.34,0.06622,4,0.1267,0,0,6.56394,2.39373,0.3116,0.2429,2,False,running
027eea92b7,formation_7_adaptive_split,7,1.4,1784463400,adaptive_clusters,finish_first,r04,r04,True,lower,bypass,local,1,1,-0.04862,0.10288,-0.16779,0.31159,-0.01711,824,816,8,381,0,0,1000,---,False,0.30708,-0.05286,0.31159,-0.01711,0.23338,0.05416,cached_adaptive_split,w,"$1,0,0,0,0,0,0,0,0#",16000,16000,Set tank.c app_speed/duty level to the logged pwm before sending the move key/protocol command; e=stop.,0.25291,0.7046,0,0,0,3.8126,0.12674,11.75011,0.34003,-0.00647,11.66,0.3401,0.34,0.06622,4,0.1267,0,0,6.56394,2.39373,0.3116,0.2429,2,False,running
027eea92b7,formation_7_adaptive_split,7,1.4,1784463400,adaptive_clusters,finish_first,r05,r05,True,upper,bypass,local,1,1,0.39509,0.1725,0.10815,0.3116,0.00018,820,820,-9,337,0,0,0000,---,False,0.30978,0.03364,0.3116,0.00018,0.61755,0.19666,cached_adaptive_split,w,"$1,0,0,0,0,0,0,0,0#",16000,16000,Set tank.c app_speed/duty level to the logged pwm before sending the move key/protocol command; e=stop.,0.31526,0.86684,0,0,0,3.3689,0.15796,11.68638,0.34003,-0.00647,11.66,0.3401,0.34,0.06622,4,0.1267,0,0,6.56394,2.39373,0.3116,0.2429,2,False,running
027eea92b7,formation_7_adaptive_split,7,1.4,1784463400,adaptive_clusters,finish_first,r06,r06,True,upper,bypass,local,1,1,0.83647,0.18434,0.12097,0.3116,-0.00584,821,819,-10,293,0,0,0000,---,False,0.30936,0.03732,0.3116,-0.00584,0.99678,0.20362,cached_adaptive_split,w,"$1,0,0,0,0,0,0,0,0#",16000,16000,Set tank.c app_speed/duty level to the logged pwm before sending the move key/protocol command; e=stop.,0.37757,1.03276,0,0,0,2.92751,0.16037,11.62504,0.34003,-0.00647,11.66,0.3401,0.34,0.06622,4,0.1267,0,0,6.56394,2.39373,0.3116,0.2429,2,False,running
027eea92b7,formation_7_adaptive_split,7,1.4,1784463400,adaptive_clusters,finish_first,r07,r07,True,upper,bypass,local,1,1,-0.11181,0.49493,0.06916,0.3116,-0.00334,821,819,-11,388,0,0,0000,---,False,0.31087,0.02137,0.3116,-0.00334,0.04924,0.50597,cached_adaptive_split,w,"$1,0,0,0,0,0,0,0,0#",16000,16000,Set tank.c app_speed/duty level to the logged pwm before sending the move key/protocol command; e=stop.,0.37759,1.0299,0,0,0,3.87941,0.12674,11.62326,0.34003,-0.00647,11.66,0.3401,0.34,0.06622,4,0.1267,0,0,6.56394,2.39373,0.3116,0.2429,2,False,running
027eea92b7,formation_7_adaptive_split,8,1.6,1784463600,adaptive_clusters,finish_first,r01,r01,True,lower,bypass,local,1,1,0.51987,-0.55274,-0.08403,0.3116,0.00352,819,821,13,325,0,0,0000,---,False,0.31051,-0.02598,0.3116,0.00352,0.69538,-0.56739,cached_adaptive_split,w,"$1,0,0,0,0,0,0,0,0#",16000,16000,Set tank.c app_speed/duty level to the logged pwm before sending the move key/protocol command; e=stop.,0.43991,1.19601,0,0,0,3.25183,0.14136,11.56161,0.40193,-0.00815,11.5981,0.402,0.4019,0.07125,5,0.1267,0,0,7.72087,2.82997,0.3116,0.2512,2,False,running
027eea92b7,formation_7_adaptive_split,8,1.6,1784463600,adaptive_clusters,finish_first,r02,r02,True,lower,bypass,local,1,1,0.26717,-0.22511,-0.10254,0.3116,0.00436,819,821,9,350,0,0,0000,---,False,0.30999,-0.03168,0.3116,0.00436,0.50436,-0.24931,cached_adaptive_split,w,"$1,0,0,0,0,0,0,0,0#",16000,16000,Set tank.c app_speed/duty level to the logged pwm before sending the move key/protocol command; e=stop.,0.37758,1.0323,0,0,0,3.49681,0.15796,11.62432,0.40193,-0.00815,11.5981,0.402,0.4019,0.07125,5,0.1267,0,0,7.72087,2.82997,0.3116,0.2512,2,False,running
027eea92b7,formation_7_adaptive_split,8,1.6,1784463600,adaptive_clusters,finish_first,r03,r03,True,lower,bypass,local,1,1,0.70793,-0.24179,-0.13062,0.3116,0.0048,819,821,11,306,0,0,0000,---,False,0.30898,-0.04035,0.3116,0.0048,0.88265,-0.26456,cached_adaptive_split,w,"$1,0,0,0,0,0,0,0,0#",16000,16000,Set tank.c app_speed/duty level to the logged pwm before sending the move key/protocol command; e=stop.,0.43987,1.19729,0,0,0,3.05605,0.14136,11.56362,0.40193,-0.00815,11.5981,0.402,0.4019,0.07125,5,0.1267,0,0,7.72087,2.82997,0.3116,0.2512,2,False,running
027eea92b7,formation_7_adaptive_split,8,1.6,1784463600,adaptive_clusters,finish_first,r04,r04,True,lower,bypass,local,1,1,0.01282,0.09242,-0.1686,0.3116,-0.00404,821,819,8,375,0,0,1000,---,False,0.30715,-0.05248,0.3116,-0.00404,0.30937,0.04171,cached_adaptive_split,w,"$1,0,0,0,0,0,0,0,0#",16000,16000,Set tank.c app_speed/duty level to the logged pwm before sending the move key/protocol command; e=stop.,0.31523,0.86998,0,0,0,3.75116,0.12674,11.68871,0.40193,-0.00815,11.5981,0.402,0.4019,0.07125,5,0.1267,0,0,7.72087,2.82997,0.3116,0.2512,2,False,running
027eea92b7,formation_7_adaptive_split,8,1.6,1784463600,adaptive_clusters,finish_first,r05,r05,True,upper,bypass,local,1,1,0.45705,0.17919,0.10761,0.3116,-0.00268,821,819,-9,331,0,0,0000,---,False,0.30981,0.03334,0.3116,-0.00268,0.69413,0.20468,cached_adaptive_split,w,"$1,0,0,0,0,0,0,0,0#",16000,16000,Set tank.c app_speed/duty level to the logged pwm before sending the move key/protocol command; e=stop.,0.37758,1.03211,0,0,0,3.30694,0.15796,11.62445,0.40193,-0.00815,11.5981,0.402,0.4019,0.07125,5,0.1267,0,0,7.72087,2.82997,0.3116,0.2512,2,False,running
027eea92b7,formation_7_adaptive_split,8,1.6,1784463600,adaptive_clusters,finish_first,r06,r06,True,upper,bypass,local,1,1,0.89834,0.1918,0.11996,0.3116,-0.00501,821,819,-10,287,0,0,0000,---,False,0.30939,0.03705,0.3116,-0.00501,1.07325,0.2127,cached_adaptive_split,w,"$1,0,0,0,0,0,0,0,0#",16000,16000,Set tank.c app_speed/duty level to the logged pwm before sending the move key/protocol command; e=stop.,0.43989,1.19802,0,0,0,2.86564,0.16037,11.5632,0.40193,-0.00815,11.5981,0.402,0.4019,0.07125,5,0.1267,0,0,7.72087,2.82997,0.3116,0.2512,2,False,running
027eea92b7,formation_7_adaptive_split,8,1.6,1784463600,adaptive_clusters,finish_first,r07,r07,True,upper,bypass,local,1,1,-0.04964,0.4992,0.06859,0.3116,-0.00285,821,819,-11,382,0,0,0000,---,False,0.31088,0.02122,0.3116,-0.00285,0.12606,0.51116,cached_adaptive_split,w,"$1,0,0,0,0,0,0,0,0#",16000,16000,Set tank.c app_speed/duty level to the logged pwm before sending the move key/protocol command; e=stop.,0.43991,1.19515,0,0,0,3.81748,0.12674,11.5611,0.40193,-0.00815,11.5981,0.402,0.4019,0.07125,5,0.1267,0,0,7.72087,2.82997,0.3116,0.2512,2,False,running
027eea92b7,formation_7_adaptive_split,9,1.8,1784463800,adaptive_clusters,finish_first,r01,r01,True,lower,bypass,local,1,1,0.58198,-0.55794,-0.08355,0.3116,0.00241,819,821,14,319,0,0,0000,---,False,0.31052,-0.02589,0.3116,0.00241,0.77211,-0.57377,adaptive_split_to_bypass_target,w,"$1,0,0,0,0,0,0,0,0#",16000,16000,Set tank.c app_speed/duty level to the logged pwm before sending the move key/protocol command; e=stop.,0.50223,1.36127,0,0,0,3.19024,0.13875,11.49953,0.46384,-0.00982,11.5362,0.464,0.4638,0.07684,7,0.1267,0,0,8.8777,3.26621,0.3116,0.2577,2,False,running
027eea92b7,formation_7_adaptive_split,9,1.8,1784463800,adaptive_clusters,finish_first,r02,r02,True,lower,bypass,local,1,1,0.32917,-0.23144,-0.10179,0.3116,0.00376,819,821,9,343,0,0,0000,---,False,0.31001,-0.03148,0.3116,0.00376,0.58097,-0.25698,adaptive_split_to_bypass_target,w,"$1,0,0,0,0,0,0,0,0#",16000,16000,Set tank.c app_speed/duty level to the logged pwm before sending the move key/protocol command; e=stop.,0.4399,1.19755,0,0,0,3.43482,0.15796,11.56234,0.46384,-0.00982,11.5362,0.464,0.4638,0.07684,7,0.1267,0,0,8.8777,3.26621,0.3116,0.2577,2,False,running
027eea92b7,formation_7_adaptive_split,9,1.8,1784463800,adaptive_clusters,finish_first,r03,r03,True,lower,bypass,local,1,1,0.76973,-0.24986,-0.12986,0.3116,0.00378,819,821,12,299,0,0,0000,---,False,0.309,-0.04017,0.3116,0.00378,0.95901,-0.27443,adaptive_split_to_bypass_target,w,"$1,0,0,0,0,0,0,0,0#",16000,16000,Set tank.c app_speed/duty level to the logged pwm before sending the move key/protocol command; e=stop.,0.50219,1.36255,0,0,0,2.99426,0.13875,11.50187,0.46384,-0.00982,11.5362,0.464,0.4638,0.07684,7,0.1267,0,0,8.8777,3.26621,0.3116,0.2577,2,False,running
027eea92b7,formation_7_adaptive_split,9,1.8,1784463800,adaptive_clusters,finish_first,r04,r04,True,lower,bypass,local,1,1,0.07426,0.08197,-0.16847,0.3116,0.00062,820,820,9,369,0,0,0000,---,False,0.30719,-0.05222,0.3116,0.00062,0.38533,0.0291,adaptive_split_to_bypass_target,w,"$1,0,0,0,0,0,0,0,0#",16000,16000,Set tank.c app_speed/duty level to the logged pwm before sending the move key/protocol command; e=stop.,0.37755,1.03527,0,0,0,3.68973,0.12674,11.62732,0.46384,-0.00982,11.5362,0.464,0.4638,0.07684,7,0.1267,0,0,8.8777,3.26621,0.3116,0.2577,2,False,running
027eea92b7,formation_7_adaptive_split,9,1.8,1784463800,adaptive_clusters,finish_first,r05,r05,True,upper,bypass,local,1,1,0.51901,0.18585,0.10702,0.3116,-0.00297,821,819,-9,324,0,0,0000,---,False,0.30983,0.03314,0.3116,-0.00297,0.77071,0.21274,adaptive_split_to_bypass_target,w,"$1,0,0,0,0,0,0,0,0#",16000,16000,Set tank.c app_speed/duty level to the logged pwm before sending the move key/protocol command; e=stop.,0.4399,1.19736,0,0,0,3.24497,0.15796,11.56251,0.46384,-0.00982,11.5362,0.464,0.4638,0.07684,7,0.1267,0,0,8.8777,3.26621,0.3116,0.2577,2,False,running
027eea92b7,formation_7_adaptive_split,9,1.8,1784463800,adaptive_clusters,finish_first,r06,r06,True,upper,bypass,local,1,1,0.96022,0.19922,0.11928,0.3116,-0.00342,821,819,-10,280,0,0,0000,---,False,0.30941,0.03691,0.3116,-0.00342,1.14971,0.22179,adaptive_split_to_bypass_target,w,"$1,0,0,0,0,0,0,0,0#",16000,16000,Set tank.c app_speed/duty level to the logged pwm before sending the move key/protocol command; e=stop.,0.50221,1.36328,0,0,0,2.80376,0.16037,11.50136,0.46384,-0.00982,11.5362,0.464,0.4638,0.07684,7,0.1267,0,0,8.8777,3.26621,0.3116,0.2577,2,False,running
027eea92b7,formation_7_adaptive_split,9,1.8,1784463800,adaptive_clusters,finish_first,r07,r07,True,upper,bypass,local,1,1,0.01254,0.50345,0.0682,0.3116,-0.00194,820,820,-11,376,0,0,0000,---,False,0.31088,0.02114,0.3116,-0.00194,0.20288,0.51637,adaptive_split_to_bypass_target,w,"$1,0,0,0,0,0,0,0,0#",16000,16000,Set tank.c app_speed/duty level to the logged pwm before sending the move key/protocol command; e=stop.,0.50223,1.36041,0,0,0,3.75556,0.12674,11.49894,0.46384,-0.00982,11.5362,0.464,0.4638,0.07684,7,0.1267,0,0,8.8777,3.26621,0.3116,0.2577,2,False,running
027eea92b7,formation_7_adaptive_split,10,2.0,1784464000,adaptive_clusters,finish_first,r01,r01,True,lower,bypass,local,1,1,0.64408,-0.56313,-0.08327,0.3116,0.00143,820,820,14,313,0,0,0000,---,False,0.31053,-0.02585,0.3116,0.00143,0.84885,-0.58016,cached_adaptive_split,w,"$1,0,0,0,0,0,0,0,0#",16000,16000,Set tank.c app_speed/duty level to the logged pwm before sending the move key/protocol command; e=stop.,0.56455,1.52653,0,0,0,3.12867,0.13616,11.43744,0.52575,-0.01149,11.4743,0.5259,0.5258,0.08288,8,0.1267,0,0,10.0345,3.70245,0.3116,0.2629,2,False,running
027eea92b7,formation_7_adaptive_split,10,2.0,1784464000,adaptive_clusters,finish_first,r02,r02,True,lower,bypass,local,1,1,0.39117,-0.23774,-0.10125,0.3116,0.00267,819,821,9,337,0,0,0000,---,False,0.31002,-0.03137,0.3116,0.00267,0.65759,-0.26467,cached_adaptive_split,w,"$1,0,0,0,0,0,0,0,0#",16000,16000,Set tank.c app_speed/duty level to the logged pwm before sending the move key/protocol command; e=stop.,0.50222,1.36281,0,0,0,3.37281,0.15796,11.50037,0.52575,-0.01149,11.4743,0.5259,0.5258,0.08288,8,0.1267,0,0,10.0345,3.70245,0.3116,0.2629,2,False,running
027eea92b7,formation_7_adaptive_split,10,2.0,1784464000,adaptive_clusters,finish_first,r03,r03,True,lower,bypass,local,1,1,0.83153,-0.2579,-0.12936,0.3116,0.00248,819,821,12,293,0,0,0000,---,False,0.30901,-0.04008,0.3116,0.00248,1.03537,-0.28431,cached_adaptive_split,w,"$1,0,0,0,0,0,0,0,0#",16000,16000,Set tank.c app_speed/duty level to the logged pwm before sending the move key/protocol command; e=stop.,0.56451,1.52781,0,0,0,2.93246,0.13616,11.44012,0.52575,-0.01149,11.4743,0.5259,0.5258,0.08288,8,0.1267,0,0,10.0345,3.70245,0.3116,0.2629,2,False,running
027eea92b7,formation_7_adaptive_split,10,2.0,1784464000,adaptive_clusters,finish_first,r04,r04,True,lower,bypass,local,1,1,0.1357,0.07154,-0.16809,0.3116,0.00189,820,820,9,363,0,0,0100,---,False,0.30722,-0.05204,0.3116,0.00189,0.46127,0.01641,cached_adaptive_split,w,"$1,0,0,0,0,0,0,0,0#",16000,16000,Set tank.c app_speed/duty level to the logged pwm before sending the move key/protocol command; e=stop.,0.43987,1.20053,0,0,0,3.62828,0.12674,11.56594,0.52575,-0.01149,11.4743,0.5259,0.5258,0.08288,8,0.1267,0,0,10.0345,3.70245,0.3116,0.2629,2,False,running
027eea92b7,formation_7_adaptive_split,10,2.0,1784464000,adaptive_clusters,finish_first,r05,r05,True,upper,bypass,local,1,1,0.58098,0.19248,0.10655,0.3116,-0.00236,820,820,-9,318,0,0,0000,---,False,0.30985,0.03302,0.3116,-0.00236,0.84728,0.22084,cached_adaptive_split,w,"$1,0,0,0,0,0,0,0,0#",16000,16000,Set tank.c app_speed/duty level to the logged pwm before sending the move key/protocol command; e=stop.,0.50222,1.36261,0,0,0,3.18301,0.15796,11.50057,0.52575,-0.01149,11.4743,0.5259,0.5258,0.08288,8,0.1267,0,0,10.0345,3.70245,0.3116,0.2629,2,False,running
027eea92b7,formation_7_adaptive_split,10,2.0,1784464000,adaptive_clusters,finish_first,r06,r06,True,upper,bypass,local,1,1,1.0221,0.20661,0.11887,0.3116,-0.00203,820,820,-11,274,0,0,0000,---,False,0.30941,0.03686,0.3116,-0.00203,1.22617,0.2309,cached_adaptive_split,w,"$1,0,0,0,0,0,0,0,0#",16000,16000,Set tank.c app_speed/duty level to the logged pwm before sending the move key/protocol command; e=stop.,0.56453,1.52854,0,0,0,2.74188,0.16037,11.43952,0.52575,-0.01149,11.4743,0.5259,0.5258,0.08288,8,0.1267,0,0,10.0345,3.70245,0.3116,0.2629,2,False,running
027eea92b7,formation_7_adaptive_split,10,2.0,1784464000,adaptive_clusters,finish_first,r07,r07,True,upper,bypass,local,1,1,0.07472,0.50768,0.06797,0.3116,-0.00115,820,820,-11,369,0,0,0000,---,False,0.31088,0.02111,0.3116,-0.00115,0.27971,0.52159,cached_adaptive_split,w,"$1,0,0,0,0,0,0,0,0#",16000,16000,Set tank.c app_speed/duty level to the logged pwm before sending the move key/protocol command; e=stop.,0.56455,1.52566,0,0,0,3.69365,0.12674,11.43677,0.52575,-0.01149,11.4743,0.5259,0.5258,0.08288,8,0.1267,0,0,10.0345,3.70245,0.3116,0.2629,2,False,running
027eea92b7,formation_7_adaptive_split,11,2.2,1784464200,adaptive_clusters,finish_first,r01,r01,True,lower,bypass,local,1,1,0.70618,-0.5683,-0.08312,0.3116,0.00076,820,820,14,307,0,0,0000,---,False,0.31053,-0.02583,0.3116,0.00076,0.92558,-0.58655,cached_adaptive_split,w,"$1,0,0,0,0,0,0,0,0#",16000,16000,Set tank.c app_speed/duty level to the logged pwm before sending the move key/protocol command; e=stop.,0.62687,1.69178,0,0,0,3.06712,0.13357,11.37536,0.58766,-0.01316,11.4123,0.5878,0.5877,0.08929,9,0.1267,0,0,11.19127,4.13869,0.3116,0.2671,2,False,running
027eea92b7,formation_7_adaptive_split,11,2.2,1784464200,adaptive_clusters,finish_first,r02,r02,True,lower,bypass,local,1,1,0.45317,-0.24402,-0.10092,0.3116,0.00169,820,820,10,331,0,0,0000,---,False,0.31002,-0.03131,0.3116,0.00169,0.7342,-0.27239,cached_adaptive_split,w,"$1,0,0,0,0,0,0,0,0#",16000,16000,Set tank.c app_speed/duty level to the logged pwm before sending the move key/protocol command; e=stop.,0.56454,1.52806,0,0,0,3.31081,0.15796,11.4384,0.58766,-0.01316,11.4123,0.5878,0.5877,0.08929,9,0.1267,0,0,11.19127,4.13869,0.3116,0.2671,2,False,running
027eea92b7,formation_7_adaptive_split,11,2.2,1784464200,adaptive_clusters,finish_first,r03,r03,True,lower,bypass,local,1,1,0.89333,-0.26592,-0.12907,0.3116,0.00144,820,820,12,287,0,0,0000,---,False,0.30902,-0.04004,0.3116,0.00144,1.11174,-0.2942,cached_adaptive_split,w,"$1,0,0,0,0,0,0,0,0#",16000,16000,Set tank.c app_speed/duty level to the logged pwm before sending the move key/protocol command; e=stop.,0.62683,1.69307,0,0,0,2.87065,0.13357,11.37837,0.58766,-0.01316,11.4123,0.5878,0.5877,0.08929,9,0.1267,0,0,11.19127,4.13869,0.3116,0.2671,2,False,running
027eea92b7,formation_7_adaptive_split,11,2.2,1784464200,adaptive_clusters,finish_first,r04,r04,True,lower,bypass,local,1,1,0.19714,0.06114,-0.16773,0.3116,0.0018,820,820,9,357,0,0,0100,---,False,0.30724,-0.05193,0.3116,0.0018,0.53721,0.00367,cached_adaptive_split,w,"$1,0,0,0,0,0,0,0,0#",16000,16000,Set tank.c app_speed/duty level to the logged pwm before sending the move key/protocol command; e=stop.,0.50219,1.36578,0,0,0,3.56684,0.12674,11.50456,0.58766,-0.01316,11.4123,0.5878,0.5877,0.08929,9,0.1267,0,0,11.19127,4.13869,0.3116,0.2671,2,False,running
027eea92b7,formation_7_adaptive_split,11,2.2,1784464200,adaptive_clusters,finish_first,r05,r05,True,upper,bypass,local,1,1,0.64294,0.19909,0.10623,0.3116,-0.0016,820,820,-9,312,0,0,0000,---,False,0.30985,0.03296,0.3116,-0.0016,0.92385,0.22895,cached_adaptive_split,w,"$1,0,0,0,0,0,0,0,0#",16000,16000,Set tank.c app_speed/duty level to the logged pwm before sending the move key/protocol command; e=stop.,0.56454,1.52787,0,0,0,3.12104,0.15796,11.43863,0.58766,-0.01316,11.4123,0.5878,0.5877,0.08929,9,0.1267,0,0,11.19127,4.13869,0.3116,0.2671,2,False,running
027eea92b7,formation_7_adaptive_split,11,2.2,1784464200,adaptive_clusters,finish_first,r06,r06,True,upper,bypass,local,1,1,1.08398,0.21399,0.11866,0.3116,-0.00107,820,820,-11,268,0,0,0000,---,False,0.30942,0.03684,0.3116,-0.00107,1.30263,0.24001,cached_adaptive_split,w,"$1,0,0,0,0,0,0,0,0#",16000,16000,Set tank.c app_speed/duty level to the logged pwm before sending the move key/protocol command; e=stop.,0.62685,1.6938,0,0,0,2.68,0.16037,11.37768,0.58766,-0.01316,11.4123,0.5878,0.5877,0.08929,9,0.1267,0,0,11.19127,4.13869,0.3116,0.2671,2,False,running
027eea92b7,formation_7_adaptive_split,11,2.2,1784464200,adaptive_clusters,finish_first,r07,r07,True,upper,bypass,local,1,1,0.13689,0.51191,0.06785,0.3116,-0.0006,820,820,-11,363,0,0,0000,---,False,0.31088,0.0211,0.3116,-0.0006,0.35653,0.52681,cached_adaptive_split,w,"$1,0,0,0,0,0,0,0,0#",16000,16000,Set tank.c app_speed/duty level to the logged pwm before sending the move key/protocol command; e=stop.,0.62687,1.69092,0,0,0,3.63176,0.12674,11.37461,0.58766,-0.01316,11.4123,0.5878,0.5877,0.08929,9,0.1267,0,0,11.19127,4.13869,0.3116,0.2671,2,False,running
027eea92b7,formation_7_adaptive_split,12,2.4,1784464400,adaptive_clusters,finish_first,r01,r01,True,lower,bypass,local,1,1,0.76829,-0.57347,-0.08305,0.3116,0.00035,820,820,14,301,0,0,0000,---,False,0.31053,-0.02583,0.3116,0.00035,1.00231,-0.59293,cached_adaptive_split,w,"$1,0,0,0,0,0,0,0,0#",16000,16000,Set tank.c app_speed/duty level to the logged pwm before sending the move key/protocol command; e=stop.,0.68919,1.85703,0,0,0,3.00561,0.131,11.31328,0.64958,-0.01482,11.3504,0.6498,0.6496,0.09601,12,0.1267,0,0,12.34803,4.57493,0.3116,0.2707,2,False,running
027eea92b7,formation_7_adaptive_split,12,2.4,1784464400,adaptive_clusters,finish_first,r02,r02,True,lower,bypass,local,1,1,0.51517,-0.25029,-0.10072,0.3116,0.00098,820,820,10,325,0,0,0000,---,False,0.31003,-0.03128,0.3116,0.00098,0.81081,-0.28011,cached_adaptive_split,w,"$1,0,0,0,0,0,0,0,0#",16000,16000,Set tank.c app_speed/duty level to the logged pwm before sending the move key/protocol command; e=stop.,0.62686,1.69332,0,0,0,3.24881,0.15796,11.37642,0.64958,-0.01482,11.3504,0.6498,0.6496,0.09601,12,0.1267,0,0,12.34803,4.57493,0.3116,0.2707,2,False,running
027eea92b7,formation_7_adaptive_split,12,2.4,1784464400,adaptive_clusters,finish_first,r03,r03,True,lower,bypass,local,1,1,0.95513,-0.27393,-0.12892,0.3116,0.00075,820,820,12,281,0,0,0000,---,False,0.30902,-0.04003,0.3116,0.00075,1.1881,-0.3041,cached_adaptive_split,w,"$1,0,0,0,0,0,0,0,0#",16000,16000,Set tank.c app_speed/duty level to the logged pwm before sending the move key/protocol command; e=stop.,0.68915,1.85832,0,0,0,2.80885,0.131,11.31662,0.64958,-0.01482,11.3504,0.6498,0.6496,0.09601,12,0.1267,0,0,12.34803,4.57493,0.3116,0.2707,2,False,running
027eea92b7,formation_7_adaptive_split,12,2.4,1784464400,adaptive_clusters,finish_first,r04,r04,True,lower,bypass,local,1,1,0.25859,0.05075,-0.16747,0.3116,0.00132,820,820,9,351,0,0,0100,---,False,0.30725,-0.05188,0.3116,0.00132,0.61315,-0.0091,cached_adaptive_split,w,"$1,0,0,0,0,0,0,0,0#",16000,16000,Set tank.c app_speed/duty level to the logged pwm before sending the move key/protocol command; e=stop.,0.56451,1.53103,0,0,0,3.50539,0.12674,11.44319,0.64958,-0.01482,11.3504,0.6498,0.6496,0.09601,12,0.1267,0,0,12.34803,4.57493,0.3116,0.2707,2,False,running
027eea92b7,formation_7_adaptive_split,12,2.4,1784464400,adaptive_clusters,finish_first,r05,r05,True,upper,bypass,local,1,1,0.70491,0.20568,0.10603,0.3116,-0.00099,820,820,-9,306,0,0,0000,---,False,0.30986,0.03293,0.3116,-0.00099,1.00042,0.23708,cached_adaptive_split,w,"$1,0,0,0,0,0,0,0,0#",16000,16000,Set tank.c app_speed/duty level to the logged pwm before sending the move key/protocol command; e=stop.,0.62686,1.69312,0,0,0,3.05907,0.15796,11.3767,0.64958,-0.01482,11.3504,0.6498,0.6496,0.09601,12,0.1267,0,0,12.34803,4.57493,0.3116,0.2707,2,False,running
027eea92b7,formation_7_adaptive_split,12,2.4,1784464400,adaptive_clusters,finish_first,r06,r06,True,upper,bypass,local,1,1,1.14586,0.22136,0.11856,0.3116,-0.0005,820,820,-11,262,0,0,0000,---,False,0.30942,0.03683,0.3116,-0.0005,1.37909,0.24912,cached_adaptive_split,w,"$1,0,0,0,0,0,0,0,0#",16000,16000,Set tank.c app_speed/duty level to the logged pwm before sending the move key/protocol command; e=stop.,0.68917,1.85905,0,0,0,2.61812,0.16037,11.31585,0.64958,-0.01482,11.3504,0.6498,0.6496,0.09601,12,0.1267,0,0,12.34803,4.57493,0.3116,0.2707,2,False,running
027eea92b7,formation_7_adaptive_split,12,2.4,1784464400,adaptive_clusters,finish_first,r07,r07,True,upper,bypass,local,1,1,0.19907,0.51613,0.0678,0.3116,-0.00028,820,820,-11,357,0,0,0000,---,False,0.31089,0.0211,0.3116,-0.00028,0.43335,0.53202,cached_adaptive_split,w,"$1,0,0,0,0,0,0,0,0#",16000,16000,Set tank.c app_speed/duty level to the logged pwm before sending the move key/protocol command; e=stop.,0.68919,1.85617,0,0,0,3.56988,0.12674,11.31245,0.64958,-0.01482,11.3504,0.6498,0.6496,0.09601,12,0.1267,0,0,12.34803,4.57493,0.3116,0.2707,2,False,running
027eea92b7,formation_7_adaptive_split,13,2.6,1784464600,adaptive_clusters,finish_first,r01,r01,True,lower,bypass,local,1,1,0.83039,-0.57864,-0.08302,0.3116,0.00014,820,820,15,294,0,0,0000,---,False,0.31053,-0.02583,0.3116,0.00014,1.07905,-0.59932,adaptive_split_to_bypass_target,w,"$1,0,0,0,0,0,0,0,0#",16000,16000,Set tank.c app_speed/duty level to the logged pwm before sending the move key/protocol command; e=stop.,0.75151,2.02228,0,0,0,2.94413,0.12843,11.2512,0.71149,-0.01649,11.2885,0.7117,0.7115,0.10299,12,0.1267,0,0,13.50478,5.01117,0.3116,0.2736,2,False,running
027eea92b7,formation_7_adaptive_split,13,2.6,1784464600,adaptive_clusters,finish_first,r02,r02,True,lower,bypass,local,1,1,0.57718,-0.25655,-0.10062,0.3116,0.00052,820,820,10,319,0,0,0000,---,False,0.31003,-0.03127,0.3116,0.00052,0.88742,-0.28784,adaptive_split_to_bypass_target,w,"$1,0,0,0,0,0,0,0,0#",16000,16000,Set tank.c app_speed/duty level to the logged pwm before sending the move key/protocol command; e=stop.,0.68918,1.85857,0,0,0,3.1868,0.15796,11.31446,0.71149,-0.01649,11.2885,0.7117,0.7115,0.10299,12,0.1267,0,0,13.50478,5.01117,0.3116,0.2736,2,False,running
027eea92b7,formation_7_adaptive_split,13,2.6,1784464600,adaptive_clusters,finish_first,r03,r03,True,lower,bypass,local,1,1,1.01693,-0.28194,-0.12886,0.3116,0.00035,820,820,12,275,0,0,0000,---,False,0.30902,-0.04002,0.3116,0.00035,1.26446,-0.31399,adaptive_split_to_bypass_target,w,"$1,0,0,0,0,0,0,0,0#",16000,16000,Set tank.c app_speed/duty level to the logged pwm before sending the move key/protocol command; e=stop.,0.75147,2.02357,0,0,0,2.74705,0.12843,11.25489,0.71149,-0.01649,11.2885,0.7117,0.7115,0.10299,12,0.1267,0,0,13.50478,5.01117,0.3116,0.2736,2,False,running
027eea92b7,formation_7_adaptive_split,13,2.6,1784464600,adaptive_clusters,finish_first,r04,r04,True,lower,bypass,local,1,1,0.32004,0.04037,-0.1673,0.3116,0.00085,820,820,9,344,0,0,0100,---,False,0.30726,-0.05185,0.3116,0.00085,0.68908,-0.02189,adaptive_split_to_bypass_target,w,"$1,0,0,0,0,0,0,0,0#",16000,16000,Set tank.c app_speed/duty level to the logged pwm before sending the move key/protocol command; e=stop.,0.62683,1.69628,0,0,0,3.44394,0.12674,11.38183,0.71149,-0.01649,11.2885,0.7117,0.7115,0.10299,12,0.1267,0,0,13.50478,5.01117,0.3116,0.2736,2,False,running
027eea92b7,formation_7_adaptive_split,13,2.6,1784464600,adaptive_clusters,finish_first,r05,r05,True,upper,bypass,local,1,1,0.76688,0.21227,0.10592,0.3116,-0.00056,820,820,-10,300,0,0,0000,---,False,0.30986,0.03292,0.3116,-0.00056,1.07699,0.24521,adaptive_split_to_bypass_target,w,"$1,0,0,0,0,0,0,0,0#",16000,16000,Set tank.c app_speed/duty level to the logged pwm before sending the move key/protocol command; e=stop.,0.68918,1.85837,0,0,0,2.9971,0.15796,11.31477,0.71149,-0.01649,11.2885,0.7117,0.7115,0.10299,12,0.1267,0,0,13.50478,5.01117,0.3116,0.2736,2,False,running
027eea92b7,formation_7_adaptive_split,13,2.6,1784464600,adaptive_clusters,finish_first,r06,r06,True,upper,bypass,local,1,1,1.20775,0.22873,0.11852,0.3116,-0.00019,820,820,-11,256,0,0,0000,---,False,0.30942,0.03684,0.3116,-0.00019,1.45554,0.25823,adaptive_split_to_bypass_target,w,"$1,0,0,0,0,0,0,0,0#",16000,16000,Set tank.c app_speed/duty level to the logged pwm before sending the move key/protocol command; e=stop.,0.75149,2.0243,0,0,0,2.55624,0.16037,11.25402,0.71149,-0.01649,11.2885,0.7117,0.7115,0.10299,12,0.1267,0,0,13.50478,5.01117,0.3116,0.2736,2,False,running
027eea92b7,formation_7_adaptive_split,13,2.6,1784464600,adaptive_clusters,finish_first,r07,r07,True,upper,bypass,local,1,1,0.26125,0.52035,0.06778,0.3116,-0.00011,820,820,-11,351,0,0,0000,---,False,0.31088,0.0211,0.3116,-0.00011,0.51018,0.53724,adaptive_split_to_bypass_target,w,"$1,0,0,0,0,0,0,0,0#",16000,16000,Set tank.c app_speed/duty level to the logged pwm before sending the move key/protocol command; e=stop.,0.75151,2.02141,0,0,0,3.50801,0.12674,11.25029,0.71149,-0.01649,11.2885,0.7117,0.7115,0.10299,12,0.1267,0,0,13.50478,5.01117,0.3116,0.2736,2,False,running
027eea92b7,formation_7_adaptive_split,14,2.8,1784464800,adaptive_clusters,finish_first,r01,r01,True,lower,bypass,local,1,1,0.8925,-0.58381,-0.08301,0.3116,3e-05,820,820,15,288,0,0,0000,---,False,0.31053,-0.02584,0.3116,3e-05,1.15578,-0.60571,cached_adaptive_split,w,"$1,0,0,0,0,0,0,0,0#",16000,16000,Set tank.c app_speed/duty level to the logged pwm before sending the move key/protocol command; e=stop.,0.81383,2.18753,0,0,0,2.88269,0.12587,11.18913,0.7734,-0.01815,11.2266,0.7736,0.7734,0.11021,13,0.1259,0,0,14.66152,5.44741,0.3116,0.2762,2,False,running
027eea92b7,formation_7_adaptive_split,14,2.8,1784464800,adaptive_clusters,finish_first,r02,r02,True,lower,bypass,local,1,1,0.63918,-0.2628,-0.10057,0.3116,0.00026,820,820,10,312,0,0,0000,---,False,0.31003,-0.03127,0.3116,0.00026,0.96404,-0.29557,cached_adaptive_split,w,"$1,0,0,0,0,0,0,0,0#",16000,16000,Set tank.c app_speed/duty level to the logged pwm before sending the move key/protocol command; e=stop.,0.7515,2.02382,0,0,0,3.1248,0.15796,11.25249,0.7734,-0.01815,11.2266,0.7736,0.7734,0.11021,13,0.1259,0,0,14.66152,5.44741,0.3116,0.2762,2,False,running
027eea92b7,formation_7_adaptive_split,14,2.8,1784464800,adaptive_clusters,finish_first,r03,r03,True,lower,bypass,local,1,1,1.07874,-0.28995,-0.12883,0.3116,0.00013,820,820,13,269,0,0,0000,---,False,0.30902,-0.04003,0.3116,0.00013,1.34082,-0.32389,cached_adaptive_split,w,"$1,0,0,0,0,0,0,0,0#",16000,16000,Set tank.c app_speed/duty level to the logged pwm before sending the move key/protocol command; e=stop.,0.81379,2.18882,0,0,0,2.68524,0.12587,11.19315,0.7734,-0.01815,11.2266,0.7736,0.7734,0.11021,13,0.1259,0,0,14.66152,5.44741,0.3116,0.2762,2,False,running
027eea92b7,formation_7_adaptive_split,14,2.8,1784464800,adaptive_clusters,finish_first,r04,r04,True,lower,bypass,local,1,1,0.38149,0.03,-0.1672,0.3116,0.00049,820,820,9,338,0,0,0100,---,False,0.30726,-0.05183,0.3116,0.00049,0.76501,-0.03469,cached_adaptive_split,w,"$1,0,0,0,0,0,0,0,0#",16000,16000,Set tank.c app_speed/duty level to the logged pwm before sending the move key/protocol command; e=stop.,0.68915,1.86153,0,0,0,3.38249,0.12674,11.32048,0.7734,-0.01815,11.2266,0.7736,0.7734,0.11021,13,0.1259,0,0,14.66152,5.44741,0.3116,0.2762,2,False,running
027eea92b7,formation_7_adaptive_split,14,2.8,1784464800,adaptive_clusters,finish_first,r05,r05,True,upper,bypass,local,1,1,0.82886,0.21886,0.10586,0.3116,-0.0003,820,820,-10,294,0,0,0000,---,False,0.30986,0.03291,0.3116,-0.0003,1.15356,0.25334,cached_adaptive_split,w,"$1,0,0,0,0,0,0,0,0#",16000,16000,Set tank.c app_speed/duty level to the logged pwm before sending the move key/protocol command; e=stop.,0.7515,2.02362,0,0,0,2.93513,0.15796,11.25284,0.7734,-0.01815,11.2266,0.7736,0.7734,0.11021,13,0.1259,0,0,14.66152,5.44741,0.3116,0.2762,2,False,running
027eea92b7,formation_7_adaptive_split,14,2.8,1784464800,adaptive_clusters,finish_first,r06,r06,True,upper,bypass,local,1,1,1.26963,0.2361,0.11851,0.3116,-5e-05,820,820,-11,249,0,0,0000,---,False,0.30941,0.03684,0.3116,-5e-05,1.532,0.26733,cached_adaptive_split,w,"$1,0,0,0,0,0,0,0,0#",16000,16000,Set tank.c app_speed/duty level to the logged pwm before sending the move key/protocol command; e=stop.,0.81381,2.18955,0,0,0,2.49435,0.16037,11.1922,0.7734,-0.01815,11.2266,0.7736,0.7734,0.11021,13,0.1259,0,0,14.66152,5.44741,0.3116,0.2762,2,False,running
027eea92b7,formation_7_adaptive_split,14,2.8,1784464800,adaptive_clusters,finish_first,r07,r07,True,upper,bypass,local,1,1,0.32342,0.52457,0.06777,0.3116,-2e-05,820,820,-12,345,0,0,0000,---,False,0.31088,0.0211,0.3116,-2e-05,0.587,0.54246,cached_adaptive_split,w,"$1,0,0,0,0,0,0,0,0#",16000,16000,Set tank.c app_speed/duty level to the logged pwm before sending the move key/protocol command; e=stop.,0.81383,2.18666,0,0,0,3.44616,0.12674,11.18814,0.7734,-0.01815,11.2266,0.7736,0.7734,0.11021,13,0.1259,0,0,14.66152,5.44741,0.3116,0.2762,2,False,running
027eea92b7,formation_7_adaptive_split,15,3.0,1784465000,adaptive_clusters,finish_first,r01,r01,True,lower,bypass,local,1,1,0.95461,-0.58897,-0.08301,0.3116,-1e-05,820,820,15,282,0,0,0000,---,False,0.31053,-0.02584,0.3116,-1e-05,1.23252,-0.6121,cached_adaptive_split,w,"$1,0,0,0,0,0,0,0,0#",16000,16000,Set tank.c app_speed/duty level to the logged pwm before sending the move key/protocol command; e=stop.,0.87615,2.35277,0,0,0,2.82128,0.12331,11.12705,0.83532,-0.01981,11.1647,0.8356,0.8353,0.11761,13,0.1233,0,0,15.81825,5.88365,0.3116,0.2784,2,False,running
027eea92b7,formation_7_adaptive_split,15,3.0,1784465000,adaptive_clusters,finish_first,r02,r02,True,lower,bypass,local,1,1,0.70119,-0.26906,-0.10054,0.3116,0.00012,820,820,10,306,0,0,0000,---,False,0.31003,-0.03127,0.3116,0.00012,1.04065,-0.3033,cached_adaptive_split,w,"$1,0,0,0,0,0,0,0,0#",16000,16000,Set tank.c app_speed/duty level to the logged pwm before sending the move key/protocol command; e=stop.,0.81382,2.18907,0,0,0,3.06279,0.15796,11.19053,0.83532,-0.01981,11.1647,0.8356,0.8353,0.11761,13,0.1233,0,0,15.81825,5.88365,0.3116,0.2784,2,False,running
027eea92b7,formation_7_adaptive_split,15,3.0,1784465000,adaptive_clusters,finish_first,r03,r03,True,lower,bypass,local,1,1,1.14054,-0.29795,-0.12882,0.3116,3e-05,820,820,13,262,0,0,0000,---,False,0.30902,-0.04003,0.3116,3e-05,1.41718,-0.33379,cached_adaptive_split,w,"$1,0,0,0,0,0,0,0,0#",16000,16000,Set tank.c app_speed/duty level to the logged pwm before sending the move key/protocol command; e=stop.,0.87611,2.35407,0,0,0,2.62344,0.12331,11.13143,0.83532,-0.01981,11.1647,0.8356,0.8353,0.11761,13,0.1233,0,0,15.81825,5.88365,0.3116,0.2784,2,False,running
027eea92b7,formation_7_adaptive_split,15,3.0,1784465000,adaptive_clusters,finish_first,r04,r04,True,lower,bypass,local,1,1,0.44294,0.01963,-0.16715,0.3116,0.00026,820,820,9,332,0,0,0100,---,False,0.30726,-0.05183,0.3116,0.00026,0.84093,-0.0475,cached_adaptive_split,w,"$1,0,0,0,0,0,0,0,0#",16000,16000,Set tank.c app_speed/duty level to the logged pwm before sending the move key/protocol command; e=stop.,0.75147,2.02678,0,0,0,3.32104,0.12674,11.25914,0.83532,-0.01981,11.1647,0.8356,0.8353,0.11761,13,0.1233,0,0,15.81825,5.88365,0.3116,0.2784,2,False,running
027eea92b7,formation_7_adaptive_split,15,3.0,1784465000,adaptive_clusters,finish_first,r05,r05,True,upper,bypass,local,1,1,0.89083,0.22544,0.10583,0.3116,-0.00014,820,820,-10,287,0,0,0000,---,False,0.30986,0.03291,0.3116,-0.00014,1.23013,0.26147,cached_adaptive_split,w,"$1,0,0,0,0,0,0,0,0#",16000,16000,Set tank.c app_speed/duty level to the logged pwm before sending the move key/protocol command; e=stop.,0.81382,2.18887,0,0,0,2.87315,0.15796,11.19092,0.83532,-0.01981,11.1647,0.8356,0.8353,0.11761,13,0.1233,0,0,15.81825,5.88365,0.3116,0.2784,2,False,running
027eea92b7,formation_7_adaptive_split,15,3.0,1784465000,adaptive_clusters,finish_first,r06,r06,True,upper,bypass,local,1,1,1.33151,0.24346,0.11852,0.3116,1e-05,820,820,-12,243,0,0,0000,---,False,0.30941,0.03684,0.3116,1e-05,1.60846,0.27644,cached_adaptive_split,w,"$1,0,0,0,0,0,0,0,0#",16000,16000,Set tank.c app_speed/duty level to the logged pwm before sending the move key/protocol command; e=stop.,0.87613,2.35479,0,0,0,2.43247,0.16037,11.13039,0.83532,-0.01981,11.1647,0.8356,0.8353,0.11761,13,0.1233,0,0,15.81825,5.88365,0.3116,0.2784,2,False,running
027eea92b7,formation_7_adaptive_split,15,3.0,1784465000,adaptive_clusters,finish_first,r07,r07,True,upper,bypass,local,1,1,0.3856,0.52879,0.06777,0.3116,1e-05,820,820,-12,338,0,0,0000,---,False,0.31088,0.0211,0.3116,1e-05,0.66382,0.54768,cached_adaptive_split,w,"$1,0,0,0,0,0,0,0,0#",16000,16000,Set tank.c app_speed/duty level to the logged pwm before sending the move key/protocol command; e=stop.,0.87615,2.35191,0,0,0,3.38433,0.12674,11.12598,0.83532,-0.01981,11.1647,0.8356,0.8353,0.11761,13,0.1233,0,0,15.81825,5.88365,0.3116,0.2784,2,False,running
027eea92b7,formation_7_adaptive_split,16,3.2,1784465200,adaptive_clusters,finish_first,r01,r01,True,lower,bypass,local,1,1,1.01671,-0.59414,-0.08302,0.3116,-2e-05,820,820,15,276,0,0,0000,---,False,0.31053,-0.02584,0.3116,-2e-05,1.30925,-0.61848,cached_adaptive_split,w,"$1,0,0,0,0,0,0,0,0#",16000,16000,Set tank.c app_speed/duty level to the logged pwm before sending the move key/protocol command; e=stop.,0.93847,2.51802,0,0,0,2.75991,0.12076,11.06499,0.89723,-0.02147,11.1028,0.8975,0.8972,0.12518,13,0.1208,0,0,16.97498,6.31989,0.3116,0.2804,2,False,running
027eea92b7,formation_7_adaptive_split,16,3.2,1784465200,adaptive_clusters,finish_first,r02,r02,True,lower,bypass,local,1,1,0.76319,-0.27531,-0.10053,0.3116,4e-05,820,820,10,300,0,0,0000,---,False,0.31003,-0.03127,0.3116,4e-05,1.11726,-0.31103,cached_adaptive_split,w,"$1,0,0,0,0,0,0,0,0#",16000,16000,Set tank.c app_speed/duty level to the logged pwm before sending the move key/protocol command; e=stop.,0.87614,2.35431,0,0,0,3.00079,0.15796,11.12858,0.89723,-0.02147,11.1028,0.8975,0.8972,0.12518,13,0.1208,0,0,16.97498,6.31989,0.3116,0.2804,2,False,running
027eea92b7,formation_7_adaptive_split,16,3.2,1784465200,adaptive_clusters,finish_first,r03,r03,True,lower,bypass,local,1,1,1.20234,-0.30596,-0.12882,0.3116,-1e-05,820,820,13,256,0,0,0000,---,False,0.30902,-0.04003,0.3116,-1e-05,1.49354,-0.34368,cached_adaptive_split,w,"$1,0,0,0,0,0,0,0,0#",16000,16000,Set tank.c app_speed/duty level to the logged pwm before sending the move key/protocol command; e=stop.,0.93843,2.51931,0,0,0,2.56164,0.12076,11.06971,0.89723,-0.02147,11.1028,0.8975,0.8972,0.12518,13,0.1208,0,0,16.97498,6.31989,0.3116,0.2804,2,False,running
027eea92b7,formation_7_adaptive_split,16,3.2,1784465200,adaptive_clusters,finish_first,r04,r04,True,lower,bypass,local,1,1,0.5044,0.00927,-0.16712,0.3116,0.00013,820,820,9,326,0,0,0100,---,False,0.30726,-0.05183,0.3116,0.00013,0.91686,-0.06031,cached_adaptive_split,w,"$1,0,0,0,0,0,0,0,0#",16000,16000,Set tank.c app_speed/duty level to the logged pwm before sending the move key/protocol command; e=stop.,0.81379,2.19203,0,0,0,3.25959,0.12674,11.19781,0.89723,-0.02147,11.1028,0.8975,0.8972,0.12518,13,0.1208,0,0,16.97498,6.31989,0.3116,0.2804,2,False,running
027eea92b7,formation_7_adaptive_split,16,3.2,1784465200,adaptive_clusters,finish_first,r05,r05,True,upper,bypass,local,1,1,0.9528,0.23202,0.10582,0.3116,-6e-05,820,820,-10,281,0,0,0000,---,False,0.30986,0.03291,0.3116,-6e-05,1.3067,0.26961,cached_adaptive_split,w,"$1,0,0,0,0,0,0,0,0#",16000,16000,Set tank.c app_speed/duty level to the logged pwm before sending the move key/protocol command; e=stop.,0.87614,2.35411,0,0,0,2.81118,0.15796,11.129,0.89723,-0.02147,11.1028,0.8975,0.8972,0.12518,13,0.1208,0,0,16.97498,6.31989,0.3116,0.2804,2,False,running
027eea92b7,formation_7_adaptive_split,16,3.2,1784465200,adaptive_clusters,finish_first,r06,r06,True,upper,bypass,local,1,1,1.3934,0.25083,0.11852,0.3116,3e-05,820,820,-12,237,0,0,0000,---,False,0.30941,0.03685,0.3116,3e-05,1.68492,0.28555,cached_adaptive_split,w,"$1,0,0,0,0,0,0,0,0#",16000,16000,Set tank.c app_speed/duty level to the logged pwm before sending the move key/protocol command; e=stop.,0.93845,2.52004,0,0,0,2.37059,0.16037,11.06858,0.89723,-0.02147,11.1028,0.8975,0.8972,0.12518,13,0.1208,0,0,16.97498,6.31989,0.3116,0.2804,2,False,running
027eea92b7,formation_7_adaptive_split,16,3.2,1784465200,adaptive_clusters,finish_first,r07,r07,True,upper,bypass,local,1,1,0.44778,0.53301,0.06778,0.3116,2e-05,820,820,-12,332,0,0,0000,---,False,0.31088,0.0211,0.3116,2e-05,0.74065,0.55289,cached_adaptive_split,w,"$1,0,0,0,0,0,0,0,0#",16000,16000,Set tank.c app_speed/duty level to the logged pwm before sending the move key/protocol command; e=stop.,0.93847,2.51715,0,0,0,3.32251,0.12674,11.06383,0.89723,-0.02147,11.1028,0.8975,0.8972,0.12518,13,0.1208,0,0,16.97498,6.31989,0.3116,0.2804,2,False,running
027eea92b7,formation_7_adaptive_split,17,3.4,1784465400,adaptive_clusters,finish_first,r01,r01,True,lower,bypass,local,1,1,1.07882,-0.59931,-0.08302,0.3116,-2e-05,820,820,16,270,0,0,0000,---,False,0.31053,-0.02584,0.3116,-2e-05,1.38599,-0.62487,adaptive_split_to_bypass_target,w,"$1,0,0,0,0,0,0,0,0#",16000,16000,Set tank.c app_speed/duty level to the logged pwm before sending the move key/protocol command; e=stop.,1.00079,2.68327,0,0,0,2.69859,0.11821,11.00292,0.95915,-0.02311,11.0409,0.9594,0.9591,0.13289,13,0.1182,0,0,18.1318,6.75613,0.3116,0.2821,2,False,running
027eea92b7,formation_7_adaptive_split,17,3.4,1784465400,adaptive_clusters,finish_first,r02,r02,True,lower,bypass,local,1,1,0.8252,-0.28157,-0.10053,0.3116,1e-05,820,820,11,294,0,0,0000,---,False,0.31003,-0.03127,0.3116,1e-05,1.19387,-0.31876,adaptive_split_to_bypass_target,w,"$1,0,0,0,0,0,0,0,0#",16000,16000,Set tank.c app_speed/duty level to the logged pwm before sending the move key/protocol command; e=stop.,0.93846,2.51956,0,0,0,2.93878,0.15796,11.06662,0.95915,-0.02311,11.0409,0.9594,0.9591,0.13289,13,0.1182,0,0,18.1318,6.75613,0.3116,0.2821,2,False,running
027eea92b7,formation_7_adaptive_split,17,3.4,1784465400,adaptive_clusters,finish_first,r03,r03,True,lower,bypass,local,1,1,1.26415,-0.31396,-0.12883,0.3116,-2e-05,820,820,13,250,0,0,0000,---,False,0.30902,-0.04003,0.3116,-2e-05,1.5699,-0.35357,adaptive_split_to_bypass_target,w,"$1,0,0,0,0,0,0,0,0#",16000,16000,Set tank.c app_speed/duty level to the logged pwm before sending the move key/protocol command; e=stop.,1.00075,2.68456,0,0,0,2.49983,0.11821,11.008,0.95915,-0.02311,11.0409,0.9594,0.9591,0.13289,13,0.1182,0,0,18.1318,6.75613,0.3116,0.2821,2,False,running
027eea92b7,formation_7_adaptive_split,17,3.4,1784465400,adaptive_clusters,finish_first,r04,r04,True,lower,bypass,local,1,1,0.56587,-0.00098,-0.16522,0.3116,0.00954,818,822,9,320,0,0,0000,---,False,0.30743,-0.05079,0.3116,0.00954,0.99305,-0.07146,adaptive_split_to_bypass_target,w,"$1,0,0,0,0,0,0,0,0#",16000,16000,Set tank.c app_speed/duty level to the logged pwm before sending the move key/protocol command; e=stop.,0.87611,2.35737,0,0,0,3.19812,0.12674,11.13647,0.95915,-0.02311,11.0409,0.9594,0.9591,0.13289,13,0.1182,0,0,18.1318,6.75613,0.3116,0.2821,2,False,running
027eea92b7,formation_7_adaptive_split,17,3.4,1784465400,adaptive_clusters,finish_first,r05,r05,True,upper,bypass,local,1,1,1.01477,0.2386,0.10581,0.3116,-3e-05,820,820,-10,275,0,0,0000,---,False,0.30986,0.03291,0.3116,-3e-05,1.38327,0.27774,adaptive_split_to_bypass_target,w,"$1,0,0,0,0,0,0,0,0#",16000,16000,Set tank.c app_speed/duty level to the logged pwm before sending the move key/protocol command; e=stop.,0.93846,2.51936,0,0,0,2.74921,0.15796,11.06709,0.95915,-0.02311,11.0409,0.9594,0.9591,0.13289,13,0.1182,0,0,18.1318,6.75613,0.3116,0.2821,2,False,running
027eea92b7,formation_7_adaptive_split,17,3.4,1784465400,adaptive_clusters,finish_first,r06,r06,True,upper,bypass,local,1,1,1.45528,0.2582,0.11853,0.3116,2e-05,820,820,-12,231,0,0,0000,---,False,0.30941,0.03685,0.3116,2e-05,1.76138,0.29466,adaptive_split_to_bypass_target,w,"$1,0,0,0,0,0,0,0,0#",16000,16000,Set tank.c app_speed/duty level to the logged pwm before sending the move key/protocol command; e=stop.,1.00077,2.68529,0,0,0,2.3087,0.16037,11.00677,0.95915,-0.02311,11.0409,0.9594,0.9591,0.13289,13,0.1182,0,0,18.1318,6.75613,0.3116,0.2821,2,False,running
027eea92b7,formation_7_adaptive_split,17,3.4,1784465400,adaptive_clusters,finish_first,r07,r07,True,upper,bypass,local,1,1,0.50995,0.53723,0.06778,0.3116,1e-05,820,820,-12,326,0,0,0000,---,False,0.31088,0.0211,0.3116,1e-05,0.81747,0.55811,adaptive_split_to_bypass_target,w,"$1,0,0,0,0,0,0,0,0#",16000,16000,Set tank.c app_speed/duty level to the logged pwm before sending the move key/protocol command; e=stop.,1.00079,2.6824,0,0,0,3.26071,0.12674,11.00168,0.95915,-0.02311,11.0409,0.9594,0.9591,0.13289,13,0.1182,0,0,18.1318,6.75613,0.3116,0.2821,2,False,running
027eea92b7,formation_7_adaptive_split,18,3.6,1784465600,adaptive_clusters,finish_first,r01,r01,True,lower,bypass,local,1,1,1.14092,-0.60448,-0.08302,0.3116,-1e-05,820,820,16,264,0,0,0000,---,False,0.31053,-0.02584,0.3116,-1e-05,1.46272,-0.63126,cached_adaptive_split,w,"$1,0,0,0,0,0,0,0,0#",16000,16000,Set tank.c app_speed/duty level to the logged pwm before sending the move key/protocol command; e=stop.,1.06311,2.84851,0,0,0,2.63731,0.11567,10.94086,1.02107,-0.02474,10.979,1.0214,1.0211,0.14072,13,0.1157,0,0,19.28854,7.19237,0.3116,0.2836,2,False,running
027eea92b7,formation_7_adaptive_split,18,3.6,1784465600,adaptive_clusters,finish_first,r02,r02,True,lower,bypass,local,1,1,0.88721,-0.28782,-0.10053,0.3116,0.0,820,820,11,288,0,0,0000,---,False,0.31003,-0.03127,0.3116,0.0,1.27048,-0.32648,cached_adaptive_split,w,"$1,0,0,0,0,0,0,0,0#",16000,16000,Set tank.c app_speed/duty level to the logged pwm before sending the move key/protocol command; e=stop.,1.00078,2.68481,0,0,0,2.87678,0.15754,11.00468,1.02107,-0.02474,10.979,1.0214,1.0211,0.14072,13,0.1157,0,0,19.28854,7.19237,0.3116,0.2836,2,False,running
027eea92b7,formation_7_adaptive_split,18,3.6,1784465600,adaptive_clusters,finish_first,r03,r03,True,lower,bypass,local,1,1,1.32595,-0.32197,-0.12883,0.3116,-2e-05,820,820,14,244,0,0,0000,---,False,0.30902,-0.04003,0.3116,-2e-05,1.64627,-0.36347,cached_adaptive_split,w,"$1,0,0,0,0,0,0,0,0#",16000,16000,Set tank.c app_speed/duty level to the logged pwm before sending the move key/protocol command; e=stop.,1.06307,2.8498,0,0,0,2.43803,0.11567,10.9463,1.02107,-0.02474,10.979,1.0214,1.0211,0.14072,13,0.1157,0,0,19.28854,7.19237,0.3116,0.2836,2,False,running
027eea92b7,formation_7_adaptive_split,18,3.6,1784465600,adaptive_clusters,finish_first,r04,r04,True,lower,bypass,local,1,1,0.62735,-0.01113,-0.16359,0.3116,0.00815,818,822,10,314,0,0,0010,---,False,0.3075,-0.05035,0.3116,0.00815,1.06912,-0.08339,cached_adaptive_split,w,"$1,0,0,0,0,0,0,0,0#",16000,16000,Set tank.c app_speed/duty level to the logged pwm before sending the move key/protocol command; e=stop.,0.93843,2.52263,0,0,0,3.13663,0.12674,11.07512,1.02107,-0.02474,10.979,1.0214,1.0211,0.14072,13,0.1157,0,0,19.28854,7.19237,0.3116,0.2836,2,False,running
027eea92b7,formation_7_adaptive_split,18,3.6,1784465600,adaptive_clusters,finish_first,r05,r05,True,upper,bypass,local,1,1,1.07674,0.24519,0.10581,0.3116,-1e-05,820,820,-11,269,0,0,0000,---,False,0.30986,0.03291,0.3116,-1e-05,1.45984,0.28587,cached_adaptive_split,w,"$1,0,0,0,0,0,0,0,0#",16000,16000,Set tank.c app_speed/duty level to the logged pwm before sending the move key/protocol command; e=stop.,1.00078,2.68461,0,0,0,2.68724,0.15796,11.00518,1.02107,-0.02474,10.979,1.0214,1.0211,0.14072,13,0.1157,0,0,19.28854,7.19237,0.3116,0.2836,2,False,running
027eea92b7,formation_7_adaptive_split,18,3.6,1784465600,adaptive_clusters,finish_first,r06,r06,True,upper,bypass,local,1,1,1.51716,0.26557,0.11853,0.3116,2e-05,820,820,-12,225,0,0,0000,---,False,0.30941,0.03685,0.3116,2e-05,1.83784,0.30376,cached_adaptive_split,w,"$1,0,0,0,0,0,0,0,0#",16000,16000,Set tank.c app_speed/duty level to the logged pwm before sending the move key/protocol command; e=stop.,1.06309,2.85053,0,0,0,2.24682,0.16037,10.94498,1.02107,-0.02474,10.979,1.0214,1.0211,0.14072,13,0.1157,0,0,19.28854,7.19237,0.3116,0.2836,2,False,running
027eea92b7,formation_7_adaptive_split,18,3.6,1784465600,adaptive_clusters,finish_first,r07,r07,True,upper,bypass,local,1,1,0.57213,0.54145,0.06778,0.3116,1e-05,820,820,-12,320,0,0,0000,---,False,0.31088,0.0211,0.3116,1e-05,0.89429,0.56332,cached_adaptive_split,w,"$1,0,0,0,0,0,0,0,0#",16000,16000,Set tank.c app_speed/duty level to the logged pwm before sending the move key/protocol command; e=stop.,1.06311,2.84765,0,0,0,3.19894,0.12674,10.93953,1.02107,-0.02474,10.979,1.0214,1.0211,0.14072,13,0.1157,0,0,19.28854,7.19237,0.3116,0.2836,2,False,running
027eea92b7,formation_7_adaptive_split,19,3.8,1784465800,adaptive_clusters,finish_first,r01,r01,True,lower,bypass,local,1,1,1.20303,-0.60965,-0.08303,0.3116,-1e-05,820,820,16,258,0,0,0000,---,False,0.31053,-0.02584,0.3116,-1e-05,1.53946,-0.63764,cached_adaptive_split,w,"$1,0,0,0,0,0,0,0,0#",16000,16000,Set tank.c app_speed/duty level to the logged pwm before sending the move key/protocol command; e=stop.,1.12543,3.01376,0,0,0,2.57607,0.11313,10.87879,1.08299,-0.02636,10.917,1.0833,1.083,0.14866,13,0.1131,0,0,20.4453,7.62861,0.3116,0.285,2,False,running
027eea92b7,formation_7_adaptive_split,19,3.8,1784465800,adaptive_clusters,finish_first,r02,r02,True,lower,bypass,local,1,1,0.94921,-0.29408,-0.10053,0.3116,-0.0,820,820,11,281,0,0,0000,---,False,0.31003,-0.03127,0.3116,-0.0,1.34709,-0.33421,cached_adaptive_split,w,"$1,0,0,0,0,0,0,0,0#",16000,16000,Set tank.c app_speed/duty level to the logged pwm before sending the move key/protocol command; e=stop.,1.0631,2.85005,0,0,0,2.81477,0.15511,10.94273,1.08299,-0.02636,10.917,1.0833,1.083,0.14866,13,0.1131,0,0,20.4453,7.62861,0.3116,0.285,2,False,running
027eea92b7,formation_7_adaptive_split,19,3.8,1784465800,adaptive_clusters,finish_first,r03,r03,True,lower,bypass,local,1,1,1.38776,-0.32998,-0.12883,0.3116,-1e-05,820,820,14,238,0,0,0000,---,False,0.30902,-0.04003,0.3116,-1e-05,1.72263,-0.37336,cached_adaptive_split,w,"$1,0,0,0,0,0,0,0,0#",16000,16000,Set tank.c app_speed/duty level to the logged pwm before sending the move key/protocol command; e=stop.,1.12539,3.01505,0,0,0,2.37623,0.11313,10.8846,1.08299,-0.02636,10.917,1.0833,1.083,0.14866,13,0.1131,0,0,20.4453,7.62861,0.3116,0.285,2,False,running
027eea92b7,formation_7_adaptive_split,19,3.8,1784465800,adaptive_clusters,finish_first,r04,r04,True,lower,bypass,local,1,1,0.68885,-0.02122,-0.16262,0.3116,0.00482,819,821,10,308,0,0,0010,---,False,0.30753,-0.05022,0.3116,0.00482,1.14055,-0.09493,cached_adaptive_split,w,"$1,0,0,0,0,0,0,0,0#",16000,16000,Set tank.c app_speed/duty level to the logged pwm before sending the move key/protocol command; e=stop.,1.00075,2.68791,0,0,0,3.07513,0.12674,11.01377,1.08299,-0.02636,10.917,1.0833,1.083,0.14866,13,0.1131,0,0,20.4453,7.62861,0.3116,0.285,2,False,running
027eea92b7,formation_7_adaptive_split,19,3.8,1784465800,adaptive_clusters,finish_first,r05,r05,True,upper,bypass,local,1,1,1.13871,0.25177,0.10581,0.3116,-0.0,820,820,-11,263,0,0,0000,---,False,0.30986,0.03291,0.3116,-0.0,1.53641,0.294,cached_adaptive_split,w,"$1,0,0,0,0,0,0,0,0#",16000,16000,Set tank.c app_speed/duty level to the logged pwm before sending the move key/protocol command; e=stop.,1.0631,2.84985,0,0,0,2.62527,0.15796,10.94328,1.08299,-0.02636,10.917,1.0833,1.083,0.14866,13,0.1131,0,0,20.4453,7.62861,0.3116,0.285,2,False,running
027eea92b7,formation_7_adaptive_split,19,3.8,1784465800,adaptive_clusters,finish_first,r06,r06,True,upper,bypass,local,1,1,1.57904,0.27294,0.11853,0.3116,1e-05,820,820,-13,218,0,0,0000,---,False,0.30941,0.03685,0.3116,1e-05,1.9143,0.31287,cached_adaptive_split,w,"$1,0,0,0,0,0,0,0,0#",16000,16000,Set tank.c app_speed/duty level to the logged pwm before sending the move key/protocol command; e=stop.,1.12541,3.01578,0,0,0,2.18494,0.16037,10.88318,1.08299,-0.02636,10.917,1.0833,1.083,0.14866,13,0.1131,0,0,20.4453,7.62861,0.3116,0.285,2,False,running
027eea92b7,formation_7_adaptive_split,19,3.8,1784465800,adaptive_clusters,finish_first,r07,r07,True,upper,bypass,local,1,1,0.63431,0.54567,0.06778,0.3116,1e-05,820,820,-13,314,0,0,0000,---,False,0.31088,0.02111,0.3116,1e-05,0.97111,0.56854,cached_adaptive_split,w,"$1,0,0,0,0,0,0,0,0#",16000,16000,Set tank.c app_speed/duty level to the logged pwm before sending the move key/protocol command; e=stop.,1.12543,3.01289,0,0,0,3.13718,0.12674,10.87738,1.08299,-0.02636,10.917,1.0833,1.083,0.14866,13,0.1131,0,0,20.4453,7.62861,0.3116,0.285,2,False,running
027eea92b7,formation_7_adaptive_split,20,4.0,1784466000,adaptive_clusters,finish_first,r01,r01,True,lower,bypass,local,1,1,1.26513,-0.61481,-0.08303,0.3116,-0.0,820,820,17,251,0,0,0000,---,False,0.31053,-0.02584,0.3116,-0.0,1.61619,-0.64403,cached_adaptive_split,w,"$1,0,0,0,0,0,0,0,0#",16000,16000,Set tank.c app_speed/duty level to the logged pwm before sending the move key/protocol command; e=stop.,1.18775,3.17901,0,0,0,2.51489,0.1106,10.81674,1.14491,-0.02798,10.8551,1.1453,1.1449,0.1567,13,0.1106,0,0,21.60205,8.06485,0.3116,0.2862,2,False,running
027eea92b7,formation_7_adaptive_split,20,4.0,1784466000,adaptive_clusters,finish_first,r02,r02,True,lower,bypass,local,1,1,1.01122,-0.30033,-0.10053,0.3116,-0.0,820,820,11,275,0,0,0000,---,False,0.31003,-0.03127,0.3116,-0.0,1.4237,-0.34194,cached_adaptive_split,w,"$1,0,0,0,0,0,0,0,0#",16000,16000,Set tank.c app_speed/duty level to the logged pwm before sending the move key/protocol command; e=stop.,1.12542,3.0153,0,0,0,2.75277,0.15271,10.88079,1.14491,-0.02798,10.8551,1.1453,1.1449,0.1567,13,0.1106,0,0,21.60205,8.06485,0.3116,0.2862,2,False,running
027eea92b7,formation_7_adaptive_split,20,4.0,1784466000,adaptive_clusters,finish_first,r03,r03,True,lower,bypass,local,1,1,1.44956,-0.33798,-0.12883,0.3116,-1e-05,820,820,14,231,0,0,0000,---,False,0.30902,-0.04003,0.3116,-1e-05,1.79899,-0.38325,cached_adaptive_split,w,"$1,0,0,0,0,0,0,0,0#",16000,16000,Set tank.c app_speed/duty level to the logged pwm before sending the move key/protocol command; e=stop.,1.18771,3.1803,0,0,0,2.31446,0.1106,10.82291,1.14491,-0.02798,10.8551,1.1453,1.1449,0.1567,13,0.1106,0,0,21.60205,8.06485,0.3116,0.2862,2,False,running
027eea92b7,formation_7_adaptive_split,20,4.0,1784466000,adaptive_clusters,finish_first,r04,r04,True,lower,bypass,local,1,1,0.75035,-0.03128,-0.16214,0.3116,0.00242,819,821,10,301,0,0,0010,---,False,0.30753,-0.05019,0.3116,0.00242,1.20503,-0.10545,cached_adaptive_split,w,"$1,0,0,0,0,0,0,0,0#",16000,16000,Set tank.c app_speed/duty level to the logged pwm before sending the move key/protocol command; e=stop.,1.06307,2.85318,0,0,0,3.01363,0.12674,10.95243,1.14491,-0.02798,10.8551,1.1453,1.1449,0.1567,13,0.1106,0,0,21.60205,8.06485,0.3116,0.2862,2,False,running
027eea92b7,formation_7_adaptive_split,20,4.0,1784466000,adaptive_clusters,finish_first,r05,r05,True,upper,bypass,local,1,1,1.20068,0.25835,0.10581,0.3116,0.0,820,820,-11,256,0,0,0000,---,False,0.30986,0.03291,0.3116,0.0,1.61298,0.30214,cached_adaptive_split,w,"$1,0,0,0,0,0,0,0,0#",16000,16000,Set tank.c app_speed/duty level to the logged pwm before sending the move key/protocol command; e=stop.,1.12542,3.0151,0,0,0,2.5633,0.15796,10.88138,1.14491,-0.02798,10.8551,1.1453,1.1449,0.1567,13,0.1106,0,0,21.60205,8.06485,0.3116,0.2862,2,False,running
027eea92b7,formation_7_adaptive_split,20,4.0,1784466000,adaptive_clusters,finish_first,r06,r06,True,upper,bypass,local,1,1,1.64093,0.28031,0.11853,0.3116,1e-05,820,820,-13,212,0,0,0000,---,False,0.30941,0.03685,0.3116,1e-05,1.99076,0.32197,cached_adaptive_split,w,"$1,0,0,0,0,0,0,0,0#",16000,16000,Set tank.c app_speed/duty level to the logged pwm before sending the move key/protocol command; e=stop.,1.18773,3.18103,0,0,0,2.12306,0.16037,10.8214,1.14491,-0.02798,10.8551,1.1453,1.1449,0.1567,13,0.1106,0,0,21.60205,8.06485,0.3116,0.2862,2,False,running
027eea92b7,formation_7_adaptive_split,20,4.0,1784466000,adaptive_clusters,finish_first,r07,r07,True,upper,bypass,local,1,1,0.69648,0.54989,0.06778,0.3116,0.0,820,820,-13,308,0,0,0000,---,False,0.31088,0.02111,0.3116,0.0,1.04794,0.57375,cached_adaptive_split,w,"$1,0,0,0,0,0,0,0,0#",16000,16000,Set tank.c app_speed/duty level to the logged pwm before sending the move key/protocol command; e=stop.,1.18775,3.17814,0,0,0,3.07544,0.12674,10.81524,1.14491,-0.02798,10.8551,1.1453,1.1449,0.1567,13,0.1106,0,0,21.60205,8.06485,0.3116,0.2862,2,False,running
027eea92b7,formation_7_adaptive_split,21,4.2,1784466200,adaptive_clusters,finish_first,r01,r01,True,lower,bypass,local,1,1,1.32724,-0.61998,-0.08303,0.3116,-0.0,820,820,17,245,0,0,0000,---,False,0.31053,-0.02584,0.3116,-0.0,1.69293,-0.65041,adaptive_split_to_bypass_target,w,"$1,0,0,0,0,0,0,0,0#",16000,16000,Set tank.c app_speed/duty level to the logged pwm before sending the move key/protocol command; e=stop.,1.25007,3.34425,0,0,0,2.45376,0.10807,10.75468,1.20683,-0.02962,10.7932,1.2072,1.2068,0.16484,13,0.1081,0,0,22.7589,8.50109,0.3116,0.2873,2,False,running
027eea92b7,formation_7_adaptive_split,21,4.2,1784466200,adaptive_clusters,finish_first,r02,r02,True,lower,bypass,local,1,1,1.07322,-0.30659,-0.10053,0.3116,-0.0,820,820,11,269,0,0,0000,---,False,0.31003,-0.03127,0.3116,-0.0,1.50031,-0.34967,adaptive_split_to_bypass_target,w,"$1,0,0,0,0,0,0,0,0#",16000,16000,Set tank.c app_speed/duty level to the logged pwm before sending the move key/protocol command; e=stop.,1.18774,3.18054,0,0,0,2.69076,0.15027,10.81886,1.20683,-0.02962,10.7932,1.2072,1.2068,0.16484,13,0.1081,0,0,22.7589,8.50109,0.3116,0.2873,2,False,running
027eea92b7,formation_7_adaptive_split,21,4.2,1784466200,adaptive_clusters,finish_first,r03,r03,True,lower,bypass,local,1,1,1.51136,-0.34599,-0.12883,0.3116,-0.0,820,820,15,225,0,0,0000,---,False,0.30902,-0.04003,0.3116,-0.0,1.87535,-0.39315,adaptive_split_to_bypass_target,w,"$1,0,0,0,0,0,0,0,0#",16000,16000,Set tank.c app_speed/duty level to the logged pwm before sending the move key/protocol command; e=stop.,1.25003,3.34554,0,0,0,2.25271,0.10807,10.76123,1.20683,-0.02962,10.7932,1.2072,1.2068,0.16484,13,0.1081,0,0,22.7589,8.50109,0.3116,0.2873,2,False,running
027eea92b7,formation_7_adaptive_split,21,4.2,1784466200,adaptive_clusters,finish_first,r04,r04,True,lower,bypass,local,1,1,0.81184,-0.04147,-0.16423,0.3116,-0.01047,822,818,10,295,0,0,0010,---,False,0.30732,-0.05145,0.3116,-0.01047,1.26707,-0.11779,adaptive_split_to_bypass_target,w,"$1,0,0,0,0,0,0,0,0#",16000,16000,Set tank.c app_speed/duty level to the logged pwm before sending the move key/protocol command; e=stop.,1.12539,3.01855,0,0,0,2.95215,0.12674,10.89112,1.20683,-0.02962,10.7932,1.2072,1.2068,0.16484,13,0.1081,0,0,22.7589,8.50109,0.3116,0.2873,2,False,running
027eea92b7,formation_7_adaptive_split,21,4.2,1784466200,adaptive_clusters,finish_first,r05,r05,True,upper,bypass,local,1,1,1.26266,0.26493,0.10581,0.3116,0.0,820,820,-11,250,0,0,0000,---,False,0.30986,0.03291,0.3116,0.0,1.68955,0.31027,adaptive_split_to_bypass_target,w,"$1,0,0,0,0,0,0,0,0#",16000,16000,Set tank.c app_speed/duty level to the logged pwm before sending the move key/protocol command; e=stop.,1.18774,3.18035,0,0,0,2.50133,0.15796,10.81948,1.20683,-0.02962,10.7932,1.2072,1.2068,0.16484,13,0.1081,0,0,22.7589,8.50109,0.3116,0.2873,2,False,running
027eea92b7,formation_7_adaptive_split,21,4.2,1784466200,adaptive_clusters,finish_first,r06,r06,True,upper,bypass,local,2,1,1.70281,0.28768,0.11853,0.3116,0.0,820,820,-13,206,0,0,0000,---,False,0.30941,0.03685,0.3116,0.0,2.06722,0.33108,adaptive_split_to_bypass_target,w,"$1,0,0,0,0,0,0,0,0#",16000,16000,Set tank.c app_speed/duty level to the logged pwm before sending the move key/protocol command; e=stop.,1.25005,3.34627,0,0,0,2.06117,0.16037,10.75962,1.20683,-0.02962,10.7932,1.2072,1.2068,0.16484,13,0.1081,0,0,22.7589,8.50109,0.3116,0.2873,2,False,running
027eea92b7,formation_7_adaptive_split,21,4.2,1784466200,adaptive_clusters,finish_first,r07,r07,True,upper,bypass,local,1,1,0.75866,0.55412,0.06778,0.3116,0.0,820,820,-13,301,0,0,0000,---,False,0.31088,0.02111,0.3116,0.0,1.12476,0.57897,adaptive_split_to_bypass_target,w,"$1,0,0,0,0,0,0,0,0#",16000,16000,Set tank.c app_speed/duty level to the logged pwm before sending the move key/protocol command; e=stop.,1.25007,3.34339,0,0,0,3.01373,0.12674,10.75309,1.20683,-0.02962,10.7932,1.2072,1.2068,0.16484,13,0.1081,0,0,22.7589,8.50109,0.3116,0.2873,2,False,running
027eea92b7,formation_7_adaptive_split,22,4.4,1784466400,adaptive_clusters,finish_first,r01,r01,True,lower,bypass,local,1,2,1.38934,-0.62515,-0.08303,0.3116,-0.0,820,820,17,239,0,0,0000,---,False,0.31053,-0.02584,0.3116,-0.0,1.76966,-0.6568,adaptive_split_to_bypass_target,w,"$1,0,0,0,0,0,0,0,0#",16000,16000,Set tank.c app_speed/duty level to the logged pwm before sending the move key/protocol command; e=stop.,1.31239,3.5095,0,0,0,2.3927,0.10555,10.69263,1.2687,-0.03099,10.7313,1.2691,1.2687,0.1735,13,0.1056,0,0,23.91725,8.93728,0.3116,0.2883,2,False,running
027eea92b7,formation_7_adaptive_split,22,4.4,1784466400,adaptive_clusters,finish_first,r02,r02,True,lower,bypass,local,1,2,1.13523,-0.31284,-0.10053,0.3116,-0.0,820,820,12,263,0,0,0000,---,False,0.31003,-0.03127,0.3116,-0.0,1.57692,-0.3574,adaptive_split_to_bypass_target,w,"$1,0,0,0,0,0,0,0,0#",16000,16000,Set tank.c app_speed/duty level to the logged pwm before sending the move key/protocol command; e=stop.,1.25006,3.34579,0,0,0,2.62876,0.14779,10.75693,1.2687,-0.03099,10.7313,1.2691,1.2687,0.1735,13,0.1056,0,0,23.91725,8.93728,0.3116,0.2883,2,False,running
027eea92b7,formation_7_adaptive_split,22,4.4,1784466400,adaptive_clusters,finish_first,r03,r03,True,lower,bypass,local,1,2,1.57317,-0.354,-0.12884,0.3116,-0.0,820,820,15,219,0,0,0000,---,False,0.30902,-0.04003,0.3116,-0.0,1.95171,-0.40304,adaptive_split_to_bypass_target,w,"$1,0,0,0,0,0,0,0,0#",16000,16000,Set tank.c app_speed/duty level to the logged pwm before sending the move key/protocol command; e=stop.,1.31235,3.51079,0,0,0,2.191,0.10555,10.69955,1.2687,-0.03099,10.7313,1.2691,1.2687,0.1735,13,0.1056,0,0,23.91725,8.93728,0.3116,0.2883,2,False,running
027eea92b7,formation_7_adaptive_split,22,4.4,1784466400,adaptive_clusters,finish_first,r04,r04,True,lower,bypass,local,1,2,0.8733,-0.05176,-0.16583,0.3116,-0.00797,822,818,10,289,0,0,0010,---,False,0.30726,-0.05182,0.3116,-0.00797,1.32871,-0.12864,adaptive_split_to_bypass_target,w,"$1,0,0,0,0,0,0,0,0#",16000,16000,Set tank.c app_speed/duty level to the logged pwm before sending the move key/protocol command; e=stop.,1.18771,3.18383,0,0,0,2.89068,0.12674,10.82984,1.2687,-0.03099,10.7313,1.2691,1.2687,0.1735,13,0.1056,0,0,23.91725,8.93728,0.3116,0.2883,2,False,running
027eea92b7,formation_7_adaptive_split,22,4.4,1784466400,adaptive_clusters,finish_first,r05,r05,True,upper,bypass,local,1,2,1.32448,0.27256,0.12281,0.31146,0.08501,802,838,-12,244,0,0,0000,---,False,0.30872,0.0423,0.31146,0.08501,1.76296,0.33348,adaptive_split_to_bypass_target,w,"$1,0,0,0,0,0,0,0,0#",16000,17000,Set tank.c app_speed/duty level to the logged pwm before sending the move key/protocol command; e=stop.,1.25003,3.34645,0,0,0,2.4395,0.15796,10.75775,1.2687,-0.03099,10.7313,1.2691,1.2687,0.1735,13,0.1056,0,0,23.91725,8.93728,0.3116,0.2883,2,False,running
027eea92b7,formation_7_adaptive_split,22,4.4,1784466400,adaptive_clusters,finish_first,r06,r06,True,upper,bypass,local,2,2,1.76458,0.29581,0.13081,0.31153,0.06137,807,833,-14,200,0,0,0000,---,False,0.30853,0.04362,0.31153,0.06137,2.14192,0.34976,adaptive_split_to_bypass_target,w,"$1,0,0,0,0,0,0,0,0#",16000,17000,Set tank.c app_speed/duty level to the logged pwm before sending the move key/protocol command; e=stop.,1.31236,3.51214,0,0,0,1.9994,0.16037,10.69797,1.2687,-0.03099,10.7313,1.2691,1.2687,0.1735,13,0.1056,0,0,23.91725,8.93728,0.3116,0.2883,2,False,running
027eea92b7,formation_7_adaptive_split,22,4.4,1784466400,adaptive_clusters,finish_first,r07,r07,True,upper,bypass,local,1,2,0.82083,0.55848,0.07008,0.3116,0.01146,818,822,-13,295,0,0,0000,---,False,0.3108,0.02238,0.3116,0.01146,1.20144,0.586,adaptive_split_to_bypass_target,w,"$1,0,0,0,0,0,0,0,0#",16000,16000,Set tank.c app_speed/duty level to the logged pwm before sending the move key/protocol command; e=stop.,1.31239,3.50875,0,0,0,2.95206,0.12674,10.69097,1.2687,-0.03099,10.7313,1.2691,1.2687,0.1735,13,0.1056,0,0,23.91725,8.93728,0.3116,0.2883,2,False,running
027eea92b7,formation_7_adaptive_split,23,4.6,1784466600,adaptive_clusters,finish_first,r01,r01,True,lower,bypass,local,1,2,1.45145,-0.63032,-0.08303,0.3116,-0.0,820,820,18,233,0,0,0000,---,False,0.31053,-0.02584,0.3116,-0.0,1.8464,-0.66319,cached_adaptive_split,w,"$1,0,0,0,0,0,0,0,0#",16000,16000,Set tank.c app_speed/duty level to the logged pwm before sending the move key/protocol command; e=stop.,1.37471,3.67475,0,0,0,2.33169,0.10304,10.63058,1.33055,-0.03211,10.6695,1.331,1.3305,0.18262,13,0.103,0,0,25.07407,9.37349,0.3116,0.2892,2,False,running
027eea92b7,formation_7_adaptive_split,23,4.6,1784466600,adaptive_clusters,finish_first,r02,r02,True,lower,bypass,local,1,2,1.19723,-0.3191,-0.10053,0.3116,-0.0,820,820,12,257,0,0,0000,---,False,0.31003,-0.03127,0.3116,-0.0,1.65149,-0.36492,cached_adaptive_split,w,"$1,0,0,0,0,0,0,0,0#",16000,16000,Set tank.c app_speed/duty level to the logged pwm before sending the move key/protocol command; e=stop.,1.31238,3.51104,0,0,0,2.56675,0.14531,10.695,1.33055,-0.03211,10.6695,1.331,1.3305,0.18262,13,0.103,0,0,25.07407,9.37349,0.3116,0.2892,2,False,running
027eea92b7,formation_7_adaptive_split,23,4.6,1784466600,adaptive_clusters,finish_first,r03,r03,True,lower,bypass,local,1,2,1.63497,-0.362,-0.12884,0.3116,-0.0,820,820,15,213,0,0,0000,---,False,0.30902,-0.04003,0.3116,-0.0,2.02808,-0.41293,cached_adaptive_split,w,"$1,0,0,0,0,0,0,0,0#",16000,16000,Set tank.c app_speed/duty level to the logged pwm before sending the move key/protocol command; e=stop.,1.37467,3.67604,0,0,0,2.12932,0.10304,10.63788,1.33055,-0.03211,10.6695,1.331,1.3305,0.18262,13,0.103,0,0,25.07407,9.37349,0.3116,0.2892,2,False,running
027eea92b7,formation_7_adaptive_split,23,4.6,1784466600,adaptive_clusters,finish_first,r04,r04,True,lower,bypass,local,1,2,0.93476,-0.0621,-0.16671,0.3116,-0.00442,821,819,11,283,0,0,0010,---,False,0.30724,-0.05192,0.3116,-0.00442,1.39023,-0.13911,cached_adaptive_split,w,"$1,0,0,0,0,0,0,0,0#",16000,16000,Set tank.c app_speed/duty level to the logged pwm before sending the move key/protocol command; e=stop.,1.25003,3.34911,0,0,0,2.82923,0.12674,10.76859,1.33055,-0.03211,10.6695,1.331,1.3305,0.18262,13,0.103,0,0,25.07407,9.37349,0.3116,0.2892,2,False,running
027eea92b7,formation_7_adaptive_split,23,4.6,1784466600,adaptive_clusters,finish_first,r05,r05,True,upper,bypass,local,1,2,1.3862,0.28105,0.13669,0.3115,0.06938,805,834,-14,238,0,0,0000,---,False,0.30821,0.04582,0.3115,0.06938,1.83734,0.34881,cached_adaptive_split,w,"$1,0,0,0,0,0,0,0,0#",16000,17000,Set tank.c app_speed/duty level to the logged pwm before sending the move key/protocol command; e=stop.,1.31233,3.51176,0,0,0,2.37778,0.15796,10.69615,1.33055,-0.03211,10.6695,1.331,1.3305,0.18262,13,0.103,0,0,25.07407,9.37349,0.3116,0.2892,2,False,running
027eea92b7,formation_7_adaptive_split,23,4.6,1784466600,adaptive_clusters,finish_first,r06,r06,True,upper,bypass,local,2,2,1.82625,0.30469,0.14299,0.31153,0.06093,807,833,-16,194,0,0,0000,---,False,0.30798,0.04736,0.31153,0.06093,2.21731,0.36542,cached_adaptive_split,w,"$1,0,0,0,0,0,0,0,0#",16000,17000,Set tank.c app_speed/duty level to the logged pwm before sending the move key/protocol command; e=stop.,1.37466,3.67739,0,0,0,1.93773,0.16037,10.63644,1.33055,-0.03211,10.6695,1.331,1.3305,0.18262,13,0.103,0,0,25.07407,9.37349,0.3116,0.2892,2,False,running
027eea92b7,formation_7_adaptive_split,23,4.6,1784466600,adaptive_clusters,finish_first,r07,r07,True,upper,bypass,local,1,2,0.88298,0.56298,0.07234,0.3116,0.01131,818,822,-14,289,0,0,0000,---,False,0.31074,0.02307,0.3116,0.01131,1.27817,0.59244,cached_adaptive_split,w,"$1,0,0,0,0,0,0,0,0#",16000,16000,Set tank.c app_speed/duty level to the logged pwm before sending the move key/protocol command; e=stop.,1.37471,3.674,0,0,0,2.89045,0.12674,10.62885,1.33055,-0.03211,10.6695,1.331,1.3305,0.18262,13,0.103,0,0,25.07407,9.37349,0.3116,0.2892,2,False,running
027eea92b7,formation_7_adaptive_split,24,4.8,1784466800,adaptive_clusters,finish_first,r01,r01,True,lower,bypass,local,1,2,1.51355,-0.63549,-0.08303,0.3116,-0.0,820,820,18,227,0,0,0000,---,False,0.31053,-0.02584,0.3116,-0.0,1.92313,-0.66957,cached_adaptive_split,w,"$1,0,0,0,0,0,0,0,0#",16000,16000,Set tank.c app_speed/duty level to the logged pwm before sending the move key/protocol command; e=stop.,1.43703,3.83999,0,0,0,2.27075,0.10053,10.56854,1.39237,-0.03309,10.6077,1.3928,1.3924,0.19207,14,0.1005,0,0,26.23134,9.80971,0.3116,0.2901,2,False,running
027eea92b7,formation_7_adaptive_split,24,4.8,1784466800,adaptive_clusters,finish_first,r02,r02,True,lower,bypass,local,1,2,1.25924,-0.32535,-0.10053,0.3116,-0.0,820,820,12,250,0,0,0000,---,False,0.31003,-0.03127,0.3116,-0.0,1.71726,-0.37155,cached_adaptive_split,w,"$1,0,0,0,0,0,0,0,0#",16000,16000,Set tank.c app_speed/duty level to the logged pwm before sending the move key/protocol command; e=stop.,1.3747,3.67628,0,0,0,2.50474,0.14284,10.63308,1.39237,-0.03309,10.6077,1.3928,1.3924,0.19207,14,0.1005,0,0,26.23134,9.80971,0.3116,0.2901,2,False,running
027eea92b7,formation_7_adaptive_split,24,4.8,1784466800,adaptive_clusters,finish_first,r03,r03,True,lower,bypass,local,1,2,1.69677,-0.37001,-0.12884,0.3116,-0.0,820,820,16,207,0,0,0000,---,False,0.30902,-0.04003,0.3116,-0.0,2.10444,-0.42283,cached_adaptive_split,w,"$1,0,0,0,0,0,0,0,0#",16000,16000,Set tank.c app_speed/duty level to the logged pwm before sending the move key/protocol command; e=stop.,1.43699,3.84128,0,0,0,2.06767,0.10053,10.57622,1.39237,-0.03309,10.6077,1.3928,1.3924,0.19207,14,0.1005,0,0,26.23134,9.80971,0.3116,0.2901,2,False,running
027eea92b7,formation_7_adaptive_split,24,4.8,1784466800,adaptive_clusters,finish_first,r04,r04,True,lower,bypass,local,1,2,0.99621,-0.07247,-0.16714,0.3116,-0.00216,820,820,11,277,0,0,0010,---,False,0.30724,-0.05194,0.3116,-0.00216,1.4517,-0.1495,cached_adaptive_split,w,"$1,0,0,0,0,0,0,0,0#",16000,16000,Set tank.c app_speed/duty level to the logged pwm before sending the move key/protocol command; e=stop.,1.31235,3.51438,0,0,0,2.76777,0.12674,10.70735,1.39237,-0.03309,10.6077,1.3928,1.3924,0.19207,14,0.1005,0,0,26.23134,9.80971,0.3116,0.2901,2,False,running
027eea92b7,formation_7_adaptive_split,24,4.8,1784466800,adaptive_clusters,finish_first,r05,r05,True,upper,bypass,local,1,2,1.44786,0.29002,0.14445,0.31157,0.03881,812,828,-14,232,0,0,0000,---,False,0.30808,0.04673,0.31157,0.03881,1.90285,0.35943,cached_adaptive_split,w,"$1,0,0,0,0,0,0,0,0#",16000,17000,Set tank.c app_speed/duty level to the logged pwm before sending the move key/protocol command; e=stop.,1.37464,3.67732,0,0,0,2.31612,0.15796,10.63461,1.39237,-0.03309,10.6077,1.3928,1.3924,0.19207,14,0.1005,0,0,26.23134,9.80971,0.3116,0.2901,2,False,running
027eea92b7,formation_7_adaptive_split,24,4.8,1784466800,adaptive_clusters,finish_first,r06,r06,True,upper,bypass,local,2,2,1.88785,0.3141,0.15166,0.31156,0.04331,811,829,-16,188,0,0,0000,---,False,0.3077,0.04917,0.31156,0.04331,2.29305,0.37928,cached_adaptive_split,w,"$1,0,0,0,0,0,0,0,0#",16000,17000,Set tank.c app_speed/duty level to the logged pwm before sending the move key/protocol command; e=stop.,1.43697,3.84281,0,0,0,1.87613,0.16037,10.575,1.39237,-0.03309,10.6077,1.3928,1.3924,0.19207,14,0.1005,0,0,26.23134,9.80971,0.3116,0.2901,2,False,running
027eea92b7,formation_7_adaptive_split,24,4.8,1784466800,adaptive_clusters,finish_first,r07,r07,True,upper,bypass,local,1,2,0.94513,0.56759,0.07394,0.3116,0.008,818,822,-14,283,0,0,0000,---,False,0.31072,0.02341,0.3116,0.008,1.35493,0.59854,cached_adaptive_split,w,"$1,0,0,0,0,0,0,0,0#",16000,16000,Set tank.c app_speed/duty level to the logged pwm before sending the move key/protocol command; e=stop.,1.43703,3.83928,0,0,0,2.82887,0.12674,10.56674,1.39237,-0.03309,10.6077,1.3928,1.3924,0.19207,14,0.1005,0,0,26.23134,9.80971,0.3116,0.2901,2,False,running
027eea92b7,formation_7_adaptive_split,25,5.0,1784467000,adaptive_clusters,finish_first,r01,r01,True,lower,bypass,local,1,2,1.57566,-0.64066,-0.08303,0.3116,-0.0,820,820,18,221,0,0,0000,---,False,0.31053,-0.02584,0.3116,-0.0,1.99987,-0.67596,adaptive_split_to_bypass_target,w,"$1,0,0,0,0,0,0,0,0#",16000,16000,Set tank.c app_speed/duty level to the logged pwm before sending the move key/protocol command; e=stop.,1.49935,4.00524,0,0,0,2.20989,0.09802,10.5065,1.45419,-0.03395,10.5459,1.4546,1.4542,0.20171,14,0.098,0,0,27.38851,10.24595,0.3116,0.2908,2,False,running
027eea92b7,formation_7_adaptive_split,25,5.0,1784467000,adaptive_clusters,finish_first,r02,r02,True,lower,bypass,local,1,2,1.32124,-0.33161,-0.10053,0.3116,-0.0,820,820,12,244,0,0,0000,---,False,0.31003,-0.03127,0.3116,-0.0,1.7804,-0.37792,adaptive_split_to_bypass_target,w,"$1,0,0,0,0,0,0,0,0#",16000,16000,Set tank.c app_speed/duty level to the logged pwm before sending the move key/protocol command; e=stop.,1.43702,3.84153,0,0,0,2.44275,0.14048,10.57116,1.45419,-0.03395,10.5459,1.4546,1.4542,0.20171,14,0.098,0,0,27.38851,10.24595,0.3116,0.2908,2,False,running
027eea92b7,formation_7_adaptive_split,25,5.0,1784467000,adaptive_clusters,finish_first,r03,r03,True,lower,bypass,local,2,2,1.75858,-0.37802,-0.12884,0.3116,-0.0,820,820,16,201,0,0,0000,---,False,0.30902,-0.04003,0.3116,-0.0,2.1808,-0.43272,adaptive_split_to_bypass_target,w,"$1,0,0,0,0,0,0,0,0#",16000,16000,Set tank.c app_speed/duty level to the logged pwm before sending the move key/protocol command; e=stop.,1.49931,4.00653,0,0,0,2.00607,0.09802,10.51457,1.45419,-0.03395,10.5459,1.4546,1.4542,0.20171,14,0.098,0,0,27.38851,10.24595,0.3116,0.2908,2,False,running
027eea92b7,formation_7_adaptive_split,25,5.0,1784467000,adaptive_clusters,finish_first,r04,r04,True,lower,bypass,local,1,2,1.05768,-0.0827,-0.16485,0.3116,0.01148,818,822,11,271,0,0,0000,---,False,0.30747,-0.05058,0.3116,0.01148,1.51354,-0.15757,adaptive_split_to_bypass_target,w,"$1,0,0,0,0,0,0,0,0#",16000,16000,Set tank.c app_speed/duty level to the logged pwm before sending the move key/protocol command; e=stop.,1.37467,3.67976,0,0,0,2.7063,0.12674,10.6461,1.45419,-0.03395,10.5459,1.4546,1.4542,0.20171,14,0.098,0,0,27.38851,10.24595,0.3116,0.2908,2,False,running
027eea92b7,formation_7_adaptive_split,25,5.0,1784467000,adaptive_clusters,finish_first,r05,r05,True,upper,bypass,local,1,2,1.5095,0.29923,0.14824,0.31159,0.01896,816,824,-15,225,0,0,0000,---,False,0.30804,0.04694,0.31159,0.01896,1.96566,0.36893,adaptive_split_to_bypass_target,w,"$1,0,0,0,0,0,0,0,0#",16000,16000,Set tank.c app_speed/duty level to the logged pwm before sending the move key/protocol command; e=stop.,1.43696,3.84276,0,0,0,2.25448,0.15796,10.57311,1.45419,-0.03395,10.5459,1.4546,1.4542,0.20171,14,0.098,0,0,27.38851,10.24595,0.3116,0.2908,2,False,running
027eea92b7,formation_7_adaptive_split,25,5.0,1784467000,adaptive_clusters,finish_first,r06,r06,True,upper,bypass,local,2,2,1.9494,0.32383,0.15685,0.31159,0.02598,814,825,-17,181,0,0,0000,---,False,0.30757,0.04993,0.31159,0.02598,2.36896,0.3922,adaptive_split_to_bypass_target,w,"$1,0,0,0,0,0,0,0,0#",16000,16000,Set tank.c app_speed/duty level to the logged pwm before sending the move key/protocol command; e=stop.,1.49929,4.00814,0,0,0,1.81458,0.16037,10.51362,1.45419,-0.03395,10.5459,1.4546,1.4542,0.20171,14,0.098,0,0,27.38851,10.24595,0.3116,0.2908,2,False,running
027eea92b7,formation_7_adaptive_split,25,5.0,1784467000,adaptive_clusters,finish_first,r07,r07,True,upper,bypass,local,1,2,1.00728,0.57225,0.07489,0.3116,0.00477,819,821,-14,277,0,0,0000,---,False,0.31071,0.02355,0.3116,0.00477,1.4317,0.60446,adaptive_split_to_bypass_target,w,"$1,0,0,0,0,0,0,0,0#",16000,16000,Set tank.c app_speed/duty level to the logged pwm before sending the move key/protocol command; e=stop.,1.49935,4.00455,0,0,0,2.76734,0.12674,10.50465,1.45419,-0.03395,10.5459,1.4546,1.4542,0.20171,14,0.098,0,0,27.38851,10.24595,0.3116,0.2908,2,False,running
027eea92b7,formation_7_adaptive_split,26,5.2,1784467200,adaptive_clusters,finish_first,r01,r01,True,lower,bypass,local,1,2,1.6378,-0.64529,-0.07449,0.31156,0.04267,811,829,18,215,0,0,0000,---,False,0.31088,-0.02111,0.31156,0.04267,2.07685,-0.67468,adaptive_split_to_bypass_target,w,"$1,0,0,0,0,0,0,0,0#",16000,17000,Set tank.c app_speed/duty level to the logged pwm before sending the move key/protocol command; e=stop.,1.56166,4.17091,0,0,0,2.14899,0.09573,10.44442,1.51597,-0.03646,10.4841,1.5164,1.516,0.20819,14,0.0957,0,0,28.55383,10.6804,0.3103,0.2915,2,False,running
027eea92b7,formation_7_adaptive_split,26,5.2,1784467200,adaptive_clusters,finish_first,r02,r02,True,lower,bypass,local,1,2,1.38328,-0.33747,-0.09429,0.31158,0.03119,813,827,12,238,0,0,0000,---,False,0.31036,-0.02782,0.31158,0.03119,1.84328,-0.3784,adaptive_split_to_bypass_target,w,"$1,0,0,0,0,0,0,0,0#",16000,17000,Set tank.c app_speed/duty level to the logged pwm before sending the move key/protocol command; e=stop.,1.49934,4.00709,0,0,0,2.38073,0.13789,10.50921,1.51597,-0.03646,10.4841,1.5164,1.516,0.20819,14,0.0957,0,0,28.55383,10.6804,0.3103,0.2915,2,False,running
027eea92b7,formation_7_adaptive_split,26,5.2,1784467200,adaptive_clusters,finish_first,r03,r03,True,lower,bypass,local,2,2,1.82046,-0.38527,-0.11664,0.31153,0.06099,807,833,16,194,0,0,0000,---,False,0.30982,-0.03329,0.31153,0.06099,2.25779,-0.43167,adaptive_split_to_bypass_target,w,"$1,0,0,0,0,0,0,0,0#",16000,17000,Set tank.c app_speed/duty level to the logged pwm before sending the move key/protocol command; e=stop.,1.56161,4.17239,0,0,0,1.94441,0.09573,10.45283,1.51597,-0.03646,10.4841,1.5164,1.516,0.20819,14,0.0957,0,0,28.55383,10.6804,0.3103,0.2915,2,False,running
027eea92b7,formation_7_adaptive_split,26,5.2,1784467200,adaptive_clusters,finish_first,r04,r04,True,lower,bypass,local,1,2,1.11915,-0.09297,-0.16565,0.3116,-0.00402,821,819,11,264,0,0,0001,---,False,0.3073,-0.05158,0.3116,-0.00402,1.57474,-0.16948,adaptive_split_to_bypass_target,w,"$1,0,0,0,0,0,0,0,0#",16000,16000,Set tank.c app_speed/duty level to the logged pwm before sending the move key/protocol command; e=stop.,1.43699,3.84516,0,0,0,2.64483,0.12674,10.58487,1.51597,-0.03646,10.4841,1.5164,1.516,0.20819,14,0.0957,0,0,28.55383,10.6804,0.3103,0.2915,2,False,running
027eea92b7,formation_7_adaptive_split,26,5.2,1784467200,adaptive_clusters,finish_first,r05,r05,True,upper,bypass,local,1,2,1.57092,0.30284,0.05879,0.30763,-0.44726,904,715,-10,219,0,0,0000,---,False,0.31158,-0.00358,0.30763,-0.44726,1.9825,0.29379,adaptive_split_to_bypass_target,d,"$4,0,0,0,0,0,0,0,0#",18000,14000,Set tank.c app_speed/duty level to the logged pwm before sending the move key/protocol command; e=stop.,1.49849,4.01087,0,0,0,2.19306,0.15796,10.51176,1.51597,-0.03646,10.4841,1.5164,1.516,0.20819,14,0.0957,0,0,28.55383,10.6804,0.3103,0.2915,2,False,running
027eea92b7,formation_7_adaptive_split,26,5.2,1784467200,adaptive_clusters,finish_first,r06,r06,True,upper,bypass,local,2,2,2.0107,0.32758,0.06106,0.30705,-0.47895,909,707,-12,175,0,0,0000,---,False,0.31157,-0.00443,0.30705,-0.47895,2.38804,0.3176,adaptive_split_to_bypass_target,d,"$4,0,0,0,0,0,0,0,0#",18000,14000,Set tank.c app_speed/duty level to the logged pwm before sending the move key/protocol command; e=stop.,1.5607,4.17638,0,0,0,1.75329,0.16037,10.4524,1.51597,-0.03646,10.4841,1.5164,1.516,0.20819,14,0.0957,0,0,28.55383,10.6804,0.3103,0.2915,2,False,running
027eea92b7,formation_7_adaptive_split,26,5.2,1784467200,adaptive_clusters,finish_first,r07,r07,True,upper,bypass,local,1,2,1.06946,0.57535,0.04983,0.31129,-0.12528,846,793,-13,271,0,0,0000,---,False,0.31146,0.00939,0.31129,-0.12528,1.50677,0.58731,adaptive_split_to_bypass_target,w,"$1,0,0,0,0,0,0,0,0#",17000,16000,Set tank.c app_speed/duty level to the logged pwm before sending the move key/protocol command; e=stop.,1.56161,4.17102,0,0,0,2.70567,0.12674,10.4425,1.51597,-0.03646,10.4841,1.5164,1.516,0.20819,14,0.0957,0,0,28.55383,10.6804,0.3103,0.2915,2,False,running
027eea92b7,formation_7_adaptive_split,27,5.4,1784467400,adaptive_clusters,finish_first,r01,r01,True,lower,bypass,local,1,2,1.69997,-0.64949,-0.06745,0.31158,0.03523,813,827,18,209,0,0,0000,---,False,0.311,-0.01928,0.31158,0.03523,2.15381,-0.67728,cached_adaptive_split,w,"$1,0,0,0,0,0,0,0,0#",16000,17000,Set tank.c app_speed/duty level to the logged pwm before sending the move key/protocol command; e=stop.,1.62397,4.33624,0,0,0,2.08808,0.09363,10.3823,1.57749,-0.04131,10.4226,1.5782,1.5775,0.2104,14,0.0936,0,0,29.70644,11.113,0.309,0.2921,1,False,running
027eea92b7,formation_7_adaptive_split,27,5.4,1784467400,adaptive_clusters,finish_first,r02,r02,True,lower,bypass,local,1,2,1.44535,-0.34306,-0.08977,0.31159,0.02263,815,825,12,232,0,0,0000,---,False,0.31044,-0.02683,0.31159,0.02263,1.90558,-0.38261,cached_adaptive_split,w,"$1,0,0,0,0,0,0,0,0#",16000,16000,Set tank.c app_speed/duty level to the logged pwm before sending the move key/protocol command; e=stop.,1.56166,4.17242,0,0,0,2.3187,0.13514,10.44723,1.57749,-0.04131,10.4226,1.5782,1.5775,0.2104,14,0.0936,0,0,29.70644,11.113,0.309,0.2921,1,False,running
027eea92b7,formation_7_adaptive_split,27,5.4,1784467400,adaptive_clusters,finish_first,r03,r03,True,lower,bypass,local,2,2,1.88241,-0.39189,-0.10653,0.31155,0.05053,809,831,16,188,0,0,0000,---,False,0.31009,-0.03067,0.31155,0.05053,2.33466,-0.43613,cached_adaptive_split,w,"$1,0,0,0,0,0,0,0,0#",16000,17000,Set tank.c app_speed/duty level to the logged pwm before sending the move key/protocol command; e=stop.,1.62392,4.33774,0,0,0,1.88269,0.09363,10.39101,1.57749,-0.04131,10.4226,1.5782,1.5775,0.2104,14,0.0936,0,0,29.70644,11.113,0.309,0.2921,1,False,running
027eea92b7,formation_7_adaptive_split,27,5.4,1784467400,adaptive_clusters,finish_first,r04,r04,True,lower,bypass,local,1,2,1.18061,-0.1033,-0.16655,0.3116,-0.00449,821,819,12,258,0,0,0001,---,False,0.30725,-0.05187,0.3116,-0.00449,1.63612,-0.18025,cached_adaptive_split,w,"$1,0,0,0,0,0,0,0,0#",16000,16000,Set tank.c app_speed/duty level to the logged pwm before sending the move key/protocol command; e=stop.,1.49931,4.01041,0,0,0,2.58338,0.12674,10.52366,1.57749,-0.04131,10.4226,1.5782,1.5775,0.2104,14,0.0936,0,0,29.70644,11.113,0.309,0.2921,1,False,running
027eea92b7,formation_7_adaptive_split,27,5.4,1784467400,adaptive_clusters,finish_first,r05,r05,True,lower,bypass,local,1,2,1.63146,0.29863,-0.06946,0.30346,-0.64126,934,664,-3,213,0,0,0000,---,False,0.3071,-0.05279,0.30346,-0.64126,2.01876,0.22586,cached_adaptive_split,d,"$4,0,0,0,0,0,0,0,0#",19000,13000,Set tank.c app_speed/duty level to the logged pwm before sending the move key/protocol command; e=stop.,1.55918,4.17416,0,0,0,2.13252,0.15796,10.45115,1.57749,-0.04131,10.4226,1.5782,1.5775,0.2104,14,0.0936,0,0,29.70644,11.113,0.309,0.2921,1,False,running
027eea92b7,formation_7_adaptive_split,27,5.4,1784467400,adaptive_clusters,finish_first,r06,r06,True,lower,bypass,local,2,2,2.07089,0.32281,-0.07908,0.30189,-0.70071,942,647,-4,169,0,0,0000,---,False,0.30604,-0.0586,0.30189,-0.70071,2.42248,0.24873,cached_adaptive_split,d,"$4,0,0,0,0,0,0,0,0#",19000,13000,Set tank.c app_speed/duty level to the logged pwm before sending the move key/protocol command; e=stop.,1.62108,4.33911,0,0,0,1.6931,0.16037,10.39213,1.57749,-0.04131,10.4226,1.5782,1.5775,0.2104,14,0.0936,0,0,29.70644,11.113,0.309,0.2921,1,False,running
027eea92b7,formation_7_adaptive_split,27,5.4,1784467400,adaptive_clusters,finish_first,r07,r07,True,lower,bypass,local,1,2,1.13171,0.57711,0.0283,0.31137,-0.10767,842,797,-12,264,0,0,0000,---,False,0.31158,0.00355,0.31137,-0.10767,1.58352,0.5812,cached_adaptive_split,w,"$1,0,0,0,0,0,0,0,0#",17000,16000,Set tank.c app_speed/duty level to the logged pwm before sending the move key/protocol command; e=stop.,1.62388,4.33635,0,0,0,2.64383,0.12674,10.38027,1.57749,-0.04131,10.4226,1.5782,1.5775,0.2104,14,0.0936,0,0,29.70644,11.113,0.309,0.2921,1,False,running
027eea92b7,formation_7_adaptive_split,28,5.6,1784467600,adaptive_clusters,finish_first,r01,r01,True,lower,bypass,local,1,2,1.76217,-0.65345,-0.06348,0.31159,0.01982,816,824,19,203,0,0,0000,---,False,0.31103,-0.0188,0.31159,0.01982,2.22113,-0.68099,cached_adaptive_split,w,"$1,0,0,0,0,0,0,0,0#",16000,16000,Set tank.c app_speed/duty level to the logged pwm before sending the move key/protocol command; e=stop.,1.68629,4.50164,0,0,0,2.02719,0.09162,10.32016,1.63875,-0.04838,10.3614,1.6398,1.6388,0.2088,13,0.0916,0,0,30.85614,11.54594,0.3092,0.2926,1,False,running
027eea92b7,formation_7_adaptive_split,28,5.6,1784467600,adaptive_clusters,finish_first,r02,r02,True,lower,bypass,local,1,2,1.50743,-0.34849,-0.08731,0.3116,0.01227,817,823,12,226,0,0,0000,---,False,0.31046,-0.02657,0.3116,0.01227,1.96772,-0.38777,cached_adaptive_split,w,"$1,0,0,0,0,0,0,0,0#",16000,16000,Set tank.c app_speed/duty level to the logged pwm before sending the move key/protocol command; e=stop.,1.62398,4.33777,0,0,0,2.25667,0.13232,10.38524,1.63875,-0.04838,10.3614,1.6398,1.6388,0.2088,13,0.0916,0,0,30.85614,11.54594,0.3092,0.2926,1,False,running
027eea92b7,formation_7_adaptive_split,28,5.6,1784467600,adaptive_clusters,finish_first,r03,r03,True,lower,bypass,local,2,2,1.94442,-0.39817,-0.10083,0.31158,0.02849,814,826,16,182,0,0,0000,---,False,0.31015,-0.02998,0.31158,0.02849,2.40202,-0.44212,cached_adaptive_split,w,"$1,0,0,0,0,0,0,0,0#",16000,17000,Set tank.c app_speed/duty level to the logged pwm before sending the move key/protocol command; e=stop.,1.68624,4.50321,0,0,0,1.82095,0.09162,10.32915,1.63875,-0.04838,10.3614,1.6398,1.6388,0.2088,13,0.0916,0,0,30.85614,11.54594,0.3092,0.2926,1,False,running
027eea92b7,formation_7_adaptive_split,28,5.6,1784467600,adaptive_clusters,finish_first,r04,r04,True,lower,bypass,local,1,2,1.24206,-0.11367,-0.1671,0.3116,-0.00275,821,819,12,252,0,0,0001,---,False,0.30724,-0.05196,0.3116,-0.00275,1.69756,-0.19073,cached_adaptive_split,w,"$1,0,0,0,0,0,0,0,0#",16000,16000,Set tank.c app_speed/duty level to the logged pwm before sending the move key/protocol command; e=stop.,1.56163,4.17568,0,0,0,2.52192,0.12674,10.46247,1.63875,-0.04838,10.3614,1.6398,1.6388,0.2088,13,0.0916,0,0,30.85614,11.54594,0.3092,0.2926,1,False,running
027eea92b7,formation_7_adaptive_split,28,5.6,1784467600,adaptive_clusters,finish_first,r05,r05,True,lower,bypass,local,2,2,1.69127,0.28715,-0.18959,0.30446,-0.60064,928,675,4,207,0,0,0000,---,False,0.29912,-0.0873,0.30446,-0.60064,2.07186,0.1701,cached_adaptive_split,d,"$4,0,0,0,0,0,0,0,0#",19000,14000,Set tank.c app_speed/duty level to the logged pwm before sending the move key/protocol command; e=stop.,1.62007,4.33617,0,0,0,2.07272,0.15796,10.39119,1.63875,-0.04838,10.3614,1.6398,1.6388,0.2088,13,0.0916,0,0,30.85614,11.54594,0.3092,0.2926,1,False,running
027eea92b7,formation_7_adaptive_split,28,5.6,1784467600,adaptive_clusters,finish_first,r06,r06,True,lower,bypass,local,2,2,2.12994,0.30984,-0.21622,0.3023,-0.6857,940,651,4,163,0,0,0000,---,False,0.29539,-0.09919,0.3023,-0.6857,2.47057,0.1886,cached_adaptive_split,d,"$4,0,0,0,0,0,0,0,0#",19000,13000,Set tank.c app_speed/duty level to the logged pwm before sending the move key/protocol command; e=stop.,1.68154,4.49961,0,0,0,1.63404,0.16037,10.33287,1.63875,-0.04838,10.3614,1.6398,1.6388,0.2088,13,0.0916,0,0,30.85614,11.54594,0.3092,0.2926,1,False,running
027eea92b7,formation_7_adaptive_split,28,5.6,1784467600,adaptive_clusters,finish_first,r07,r07,True,lower,bypass,local,1,2,1.19401,0.5781,0.01581,0.31152,-0.06248,833,807,-12,258,0,0,0000,---,False,0.31159,0.00187,0.31152,-0.06248,1.65295,0.58023,cached_adaptive_split,w,"$1,0,0,0,0,0,0,0,0#",17000,16000,Set tank.c app_speed/duty level to the logged pwm before sending the move key/protocol command; e=stop.,1.68619,4.50206,0,0,0,2.5819,0.12674,10.31799,1.63875,-0.04838,10.3614,1.6398,1.6388,0.2088,13,0.0916,0,0,30.85614,11.54594,0.3092,0.2926,1,False,running
027eea92b7,formation_7_adaptive_split,29,5.8,1784467800,adaptive_clusters,finish_first,r01,r01,True,lower,bypass,local,2,2,1.82437,-0.65728,-0.06155,0.3116,0.00968,818,822,19,197,0,0,0000,---,False,0.31104,-0.01869,0.3116,0.00968,2.28486,-0.68486,adaptive_split_to_bypass_target,w,"$1,0,0,0,0,0,0,0,0#",16000,16000,Set tank.c app_speed/duty level to the logged pwm before sending the move key/protocol command; e=stop.,1.74861,4.66699,0,0,0,1.96636,0.08967,10.25802,1.69979,-0.05716,10.3004,1.7015,1.6998,0.20448,13,0.0897,0,0,32.01201,11.98026,0.3102,0.2931,1,False,running
027eea92b7,formation_7_adaptive_split,29,5.8,1784467800,adaptive_clusters,finish_first,r02,r02,True,lower,bypass,local,1,2,1.56952,-0.35386,-0.08613,0.3116,0.00589,819,821,13,219,0,0,0000,---,False,0.31047,-0.02652,0.3116,0.00589,2.02982,-0.39311,adaptive_split_to_bypass_target,w,"$1,0,0,0,0,0,0,0,0#",16000,16000,Set tank.c app_speed/duty level to the logged pwm before sending the move key/protocol command; e=stop.,1.6863,4.50308,0,0,0,2.19464,0.12949,10.32324,1.69979,-0.05716,10.3004,1.7015,1.6998,0.20448,13,0.0897,0,0,32.01201,11.98026,0.3102,0.2931,1,False,running
027eea92b7,formation_7_adaptive_split,29,5.8,1784467800,adaptive_clusters,finish_first,r03,r03,True,lower,bypass,local,2,2,2.00643,-0.40427,-0.09805,0.3116,0.01394,817,823,16,176,0,0,0000,---,False,0.31017,-0.02982,0.3116,0.01394,2.46562,-0.44828,adaptive_split_to_bypass_target,w,"$1,0,0,0,0,0,0,0,0#",16000,16000,Set tank.c app_speed/duty level to the logged pwm before sending the move key/protocol command; e=stop.,1.74856,4.66861,0,0,0,1.75923,0.08967,10.26727,1.69979,-0.05716,10.3004,1.7015,1.6998,0.20448,13,0.0897,0,0,32.01201,11.98026,0.3102,0.2931,1,False,running
027eea92b7,formation_7_adaptive_split,29,5.8,1784467800,adaptive_clusters,finish_first,r04,r04,True,lower,bypass,local,1,2,1.30351,-0.12405,-0.16738,0.3116,-0.00141,820,820,12,246,0,0,0001,---,False,0.30723,-0.05198,0.3116,-0.00141,1.759,-0.20113,adaptive_split_to_bypass_target,w,"$1,0,0,0,0,0,0,0,0#",16000,16000,Set tank.c app_speed/duty level to the logged pwm before sending the move key/protocol command; e=stop.,1.62395,4.34094,0,0,0,2.46047,0.12674,10.4013,1.69979,-0.05716,10.3004,1.7015,1.6998,0.20448,13,0.0897,0,0,32.01201,11.98026,0.3102,0.2931,1,False,running
027eea92b7,formation_7_adaptive_split,29,5.8,1784467800,adaptive_clusters,finish_first,r05,r05,True,lower,bypass,local,2,2,1.75046,0.27028,-0.2776,0.30776,-0.44007,903,717,10,201,0,0,0000,---,False,0.29305,-0.1059,0.30776,-0.44007,2.13543,0.12665,adaptive_split_to_bypass_target,d,"$4,0,0,0,0,0,0,0,0#",18000,14000,Set tank.c app_speed/duty level to the logged pwm before sending the move key/protocol command; e=stop.,1.68163,4.50127,0,0,0,2.01352,0.15796,10.33178,1.69979,-0.05716,10.3004,1.7015,1.6998,0.20448,13,0.0897,0,0,32.01201,11.98026,0.3102,0.2931,1,False,running
027eea92b7,formation_7_adaptive_split,29,5.8,1784467800,adaptive_clusters,finish_first,r06,r06,True,lower,bypass,local,2,2,2.18794,0.29039,-0.32363,0.30589,-0.53707,918,692,10,158,0,0,0000,---,False,0.28602,-0.12364,0.30589,-0.53707,2.52829,0.13764,adaptive_split_to_bypass_target,d,"$4,0,0,0,0,0,0,0,0#",18000,14000,Set tank.c app_speed/duty level to the logged pwm before sending the move key/protocol command; e=stop.,1.74272,4.6636,0,0,0,1.57604,0.16037,10.27457,1.69979,-0.05716,10.3004,1.7015,1.6998,0.20448,13,0.0897,0,0,32.01201,11.98026,0.3102,0.2931,1,False,running
027eea92b7,formation_7_adaptive_split,29,5.8,1784467800,adaptive_clusters,finish_first,r07,r07,True,lower,bypass,local,1,2,1.25632,0.5787,0.00959,0.31158,-0.03106,826,813,-12,252,0,0,0000,---,False,0.3116,0.00147,0.31158,-0.03106,1.71738,0.58056,adaptive_split_to_bypass_target,w,"$1,0,0,0,0,0,0,0,0#",17000,16000,Set tank.c app_speed/duty level to the logged pwm before sending the move key/protocol command; e=stop.,1.7485,4.66753,0,0,0,2.51992,0.12674,10.25568,1.69979,-0.05716,10.3004,1.7015,1.6998,0.20448,13,0.0897,0,0,32.01201,11.98026,0.3102,0.2931,1,False,running
027eea92b7,formation_7_adaptive_split,30,6.0,1784468000,adaptive_clusters,finish_first,r01,r01,True,lower,bypass,local,2,2,1.88657,-0.66106,-0.06067,0.3116,0.00439,819,821,19,191,0,0,0000,---,False,0.31104,-0.01868,0.3116,0.00439,2.34752,-0.68869,cached_adaptive_split,w,"$1,0,0,0,0,0,0,0,0#",16000,16000,Set tank.c app_speed/duty level to the logged pwm before sending the move key/protocol command; e=stop.,1.81093,4.83228,0,0,0,1.90561,0.08775,10.19587,1.76061,-0.06704,10.2396,1.7631,1.7606,0.19859,13,0.0878,0,0,33.17081,12.41568,0.311,0.2934,1,False,running
027eea92b7,formation_7_adaptive_split,30,6.0,1784468000,adaptive_clusters,finish_first,r02,r02,True,lower,bypass,local,1,2,1.63161,-0.35918,-0.08561,0.3116,0.00264,819,821,13,213,0,0,0000,---,False,0.31047,-0.02651,0.3116,0.00264,2.09191,-0.39847,cached_adaptive_split,w,"$1,0,0,0,0,0,0,0,0#",16000,16000,Set tank.c app_speed/duty level to the logged pwm before sending the move key/protocol command; e=stop.,1.74862,4.66836,0,0,0,2.13263,0.1267,10.26124,1.76061,-0.06704,10.2396,1.7631,1.7606,0.19859,13,0.0878,0,0,33.17081,12.41568,0.311,0.2934,1,False,running
027eea92b7,formation_7_adaptive_split,30,6.0,1784468000,adaptive_clusters,finish_first,r03,r03,True,lower,bypass,local,2,2,2.06846,-0.41029,-0.09678,0.3116,0.00632,819,821,16,170,0,0,0000,---,False,0.31017,-0.0298,0.3116,0.00632,2.52812,-0.45439,cached_adaptive_split,w,"$1,0,0,0,0,0,0,0,0#",16000,16000,Set tank.c app_speed/duty level to the logged pwm before sending the move key/protocol command; e=stop.,1.81088,4.83393,0,0,0,1.69753,0.08775,10.20539,1.76061,-0.06704,10.2396,1.7631,1.7606,0.19859,13,0.0878,0,0,33.17081,12.41568,0.311,0.2934,1,False,running
027eea92b7,formation_7_adaptive_split,30,6.0,1784468000,adaptive_clusters,finish_first,r04,r04,True,lower,bypass,local,1,2,1.36496,-0.13444,-0.16751,0.3116,-0.00066,820,820,12,240,0,0,0001,---,False,0.30723,-0.05199,0.3116,-0.00066,1.82045,-0.21152,cached_adaptive_split,w,"$1,0,0,0,0,0,0,0,0#",16000,16000,Set tank.c app_speed/duty level to the logged pwm before sending the move key/protocol command; e=stop.,1.68627,4.50619,0,0,0,2.39903,0.1267,10.34014,1.76061,-0.06704,10.2396,1.7631,1.7606,0.19859,13,0.0878,0,0,33.17081,12.41568,0.311,0.2934,1,False,running
027eea92b7,formation_7_adaptive_split,30,6.0,1784468000,adaptive_clusters,finish_first,r05,r05,True,lower,bypass,local,2,2,1.80909,0.25006,-0.33223,0.31012,-0.27312,874,759,13,195,0,0,0000,---,False,0.28993,-0.11417,0.31012,-0.27312,2.20403,0.09167,cached_adaptive_split,d,"$4,0,0,0,0,0,0,0,0#",17000,15000,Set tank.c app_speed/duty level to the logged pwm before sending the move key/protocol command; e=stop.,1.74365,4.66766,0,0,0,1.95489,0.15796,10.27291,1.76061,-0.06704,10.2396,1.7631,1.7606,0.19859,13,0.0878,0,0,33.17081,12.41568,0.311,0.2934,1,False,running
027eea92b7,formation_7_adaptive_split,30,6.0,1784468000,adaptive_clusters,finish_first,r06,r06,True,lower,bypass,local,2,2,2.24495,0.26654,-0.39614,0.30899,-0.36252,889,737,15,152,0,0,0000,---,False,0.28016,-0.13641,0.30899,-0.36252,2.59162,0.09384,cached_adaptive_split,d,"$4,0,0,0,0,0,0,0,0#",18000,15000,Set tank.c app_speed/duty level to the logged pwm before sending the move key/protocol command; e=stop.,1.80452,4.82943,0,0,0,1.51903,0.16037,10.21725,1.76061,-0.06704,10.2396,1.7631,1.7606,0.19859,13,0.0878,0,0,33.17081,12.41568,0.311,0.2934,1,False,running
027eea92b7,formation_7_adaptive_split,30,6.0,1784468000,adaptive_clusters,finish_first,r07,r07,True,lower,bypass,local,1,2,1.31864,0.57912,0.00674,0.3116,-0.01428,823,817,-12,246,0,0,0000,---,False,0.3116,0.0014,0.3116,-0.01428,1.78033,0.58105,cached_adaptive_split,w,"$1,0,0,0,0,0,0,0,0#",16000,16000,Set tank.c app_speed/duty level to the logged pwm before sending the move key/protocol command; e=stop.,1.81082,4.83294,0,0,0,2.45794,0.12674,10.19337,1.76061,-0.06704,10.2396,1.7631,1.7606,0.19859,13,0.0878,0,0,33.17081,12.41568,0.311,0.2934,1,False,running
027eea92b7,formation_7_adaptive_split,31,6.2,1784468200,adaptive_clusters,finish_first,r01,r01,True,lower,bypass,local,2,2,1.94878,-0.66481,-0.06029,0.3116,0.0019,820,820,20,184,0,0,0000,---,False,0.31104,-0.01868,0.3116,0.0019,2.40986,-0.69249,cached_adaptive_split,w,"$1,0,0,0,0,0,0,0,0#",16000,16000,Set tank.c app_speed/duty level to the logged pwm before sending the move key/protocol command; e=stop.,1.87325,4.99756,0,0,0,1.84495,0.08584,10.13373,1.82126,-0.07755,10.179,1.8247,1.8213,0.19205,13,0.0858,0,0,34.32977,12.85164,0.3114,0.2938,1,False,running
027eea92b7,formation_7_adaptive_split,31,6.2,1784468200,adaptive_clusters,finish_first,r02,r02,True,lower,bypass,local,1,2,1.6937,-0.3645,-0.08538,0.3116,0.00113,820,820,13,207,0,0,0000,---,False,0.31047,-0.02652,0.3116,0.00113,2.154,-0.4038,cached_adaptive_split,w,"$1,0,0,0,0,0,0,0,0#",16000,16000,Set tank.c app_speed/duty level to the logged pwm before sending the move key/protocol command; e=stop.,1.81094,4.83362,0,0,0,2.07063,0.12394,10.19925,1.82126,-0.07755,10.179,1.8247,1.8213,0.19205,13,0.0858,0,0,34.32977,12.85164,0.3114,0.2938,1,False,running
027eea92b7,formation_7_adaptive_split,31,6.2,1784468200,adaptive_clusters,finish_first,r03,r03,True,lower,bypass,local,2,2,2.13049,-0.41628,-0.09624,0.3116,0.00273,819,821,17,164,0,0,0000,---,False,0.31017,-0.02981,0.3116,0.00273,2.59029,-0.46044,cached_adaptive_split,w,"$1,0,0,0,0,0,0,0,0#",16000,16000,Set tank.c app_speed/duty level to the logged pwm before sending the move key/protocol command; e=stop.,1.8732,4.99921,0,0,0,1.63587,0.08584,10.1435,1.82126,-0.07755,10.179,1.8247,1.8213,0.19205,13,0.0858,0,0,34.32977,12.85164,0.3114,0.2938,1,False,running
027eea92b7,formation_7_adaptive_split,31,6.2,1784468200,adaptive_clusters,finish_first,r04,r04,True,lower,bypass,local,1,2,1.4264,-0.14484,-0.16757,0.3116,-0.00029,820,820,13,234,0,0,0001,---,False,0.30723,-0.05199,0.3116,-0.00029,1.8819,-0.22191,cached_adaptive_split,w,"$1,0,0,0,0,0,0,0,0#",16000,16000,Set tank.c app_speed/duty level to the logged pwm before sending the move key/protocol command; e=stop.,1.74859,4.67144,0,0,0,2.33758,0.12394,10.279,1.82126,-0.07755,10.179,1.8247,1.8213,0.19205,13,0.0858,0,0,34.32977,12.85164,0.3114,0.2938,1,False,running
027eea92b7,formation_7_adaptive_split,31,6.2,1784468200,adaptive_clusters,finish_first,r05,r05,True,lower,bypass,local,2,2,1.86729,0.22801,-0.36216,0.31115,-0.14969,850,787,15,190,0,0,0000,---,False,0.28871,-0.11722,0.31115,-0.14969,2.27466,0.06102,cached_adaptive_split,w,"$1,0,0,0,0,0,0,0,0#",17000,16000,Set tank.c app_speed/duty level to the logged pwm before sending the move key/protocol command; e=stop.,1.80588,4.83393,0,0,0,1.89669,0.15796,10.21451,1.82126,-0.07755,10.179,1.8247,1.8213,0.19205,13,0.0858,0,0,34.32977,12.85164,0.3114,0.2938,1,False,running
027eea92b7,formation_7_adaptive_split,31,6.2,1784468200,adaptive_clusters,finish_first,r06,r06,True,lower,bypass,local,2,2,2.30116,0.24008,-0.44,0.31064,-0.21932,864,771,18,146,0,0,0000,---,False,0.27718,-0.14236,0.31064,-0.21932,2.65781,0.0545,cached_adaptive_split,d,"$4,0,0,0,0,0,0,0,0#",17000,15000,Set tank.c app_speed/duty level to the logged pwm before sending the move key/protocol command; e=stop.,1.86665,4.99574,0,0,0,1.46282,0.16037,10.16075,1.82126,-0.07755,10.179,1.8247,1.8213,0.19205,13,0.0858,0,0,34.32977,12.85164,0.3114,0.2938,1,False,running
027eea92b7,formation_7_adaptive_split,31,6.2,1784468200,adaptive_clusters,finish_first,r07,r07,True,lower,bypass,local,1,2,1.38096,0.57946,0.00549,0.3116,-0.00625,821,819,-12,240,0,0,0000,---,False,0.3116,0.0014,0.3116,-0.00625,1.84284,0.58148,cached_adaptive_split,w,"$1,0,0,0,0,0,0,0,0#",16000,16000,Set tank.c app_speed/duty level to the logged pwm before sending the move key/protocol command; e=stop.,1.87314,4.99827,0,0,0,2.39597,0.12674,10.13106,1.82126,-0.07755,10.179,1.8247,1.8213,0.19205,13,0.0858,0,0,34.32977,12.85164,0.3114,0.2938,1,False,running
027eea92b7,formation_7_adaptive_split,32,6.4,1784468400,adaptive_clusters,finish_first,r01,r01,True,lower,bypass,local,2,2,2.01099,-0.66856,-0.06013,0.3116,0.00079,820,820,20,178,0,0,0000,---,False,0.31104,-0.01869,0.3116,0.00079,2.47211,-0.69625,cached_adaptive_split,w,"$1,0,0,0,0,0,0,0,0#",16000,16000,Set tank.c app_speed/duty level to the logged pwm before sending the move key/protocol command; e=stop.,1.93557,5.16281,0,0,0,1.78439,0.08394,10.07158,1.88178,-0.0884,10.1186,1.8861,1.8818,0.18549,13,0.0839,0,0,35.48818,13.2878,0.3115,0.294,1,False,running
027eea92b7,formation_7_adaptive_split,32,6.4,1784468400,adaptive_clusters,finish_first,r02,r02,True,lower,bypass,local,2,2,1.7558,-0.36981,-0.08529,0.3116,0.00047,820,820,13,201,0,0,0000,---,False,0.31047,-0.02652,0.3116,0.00047,2.21609,-0.40912,cached_adaptive_split,w,"$1,0,0,0,0,0,0,0,0#",16000,16000,Set tank.c app_speed/duty level to the logged pwm before sending the move key/protocol command; e=stop.,1.87326,4.99888,0,0,0,2.00866,0.12124,10.13726,1.88178,-0.0884,10.1186,1.8861,1.8818,0.18549,13,0.0839,0,0,35.48818,13.2878,0.3115,0.294,1,False,running
027eea92b7,formation_7_adaptive_split,32,6.4,1784468400,adaptive_clusters,finish_first,r03,r03,True,lower,bypass,local,2,2,2.19253,-0.42225,-0.09601,0.3116,0.00114,820,820,17,157,0,0,0000,---,False,0.31017,-0.02981,0.3116,0.00114,2.65236,-0.46644,cached_adaptive_split,w,"$1,0,0,0,0,0,0,0,0#",16000,16000,Set tank.c app_speed/duty level to the logged pwm before sending the move key/protocol command; e=stop.,1.93552,5.16447,0,0,0,1.57426,0.08394,10.08162,1.88178,-0.0884,10.1186,1.8861,1.8818,0.18549,13,0.0839,0,0,35.48818,13.2878,0.3115,0.294,1,False,running
027eea92b7,formation_7_adaptive_split,32,6.4,1784468400,adaptive_clusters,finish_first,r04,r04,True,lower,bypass,local,1,2,1.48785,-0.15523,-0.1676,0.3116,-0.00013,820,820,13,228,0,0,0000,---,False,0.30723,-0.05199,0.3116,-0.00013,1.94335,-0.23231,cached_adaptive_split,w,"$1,0,0,0,0,0,0,0,0#",16000,16000,Set tank.c app_speed/duty level to the logged pwm before sending the move key/protocol command; e=stop.,1.81091,4.83669,0,0,0,2.27613,0.12124,10.21788,1.88178,-0.0884,10.1186,1.8861,1.8818,0.18549,13,0.0839,0,0,35.48818,13.2878,0.3115,0.294,1,False,running
027eea92b7,formation_7_adaptive_split,32,6.4,1784468400,adaptive_clusters,finish_first,r05,r05,True,lower,bypass,local,2,2,1.92521,0.20507,-0.37698,0.31149,-0.07411,835,804,16,184,0,0,0000,---,False,0.28836,-0.11807,0.31149,-0.07411,2.34598,0.032,cached_adaptive_split,w,"$1,0,0,0,0,0,0,0,0#",17000,16000,Set tank.c app_speed/duty level to the logged pwm before sending the move key/protocol command; e=stop.,1.86818,4.99986,0,0,0,1.83877,0.15796,10.15642,1.88178,-0.0884,10.1186,1.8861,1.8818,0.18549,13,0.0839,0,0,35.48818,13.2878,0.3115,0.294,1,False,running
027eea92b7,formation_7_adaptive_split,32,6.4,1784468400,adaptive_clusters,finish_first,r06,r06,True,lower,bypass,local,2,2,2.35684,0.2122,-0.46426,0.31131,-0.1213,845,794,20,141,0,0,0000,---,False,0.27591,-0.14481,0.31131,-0.1213,2.72532,0.01746,cached_adaptive_split,w,"$1,0,0,0,0,0,0,0,0#",17000,16000,Set tank.c app_speed/duty level to the logged pwm before sending the move key/protocol command; e=stop.,1.92891,5.16192,0,0,0,1.40715,0.16037,10.10484,1.88178,-0.0884,10.1186,1.8861,1.8818,0.18549,13,0.0839,0,0,35.48818,13.2878,0.3115,0.294,1,False,running
027eea92b7,formation_7_adaptive_split,32,6.4,1784468400,adaptive_clusters,finish_first,r07,r07,True,lower,bypass,local,1,2,1.44327,0.57977,0.00496,0.3116,-0.00265,821,819,-12,233,0,0,0000,---,False,0.3116,0.00141,0.3116,-0.00265,1.90522,0.58184,cached_adaptive_split,w,"$1,0,0,0,0,0,0,0,0#",16000,16000,Set tank.c app_speed/duty level to the logged pwm before sending the move key/protocol command; e=stop.,1.93546,5.16355,0,0,0,2.33402,0.12674,10.06875,1.88178,-0.0884,10.1186,1.8861,1.8818,0.18549,13,0.0839,0,0,35.48818,13.2878,0.3115,0.294,1,False,running
027eea92b7,formation_7_adaptive_split,33,6.6,1784468600,adaptive_clusters,finish_first,r01,r01,True,lower,bypass,local,2,2,2.07319,-0.6723,-0.06007,0.3116,0.00032,820,820,21,172,0,0,0000,---,False,0.31104,-0.01869,0.3116,0.00032,2.53433,-0.7,adaptive_split_to_bypass_target,w,"$1,0,0,0,0,0,0,0,0#",16000,16000,Set tank.c app_speed/duty level to the logged pwm before sending the move key/protocol command; e=stop.,1.99789,5.32806,0,0,0,1.72395,0.08205,10.00944,1.94225,-0.09938,10.0582,1.9476,1.9423,0.17926,13,0.0821,0,0,36.6461,13.72402,0.3116,0.2943,1,False,running
027eea92b7,formation_7_adaptive_split,33,6.6,1784468600,adaptive_clusters,finish_first,r02,r02,True,lower,bypass,local,2,2,1.81789,-0.37511,-0.08525,0.3116,0.00019,820,820,14,195,0,0,0000,---,False,0.31047,-0.02652,0.3116,0.00019,2.27819,-0.41443,adaptive_split_to_bypass_target,w,"$1,0,0,0,0,0,0,0,0#",16000,16000,Set tank.c app_speed/duty level to the logged pwm before sending the move key/protocol command; e=stop.,1.93558,5.16413,0,0,0,1.9467,0.11868,10.07527,1.94225,-0.09938,10.0582,1.9476,1.9423,0.17926,13,0.0821,0,0,36.6461,13.72402,0.3116,0.2943,1,False,running
027eea92b7,formation_7_adaptive_split,33,6.6,1784468600,adaptive_clusters,finish_first,r03,r03,True,lower,bypass,local,2,2,2.25456,-0.42822,-0.09591,0.3116,0.00047,820,820,18,151,0,0,0000,---,False,0.31017,-0.02982,0.3116,0.00047,2.71441,-0.47242,adaptive_split_to_bypass_target,w,"$1,0,0,0,0,0,0,0,0#",16000,16000,Set tank.c app_speed/duty level to the logged pwm before sending the move key/protocol command; e=stop.,1.99784,5.32973,0,0,0,1.5127,0.08205,10.01975,1.94225,-0.09938,10.0582,1.9476,1.9423,0.17926,13,0.0821,0,0,36.6461,13.72402,0.3116,0.2943,1,False,running
027eea92b7,formation_7_adaptive_split,33,6.6,1784468600,adaptive_clusters,finish_first,r04,r04,True,lower,bypass,local,1,2,1.54932,-0.16545,-0.16467,0.3116,0.01463,817,823,13,221,0,0,0000,---,False,0.3075,-0.05037,0.3116,0.01463,2.00524,-0.23999,adaptive_split_to_bypass_target,w,"$1,0,0,0,0,0,0,0,0#",16000,16000,Set tank.c app_speed/duty level to the logged pwm before sending the move key/protocol command; e=stop.,1.87323,5.00208,0,0,0,2.21466,0.11868,10.15673,1.94225,-0.09938,10.0582,1.9476,1.9423,0.17926,13,0.0821,0,0,36.6461,13.72402,0.3116,0.2943,1,False,running
027eea92b7,formation_7_adaptive_split,33,6.6,1784468600,adaptive_clusters,finish_first,r05,r05,True,lower,bypass,local,2,2,1.98299,0.18174,-0.38382,0.31158,-0.0342,827,813,17,178,0,0,0000,---,False,0.2883,-0.11824,0.31158,-0.0342,2.40835,0.00693,adaptive_split_to_bypass_target,w,"$1,0,0,0,0,0,0,0,0#",17000,16000,Set tank.c app_speed/duty level to the logged pwm before sending the move key/protocol command; e=stop.,1.93049,5.16551,0,0,0,1.78099,0.15796,10.09852,1.94225,-0.09938,10.0582,1.9476,1.9423,0.17926,13,0.0821,0,0,36.6461,13.72402,0.3116,0.2943,1,False,running
027eea92b7,formation_7_adaptive_split,33,6.6,1784468600,adaptive_clusters,finish_first,r06,r06,True,lower,bypass,local,2,2,2.4122,0.18361,-0.47665,0.31152,-0.06194,833,807,21,135,0,0,0000,---,False,0.27546,-0.14565,0.31152,-0.06194,2.79335,-0.01861,adaptive_split_to_bypass_target,w,"$1,0,0,0,0,0,0,0,0#",17000,16000,Set tank.c app_speed/duty level to the logged pwm before sending the move key/protocol command; e=stop.,1.99121,5.32777,0,0,0,1.35179,0.16037,10.04932,1.94225,-0.09938,10.0582,1.9476,1.9423,0.17926,13,0.0821,0,0,36.6461,13.72402,0.3116,0.2943,1,False,running
027eea92b7,formation_7_adaptive_split,33,6.6,1784468600,adaptive_clusters,finish_first,r07,r07,True,lower,bypass,local,1,2,1.50559,0.58006,0.00474,0.3116,-0.0011,820,820,-12,227,0,0,0000,---,False,0.3116,0.00142,0.3116,-0.0011,1.96755,0.58216,adaptive_split_to_bypass_target,w,"$1,0,0,0,0,0,0,0,0#",16000,16000,Set tank.c app_speed/duty level to the logged pwm before sending the move key/protocol command; e=stop.,1.99778,5.32882,0,0,0,2.27208,0.12674,10.00644,1.94225,-0.09938,10.0582,1.9476,1.9423,0.17926,13,0.0821,0,0,36.6461,13.72402,0.3116,0.2943,1,False,running
027eea92b7,formation_7_adaptive_split,34,6.8,1784468800,adaptive_clusters,finish_first,r01,r01,True,lower,bypass,local,2,2,2.1354,-0.67604,-0.06004,0.3116,0.00013,820,820,22,166,0,0,0000,---,False,0.31104,-0.01869,0.3116,0.00013,2.59654,-0.70375,cached_adaptive_split,w,"$1,0,0,0,0,0,0,0,0#",16000,16000,Set tank.c app_speed/duty level to the logged pwm before sending the move key/protocol command; e=stop.,2.06021,5.49331,0,0,0,1.66365,0.08016,9.9473,1.99958,-0.10996,10.001,2.0059,1.9996,0.1751,13,0.0802,0,0,37.75433,14.13825,0.2959,0.2941,1,False,running
027eea92b7,formation_7_adaptive_split,34,6.8,1784468800,adaptive_clusters,finish_first,r02,r02,True,lower,bypass,local,2,2,1.87999,-0.38042,-0.08523,0.3116,8e-05,820,820,14,188,0,0,0000,---,False,0.31047,-0.02652,0.3116,8e-05,2.34028,-0.41974,cached_adaptive_split,w,"$1,0,0,0,0,0,0,0,0#",16000,16000,Set tank.c app_speed/duty level to the logged pwm before sending the move key/protocol command; e=stop.,1.9979,5.32937,0,0,0,1.88477,0.11868,10.01329,1.99958,-0.10996,10.001,2.0059,1.9996,0.1751,13,0.0802,0,0,37.75433,14.13825,0.2959,0.2941,1,False,running
027eea92b7,formation_7_adaptive_split,34,6.8,1784468800,adaptive_clusters,finish_first,r03,r03,True,lower,bypass,local,2,2,2.3166,-0.43419,-0.09588,0.3116,0.00019,820,820,18,145,0,0,0000,---,False,0.31017,-0.02982,0.3116,0.00019,2.77644,-0.47839,cached_adaptive_split,w,"$1,0,0,0,0,0,0,0,0#",16000,16000,Set tank.c app_speed/duty level to the logged pwm before sending the move key/protocol command; e=stop.,2.06016,5.49498,0,0,0,1.45121,0.08016,9.95788,1.99958,-0.10996,10.001,2.0059,1.9996,0.1751,13,0.0802,0,0,37.75433,14.13825,0.2959,0.2941,1,False,running
027eea92b7,formation_7_adaptive_split,34,6.8,1784468800,adaptive_clusters,finish_first,r04,r04,True,lower,bypass,local,1,2,1.58905,-0.17235,-0.17195,0.2016,-0.03638,538,523,14,217,0,0,0000,---,False,0.14404,-0.02586,0.2016,-0.03638,2.06685,-0.24941,cached_adaptive_split; completion_unstuck,w,"$1,0,0,0,0,0,0,0,0#",11000,10000,Set tank.c app_speed/duty level to the logged pwm before sending the move key/protocol command; e=stop.,1.91355,5.1183,0,0,0,2.17493,0.11868,10.11723,1.99958,-0.10996,10.001,2.0059,1.9996,0.1751,13,0.0802,0,0,37.75433,14.13825,0.2959,0.2941,1,False,running
027eea92b7,formation_7_adaptive_split,34,6.8,1784468800,adaptive_clusters,finish_first,r05,r05,True,lower,bypass,local,2,2,2.04071,0.15823,-0.38685,0.3116,-0.01514,823,817,18,172,0,0,0000,---,False,0.28829,-0.11825,0.3116,-0.01514,2.46749,-0.01698,cached_adaptive_split,w,"$1,0,0,0,0,0,0,0,0#",16000,16000,Set tank.c app_speed/duty level to the logged pwm before sending the move key/protocol command; e=stop.,1.99281,5.33095,0,0,0,1.72328,0.15796,10.04074,1.99958,-0.10996,10.001,2.0059,1.9996,0.1751,13,0.0802,0,0,37.75433,14.13825,0.2959,0.2941,1,False,running
027eea92b7,formation_7_adaptive_split,34,6.8,1784468800,adaptive_clusters,finish_first,r06,r06,True,lower,bypass,local,2,2,2.4674,0.1547,-0.48253,0.31158,-0.02938,826,814,23,130,0,0,0000,---,False,0.27535,-0.14586,0.31158,-0.02938,2.86152,-0.05441,cached_adaptive_split,w,"$1,0,0,0,0,0,0,0,0#",17000,16000,Set tank.c app_speed/duty level to the logged pwm before sending the move key/protocol command; e=stop.,2.05353,5.49335,0,0,0,1.29658,0.16037,9.99404,1.99958,-0.10996,10.001,2.0059,1.9996,0.1751,13,0.0802,0,0,37.75433,14.13825,0.2959,0.2941,1,False,running
027eea92b7,formation_7_adaptive_split,34,6.8,1784468800,adaptive_clusters,finish_first,r07,r07,True,lower,bypass,local,1,2,1.56791,0.58035,0.00465,0.3116,-0.00044,820,820,-13,221,0,0,0000,---,False,0.3116,0.00143,0.3116,-0.00044,2.02988,0.58246,cached_adaptive_split,w,"$1,0,0,0,0,0,0,0,0#",16000,16000,Set tank.c app_speed/duty level to the logged pwm before sending the move key/protocol command; e=stop.,2.0601,5.49407,0,0,0,2.21016,0.12674,9.94413,1.99958,-0.10996,10.001,2.0059,1.9996,0.1751,13,0.0802,0,0,37.75433,14.13825,0.2959,0.2941,1,False,running
027eea92b7,formation_7_adaptive_split,35,7.0,1784469000,adaptive_clusters,finish_first,r01,r01,True,lower,bypass,local,2,2,2.19761,-0.67978,-0.06003,0.3116,5e-05,820,820,22,160,0,0,0000,---,False,0.31104,-0.01869,0.3116,5e-05,2.65875,-0.70749,cached_adaptive_split,w,"$1,0,0,0,0,0,0,0,0#",16000,16000,Set tank.c app_speed/duty level to the logged pwm before sending the move key/protocol command; e=stop.,2.12253,5.65856,0,0,0,1.60348,0.07828,9.88516,2.06,-0.12105,9.9407,2.0673,2.06,0.1701,13,0.0783,0,0,38.9208,14.57449,0.3116,0.2943,1,False,running
027eea92b7,formation_7_adaptive_split,35,7.0,1784469000,adaptive_clusters,finish_first,r02,r02,True,lower,bypass,local,2,2,1.94208,-0.38572,-0.08523,0.3116,3e-05,820,820,15,182,0,0,0000,---,False,0.31047,-0.02652,0.3116,3e-05,2.40237,-0.42505,cached_adaptive_split,w,"$1,0,0,0,0,0,0,0,0#",16000,16000,Set tank.c app_speed/duty level to the logged pwm before sending the move key/protocol command; e=stop.,2.06022,5.49462,0,0,0,1.82286,0.11868,9.95131,2.06,-0.12105,9.9407,2.0673,2.06,0.1701,13,0.0783,0,0,38.9208,14.57449,0.3116,0.2943,1,False,running
027eea92b7,formation_7_adaptive_split,35,7.0,1784469000,adaptive_clusters,finish_first,r03,r03,True,lower,bypass,local,2,2,2.37863,-0.44015,-0.09586,0.3116,7e-05,820,820,19,139,0,0,0000,---,False,0.31017,-0.02982,0.3116,7e-05,2.83848,-0.48436,cached_adaptive_split,w,"$1,0,0,0,0,0,0,0,0#",16000,16000,Set tank.c app_speed/duty level to the logged pwm before sending the move key/protocol command; e=stop.,2.12248,5.66022,0,0,0,1.38978,0.07828,9.89601,2.06,-0.12105,9.9407,2.0673,2.06,0.1701,13,0.0783,0,0,38.9208,14.57449,0.3116,0.2943,1,False,running
027eea92b7,formation_7_adaptive_split,35,7.0,1784469000,adaptive_clusters,finish_first,r04,r04,True,lower,bypass,local,1,2,1.65052,-0.1826,-0.16533,0.31158,0.03308,813,827,14,211,0,0,0000,---,False,0.30761,-0.04968,0.31158,0.03308,2.11315,-0.257,cached_adaptive_split,w,"$1,0,0,0,0,0,0,0,0#",16000,17000,Set tank.c app_speed/duty level to the logged pwm before sending the move key/protocol command; e=stop.,1.97586,5.29304,0,0,0,2.11347,0.11868,10.05612,2.06,-0.12105,9.9407,2.0673,2.06,0.1701,13,0.0783,0,0,38.9208,14.57449,0.3116,0.2943,1,False,running
027eea92b7,formation_7_adaptive_split,35,7.0,1784469000,adaptive_clusters,finish_first,r05,r05,True,lower,bypass,local,2,2,2.09839,0.13464,-0.38816,0.3116,-0.00653,821,819,19,167,0,0,1000,---,False,0.2883,-0.11823,0.3116,-0.00653,2.52562,-0.04063,adaptive_split_to_bypass_target,w,"$1,0,0,0,0,0,0,0,0#",16000,16000,Set tank.c app_speed/duty level to the logged pwm before sending the move key/protocol command; e=stop.,2.05513,5.49628,0,0,0,1.66559,0.15796,9.98304,2.06,-0.12105,9.9407,2.0673,2.06,0.1701,13,0.0783,0,0,38.9208,14.57449,0.3116,0.2943,1,False,running
027eea92b7,formation_7_adaptive_split,35,7.0,1784469000,adaptive_clusters,finish_first,r06,r06,True,lower,bypass,local,2,2,2.52253,0.12563,-0.48516,0.3116,-0.01316,823,817,24,124,0,0,1000,---,False,0.27534,-0.14588,0.3116,-0.01316,2.92649,-0.08854,adaptive_split_to_bypass_target,w,"$1,0,0,0,0,0,0,0,0#",16000,16000,Set tank.c app_speed/duty level to the logged pwm before sending the move key/protocol command; e=stop.,2.11585,5.65876,0,0,0,1.24146,0.16037,9.93892,2.06,-0.12105,9.9407,2.0673,2.06,0.1701,13,0.0783,0,0,38.9208,14.57449,0.3116,0.2943,1,False,running
027eea92b7,formation_7_adaptive_split,35,7.0,1784469000,adaptive_clusters,finish_first,r07,r07,True,lower,bypass,local,1,2,1.63023,0.58064,0.00461,0.3116,-0.00018,820,820,-13,215,0,0,0000,---,False,0.3116,0.00143,0.3116,-0.00018,2.0922,0.58276,cached_adaptive_split,w,"$1,0,0,0,0,0,0,0,0#",16000,16000,Set tank.c app_speed/duty level to the logged pwm before sending the move key/protocol command; e=stop.,2.12242,5.65932,0,0,0,2.14826,0.12674,9.88181,2.06,-0.12105,9.9407,2.0673,2.06,0.1701,13,0.0783,0,0,38.9208,14.57449,0.3116,0.2943,1,False,running
027eea92b7,formation_7_adaptive_split,36,7.2,1784469200,adaptive_clusters,finish_first,r01,r01,True,lower,bypass,local,2,2,2.25982,-0.68352,-0.06003,0.3116,2e-05,820,820,23,154,0,0,0000,---,False,0.31104,-0.01869,0.3116,2e-05,2.72096,-0.71123,cached_adaptive_split,w,"$1,0,0,0,0,0,0,0,0#",16000,16000,Set tank.c app_speed/duty level to the logged pwm before sending the move key/protocol command; e=stop.,2.18485,5.82381,0,0,0,1.54348,0.0764,9.82302,2.12041,-0.13212,9.8805,2.1288,2.1204,0.16591,12,0.0764,0,0,40.07782,15.01073,0.3116,0.2945,1,False,running
027eea92b7,formation_7_adaptive_split,36,7.2,1784469200,adaptive_clusters,finish_first,r02,r02,True,lower,bypass,local,2,2,2.00417,-0.39103,-0.08522,0.3116,1e-05,820,820,15,176,0,0,0000,---,False,0.31047,-0.02652,0.3116,1e-05,2.46447,-0.43035,cached_adaptive_split,w,"$1,0,0,0,0,0,0,0,0#",16000,16000,Set tank.c app_speed/duty level to the logged pwm before sending the move key/protocol command; e=stop.,2.12254,5.65987,0,0,0,1.76097,0.11868,9.88934,2.12041,-0.13212,9.8805,2.1288,2.1204,0.16591,12,0.0764,0,0,40.07782,15.01073,0.3116,0.2945,1,False,running
027eea92b7,formation_7_adaptive_split,36,7.2,1784469200,adaptive_clusters,finish_first,r03,r03,True,lower,bypass,local,2,2,2.44066,-0.44612,-0.09586,0.3116,3e-05,820,820,20,133,0,0,0000,---,False,0.31017,-0.02982,0.3116,3e-05,2.90051,-0.49033,cached_adaptive_split,w,"$1,0,0,0,0,0,0,0,0#",16000,16000,Set tank.c app_speed/duty level to the logged pwm before sending the move key/protocol command; e=stop.,2.1848,5.82547,0,0,0,1.32842,0.0764,9.83415,2.12041,-0.13212,9.8805,2.1288,2.1204,0.16591,12,0.0764,0,0,40.07782,15.01073,0.3116,0.2945,1,False,running
027eea92b7,formation_7_adaptive_split,36,7.2,1784469200,adaptive_clusters,finish_first,r04,r04,True,lower,bypass,local,2,2,1.71202,-0.19267,-0.1623,0.3116,0.01514,817,823,14,205,0,0,0000,---,False,0.30762,-0.04962,0.3116,0.01514,2.17007,-0.26641,cached_adaptive_split,w,"$1,0,0,0,0,0,0,0,0#",16000,16000,Set tank.c app_speed/duty level to the logged pwm before sending the move key/protocol command; e=stop.,2.03818,5.45847,0,0,0,2.05197,0.11868,9.99499,2.12041,-0.13212,9.8805,2.1288,2.1204,0.16591,12,0.0764,0,0,40.07782,15.01073,0.3116,0.2945,1,False,running
027eea92b7,formation_7_adaptive_split,36,7.2,1784469200,adaptive_clusters,finish_first,r05,r05,True,lower,bypass,local,2,2,2.15606,0.11102,-0.38871,0.3116,-0.00276,821,819,19,161,0,0,1000,---,False,0.2883,-0.11822,0.3116,-0.00276,2.58343,-0.06425,cached_adaptive_split,w,"$1,0,0,0,0,0,0,0,0#",16000,16000,Set tank.c app_speed/duty level to the logged pwm before sending the move key/protocol command; e=stop.,2.11745,5.66156,0,0,0,1.60792,0.15796,9.92541,2.12041,-0.13212,9.8805,2.1288,2.1204,0.16591,12,0.0764,0,0,40.07782,15.01073,0.3116,0.2945,1,False,running
027eea92b7,formation_7_adaptive_split,36,7.2,1784469200,adaptive_clusters,finish_first,r06,r06,True,lower,bypass,local,2,2,2.57762,0.09651,-0.48631,0.3116,-0.00575,821,819,24,119,0,0,1000,---,False,0.27534,-0.14588,0.3116,-0.00575,2.98455,-0.11915,cached_adaptive_split,w,"$1,0,0,0,0,0,0,0,0#",16000,16000,Set tank.c app_speed/duty level to the logged pwm before sending the move key/protocol command; e=stop.,2.17817,5.82408,0,0,0,1.18636,0.16037,9.88391,2.12041,-0.13212,9.8805,2.1288,2.1204,0.16591,12,0.0764,0,0,40.07782,15.01073,0.3116,0.2945,1,False,running
027eea92b7,formation_7_adaptive_split,36,7.2,1784469200,adaptive_clusters,finish_first,r07,r07,True,lower,bypass,local,2,2,1.69255,0.58093,0.0046,0.3116,-7e-05,820,820,-13,209,0,0,0000,---,False,0.3116,0.00143,0.3116,-7e-05,2.15452,0.58304,cached_adaptive_split,w,"$1,0,0,0,0,0,0,0,0#",16000,16000,Set tank.c app_speed/duty level to the logged pwm before sending the move key/protocol command; e=stop.,2.18474,5.82456,0,0,0,2.08638,0.12674,9.8195,2.12041,-0.13212,9.8805,2.1288,2.1204,0.16591,12,0.0764,0,0,40.07782,15.01073,0.3116,0.2945,1,False,running
027eea92b7,formation_7_adaptive_split,37,7.4,1784469400,adaptive_clusters,finish_first,r01,r01,True,lower,bypass,local,2,2,2.32202,-0.68725,-0.06002,0.3116,1e-05,820,820,24,148,0,0,0000,---,False,0.31104,-0.01869,0.3116,1e-05,2.78316,-0.71497,adaptive_split_to_bypass_target,w,"$1,0,0,0,0,0,0,0,0#",16000,16000,Set tank.c app_speed/duty level to the logged pwm before sending the move key/protocol command; e=stop.,2.24717,5.98905,0,0,0,1.48365,0.07453,9.76089,2.18083,-0.14322,9.8202,2.1902,2.1808,0.16264,11,0.0745,0,0,41.23484,15.44697,0.3116,0.2947,1,False,running
027eea92b7,formation_7_adaptive_split,37,7.4,1784469400,adaptive_clusters,finish_first,r02,r02,True,lower,bypass,local,2,2,2.06627,-0.39633,-0.08522,0.3116,0.0,820,820,15,170,0,0,0000,---,False,0.31047,-0.02652,0.3116,0.0,2.52656,-0.43566,adaptive_split_to_bypass_target,w,"$1,0,0,0,0,0,0,0,0#",16000,16000,Set tank.c app_speed/duty level to the logged pwm before sending the move key/protocol command; e=stop.,2.18486,5.82511,0,0,0,1.69912,0.11868,9.82737,2.18083,-0.14322,9.8202,2.1902,2.1808,0.16264,11,0.0745,0,0,41.23484,15.44697,0.3116,0.2947,1,False,running
027eea92b7,formation_7_adaptive_split,37,7.4,1784469400,adaptive_clusters,finish_first,r03,r03,True,lower,bypass,local,2,2,2.5027,-0.45208,-0.09585,0.3116,1e-05,820,820,20,127,0,0,0000,---,False,0.31017,-0.02982,0.3116,1e-05,2.96255,-0.49629,adaptive_split_to_bypass_target,w,"$1,0,0,0,0,0,0,0,0#",16000,16000,Set tank.c app_speed/duty level to the logged pwm before sending the move key/protocol command; e=stop.,2.24712,5.99072,0,0,0,1.26716,0.07453,9.7723,2.18083,-0.14322,9.8202,2.1902,2.1808,0.16264,11,0.0745,0,0,41.23484,15.44697,0.3116,0.2947,1,False,running
027eea92b7,formation_7_adaptive_split,37,7.4,1784469400,adaptive_clusters,finish_first,r04,r04,True,lower,bypass,local,2,2,1.7735,-0.20286,-0.16417,0.3116,-0.00933,822,818,14,199,0,0,0000,---,False,0.30734,-0.05138,0.3116,-0.00933,2.22971,-0.27921,adaptive_split_to_bypass_target,w,"$1,0,0,0,0,0,0,0,0#",16000,16000,Set tank.c app_speed/duty level to the logged pwm before sending the move key/protocol command; e=stop.,2.1005,5.62396,0,0,0,1.99048,0.11868,9.93389,2.18083,-0.14322,9.8202,2.1902,2.1808,0.16264,11,0.0745,0,0,41.23484,15.44697,0.3116,0.2947,1,False,running
027eea92b7,formation_7_adaptive_split,37,7.4,1784469400,adaptive_clusters,finish_first,r05,r05,True,lower,bypass,local,2,2,2.21373,0.08739,-0.38894,0.3116,-0.00115,820,820,20,155,0,0,1000,---,False,0.28831,-0.11821,0.3116,-0.00115,2.64114,-0.08788,adaptive_split_to_bypass_target,w,"$1,0,0,0,0,0,0,0,0#",16000,16000,Set tank.c app_speed/duty level to the logged pwm before sending the move key/protocol command; e=stop.,2.17977,5.82683,0,0,0,1.55026,0.15796,9.86785,2.18083,-0.14322,9.8202,2.1902,2.1808,0.16264,11,0.0745,0,0,41.23484,15.44697,0.3116,0.2947,1,False,running
027eea92b7,formation_7_adaptive_split,37,7.4,1784469400,adaptive_clusters,finish_first,r06,r06,True,lower,bypass,local,2,2,2.6327,0.06736,-0.4868,0.3116,-0.00247,821,819,25,113,0,0,0100,---,False,0.27535,-0.14587,0.3116,-0.00247,3.04053,-0.14874,adaptive_split_to_bypass_target,w,"$1,0,0,0,0,0,0,0,0#",16000,16000,Set tank.c app_speed/duty level to the logged pwm before sending the move key/protocol command; e=stop.,2.24049,5.98936,0,0,0,1.13128,0.16037,9.829,2.18083,-0.14322,9.8202,2.1902,2.1808,0.16264,11,0.0745,0,0,41.23484,15.44697,0.3116,0.2947,1,False,running
027eea92b7,formation_7_adaptive_split,37,7.4,1784469400,adaptive_clusters,finish_first,r07,r07,True,lower,bypass,local,2,2,1.75487,0.58121,0.00459,0.3116,-3e-05,820,820,-14,202,0,0,0000,---,False,0.3116,0.00143,0.3116,-3e-05,2.21684,0.58333,adaptive_split_to_bypass_target,w,"$1,0,0,0,0,0,0,0,0#",16000,16000,Set tank.c app_speed/duty level to the logged pwm before sending the move key/protocol command; e=stop.,2.24706,5.98981,0,0,0,2.02454,0.12674,9.75719,2.18083,-0.14322,9.8202,2.1902,2.1808,0.16264,11,0.0745,0,0,41.23484,15.44697,0.3116,0.2947,1,False,running
027eea92b7,formation_7_adaptive_split,38,7.6,1784469600,adaptive_clusters,finish_first,r01,r01,True,lower,bypass,local,2,2,2.38423,-0.69099,-0.06002,0.3116,0.0,820,820,24,142,0,0,0000,---,False,0.31104,-0.01869,0.3116,0.0,2.84537,-0.7187,cached_adaptive_split,w,"$1,0,0,0,0,0,0,0,0#",16000,16000,Set tank.c app_speed/duty level to the logged pwm before sending the move key/protocol command; e=stop.,2.30949,6.1543,0,0,0,1.42402,0.07266,9.69875,2.24123,-0.15434,9.76,2.2516,2.2412,0.16037,12,0.0727,0,0,42.39159,15.88321,0.3116,0.2949,1,False,running
027eea92b7,formation_7_adaptive_split,38,7.6,1784469600,adaptive_clusters,finish_first,r02,r02,True,lower,bypass,local,2,2,2.12836,-0.40164,-0.08522,0.3116,0.0,820,820,16,164,0,0,0000,---,False,0.31047,-0.02652,0.3116,0.0,2.58866,-0.44096,cached_adaptive_split,w,"$1,0,0,0,0,0,0,0,0#",16000,16000,Set tank.c app_speed/duty level to the logged pwm before sending the move key/protocol command; e=stop.,2.24718,5.99036,0,0,0,1.6373,0.11868,9.7654,2.24123,-0.15434,9.76,2.2516,2.2412,0.16037,12,0.0727,0,0,42.39159,15.88321,0.3116,0.2949,1,False,running
027eea92b7,formation_7_adaptive_split,38,7.6,1784469600,adaptive_clusters,finish_first,r03,r03,True,lower,bypass,local,2,2,2.56473,-0.45804,-0.09585,0.3116,0.0,820,820,21,121,0,0,0000,---,False,0.31017,-0.02982,0.3116,0.0,3.02458,-0.50226,cached_adaptive_split,w,"$1,0,0,0,0,0,0,0,0#",16000,16000,Set tank.c app_speed/duty level to the logged pwm before sending the move key/protocol command; e=stop.,2.30944,6.15596,0,0,0,1.20599,0.07266,9.71045,2.24123,-0.15434,9.76,2.2516,2.2412,0.16037,12,0.0727,0,0,42.39159,15.88321,0.3116,0.2949,1,False,running
027eea92b7,formation_7_adaptive_split,38,7.6,1784469600,adaptive_clusters,finish_first,r04,r04,True,lower,bypass,local,2,2,1.83496,-0.21315,-0.16595,0.3116,-0.00893,822,818,15,193,0,0,0000,---,False,0.30725,-0.05191,0.3116,-0.00893,2.29064,-0.29022,cached_adaptive_split,w,"$1,0,0,0,0,0,0,0,0#",16000,16000,Set tank.c app_speed/duty level to the logged pwm before sending the move key/protocol command; e=stop.,2.16282,5.78921,0,0,0,1.92902,0.11868,9.87282,2.24123,-0.15434,9.76,2.2516,2.2412,0.16037,12,0.0727,0,0,42.39159,15.88321,0.3116,0.2949,1,False,running
027eea92b7,formation_7_adaptive_split,38,7.6,1784469600,adaptive_clusters,finish_first,r05,r05,True,lower,bypass,local,2,2,2.27139,0.06375,-0.38903,0.3116,-0.00047,820,820,20,149,0,0,0100,---,False,0.28831,-0.11821,0.3116,-0.00047,2.69882,-0.11151,cached_adaptive_split,w,"$1,0,0,0,0,0,0,0,0#",16000,16000,Set tank.c app_speed/duty level to the logged pwm before sending the move key/protocol command; e=stop.,2.24209,5.99208,0,0,0,1.49259,0.15796,9.81034,2.24123,-0.15434,9.76,2.2516,2.2412,0.16037,12,0.0727,0,0,42.39159,15.88321,0.3116,0.2949,1,False,running
027eea92b7,formation_7_adaptive_split,38,7.6,1784469600,adaptive_clusters,finish_first,r06,r06,True,lower,bypass,local,2,2,2.68777,0.03819,-0.48701,0.3116,-0.00105,820,820,26,108,0,0,0100,---,False,0.27535,-0.14587,0.3116,-0.00105,3.09588,-0.17802,cached_adaptive_split,w,"$1,0,0,0,0,0,0,0,0#",16000,16000,Set tank.c app_speed/duty level to the logged pwm before sending the move key/protocol command; e=stop.,2.30281,6.15462,0,0,0,1.07621,0.16037,9.77419,2.24123,-0.15434,9.76,2.2516,2.2412,0.16037,12,0.0727,0,0,42.39159,15.88321,0.3116,0.2949,1,False,running
027eea92b7,formation_7_adaptive_split,38,7.6,1784469600,adaptive_clusters,finish_first,r07,r07,True,lower,bypass,local,2,2,1.81719,0.5815,0.00459,0.3116,-1e-05,820,820,-14,196,0,0,0000,---,False,0.3116,0.00143,0.3116,-1e-05,2.27916,0.58362,cached_adaptive_split,w,"$1,0,0,0,0,0,0,0,0#",16000,16000,Set tank.c app_speed/duty level to the logged pwm before sending the move key/protocol command; e=stop.,2.30938,6.15506,0,0,0,1.96272,0.12674,9.69488,2.24123,-0.15434,9.76,2.2516,2.2412,0.16037,12,0.0727,0,0,42.39159,15.88321,0.3116,0.2949,1,False,running
027eea92b7,formation_7_adaptive_split,39,7.8,1784469800,adaptive_clusters,finish_first,r01,r01,True,lower,bypass,local,2,2,2.44644,-0.69473,-0.06002,0.3116,0.0,820,820,25,136,0,0,0000,---,False,0.31104,-0.01869,0.3116,0.0,2.90758,-0.72244,cached_adaptive_split,w,"$1,0,0,0,0,0,0,0,0#",16000,16000,Set tank.c app_speed/duty level to the logged pwm before sending the move key/protocol command; e=stop.,2.37181,6.31955,0,0,0,1.36461,0.07079,9.63662,2.30164,-0.16547,9.6998,2.313,2.3016,0.15913,12,0.0708,0,0,43.54836,16.31945,0.3116,0.2951,1,False,running
027eea92b7,formation_7_adaptive_split,39,7.8,1784469800,adaptive_clusters,finish_first,r02,r02,True,lower,bypass,local,2,2,2.19045,-0.40694,-0.08522,0.3116,0.0,820,820,16,158,0,0,0000,---,False,0.31047,-0.02652,0.3116,0.0,2.65075,-0.44626,cached_adaptive_split,w,"$1,0,0,0,0,0,0,0,0#",16000,16000,Set tank.c app_speed/duty level to the logged pwm before sending the move key/protocol command; e=stop.,2.3095,6.15561,0,0,0,1.57552,0.11868,9.70344,2.30164,-0.16547,9.6998,2.313,2.3016,0.15913,12,0.0708,0,0,43.54836,16.31945,0.3116,0.2951,1,False,running
027eea92b7,formation_7_adaptive_split,39,7.8,1784469800,adaptive_clusters,finish_first,r03,r03,True,lower,bypass,local,2,2,2.62676,-0.46401,-0.09585,0.3116,0.0,820,820,22,114,0,0,0000,---,False,0.31017,-0.02982,0.3116,0.0,3.08662,-0.50822,cached_adaptive_split,w,"$1,0,0,0,0,0,0,0,0#",16000,16000,Set tank.c app_speed/duty level to the logged pwm before sending the move key/protocol command; e=stop.,2.37176,6.32121,0,0,0,1.14493,0.07079,9.64861,2.30164,-0.16547,9.6998,2.313,2.3016,0.15913,12,0.0708,0,0,43.54836,16.31945,0.3116,0.2951,1,False,running
027eea92b7,formation_7_adaptive_split,39,7.8,1784469800,adaptive_clusters,finish_first,r04,r04,True,lower,bypass,local,2,2,1.89641,-0.22351,-0.16701,0.3116,-0.00531,821,819,15,187,0,0,0000,---,False,0.30722,-0.05206,0.3116,-0.00531,2.35194,-0.30075,cached_adaptive_split,w,"$1,0,0,0,0,0,0,0,0#",16000,16000,Set tank.c app_speed/duty level to the logged pwm before sending the move key/protocol command; e=stop.,2.22514,5.95449,0,0,0,1.86757,0.11868,9.81179,2.30164,-0.16547,9.6998,2.313,2.3016,0.15913,12,0.0708,0,0,43.54836,16.31945,0.3116,0.2951,1,False,running
027eea92b7,formation_7_adaptive_split,39,7.8,1784469800,adaptive_clusters,finish_first,r05,r05,True,lower,bypass,local,2,2,2.32905,0.04011,-0.38907,0.3116,-0.00019,820,820,21,143,0,0,0100,---,False,0.28831,-0.11821,0.3116,-0.00019,2.75649,-0.13514,cached_adaptive_split,w,"$1,0,0,0,0,0,0,0,0#",16000,16000,Set tank.c app_speed/duty level to the logged pwm before sending the move key/protocol command; e=stop.,2.30441,6.15733,0,0,0,1.43493,0.15796,9.7529,2.30164,-0.16547,9.6998,2.313,2.3016,0.15913,12,0.0708,0,0,43.54836,16.31945,0.3116,0.2951,1,False,running
027eea92b7,formation_7_adaptive_split,39,7.8,1784469800,adaptive_clusters,finish_first,r06,r06,True,lower,bypass,local,2,2,2.74285,0.00902,-0.4871,0.3116,-0.00044,820,820,28,102,0,0,0100,---,False,0.27535,-0.14587,0.3116,-0.00044,3.15104,-0.20723,cached_adaptive_split,w,"$1,0,0,0,0,0,0,0,0#",16000,16000,Set tank.c app_speed/duty level to the logged pwm before sending the move key/protocol command; e=stop.,2.36513,6.31987,0,0,0,1.02114,0.16037,9.71948,2.30164,-0.16547,9.6998,2.313,2.3016,0.15913,12,0.0708,0,0,43.54836,16.31945,0.3116,0.2951,1,False,running
027eea92b7,formation_7_adaptive_split,39,7.8,1784469800,adaptive_clusters,finish_first,r07,r07,True,lower,bypass,local,2,2,1.87951,0.58178,0.00459,0.3116,-0.0,820,820,-14,190,0,0,0000,---,False,0.3116,0.00143,0.3116,-0.0,2.34148,0.5839,cached_adaptive_split,w,"$1,0,0,0,0,0,0,0,0#",16000,16000,Set tank.c app_speed/duty level to the logged pwm before sending the move key/protocol command; e=stop.,2.3717,6.3203,0,0,0,1.90093,0.12674,9.63257,2.30164,-0.16547,9.6998,2.313,2.3016,0.15913,12,0.0708,0,0,43.54836,16.31945,0.3116,0.2951,1,False,running
027eea92b7,formation_7_adaptive_split,40,8.0,1784470000,adaptive_clusters,finish_first,r01,r01,True,lower,bypass,local,2,2,2.50865,-0.69847,-0.06002,0.3116,0.0,820,820,26,131,0,0,0000,---,False,0.31104,-0.01869,0.3116,0.0,2.96979,-0.72618,cached_adaptive_split,w,"$1,0,0,0,0,0,0,0,0#",16000,16000,Set tank.c app_speed/duty level to the logged pwm before sending the move key/protocol command; e=stop.,2.43413,6.48479,0,0,0,1.30546,0.06894,9.5745,2.36205,-0.1766,9.6396,2.3744,2.362,0.15894,9,0.0689,0,0,44.70512,16.75569,0.3116,0.2953,1,False,running
027eea92b7,formation_7_adaptive_split,40,8.0,1784470000,adaptive_clusters,finish_first,r02,r02,True,lower,bypass,local,2,2,2.25255,-0.41225,-0.08522,0.3116,0.0,820,820,17,151,0,0,0000,---,False,0.31047,-0.02652,0.3116,0.0,2.71284,-0.45157,cached_adaptive_split,w,"$1,0,0,0,0,0,0,0,0#",16000,16000,Set tank.c app_speed/duty level to the logged pwm before sending the move key/protocol command; e=stop.,2.37182,6.32085,0,0,0,1.51378,0.11868,9.64149,2.36205,-0.1766,9.6396,2.3744,2.362,0.15894,9,0.0689,0,0,44.70512,16.75569,0.3116,0.2953,1,False,running
027eea92b7,formation_7_adaptive_split,40,8.0,1784470000,adaptive_clusters,finish_first,r03,r03,True,lower,bypass,local,2,2,2.6888,-0.46997,-0.09585,0.3116,0.0,820,820,23,108,0,0,0000,---,False,0.31017,-0.02982,0.3116,0.0,3.14865,-0.51419,cached_adaptive_split,w,"$1,0,0,0,0,0,0,0,0#",16000,16000,Set tank.c app_speed/duty level to the logged pwm before sending the move key/protocol command; e=stop.,2.43408,6.48646,0,0,0,1.08401,0.06894,9.58678,2.36205,-0.1766,9.6396,2.3744,2.362,0.15894,9,0.0689,0,0,44.70512,16.75569,0.3116,0.2953,1,False,running
027eea92b7,formation_7_adaptive_split,40,8.0,1784470000,adaptive_clusters,finish_first,r04,r04,True,lower,bypass,local,2,2,1.95786,-0.23391,-0.16755,0.3116,-0.00269,821,819,16,181,0,0,0000,---,False,0.30721,-0.0521,0.3116,-0.00269,2.41334,-0.31117,cached_adaptive_split,w,"$1,0,0,0,0,0,0,0,0#",16000,16000,Set tank.c app_speed/duty level to the logged pwm before sending the move key/protocol command; e=stop.,2.28746,6.11976,0,0,0,1.80612,0.11868,9.75078,2.36205,-0.1766,9.6396,2.3744,2.362,0.15894,9,0.0689,0,0,44.70512,16.75569,0.3116,0.2953,1,False,running
027eea92b7,formation_7_adaptive_split,40,8.0,1784470000,adaptive_clusters,finish_first,r05,r05,True,lower,bypass,local,2,2,2.38671,0.01647,-0.38909,0.3116,-8e-05,820,820,22,138,0,0,0100,---,False,0.28831,-0.11821,0.3116,-8e-05,2.81415,-0.15878,cached_adaptive_split,w,"$1,0,0,0,0,0,0,0,0#",16000,16000,Set tank.c app_speed/duty level to the logged pwm before sending the move key/protocol command; e=stop.,2.36673,6.32258,0,0,0,1.37727,0.15796,9.69552,2.36205,-0.1766,9.6396,2.3744,2.362,0.15894,9,0.0689,0,0,44.70512,16.75569,0.3116,0.2953,1,False,running
027eea92b7,formation_7_adaptive_split,40,8.0,1784470000,adaptive_clusters,finish_first,r06,r06,True,lower,bypass,local,2,2,2.79792,-0.02015,-0.48714,0.3116,-0.00019,820,820,29,97,0,0,0010,---,False,0.27535,-0.14587,0.3116,-0.00019,3.20613,-0.23641,cached_adaptive_split,w,"$1,0,0,0,0,0,0,0,0#",16000,16000,Set tank.c app_speed/duty level to the logged pwm before sending the move key/protocol command; e=stop.,2.42745,6.48512,0,0,0,0.96606,0.16037,9.66486,2.36205,-0.1766,9.6396,2.3744,2.362,0.15894,9,0.0689,0,0,44.70512,16.75569,0.3116,0.2953,1,False,running
027eea92b7,formation_7_adaptive_split,40,8.0,1784470000,adaptive_clusters,finish_first,r07,r07,True,lower,bypass,local,2,2,1.94183,0.58207,0.00459,0.3116,-0.0,820,820,-15,184,0,0,0000,---,False,0.3116,0.00143,0.3116,-0.0,2.4038,0.58419,cached_adaptive_split,w,"$1,0,0,0,0,0,0,0,0#",16000,16000,Set tank.c app_speed/duty level to the logged pwm before sending the move key/protocol command; e=stop.,2.43402,6.48555,0,0,0,1.83917,0.12674,9.57025,2.36205,-0.1766,9.6396,2.3744,2.362,0.15894,9,0.0689,0,0,44.70512,16.75569,0.3116,0.2953,1,False,running
027eea92b7,formation_7_adaptive_split,41,8.2,1784470200,adaptive_clusters,finish_first,r01,r01,True,lower,bypass,local,2,2,2.57086,-0.70221,-0.06002,0.3116,0.0,820,820,27,125,0,0,0000,---,False,0.31104,-0.01869,0.3116,0.0,3.032,-0.72992,adaptive_split_to_bypass_target,w,"$1,0,0,0,0,0,0,0,0#",16000,16000,Set tank.c app_speed/duty level to the logged pwm before sending the move key/protocol command; e=stop.,2.49645,6.65004,0,0,0,1.24658,0.06708,9.51237,2.42245,-0.1877,9.5794,2.4359,2.4225,0.15977,9,0.0671,0,0,45.86203,17.19193,0.3116,0.2954,1,False,running
027eea92b7,formation_7_adaptive_split,41,8.2,1784470200,adaptive_clusters,finish_first,r02,r02,True,lower,bypass,local,2,2,2.31464,-0.41755,-0.08522,0.3116,0.0,820,820,17,145,0,0,0000,---,False,0.31047,-0.02652,0.3116,0.0,2.77494,-0.45687,adaptive_split_to_bypass_target,w,"$1,0,0,0,0,0,0,0,0#",16000,16000,Set tank.c app_speed/duty level to the logged pwm before sending the move key/protocol command; e=stop.,2.43414,6.4861,0,0,0,1.45208,0.11868,9.57954,2.42245,-0.1877,9.5794,2.4359,2.4225,0.15977,9,0.0671,0,0,45.86203,17.19193,0.3116,0.2954,1,False,running
027eea92b7,formation_7_adaptive_split,41,8.2,1784470200,adaptive_clusters,finish_first,r03,r03,True,lower,bypass,local,2,2,2.75083,-0.47594,-0.09585,0.3116,0.0,820,820,24,102,0,0,0000,---,False,0.31017,-0.02982,0.3116,0.0,3.21068,-0.52015,adaptive_split_to_bypass_target,w,"$1,0,0,0,0,0,0,0,0#",16000,16000,Set tank.c app_speed/duty level to the logged pwm before sending the move key/protocol command; e=stop.,2.4964,6.6517,0,0,0,1.02324,0.06708,9.52495,2.42245,-0.1877,9.5794,2.4359,2.4225,0.15977,9,0.0671,0,0,45.86203,17.19193,0.3116,0.2954,1,False,running
027eea92b7,formation_7_adaptive_split,41,8.2,1784470200,adaptive_clusters,finish_first,r04,r04,True,lower,bypass,local,2,2,2.01934,-0.2441,-0.16426,0.31159,0.01646,817,823,16,174,0,0,0000,---,False,0.30754,-0.05016,0.31159,0.01646,2.47532,-0.3183,adaptive_split_to_bypass_target,w,"$1,0,0,0,0,0,0,0,0#",16000,16000,Set tank.c app_speed/duty level to the logged pwm before sending the move key/protocol command; e=stop.,2.34978,6.2852,0,0,0,1.74464,0.11868,9.68974,2.42245,-0.1877,9.5794,2.4359,2.4225,0.15977,9,0.0671,0,0,45.86203,17.19193,0.3116,0.2954,1,False,running
027eea92b7,formation_7_adaptive_split,41,8.2,1784470200,adaptive_clusters,finish_first,r05,r05,True,lower,bypass,local,2,2,2.44437,-0.00717,-0.3891,0.3116,-3e-05,820,820,23,132,0,0,0010,---,False,0.28831,-0.11821,0.3116,-3e-05,2.87181,-0.18242,adaptive_split_to_bypass_target,w,"$1,0,0,0,0,0,0,0,0#",16000,16000,Set tank.c app_speed/duty level to the logged pwm before sending the move key/protocol command; e=stop.,2.42905,6.48782,0,0,0,1.31961,0.15796,9.63819,2.42245,-0.1877,9.5794,2.4359,2.4225,0.15977,9,0.0671,0,0,45.86203,17.19193,0.3116,0.2954,1,False,running
027eea92b7,formation_7_adaptive_split,41,8.2,1784470200,adaptive_clusters,finish_first,r06,r06,True,lower,bypass,local,2,2,2.85299,-0.04932,-0.48715,0.3116,-8e-05,820,820,30,91,0,0,0010,---,False,0.27535,-0.14587,0.3116,-8e-05,3.26121,-0.26558,adaptive_split_to_bypass_target,w,"$1,0,0,0,0,0,0,0,0#",16000,16000,Set tank.c app_speed/duty level to the logged pwm before sending the move key/protocol command; e=stop.,2.48977,6.65037,0,0,0,0.91099,0.16037,9.61033,2.42245,-0.1877,9.5794,2.4359,2.4225,0.15977,9,0.0671,0,0,45.86203,17.19193,0.3116,0.2954,1,False,running
027eea92b7,formation_7_adaptive_split,41,8.2,1784470200,adaptive_clusters,finish_first,r07,r07,True,lower,bypass,local,2,2,2.00415,0.58236,0.00459,0.3116,-0.0,820,820,-15,178,0,0,0000,---,False,0.3116,0.00143,0.3116,-0.0,2.46612,0.58448,adaptive_split_to_bypass_target,w,"$1,0,0,0,0,0,0,0,0#",16000,16000,Set tank.c app_speed/duty level to the logged pwm before sending the move key/protocol command; e=stop.,2.49634,6.6508,0,0,0,1.77745,0.12674,9.50794,2.42245,-0.1877,9.5794,2.4359,2.4225,0.15977,9,0.0671,0,0,45.86203,17.19193,0.3116,0.2954,1,False,running
027eea92b7,formation_7_adaptive_split,42,8.4,1784470400,adaptive_clusters,finish_first,r01,r01,True,lower,bypass,local,2,2,2.63306,-0.70595,-0.06002,0.3116,0.0,820,820,28,119,0,0,0000,---,False,0.31104,-0.01869,0.3116,0.0,3.0942,-0.73366,cached_adaptive_split,w,"$1,0,0,0,0,0,0,0,0#",16000,16000,Set tank.c app_speed/duty level to the logged pwm before sending the move key/protocol command; e=stop.,2.55877,6.81529,0,0,0,1.18803,0.06524,9.45025,2.48287,-0.19879,9.5192,2.4973,2.4829,0.16161,10,0.0652,0,0,47.0188,17.62817,0.3116,0.2956,1,False,running
027eea92b7,formation_7_adaptive_split,42,8.4,1784470400,adaptive_clusters,finish_first,r02,r02,True,lower,bypass,local,2,2,2.37674,-0.42286,-0.08522,0.3116,0.0,820,820,18,139,0,0,0000,---,False,0.31047,-0.02652,0.3116,0.0,2.83703,-0.46218,cached_adaptive_split,w,"$1,0,0,0,0,0,0,0,0#",16000,16000,Set tank.c app_speed/duty level to the logged pwm before sending the move key/protocol command; e=stop.,2.49646,6.65135,0,0,0,1.39044,0.11858,9.51759,2.48287,-0.19879,9.5192,2.4973,2.4829,0.16161,10,0.0652,0,0,47.0188,17.62817,0.3116,0.2956,1,False,running
027eea92b7,formation_7_adaptive_split,42,8.4,1784470400,adaptive_clusters,finish_first,r03,r03,True,lower,bypass,local,2,2,2.81287,-0.4819,-0.09585,0.3116,0.0,820,820,25,96,0,0,0000,---,False,0.31017,-0.02982,0.3116,0.0,3.27272,-0.52612,cached_adaptive_split,w,"$1,0,0,0,0,0,0,0,0#",16000,16000,Set tank.c app_speed/duty level to the logged pwm before sending the move key/protocol command; e=stop.,2.55872,6.81695,0,0,0,0.96264,0.06524,9.46313,2.48287,-0.19879,9.5192,2.4973,2.4829,0.16161,10,0.0652,0,0,47.0188,17.62817,0.3116,0.2956,1,False,running
027eea92b7,formation_7_adaptive_split,42,8.4,1784470400,adaptive_clusters,finish_first,r04,r04,True,lower,bypass,local,2,2,2.08085,-0.25413,-0.16176,0.3116,0.01248,817,823,16,168,0,0,0000,---,False,0.30763,-0.04958,0.3116,0.01248,2.53695,-0.32752,cached_adaptive_split,w,"$1,0,0,0,0,0,0,0,0#",16000,16000,Set tank.c app_speed/duty level to the logged pwm before sending the move key/protocol command; e=stop.,2.4121,6.45049,0,0,0,1.68314,0.11858,9.62869,2.48287,-0.19879,9.5192,2.4973,2.4829,0.16161,10,0.0652,0,0,47.0188,17.62817,0.3116,0.2956,1,False,running
027eea92b7,formation_7_adaptive_split,42,8.4,1784470400,adaptive_clusters,finish_first,r05,r05,True,lower,bypass,local,2,2,2.50204,-0.03081,-0.3891,0.3116,-1e-05,820,820,23,126,0,0,0010,---,False,0.28831,-0.11821,0.3116,-1e-05,2.92948,-0.20606,cached_adaptive_split,w,"$1,0,0,0,0,0,0,0,0#",16000,16000,Set tank.c app_speed/duty level to the logged pwm before sending the move key/protocol command; e=stop.,2.49137,6.65307,0,0,0,1.26195,0.15796,9.58093,2.48287,-0.19879,9.5192,2.4973,2.4829,0.16161,10,0.0652,0,0,47.0188,17.62817,0.3116,0.2956,1,False,running
027eea92b7,formation_7_adaptive_split,42,8.4,1784470400,adaptive_clusters,finish_first,r06,r06,True,lower,bypass,local,2,2,2.90806,-0.0785,-0.48716,0.3116,-3e-05,820,820,31,86,0,0,0001,---,False,0.27535,-0.14587,0.3116,-3e-05,3.31628,-0.29476,cached_adaptive_split,w,"$1,0,0,0,0,0,0,0,0#",16000,16000,Set tank.c app_speed/duty level to the logged pwm before sending the move key/protocol command; e=stop.,2.55209,6.81562,0,0,0,0.85592,0.16037,9.55589,2.48287,-0.19879,9.5192,2.4973,2.4829,0.16161,10,0.0652,0,0,47.0188,17.62817,0.3116,0.2956,1,False,running
027eea92b7,formation_7_adaptive_split,42,8.4,1784470400,adaptive_clusters,finish_first,r07,r07,True,lower,bypass,local,2,2,2.06647,0.58264,0.00459,0.3116,-0.0,820,820,-16,172,0,0,0000,---,False,0.3116,0.00143,0.3116,-0.0,2.52843,0.58476,cached_adaptive_split,w,"$1,0,0,0,0,0,0,0,0#",16000,16000,Set tank.c app_speed/duty level to the logged pwm before sending the move key/protocol command; e=stop.,2.55866,6.81604,0,0,0,1.71577,0.12674,9.44563,2.48287,-0.19879,9.5192,2.4973,2.4829,0.16161,10,0.0652,0,0,47.0188,17.62817,0.3116,0.2956,1,False,running
027eea92b7,formation_7_adaptive_split,43,8.6,1784470600,adaptive_clusters,finish_first,r01,r01,True,lower,bypass,local,2,2,2.69527,-0.70968,-0.06002,0.3116,0.0,820,820,29,113,0,0,0000,---,False,0.31104,-0.01869,0.3116,0.0,3.15641,-0.7374,cached_adaptive_split,w,"$1,0,0,0,0,0,0,0,0#",16000,16000,Set tank.c app_speed/duty level to the logged pwm before sending the move key/protocol command; e=stop.,2.62109,6.98053,0,0,0,1.12985,0.06339,9.38813,2.54017,-0.20941,9.4621,2.5556,2.5402,0.16536,11,0.0634,0,0,48.12651,18.0424,0.2959,0.2954,1,False,running
027eea92b7,formation_7_adaptive_split,43,8.6,1784470600,adaptive_clusters,finish_first,r02,r02,True,lower,bypass,local,2,2,2.43883,-0.42816,-0.08522,0.3116,0.0,820,820,19,133,0,0,0000,---,False,0.31047,-0.02652,0.3116,0.0,2.89913,-0.46748,cached_adaptive_split,w,"$1,0,0,0,0,0,0,0,0#",16000,16000,Set tank.c app_speed/duty level to the logged pwm before sending the move key/protocol command; e=stop.,2.55878,6.81659,0,0,0,1.32885,0.11858,9.45565,2.54017,-0.20941,9.4621,2.5556,2.5402,0.16536,11,0.0634,0,0,48.12651,18.0424,0.2959,0.2954,1,False,running
027eea92b7,formation_7_adaptive_split,43,8.6,1784470600,adaptive_clusters,finish_first,r03,r03,True,lower,bypass,local,2,2,2.8749,-0.48787,-0.09585,0.3116,0.0,820,820,26,90,0,0,0000,---,False,0.31017,-0.02982,0.3116,0.0,3.33475,-0.53208,cached_adaptive_split,w,"$1,0,0,0,0,0,0,0,0#",16000,16000,Set tank.c app_speed/duty level to the logged pwm before sending the move key/protocol command; e=stop.,2.62104,6.9822,0,0,0,0.90226,0.06339,9.40131,2.54017,-0.20941,9.4621,2.5556,2.5402,0.16536,11,0.0634,0,0,48.12651,18.0424,0.2959,0.2954,1,False,running
027eea92b7,formation_7_adaptive_split,43,8.6,1784470600,adaptive_clusters,finish_first,r04,r04,True,lower,bypass,local,2,2,2.12059,-0.26094,-0.16971,0.2016,-0.03973,539,522,17,164,0,0,0000,---,False,0.14407,-0.02561,0.2016,-0.03973,2.5985,-0.33729,cached_adaptive_split; completion_unstuck,w,"$1,0,0,0,0,0,0,0,0#",11000,10000,Set tank.c app_speed/duty level to the logged pwm before sending the move key/protocol command; e=stop.,2.45242,6.56672,0,0,0,1.6434,0.11858,9.58927,2.54017,-0.20941,9.4621,2.5556,2.5402,0.16536,11,0.0634,0,0,48.12651,18.0424,0.2959,0.2954,1,False,running
027eea92b7,formation_7_adaptive_split,43,8.6,1784470600,adaptive_clusters,finish_first,r05,r05,True,lower,bypass,local,2,2,2.5597,-0.05445,-0.3891,0.3116,-1e-05,820,820,24,120,0,0,0010,---,False,0.28831,-0.11821,0.3116,-1e-05,2.98714,-0.2297,cached_adaptive_split,w,"$1,0,0,0,0,0,0,0,0#",16000,16000,Set tank.c app_speed/duty level to the logged pwm before sending the move key/protocol command; e=stop.,2.55369,6.81832,0,0,0,1.20428,0.15796,9.52374,2.54017,-0.20941,9.4621,2.5556,2.5402,0.16536,11,0.0634,0,0,48.12651,18.0424,0.2959,0.2954,1,False,running
027eea92b7,formation_7_adaptive_split,43,8.6,1784470600,adaptive_clusters,finish_first,r06,r06,True,lower,bypass,local,2,2,2.96313,-0.10767,-0.48716,0.3116,-1e-05,820,820,33,80,0,0,0001,---,False,0.27535,-0.14587,0.3116,-1e-05,3.37135,-0.32393,cached_adaptive_split,w,"$1,0,0,0,0,0,0,0,0#",16000,16000,Set tank.c app_speed/duty level to the logged pwm before sending the move key/protocol command; e=stop.,2.61441,6.98086,0,0,0,0.80085,0.16037,9.50156,2.54017,-0.20941,9.4621,2.5556,2.5402,0.16536,11,0.0634,0,0,48.12651,18.0424,0.2959,0.2954,1,False,running
027eea92b7,formation_7_adaptive_split,43,8.6,1784470600,adaptive_clusters,finish_first,r07,r07,True,lower,bypass,local,2,2,2.12879,0.58293,0.00459,0.3116,-0.0,820,820,-16,165,0,0,0000,---,False,0.3116,0.00143,0.3116,-0.0,2.59075,0.58505,cached_adaptive_split,w,"$1,0,0,0,0,0,0,0,0#",16000,16000,Set tank.c app_speed/duty level to the logged pwm before sending the move key/protocol command; e=stop.,2.62098,6.98129,0,0,0,1.65414,0.12674,9.38332,2.54017,-0.20941,9.4621,2.5556,2.5402,0.16536,11,0.0634,0,0,48.12651,18.0424,0.2959,0.2954,1,False,running
027eea92b7,formation_7_adaptive_split,44,8.8,1784470800,adaptive_clusters,finish_first,r01,r01,True,lower,bypass,local,2,2,2.75748,-0.71342,-0.06002,0.3116,0.0,820,820,30,107,0,0,0000,---,False,0.31104,-0.01869,0.3116,0.0,3.21862,-0.74113,cached_adaptive_split,w,"$1,0,0,0,0,0,0,0,0#",16000,16000,Set tank.c app_speed/duty level to the logged pwm before sending the move key/protocol command; e=stop.,2.68341,7.14578,0,0,0,1.07208,0.06156,9.32602,2.59783,-0.21905,9.4047,2.614,2.5978,0.16818,10,0.0616,0,0,49.24362,18.45683,0.296,0.2952,1,False,running
027eea92b7,formation_7_adaptive_split,44,8.8,1784470800,adaptive_clusters,finish_first,r02,r02,True,lower,bypass,local,2,2,2.50092,-0.43347,-0.08522,0.3116,0.0,820,820,19,127,0,0,0000,---,False,0.31047,-0.02652,0.3116,0.0,2.96122,-0.47279,cached_adaptive_split,w,"$1,0,0,0,0,0,0,0,0#",16000,16000,Set tank.c app_speed/duty level to the logged pwm before sending the move key/protocol command; e=stop.,2.6211,6.98184,0,0,0,1.26733,0.11858,9.39371,2.59783,-0.21905,9.4047,2.614,2.5978,0.16818,10,0.0616,0,0,49.24362,18.45683,0.296,0.2952,1,False,running
027eea92b7,formation_7_adaptive_split,44,8.8,1784470800,adaptive_clusters,finish_first,r03,r03,True,lower,bypass,local,2,2,2.93693,-0.49383,-0.09585,0.3116,0.0,820,820,27,84,0,0,0000,---,False,0.31017,-0.02982,0.3116,0.0,3.39679,-0.53804,cached_adaptive_split,w,"$1,0,0,0,0,0,0,0,0#",16000,16000,Set tank.c app_speed/duty level to the logged pwm before sending the move key/protocol command; e=stop.,2.68336,7.14744,0,0,0,0.84212,0.06156,9.3395,2.59783,-0.21905,9.4047,2.614,2.5978,0.16818,10,0.0616,0,0,49.24362,18.45683,0.296,0.2952,1,False,running
027eea92b7,formation_7_adaptive_split,44,8.8,1784470800,adaptive_clusters,finish_first,r04,r04,True,lower,bypass,local,2,2,2.18207,-0.27109,-0.16362,0.31158,0.03046,814,826,17,158,0,0,0000,---,False,0.30768,-0.04928,0.31158,0.03046,2.6448,-0.34491,cached_adaptive_split,w,"$1,0,0,0,0,0,0,0,0#",16000,17000,Set tank.c app_speed/duty level to the logged pwm before sending the move key/protocol command; e=stop.,2.51473,6.74146,0,0,0,1.58191,0.11858,9.52828,2.59783,-0.21905,9.4047,2.614,2.5978,0.16818,10,0.0616,0,0,49.24362,18.45683,0.296,0.2952,1,False,running
027eea92b7,formation_7_adaptive_split,44,8.8,1784470800,adaptive_clusters,finish_first,r05,r05,True,lower,bypass,local,2,2,2.61736,-0.07809,-0.3891,0.3116,-0.0,820,820,25,115,0,0,0001,---,False,0.28831,-0.11821,0.3116,-0.0,3.0448,-0.25335,cached_adaptive_split,w,"$1,0,0,0,0,0,0,0,0#",16000,16000,Set tank.c app_speed/duty level to the logged pwm before sending the move key/protocol command; e=stop.,2.61601,6.98356,0,0,0,1.14662,0.15192,9.46661,2.59783,-0.21905,9.4047,2.614,2.5978,0.16818,10,0.0616,0,0,49.24362,18.45683,0.296,0.2952,1,False,running
027eea92b7,formation_7_adaptive_split,44,8.8,1784470800,adaptive_clusters,finish_first,r06,r06,True,lower,bypass,local,2,2,2.99892,-0.12663,-0.48716,0.20254,-1e-05,533,533,34,77,0,0,0001,---,False,0.17898,-0.09481,0.20254,-1e-05,3.42642,-0.3531,cached_adaptive_split,w,"$1,0,0,0,0,0,0,0,0#",11000,11000,Set tank.c app_speed/duty level to the logged pwm before sending the move key/protocol command; e=stop.,2.65492,7.097,0,0,0,0.76506,0.15036,9.46629,2.59783,-0.21905,9.4047,2.614,2.5978,0.16818,10,0.0616,0,0,49.24362,18.45683,0.296,0.2952,1,False,running
027eea92b7,formation_7_adaptive_split,44,8.8,1784470800,adaptive_clusters,finish_first,r07,r07,True,lower,bypass,local,2,2,2.19111,0.58321,0.00459,0.3116,-0.0,820,820,-16,159,0,0,0000,---,False,0.3116,0.00143,0.3116,-0.0,2.65307,0.58534,cached_adaptive_split,w,"$1,0,0,0,0,0,0,0,0#",16000,16000,Set tank.c app_speed/duty level to the logged pwm before sending the move key/protocol command; e=stop.,2.6833,7.14654,0,0,0,1.59256,0.12674,9.32101,2.59783,-0.21905,9.4047,2.614,2.5978,0.16818,10,0.0616,0,0,49.24362,18.45683,0.296,0.2952,1,False,running
027eea92b7,formation_7_adaptive_split,45,9.0,1784471000,adaptive_clusters,finish_first,r01,r01,True,lower,bypass,local,2,2,2.81969,-0.71716,-0.06002,0.3116,0.0,820,820,31,101,0,0,0000,---,False,0.31104,-0.01869,0.3116,0.0,3.28083,-0.74487,adaptive_split_to_bypass_target,w,"$1,0,0,0,0,0,0,0,0#",16000,16000,Set tank.c app_speed/duty level to the logged pwm before sending the move key/protocol command; e=stop.,2.74573,7.31102,0,0,0,1.0148,0.05973,9.2639,2.65004,-0.22547,9.3527,2.6666,2.65,0.17125,10,0.0597,0,0,50.25502,18.82744,0.2647,0.2944,1,False,running
027eea92b7,formation_7_adaptive_split,45,9.0,1784471000,adaptive_clusters,finish_first,r02,r02,True,lower,bypass,local,2,2,2.56302,-0.43877,-0.08522,0.3116,0.0,820,820,20,121,0,0,0000,---,False,0.31047,-0.02652,0.3116,0.0,3.02331,-0.47809,adaptive_split_to_bypass_target,w,"$1,0,0,0,0,0,0,0,0#",16000,16000,Set tank.c app_speed/duty level to the logged pwm before sending the move key/protocol command; e=stop.,2.68342,7.14709,0,0,0,1.20589,0.11858,9.33178,2.65004,-0.22547,9.3527,2.6666,2.65,0.17125,10,0.0597,0,0,50.25502,18.82744,0.2647,0.2944,1,False,running
027eea92b7,formation_7_adaptive_split,45,9.0,1784471000,adaptive_clusters,finish_first,r03,r03,True,lower,bypass,local,2,2,2.99897,-0.49979,-0.09585,0.3116,0.0,820,820,28,78,0,0,0000,---,False,0.31017,-0.02982,0.3116,0.0,3.45882,-0.54401,adaptive_split_to_bypass_target,w,"$1,0,0,0,0,0,0,0,0#",16000,16000,Set tank.c app_speed/duty level to the logged pwm before sending the move key/protocol command; e=stop.,2.74568,7.31269,0,0,0,0.78228,0.05973,9.2777,2.65004,-0.22547,9.3527,2.6666,2.65,0.17125,10,0.0597,0,0,50.25502,18.82744,0.2647,0.2944,1,False,running
027eea92b7,formation_7_adaptive_split,45,9.0,1784471000,adaptive_clusters,finish_first,r04,r04,True,lower,bypass,local,2,2,2.24359,-0.28107,-0.16085,0.3116,0.01384,817,823,17,152,0,0,0000,---,False,0.30769,-0.04924,0.3116,0.01384,2.70173,-0.35425,adaptive_split_to_bypass_target,w,"$1,0,0,0,0,0,0,0,0#",16000,16000,Set tank.c app_speed/duty level to the logged pwm before sending the move key/protocol command; e=stop.,2.57705,6.90688,0,0,0,1.5204,0.11858,9.46726,2.65004,-0.22547,9.3527,2.6666,2.65,0.17125,10,0.0597,0,0,50.25502,18.82744,0.2647,0.2944,1,False,running
027eea92b7,formation_7_adaptive_split,45,9.0,1784471000,adaptive_clusters,finish_first,r05,r05,True,lower,bypass,local,2,2,2.65484,-0.09346,-0.3891,0.20254,-0.0,533,533,26,111,0,0,0001,---,False,0.1874,-0.07683,0.20254,-0.0,3.10246,-0.27699,adaptive_split_to_bypass_target,w,"$1,0,0,0,0,0,0,0,0#",11000,11000,Set tank.c app_speed/duty level to the logged pwm before sending the move key/protocol command; e=stop.,2.65652,7.0997,0,0,0,1.10914,0.13527,9.42951,2.65004,-0.22547,9.3527,2.6666,2.65,0.17125,10,0.0597,0,0,50.25502,18.82744,0.2647,0.2944,1,False,running
027eea92b7,formation_7_adaptive_split,45,9.0,1784471000,adaptive_clusters,finish_first,r06,r06,True,lower,bypass,local,2,2,3.01677,-0.13152,-0.26717,0.09254,1.09999,12,475,22,75,0,0,0001,---,False,0.01089,0.20902,0.09254,1.09999,3.468,-0.37513,adaptive_split_to_bypass_target,a,"$3,0,0,0,0,0,0,0,0#",4000,10000,Set tank.c app_speed/duty level to the logged pwm before sending the move key/protocol command; e=stop.,2.67342,7.16587,0,0,0,0.74721,0.14189,9.44859,2.65004,-0.22547,9.3527,2.6666,2.65,0.17125,10,0.0597,0,0,50.25502,18.82744,0.2647,0.2944,1,False,running
027eea92b7,formation_7_adaptive_split,45,9.0,1784471000,adaptive_clusters,finish_first,r07,r07,True,lower,bypass,local,2,2,2.25343,0.5835,0.00459,0.3116,-0.0,820,820,-17,153,0,0,0000,---,False,0.3116,0.00143,0.3116,-0.0,2.71539,0.58562,adaptive_split_to_bypass_target,w,"$1,0,0,0,0,0,0,0,0#",16000,16000,Set tank.c app_speed/duty level to the logged pwm before sending the move key/protocol command; e=stop.,2.74562,7.31178,0,0,0,1.53103,0.12674,9.2587,2.65004,-0.22547,9.3527,2.6666,2.65,0.17125,10,0.0597,0,0,50.25502,18.82744,0.2647,0.2944,1,False,running
027eea92b7,formation_7_adaptive_split,46,9.2,1784471200,adaptive_clusters,finish_first,r01,r01,True,lower,bypass,local,2,2,2.88189,-0.7209,-0.06002,0.3116,0.0,820,820,32,96,0,0,0000,---,False,0.31104,-0.01869,0.3116,0.0,3.34303,-0.74861,cached_adaptive_split,w,"$1,0,0,0,0,0,0,0,0#",16000,16000,Set tank.c app_speed/duty level to the logged pwm before sending the move key/protocol command; e=stop.,2.80805,7.47627,0,0,0,0.95809,0.0579,9.20179,2.70515,-0.23267,9.2978,2.7222,2.7051,0.17519,10,0.0579,0,0,51.31293,19.21904,0.2797,0.294,1,False,running
027eea92b7,formation_7_adaptive_split,46,9.2,1784471200,adaptive_clusters,finish_first,r02,r02,True,lower,bypass,local,2,2,2.62511,-0.44407,-0.08522,0.3116,0.0,820,820,21,114,0,0,0000,---,False,0.31047,-0.02652,0.3116,0.0,3.08541,-0.4834,cached_adaptive_split,w,"$1,0,0,0,0,0,0,0,0#",16000,16000,Set tank.c app_speed/duty level to the logged pwm before sending the move key/protocol command; e=stop.,2.74574,7.31233,0,0,0,1.14453,0.11858,9.26985,2.70515,-0.23267,9.2978,2.7222,2.7051,0.17519,10,0.0579,0,0,51.31293,19.21904,0.2797,0.294,1,False,running
027eea92b7,formation_7_adaptive_split,46,9.2,1784471200,adaptive_clusters,finish_first,r03,r03,True,lower,bypass,local,2,2,3.061,-0.50576,-0.09585,0.3116,0.0,820,820,29,72,0,0,0000,---,False,0.31017,-0.02982,0.3116,0.0,3.52085,-0.54997,cached_adaptive_split,w,"$1,0,0,0,0,0,0,0,0#",16000,16000,Set tank.c app_speed/duty level to the logged pwm before sending the move key/protocol command; e=stop.,2.808,7.47794,0,0,0,0.72281,0.0579,9.2159,2.70515,-0.23267,9.2978,2.7222,2.7051,0.17519,10,0.0579,0,0,51.31293,19.21904,0.2797,0.294,1,False,running
027eea92b7,formation_7_adaptive_split,46,9.2,1784471200,adaptive_clusters,finish_first,r04,r04,True,lower,bypass,local,2,2,2.30511,-0.29098,-0.15964,0.3116,0.00607,819,821,18,146,0,0,0000,---,False,0.30769,-0.04924,0.3116,0.00607,2.76188,-0.36402,cached_adaptive_split,w,"$1,0,0,0,0,0,0,0,0#",16000,16000,Set tank.c app_speed/duty level to the logged pwm before sending the move key/protocol command; e=stop.,2.63937,7.0722,0,0,0,1.45887,0.11858,9.40624,2.70515,-0.23267,9.2978,2.7222,2.7051,0.17519,10,0.0579,0,0,51.31293,19.21904,0.2797,0.294,1,False,running
027eea92b7,formation_7_adaptive_split,46,9.2,1784471200,adaptive_clusters,finish_first,r05,r05,True,lower,bypass,local,2,2,2.69232,-0.10883,-0.3891,0.20254,-0.0,533,533,26,107,0,0,0001,---,False,0.1874,-0.07683,0.20254,-0.0,3.146,-0.29484,cached_adaptive_split,w,"$1,0,0,0,0,0,0,0,0#",11000,11000,Set tank.c app_speed/duty level to the logged pwm before sending the move key/protocol command; e=stop.,2.69703,7.20711,0,0,0,1.07166,0.11988,9.39243,2.70515,-0.23267,9.2978,2.7222,2.7051,0.17519,10,0.0579,0,0,51.31293,19.21904,0.2797,0.294,1,False,running
027eea92b7,formation_7_adaptive_split,46,9.2,1784471200,adaptive_clusters,finish_first,r06,r06,True,lower,bypass,local,2,2,3.05486,-0.14194,-0.26717,0.19743,-1e-05,520,520,22,71,0,0,0001,---,False,0.17849,-0.09573,0.19743,-1e-05,3.49224,-0.38653,cached_adaptive_split,w,"$1,0,0,0,0,0,0,0,0#",10000,10000,Set tank.c app_speed/duty level to the logged pwm before sending the move key/protocol command; e=stop.,2.71291,7.29005,0,0,0,0.70912,0.14183,9.41082,2.70515,-0.23267,9.2978,2.7222,2.7051,0.17519,10,0.0579,0,0,51.31293,19.21904,0.2797,0.294,1,False,running
027eea92b7,formation_7_adaptive_split,46,9.2,1784471200,adaptive_clusters,finish_first,r07,r07,True,lower,bypass,local,2,2,2.31575,0.58379,0.00459,0.3116,-0.0,820,820,-17,147,0,0,0000,---,False,0.3116,0.00143,0.3116,-0.0,2.77771,0.58591,cached_adaptive_split,w,"$1,0,0,0,0,0,0,0,0#",16000,16000,Set tank.c app_speed/duty level to the logged pwm before sending the move key/protocol command; e=stop.,2.80794,7.47703,0,0,0,1.46957,0.12674,9.19639,2.70515,-0.23267,9.2978,2.7222,2.7051,0.17519,10,0.0579,0,0,51.31293,19.21904,0.2797,0.294,1,False,running
027eea92b7,formation_7_adaptive_split,47,9.4,1784471400,adaptive_clusters,finish_first,r01,r01,True,lower,bypass,local,2,2,2.9441,-0.72464,-0.06002,0.3116,0.0,820,820,33,90,0,0,0000,---,False,0.31104,-0.01869,0.3116,0.0,3.40524,-0.75235,cached_adaptive_split,w,"$1,0,0,0,0,0,0,0,0#",16000,16000,Set tank.c app_speed/duty level to the logged pwm before sending the move key/protocol command; e=stop.,2.87037,7.64152,0,0,0,0.90204,0.05608,9.13968,2.76,-0.24057,9.2431,2.7776,2.76,0.18019,10,0.0561,0,0,52.35763,19.61053,0.2796,0.2936,1,False,running
027eea92b7,formation_7_adaptive_split,47,9.4,1784471400,adaptive_clusters,finish_first,r02,r02,True,lower,bypass,local,2,2,2.68721,-0.44938,-0.08522,0.3116,0.0,820,820,21,108,0,0,0000,---,False,0.31047,-0.02652,0.3116,0.0,3.1475,-0.4887,cached_adaptive_split,w,"$1,0,0,0,0,0,0,0,0#",16000,16000,Set tank.c app_speed/duty level to the logged pwm before sending the move key/protocol command; e=stop.,2.80806,7.47758,0,0,0,1.08327,0.10593,9.20793,2.76,-0.24057,9.2431,2.7776,2.76,0.18019,10,0.0561,0,0,52.35763,19.61053,0.2796,0.2936,1,False,running
027eea92b7,formation_7_adaptive_split,47,9.4,1784471400,adaptive_clusters,finish_first,r03,r03,True,lower,bypass,local,2,2,3.12304,-0.51172,-0.09585,0.3116,0.0,820,820,31,66,0,0,0000,---,False,0.31017,-0.02982,0.3116,0.0,3.58289,-0.55594,cached_adaptive_split,w,"$1,0,0,0,0,0,0,0,0#",16000,16000,Set tank.c app_speed/duty level to the logged pwm before sending the move key/protocol command; e=stop.,2.87032,7.64318,0,0,0,0.66378,0.05608,9.15412,2.76,-0.24057,9.2431,2.7776,2.76,0.18019,10,0.0561,0,0,52.35763,19.61053,0.2796,0.2936,1,False,running
027eea92b7,formation_7_adaptive_split,47,9.4,1784471400,adaptive_clusters,finish_first,r04,r04,True,lower,bypass,local,2,2,2.36665,-0.30085,-0.15912,0.3116,0.0026,819,821,18,140,0,0,0000,---,False,0.30768,-0.04925,0.3116,0.0026,2.82299,-0.37387,cached_adaptive_split,w,"$1,0,0,0,0,0,0,0,0#",16000,16000,Set tank.c app_speed/duty level to the logged pwm before sending the move key/protocol command; e=stop.,2.70169,7.23748,0,0,0,1.39734,0.11858,9.34524,2.76,-0.24057,9.2431,2.7776,2.76,0.18019,10,0.0561,0,0,52.35763,19.61053,0.2796,0.2936,1,False,running
027eea92b7,formation_7_adaptive_split,47,9.4,1784471400,adaptive_clusters,finish_first,r05,r05,True,lower,bypass,local,2,2,2.7298,-0.1242,-0.3891,0.20254,-0.0,533,533,27,103,0,0,0001,---,False,0.1874,-0.07683,0.20254,-0.0,3.18529,-0.31095,cached_adaptive_split,w,"$1,0,0,0,0,0,0,0,0#",11000,11000,Set tank.c app_speed/duty level to the logged pwm before sending the move key/protocol command; e=stop.,2.73754,7.31452,0,0,0,1.03418,0.10593,9.35539,2.76,-0.24057,9.2431,2.7776,2.76,0.18019,10,0.0561,0,0,52.35763,19.61053,0.2796,0.2936,1,False,running
027eea92b7,formation_7_adaptive_split,47,9.4,1784471400,adaptive_clusters,finish_first,r06,r06,True,lower,bypass,local,2,2,3.09115,-0.15725,-0.39923,0.19693,-0.66031,657,379,31,67,0,0,0000,---,False,0.17745,-0.09763,0.19693,-0.66031,3.5245,-0.40034,cached_adaptive_split,d,"$4,0,0,0,0,0,0,0,0#",13000,8000,Set tank.c app_speed/duty level to the logged pwm before sending the move key/protocol command; e=stop.,2.7523,7.40108,0,0,0,0.67283,0.13386,9.37503,2.76,-0.24057,9.2431,2.7776,2.76,0.18019,10,0.0561,0,0,52.35763,19.61053,0.2796,0.2936,1,False,running
027eea92b7,formation_7_adaptive_split,47,9.4,1784471400,adaptive_clusters,finish_first,r07,r07,True,lower,bypass,local,2,2,2.37806,0.58407,0.00459,0.3116,-0.0,820,820,-18,141,0,0,0000,---,False,0.3116,0.00143,0.3116,-0.0,2.84003,0.58619,cached_adaptive_split,w,"$1,0,0,0,0,0,0,0,0#",16000,16000,Set tank.c app_speed/duty level to the logged pwm before sending the move key/protocol command; e=stop.,2.87026,7.64228,0,0,0,1.40817,0.12674,9.13407,2.76,-0.24057,9.2431,2.7776,2.76,0.18019,10,0.0561,0,0,52.35763,19.61053,0.2796,0.2936,1,False,running
027eea92b7,formation_7_adaptive_split,48,9.6,1784471600,adaptive_clusters,finish_first,r01,r01,True,lower,bypass,local,2,2,3.00631,-0.72838,-0.06002,0.3116,0.0,820,820,35,85,0,0,0000,---,False,0.31104,-0.01869,0.3116,0.0,3.46745,-0.75609,cached_adaptive_split,w,"$1,0,0,0,0,0,0,0,0#",16000,16000,Set tank.c app_speed/duty level to the logged pwm before sending the move key/protocol command; e=stop.,2.93269,7.80676,0,1,0,0.84676,0.05427,9.07758,2.81482,-0.24883,9.1885,2.8331,2.8148,0.18603,10,0.0543,0,0,53.40205,20.00292,0.2803,0.2932,1,False,running
027eea92b7,formation_7_adaptive_split,48,9.6,1784471600,adaptive_clusters,finish_first,r02,r02,True,lower,bypass,local,2,2,2.7493,-0.45468,-0.08522,0.3116,0.0,820,820,22,102,0,0,0000,---,False,0.31047,-0.02652,0.3116,0.0,3.20959,-0.49401,cached_adaptive_split,w,"$1,0,0,0,0,0,0,0,0#",16000,16000,Set tank.c app_speed/duty level to the logged pwm before sending the move key/protocol command; e=stop.,2.87038,7.64282,0,0,0,1.02213,0.0936,9.14602,2.81482,-0.24883,9.1885,2.8331,2.8148,0.18603,10,0.0543,0,0,53.40205,20.00292,0.2803,0.2932,1,False,running
027eea92b7,formation_7_adaptive_split,48,9.6,1784471600,adaptive_clusters,finish_first,r03,r03,True,lower,bypass,local,2,2,3.18507,-0.51769,-0.09585,0.3116,0.0,820,820,33,61,0,0,0000,---,False,0.31017,-0.02982,0.3116,0.0,3.64492,-0.5619,cached_adaptive_split,w,"$1,0,0,0,0,0,0,0,0#",16000,16000,Set tank.c app_speed/duty level to the logged pwm before sending the move key/protocol command; e=stop.,2.93264,7.80843,0,1,0,0.60531,0.05427,9.09234,2.81482,-0.24883,9.1885,2.8331,2.8148,0.18603,10,0.0543,0,0,53.40205,20.00292,0.2803,0.2932,1,False,running
027eea92b7,formation_7_adaptive_split,48,9.6,1784471600,adaptive_clusters,finish_first,r04,r04,True,lower,bypass,local,2,2,2.42818,-0.31072,-0.1589,0.3116,0.00109,820,820,19,134,0,0,0000,---,False,0.30768,-0.04925,0.3116,0.00109,2.8844,-0.38373,cached_adaptive_split,w,"$1,0,0,0,0,0,0,0,0#",16000,16000,Set tank.c app_speed/duty level to the logged pwm before sending the move key/protocol command; e=stop.,2.76401,7.40274,0,0,0,1.3358,0.11858,9.28425,2.81482,-0.24883,9.1885,2.8331,2.8148,0.18603,10,0.0543,0,0,53.40205,20.00292,0.2803,0.2932,1,False,running
027eea92b7,formation_7_adaptive_split,48,9.6,1784471600,adaptive_clusters,finish_first,r05,r05,True,lower,bypass,local,2,2,2.76728,-0.13956,-0.3891,0.20254,-0.0,533,533,28,100,0,0,0001,---,False,0.1874,-0.07683,0.20254,-0.0,3.22332,-0.32654,cached_adaptive_split,w,"$1,0,0,0,0,0,0,0,0#",11000,11000,Set tank.c app_speed/duty level to the logged pwm before sending the move key/protocol command; e=stop.,2.77805,7.42193,0,0,0,0.9967,0.0936,9.31837,2.81482,-0.24883,9.1885,2.8331,2.8148,0.18603,10,0.0543,0,0,53.40205,20.00292,0.2803,0.2932,1,False,running
027eea92b7,formation_7_adaptive_split,48,9.6,1784471600,adaptive_clusters,finish_first,r06,r06,True,lower,bypass,local,2,2,3.12725,-0.17511,-0.45927,0.20138,-0.30021,593,467,36,64,0,0,0000,---,False,0.17712,-0.09825,0.20138,-0.30021,3.55878,-0.41665,cached_adaptive_split,d,"$4,0,0,0,0,0,0,0,0#",12000,9000,Set tank.c app_speed/duty level to the logged pwm before sending the move key/protocol command; e=stop.,2.79257,7.51184,0,0,0,0.63673,0.12539,9.33953,2.81482,-0.24883,9.1885,2.8331,2.8148,0.18603,10,0.0543,0,0,53.40205,20.00292,0.2803,0.2932,1,False,running
027eea92b7,formation_7_adaptive_split,48,9.6,1784471600,adaptive_clusters,finish_first,r07,r07,True,lower,bypass,local,2,2,2.44038,0.58436,0.00459,0.3116,-0.0,820,820,-19,135,0,0,0000,---,False,0.3116,0.00143,0.3116,-0.0,2.90235,0.58648,cached_adaptive_split,w,"$1,0,0,0,0,0,0,0,0#",16000,16000,Set tank.c app_speed/duty level to the logged pwm before sending the move key/protocol command; e=stop.,2.93258,7.80752,0,0,0,1.34685,0.12674,9.07176,2.81482,-0.24883,9.1885,2.8331,2.8148,0.18603,10,0.0543,0,0,53.40205,20.00292,0.2803,0.2932,1,False,running
027eea92b7,formation_7_adaptive_split,49,9.8,1784471800,adaptive_clusters,finish_first,r01,r01,True,lower,bypass,local,2,2,3.06852,-0.73211,-0.06002,0.3116,0.0,820,820,36,79,0,0,0000,---,False,0.31104,-0.01869,0.3116,0.0,3.52966,-0.75983,adaptive_split_to_bypass_target,w,"$1,0,0,0,0,0,0,0,0#",16000,16000,Set tank.c app_speed/duty level to the logged pwm before sending the move key/protocol command; e=stop.,2.99501,7.97201,0,2,0,0.7924,0.05246,9.01547,2.86653,-0.25674,9.1371,2.8854,2.8665,0.19223,10,0.0525,0,0,54.39562,20.37367,0.2648,0.2925,1,False,running
027eea92b7,formation_7_adaptive_split,49,9.8,1784471800,adaptive_clusters,finish_first,r02,r02,True,lower,bypass,local,2,2,2.81139,-0.45999,-0.08522,0.3116,0.0,820,820,23,96,0,0,0000,---,False,0.31047,-0.02652,0.3116,0.0,3.27169,-0.49931,adaptive_split_to_bypass_target,w,"$1,0,0,0,0,0,0,0,0#",16000,16000,Set tank.c app_speed/duty level to the logged pwm before sending the move key/protocol command; e=stop.,2.9327,7.80807,0,0,0,0.96112,0.0831,9.08411,2.86653,-0.25674,9.1371,2.8854,2.8665,0.19223,10,0.0525,0,0,54.39562,20.37367,0.2648,0.2925,1,False,running
027eea92b7,formation_7_adaptive_split,49,9.8,1784471800,adaptive_clusters,finish_first,r03,r03,True,lower,bypass,local,2,2,3.2471,-0.52365,-0.09585,0.3116,0.0,820,820,34,55,0,0,0000,---,False,0.31017,-0.02982,0.3116,0.0,3.70695,-0.56787,adaptive_split_to_bypass_target,w,"$1,0,0,0,0,0,0,0,0#",16000,16000,Set tank.c app_speed/duty level to the logged pwm before sending the move key/protocol command; e=stop.,2.99496,7.97367,0,2,0,0.54755,0.05246,9.03056,2.86653,-0.25674,9.1371,2.8854,2.8665,0.19223,10,0.0525,0,0,54.39562,20.37367,0.2648,0.2925,1,False,running
027eea92b7,formation_7_adaptive_split,49,9.8,1784471800,adaptive_clusters,finish_first,r04,r04,True,lower,bypass,local,2,2,2.46818,-0.31712,-0.15881,0.20254,0.00045,533,533,19,130,0,0,0000,---,False,0.19999,-0.03202,0.20254,0.00045,2.9459,-0.39359,adaptive_split_to_bypass_target,w,"$1,0,0,0,0,0,0,0,0#",11000,11000,Set tank.c app_speed/duty level to the logged pwm before sending the move key/protocol command; e=stop.,2.80452,7.51889,0,0,0,1.2958,0.11858,9.24461,2.86653,-0.25674,9.1371,2.8854,2.8665,0.19223,10,0.0525,0,0,54.39562,20.37367,0.2648,0.2925,1,False,running
027eea92b7,formation_7_adaptive_split,49,9.8,1784471800,adaptive_clusters,finish_first,r05,r05,True,lower,bypass,local,2,2,2.80476,-0.15493,-0.3891,0.20254,-0.0,533,533,29,96,0,0,0000,---,False,0.1874,-0.07683,0.20254,-0.0,3.26096,-0.34197,adaptive_split_to_bypass_target,w,"$1,0,0,0,0,0,0,0,0#",11000,11000,Set tank.c app_speed/duty level to the logged pwm before sending the move key/protocol command; e=stop.,2.81855,7.52934,0,0,0,0.95922,0.0831,9.28139,2.86653,-0.25674,9.1371,2.8854,2.8665,0.19223,10,0.0525,0,0,54.39562,20.37367,0.2648,0.2925,1,False,running
027eea92b7,formation_7_adaptive_split,49,9.8,1784471800,adaptive_clusters,finish_first,r06,r06,True,lower,bypass,local,2,2,3.16302,-0.19402,-0.48638,0.2023,-0.13554,561,504,38,60,0,0,0000,---,False,0.17699,-0.09846,0.2023,-0.13554,3.59395,-0.43474,adaptive_split_to_bypass_target,w,"$1,0,0,0,0,0,0,0,0#",11000,10000,Set tank.c app_speed/duty level to the logged pwm before sending the move key/protocol command; e=stop.,2.83303,7.62087,0,0,0,0.60096,0.11815,9.30444,2.86653,-0.25674,9.1371,2.8854,2.8665,0.19223,10,0.0525,0,0,54.39562,20.37367,0.2648,0.2925,1,False,running
027eea92b7,formation_7_adaptive_split,49,9.8,1784471800,adaptive_clusters,finish_first,r07,r07,True,lower,bypass,local,2,2,2.5027,0.58464,0.00459,0.3116,-0.0,820,820,-19,129,0,0,0000,---,False,0.3116,0.00143,0.3116,-0.0,2.96467,0.58677,adaptive_split_to_bypass_target,w,"$1,0,0,0,0,0,0,0,0#",16000,16000,Set tank.c app_speed/duty level to the logged pwm before sending the move key/protocol command; e=stop.,2.9949,7.97277,0,0,0,1.28563,0.12674,9.00945,2.86653,-0.25674,9.1371,2.8854,2.8665,0.19223,10,0.0525,0,0,54.39562,20.37367,0.2648,0.2925,1,False,running
027eea92b7,formation_7_adaptive_split,50,10.0,1784472000,adaptive_clusters,finish_first,r01,r01,True,lower,bypass,local,2,2,3.11499,-0.74548,-0.28002,0.24178,-1.1,868,405,51,76,0,0,0000,---,False,0.2246,-0.29311,0.24178,-1.1,3.59187,-0.76356,cached_adaptive_split,d,"$4,0,0,0,0,0,0,0,0#",17000,8000,Set tank.c app_speed/duty level to the logged pwm before sending the move key/protocol command; e=stop.,3.04337,8.11686,0,2,0,0.75755,0.05246,8.96934,2.91595,-0.2661,9.0879,2.9357,2.9159,0.19819,10,0.0525,0,0,55.35921,20.7305,0.2549,0.2916,1,False,running
027eea92b7,formation_7_adaptive_split,50,10.0,1784472000,adaptive_clusters,finish_first,r02,r02,True,lower,bypass,local,2,2,2.87349,-0.46529,-0.08522,0.3116,0.0,820,820,24,90,0,0,0000,---,False,0.31047,-0.02652,0.3116,0.0,3.33378,-0.50462,cached_adaptive_split,w,"$1,0,0,0,0,0,0,0,0#",16000,16000,Set tank.c app_speed/duty level to the logged pwm before sending the move key/protocol command; e=stop.,2.99502,7.97332,0,0,0,0.90027,0.07461,9.0222,2.91595,-0.2661,9.0879,2.9357,2.9159,0.19819,10,0.0525,0,0,55.35921,20.7305,0.2549,0.2916,1,False,running
027eea92b7,formation_7_adaptive_split,50,10.0,1784472000,adaptive_clusters,finish_first,r03,r03,True,lower,bypass,local,3,2,3.30914,-0.52962,-0.09585,0.3116,0.0,820,820,36,49,0,0,0000,---,False,0.31017,-0.02982,0.3116,0.0,3.76899,-0.57383,cached_adaptive_split,w,"$1,0,0,0,0,0,0,0,0#",16000,16000,Set tank.c app_speed/duty level to the logged pwm before sending the move key/protocol command; e=stop.,3.05728,8.13892,0,2,0,0.4907,0.05246,8.9688,2.91595,-0.2661,9.0879,2.9357,2.9159,0.19819,10,0.0525,0,0,55.35921,20.7305,0.2549,0.2916,1,False,running
027eea92b7,formation_7_adaptive_split,50,10.0,1784472000,adaptive_clusters,finish_first,r04,r04,True,lower,bypass,local,2,2,2.50818,-0.32353,-0.15877,0.20254,0.00018,533,533,20,126,0,0,0000,---,False,0.19999,-0.03202,0.20254,0.00018,2.99234,-0.40104,cached_adaptive_split,w,"$1,0,0,0,0,0,0,0,0#",11000,11000,Set tank.c app_speed/duty level to the logged pwm before sending the move key/protocol command; e=stop.,2.84503,7.6263,0,0,0,1.2558,0.11858,9.20498,2.91595,-0.2661,9.0879,2.9357,2.9159,0.19819,10,0.0525,0,0,55.35921,20.7305,0.2549,0.2916,1,False,running
027eea92b7,formation_7_adaptive_split,50,10.0,1784472000,adaptive_clusters,finish_first,r05,r05,True,lower,bypass,local,2,2,2.84224,-0.1703,-0.3891,0.20254,-0.0,533,533,29,92,0,0,0000,---,False,0.1874,-0.07683,0.20254,-0.0,3.29849,-0.35736,cached_adaptive_split,w,"$1,0,0,0,0,0,0,0,0#",11000,11000,Set tank.c app_speed/duty level to the logged pwm before sending the move key/protocol command; e=stop.,2.85906,7.63675,0,0,0,0.92174,0.07461,9.24443,2.91595,-0.2661,9.0879,2.9357,2.9159,0.19819,10,0.0525,0,0,55.35921,20.7305,0.2549,0.2916,1,False,running
027eea92b7,formation_7_adaptive_split,50,10.0,1784472000,adaptive_clusters,finish_first,r06,r06,True,lower,bypass,local,2,2,3.19859,-0.21339,-0.49856,0.20249,-0.06093,546,520,41,57,0,0,0000,---,False,0.17695,-0.09855,0.20249,-0.06093,3.62936,-0.45373,cached_adaptive_split,w,"$1,0,0,0,0,0,0,0,0#",11000,10000,Set tank.c app_speed/duty level to the logged pwm before sending the move key/protocol command; e=stop.,2.87353,7.72904,0,0,0,0.56539,0.11296,9.26962,2.91595,-0.2661,9.0879,2.9357,2.9159,0.19819,10,0.0525,0,0,55.35921,20.7305,0.2549,0.2916,1,False,running
027eea92b7,formation_7_adaptive_split,50,10.0,1784472000,adaptive_clusters,finish_first,r07,r07,True,lower,bypass,local,2,2,2.56502,0.58493,0.00459,0.3116,-0.0,820,820,-20,122,0,0,0000,---,False,0.3116,0.00143,0.3116,-0.0,3.02699,0.58705,cached_adaptive_split,w,"$1,0,0,0,0,0,0,0,0#",16000,16000,Set tank.c app_speed/duty level to the logged pwm before sending the move key/protocol command; e=stop.,3.05722,8.13801,0,0,0,1.2245,0.12674,8.94714,2.91595,-0.2661,9.0879,2.9357,2.9159,0.19819,10,0.0525,0,0,55.35921,20.7305,0.2549,0.2916,1,False,running
027eea92b7,formation_7_adaptive_split,51,10.2,1784472200,adaptive_clusters,finish_first,r01,r01,True,lower,bypass,local,2,3,3.16425,-0.78094,-0.62397,0.30349,-1.71976,1000,437,73,73,0,0,0000,---,False,0.23252,-0.28956,0.30349,-1.71976,3.64312,-0.77307,adaptive_split_to_bypass_target,d,"$4,0,0,0,0,0,0,0,0#",20000,9000,Set tank.c app_speed/duty level to the logged pwm before sending the move key/protocol command; e=stop.,3.10407,8.27291,0,2,0,0.7334,0.05246,8.92108,2.96265,-0.27772,9.0416,2.9838,2.9626,0.20586,11,0.0525,0,0,56.29546,21.07767,0.248,0.2905,1,False,running
027eea92b7,formation_7_adaptive_split,51,10.2,1784472200,adaptive_clusters,finish_first,r02,r02,True,lower,bypass,local,2,3,2.93552,-0.47116,-0.09435,0.31156,-0.04563,829,810,26,84,0,0,0000,---,False,0.31,-0.03158,0.31156,-0.04563,3.39505,-0.51843,adaptive_split_to_bypass_target,w,"$1,0,0,0,0,0,0,0,0#",17000,16000,Set tank.c app_speed/duty level to the logged pwm before sending the move key/protocol command; e=stop.,3.05733,8.13892,0,0,0,0.83976,0.06887,8.96038,2.96265,-0.27772,9.0416,2.9838,2.9626,0.20586,11,0.0525,0,0,56.29546,21.07767,0.248,0.2905,1,False,running
027eea92b7,formation_7_adaptive_split,51,10.2,1784472200,adaptive_clusters,finish_first,r03,r03,True,lower,bypass,local,3,3,3.37114,-0.53585,-0.10016,0.31159,-0.02152,825,815,39,44,0,0,0000,---,False,0.30993,-0.0322,0.31159,-0.02152,3.83062,-0.5838,adaptive_split_to_bypass_target,w,"$1,0,0,0,0,0,0,0,0#",16000,16000,Set tank.c app_speed/duty level to the logged pwm before sending the move key/protocol command; e=stop.,3.1196,8.30438,0,2,0,0.43518,0.05246,8.90708,2.96265,-0.27772,9.0416,2.9838,2.9626,0.20586,11,0.0525,0,0,56.29546,21.07767,0.248,0.2905,1,False,running
027eea92b7,formation_7_adaptive_split,51,10.2,1784472200,adaptive_clusters,finish_first,r04,r04,True,lower,bypass,local,2,3,2.54818,-0.32993,-0.15876,0.20254,7e-05,533,533,20,122,0,0,0000,---,False,0.19999,-0.03202,0.20254,7e-05,3.03428,-0.40775,adaptive_split_to_bypass_target,w,"$1,0,0,0,0,0,0,0,0#",11000,11000,Set tank.c app_speed/duty level to the logged pwm before sending the move key/protocol command; e=stop.,2.88554,7.73371,0,0,0,1.21582,0.11858,9.16536,2.96265,-0.27772,9.0416,2.9838,2.9626,0.20586,11,0.0525,0,0,56.29546,21.07767,0.248,0.2905,1,False,running
027eea92b7,formation_7_adaptive_split,51,10.2,1784472200,adaptive_clusters,finish_first,r05,r05,True,lower,bypass,local,2,3,2.87972,-0.18566,-0.3891,0.20254,-0.0,533,533,30,88,0,0,0000,---,False,0.1874,-0.07683,0.20254,-0.0,3.33598,-0.37273,adaptive_split_to_bypass_target,w,"$1,0,0,0,0,0,0,0,0#",11000,11000,Set tank.c app_speed/duty level to the logged pwm before sending the move key/protocol command; e=stop.,2.89957,7.74416,0,0,0,0.88426,0.06887,9.20751,2.96265,-0.27772,9.0416,2.9838,2.9626,0.20586,11,0.0525,0,0,56.29546,21.07767,0.248,0.2905,1,False,running
027eea92b7,formation_7_adaptive_split,51,10.2,1784472200,adaptive_clusters,finish_first,r06,r06,True,lower,bypass,local,2,3,3.21236,-0.22573,-0.73075,0.09249,-1.16093,488,-1,55,55,0,0,0000,---,False,-0.14116,0.26132,0.09249,-1.16093,3.66479,-0.47314,adaptive_split_to_bypass_target,d,"$0,2,0,0,0,0,0,0,0#",10000,-4000,Set tank.c app_speed/duty level to the logged pwm before sending the move key/protocol command; e=stop.,2.89203,7.79811,0,0,0,0.55162,0.11296,9.25633,2.96265,-0.27772,9.0416,2.9838,2.9626,0.20586,11,0.0525,0,0,56.29546,21.07767,0.248,0.2905,1,False,running
027eea92b7,formation_7_adaptive_split,51,10.2,1784472200,adaptive_clusters,finish_first,r07,r07,True,lower,bypass,local,2,3,2.62734,0.58522,0.00459,0.3116,-0.0,820,820,-21,116,0,0,0000,---,False,0.3116,0.00143,0.3116,-0.0,3.08931,0.58734,adaptive_split_to_bypass_target,w,"$1,0,0,0,0,0,0,0,0#",16000,16000,Set tank.c app_speed/duty level to the logged pwm before sending the move key/protocol command; e=stop.,3.11954,8.30326,0,0,0,1.16349,0.12674,8.88483,2.96265,-0.27772,9.0416,2.9838,2.9626,0.20586,11,0.0525,0,0,56.29546,21.07767,0.248,0.2905,1,False,running
027eea92b7,formation_7_adaptive_split,52,10.4,1784472400,adaptive_clusters,finish_first,r01,r01,True,lower,bypass,local,2,3,3.21729,-0.83075,-0.75398,0.36378,-0.65004,1000,820,83,72,0,0,0000,---,False,0.24498,-0.28234,0.36378,-0.65004,3.69314,-0.79771,cached_adaptive_split,d,"$4,0,0,0,0,0,0,0,0#",20000,16000,Set tank.c app_speed/duty level to the logged pwm before sending the move key/protocol command; e=stop.,3.17682,8.47189,0,2,0,0.71866,0.05246,8.86969,3.01217,-0.29364,8.9926,3.0358,3.0122,0.21583,11,0.0525,0,0,57.33239,21.45889,0.2723,0.2896,1,False,running
027eea92b7,formation_7_adaptive_split,52,10.4,1784472400,adaptive_clusters,finish_first,r02,r02,True,lower,bypass,local,2,3,2.99752,-0.47745,-0.10099,0.31158,-0.03322,827,813,27,78,0,0,0000,---,False,0.30984,-0.03303,0.31158,-0.03322,3.45685,-0.52674,cached_adaptive_split,w,"$1,0,0,0,0,0,0,0,0#",17000,16000,Set tank.c app_speed/duty level to the logged pwm before sending the move key/protocol command; e=stop.,3.11965,8.3043,0,0,0,0.77961,0.06581,8.89862,3.01217,-0.29364,8.9926,3.0358,3.0122,0.21583,11,0.0525,0,0,57.33239,21.45889,0.2723,0.2896,1,False,running
027eea92b7,formation_7_adaptive_split,52,10.4,1784472400,adaptive_clusters,finish_first,r03,r03,True,lower,bypass,local,3,3,3.43313,-0.54227,-0.10329,0.3116,-0.01569,823,817,41,38,0,0,0000,---,False,0.30986,-0.03289,0.3116,-0.01569,3.8925,-0.59119,cached_adaptive_split,w,"$1,0,0,0,0,0,0,0,0#",16000,16000,Set tank.c app_speed/duty level to the logged pwm before sending the move key/protocol command; e=stop.,3.18191,8.46969,0,2,0,0.38138,0.05246,8.84539,3.01217,-0.29364,8.9926,3.0358,3.0122,0.21583,11,0.0525,0,0,57.33239,21.45889,0.2723,0.2896,1,False,running
027eea92b7,formation_7_adaptive_split,52,10.4,1784472400,adaptive_clusters,finish_first,r04,r04,True,lower,bypass,local,2,3,2.58817,-0.33633,-0.15875,0.20254,3e-05,533,533,21,118,0,0,0000,---,False,0.19999,-0.03202,0.20254,3e-05,3.07486,-0.41425,cached_adaptive_split,w,"$1,0,0,0,0,0,0,0,0#",11000,11000,Set tank.c app_speed/duty level to the logged pwm before sending the move key/protocol command; e=stop.,2.92604,7.84112,0,0,0,1.17586,0.11858,9.12575,3.01217,-0.29364,8.9926,3.0358,3.0122,0.21583,11,0.0525,0,0,57.33239,21.45889,0.2723,0.2896,1,False,running
027eea92b7,formation_7_adaptive_split,52,10.4,1784472400,adaptive_clusters,finish_first,r05,r05,True,lower,bypass,local,2,3,2.9172,-0.20103,-0.3891,0.20254,-0.0,533,533,31,85,0,0,0000,---,False,0.1874,-0.07683,0.20254,-0.0,3.37347,-0.3881,cached_adaptive_split,w,"$1,0,0,0,0,0,0,0,0#",11000,11000,Set tank.c app_speed/duty level to the logged pwm before sending the move key/protocol command; e=stop.,2.94008,7.85157,0,0,0,0.84678,0.06581,9.17061,3.01217,-0.29364,8.9926,3.0358,3.0122,0.21583,11,0.0525,0,0,57.33239,21.45889,0.2723,0.2896,1,False,running
027eea92b7,formation_7_adaptive_split,52,10.4,1784472400,adaptive_clusters,finish_first,r06,r06,True,lower,bypass,local,2,3,3.24219,-0.25313,-0.74294,0.20249,-0.06093,546,520,57,52,0,0,0000,---,False,0.27313,-0.14999,0.20249,-0.06093,3.68604,-0.48585,cached_adaptive_split,w,"$1,0,0,0,0,0,0,0,0#",11000,10000,Set tank.c app_speed/duty level to the logged pwm before sending the move key/protocol command; e=stop.,2.93253,7.92532,0,0,0,0.52179,0.1071,9.22766,3.01217,-0.29364,8.9926,3.0358,3.0122,0.21583,11,0.0525,0,0,57.33239,21.45889,0.2723,0.2896,1,False,running
027eea92b7,formation_7_adaptive_split,52,10.4,1784472400,adaptive_clusters,finish_first,r07,r07,True,lower,bypass,local,2,3,2.68966,0.5855,0.00459,0.3116,-0.0,820,820,-21,110,0,0,0000,---,False,0.3116,0.00143,0.3116,-0.0,3.15163,0.58762,cached_adaptive_split,w,"$1,0,0,0,0,0,0,0,0#",16000,16000,Set tank.c app_speed/duty level to the logged pwm before sending the move key/protocol command; e=stop.,3.18186,8.46851,0,0,0,1.10261,0.12674,8.82252,3.01217,-0.29364,8.9926,3.0358,3.0122,0.21583,11,0.0525,0,0,57.33239,21.45889,0.2723,0.2896,1,False,running
027eea92b7,formation_7_adaptive_split,53,10.6,1784472600,adaptive_clusters,finish_first,r01,r01,True,lower,bypass,local,2,3,3.27058,-0.88397,-0.78473,0.3766,-0.15373,1000,959,89,71,0,0,0000,---,False,0.26036,-0.27289,0.3766,-0.15373,3.74546,-0.83552,adaptive_split_to_bypass_target,w,"$1,0,0,0,0,0,0,0,0#",20000,19000,Set tank.c app_speed/duty level to the logged pwm before sending the move key/protocol command; e=stop.,3.25214,8.67528,0,2,0,0.71225,0.05246,8.81848,3.05554,-0.30928,8.9498,3.0819,3.0555,0.2273,11,0.0525,0,0,58.27695,21.79868,0.2427,0.2883,1,False,running
027eea92b7,formation_7_adaptive_split,53,10.6,1784472600,adaptive_clusters,finish_first,r02,r02,True,lower,bypass,local,2,3,3.03569,-0.49042,-0.32764,0.20158,-1.13322,769,292,42,74,0,0,0000,---,False,0.16688,-0.31077,0.20158,-1.13322,3.51879,-0.53367,adaptive_split_to_bypass_target,d,"$4,0,0,0,0,0,0,0,0#",15000,6000,Set tank.c app_speed/duty level to the logged pwm before sending the move key/protocol command; e=stop.,3.15996,8.431,0,0,0,0.74444,0.06371,8.8609,3.05554,-0.30928,8.9498,3.0819,3.0555,0.2273,11,0.0525,0,0,58.27695,21.79868,0.2427,0.2883,1,False,running
027eea92b7,formation_7_adaptive_split,53,10.6,1784472600,adaptive_clusters,finish_first,r03,r03,True,lower,bypass,local,3,3,3.49511,-0.54881,-0.10501,0.3116,-0.00856,822,818,44,33,0,0,0000,---,False,0.30984,-0.03308,0.3116,-0.00856,3.95446,-0.59793,adaptive_split_to_bypass_target,w,"$1,0,0,0,0,0,0,0,0#",16000,16000,Set tank.c app_speed/duty level to the logged pwm before sending the move key/protocol command; e=stop.,3.24423,8.63501,0,2,0,0.3299,0.05246,8.78373,3.05554,-0.30928,8.9498,3.0819,3.0555,0.2273,11,0.0525,0,0,58.27695,21.79868,0.2427,0.2883,1,False,running
027eea92b7,formation_7_adaptive_split,53,10.6,1784472600,adaptive_clusters,finish_first,r04,r04,True,lower,bypass,local,2,3,2.62817,-0.34274,-0.15875,0.20254,1e-05,533,533,21,114,0,0,0000,---,False,0.19999,-0.03202,0.20254,1e-05,3.11503,-0.42068,adaptive_split_to_bypass_target,w,"$1,0,0,0,0,0,0,0,0#",11000,11000,Set tank.c app_speed/duty level to the logged pwm before sending the move key/protocol command; e=stop.,2.96655,7.94853,0,0,0,1.13593,0.11858,9.08614,3.05554,-0.30928,8.9498,3.0819,3.0555,0.2273,11,0.0525,0,0,58.27695,21.79868,0.2427,0.2883,1,False,running
027eea92b7,formation_7_adaptive_split,53,10.6,1784472600,adaptive_clusters,finish_first,r05,r05,True,lower,bypass,local,2,3,2.95468,-0.2164,-0.3891,0.20254,-0.0,533,533,32,81,0,0,0000,---,False,0.1874,-0.07683,0.20254,-0.0,3.41095,-0.40347,adaptive_split_to_bypass_target,w,"$1,0,0,0,0,0,0,0,0#",11000,11000,Set tank.c app_speed/duty level to the logged pwm before sending the move key/protocol command; e=stop.,2.98059,7.95898,0,0,0,0.8093,0.06371,9.13374,3.05554,-0.30928,8.9498,3.0819,3.0555,0.2273,11,0.0525,0,0,58.27695,21.79868,0.2427,0.2883,1,False,running
027eea92b7,formation_7_adaptive_split,53,10.6,1784472600,adaptive_clusters,finish_first,r06,r06,True,lower,bypass,local,2,3,3.25257,-0.26844,-0.97512,0.09249,-1.16093,488,-1,72,51,0,0,0000,---,False,-0.02979,0.18844,0.09249,-1.16093,3.71566,-0.50446,adaptive_split_to_bypass_target,d,"$0,2,0,0,0,0,0,0,0#",10000,-4000,Set tank.c app_speed/duty level to the logged pwm before sending the move key/protocol command; e=stop.,2.95103,7.99439,0,0,0,0.51141,0.08036,9.21796,3.05554,-0.30928,8.9498,3.0819,3.0555,0.2273,11,0.0525,0,0,58.27695,21.79868,0.2427,0.2883,1,False,running
027eea92b7,formation_7_adaptive_split,53,10.6,1784472600,adaptive_clusters,finish_first,r07,r07,True,lower,bypass,local,2,3,2.75198,0.58579,0.00459,0.3116,-0.0,820,820,-22,104,0,0,0000,---,False,0.3116,0.00143,0.3116,-0.0,3.21395,0.58791,adaptive_split_to_bypass_target,w,"$1,0,0,0,0,0,0,0,0#",16000,16000,Set tank.c app_speed/duty level to the logged pwm before sending the move key/protocol command; e=stop.,3.24418,8.63375,0,0,0,1.04188,0.12674,8.76021,3.05554,-0.30928,8.9498,3.0819,3.0555,0.2273,11,0.0525,0,0,58.27695,21.79868,0.2427,0.2883,1,False,running
027eea92b7,formation_7_adaptive_split,54,10.8,1784472800,adaptive_clusters,finish_first,r01,r01,True,lower,bypass,local,2,3,3.31472,-0.91388,-0.59547,0.2666,0.94627,502,901,80,70,0,0,0000,---,False,0.31159,0.0028,0.2666,0.94627,3.79862,-0.87922,cached_adaptive_split,a,"$3,0,0,0,0,0,0,0,0#",10000,18000,Set tank.c app_speed/duty level to the logged pwm before sending the move key/protocol command; e=stop.,3.30546,8.83645,0,2,0,0.70181,0.05246,8.77568,3.10231,-0.32864,8.9038,3.1325,3.1023,0.2375,14,0.0478,0,0,59.31853,22.17265,0.2671,0.2873,1,False,running
027eea92b7,formation_7_adaptive_split,54,10.8,1784472800,adaptive_clusters,finish_first,r02,r02,True,lower,bypass,local,2,3,3.07466,-0.52587,-0.73807,0.26341,-2.05217,1000,261,67,71,0,0,0000,---,False,0.17309,-0.30927,0.26341,-2.05217,3.56417,-0.54408,cached_adaptive_split,d,"$4,0,0,0,0,0,0,0,0#",20000,5000,Set tank.c app_speed/duty level to the logged pwm before sending the move key/protocol command; e=stop.,3.21264,8.57229,0,0,0,0.71414,0.06371,8.82324,3.10231,-0.32864,8.9038,3.1325,3.1023,0.2375,14,0.0478,0,0,59.31853,22.17265,0.2671,0.2873,1,False,running
027eea92b7,formation_7_adaptive_split,54,10.8,1784472800,adaptive_clusters,finish_first,r03,r03,True,lower,bypass,local,3,3,3.55708,-0.55539,-0.10583,0.3116,-0.00414,821,819,47,28,0,0,0000,---,False,0.30984,-0.03312,0.3116,-0.00414,4.01643,-0.60453,cached_adaptive_split,w,"$1,0,0,0,0,0,0,0,0#",16000,16000,Set tank.c app_speed/duty level to the logged pwm before sending the move key/protocol command; e=stop.,3.30655,8.8003,0,2,0,0.28161,0.05246,8.72209,3.10231,-0.32864,8.9038,3.1325,3.1023,0.2375,14,0.0478,0,0,59.31853,22.17265,0.2671,0.2873,1,False,running
027eea92b7,formation_7_adaptive_split,54,10.8,1784472800,adaptive_clusters,finish_first,r04,r04,True,lower,bypass,local,2,3,2.66817,-0.34914,-0.15875,0.20254,1e-05,533,533,22,110,0,0,0000,---,False,0.19999,-0.03202,0.20254,1e-05,3.15508,-0.42709,cached_adaptive_split,w,"$1,0,0,0,0,0,0,0,0#",11000,11000,Set tank.c app_speed/duty level to the logged pwm before sending the move key/protocol command; e=stop.,3.00706,8.05594,0,0,0,1.09605,0.11858,9.04655,3.10231,-0.32864,8.9038,3.1325,3.1023,0.2375,14,0.0478,0,0,59.31853,22.17265,0.2671,0.2873,1,False,running
027eea92b7,formation_7_adaptive_split,54,10.8,1784472800,adaptive_clusters,finish_first,r05,r05,True,lower,bypass,local,2,3,3.01234,-0.24004,-0.3891,0.3116,-0.0,820,820,34,75,0,0,0000,---,False,0.28831,-0.11821,0.3116,-0.0,3.44843,-0.41884,cached_adaptive_split,w,"$1,0,0,0,0,0,0,0,0#",16000,16000,Set tank.c app_speed/duty level to the logged pwm before sending the move key/protocol command; e=stop.,3.04291,8.13295,0,1,0,0.75164,0.04777,9.07709,3.10231,-0.32864,8.9038,3.1325,3.1023,0.2375,14,0.0478,0,0,59.31853,22.17265,0.2671,0.2873,1,False,running
027eea92b7,formation_7_adaptive_split,54,10.8,1784472800,adaptive_clusters,finish_first,r06,r06,True,lower,bypass,local,2,3,3.27488,-0.30224,-0.98731,0.20249,-0.06093,546,520,75,49,0,0,0000,---,False,0.27693,-0.14284,0.20249,-0.06093,3.73394,-0.51672,cached_adaptive_split,w,"$1,0,0,0,0,0,0,0,0#",11000,10000,Set tank.c app_speed/duty level to the logged pwm before sending the move key/protocol command; e=stop.,2.99152,8.1216,0,1,0,0.4891,0.04777,9.19724,3.10231,-0.32864,8.9038,3.1325,3.1023,0.2375,14,0.0478,0,0,59.31853,22.17265,0.2671,0.2873,1,False,running
027eea92b7,formation_7_adaptive_split,54,10.8,1784472800,adaptive_clusters,finish_first,r07,r07,True,lower,bypass,local,2,3,2.8143,0.58608,0.00459,0.3116,-0.0,820,820,-23,98,0,0,0000,---,False,0.3116,0.00143,0.3116,-0.0,3.27627,0.5882,cached_adaptive_split,w,"$1,0,0,0,0,0,0,0,0#",16000,16000,Set tank.c app_speed/duty level to the logged pwm before sending the move key/protocol command; e=stop.,3.3065,8.799,0,0,0,0.98134,0.12674,8.6979,3.10231,-0.32864,8.9038,3.1325,3.1023,0.2375,14,0.0478,0,0,59.31853,22.17265,0.2671,0.2873,1,False,running
027eea92b7,formation_7_adaptive_split,55,11.0,1784473000,adaptive_clusters,finish_first,r01,r01,True,lower,member,local,3,3,3.36416,-0.9267,-0.25379,0.25537,1.70843,312,1000,62,68,0,0,0000,---,False,0.31157,0.00457,0.25537,1.70843,3.84559,-0.90608,path_to_final_target,a,"$3,0,0,0,0,0,0,0,0#",6000,20000,Set tank.c app_speed/duty level to the logged pwm before sending the move key/protocol command; e=stop.,3.35654,8.97719,0,2,0,0.67828,0.05246,8.72688,3.14957,-0.34573,8.8572,3.1828,3.1496,0.24557,13,0.0478,0,0,60.3661,22.55052,0.2699,0.2863,1,False,running
027eea92b7,formation_7_adaptive_split,55,11.0,1784473000,adaptive_clusters,finish_first,r02,r02,True,lower,member,local,2,3,3.0948,-0.5674,-1.11938,0.23078,-1.90655,1000,206,91,71,0,0,0000,---,False,0.04492,-0.29359,0.23078,-1.90655,3.60552,-0.56739,path_to_final_target,d,"$4,0,0,0,0,0,0,0,0#",20000,4000,Set tank.c app_speed/duty level to the logged pwm before sending the move key/protocol command; e=stop.,3.2588,8.69788,0,0,0,0.70597,0.06371,8.80481,3.14957,-0.34573,8.8572,3.1828,3.1496,0.24557,13,0.0478,0,0,60.3661,22.55052,0.2699,0.2863,1,False,running
027eea92b7,formation_7_adaptive_split,55,11.0,1784473000,adaptive_clusters,finish_first,r03,r03,True,lower,member,local,3,3,3.61907,-0.56176,-0.10246,0.31159,0.01688,816,824,50,24,0,0,0000,---,False,0.31005,-0.03105,0.31159,0.01688,4.07876,-0.60763,path_to_final_target,w,"$1,0,0,0,0,0,0,0,0#",16000,16000,Set tank.c app_speed/duty level to the logged pwm before sending the move key/protocol command; e=stop.,3.36887,8.96575,0,2,0,0.23763,0.05246,8.66043,3.14957,-0.34573,8.8572,3.1828,3.1496,0.24557,13,0.0478,0,0,60.3661,22.55052,0.2699,0.2863,1,False,running
027eea92b7,formation_7_adaptive_split,55,11.0,1784473000,adaptive_clusters,finish_first,r04,r04,True,lower,member,local,2,3,2.72971,-0.35899,-0.15875,0.3116,0.0,820,820,23,103,0,0,0000,---,False,0.30768,-0.04926,0.3116,0.0,3.19509,-0.4335,path_to_final_target,w,"$1,0,0,0,0,0,0,0,0#",16000,16000,Set tank.c app_speed/duty level to the logged pwm before sending the move key/protocol command; e=stop.,3.06938,8.22991,0,0,0,1.03478,0.11486,8.98564,3.14957,-0.34573,8.8572,3.1828,3.1496,0.24557,13,0.0478,0,0,60.3661,22.55052,0.2699,0.2863,1,False,running
027eea92b7,formation_7_adaptive_split,55,11.0,1784473000,adaptive_clusters,finish_first,r05,r05,True,lower,member,local,2,3,3.05007,-0.25474,-0.37168,0.20244,0.08709,514,551,34,71,0,0,0000,---,False,0.1897,-0.07097,0.20244,0.08709,3.50593,-0.4247,path_to_final_target,w,"$1,0,0,0,0,0,0,0,0#",10000,11000,Set tank.c app_speed/duty level to the logged pwm before sending the move key/protocol command; e=stop.,3.08339,8.24986,0,2,0,0.71392,0.04777,9.04003,3.14957,-0.34573,8.8572,3.1828,3.1496,0.24557,13,0.0478,0,0,60.3661,22.55052,0.2699,0.2863,1,False,running
027eea92b7,formation_7_adaptive_split,55,11.0,1784473000,adaptive_clusters,finish_first,r06,r06,True,lower,member,local,3,3,3.31287,-0.33978,-0.77949,0.26708,1.03907,484,922,66,45,0,0,0000,---,False,0.2811,-0.13445,0.26708,1.03907,3.75995,-0.53425,path_to_final_target,a,"$3,0,0,0,0,0,0,0,0#",10000,18000,Set tank.c app_speed/duty level to the logged pwm before sending the move key/protocol command; e=stop.,3.04494,8.27944,0,2,0,0.4513,0.04777,9.16118,3.14957,-0.34573,8.8572,3.1828,3.1496,0.24557,13,0.0478,0,0,60.3661,22.55052,0.2699,0.2863,1,False,running
027eea92b7,formation_7_adaptive_split,55,11.0,1784473000,adaptive_clusters,finish_first,r07,r07,True,lower,member,local,2,3,2.87632,0.58926,0.05124,0.31052,0.23327,768,866,-27,92,0,0,0000,---,False,0.3104,0.02735,0.31052,0.23327,3.33592,0.63204,path_to_final_target,a,"$3,0,0,0,0,0,0,0,0#",15000,17000,Set tank.c app_speed/duty level to the logged pwm before sending the move key/protocol command; e=stop.,3.3686,8.96606,0,0,0,0.92203,0.12674,8.63593,3.14957,-0.34573,8.8572,3.1828,3.1496,0.24557,13,0.0478,0,0,60.3661,22.55052,0.2699,0.2863,1,False,running
027eea92b7,formation_7_adaptive_split,56,11.2,1784473200,adaptive_clusters,finish_first,r01,r01,True,lower,member,local,3,3,3.42402,-0.93314,-0.10719,0.30098,0.73297,638,946,56,65,0,0,0000,---,False,0.31159,0.00249,0.30098,0.73297,3.89429,-0.92247,cached_path_to_final_target,a,"$3,0,0,0,0,0,0,0,0#",13000,19000,Set tank.c app_speed/duty level to the logged pwm before sending the move key/protocol command; e=stop.,3.41673,9.1502,0,2,0,0.6461,0.05246,8.6674,3.19305,-0.36158,8.8144,3.2291,3.1931,0.25648,13,0.0478,0,0,61.37961,22.90974,0.2566,0.2851,2,False,running
027eea92b7,formation_7_adaptive_split,56,11.2,1784473200,adaptive_clusters,finish_first,r02,r02,True,lower,member,local,2,3,3.11121,-0.62237,-1.28069,0.28684,-0.80655,925,585,103,71,0,0,0000,---,False,0.05579,-0.29172,0.28684,-0.80655,3.63232,-0.60021,cached_path_to_final_target,d,"$4,0,0,0,0,0,0,0,0#",18000,12000,Set tank.c app_speed/duty level to the logged pwm before sending the move key/protocol command; e=stop.,3.31617,8.86551,0,0,0,0.70597,0.06371,8.79096,3.19305,-0.36158,8.8144,3.2291,3.1931,0.25648,13,0.0478,0,0,61.37961,22.90974,0.2566,0.2851,2,False,running
027eea92b7,formation_7_adaptive_split,56,11.2,1784473200,adaptive_clusters,finish_first,r03,r03,True,lower,member,local,3,3,3.68108,-0.56798,-0.09988,0.3116,0.01286,817,823,53,20,0,0,0000,---,False,0.31011,-0.03045,0.3116,0.01286,4.14085,-0.61299,cached_path_to_final_target,w,"$1,0,0,0,0,0,0,0,0#",16000,16000,Set tank.c app_speed/duty level to the logged pwm before sending the move key/protocol command; e=stop.,3.43119,9.13104,0,2,0,0.19986,0.05246,8.59875,3.19305,-0.36158,8.8144,3.2291,3.1931,0.25648,13,0.0478,0,0,61.37961,22.90974,0.2566,0.2851,2,False,running
027eea92b7,formation_7_adaptive_split,56,11.2,1784473200,adaptive_clusters,finish_first,r04,r04,True,upper,member,local,2,3,2.76946,-0.36574,-0.16805,0.2016,-0.04654,540,521,24,100,0,0,0000,---,False,0.14409,-0.02553,0.2016,-0.04654,3.25017,-0.44232,cached_path_to_final_target; completion_unstuck,w,"$1,0,0,0,0,0,0,0,0#",11000,10000,Set tank.c app_speed/duty level to the logged pwm before sending the move key/protocol command; e=stop.,3.1097,8.34608,0,0,0,0.99527,0.09083,8.94633,3.19305,-0.36158,8.8144,3.2291,3.1931,0.25648,13,0.0478,0,0,61.37961,22.90974,0.2566,0.2851,2,False,running
027eea92b7,formation_7_adaptive_split,56,11.2,1784473200,adaptive_clusters,finish_first,r05,r05,True,lower,member,local,2,3,3.06559,-0.26479,-0.57427,0.09244,-1.01291,457,30,46,70,0,0,0000,---,False,-0.14326,0.26017,0.09244,-1.01291,3.54972,-0.4364,cached_path_to_final_target,d,"$4,0,0,0,0,0,0,0,0#",9000,4000,Set tank.c app_speed/duty level to the logged pwm before sending the move key/protocol command; e=stop.,3.10188,8.31873,0,2,0,0.69839,0.04777,9.02497,3.19305,-0.36158,8.8144,3.2291,3.1931,0.25648,13,0.0478,0,0,61.37961,22.90974,0.2566,0.2851,2,False,running
027eea92b7,formation_7_adaptive_split,56,11.2,1784473200,adaptive_clusters,finish_first,r06,r06,True,lower,member,local,3,3,3.36173,-0.37164,-0.57784,0.29161,1.00829,555,980,57,40,0,0,0000,---,False,0.2846,-0.12688,0.29161,1.00829,3.79873,-0.5564,cached_path_to_final_target,a,"$3,0,0,0,0,0,0,0,0#",11000,20000,Set tank.c app_speed/duty level to the logged pwm before sending the move key/protocol command; e=stop.,3.10326,8.43638,0,2,0,0.40437,0.04777,9.11413,3.19305,-0.36158,8.8144,3.2291,3.1931,0.25648,13,0.0478,0,0,61.37961,22.90974,0.2566,0.2851,2,False,running
027eea92b7,formation_7_adaptive_split,56,11.2,1784473200,adaptive_clusters,finish_first,r07,r07,True,upper,member,local,2,3,2.9383,0.59456,0.08538,0.31102,0.17066,783,854,-30,86,0,0,0000,---,False,0.30964,0.03489,0.31102,0.17066,3.39717,0.64794,cached_path_to_final_target,w,"$1,0,0,0,0,0,0,0,0#",16000,17000,Set tank.c app_speed/duty level to the logged pwm before sending the move key/protocol command; e=stop.,3.43081,9.13167,0,0,0,0.8637,0.12674,8.57403,3.19305,-0.36158,8.8144,3.2291,3.1931,0.25648,13,0.0478,0,0,61.37961,22.90974,0.2566,0.2851,2,False,running
027eea92b7,formation_7_adaptive_split,57,11.4,1784473400,adaptive_clusters,finish_first,r01,r01,True,lower,member,local,3,3,3.48589,-0.93596,-0.04546,0.30971,0.30866,750,880,55,61,0,0,0000,---,False,0.3116,0.00095,0.30971,0.30866,3.95079,-0.93154,path_to_final_target,a,"$3,0,0,0,0,0,0,0,0#",15000,18000,Set tank.c app_speed/duty level to the logged pwm before sending the move key/protocol command; e=stop.,3.47867,9.31938,0,2,0,0.61332,0.05246,8.60573,3.2413,-0.37789,8.7668,3.28,3.2413,0.26906,14,0.0478,0,0,62.4876,23.30379,0.2815,0.2843,2,False,running
027eea92b7,formation_7_adaptive_split,57,11.4,1784473400,adaptive_clusters,finish_first,r02,r02,True,lower,member,local,2,3,3.13457,-0.68662,-1.222,0.34184,0.29345,838,961,103,71,0,0,0000,---,False,0.20897,-0.29436,0.34184,0.29345,3.65225,-0.6434,path_to_final_target,a,"$3,0,0,0,0,0,0,0,0#",17000,19000,Set tank.c app_speed/duty level to the logged pwm before sending the move key/protocol command; e=stop.,3.38453,9.06218,0,0,0,0.70597,0.06371,8.77104,3.2413,-0.37789,8.7668,3.28,3.2413,0.26906,14,0.0478,0,0,62.4876,23.30379,0.2815,0.2843,2,False,running
027eea92b7,formation_7_adaptive_split,57,11.4,1784473400,adaptive_clusters,finish_first,r03,r03,True,lower,member,local,3,3,3.7431,-0.5741,-0.09846,0.3116,0.00711,819,821,57,17,0,0,0000,---,False,0.31012,-0.03028,0.3116,0.00711,4.20289,-0.61893,path_to_final_target,w,"$1,0,0,0,0,0,0,0,0#",16000,16000,Set tank.c app_speed/duty level to the logged pwm before sending the move key/protocol command; e=stop.,3.49351,9.29634,0,2,0,0.17085,0.05246,8.53706,3.2413,-0.37789,8.7668,3.28,3.2413,0.26906,14,0.0478,0,0,62.4876,23.30379,0.2815,0.2843,2,False,running
027eea92b7,formation_7_adaptive_split,57,11.4,1784473400,adaptive_clusters,finish_first,r04,r04,True,upper,member,local,2,3,2.83096,-0.37583,-0.16262,0.31159,0.02716,814,826,25,93,0,0,0000,---,False,0.3077,-0.04914,0.31159,0.02716,3.29454,-0.44959,path_to_final_target,w,"$1,0,0,0,0,0,0,0,0#",16000,17000,Set tank.c app_speed/duty level to the logged pwm before sending the move key/protocol command; e=stop.,3.17202,8.52087,0,0,0,0.93426,0.06151,8.88552,3.2413,-0.37789,8.7668,3.28,3.2413,0.26906,14,0.0478,0,0,62.4876,23.30379,0.2815,0.2843,2,False,running
027eea92b7,formation_7_adaptive_split,57,11.4,1784473400,adaptive_clusters,finish_first,r05,r05,True,lower,member,local,2,3,3.09996,-0.28619,-0.55685,0.20244,0.08709,514,551,46,66,0,0,0000,---,False,0.29363,-0.10428,0.20244,0.08709,3.57426,-0.44543,path_to_final_target,w,"$1,0,0,0,0,0,0,0,0#",10000,11000,Set tank.c app_speed/duty level to the logged pwm before sending the move key/protocol command; e=stop.,3.14237,8.44584,0,2,0,0.66402,0.04777,8.99162,3.2413,-0.37789,8.7668,3.28,3.2413,0.26906,14,0.0478,0,0,62.4876,23.30379,0.2815,0.2843,2,False,running
027eea92b7,formation_7_adaptive_split,57,11.4,1784473400,adaptive_clusters,finish_first,r06,r06,True,lower,member,local,3,3,3.39438,-0.38755,-0.45342,0.18161,0.62209,347,609,52,37,0,0,0000,---,False,0.10223,-0.03798,0.18161,0.62209,3.85654,-0.55544,path_to_final_target,a,"$3,0,0,0,0,0,0,0,0#",7000,12000,Set tank.c app_speed/duty level to the logged pwm before sending the move key/protocol command; e=stop.,3.13958,8.54536,0,2,0,0.37366,0.04777,9.08244,3.2413,-0.37789,8.7668,3.28,3.2413,0.26906,14,0.0478,0,0,62.4876,23.30379,0.2815,0.2843,2,False,running
027eea92b7,formation_7_adaptive_split,57,11.4,1784473400,adaptive_clusters,finish_first,r07,r07,True,upper,member,local,2,3,3.00025,0.60103,0.10408,0.31143,0.09351,800,839,-33,81,0,0,0000,---,False,0.3094,0.03692,0.31143,0.09351,3.45889,0.65669,path_to_final_target,w,"$1,0,0,0,0,0,0,0,0#",16000,17000,Set tank.c app_speed/duty level to the logged pwm before sending the move key/protocol command; e=stop.,3.49309,9.29762,0,0,0,0.80625,0.12674,8.51219,3.2413,-0.37789,8.7668,3.28,3.2413,0.26906,14,0.0478,0,0,62.4876,23.30379,0.2815,0.2843,2,False,running
027eea92b7,formation_7_adaptive_split,58,11.6,1784473600,adaptive_clusters,finish_first,r01,r01,True,lower,member,local,3,3,3.54814,-0.93721,-0.02015,0.31128,0.12654,793,846,56,58,0,0,0000,---,False,0.3116,-8e-05,0.31128,0.12654,4.01106,-0.9361,cached_path_to_final_target,w,"$1,0,0,0,0,0,0,0,0#",16000,17000,Set tank.c app_speed/duty level to the logged pwm before sending the move key/protocol command; e=stop.,3.54093,9.48647,0,2,0,0.58299,0.05246,8.54362,3.28816,-0.39245,8.7207,3.3291,3.2882,0.28481,15,0.0347,0,0,63.51757,23.67714,0.2667,0.2835,2,False,running
027eea92b7,formation_7_adaptive_split,58,11.6,1784473600,adaptive_clusters,finish_first,r02,r02,True,lower,member,local,2,3,3.16931,-0.74664,-1.04615,0.34671,0.87926,727,1000,96,71,0,0,0000,---,False,0.22431,-0.28735,0.34671,0.87926,3.67491,-0.69625,cached_path_to_final_target,a,"$3,0,0,0,0,0,0,0,0#",15000,20000,Set tank.c app_speed/duty level to the logged pwm before sending the move key/protocol command; e=stop.,3.45387,9.24252,0,0,0,0.70597,0.06371,8.73999,3.28816,-0.39245,8.7207,3.3291,3.2882,0.28481,15,0.0347,0,0,63.51757,23.67714,0.2667,0.2835,2,False,running
027eea92b7,formation_7_adaptive_split,58,11.6,1784473600,adaptive_clusters,finish_first,r03,r03,True,lower,member,local,3,3,3.80512,-0.58019,-0.09777,0.3116,0.00346,819,821,61,15,0,0,0000,---,False,0.31013,-0.03025,0.3116,0.00346,4.26491,-0.625,cached_path_to_final_target,w,"$1,0,0,0,0,0,0,0,0#",16000,16000,Set tank.c app_speed/duty level to the logged pwm before sending the move key/protocol command; e=stop.,3.55583,9.46163,0,2,0,0.15356,0.05246,8.47539,3.28816,-0.39245,8.7207,3.3291,3.2882,0.28481,15,0.0347,0,0,63.51757,23.67714,0.2667,0.2835,2,False,running
027eea92b7,formation_7_adaptive_split,58,11.6,1784473600,adaptive_clusters,finish_first,r04,r04,True,upper,member,local,2,3,2.8707,-0.38262,-0.16941,0.20159,-0.03393,538,523,26,89,0,0,0000,---,False,0.1441,-0.02544,0.20159,-0.03393,3.35091,-0.45876,cached_path_to_final_target; completion_unstuck,w,"$1,0,0,0,0,0,0,0,0#",11000,10000,Set tank.c app_speed/duty level to the logged pwm before sending the move key/protocol command; e=stop.,3.21233,8.63718,0,1,0,0.89494,0.03467,8.84625,3.28816,-0.39245,8.7207,3.3291,3.2882,0.28481,15,0.0347,0,0,63.51757,23.67714,0.2667,0.2835,2,False,running
027eea92b7,formation_7_adaptive_split,58,11.6,1784473600,adaptive_clusters,finish_first,r05,r05,True,lower,member,local,2,3,3.11337,-0.29891,-0.75943,0.09244,-1.01291,457,30,59,65,0,0,0000,---,False,-0.15266,0.25477,0.09244,-1.01291,3.60681,-0.45989,cached_path_to_final_target,d,"$4,0,0,0,0,0,0,0,0#",9000,4000,Set tank.c app_speed/duty level to the logged pwm before sending the move key/protocol command; e=stop.,3.16086,8.51471,0,3,0,0.65061,0.03467,8.97885,3.28816,-0.39245,8.7207,3.3291,3.2882,0.28481,15,0.0347,0,0,63.51757,23.67714,0.2667,0.2835,2,False,running
027eea92b7,formation_7_adaptive_split,58,11.6,1784473600,adaptive_clusters,finish_first,r06,r06,True,upper,member,local,3,3,3.44836,-0.40964,-0.3884,0.29161,0.32508,699,836,51,32,0,0,0000,---,False,0.29404,-0.10313,0.29161,0.32508,3.89753,-0.56402,cached_path_to_final_target,a,"$3,0,0,0,0,0,0,0,0#",14000,17000,Set tank.c app_speed/duty level to the logged pwm before sending the move key/protocol command; e=stop.,3.19791,8.7118,0,2,0,0.32394,0.04777,9.02988,3.28816,-0.39245,8.7207,3.3291,3.2882,0.28481,15,0.0347,0,0,63.51757,23.67714,0.2667,0.2835,2,False,running
027eea92b7,formation_7_adaptive_split,58,11.6,1784473600,adaptive_clusters,finish_first,r07,r07,True,upper,member,local,2,3,3.06216,0.60807,0.11318,0.31156,0.04549,810,829,-35,75,0,0,0000,---,False,0.30935,0.0374,0.31156,0.04549,3.52076,0.66397,cached_path_to_final_target,w,"$1,0,0,0,0,0,0,0,0#",16000,17000,Set tank.c app_speed/duty level to the logged pwm before sending the move key/protocol command; e=stop.,3.55541,9.46326,0,0,0,0.7497,0.12674,8.45039,3.28816,-0.39245,8.7207,3.3291,3.2882,0.28481,15,0.0347,0,0,63.51757,23.67714,0.2667,0.2835,2,False,running
027eea92b7,formation_7_adaptive_split,59,11.8,1784473800,adaptive_clusters,finish_first,r01,r01,True,lower,member,local,3,3,3.61044,-0.93783,-0.01002,0.31155,0.05067,809,831,58,56,0,0,0000,---,False,0.3116,-0.00064,0.31155,0.05067,4.07271,-0.93829,cached_path_to_final_target,w,"$1,0,0,0,0,0,0,0,0#",16000,17000,Set tank.c app_speed/duty level to the logged pwm before sending the move key/protocol command; e=stop.,3.60324,9.6525,0,2,0,0.55648,0.05246,8.48143,3.34153,-0.4049,8.6679,3.3839,3.3415,0.29692,16,-0.0008,1,0,64.6256,24.07645,0.2852,0.2832,2,False,running
027eea92b7,formation_7_adaptive_split,59,11.8,1784473800,adaptive_clusters,finish_first,r02,r02,True,lower,member,local,2,3,3.20699,-0.7753,-0.65029,0.23671,1.97926,206,1000,75,69,0,0,0000,---,False,0.3116,-0.00159,0.23671,1.97926,3.70628,-0.74937,cached_path_to_final_target,a,"$3,0,0,0,0,0,0,0,0#",4000,20000,Set tank.c app_speed/duty level to the logged pwm before sending the move key/protocol command; e=stop.,3.50122,9.38386,0,0,0,0.69459,0.06371,8.70427,3.34153,-0.4049,8.6679,3.3839,3.3415,0.29692,16,-0.0008,1,0,64.6256,24.07645,0.2852,0.2832,2,False,running
027eea92b7,formation_7_adaptive_split,59,11.8,1784473800,adaptive_clusters,finish_first,r03,r03,True,lower,member,local,3,3,3.86714,-0.58625,-0.09746,0.3116,0.00157,820,820,66,15,0,0,0000,---,False,0.31013,-0.03024,0.3116,0.00157,4.32694,-0.63107,cached_path_to_final_target,w,"$1,0,0,0,0,0,0,0,0#",16000,16000,Set tank.c app_speed/duty level to the logged pwm before sending the move key/protocol command; e=stop.,3.61815,9.62689,0,2,0,0.15035,0.05246,8.41371,3.34153,-0.4049,8.6679,3.3839,3.3415,0.29692,16,-0.0008,1,0,64.6256,24.07645,0.2852,0.2832,2,False,running
027eea92b7,formation_7_adaptive_split,59,11.8,1784473800,adaptive_clusters,finish_first,r04,r04,True,upper,member,local,2,3,2.93219,-0.39273,-0.1629,0.31158,0.03252,813,827,27,83,0,0,0000,---,False,0.30773,-0.04897,0.31158,0.03252,3.39565,-0.46615,cached_path_to_final_target,w,"$1,0,0,0,0,0,0,0,0#",16000,17000,Set tank.c app_speed/duty level to the logged pwm before sending the move key/protocol command; e=stop.,3.27465,8.81189,1,1,0,0.83423,-0.00079,8.78547,3.34153,-0.4049,8.6679,3.3839,3.3415,0.29692,16,-0.0008,1,0,64.6256,24.07645,0.2852,0.2832,2,False,running
027eea92b7,formation_7_adaptive_split,59,11.8,1784473800,adaptive_clusters,finish_first,r05,r05,True,lower,member,local,2,3,3.14321,-0.32628,-0.74201,0.20244,0.08709,514,551,60,62,0,0,0000,---,False,0.29559,-0.09859,0.20244,0.08709,3.62696,-0.47021,cached_path_to_final_target,w,"$1,0,0,0,0,0,0,0,0#",10000,11000,Set tank.c app_speed/duty level to the logged pwm before sending the move key/protocol command; e=stop.,3.20135,8.64182,1,3,0,0.62077,-0.00079,8.95042,3.34153,-0.4049,8.6679,3.3839,3.3415,0.29692,16,-0.0008,1,0,64.6256,24.07645,0.2852,0.2832,2,False,running
027eea92b7,formation_7_adaptive_split,59,11.8,1784473800,adaptive_clusters,finish_first,r06,r06,True,upper,member,local,3,3,3.50669,-0.43126,-0.35492,0.31104,0.1674,783,854,52,27,0,0,0000,---,False,0.29493,-0.10056,0.31104,0.1674,3.94828,-0.5801,cached_path_to_final_target,w,"$1,0,0,0,0,0,0,0,0#",16000,17000,Set tank.c app_speed/duty level to the logged pwm before sending the move key/protocol command; e=stop.,3.26012,8.87988,0,2,0,0.27231,0.04777,8.97301,3.34153,-0.4049,8.6679,3.3839,3.3415,0.29692,16,-0.0008,1,0,64.6256,24.07645,0.2852,0.2832,2,False,running
027eea92b7,formation_7_adaptive_split,59,11.8,1784473800,adaptive_clusters,finish_first,r07,r07,True,upper,member,local,2,3,3.12405,0.61536,0.11732,0.31159,0.02072,816,824,-36,69,0,0,0000,---,False,0.30934,0.03748,0.31159,0.02072,3.58265,0.67113,cached_path_to_final_target,w,"$1,0,0,0,0,0,0,0,0#",16000,16000,Set tank.c app_speed/duty level to the logged pwm before sending the move key/protocol command; e=stop.,3.61772,9.62876,0,0,0,0.69411,0.12674,8.38863,3.34153,-0.4049,8.6679,3.3839,3.3415,0.29692,16,-0.0008,1,0,64.6256,24.07645,0.2852,0.2832,2,False,running
027eea92b7,formation_7_adaptive_split,60,12.0,1784474000,adaptive_clusters,finish_first,r01,r01,True,lower,member,local,3,3,3.67276,-0.93821,-0.00604,0.31159,0.01989,816,824,61,53,0,0,0000,---,False,0.3116,-0.00091,0.31159,0.01989,4.13482,-0.93936,cached_path_to_final_target,w,"$1,0,0,0,0,0,0,0,0#",16000,16000,Set tank.c app_speed/duty level to the logged pwm before sending the move key/protocol command; e=stop.,3.66556,9.81805,0,2,0,0.53468,0.05246,8.4192,3.39075,-0.41276,8.6191,3.4337,3.3908,0.31048,16,-0.0297,2,0,65.60196,24.43464,0.2559,0.2826,2,False,running
027eea92b7,formation_7_adaptive_split,60,12.0,1784474000,adaptive_clusters,finish_first,r02,r02,True,lower,member,local,2,3,3.25498,-0.78985,-0.29434,0.25074,1.77975,285,1000,57,66,0,0,0000,---,False,0.31157,-0.00457,0.25074,1.77975,3.74216,-0.78315,cached_path_to_final_target,a,"$3,0,0,0,0,0,0,0,0#",6000,20000,Set tank.c app_speed/duty level to the logged pwm before sending the move key/protocol command; e=stop.,3.55137,9.51648,0,0,0,0.66391,0.06371,8.65739,3.39075,-0.41276,8.6191,3.4337,3.3908,0.31048,16,-0.0297,2,0,65.60196,24.43464,0.2559,0.2826,2,False,running
027eea92b7,formation_7_adaptive_split,60,12.0,1784474000,adaptive_clusters,finish_first,r03,r03,True,lower,member,local,3,3,3.92917,-0.59231,-0.09732,0.3116,0.00068,820,820,71,16,0,0,0000,---,False,0.31013,-0.03024,0.3116,0.00068,4.38896,-0.63714,cached_path_to_final_target,w,"$1,0,0,0,0,0,0,0,0#",16000,16000,Set tank.c app_speed/duty level to the logged pwm before sending the move key/protocol command; e=stop.,3.68047,9.79215,0,2,0,0.15035,0.05246,8.35205,3.39075,-0.41276,8.6191,3.4337,3.3908,0.31048,16,-0.0297,2,0,65.60196,24.43464,0.2559,0.2826,2,False,running
027eea92b7,formation_7_adaptive_split,60,12.0,1784474000,adaptive_clusters,finish_first,r04,r04,True,upper,member,local,2,3,2.97193,-0.39952,-0.16918,0.20158,-0.03136,537,524,28,80,0,0,0000,---,False,0.14411,-0.02535,0.20158,-0.03136,3.45214,-0.47536,cached_path_to_final_target; completion_unstuck,w,"$1,0,0,0,0,0,0,0,0#",11000,10000,Set tank.c app_speed/duty level to the logged pwm before sending the move key/protocol command; e=stop.,3.31497,8.92824,2,1,0,0.79513,-0.02968,8.74622,3.39075,-0.41276,8.6191,3.4337,3.3908,0.31048,16,-0.0297,2,0,65.60196,24.43464,0.2559,0.2826,2,False,running
027eea92b7,formation_7_adaptive_split,60,12.0,1784474000,adaptive_clusters,finish_first,r05,r05,True,lower,member,local,2,3,3.15501,-0.34051,-0.87865,0.09244,-0.68319,387,99,68,61,0,0,0000,---,False,-0.16396,0.24765,0.09244,-0.68319,3.65603,-0.48592,cached_path_to_final_target,d,"$4,0,0,0,0,0,0,0,0#",8000,4000,Set tank.c app_speed/duty level to the logged pwm before sending the move key/protocol command; e=stop.,3.21984,8.70729,2,3,0,0.60914,-0.02968,8.9394,3.39075,-0.41276,8.6191,3.4337,3.3908,0.31048,16,-0.0297,2,0,65.60196,24.43464,0.2559,0.2826,2,False,running
027eea92b7,formation_7_adaptive_split,60,12.0,1784474000,adaptive_clusters,finish_first,r06,r06,True,upper,member,local,3,3,3.56551,-0.45173,-0.33496,0.3114,0.09979,798,840,55,22,0,0,0000,---,False,0.29585,-0.09781,0.3114,0.09979,4.00502,-0.596,cached_path_to_final_target,w,"$1,0,0,0,0,0,0,0,0#",16000,17000,Set tank.c app_speed/duty level to the logged pwm before sending the move key/protocol command; e=stop.,3.3224,9.04563,0,2,0,0.22342,0.04777,8.91565,3.39075,-0.41276,8.6191,3.4337,3.3908,0.31048,16,-0.0297,2,0,65.60196,24.43464,0.2559,0.2826,2,False,running
027eea92b7,formation_7_adaptive_split,60,12.0,1784474000,adaptive_clusters,finish_first,r07,r07,True,upper,member,local,2,3,3.18593,0.62277,0.11913,0.3116,0.00905,818,822,-38,64,0,0,0000,---,False,0.30934,0.03747,0.3116,0.00905,3.64454,0.67842,cached_path_to_final_target,w,"$1,0,0,0,0,0,0,0,0#",16000,16000,Set tank.c app_speed/duty level to the logged pwm before sending the move key/protocol command; e=stop.,3.68004,9.79412,0,0,0,0.63964,0.12674,8.3269,3.39075,-0.41276,8.6191,3.4337,3.3908,0.31048,16,-0.0297,2,0,65.60196,24.43464,0.2559,0.2826,2,False,running
027eea92b7,formation_7_adaptive_split,61,12.2,1784474200,adaptive_clusters,finish_first,r01,r01,True,lower,member,local,3,3,3.73621,-0.95254,-0.22206,0.32525,-1.08011,1000,629,77,53,0,0,0000,---,False,0.32406,-0.19846,0.32525,-1.08011,4.19708,-0.93989,path_to_final_target,d,"$4,0,0,0,0,0,0,0,0#",20000,13000,Set tank.c app_speed/duty level to the logged pwm before sending the move key/protocol command; e=stop.,3.73061,9.99435,0,2,0,0.53168,0.05246,8.35657,3.4415,-0.42585,8.5691,3.4861,3.4415,0.32629,16,-0.0297,3,0,66.66115,24.81239,0.2698,0.2821,2,False,running
027eea92b7,formation_7_adaptive_split,61,12.2,1784474200,adaptive_clusters,finish_first,r02,r02,True,lower,member,local,3,3,3.3144,-0.79834,-0.14199,0.30014,0.76179,629,950,50,62,0,0,0000,---,False,0.31152,-0.00694,0.30014,0.76179,3.78658,-0.80169,path_to_final_target,a,"$3,0,0,0,0,0,0,0,0#",13000,19000,Set tank.c app_speed/duty level to the logged pwm before sending the move key/protocol command; e=stop.,3.61139,9.68971,0,0,0,0.62269,0.06371,8.59871,3.4415,-0.42585,8.5691,3.4861,3.4415,0.32629,16,-0.0297,3,0,66.66115,24.81239,0.2698,0.2821,2,False,running
027eea92b7,formation_7_adaptive_split,61,12.2,1784474200,adaptive_clusters,finish_first,r03,r03,True,lower,member,local,3,3,3.99504,-0.61393,-0.31718,0.34664,-1.09932,1000,681,90,18,0,0,0000,---,False,0.32987,-0.18864,0.34664,-1.09932,4.45098,-0.6432,path_to_final_target,d,"$4,0,0,0,0,0,0,0,0#",20000,14000,Set tank.c app_speed/duty level to the logged pwm before sending the move key/protocol command; e=stop.,3.7498,9.97544,0,2,0,0.15035,0.05246,8.28734,3.4415,-0.42585,8.5691,3.4861,3.4415,0.32629,16,-0.0297,3,0,66.66115,24.81239,0.2698,0.2821,2,False,running
027eea92b7,formation_7_adaptive_split,61,12.2,1784474200,adaptive_clusters,finish_first,r04,r04,True,upper,member,local,2,3,2.98883,-0.40657,-0.39545,0.09158,-1.13136,479,3,41,78,0,0,0000,---,False,0.00867,-0.29688,0.09158,-1.13136,3.49692,-0.48274,path_to_final_target,d,"$4,0,0,0,0,0,0,0,0#",10000,4000,Set tank.c app_speed/duty level to the logged pwm before sending the move key/protocol command; e=stop.,3.33328,8.9966,3,1,0,0.7789,-0.02968,8.72979,3.4415,-0.42585,8.5691,3.4861,3.4415,0.32629,16,-0.0297,3,0,66.66115,24.81239,0.2698,0.2821,2,False,running
027eea92b7,formation_7_adaptive_split,61,12.2,1784474200,adaptive_clusters,finish_first,r05,r05,True,lower,member,local,2,3,3.18336,-0.36942,-0.79529,0.20244,0.41681,445,620,66,58,0,0,0000,---,False,0.29842,-0.08966,0.20244,0.41681,3.67428,-0.49652,path_to_final_target,a,"$3,0,0,0,0,0,0,0,0#",9000,12000,Set tank.c app_speed/duty level to the logged pwm before sending the move key/protocol command; e=stop.,3.26032,8.8344,3,3,0,0.58205,-0.02968,8.9127,3.4415,-0.42585,8.5691,3.4861,3.4415,0.32629,16,-0.0297,3,0,66.66115,24.81239,0.2698,0.2821,2,False,running
027eea92b7,formation_7_adaptive_split,61,12.2,1784474200,adaptive_clusters,finish_first,r06,r06,True,upper,member,local,3,3,3.62488,-0.47038,-0.30434,0.31113,0.1531,787,851,57,18,0,0,0000,---,False,0.29944,-0.0862,0.31113,0.1531,4.06533,-0.59561,path_to_final_target,w,"$1,0,0,0,0,0,0,0,0#",16000,17000,Set tank.c app_speed/duty level to the logged pwm before sending the move key/protocol command; e=stop.,3.38462,9.21123,0,2,0,0.17829,0.04777,8.85768,3.4415,-0.42585,8.5691,3.4861,3.4415,0.32629,16,-0.0297,3,0,66.66115,24.81239,0.2698,0.2821,2,False,running
027eea92b7,formation_7_adaptive_split,61,12.2,1784474200,adaptive_clusters,finish_first,r07,r07,True,upper,member,local,2,3,3.2478,0.63022,0.1199,0.3116,0.00384,819,821,-40,59,0,0,0000,---,False,0.30934,0.03746,0.3116,0.00384,3.70642,0.6858,path_to_final_target,w,"$1,0,0,0,0,0,0,0,0#",16000,16000,Set tank.c app_speed/duty level to the logged pwm before sending the move key/protocol command; e=stop.,3.74236,9.95942,0,0,0,0.58651,0.12674,8.26518,3.4415,-0.42585,8.5691,3.4861,3.4415,0.32629,16,-0.0297,3,0,66.66115,24.81239,0.2698,0.2821,2,False,running
027eea92b7,formation_7_adaptive_split,62,12.4,1784474400,adaptive_clusters,finish_first,r01,r01,True,lower,member,local,3,3,3.80396,-0.97965,-0.38067,0.36486,-0.79304,1000,793,90,55,0,0,0000,---,False,0.33251,-0.18394,0.36486,-0.79304,4.26017,-0.94934,cached_path_to_final_target,d,"$4,0,0,0,0,0,0,0,0#",20000,16000,Set tank.c app_speed/duty level to the logged pwm before sending the move key/protocol command; e=stop.,3.80358,10.18115,0,2,0,0.53168,0.05246,8.29038,3.48821,-0.43863,8.5231,3.5346,3.4882,0.35009,16,-0.0297,4,0,67.70256,25.16802,0.254,0.2813,2,False,running
027eea92b7,formation_7_adaptive_split,62,12.4,1784474400,adaptive_clusters,finish_first,r02,r02,True,lower,member,local,3,3,3.37366,-0.81095,-0.20963,0.30293,-0.33821,868,726,56,59,0,0,0000,---,False,0.26742,-0.26998,0.30293,-0.33821,3.84153,-0.81269,cached_path_to_final_target,d,"$4,0,0,0,0,0,0,0,0#",17000,15000,Set tank.c app_speed/duty level to the logged pwm before sending the move key/protocol command; e=stop.,3.67198,9.86155,0,0,0,0.58718,0.06371,8.54051,3.48821,-0.43863,8.5231,3.5346,3.4882,0.35009,16,-0.0297,4,0,67.70256,25.16802,0.254,0.2813,2,False,running
027eea92b7,formation_7_adaptive_split,62,12.4,1784474400,adaptive_clusters,finish_first,r03,r03,True,lower,member,local,3,3,4.06487,-0.6424,-0.3871,0.37704,-0.34961,1000,919,100,21,0,0,0000,---,False,0.34347,-0.16256,0.37704,-0.34961,4.51585,-0.6586,cached_path_to_final_target,d,"$4,0,0,0,0,0,0,0,0#",20000,18000,Set tank.c app_speed/duty level to the logged pwm before sending the move key/protocol command; e=stop.,3.82521,10.17878,0,2,0,0.15035,0.05246,8.21913,3.48821,-0.43863,8.5231,3.5346,3.4882,0.35009,16,-0.0297,4,0,67.70256,25.16802,0.254,0.2813,2,False,running
027eea92b7,formation_7_adaptive_split,62,12.4,1784474400,adaptive_clusters,finish_first,r04,r04,True,upper,member,local,2,3,2.98604,-0.40417,-0.71249,-0.01842,-1.58523,285,-382,59,78,0,0,0000,---,False,-0.16995,0.24358,-0.01842,-1.58523,3.52239,-0.48861,cached_path_to_final_target,d,"$0,2,0,0,0,0,0,0,0#",6000,-8000,Set tank.c app_speed/duty level to the logged pwm before sending the move key/protocol command; e=stop.,3.33697,9.07672,4,1,0,0.7789,-0.02968,8.73242,3.48821,-0.43863,8.5231,3.5346,3.4882,0.35009,16,-0.0297,4,0,67.70256,25.16802,0.254,0.2813,2,False,running
027eea92b7,formation_7_adaptive_split,62,12.4,1784474400,adaptive_clusters,finish_first,r05,r05,True,lower,member,local,2,3,3.19438,-0.38426,-0.93193,0.09244,-0.68319,387,99,74,57,0,0,0000,---,False,-0.04068,0.20222,0.09244,-0.68319,3.70201,-0.51167,cached_path_to_final_target,d,"$4,0,0,0,0,0,0,0,0#",8000,4000,Set tank.c app_speed/duty level to the logged pwm before sending the move key/protocol command; e=stop.,3.27881,8.90317,4,3,0,0.57218,-0.02968,8.90256,3.48821,-0.43863,8.5231,3.5346,3.4882,0.35009,16,-0.0297,4,0,67.70256,25.16802,0.254,0.2813,2,False,running
027eea92b7,formation_7_adaptive_split,62,12.4,1784474400,adaptive_clusters,finish_first,r06,r06,True,upper,member,local,3,3,3.68487,-0.48668,-0.26528,0.31084,0.19529,777,859,59,14,0,0,0000,---,False,0.30306,-0.07243,0.31084,0.19529,4.12666,-0.5903,cached_path_to_final_target,w,"$1,0,0,0,0,0,0,0,0#",16000,17000,Set tank.c app_speed/duty level to the logged pwm before sending the move key/protocol command; e=stop.,3.44679,9.37651,0,2,0,0.13856,0.04777,8.79898,3.48821,-0.43863,8.5231,3.5346,3.4882,0.35009,16,-0.0297,4,0,67.70256,25.16802,0.254,0.2813,2,False,running
027eea92b7,formation_7_adaptive_split,62,12.4,1784474400,adaptive_clusters,finish_first,r07,r07,True,upper,member,local,2,3,3.30967,0.6377,0.12022,0.3116,0.00159,820,820,-43,54,0,0,0000,---,False,0.30934,0.03745,0.3116,0.00159,3.76829,0.69323,cached_path_to_final_target,w,"$1,0,0,0,0,0,0,0,0#",16000,16000,Set tank.c app_speed/duty level to the logged pwm before sending the move key/protocol command; e=stop.,3.80468,10.12469,0,0,0,0.53503,0.12674,8.20347,3.48821,-0.43863,8.5231,3.5346,3.4882,0.35009,16,-0.0297,4,0,67.70256,25.16802,0.254,0.2813,2,False,running
027eea92b7,formation_7_adaptive_split,63,12.6,1784474600,adaptive_clusters,finish_first,r01,r01,True,lower,member,local,3,3,3.87314,-1.01064,-0.42124,0.379,-0.20288,1000,955,96,57,0,0,0000,---,False,0.34165,-0.16636,0.379,-0.20288,4.32652,-0.96973,cached_path_to_final_target,w,"$1,0,0,0,0,0,0,0,0#",20000,19000,Set tank.c app_speed/duty level to the logged pwm before sending the move key/protocol command; e=stop.,3.87938,10.38519,0,2,0,0.53168,0.05246,8.22311,3.53665,-0.45828,8.4757,3.5868,3.5367,0.37933,18,-0.0297,5,0,68.74416,25.54696,0.2707,0.2807,2,False,running
027eea92b7,formation_7_adaptive_split,63,12.6,1784474600,adaptive_clusters,finish_first,r02,r02,True,lower,member,local,3,3,3.43065,-0.84188,-0.49727,0.32419,-1.43821,1000,550,76,57,0,0,0000,---,False,0.27584,-0.26137,0.32419,-1.43821,3.89952,-0.82395,cached_path_to_final_target,d,"$4,0,0,0,0,0,0,0,0#",20000,11000,Set tank.c app_speed/duty level to the logged pwm before sending the move key/protocol command; e=stop.,3.73682,10.03055,0,0,0,0.57061,0.06371,8.48601,3.53665,-0.45828,8.4757,3.5868,3.5367,0.37933,18,-0.0297,5,0,68.74416,25.54696,0.2707,0.2807,2,False,running
027eea92b7,formation_7_adaptive_split,63,12.6,1784474600,adaptive_clusters,finish_first,r03,r03,True,lower,member,local,3,3,4.13565,-0.66998,-0.37156,0.37985,0.07772,983,1000,106,23,0,0,0000,---,False,0.35573,-0.13363,0.37985,0.07772,4.58439,-0.68088,cached_path_to_final_target,w,"$1,0,0,0,0,0,0,0,0#",20000,20000,Set tank.c app_speed/duty level to the logged pwm before sending the move key/protocol command; e=stop.,3.90118,10.38309,0,2,0,0.15035,0.05246,8.15004,3.53665,-0.45828,8.4757,3.5868,3.5367,0.37933,18,-0.0297,5,0,68.74416,25.54696,0.2707,0.2807,2,False,running
027eea92b7,formation_7_adaptive_split,63,12.6,1784474600,adaptive_clusters,finish_first,r04,r04,True,upper,member,local,2,3,2.99673,-0.41904,-0.94782,0.09158,-1.17661,489,-7,74,77,0,0,0000,---,False,0.14923,-0.31857,0.09158,-1.17661,3.52799,-0.48926,cached_path_to_final_target,d,"$0,2,0,0,0,0,0,0,0#",10000,-4000,Set tank.c app_speed/duty level to the logged pwm before sending the move key/protocol command; e=stop.,3.35528,9.13957,5,1,0,0.77228,-0.02968,8.7227,3.53665,-0.45828,8.4757,3.5868,3.5367,0.37933,18,-0.0297,5,0,68.74416,25.54696,0.2707,0.2807,2,False,running
027eea92b7,formation_7_adaptive_split,63,12.6,1784474600,adaptive_clusters,finish_first,r05,r05,True,upper,member,local,2,3,3.20563,-0.39703,-0.84856,0.08508,0.41681,136,312,70,56,0,0,0000,---,False,0.10551,-0.02761,0.08508,0.41681,3.7194,-0.52168,cached_path_to_final_target,a,"$3,0,0,0,0,0,0,0,0#",4000,6000,Set tank.c app_speed/duty level to the logged pwm before sending the move key/protocol command; e=stop.,3.29583,8.9599,5,3,0,0.56222,-0.02968,8.89209,3.53665,-0.45828,8.4757,3.5868,3.5367,0.37933,18,-0.0297,5,0,68.74416,25.54696,0.2707,0.2807,2,False,running
027eea92b7,formation_7_adaptive_split,63,12.6,1784474600,adaptive_clusters,finish_first,r06,r06,True,upper,member,local,3,3,3.74322,-0.51459,-0.44623,0.3234,-0.90471,1000,661,74,12,0,0,0000,---,False,0.25978,-0.27734,0.3234,-0.90471,4.18817,-0.58354,cached_path_to_final_target,d,"$4,0,0,0,0,0,0,0,0#",20000,13000,Set tank.c app_speed/duty level to the logged pwm before sending the move key/protocol command; e=stop.,3.51147,9.55591,0,2,0,0.11988,0.04777,8.74283,3.53665,-0.45828,8.4757,3.5868,3.5367,0.37933,18,-0.0297,5,0,68.74416,25.54696,0.2707,0.2807,2,False,running
027eea92b7,formation_7_adaptive_split,63,12.6,1784474600,adaptive_clusters,finish_first,r07,r07,True,upper,member,local,2,3,3.37154,0.64518,0.12035,0.3116,0.00065,820,820,-45,49,0,0,0000,---,False,0.30934,0.03744,0.3116,0.00065,3.83016,0.7007,cached_path_to_final_target,w,"$1,0,0,0,0,0,0,0,0#",16000,16000,Set tank.c app_speed/duty level to the logged pwm before sending the move key/protocol command; e=stop.,3.867,10.28994,0,0,0,0.48563,0.12674,8.14177,3.53665,-0.45828,8.4757,3.5868,3.5367,0.37933,18,-0.0297,5,0,68.74416,25.54696,0.2707,0.2807,2,False,running
027eea92b7,formation_7_adaptive_split,64,12.8,1784474800,adaptive_clusters,finish_first,r01,r01,True,lower,member,local,3,3,3.94283,-1.04091,-0.40965,0.37992,0.05797,988,1000,100,60,0,0,0000,---,False,0.34992,-0.14817,0.37992,0.05797,4.39484,-0.99588,cached_path_to_final_target,w,"$1,0,0,0,0,0,0,0,0#",20000,20000,Set tank.c app_speed/duty level to the logged pwm before sending the move key/protocol command; e=stop.,3.95537,10.5882,0,2,0,0.53168,0.05246,8.15543,3.58213,-0.47606,8.4313,3.6357,3.5821,0.41693,18,-0.0297,6,0,69.75015,25.91668,0.2641,0.2799,2,False,running
027eea92b7,formation_7_adaptive_split,64,12.8,1784474800,adaptive_clusters,finish_first,r02,r02,True,lower,member,local,3,3,3.49109,-0.88494,-0.61896,0.37106,-0.60846,1000,848,87,57,0,0,0000,---,False,0.28704,-0.24901,0.37106,-0.60846,3.95688,-0.84658,cached_path_to_final_target,d,"$4,0,0,0,0,0,0,0,0#",20000,17000,Set tank.c app_speed/duty level to the logged pwm before sending the move key/protocol command; e=stop.,3.81103,10.22888,0,0,0,0.56789,0.06371,8.42919,3.58213,-0.47606,8.4313,3.6357,3.5821,0.41693,18,-0.0297,6,0,69.75015,25.91668,0.2641,0.2799,2,False,running
027eea92b7,formation_7_adaptive_split,64,12.8,1784474800,adaptive_clusters,finish_first,r03,r03,True,lower,member,local,3,3,4.20748,-0.69383,-0.32064,0.37843,0.25459,942,1000,109,26,0,0,0000,---,False,0.36513,-0.10525,0.37843,0.25459,4.6547,-0.70461,cached_path_to_final_target,w,"$1,0,0,0,0,0,0,0,0#",19000,20000,Set tank.c app_speed/duty level to the logged pwm before sending the move key/protocol command; e=stop.,3.97686,10.58069,0,2,0,0.15035,0.05246,8.07979,3.58213,-0.47606,8.4313,3.6357,3.5821,0.41693,18,-0.0297,6,0,69.75015,25.91668,0.2641,0.2799,2,False,running
027eea92b7,formation_7_adaptive_split,64,12.8,1784474800,adaptive_clusters,finish_first,r04,r04,True,upper,member,local,2,3,2.99462,-0.41602,-0.96314,-0.01842,-0.07661,-32,-65,74,77,0,0,0000,---,False,-0.17268,0.24165,-0.01842,-0.07661,3.53774,-0.49598,cached_path_to_final_target,s,"$2,0,0,0,0,0,0,0,0#",-4000,-4000,Set tank.c app_speed/duty level to the logged pwm before sending the move key/protocol command; e=stop.,3.35897,9.16914,6,1,0,0.77228,-0.02968,8.72461,3.58213,-0.47606,8.4313,3.6357,3.5821,0.41693,18,-0.0297,6,0,69.75015,25.91668,0.2641,0.2799,2,False,running
027eea92b7,formation_7_adaptive_split,64,12.8,1784474800,adaptive_clusters,finish_first,r05,r05,True,upper,member,local,2,3,3.20246,-0.39319,-0.88049,-0.02492,-0.15966,-32,-99,72,56,0,0,0000,---,False,-0.18332,0.23368,-0.02492,-0.15966,3.73358,-0.52942,cached_path_to_final_target,s,"$2,0,0,0,0,0,0,0,0#",-4000,-4000,Set tank.c app_speed/duty level to the logged pwm before sending the move key/protocol command; e=stop.,3.30081,8.98767,6,3,0,0.56222,-0.02968,8.89503,3.58213,-0.47606,8.4313,3.6357,3.5821,0.41693,18,-0.0297,6,0,69.75015,25.91668,0.2641,0.2799,2,False,running
027eea92b7,formation_7_adaptive_split,64,12.8,1784474800,adaptive_clusters,finish_first,r06,r06,True,upper,member,local,3,3,3.803,-0.55621,-0.6082,0.36422,-0.80986,1000,788,89,13,0,0,0000,---,False,0.28178,-0.25495,0.36422,-0.80986,4.25125,-0.57615,cached_path_to_final_target,d,"$4,0,0,0,0,0,0,0,0#",20000,16000,Set tank.c app_speed/duty level to the logged pwm before sending the move key/protocol command; e=stop.,3.58432,9.74038,0,2,0,0.11988,0.04777,8.68646,3.58213,-0.47606,8.4313,3.6357,3.5821,0.41693,18,-0.0297,6,0,69.75015,25.91668,0.2641,0.2799,2,False,running
027eea92b7,formation_7_adaptive_split,64,12.8,1784474800,adaptive_clusters,finish_first,r07,r07,True,upper,member,local,2,3,3.43341,0.65267,0.1204,0.3116,0.00026,820,820,-47,44,0,0,0000,---,False,0.30934,0.03744,0.3116,0.00026,3.89203,0.70818,cached_path_to_final_target,w,"$1,0,0,0,0,0,0,0,0#",16000,16000,Set tank.c app_speed/duty level to the logged pwm before sending the move key/protocol command; e=stop.,3.92932,10.45519,0,0,0,0.43886,0.12674,8.08008,3.58213,-0.47606,8.4313,3.6357,3.5821,0.41693,18,-0.0297,6,0,69.75015,25.91668,0.2641,0.2799,2,False,running
027eea92b7,formation_7_adaptive_split,65,13.0,1784475000,adaptive_clusters,finish_first,r01,r01,True,upper,member,local,3,3,3.99823,-1.05088,-0.17806,0.28145,1.15797,497,984,89,61,0,0,0000,---,False,0.31142,0.01055,0.28145,1.15797,4.46411,-1.02325,path_to_final_target,a,"$3,0,0,0,0,0,0,0,0#",10000,20000,Set tank.c app_speed/duty level to the logged pwm before sending the move key/protocol command; e=stop.,4.01166,10.7563,0,2,0,0.53168,0.05246,8.1008,3.62915,-0.49645,8.3856,3.6869,3.6291,0.4508,18,-0.0297,7,0,70.82583,26.29803,0.2724,0.2792,2,False,running
027eea92b7,formation_7_adaptive_split,65,13.0,1784475000,adaptive_clusters,finish_first,r02,r02,True,upper,member,local,3,3,3.55186,-0.93046,-0.64297,0.37965,-0.12002,1000,974,92,58,0,0,0000,---,False,0.29977,-0.23353,0.37965,-0.12002,4.01649,-0.87879,path_to_final_target,w,"$1,0,0,0,0,0,0,0,0#",20000,19000,Set tank.c app_speed/duty level to the logged pwm before sending the move key/protocol command; e=stop.,3.88696,10.43337,0,0,0,0.56789,0.06371,8.37255,3.62915,-0.49645,8.3856,3.6869,3.6291,0.4508,18,-0.0297,7,0,70.82583,26.29803,0.2724,0.2792,2,False,running
027eea92b7,formation_7_adaptive_split,65,13.0,1784475000,adaptive_clusters,finish_first,r03,r03,True,lower,member,local,3,3,4.28051,-0.71299,-0.25655,0.37751,0.32048,926,1000,111,28,0,0,0000,---,False,0.37195,-0.0778,0.37751,0.32048,4.7263,-0.72551,path_to_final_target,w,"$1,0,0,0,0,0,0,0,0#",19000,20000,Set tank.c app_speed/duty level to the logged pwm before sending the move key/protocol command; e=stop.,4.05237,10.77553,0,2,0,0.15035,0.05246,8.00814,3.62915,-0.49645,8.3856,3.6869,3.6291,0.4508,18,-0.0297,7,0,70.82583,26.29803,0.2724,0.2792,2,False,running
027eea92b7,formation_7_adaptive_split,65,13.0,1784475000,adaptive_clusters,finish_first,r04,r04,True,upper,member,local,2,3,3.0037,-0.43192,-1.05225,0.09158,-0.44558,335,147,80,77,0,0,0000,---,False,0.15266,-0.31723,0.09158,-0.44558,3.53907,-0.49668,path_to_final_target,d,"$4,0,0,0,0,0,0,0,0#",7000,4000,Set tank.c app_speed/duty level to the logged pwm before sending the move key/protocol command; e=stop.,3.37728,9.2302,7,1,0,0.76682,-0.02968,8.71658,3.62915,-0.49645,8.3856,3.6869,3.6291,0.4508,18,-0.0297,7,0,70.82583,26.29803,0.2724,0.2792,2,False,running
027eea92b7,formation_7_adaptive_split,65,13.0,1784475000,adaptive_clusters,finish_first,r05,r05,True,upper,member,local,2,3,3.20968,-0.40859,-1.13243,0.08508,-1.25966,489,-41,87,56,0,0,0000,---,False,0.02673,-0.2958,0.08508,-1.25966,3.7381,-0.51867,path_to_final_target,d,"$0,2,0,0,0,0,0,0,0#",10000,-4000,Set tank.c app_speed/duty level to the logged pwm before sending the move key/protocol command; e=stop.,3.31783,9.06081,7,3,0,0.55953,-0.02968,8.88876,3.62915,-0.49645,8.3856,3.6869,3.6291,0.4508,18,-0.0297,7,0,70.82583,26.29803,0.2724,0.2792,2,False,running
027eea92b7,formation_7_adaptive_split,65,13.0,1784475000,adaptive_clusters,finish_first,r06,r06,True,upper,member,local,3,3,3.86476,-0.60046,-0.62158,0.37989,-0.06689,1000,986,96,16,0,0,0000,---,False,0.30658,-0.22452,0.37989,-0.06689,4.32312,-0.56864,path_to_final_target,w,"$1,0,0,0,0,0,0,0,0#",20000,20000,Set tank.c app_speed/duty level to the logged pwm before sending the move key/protocol command; e=stop.,3.66029,9.94919,0,2,0,0.11988,0.04777,8.62858,3.62915,-0.49645,8.3856,3.6869,3.6291,0.4508,18,-0.0297,7,0,70.82583,26.29803,0.2724,0.2792,2,False,running
027eea92b7,formation_7_adaptive_split,65,13.0,1784475000,adaptive_clusters,finish_first,r07,r07,True,upper,member,local,3,3,3.49528,0.66015,0.12042,0.3116,0.0001,820,820,-50,40,0,0,0000,---,False,0.30934,0.03744,0.3116,0.0001,3.9539,0.71566,path_to_final_target,w,"$1,0,0,0,0,0,0,0,0#",16000,16000,Set tank.c app_speed/duty level to the logged pwm before sending the move key/protocol command; e=stop.,3.99164,10.62044,0,0,0,0.39546,0.12674,8.0184,3.62915,-0.49645,8.3856,3.6869,3.6291,0.4508,18,-0.0297,7,0,70.82583,26.29803,0.2724,0.2792,2,False,running
027eea92b7,formation_7_adaptive_split,66,13.2,1784475200,adaptive_clusters,finish_first,r01,r01,True,upper,member,local,3,3,4.03251,-1.05173,-0.02479,0.17145,0.76635,290,613,82,62,0,0,0000,---,False,-0.29565,-0.02836,0.17145,0.76635,4.52367,-1.03787,cached_path_to_final_target,a,"$3,0,0,0,0,0,0,0,0#",6000,12000,Set tank.c app_speed/duty level to the logged pwm before sending the move key/protocol command; e=stop.,4.04595,10.86,0,2,0,0.53168,0.05246,8.06665,3.6669,-0.50288,8.3483,3.7252,3.6669,0.48201,18,-0.0297,8,0,71.67723,26.58667,0.2062,0.2778,2,False,running
027eea92b7,formation_7_adaptive_split,66,13.2,1784475200,adaptive_clusters,finish_first,r02,r02,True,upper,member,local,3,3,3.60049,-0.95377,-0.44697,0.26965,0.97998,503,916,83,58,0,0,0000,---,False,0.3115,0.00783,0.26965,0.97998,4.07694,-0.91726,cached_path_to_final_target,a,"$3,0,0,0,0,0,0,0,0#",10000,18000,Set tank.c app_speed/duty level to the logged pwm before sending the move key/protocol command; e=stop.,3.94089,10.59615,0,0,0,0.56789,0.06371,8.32622,3.6669,-0.50288,8.3483,3.7252,3.6669,0.48201,18,-0.0297,8,0,71.67723,26.58667,0.2062,0.2778,2,False,running
027eea92b7,formation_7_adaptive_split,66,13.2,1784475200,adaptive_clusters,finish_first,r03,r03,True,lower,member,local,3,3,4.35462,-0.72719,-0.18929,0.37726,0.33628,922,1000,113,29,0,0,0000,---,False,0.37647,-0.05169,0.37726,0.33628,4.799,-0.74373,cached_path_to_final_target,a,"$3,0,0,0,0,0,0,0,0#",18000,20000,Set tank.c app_speed/duty level to the logged pwm before sending the move key/protocol command; e=stop.,4.12782,10.96942,0,2,0,0.15035,0.05246,7.93515,3.6669,-0.50288,8.3483,3.7252,3.6669,0.48201,18,-0.0297,8,0,71.67723,26.58667,0.2062,0.2778,2,False,running
027eea92b7,formation_7_adaptive_split,66,13.2,1784475200,adaptive_clusters,finish_first,r04,r04,True,upper,member,local,2,3,3.00168,-0.42885,-0.98882,-0.01842,0.31716,-115,18,76,77,0,0,0000,---,False,-0.17542,0.23967,-0.01842,0.31716,3.54644,-0.50369,cached_path_to_final_target,a,"$0,1,0,0,0,0,0,0,0#",-4000,4000,Set tank.c app_speed/duty level to the logged pwm before sending the move key/protocol command; e=stop.,3.38097,9.26,8,1,0,0.76682,-0.02968,8.7184,3.6669,-0.50288,8.3483,3.7252,3.6669,0.48201,18,-0.0297,8,0,71.67723,26.58667,0.2062,0.2778,2,False,running
027eea92b7,formation_7_adaptive_split,66,13.2,1784475200,adaptive_clusters,finish_first,r05,r05,True,upper,member,local,2,3,3.20771,-0.40402,-1.16436,-0.02492,-0.15966,-32,-99,89,56,0,0,0000,---,False,-0.18598,0.23157,-0.02492,-0.15966,3.74567,-0.52089,cached_path_to_final_target,s,"$2,0,0,0,0,0,0,0,0#",-4000,-4000,Set tank.c app_speed/duty level to the logged pwm before sending the move key/protocol command; e=stop.,3.32281,9.09381,8,3,0,0.55953,-0.02968,8.89044,3.6669,-0.50288,8.3483,3.7252,3.6669,0.48201,18,-0.0297,8,0,71.67723,26.58667,0.2062,0.2778,2,False,running
027eea92b7,formation_7_adaptive_split,66,13.2,1784475200,adaptive_clusters,finish_first,r06,r06,True,upper,member,local,3,3,3.91416,-0.62222,-0.41496,0.26989,1.03311,493,928,89,19,0,0,0000,---,False,0.31155,0.00539,0.26989,1.03311,4.38797,-0.5914,cached_path_to_final_target,a,"$3,0,0,0,0,0,0,0,0#",10000,19000,Set tank.c app_speed/duty level to the logged pwm before sending the move key/protocol command; e=stop.,3.71427,10.11217,0,2,0,0.11988,0.04777,8.58128,3.6669,-0.50288,8.3483,3.7252,3.6669,0.48201,18,-0.0297,8,0,71.67723,26.58667,0.2062,0.2778,2,False,running
027eea92b7,formation_7_adaptive_split,66,13.2,1784475200,adaptive_clusters,finish_first,r07,r07,True,upper,member,local,3,3,3.55715,0.66764,0.12043,0.3116,4e-05,820,820,-53,36,0,0,0000,---,False,0.30934,0.03744,0.3116,4e-05,4.01577,0.72314,cached_path_to_final_target,w,"$1,0,0,0,0,0,0,0,0#",16000,16000,Set tank.c app_speed/duty level to the logged pwm before sending the move key/protocol command; e=stop.,4.05396,10.78569,0,0,0,0.35635,0.12674,7.95673,3.6669,-0.50288,8.3483,3.7252,3.6669,0.48201,18,-0.0297,8,0,71.67723,26.58667,0.2062,0.2778,2,False,running
027eea92b7,formation_7_adaptive_split,67,13.4,1784475400,adaptive_clusters,finish_first,r01,r01,True,upper,member,local,3,3,4.08857,-1.05687,-0.09152,0.28145,-0.33365,811,670,89,62,0,0,0000,---,False,0.36336,-0.11121,0.28145,-0.33365,4.56553,-1.04278,cached_path_to_final_target,d,"$4,0,0,0,0,0,0,0,0#",16000,13000,Set tank.c app_speed/duty level to the logged pwm before sending the move key/protocol command; e=stop.,4.10224,11.02903,0,2,0,0.53168,0.05246,8.01106,3.71421,-0.51371,8.3017,3.7737,3.7142,0.51289,19,-0.0297,9,0,72.70204,26.94319,0.2547,0.2772,2,False,running
027eea92b7,formation_7_adaptive_split,67,13.4,1784475400,adaptive_clusters,finish_first,r02,r02,True,upper,member,local,3,3,3.6552,-0.96406,-0.18581,0.27833,1.30579,458,1000,71,56,0,0,0000,---,False,0.31154,0.00604,0.27833,1.30579,4.12913,-0.94352,cached_path_to_final_target,a,"$3,0,0,0,0,0,0,0,0#",9000,20000,Set tank.c app_speed/duty level to the logged pwm before sending the move key/protocol command; e=stop.,3.99656,10.74701,0,0,0,0.56478,0.06371,8.2727,3.71421,-0.51371,8.3017,3.7737,3.7142,0.51289,19,-0.0297,9,0,72.70204,26.94319,0.2547,0.2772,2,False,running
027eea92b7,formation_7_adaptive_split,67,13.4,1784475400,adaptive_clusters,finish_first,r03,r03,True,lower,member,local,3,3,4.42952,-0.73644,-0.12285,0.37733,0.33221,923,1000,114,30,0,0,0000,---,False,0.37905,-0.02682,0.37733,0.33221,4.87276,-0.75815,cached_path_to_final_target,a,"$3,0,0,0,0,0,0,0,0#",18000,20000,Set tank.c app_speed/duty level to the logged pwm before sending the move key/protocol command; e=stop.,4.20329,11.16327,0,2,0,0.15035,0.05246,7.86106,3.71421,-0.51371,8.3017,3.7737,3.7142,0.51289,19,-0.0297,9,0,72.70204,26.94319,0.2547,0.2772,2,False,running
027eea92b7,formation_7_adaptive_split,67,13.4,1784475400,adaptive_clusters,finish_first,r04,r04,True,upper,member,local,2,3,3.00923,-0.44553,-1.14539,0.09158,-0.78284,406,76,86,76,0,0,0000,---,False,0.01732,-0.2965,0.09158,-0.78284,3.54712,-0.50447,cached_path_to_final_target,d,"$4,0,0,0,0,0,0,0,0#",8000,4000,Set tank.c app_speed/duty level to the logged pwm before sending the move key/protocol command; e=stop.,3.39928,9.32837,9,1,0,0.7631,-0.02968,8.71196,3.71421,-0.51371,8.3017,3.7737,3.7142,0.51289,19,-0.0297,9,0,72.70204,26.94319,0.2547,0.2772,2,False,running
027eea92b7,formation_7_adaptive_split,67,13.4,1784475400,adaptive_clusters,finish_first,r05,r05,True,upper,member,local,2,3,3.21479,-0.41449,-0.97629,0.06324,0.94034,-32,364,79,56,0,0,0000,---,False,0.10662,-0.02296,0.06324,0.94034,3.74622,-0.51997,cached_path_to_final_target,a,"$0,1,0,0,0,0,0,0,0#",-4000,7000,Set tank.c app_speed/duty level to the logged pwm before sending the move key/protocol command; e=stop.,3.33546,9.15171,9,3,0,0.55523,-0.02968,8.88402,3.71421,-0.51371,8.3017,3.7737,3.7142,0.51289,19,-0.0297,9,0,72.70204,26.94319,0.2547,0.2772,2,False,running
027eea92b7,formation_7_adaptive_split,67,13.4,1784475400,adaptive_clusters,finish_first,r06,r06,True,upper,member,local,3,3,3.98313,-0.65371,-0.42834,0.37908,-0.06689,1000,983,96,22,0,0,0000,---,False,0.33624,-0.17704,0.37908,-0.06689,4.442,-0.61041,cached_path_to_final_target,w,"$1,0,0,0,0,0,0,0,0#",20000,20000,Set tank.c app_speed/duty level to the logged pwm before sending the move key/protocol command; e=stop.,3.79009,10.33172,0,2,0,0.11988,0.04777,8.51547,3.71421,-0.51371,8.3017,3.7737,3.7142,0.51289,19,-0.0297,9,0,72.70204,26.94319,0.2547,0.2772,2,False,running
027eea92b7,formation_7_adaptive_split,67,13.4,1784475400,adaptive_clusters,finish_first,r07,r07,True,upper,member,local,3,3,3.61902,0.67513,0.12043,0.3116,2e-05,820,820,-56,32,0,0,0000,---,False,0.30934,0.03744,0.3116,2e-05,4.07764,0.73063,cached_path_to_final_target,w,"$1,0,0,0,0,0,0,0,0#",16000,16000,Set tank.c app_speed/duty level to the logged pwm before sending the move key/protocol command; e=stop.,4.11628,10.95093,0,0,0,0.32271,0.12674,7.89507,3.71421,-0.51371,8.3017,3.7737,3.7142,0.51289,19,-0.0297,9,0,72.70204,26.94319,0.2547,0.2772,2,False,running
027eea92b7,formation_7_adaptive_split,68,13.6,1784475600,adaptive_clusters,finish_first,r01,r01,True,upper,member,local,3,3,4.16219,-1.07073,-0.1861,0.37459,-0.47292,1000,886,99,63,0,0,0000,---,False,0.36719,-0.09784,0.37459,-0.47292,4.61732,-1.04754,cached_path_to_final_target,d,"$4,0,0,0,0,0,0,0,0#",20000,18000,Set tank.c app_speed/duty level to the logged pwm before sending the move key/protocol command; e=stop.,4.17716,11.22797,0,2,0,0.53168,0.05246,7.93856,3.76579,-0.52012,8.2506,3.8257,3.7658,0.54885,19,-0.0297,9,0,73.77703,27.32584,0.2733,0.2769,2,False,running
027eea92b7,formation_7_adaptive_split,68,13.6,1784475600,adaptive_clusters,finish_first,r02,r02,True,upper,member,local,3,3,3.71614,-0.96865,-0.07522,0.30554,0.55297,688,920,68,55,0,0,0000,---,False,0.31158,0.00364,0.30554,0.55297,4.18308,-0.95789,cached_path_to_final_target,a,"$3,0,0,0,0,0,0,0,0#",14000,18000,Set tank.c app_speed/duty level to the logged pwm before sending the move key/protocol command; e=stop.,4.05766,10.91874,0,0,0,0.55194,0.06371,8.21247,3.76579,-0.52012,8.2506,3.8257,3.7658,0.54885,19,-0.0297,9,0,73.77703,27.32584,0.2733,0.2769,2,False,running
027eea92b7,formation_7_adaptive_split,68,13.6,1784475600,adaptive_clusters,finish_first,r03,r03,True,lower,member,local,3,3,4.50489,-0.74087,-0.05876,0.37751,0.32044,926,1000,116,30,0,0,0000,---,False,0.37999,-0.0032,0.37751,0.32044,4.94734,-0.76848,cached_path_to_final_target,w,"$1,0,0,0,0,0,0,0,0#",19000,20000,Set tank.c app_speed/duty level to the logged pwm before sending the move key/protocol command; e=stop.,4.27879,11.35752,0,2,0,0.15035,0.05246,7.78619,3.76579,-0.52012,8.2506,3.8257,3.7658,0.54885,19,-0.0297,9,0,73.77703,27.32584,0.2733,0.2769,2,False,running
027eea92b7,formation_7_adaptive_split,68,13.6,1784475600,adaptive_clusters,finish_first,r04,r04,True,upper,member,local,2,3,3.0075,-0.44228,-1.08196,-0.01842,0.31716,-115,18,82,76,0,0,0000,---,False,-0.17817,0.23763,-0.01842,0.31716,3.55324,-0.51169,cached_path_to_final_target,a,"$0,1,0,0,0,0,0,0,0#",-4000,4000,Set tank.c app_speed/duty level to the logged pwm before sending the move key/protocol command; e=stop.,3.40297,9.36154,9,2,0,0.7631,-0.02968,8.71347,3.76579,-0.52012,8.2506,3.8257,3.7658,0.54885,19,-0.0297,9,0,73.77703,27.32584,0.2733,0.2769,2,False,running
027eea92b7,formation_7_adaptive_split,68,13.6,1784475600,adaptive_clusters,finish_first,r05,r05,True,upper,member,local,2,3,3.23916,-0.43005,-0.56822,0.14455,2.04034,-49,810,57,53,0,0,0000,---,False,0.19849,-0.04028,0.14455,2.04034,3.75208,-0.52352,cached_path_to_final_target,a,"$0,1,0,0,0,0,0,0,0#",-4000,16000,Set tank.c app_speed/duty level to the logged pwm before sending the move key/protocol command; e=stop.,3.36437,9.2557,9,4,0,0.53344,-0.02968,8.86069,3.76579,-0.52012,8.2506,3.8257,3.7658,0.54885,19,-0.0297,9,0,73.77703,27.32584,0.2733,0.2769,2,False,running
027eea92b7,formation_7_adaptive_split,68,13.6,1784475600,adaptive_clusters,finish_first,r06,r06,True,upper,member,local,3,3,4.05269,-0.68427,-0.41397,0.37987,0.07184,985,1000,102,25,0,0,0000,---,False,0.34961,-0.14892,0.37987,0.07184,4.50642,-0.63356,cached_path_to_final_target,w,"$1,0,0,0,0,0,0,0,0#",20000,20000,Set tank.c app_speed/duty level to the logged pwm before sending the move key/protocol command; e=stop.,3.86606,10.53319,0,2,0,0.11988,0.04777,8.44915,3.76579,-0.52012,8.2506,3.8257,3.7658,0.54885,19,-0.0297,9,0,73.77703,27.32584,0.2733,0.2769,2,False,running
027eea92b7,formation_7_adaptive_split,68,13.6,1784475600,adaptive_clusters,finish_first,r07,r07,True,upper,member,local,3,3,3.67798,0.69601,0.34044,0.31276,1.10002,591,1000,-73,31,0,0,0000,---,False,0.28457,0.25184,0.31276,1.10002,4.13951,0.73812,cached_path_to_final_target,a,"$3,0,0,0,0,0,0,0,0#",12000,20000,Set tank.c app_speed/duty level to the logged pwm before sending the move key/protocol command; e=stop.,4.17884,11.12238,0,0,0,0.30906,0.12674,7.83671,3.76579,-0.52012,8.2506,3.8257,3.7658,0.54885,19,-0.0297,9,0,73.77703,27.32584,0.2733,0.2769,2,False,running
027eea92b7,formation_7_adaptive_split,69,13.8,1784475800,adaptive_clusters,finish_first,r01,r01,True,upper,member,local,3,3,4.2367,-1.08565,-0.19761,0.37992,-0.05753,1000,988,103,65,0,0,0000,---,False,0.37192,-0.07797,0.37992,-0.05753,4.68424,-1.0516,path_to_final_target,w,"$1,0,0,0,0,0,0,0,0#",20000,20000,Set tank.c app_speed/duty level to the logged pwm before sending the move key/protocol command; e=stop.,4.25314,11.43287,0,2,0,0.53168,0.05246,7.8653,3.81835,-0.52008,8.1982,3.8783,3.8184,0.59066,20,-0.0297,9,0,74.91245,27.74911,0.3023,0.2767,2,False,running
027eea92b7,formation_7_adaptive_split,69,13.8,1784475800,adaptive_clusters,finish_first,r02,r02,True,upper,member,local,3,3,3.77822,-0.97047,-0.02937,0.31056,0.22923,769,866,68,54,0,0,0000,---,False,0.31159,0.00207,0.31056,0.22923,4.24192,-0.96515,path_to_final_target,a,"$3,0,0,0,0,0,0,0,0#",15000,17000,Set tank.c app_speed/duty level to the logged pwm before sending the move key/protocol command; e=stop.,4.11978,11.08712,0,0,0,0.54167,0.06371,8.15085,3.81835,-0.52008,8.1982,3.8783,3.8184,0.59066,20,-0.0297,9,0,74.91245,27.74911,0.3023,0.2767,2,False,running
027eea92b7,formation_7_adaptive_split,69,13.8,1784475800,adaptive_clusters,finish_first,r03,r03,True,lower,member,local,3,3,4.58043,-0.74069,0.00241,0.37773,0.30589,930,1000,117,31,0,0,0000,---,False,0.37952,0.01918,0.37773,0.30589,5.02247,-0.77474,path_to_final_target,w,"$1,0,0,0,0,0,0,0,0#",19000,20000,Set tank.c app_speed/duty level to the logged pwm before sending the move key/protocol command; e=stop.,4.35434,11.55219,0,2,0,0.15035,0.05246,7.71082,3.81835,-0.52008,8.1982,3.8783,3.8184,0.59066,20,-0.0297,9,0,74.91245,27.74911,0.3023,0.2767,2,False,running
027eea92b7,formation_7_adaptive_split,69,13.8,1784475800,adaptive_clusters,finish_first,r04,r04,True,upper,member,local,2,3,2.99448,-0.42212,-0.99703,-0.12,0.42461,-405,-226,76,77,0,0,0000,---,False,-0.17749,0.23814,-0.12,0.42461,3.55428,-0.50823,path_to_final_target,a,"$3,0,0,0,0,0,0,0,0#",-8000,-5000,Set tank.c app_speed/duty level to the logged pwm before sending the move key/protocol command; e=stop.,3.42697,9.43432,9,2,0,0.7631,-0.02968,8.72514,3.81835,-0.52008,8.1982,3.8783,3.8184,0.59066,20,-0.0297,9,0,74.91245,27.74911,0.3023,0.2767,2,False,running
027eea92b7,formation_7_adaptive_split,69,13.8,1784475800,adaptive_clusters,finish_first,r05,r05,True,upper,member,local,2,3,3.27485,-0.44431,-0.38015,0.19218,0.94034,308,704,47,50,0,0,0000,---,False,0.04012,-0.29429,0.19218,0.94034,3.77174,-0.53121,path_to_final_target,a,"$3,0,0,0,0,0,0,0,0#",6000,14000,Set tank.c app_speed/duty level to the logged pwm before sending the move key/protocol command; e=stop.,3.40281,9.37248,9,4,0,0.50088,-0.02968,8.82601,3.81835,-0.52008,8.1982,3.8783,3.8184,0.59066,20,-0.0297,9,0,74.91245,27.74911,0.3023,0.2767,2,False,running
027eea92b7,formation_7_adaptive_split,69,13.8,1784475800,adaptive_clusters,finish_first,r06,r06,True,upper,member,local,3,3,4.1237,-0.70947,-0.34103,0.37678,0.36469,915,1000,103,27,0,0,0000,---,False,0.36481,-0.10637,0.37678,0.36469,4.56626,-0.58972,path_to_final_target,a,"$3,0,0,0,0,0,0,0,0#",18000,20000,Set tank.c app_speed/duty level to the logged pwm before sending the move key/protocol command; e=stop.,3.94142,10.72937,0,2,0,0.11988,0.04777,8.38099,3.81835,-0.52008,8.1982,3.8783,3.8184,0.59066,20,-0.0297,9,0,74.91245,27.74911,0.3023,0.2767,2,False,running
027eea92b7,formation_7_adaptive_split,69,13.8,1784475800,adaptive_clusters,finish_first,r07,r07,True,upper,member,local,3,3,3.74007,0.73213,0.52683,0.35915,0.93194,749,1000,-88,32,0,0,0000,---,False,0.29708,0.23695,0.35915,0.93194,4.19961,0.75269,path_to_final_target,a,"$3,0,0,0,0,0,0,0,0#",15000,20000,Set tank.c app_speed/duty level to the logged pwm before sending the move key/protocol command; e=stop.,4.25066,11.30411,0,0,0,0.30906,0.12674,7.77578,3.81835,-0.52008,8.1982,3.8783,3.8184,0.59066,20,-0.0297,9,0,74.91245,27.74911,0.3023,0.2767,2,False,running
027eea92b7,formation_7_adaptive_split,70,14.0,1784476000,adaptive_clusters,finish_first,r01,r01,True,upper,member,local,3,3,4.31148,-1.09886,-0.17477,0.37968,0.11419,975,1000,106,66,0,0,0000,---,False,0.37534,-0.05935,0.37968,0.11419,4.75644,-1.06232,cached_path_to_final_target,w,"$1,0,0,0,0,0,0,0,0#",20000,20000,Set tank.c app_speed/duty level to the logged pwm before sending the move key/protocol command; e=stop.,4.32908,11.63362,0,2,0,0.53168,0.05246,7.79169,3.87096,-0.51912,8.1456,3.9309,3.871,0.63796,19,-0.0297,9,0,76.05422,28.17481,0.3041,0.2765,2,False,running
027eea92b7,formation_7_adaptive_split,70,14.0,1784476000,adaptive_clusters,finish_first,r02,r02,True,upper,member,local,3,3,3.84536,-0.98433,-0.20352,0.34277,-0.87077,1000,719,82,55,0,0,0000,---,False,0.3378,-0.17404,0.34277,-0.87077,4.30303,-0.9685,cached_path_to_final_target,d,"$4,0,0,0,0,0,0,0,0#",20000,14000,Set tank.c app_speed/duty level to the logged pwm before sending the move key/protocol command; e=stop.,4.18833,11.27397,0,0,0,0.54167,0.06371,8.08537,3.87096,-0.51912,8.1456,3.9309,3.871,0.63796,19,-0.0297,9,0,76.05422,28.17481,0.3041,0.2765,2,False,running
027eea92b7,formation_7_adaptive_split,70,14.0,1784476000,adaptive_clusters,finish_first,r03,r03,True,lower,member,local,3,3,4.65589,-0.73612,0.06053,0.37796,0.29057,933,1000,118,32,0,0,0000,---,False,0.37786,0.04028,0.37796,0.29057,5.09786,-0.77711,cached_path_to_final_target,w,"$1,0,0,0,0,0,0,0,0#",19000,20000,Set tank.c app_speed/duty level to the logged pwm before sending the move key/protocol command; e=stop.,4.42993,11.74717,0,2,0,0.15035,0.05246,7.63524,3.87096,-0.51912,8.1456,3.9309,3.871,0.63796,19,-0.0297,9,0,76.05422,28.17481,0.3041,0.2765,2,False,running
027eea92b7,formation_7_adaptive_split,70,14.0,1784476000,adaptive_clusters,finish_first,r04,r04,True,upper,member,local,2,3,2.98091,-0.40232,-0.96994,-0.12,0.13547,-344,-287,74,79,0,0,0000,---,False,-0.17309,0.24136,-0.12,0.13547,3.54484,-0.49815,cached_path_to_final_target,s,"$2,0,0,0,0,0,0,0,0#",-7000,-6000,Set tank.c app_speed/duty level to the logged pwm before sending the move key/protocol command; e=stop.,3.45097,9.50079,9,2,0,0.7631,-0.02968,8.73743,3.87096,-0.51912,8.1456,3.9309,3.871,0.63796,19,-0.0297,9,0,76.05422,28.17481,0.3041,0.2765,2,False,running
027eea92b7,formation_7_adaptive_split,70,14.0,1784476000,adaptive_clusters,finish_first,r05,r05,True,upper,member,local,3,3,3.30295,-0.4566,-0.41208,0.15335,-0.15966,437,370,51,48,0,0,0000,---,False,0.04802,-0.2931,0.15335,-0.15966,3.80321,-0.54038,cached_path_to_final_target,d,"$4,0,0,0,0,0,0,0,0#",9000,7000,Set tank.c app_speed/duty level to the logged pwm before sending the move key/protocol command; e=stop.,3.43348,9.4679,9,4,0,0.47597,-0.02968,8.79879,3.87096,-0.51912,8.1456,3.9309,3.871,0.63796,19,-0.0297,9,0,76.05422,28.17481,0.3041,0.2765,2,False,running
027eea92b7,formation_7_adaptive_split,70,14.0,1784476000,adaptive_clusters,finish_first,r06,r06,True,upper,member,local,3,3,4.19638,-0.7288,-0.2599,0.37602,0.40566,904,1000,105,29,0,0,0000,---,False,0.37271,-0.07406,0.37602,0.40566,4.63309,-0.59034,cached_path_to_final_target,a,"$3,0,0,0,0,0,0,0,0#",18000,20000,Set tank.c app_speed/duty level to the logged pwm before sending the move key/protocol command; e=stop.,4.01662,10.92175,0,2,0,0.11988,0.04777,8.31069,3.87096,-0.51912,8.1456,3.9309,3.871,0.63796,19,-0.0297,9,0,76.05422,28.17481,0.3041,0.2765,2,False,running
027eea92b7,formation_7_adaptive_split,70,14.0,1784476000,adaptive_clusters,finish_first,r07,r07,True,upper,member,local,3,3,3.80373,0.77317,0.5726,0.37873,0.22888,948,1000,-96,34,0,0,0000,---,False,0.31178,0.21724,0.37873,0.22888,4.26165,0.77735,cached_path_to_final_target,w,"$1,0,0,0,0,0,0,0,0#",19000,20000,Set tank.c app_speed/duty level to the logged pwm before sending the move key/protocol command; e=stop.,4.32641,11.50902,0,0,0,0.30906,0.12674,7.71365,3.87096,-0.51912,8.1456,3.9309,3.871,0.63796,19,-0.0297,9,0,76.05422,28.17481,0.3041,0.2765,2,False,running
027eea92b7,formation_7_adaptive_split,71,14.2,1784476200,adaptive_clusters,finish_first,r01,r01,True,upper,member,local,3,3,4.38659,-1.10932,-0.13845,0.3792,0.18161,960,1000,107,67,0,0,0000,---,False,0.37771,-0.04168,0.3792,0.18161,4.83041,-1.07392,cached_path_to_final_target,w,"$1,0,0,0,0,0,0,0,0#",19000,20000,Set tank.c app_speed/duty level to the logged pwm before sending the move key/protocol command; e=stop.,4.40492,11.83185,0,2,0,0.53168,0.05246,7.71759,3.92405,-0.51914,8.0926,3.984,3.924,0.68673,19,-0.0297,9,0,77.19918,28.609,0.3101,0.2763,2,False,running
027eea92b7,formation_7_adaptive_split,71,14.2,1784476200,adaptive_clusters,finish_first,r02,r02,True,upper,member,local,3,3,3.91545,-1.0083,-0.3296,0.37041,-0.63037,1000,842,93,57,0,0,0000,---,False,0.34562,-0.15795,0.37041,-0.63037,4.36836,-0.97838,cached_path_to_final_target,d,"$4,0,0,0,0,0,0,0,0#",20000,17000,Set tank.c app_speed/duty level to the logged pwm before sending the move key/protocol command; e=stop.,4.26241,11.46427,0,0,0,0.54167,0.06371,8.01804,3.92405,-0.51914,8.0926,3.984,3.924,0.68673,19,-0.0297,9,0,77.19918,28.609,0.3101,0.2763,2,False,running
027eea92b7,formation_7_adaptive_split,71,14.2,1784476200,adaptive_clusters,finish_first,r03,r03,True,lower,member,local,3,3,4.73102,-0.72739,0.11559,0.37816,0.27531,937,1000,120,34,0,0,0000,---,False,0.37522,0.06011,0.37816,0.27531,5.17321,-0.77577,cached_path_to_final_target,w,"$1,0,0,0,0,0,0,0,0#",19000,20000,Set tank.c app_speed/duty level to the logged pwm before sending the move key/protocol command; e=stop.,4.50556,11.94256,0,2,0,0.15035,0.05246,7.55968,3.92405,-0.51914,8.0926,3.984,3.924,0.68673,19,-0.0297,9,0,77.19918,28.609,0.3101,0.2763,2,False,running
027eea92b7,formation_7_adaptive_split,71,14.2,1784476200,adaptive_clusters,finish_first,r04,r04,True,upper,member,local,2,3,2.9673,-0.38255,-0.96813,-0.12,0.00907,-318,-314,73,80,0,0,0000,---,False,-0.16871,0.24444,-0.12,0.00907,3.53184,-0.4861,cached_path_to_final_target,s,"$2,0,0,0,0,0,0,0,0#",-6000,-6000,Set tank.c app_speed/duty level to the logged pwm before sending the move key/protocol command; e=stop.,3.47497,9.56574,9,2,0,0.7631,-0.02968,8.7498,3.92405,-0.51914,8.0926,3.984,3.924,0.68673,19,-0.0297,9,0,77.19918,28.609,0.3101,0.2763,2,False,running
027eea92b7,formation_7_adaptive_split,71,14.2,1784476200,adaptive_clusters,finish_first,r05,r05,True,upper,member,local,3,3,3.32927,-0.47719,-0.66401,0.16711,-1.25966,705,175,67,46,0,0,0000,---,False,0.05478,-0.29191,0.16711,-1.25966,3.83289,-0.54862,cached_path_to_final_target,d,"$4,0,0,0,0,0,0,0,0#",14000,4000,Set tank.c app_speed/duty level to the logged pwm before sending the move key/protocol command; e=stop.,3.4669,9.56866,9,4,0,0.45553,-0.02968,8.77396,3.92405,-0.51914,8.0926,3.984,3.924,0.68673,19,-0.0297,9,0,77.19918,28.609,0.3101,0.2763,2,False,running
027eea92b7,formation_7_adaptive_split,71,14.2,1784476200,adaptive_clusters,finish_first,r06,r06,True,upper,member,local,3,3,4.2704,-0.74238,-0.18145,0.37628,0.39222,908,1000,106,31,0,0,0000,---,False,0.37728,-0.04542,0.37628,0.39222,4.70323,-0.60059,cached_path_to_final_target,a,"$3,0,0,0,0,0,0,0,0#",18000,20000,Set tank.c app_speed/duty level to the logged pwm before sending the move key/protocol command; e=stop.,4.09188,11.11421,0,2,0,0.11988,0.04777,8.23853,3.92405,-0.51914,8.0926,3.984,3.924,0.68673,19,-0.0297,9,0,77.19918,28.609,0.3101,0.2763,2,False,running
027eea92b7,formation_7_adaptive_split,71,14.2,1784476200,adaptive_clusters,finish_first,r07,r07,True,upper,member,local,3,3,3.8683,0.81319,0.55492,0.37981,-0.0884,1000,981,-100,38,0,0,0000,---,False,0.32573,0.19571,0.37981,-0.0884,4.3254,0.80732,cached_path_to_final_target,w,"$1,0,0,0,0,0,0,0,0#",20000,20000,Set tank.c app_speed/duty level to the logged pwm before sending the move key/protocol command; e=stop.,4.40237,11.7119,0,0,0,0.30906,0.12674,7.65083,3.92405,-0.51914,8.0926,3.984,3.924,0.68673,19,-0.0297,9,0,77.19918,28.609,0.3101,0.2763,2,False,running
027eea92b7,formation_7_adaptive_split,72,14.4,1784476400,adaptive_clusters,finish_first,r01,r01,True,upper,member,local,3,3,4.46203,-1.11669,-0.09733,0.37898,0.20556,954,1000,109,68,0,0,0000,---,False,0.3792,-0.02469,0.37898,0.20556,4.90516,-1.08399,cached_path_to_final_target,w,"$1,0,0,0,0,0,0,0,0#",19000,20000,Set tank.c app_speed/duty level to the logged pwm before sending the move key/protocol command; e=stop.,4.48071,12.02903,0,2,0,0.53168,0.05246,7.64295,3.98154,-0.5228,8.0355,4.0416,3.9815,0.72845,19,-0.0297,9,0,78.41734,29.04378,0.3106,0.2765,2,False,running
027eea92b7,formation_7_adaptive_split,72,14.4,1784476400,adaptive_clusters,finish_first,r02,r02,True,upper,member,local,3,3,3.98662,-1.03474,-0.35568,0.37959,-0.13039,1000,971,99,60,0,0,0000,---,False,0.35343,-0.1396,0.37959,-0.13039,4.43702,-0.99668,cached_path_to_final_target,w,"$1,0,0,0,0,0,0,0,0#",20000,19000,Set tank.c app_speed/duty level to the logged pwm before sending the move key/protocol command; e=stop.,4.33833,11.66862,0,0,0,0.54167,0.06371,7.95002,3.98154,-0.5228,8.0355,4.0416,3.9815,0.72845,19,-0.0297,9,0,78.41734,29.04378,0.3106,0.2765,2,False,running
027eea92b7,formation_7_adaptive_split,72,14.4,1784476400,adaptive_clusters,finish_first,r03,r03,True,lower,member,local,3,3,4.80563,-0.71476,0.16769,0.37836,0.26048,941,1000,121,37,0,0,0000,---,False,0.37176,0.0787,0.37836,0.26048,5.24827,-0.77099,cached_path_to_final_target,w,"$1,0,0,0,0,0,0,0,0#",19000,20000,Set tank.c app_speed/duty level to the logged pwm before sending the move key/protocol command; e=stop.,4.58123,12.13833,0,2,0,0.15035,0.05246,7.48436,3.98154,-0.5228,8.0355,4.0416,3.9815,0.72845,19,-0.0297,9,0,78.41734,29.04378,0.3106,0.2765,2,False,running
027eea92b7,formation_7_adaptive_split,72,14.4,1784476400,adaptive_clusters,finish_first,r04,r04,True,upper,member,local,2,3,2.96584,-0.38119,-0.74631,-0.01,1.10907,-260,207,60,80,0,0,0000,---,False,0.30745,-0.05071,-0.01,1.10907,3.51771,-0.47334,cached_path_to_final_target,a,"$0,1,0,0,0,0,0,0,0#",-5000,4000,Set tank.c app_speed/duty level to the logged pwm before sending the move key/protocol command; e=stop.,3.47697,9.63228,9,2,0,0.7631,-0.02968,8.75119,3.98154,-0.5228,8.0355,4.0416,3.9815,0.72845,19,-0.0297,9,0,78.41734,29.04378,0.3106,0.2765,2,False,running
027eea92b7,formation_7_adaptive_split,72,14.4,1784476400,adaptive_clusters,finish_first,r05,r05,True,upper,member,local,3,3,3.37095,-0.51201,-0.69594,0.2715,-0.15966,748,681,72,43,0,0,0000,---,False,0.30805,-0.0469,0.2715,-0.15966,3.86143,-0.55822,cached_path_to_final_target,w,"$1,0,0,0,0,0,0,0,0#",15000,14000,Set tank.c app_speed/duty level to the logged pwm before sending the move key/protocol command; e=stop.,3.5212,9.732,9,4,0,0.42661,-0.02968,8.73493,3.98154,-0.5228,8.0355,4.0416,3.9815,0.72845,19,-0.0297,9,0,78.41734,29.04378,0.3106,0.2765,2,False,running
027eea92b7,formation_7_adaptive_split,72,14.4,1784476400,adaptive_clusters,finish_first,r06,r06,True,upper,member,local,3,3,4.3453,-0.75043,-0.10708,0.37665,0.37188,913,1000,107,31,0,0,0000,---,False,0.37955,-0.01848,0.37665,0.37188,4.77537,-0.61014,cached_path_to_final_target,a,"$3,0,0,0,0,0,0,0,0#",18000,20000,Set tank.c app_speed/duty level to the logged pwm before sending the move key/protocol command; e=stop.,4.16721,11.30725,0,2,0,0.11988,0.04777,8.16494,3.98154,-0.5228,8.0355,4.0416,3.9815,0.72845,19,-0.0297,9,0,78.41734,29.04378,0.3106,0.2765,2,False,running
027eea92b7,formation_7_adaptive_split,72,14.4,1784476400,adaptive_clusters,finish_first,r07,r07,True,upper,member,local,3,3,3.9344,0.8502,0.51039,0.3788,-0.22264,1000,950,-102,41,0,0,0000,---,False,0.33786,0.17393,0.3788,-0.22264,4.39021,0.83796,cached_path_to_final_target,w,"$1,0,0,0,0,0,0,0,0#",20000,19000,Set tank.c app_speed/duty level to the logged pwm before sending the move key/protocol command; e=stop.,4.47813,11.90984,0,0,0,0.30906,0.12674,7.58656,3.98154,-0.5228,8.0355,4.0416,3.9815,0.72845,19,-0.0297,9,0,78.41734,29.04378,0.3106,0.2765,2,False,running
027eea92b7,formation_7_adaptive_split,73,14.6,1784476600,adaptive_clusters,finish_first,r01,r01,True,upper,member,local,3,3,4.53766,-1.12039,-0.04898,0.37858,0.24179,945,1000,110,68,0,0,0000,---,False,0.37998,-0.00417,0.37858,0.24179,4.97815,-1.07425,path_to_final_target,w,"$1,0,0,0,0,0,0,0,0#",19000,20000,Set tank.c app_speed/duty level to the logged pwm before sending the move key/protocol command; e=stop.,4.55643,12.22543,0,2,0,0.53168,0.05246,7.56785,4.0425,-0.52494,7.9748,4.1026,4.0425,0.76272,19,-0.0297,9,0,79.62756,29.49257,0.3206,0.2769,2,False,running
027eea92b7,formation_7_adaptive_split,73,14.6,1784476600,adaptive_clusters,finish_first,r02,r02,True,upper,member,local,3,3,4.05828,-1.05993,-0.33803,0.37981,0.08821,981,1000,102,62,0,0,0000,---,False,0.36021,-0.12104,0.37981,0.08821,4.50741,-1.01906,path_to_final_target,w,"$1,0,0,0,0,0,0,0,0#",20000,20000,Set tank.c app_speed/duty level to the logged pwm before sending the move key/protocol command; e=stop.,4.41429,11.87044,0,0,0,0.54167,0.06371,7.88152,4.0425,-0.52494,7.9748,4.1026,4.0425,0.76272,19,-0.0297,9,0,79.62756,29.49257,0.3206,0.2769,2,False,running
027eea92b7,formation_7_adaptive_split,73,14.6,1784476600,adaptive_clusters,finish_first,r03,r03,True,lower,member,local,3,3,4.87957,-0.6985,0.2165,0.37856,0.24409,945,1000,122,40,0,0,0000,---,False,0.36773,0.0958,0.37856,0.24409,5.32274,-0.76427,path_to_final_target,w,"$1,0,0,0,0,0,0,0,0#",19000,20000,Set tank.c app_speed/duty level to the logged pwm before sending the move key/protocol command; e=stop.,4.65694,12.33453,0,2,0,0.15035,0.05246,7.40946,4.0425,-0.52494,7.9748,4.1026,4.0425,0.76272,19,-0.0297,9,0,79.62756,29.49257,0.3206,0.2769,2,False,running
027eea92b7,formation_7_adaptive_split,73,14.6,1784476600,adaptive_clusters,finish_first,r04,r04,True,upper,member,local,2,3,2.98402,-0.38952,-0.42964,0.1,1.58338,-70,597,42,78,0,0,0000,---,False,0.30652,-0.05604,0.1,1.58338,3.51034,-0.48074,path_to_final_target,a,"$0,1,0,0,0,0,0,0,0#",-4000,12000,Set tank.c app_speed/duty level to the logged pwm before sending the move key/protocol command; e=stop.,3.49697,9.71292,9,2,0,0.7631,-0.02968,8.73354,4.0425,-0.52494,7.9748,4.1026,4.0425,0.76272,19,-0.0297,9,0,79.62756,29.49257,0.3206,0.2769,2,False,running
027eea92b7,formation_7_adaptive_split,73,14.6,1784476600,adaptive_clusters,finish_first,r05,r05,True,upper,member,local,3,3,3.41499,-0.53652,-0.50788,0.25203,0.94034,465,861,63,40,0,0,0000,---,False,0.31089,-0.02096,0.25203,0.94034,3.90316,-0.54788,path_to_final_target,a,"$3,0,0,0,0,0,0,0,0#",9000,17000,Set tank.c app_speed/duty level to the logged pwm before sending the move key/protocol command; e=stop.,3.5716,9.87817,9,4,0,0.39529,-0.02968,8.69288,4.0425,-0.52494,7.9748,4.1026,4.0425,0.76272,19,-0.0297,9,0,79.62756,29.49257,0.3206,0.2769,2,False,running
027eea92b7,formation_7_adaptive_split,73,14.6,1784476600,adaptive_clusters,finish_first,r06,r06,True,upper,member,local,3,3,4.42063,-0.75309,-0.03531,0.37688,0.35884,916,1000,108,32,0,0,0000,---,False,0.37992,0.00801,0.37688,0.35884,4.84804,-0.61296,path_to_final_target,a,"$3,0,0,0,0,0,0,0,0#",18000,20000,Set tank.c app_speed/duty level to the logged pwm before sending the move key/protocol command; e=stop.,4.24259,11.5005,0,2,0,0.11988,0.04777,8.09036,4.0425,-0.52494,7.9748,4.1026,4.0425,0.76272,19,-0.0297,9,0,79.62756,29.49257,0.3206,0.2769,2,False,running
027eea92b7,formation_7_adaptive_split,73,14.6,1784476600,adaptive_clusters,finish_first,r07,r07,True,upper,member,local,3,3,4.00234,0.88341,0.4546,0.37812,-0.27899,1000,936,-103,45,0,0,0000,---,False,0.34839,0.15173,0.37812,-0.27899,4.45642,0.86468,path_to_final_target,w,"$1,0,0,0,0,0,0,0,0#",20000,19000,Set tank.c app_speed/duty level to the logged pwm before sending the move key/protocol command; e=stop.,4.55376,12.10557,0,0,0,0.30906,0.12674,7.52045,4.0425,-0.52494,7.9748,4.1026,4.0425,0.76272,19,-0.0297,9,0,79.62756,29.49257,0.3206,0.2769,2,False,running
027eea92b7,formation_7_adaptive_split,74,14.8,1784476800,adaptive_clusters,finish_first,r01,r01,True,upper,member,local,3,3,4.61338,-1.12047,-0.00098,0.3786,0.24,946,1000,110,69,0,0,0000,---,False,0.37974,0.01396,0.3786,0.24,5.04991,-1.06955,cached_path_to_final_target,w,"$1,0,0,0,0,0,0,0,0#",19000,20000,Set tank.c app_speed/duty level to the logged pwm before sending the move key/protocol command; e=stop.,4.63215,12.42157,0,2,0,0.53168,0.05246,7.49238,4.10829,-0.52448,7.9091,4.1684,4.1083,0.78689,20,-0.0297,9,0,80.88863,29.96845,0.3399,0.2776,2,False,running
027eea92b7,formation_7_adaptive_split,74,14.8,1784476800,adaptive_clusters,finish_first,r02,r02,True,upper,member,local,3,3,4.13069,-1.08251,-0.30228,0.37923,0.17878,960,1000,104,65,0,0,0000,---,False,0.36581,-0.10289,0.37923,0.17878,4.57868,-1.04182,cached_path_to_final_target,w,"$1,0,0,0,0,0,0,0,0#",19000,20000,Set tank.c app_speed/duty level to the logged pwm before sending the move key/protocol command; e=stop.,4.49014,12.06891,0,0,0,0.54167,0.06371,7.81211,4.10829,-0.52448,7.9091,4.1684,4.1083,0.78689,20,-0.0297,9,0,80.88863,29.96845,0.3399,0.2776,2,False,running
027eea92b7,formation_7_adaptive_split,74,14.8,1784476800,adaptive_clusters,finish_first,r03,r03,True,lower,member,local,3,3,4.95271,-0.67883,0.26267,0.37871,0.23082,948,1000,123,44,0,0,0000,---,False,0.36315,0.11191,0.37871,0.23082,5.39657,-0.75387,cached_path_to_final_target,w,"$1,0,0,0,0,0,0,0,0#",19000,20000,Set tank.c app_speed/duty level to the logged pwm before sending the move key/protocol command; e=stop.,4.73268,12.53099,0,2,0,0.15035,0.05246,7.33515,4.10829,-0.52448,7.9091,4.1684,4.1083,0.78689,20,-0.0297,9,0,80.88863,29.96845,0.3399,0.2776,2,False,running
027eea92b7,formation_7_adaptive_split,74,14.8,1784476800,adaptive_clusters,finish_first,r04,r04,True,upper,member,local,2,3,3.02427,-0.40153,-0.28982,0.21,0.6991,405,700,35,74,0,0,0000,---,False,0.30657,-0.05577,0.21,0.6991,3.52114,-0.48724,cached_path_to_final_target,a,"$3,0,0,0,0,0,0,0,0#",8000,14000,Set tank.c app_speed/duty level to the logged pwm before sending the move key/protocol command; e=stop.,3.53897,9.8419,9,2,0,0.74315,-0.02968,8.69411,4.10829,-0.52448,7.9091,4.1684,4.1083,0.78689,20,-0.0297,9,0,80.88863,29.96845,0.3399,0.2776,2,False,running
027eea92b7,formation_7_adaptive_split,74,14.8,1784476800,adaptive_clusters,finish_first,r05,r05,True,upper,member,local,3,3,3.46889,-0.54997,-0.24454,0.27778,1.3167,454,1000,51,35,0,0,0000,---,False,0.31138,-0.01172,0.27778,1.3167,3.94679,-0.55654,cached_path_to_final_target,a,"$3,0,0,0,0,0,0,0,0#",9000,20000,Set tank.c app_speed/duty level to the logged pwm before sending the move key/protocol command; e=stop.,3.62716,10.0305,9,4,0,0.35324,-0.02968,8.64021,4.10829,-0.52448,7.9091,4.1684,4.1083,0.78689,20,-0.0297,9,0,80.88863,29.96845,0.3399,0.2776,2,False,running
027eea92b7,formation_7_adaptive_split,74,14.8,1784476800,adaptive_clusters,finish_first,r06,r06,True,upper,member,local,3,3,4.49602,-0.7506,0.033,0.37718,0.34157,921,1000,110,31,0,0,0000,---,False,0.37857,0.0329,0.37718,0.34157,4.92198,-0.61336,cached_path_to_final_target,a,"$3,0,0,0,0,0,0,0,0#",18000,20000,Set tank.c app_speed/duty level to the logged pwm before sending the move key/protocol command; e=stop.,4.31802,11.69431,0,2,0,0.11988,0.04777,8.01515,4.10829,-0.52448,7.9091,4.1684,4.1083,0.78689,20,-0.0297,9,0,80.88863,29.96845,0.3399,0.2776,2,False,running
027eea92b7,formation_7_adaptive_split,74,14.8,1784476800,adaptive_clusters,finish_first,r07,r07,True,upper,member,local,3,3,4.07208,0.91254,0.39567,0.3779,-0.29462,1000,932,-105,48,0,0,0000,---,False,0.35704,0.13008,0.3779,-0.29462,4.52405,0.89064,cached_path_to_final_target,w,"$1,0,0,0,0,0,0,0,0#",20000,19000,Set tank.c app_speed/duty level to the logged pwm before sending the move key/protocol command; e=stop.,4.62934,12.30045,0,0,0,0.30906,0.12674,7.45249,4.10829,-0.52448,7.9091,4.1684,4.1083,0.78689,20,-0.0297,9,0,80.88863,29.96845,0.3399,0.2776,2,False,running
027eea92b7,formation_7_adaptive_split,75,15.0,1784477000,adaptive_clusters,finish_first,r01,r01,True,upper,member,local,3,3,4.68915,-1.11768,0.03684,0.37913,0.18907,958,1000,112,70,0,0,0000,---,False,0.37916,0.02527,0.37913,0.18907,5.12465,-1.08809,cached_path_to_final_target,w,"$1,0,0,0,0,0,0,0,0#",19000,20000,Set tank.c app_speed/duty level to the logged pwm before sending the move key/protocol command; e=stop.,4.70798,12.61944,0,2,0,0.53168,0.05246,7.41663,4.17808,-0.52204,7.8393,4.2382,4.1781,0.80193,20,-0.0297,9,0,82.21599,30.46971,0.358,0.2785,2,False,running
027eea92b7,formation_7_adaptive_split,75,15.0,1784477000,adaptive_clusters,finish_first,r02,r02,True,upper,member,local,3,3,4.20393,-1.10196,-0.25955,0.37889,0.21361,952,1000,105,67,0,0,0000,---,False,0.37034,-0.08515,0.37889,0.21361,4.65072,-1.06299,cached_path_to_final_target,w,"$1,0,0,0,0,0,0,0,0#",19000,20000,Set tank.c app_speed/duty level to the logged pwm before sending the move key/protocol command; e=stop.,4.56591,12.266,0,0,0,0.54167,0.06371,7.74163,4.17808,-0.52204,7.8393,4.2382,4.1781,0.80193,20,-0.0297,9,0,82.21599,30.46971,0.358,0.2785,2,False,running
027eea92b7,formation_7_adaptive_split,75,15.0,1784477000,adaptive_clusters,finish_first,r03,r03,True,lower,member,local,3,3,5.02495,-0.65598,0.30634,0.37885,0.21835,951,1000,124,49,0,0,0000,---,False,0.35816,0.12696,0.37885,0.21835,5.46957,-0.7406,cached_path_to_final_target,w,"$1,0,0,0,0,0,0,0,0#",19000,20000,Set tank.c app_speed/duty level to the logged pwm before sending the move key/protocol command; e=stop.,4.80845,12.72774,0,2,0,0.15035,0.05246,7.26157,4.17808,-0.52204,7.8393,4.2382,4.1781,0.80193,20,-0.0297,9,0,82.21599,30.46971,0.358,0.2785,2,False,running
027eea92b7,formation_7_adaptive_split,75,15.0,1784477000,adaptive_clusters,finish_first,r04,r04,True,upper,member,local,2,3,3.08461,-0.41544,-0.22667,0.30962,0.31573,748,881,33,68,0,0,0000,---,False,0.30673,-0.05488,0.30962,0.31573,3.55283,-0.4961,cached_path_to_final_target,a,"$3,0,0,0,0,0,0,0,0#",15000,18000,Set tank.c app_speed/duty level to the logged pwm before sending the move key/protocol command; e=stop.,3.60089,10.01784,9,2,0,0.68453,-0.02968,8.63477,4.17808,-0.52204,7.8393,4.2382,4.1781,0.80193,20,-0.0297,9,0,82.21599,30.46971,0.358,0.2785,2,False,running
027eea92b7,formation_7_adaptive_split,75,15.0,1784477000,adaptive_clusters,finish_first,r05,r05,True,upper,member,local,3,3,3.52931,-0.55752,-0.12427,0.30444,0.60134,675,928,47,31,0,0,0000,---,False,0.31146,-0.00927,0.30444,0.60134,3.99772,-0.56572,cached_path_to_final_target,a,"$3,0,0,0,0,0,0,0,0#",14000,19000,Set tank.c app_speed/duty level to the logged pwm before sending the move key/protocol command; e=stop.,3.68805,10.20131,9,4,0,0.30559,-0.02968,8.5806,4.17808,-0.52204,7.8393,4.2382,4.1781,0.80193,20,-0.0297,9,0,82.21599,30.46971,0.358,0.2785,2,False,running
027eea92b7,formation_7_adaptive_split,75,15.0,1784477000,adaptive_clusters,finish_first,r06,r06,True,upper,member,local,3,3,4.57115,-0.74321,0.09807,0.37744,0.32532,925,1000,111,31,0,0,0000,---,False,0.37578,0.05648,0.37744,0.32532,4.99644,-0.60988,cached_path_to_final_target,a,"$3,0,0,0,0,0,0,0,0#",18000,20000,Set tank.c app_speed/duty level to the logged pwm before sending the move key/protocol command; e=stop.,4.39351,11.8885,0,2,0,0.11988,0.04777,7.93967,4.17808,-0.52204,7.8393,4.2382,4.1781,0.80193,20,-0.0297,9,0,82.21599,30.46971,0.358,0.2785,2,False,running
027eea92b7,formation_7_adaptive_split,75,15.0,1784477000,adaptive_clusters,finish_first,r07,r07,True,upper,member,local,3,3,4.14342,0.9375,0.33665,0.37789,-0.29511,1000,932,-106,50,0,0,0000,---,False,0.3641,0.10876,0.37789,-0.29511,4.59329,0.91392,cached_path_to_final_target,w,"$1,0,0,0,0,0,0,0,0#",20000,19000,Set tank.c app_speed/duty level to the logged pwm before sending the move key/protocol command; e=stop.,4.70491,12.49517,0,0,0,0.30906,0.12674,7.38282,4.17808,-0.52204,7.8393,4.2382,4.1781,0.80193,20,-0.0297,9,0,82.21599,30.46971,0.358,0.2785,2,False,running
027eea92b7,formation_7_adaptive_split,76,15.2,1784477200,adaptive_clusters,finish_first,r01,r01,True,upper,member,local,3,3,4.76479,-1.11212,0.07334,0.37919,0.18253,959,1000,113,71,0,0,0000,---,False,0.37802,0.0387,0.37919,0.18253,5.20151,-1.09272,cached_path_to_final_target,w,"$1,0,0,0,0,0,0,0,0#",19000,20000,Set tank.c app_speed/duty level to the logged pwm before sending the move key/protocol command; e=stop.,4.78382,12.81692,0,2,0,0.53168,0.05246,7.34079,4.24747,-0.51876,7.7699,4.3077,4.2475,0.81517,19,-0.0297,9,0,83.52958,30.96853,0.3563,0.2794,2,False,running
027eea92b7,formation_7_adaptive_split,76,15.2,1784477200,adaptive_clusters,finish_first,r02,r02,True,upper,member,local,3,3,4.27795,-1.11809,-0.21462,0.37878,0.22469,949,1000,106,68,0,0,0000,---,False,0.37391,-0.06777,0.37878,0.22469,4.72357,-1.08165,cached_path_to_final_target,w,"$1,0,0,0,0,0,0,0,0#",19000,20000,Set tank.c app_speed/duty level to the logged pwm before sending the move key/protocol command; e=stop.,4.64167,12.46254,0,0,0,0.54167,0.06371,7.67008,4.24747,-0.51876,7.7699,4.3077,4.2475,0.81517,19,-0.0297,9,0,83.52958,30.96853,0.3563,0.2794,2,False,running
027eea92b7,formation_7_adaptive_split,76,15.2,1784477200,adaptive_clusters,finish_first,r03,r03,True,lower,member,local,3,3,5.09622,-0.63016,0.34761,0.37897,0.20635,954,1000,125,54,0,0,0000,---,False,0.35289,0.14096,0.37897,0.20635,5.54158,-0.72484,cached_path_to_final_target,w,"$1,0,0,0,0,0,0,0,0#",19000,20000,Set tank.c app_speed/duty level to the logged pwm before sending the move key/protocol command; e=stop.,4.88425,12.92478,0,2,0,0.15035,0.05246,7.18882,4.24747,-0.51876,7.7699,4.3077,4.2475,0.81517,19,-0.0297,9,0,83.52958,30.96853,0.3563,0.2794,2,False,running
027eea92b7,formation_7_adaptive_split,76,15.2,1784477200,adaptive_clusters,finish_first,r04,r04,True,upper,member,local,2,3,3.14563,-0.42767,-0.1978,0.31119,0.14438,789,849,33,63,0,0,0000,---,False,0.30683,-0.05429,0.31119,0.14438,3.60476,-0.50747,cached_path_to_final_target,w,"$1,0,0,0,0,0,0,0,0#",16000,17000,Set tank.c app_speed/duty level to the logged pwm before sending the move key/protocol command; e=stop.,3.66313,10.18473,9,2,0,0.62554,-0.02968,8.57468,4.24747,-0.51876,7.7699,4.3077,4.2475,0.81517,19,-0.0297,9,0,83.52958,30.96853,0.3563,0.2794,2,False,running
027eea92b7,formation_7_adaptive_split,76,15.2,1784477200,adaptive_clusters,finish_first,r05,r05,True,upper,member,local,3,3,3.58593,-0.57042,-0.224,0.29035,-0.49866,869,659,56,27,0,0,0000,---,False,0.25806,-0.27655,0.29035,-0.49866,4.05534,-0.57233,cached_path_to_final_target,d,"$4,0,0,0,0,0,0,0,0#",17000,13000,Set tank.c app_speed/duty level to the logged pwm before sending the move key/protocol command; e=stop.,3.74612,10.3674,9,4,0,0.26818,-0.02968,8.52524,4.24747,-0.51876,7.7699,4.3077,4.2475,0.81517,19,-0.0297,9,0,83.52958,30.96853,0.3563,0.2794,2,False,running
027eea92b7,formation_7_adaptive_split,76,15.2,1784477200,adaptive_clusters,finish_first,r06,r06,True,upper,member,local,3,3,4.64572,-0.73117,0.16015,0.37767,0.31039,929,1000,112,31,0,0,0000,---,False,0.37174,0.07881,0.37767,0.31039,5.07099,-0.60227,cached_path_to_final_target,w,"$1,0,0,0,0,0,0,0,0#",19000,20000,Set tank.c app_speed/duty level to the logged pwm before sending the move key/protocol command; e=stop.,4.46904,12.08308,0,2,0,0.11988,0.04777,7.86423,4.24747,-0.51876,7.7699,4.3077,4.2475,0.81517,19,-0.0297,9,0,83.52958,30.96853,0.3563,0.2794,2,False,running
027eea92b7,formation_7_adaptive_split,76,15.2,1784477200,adaptive_clusters,finish_first,r07,r07,True,upper,member,local,3,3,4.2161,0.9583,0.27869,0.37797,-0.2898,1000,934,-107,52,0,0,0000,---,False,0.36972,0.0878,0.37797,-0.2898,4.66406,0.93394,cached_path_to_final_target,w,"$1,0,0,0,0,0,0,0,0#",20000,19000,Set tank.c app_speed/duty level to the logged pwm before sending the move key/protocol command; e=stop.,4.78051,12.69014,0,0,0,0.30906,0.12674,7.31165,4.24747,-0.51876,7.7699,4.3077,4.2475,0.81517,19,-0.0297,9,0,83.52958,30.96853,0.3563,0.2794,2,False,running
027eea92b7,formation_7_adaptive_split,77,15.4,1784477400,adaptive_clusters,finish_first,r01,r01,True,upper,member,local,3,3,4.84007,-1.10339,0.11538,0.37893,0.21018,953,1000,114,73,0,0,0000,---,False,0.37582,0.05619,0.37893,0.21018,5.27652,-1.07534,path_to_final_target,w,"$1,0,0,0,0,0,0,0,0#",19000,20000,Set tank.c app_speed/duty level to the logged pwm before sending the move key/protocol command; e=stop.,4.8596,13.01404,0,2,0,0.53168,0.05246,7.26505,4.31677,-0.51667,7.7006,4.377,4.3168,0.82638,20,-0.0297,9,0,84.84319,31.47416,0.3612,0.2803,2,False,running
027eea92b7,formation_7_adaptive_split,77,15.4,1784477400,adaptive_clusters,finish_first,r02,r02,True,upper,member,local,3,3,4.35262,-1.13019,-0.16054,0.37823,0.2704,938,1000,107,69,0,0,0000,---,False,0.37736,-0.04475,0.37823,0.2704,4.79323,-1.07158,path_to_final_target,w,"$1,0,0,0,0,0,0,0,0#",19000,20000,Set tank.c app_speed/duty level to the logged pwm before sending the move key/protocol command; e=stop.,4.71732,12.65835,0,0,0,0.54167,0.06371,7.59745,4.31677,-0.51667,7.7006,4.377,4.3168,0.82638,20,-0.0297,9,0,84.84319,31.47416,0.3612,0.2803,2,False,running
027eea92b7,formation_7_adaptive_split,77,15.4,1784477400,adaptive_clusters,finish_first,r03,r03,True,lower,member,local,3,3,5.16646,-0.60163,0.38587,0.37911,0.1913,957,1000,126,59,0,0,0000,---,False,0.3476,0.15354,0.37911,0.1913,5.61219,-0.70914,path_to_final_target,w,"$1,0,0,0,0,0,0,0,0#",19000,20000,Set tank.c app_speed/duty level to the logged pwm before sending the move key/protocol command; e=stop.,4.96007,13.12216,0,2,0,0.15035,0.05246,7.11699,4.31677,-0.51667,7.7006,4.377,4.3168,0.82638,20,-0.0297,9,0,84.84319,31.47416,0.3612,0.2803,2,False,running
027eea92b7,formation_7_adaptive_split,77,15.4,1784477400,adaptive_clusters,finish_first,r04,r04,True,upper,member,local,2,3,3.20693,-0.43865,-0.17716,0.31139,0.10318,798,841,34,57,0,0,0000,---,False,0.30757,-0.04993,0.31139,0.10318,3.66433,-0.51189,path_to_final_target,w,"$1,0,0,0,0,0,0,0,0#",16000,17000,Set tank.c app_speed/duty level to the logged pwm before sending the move key/protocol command; e=stop.,3.7254,10.3503,9,2,0,0.56665,-0.02968,8.51425,4.31677,-0.51667,7.7006,4.377,4.3168,0.82638,20,-0.0297,9,0,84.84319,31.47416,0.3612,0.2803,2,False,running
027eea92b7,formation_7_adaptive_split,77,15.4,1784477400,adaptive_clusters,finish_first,r05,r05,True,upper,member,local,3,3,3.642,-0.60312,-0.52811,0.32453,-1.52057,1000,534,77,25,0,0,0000,---,False,0.27291,-0.26308,0.32453,-1.52057,4.11231,-0.56056,path_to_final_target,d,"$4,0,0,0,0,0,0,0,0#",20000,11000,Set tank.c app_speed/duty level to the logged pwm before sending the move key/protocol command; e=stop.,3.81102,10.53505,9,4,0,0.25181,-0.02968,8.47218,4.31677,-0.51667,7.7006,4.377,4.3168,0.82638,20,-0.0297,9,0,84.84319,31.47416,0.3612,0.2803,2,False,running
027eea92b7,formation_7_adaptive_split,77,15.4,1784477400,adaptive_clusters,finish_first,r06,r06,True,upper,member,local,3,3,4.71948,-0.71472,0.21942,0.37787,0.29635,932,1000,113,32,0,0,0000,---,False,0.36664,0.09989,0.37787,0.29635,5.14531,-0.59065,path_to_final_target,w,"$1,0,0,0,0,0,0,0,0#",19000,20000,Set tank.c app_speed/duty level to the logged pwm before sending the move key/protocol command; e=stop.,4.54462,12.27795,0,2,0,0.11988,0.04777,7.7891,4.31677,-0.51667,7.7006,4.377,4.3168,0.82638,20,-0.0297,9,0,84.84319,31.47416,0.3612,0.2803,2,False,running
027eea92b7,formation_7_adaptive_split,77,15.4,1784477400,adaptive_clusters,finish_first,r07,r07,True,upper,member,local,3,3,4.28985,0.97498,0.22237,0.37808,-0.2816,1000,936,-108,54,0,0,0000,---,False,0.37399,0.06733,0.37808,-0.2816,4.73619,0.95085,path_to_final_target,w,"$1,0,0,0,0,0,0,0,0#",20000,19000,Set tank.c app_speed/duty level to the logged pwm before sending the move key/protocol command; e=stop.,4.85612,12.88534,0,0,0,0.30906,0.12674,7.2392,4.31677,-0.51667,7.7006,4.377,4.3168,0.82638,20,-0.0297,9,0,84.84319,31.47416,0.3612,0.2803,2,False,running
027eea92b7,formation_7_adaptive_split,78,15.6,1784477600,adaptive_clusters,finish_first,r01,r01,True,upper,member,local,3,3,4.91506,-1.09201,0.15062,0.37925,0.17618,961,1000,115,75,0,0,0000,---,False,0.37398,0.0674,0.37925,0.17618,5.35341,-1.07944,cached_path_to_final_target,w,"$1,0,0,0,0,0,0,0,0#",19000,20000,Set tank.c app_speed/duty level to the logged pwm before sending the move key/protocol command; e=stop.,4.93545,13.21202,0,2,0,0.53168,0.05246,7.18939,4.38661,-0.51483,7.6308,4.4469,4.3866,0.83514,19,-0.0297,9,0,86.19624,31.99002,0.3685,0.2812,2,False,running
027eea92b7,formation_7_adaptive_split,78,15.6,1784477600,adaptive_clusters,finish_first,r02,r02,True,upper,member,local,3,3,4.42787,-1.13893,-0.11569,0.37878,0.22426,950,1000,108,70,0,0,0000,---,False,0.37877,-0.03054,0.37878,0.22426,4.8668,-1.09431,cached_path_to_final_target,w,"$1,0,0,0,0,0,0,0,0#",19000,20000,Set tank.c app_speed/duty level to the logged pwm before sending the move key/protocol command; e=stop.,4.79307,12.85537,0,0,0,0.54167,0.06371,7.52389,4.38661,-0.51483,7.6308,4.4469,4.3866,0.83514,19,-0.0297,9,0,86.19624,31.99002,0.3685,0.2812,2,False,running
027eea92b7,formation_7_adaptive_split,78,15.6,1784477600,adaptive_clusters,finish_first,r03,r03,True,lower,member,local,3,3,5.23565,-0.57056,0.42205,0.37921,0.18092,960,1000,127,64,0,0,0000,---,False,0.34209,0.16545,0.37921,0.18092,5.68174,-0.69023,cached_path_to_final_target,w,"$1,0,0,0,0,0,0,0,0#",19000,20000,Set tank.c app_speed/duty level to the logged pwm before sending the move key/protocol command; e=stop.,5.03591,13.31979,0,2,0,0.15035,0.05246,7.04617,4.38661,-0.51483,7.6308,4.4469,4.3866,0.83514,19,-0.0297,9,0,86.19624,31.99002,0.3685,0.2812,2,False,running
027eea92b7,formation_7_adaptive_split,78,15.6,1784477600,adaptive_clusters,finish_first,r04,r04,True,upper,member,local,2,3,3.26839,-0.44892,-0.16561,0.31153,0.05776,808,832,35,51,0,0,0000,---,False,0.30779,-0.04858,0.31153,0.05776,3.72519,-0.52044,cached_path_to_final_target,w,"$1,0,0,0,0,0,0,0,0#",16000,17000,Set tank.c app_speed/duty level to the logged pwm before sending the move key/protocol command; e=stop.,3.78771,10.51601,9,2,0,0.50812,-0.02968,8.45365,4.38661,-0.51483,7.6308,4.4469,4.3866,0.83514,19,-0.0297,9,0,86.19624,31.99002,0.3685,0.2812,2,False,running
027eea92b7,formation_7_adaptive_split,78,15.6,1784477600,adaptive_clusters,finish_first,r05,r05,True,upper,member,local,3,3,3.70266,-0.64697,-0.62582,0.37423,-0.48852,1000,882,88,25,0,0,0000,---,False,0.29001,-0.24555,0.37423,-0.48852,4.16851,-0.57572,cached_path_to_final_target,d,"$4,0,0,0,0,0,0,0,0#",20000,18000,Set tank.c app_speed/duty level to the logged pwm before sending the move key/protocol command; e=stop.,3.88587,10.73904,9,4,0,0.25181,-0.02968,8.41574,4.38661,-0.51483,7.6308,4.4469,4.3866,0.83514,19,-0.0297,9,0,86.19624,31.99002,0.3685,0.2812,2,False,running
027eea92b7,formation_7_adaptive_split,78,15.6,1784477600,adaptive_clusters,finish_first,r06,r06,True,upper,member,local,3,3,4.79223,-0.69411,0.27599,0.37806,0.28287,935,1000,115,34,0,0,0000,---,False,0.36066,0.1197,0.37806,0.28287,5.21912,-0.57521,cached_path_to_final_target,w,"$1,0,0,0,0,0,0,0,0#",19000,20000,Set tank.c app_speed/duty level to the logged pwm before sending the move key/protocol command; e=stop.,4.62023,12.47311,0,2,0,0.11988,0.04777,7.71454,4.38661,-0.51483,7.6308,4.4469,4.3866,0.83514,19,-0.0297,9,0,86.19624,31.99002,0.3685,0.2812,2,False,running
027eea92b7,formation_7_adaptive_split,78,15.6,1784477600,adaptive_clusters,finish_first,r07,r07,True,upper,member,local,3,3,4.36443,0.98767,0.16859,0.37825,-0.26892,1000,939,-109,55,0,0,0000,---,False,0.37697,0.04788,0.37825,-0.26892,4.80945,0.96656,cached_path_to_final_target,w,"$1,0,0,0,0,0,0,0,0#",20000,19000,Set tank.c app_speed/duty level to the logged pwm before sending the move key/protocol command; e=stop.,4.93177,13.0809,0,0,0,0.30906,0.12674,7.16572,4.38661,-0.51483,7.6308,4.4469,4.3866,0.83514,19,-0.0297,9,0,86.19624,31.99002,0.3685,0.2812,2,False,running
027eea92b7,formation_7_adaptive_split,79,15.8,1784477800,adaptive_clusters,finish_first,r01,r01,True,upper,member,local,3,3,4.98963,-1.07807,0.18485,0.37929,0.17116,962,1000,116,77,0,0,0000,---,False,0.37151,0.07986,0.37929,0.17116,5.43018,-1.0735,cached_path_to_final_target,w,"$1,0,0,0,0,0,0,0,0#",19000,20000,Set tank.c app_speed/duty level to the logged pwm before sending the move key/protocol command; e=stop.,5.01131,13.40979,0,2,0,0.53168,0.05246,7.11395,4.45633,-0.51188,7.561,4.5167,4.4563,0.84221,19,-0.0297,9,0,87.5523,32.50716,0.3694,0.282,2,False,running
027eea92b7,formation_7_adaptive_split,79,15.8,1784477800,adaptive_clusters,finish_first,r02,r02,True,upper,member,local,3,3,4.50345,-1.14448,-0.07329,0.37891,0.21198,953,1000,109,71,0,0,0000,---,False,0.3797,-0.01519,0.37891,0.21198,4.94271,-1.10718,cached_path_to_final_target,w,"$1,0,0,0,0,0,0,0,0#",19000,20000,Set tank.c app_speed/duty level to the logged pwm before sending the move key/protocol command; e=stop.,4.86885,13.05232,0,0,0,0.54167,0.06371,7.44963,4.45633,-0.51188,7.561,4.5167,4.4563,0.84221,19,-0.0297,9,0,87.5523,32.50716,0.3694,0.282,2,False,running
027eea92b7,formation_7_adaptive_split,79,15.8,1784477800,adaptive_clusters,finish_first,r03,r03,True,lower,member,local,3,3,5.30374,-0.53713,0.45634,0.37929,0.17143,962,1000,128,70,0,0,0000,---,False,0.33648,0.17658,0.37929,0.17143,5.75003,-0.66925,cached_path_to_final_target,w,"$1,0,0,0,0,0,0,0,0#",19000,20000,Set tank.c app_speed/duty level to the logged pwm before sending the move key/protocol command; e=stop.,5.11177,13.51761,0,2,0,0.15035,0.05246,6.97642,4.45633,-0.51188,7.561,4.5167,4.4563,0.84221,19,-0.0297,9,0,87.5523,32.50716,0.3694,0.282,2,False,running
027eea92b7,formation_7_adaptive_split,79,15.8,1784477800,adaptive_clusters,finish_first,r04,r04,True,upper,member,local,3,3,3.32991,-0.45884,-0.15976,0.31158,0.02924,814,826,37,45,0,0,0000,---,False,0.30786,-0.04816,0.31158,0.02924,3.7865,-0.52997,cached_path_to_final_target,w,"$1,0,0,0,0,0,0,0,0#",16000,17000,Set tank.c app_speed/duty level to the logged pwm before sending the move key/protocol command; e=stop.,3.85003,10.68155,9,2,0,0.45026,-0.02968,8.39298,4.45633,-0.51188,7.561,4.5167,4.4563,0.84221,19,-0.0297,9,0,87.5523,32.50716,0.3694,0.282,2,False,running
027eea92b7,formation_7_adaptive_split,79,15.8,1784477800,adaptive_clusters,finish_first,r05,r05,True,upper,member,local,3,3,3.76418,-0.69158,-0.62739,0.38,-0.00789,1000,998,94,27,0,0,0000,---,False,0.30736,-0.22346,0.38,-0.00789,4.22757,-0.60519,cached_path_to_final_target,w,"$1,0,0,0,0,0,0,0,0#",20000,20000,Set tank.c app_speed/duty level to the logged pwm before sending the move key/protocol command; e=stop.,3.96187,10.94563,9,4,0,0.25181,-0.02968,8.35882,4.45633,-0.51188,7.561,4.5167,4.4563,0.84221,19,-0.0297,9,0,87.5523,32.50716,0.3694,0.282,2,False,running
027eea92b7,formation_7_adaptive_split,79,15.8,1784477800,adaptive_clusters,finish_first,r06,r06,True,upper,member,local,3,3,4.8638,-0.6696,0.32995,0.37824,0.2698,939,1000,116,37,0,0,0000,---,False,0.35396,0.13825,0.37824,0.2698,5.29221,-0.55623,cached_path_to_final_target,w,"$1,0,0,0,0,0,0,0,0#",19000,20000,Set tank.c app_speed/duty level to the logged pwm before sending the move key/protocol command; e=stop.,4.69588,12.66867,0,2,0,0.11988,0.04777,7.64076,4.45633,-0.51188,7.561,4.5167,4.4563,0.84221,19,-0.0297,9,0,87.5523,32.50716,0.3694,0.282,2,False,running
027eea92b7,formation_7_adaptive_split,79,15.8,1784477800,adaptive_clusters,finish_first,r07,r07,True,upper,member,local,3,3,4.43959,0.99651,0.1171,0.3784,-0.2574,1000,942,-110,56,0,0,0000,---,False,0.37888,0.0291,0.3784,-0.2574,4.88363,0.97935,cached_path_to_final_target,w,"$1,0,0,0,0,0,0,0,0#",20000,19000,Set tank.c app_speed/duty level to the logged pwm before sending the move key/protocol command; e=stop.,5.00745,13.27674,0,0,0,0.30906,0.12674,7.0914,4.45633,-0.51188,7.561,4.5167,4.4563,0.84221,19,-0.0297,9,0,87.5523,32.50716,0.3694,0.282,2,False,running
027eea92b7,formation_7_adaptive_split,80,16.0,1784478000,adaptive_clusters,finish_first,r01,r01,True,upper,member,local,3,3,5.06368,-1.0616,0.21888,0.3793,0.17016,962,1000,117,80,0,0,0000,---,False,0.3686,0.0924,0.3793,0.17016,5.50641,-1.06261,cached_path_to_final_target,w,"$1,0,0,0,0,0,0,0,0#",19000,20000,Set tank.c app_speed/duty level to the logged pwm before sending the move key/protocol command; e=stop.,5.08717,13.60752,0,2,0,0.53168,0.05246,7.03884,4.52378,-0.51046,7.4936,4.5841,4.5238,0.84433,19,-0.0297,9,0,88.86603,33.00218,0.3536,0.2827,2,False,running
027eea92b7,formation_7_adaptive_split,80,16.0,1784478000,adaptive_clusters,finish_first,r02,r02,True,upper,member,local,3,3,4.5792,-1.14689,-0.03182,0.37896,0.20737,954,1000,110,71,0,0,0000,---,False,0.38,0.00029,0.37896,0.20737,5.01935,-1.11462,cached_path_to_final_target,w,"$1,0,0,0,0,0,0,0,0#",19000,20000,Set tank.c app_speed/duty level to the logged pwm before sending the move key/protocol command; e=stop.,4.94465,13.24929,0,0,0,0.54167,0.06371,7.37482,4.52378,-0.51046,7.4936,4.5841,4.5238,0.84433,19,-0.0297,9,0,88.86603,33.00218,0.3536,0.2827,2,False,running
027eea92b7,formation_7_adaptive_split,80,16.0,1784478000,adaptive_clusters,finish_first,r03,r03,True,lower,member,local,3,3,5.35564,-0.52273,0.27062,0.26929,-0.92857,904,513,140,74,0,0,0000,---,False,0.30474,-0.06504,0.26929,-0.92857,5.81694,-0.64667,cached_path_to_final_target,d,"$4,0,0,0,0,0,0,0,0#",18000,10000,Set tank.c app_speed/duty level to the logged pwm before sending the move key/protocol command; e=stop.,5.16563,13.68019,0,2,0,0.15035,0.05246,6.92388,4.52378,-0.51046,7.4936,4.5841,4.5238,0.84433,19,-0.0297,9,0,88.86603,33.00218,0.3536,0.2827,2,False,running
027eea92b7,formation_7_adaptive_split,80,16.0,1784478000,adaptive_clusters,finish_first,r04,r04,True,upper,member,local,3,3,3.39146,-0.46858,-0.15695,0.3116,0.01406,817,823,39,39,0,0,0000,---,False,0.30788,-0.04802,0.3116,0.01406,3.84797,-0.53965,cached_path_to_final_target,w,"$1,0,0,0,0,0,0,0,0#",16000,16000,Set tank.c app_speed/duty level to the logged pwm before sending the move key/protocol command; e=stop.,3.91235,10.84695,9,2,0,0.39338,-0.02968,8.33229,4.52378,-0.51046,7.4936,4.5841,4.5238,0.84433,19,-0.0297,9,0,88.86603,33.00218,0.3536,0.2827,2,False,running
027eea92b7,formation_7_adaptive_split,80,16.0,1784478000,adaptive_clusters,finish_first,r05,r05,True,upper,member,local,3,3,3.82729,-0.73358,-0.58727,0.37903,0.2006,955,1000,97,30,0,0,0000,---,False,0.32281,-0.20048,0.37903,0.2006,4.28799,-0.63918,cached_path_to_final_target,w,"$1,0,0,0,0,0,0,0,0#",19000,20000,Set tank.c app_speed/duty level to the logged pwm before sending the move key/protocol command; e=stop.,4.03768,11.14481,9,4,0,0.25181,-0.02968,8.30035,4.52378,-0.51046,7.4936,4.5841,4.5238,0.84433,19,-0.0297,9,0,88.86603,33.00218,0.3536,0.2827,2,False,running
027eea92b7,formation_7_adaptive_split,80,16.0,1784478000,adaptive_clusters,finish_first,r06,r06,True,upper,member,local,3,3,4.93404,-0.64144,0.38136,0.3784,0.25706,942,1000,117,41,0,0,0000,---,False,0.3467,0.15556,0.3784,0.25706,5.36439,-0.53396,cached_path_to_final_target,w,"$1,0,0,0,0,0,0,0,0#",19000,20000,Set tank.c app_speed/duty level to the logged pwm before sending the move key/protocol command; e=stop.,4.77156,12.86452,0,2,0,0.11988,0.04777,7.56795,4.52378,-0.51046,7.4936,4.5841,4.5238,0.84433,19,-0.0297,9,0,88.86603,33.00218,0.3536,0.2827,2,False,running
027eea92b7,formation_7_adaptive_split,80,16.0,1784478000,adaptive_clusters,finish_first,r07,r07,True,upper,member,local,3,3,4.51512,1.00163,0.06764,0.37852,-0.24733,1000,944,-111,57,0,0,0000,---,False,0.37984,0.01093,0.37852,-0.24733,4.95849,0.98879,cached_path_to_final_target,w,"$1,0,0,0,0,0,0,0,0#",20000,19000,Set tank.c app_speed/duty level to the logged pwm before sending the move key/protocol command; e=stop.,5.08316,13.47276,0,0,0,0.30906,0.12674,7.01647,4.52378,-0.51046,7.4936,4.5841,4.5238,0.84433,19,-0.0297,9,0,88.86603,33.00218,0.3536,0.2827,2,False,running
027eea92b7,formation_7_adaptive_split,81,16.2,1784478200,adaptive_clusters,finish_first,r01,r01,True,upper,member,local,3,3,5.12446,-1.05486,0.11042,0.30577,-0.54231,919,690,125,83,0,0,0000,---,False,0.3115,0.00785,0.30577,-0.54231,5.58196,-1.04854,path_to_final_target,d,"$4,0,0,0,0,0,0,0,0#",18000,14000,Set tank.c app_speed/duty level to the logged pwm before sending the move key/protocol command; e=stop.,5.14832,13.78265,0,2,0,0.53168,0.05246,6.97772,4.59035,-0.51073,7.4272,4.6507,4.5903,0.84495,19,-0.0297,9,0,90.14622,33.48611,0.3457,0.2834,2,False,running
027eea92b7,formation_7_adaptive_split,81,16.2,1784478200,adaptive_clusters,finish_first,r02,r02,True,upper,member,local,3,3,4.65484,-1.14527,0.02148,0.37828,0.2665,939,1000,110,72,0,0,0000,---,False,0.37924,0.02406,0.37828,0.2665,5.08843,-1.08259,path_to_final_target,w,"$1,0,0,0,0,0,0,0,0#",19000,20000,Set tank.c app_speed/duty level to the logged pwm before sending the move key/protocol command; e=stop.,5.0203,13.44534,0,0,0,0.54167,0.06371,7.29962,4.59035,-0.51073,7.4272,4.6507,4.5903,0.84495,19,-0.0297,9,0,90.14622,33.48611,0.3457,0.2834,2,False,running
027eea92b7,formation_7_adaptive_split,81,16.2,1784478200,adaptive_clusters,finish_first,r03,r03,True,lower,member,local,3,3,5.41356,-0.51916,0.06163,0.29015,-1.04497,984,544,47,71,0,0,0000,---,False,0.30996,-0.03191,0.29015,-1.04497,5.83675,-0.57226,path_to_final_target,d,"$4,0,0,0,0,0,0,0,0#",20000,11000,Set tank.c app_speed/duty level to the logged pwm before sending the move key/protocol command; e=stop.,5.22366,13.83698,0,2,0,0.15035,0.05246,6.86586,4.59035,-0.51073,7.4272,4.6507,4.5903,0.84495,19,-0.0297,9,0,90.14622,33.48611,0.3457,0.2834,2,False,running
027eea92b7,formation_7_adaptive_split,81,16.2,1784478200,adaptive_clusters,finish_first,r04,r04,True,upper,member,local,3,3,3.45303,-0.47824,-0.15563,0.3116,0.00658,819,821,42,34,0,0,0000,---,False,0.30788,-0.04798,0.3116,0.00658,3.90951,-0.54931,path_to_final_target,w,"$1,0,0,0,0,0,0,0,0#",16000,16000,Set tank.c app_speed/duty level to the logged pwm before sending the move key/protocol command; e=stop.,3.97467,11.01227,9,2,0,0.33791,-0.02968,8.27161,4.59035,-0.51073,7.4272,4.6507,4.5903,0.84495,19,-0.0297,9,0,90.14622,33.48611,0.3457,0.2834,2,False,running
027eea92b7,formation_7_adaptive_split,81,16.2,1784478200,adaptive_clusters,finish_first,r05,r05,True,upper,member,local,3,3,3.89288,-0.77071,-0.51503,0.37684,0.36121,916,1000,98,33,0,0,0000,---,False,0.34079,-0.16811,0.37684,0.36121,4.34241,-0.62342,path_to_final_target,a,"$3,0,0,0,0,0,0,0,0#",18000,20000,Set tank.c app_speed/duty level to the logged pwm before sending the move key/protocol command; e=stop.,4.11304,11.3397,9,4,0,0.25181,-0.02968,8.23915,4.59035,-0.51073,7.4272,4.6507,4.5903,0.84495,19,-0.0297,9,0,90.14622,33.48611,0.3457,0.2834,2,False,running
027eea92b7,formation_7_adaptive_split,81,16.2,1784478200,adaptive_clusters,finish_first,r06,r06,True,upper,member,local,3,3,5.00285,-0.60985,0.4303,0.37855,0.24467,945,1000,118,45,0,0,0000,---,False,0.33901,0.17167,0.37855,0.24467,5.43552,-0.50867,path_to_final_target,w,"$1,0,0,0,0,0,0,0,0#",19000,20000,Set tank.c app_speed/duty level to the logged pwm before sending the move key/protocol command; e=stop.,4.84727,13.06067,0,2,0,0.11988,0.04777,7.49628,4.59035,-0.51073,7.4272,4.6507,4.5903,0.84495,19,-0.0297,9,0,90.14622,33.48611,0.3457,0.2834,2,False,running
027eea92b7,formation_7_adaptive_split,81,16.2,1784478200,adaptive_clusters,finish_first,r07,r07,True,upper,member,local,3,3,4.5908,1.00295,0.01747,0.37848,-0.25086,1000,943,-112,57,0,0,0000,---,False,0.37991,-0.00834,0.37848,-0.25086,5.03369,0.98752,path_to_final_target,w,"$1,0,0,0,0,0,0,0,0#",20000,19000,Set tank.c app_speed/duty level to the logged pwm before sending the move key/protocol command; e=stop.,5.15885,13.66861,0,0,0,0.30906,0.12674,6.94111,4.59035,-0.51073,7.4272,4.6507,4.5903,0.84495,19,-0.0297,9,0,90.14622,33.48611,0.3457,0.2834,2,False,running
027eea92b7,formation_7_adaptive_split,82,16.4,1784478400,adaptive_clusters,finish_first,r01,r01,True,upper,member,local,3,3,5.18644,-1.05085,0.06462,0.31056,-0.22897,865,769,129,87,0,0,0000,---,False,0.31147,0.00892,0.31056,-0.22897,5.64719,-1.03988,cached_path_to_final_target,d,"$4,0,0,0,0,0,0,0,0#",17000,15000,Set tank.c app_speed/duty level to the logged pwm before sending the move key/protocol command; e=stop.,5.21044,13.95081,0,2,0,0.53168,0.05246,6.91561,4.65613,-0.51173,7.3617,4.7165,4.6561,0.84807,19,-0.0297,9,0,91.42865,33.96634,0.343,0.2839,1,False,running
027eea92b7,formation_7_adaptive_split,82,16.4,1784478400,adaptive_clusters,finish_first,r02,r02,True,upper,member,local,3,3,4.73035,-1.13989,0.07109,0.37851,0.24801,944,1000,111,73,0,0,0000,---,False,0.3777,0.04174,0.37851,0.24801,5.15654,-1.07108,cached_path_to_final_target,w,"$1,0,0,0,0,0,0,0,0#",19000,20000,Set tank.c app_speed/duty level to the logged pwm before sending the move key/protocol command; e=stop.,5.096,13.64146,0,0,0,0.54167,0.06371,7.22406,4.65613,-0.51173,7.3617,4.7165,4.6561,0.84807,19,-0.0297,9,0,91.42865,33.96634,0.343,0.2839,1,False,running
027eea92b7,formation_7_adaptive_split,82,16.4,1784478400,adaptive_clusters,finish_first,r03,r03,True,upper,member,local,3,3,5.47579,-0.51637,0.04471,0.31146,-0.08457,837,802,51,68,0,0,0000,---,False,0.31145,0.00979,0.31146,-0.08457,5.87368,-0.5047,cached_path_to_final_target,w,"$1,0,0,0,0,0,0,0,0#",17000,16000,Set tank.c app_speed/duty level to the logged pwm before sending the move key/protocol command; e=stop.,5.28595,14.01343,0,2,0,0.15035,0.05246,6.80356,4.65613,-0.51173,7.3617,4.7165,4.6561,0.84807,19,-0.0297,9,0,91.42865,33.96634,0.343,0.2839,1,False,running
027eea92b7,formation_7_adaptive_split,82,16.4,1784478400,adaptive_clusters,finish_first,r04,r04,True,upper,member,local,3,3,3.50267,-0.49774,-0.37432,0.26667,-1.09342,932,472,57,30,0,0,0000,---,False,0.22181,-0.30668,0.26667,-1.09342,3.97108,-0.55894,cached_path_to_final_target,d,"$4,0,0,0,0,0,0,0,0#",19000,9000,Set tank.c app_speed/duty level to the logged pwm before sending the move key/protocol command; e=stop.,4.028,11.16833,9,2,0,0.29943,-0.02968,8.2236,4.65613,-0.51173,7.3617,4.7165,4.6561,0.84807,19,-0.0297,9,0,91.42865,33.96634,0.343,0.2839,1,False,running
027eea92b7,formation_7_adaptive_split,82,16.4,1784478400,adaptive_clusters,finish_first,r05,r05,True,upper,member,local,3,3,3.96102,-0.80282,-0.44037,0.37663,0.37333,913,1000,99,37,0,0,0000,---,False,0.35265,-0.14155,0.37663,0.37333,4.40359,-0.63989,cached_path_to_final_target,a,"$3,0,0,0,0,0,0,0,0#",18000,20000,Set tank.c app_speed/duty level to the logged pwm before sending the move key/protocol command; e=stop.,4.18837,11.53264,9,4,0,0.25181,-0.02968,8.17508,4.65613,-0.51173,7.3617,4.7165,4.6561,0.84807,19,-0.0297,9,0,91.42865,33.96634,0.343,0.2839,1,False,running
027eea92b7,formation_7_adaptive_split,82,16.4,1784478400,adaptive_clusters,finish_first,r06,r06,True,upper,member,local,3,3,5.07014,-0.57509,0.47682,0.37869,0.23263,948,1000,119,49,0,0,0000,---,False,0.33101,0.18663,0.37869,0.23263,5.50546,-0.48063,cached_path_to_final_target,w,"$1,0,0,0,0,0,0,0,0#",19000,20000,Set tank.c app_speed/duty level to the logged pwm before sending the move key/protocol command; e=stop.,4.923,13.25712,0,2,0,0.11988,0.04777,7.4259,4.65613,-0.51173,7.3617,4.7165,4.6561,0.84807,19,-0.0297,9,0,91.42865,33.96634,0.343,0.2839,1,False,running
027eea92b7,formation_7_adaptive_split,82,16.4,1784478400,adaptive_clusters,finish_first,r07,r07,True,upper,member,local,3,3,4.66649,1.00065,-0.03034,0.37862,-0.23906,1000,946,-113,58,0,0,0000,---,False,0.37912,-0.02579,0.37862,-0.23906,5.10923,0.98785,cached_path_to_final_target,w,"$1,0,0,0,0,0,0,0,0#",20000,19000,Set tank.c app_speed/duty level to the logged pwm before sending the move key/protocol command; e=stop.,5.23457,13.86486,0,0,0,0.30906,0.12674,6.86547,4.65613,-0.51173,7.3617,4.7165,4.6561,0.84807,19,-0.0297,9,0,91.42865,33.96634,0.343,0.2839,1,False,running
027eea92b7,formation_7_adaptive_split,83,16.6,1784478600,adaptive_clusters,finish_first,r01,r01,True,upper,member,local,3,3,5.24866,-1.048,0.0458,0.31142,-0.0941,839,800,132,91,0,0,0000,---,False,0.31145,0.00966,0.31142,-0.0941,5.71015,-1.0346,cached_path_to_final_target,w,"$1,0,0,0,0,0,0,0,0#",17000,16000,Set tank.c app_speed/duty level to the logged pwm before sending the move key/protocol command; e=stop.,5.27272,14.11737,0,2,0,0.53168,0.05246,6.85336,4.72218,-0.51443,7.296,4.7826,4.7222,0.84949,18,-0.0297,9,0,92.71385,34.45901,0.3519,0.2845,1,False,running
027eea92b7,formation_7_adaptive_split,83,16.6,1784478600,adaptive_clusters,finish_first,r02,r02,True,upper,member,local,3,3,4.80581,-1.13199,0.10429,0.37933,0.16601,963,1000,112,74,0,0,0000,---,False,0.37678,0.0494,0.37933,0.16601,5.22953,-1.0956,cached_path_to_final_target,w,"$1,0,0,0,0,0,0,0,0#",19000,20000,Set tank.c app_speed/duty level to the logged pwm before sending the move key/protocol command; e=stop.,5.17187,13.84017,0,0,0,0.54167,0.06371,7.14822,4.72218,-0.51443,7.296,4.7826,4.7222,0.84949,18,-0.0297,9,0,92.71385,34.45901,0.3519,0.2845,1,False,running
027eea92b7,formation_7_adaptive_split,83,16.6,1784478600,adaptive_clusters,finish_first,r03,r03,True,upper,member,local,3,3,5.53746,-0.51006,0.10201,0.30997,0.28648,755,876,50,64,0,0,0000,---,False,0.30824,0.04565,0.30997,0.28648,5.92737,-0.4495,cached_path_to_final_target,a,"$3,0,0,0,0,0,0,0,0#",15000,18000,Set tank.c app_speed/duty level to the logged pwm before sending the move key/protocol command; e=stop.,5.34794,14.1816,0,2,0,0.15035,0.05246,6.74166,4.72218,-0.51443,7.296,4.7826,4.7222,0.84949,18,-0.0297,9,0,92.71385,34.45901,0.3519,0.2845,1,False,running
027eea92b7,formation_7_adaptive_split,83,16.6,1784478600,adaptive_clusters,finish_first,r04,r04,True,upper,member,local,3,3,3.5541,-0.53851,-0.67026,0.32816,-1.47973,1000,552,78,27,0,0,0000,---,False,0.23538,-0.29832,0.32816,-1.47973,4.02515,-0.56968,cached_path_to_final_target,d,"$4,0,0,0,0,0,0,0,0#",20000,11000,Set tank.c app_speed/duty level to the logged pwm before sending the move key/protocol command; e=stop.,4.09363,11.33363,9,2,0,0.27442,-0.02968,8.17561,4.72218,-0.51443,7.296,4.7826,4.7222,0.84949,18,-0.0297,9,0,92.71385,34.45901,0.3519,0.2845,1,False,running
027eea92b7,formation_7_adaptive_split,83,16.6,1784478600,adaptive_clusters,finish_first,r05,r05,True,upper,member,local,3,3,4.03133,-0.82998,-0.36867,0.37689,0.35847,916,1000,100,39,0,0,0000,---,False,0.36161,-0.11677,0.37689,0.35847,4.46857,-0.66281,cached_path_to_final_target,a,"$3,0,0,0,0,0,0,0,0#",18000,20000,Set tank.c app_speed/duty level to the logged pwm before sending the move key/protocol command; e=stop.,4.26375,11.72592,9,4,0,0.25181,-0.02968,8.10845,4.72218,-0.51443,7.296,4.7826,4.7222,0.84949,18,-0.0297,9,0,92.71385,34.45901,0.3519,0.2845,1,False,running
027eea92b7,formation_7_adaptive_split,83,16.6,1784478600,adaptive_clusters,finish_first,r06,r06,True,upper,member,local,3,3,5.13585,-0.53738,0.52101,0.37882,0.22095,950,1000,120,54,0,0,0000,---,False,0.32282,0.20048,0.37882,0.22095,5.57413,-0.4501,cached_path_to_final_target,w,"$1,0,0,0,0,0,0,0,0#",19000,20000,Set tank.c app_speed/duty level to the logged pwm before sending the move key/protocol command; e=stop.,4.99877,13.45376,0,2,0,0.11988,0.04777,7.35693,4.72218,-0.51443,7.296,4.7826,4.7222,0.84949,18,-0.0297,9,0,92.71385,34.45901,0.3519,0.2845,1,False,running
027eea92b7,formation_7_adaptive_split,83,16.6,1784478600,adaptive_clusters,finish_first,r07,r07,True,upper,member,local,3,3,4.74202,0.99492,-0.07572,0.37875,-0.22688,1000,949,-114,59,0,0,0000,---,False,0.37765,-0.04223,0.37875,-0.22688,5.18487,0.98636,cached_path_to_final_target,w,"$1,0,0,0,0,0,0,0,0#",20000,19000,Set tank.c app_speed/duty level to the logged pwm before sending the move key/protocol command; e=stop.,5.31032,14.06141,0,0,0,0.30906,0.12674,6.78972,4.72218,-0.51443,7.296,4.7826,4.7222,0.84949,18,-0.0297,9,0,92.71385,34.45901,0.3519,0.2845,1,False,running
027eea92b7,formation_7_adaptive_split,84,16.8,1784478800,adaptive_clusters,finish_first,r01,r01,True,upper,member,local,3,3,5.31093,-1.04561,0.03824,0.31157,-0.0378,828,812,135,96,0,0,0000,---,False,0.31144,0.01006,0.31157,-0.0378,5.77259,-1.03107,cached_path_to_final_target,w,"$1,0,0,0,0,0,0,0,0#",17000,16000,Set tank.c app_speed/duty level to the logged pwm before sending the move key/protocol command; e=stop.,5.33503,14.28319,0,2,0,0.53168,0.05246,6.79109,4.78848,-0.51723,7.23,4.8489,4.7885,0.84923,18,-0.0297,9,0,94.03426,34.96106,0.3586,0.285,1,False,running
027eea92b7,formation_7_adaptive_split,84,16.8,1784478800,adaptive_clusters,finish_first,r02,r02,True,upper,member,local,3,3,4.881,-1.12176,0.13523,0.37942,0.15472,966,1000,114,76,0,0,0000,---,False,0.37517,0.06037,0.37942,0.15472,5.3063,-1.10147,cached_path_to_final_target,w,"$1,0,0,0,0,0,0,0,0#",19000,20000,Set tank.c app_speed/duty level to the logged pwm before sending the move key/protocol command; e=stop.,5.24775,14.0384,0,0,0,0.54167,0.06371,7.07234,4.78848,-0.51723,7.23,4.8489,4.7885,0.84923,18,-0.0297,9,0,94.03426,34.96106,0.3586,0.285,1,False,running
027eea92b7,formation_7_adaptive_split,84,16.8,1784478800,adaptive_clusters,finish_first,r03,r03,True,upper,member,local,3,3,5.59846,-0.49967,0.16872,0.30939,0.33353,744,884,48,61,0,0,0000,---,False,0.30401,0.06834,0.30939,0.33353,5.99213,-0.40785,cached_path_to_final_target,a,"$3,0,0,0,0,0,0,0,0#",15000,18000,Set tank.c app_speed/duty level to the logged pwm before sending the move key/protocol command; e=stop.,5.40982,14.34616,0,2,0,0.15035,0.05246,6.68024,4.78848,-0.51723,7.23,4.8489,4.7885,0.84923,18,-0.0297,9,0,94.03426,34.96106,0.3586,0.285,1,False,running
027eea92b7,formation_7_adaptive_split,84,16.8,1784478800,adaptive_clusters,finish_first,r04,r04,True,upper,member,local,3,3,3.60835,-0.59027,-0.76197,0.37492,-0.45851,1000,890,89,27,0,0,0000,---,False,0.25532,-0.28144,0.37492,-0.45851,4.07947,-0.58348,cached_path_to_final_target,d,"$4,0,0,0,0,0,0,0,0#",20000,18000,Set tank.c app_speed/duty level to the logged pwm before sending the move key/protocol command; e=stop.,4.16862,11.53808,9,2,0,0.26511,-0.02968,8.12605,4.78848,-0.51723,7.23,4.8489,4.7885,0.84923,18,-0.0297,9,0,94.03426,34.96106,0.3586,0.285,1,False,running
027eea92b7,formation_7_adaptive_split,84,16.8,1784478800,adaptive_clusters,finish_first,r05,r05,True,upper,member,local,3,3,4.10339,-0.85228,-0.30009,0.37715,0.34293,920,1000,101,42,0,0,0000,---,False,0.36854,-0.09261,0.37715,0.34293,4.53624,-0.6845,cached_path_to_final_target,a,"$3,0,0,0,0,0,0,0,0#",18000,20000,Set tank.c app_speed/duty level to the logged pwm before sending the move key/protocol command; e=stop.,4.33918,11.9196,9,4,0,0.25181,-0.02968,8.03964,4.78848,-0.51723,7.23,4.8489,4.7885,0.84923,18,-0.0297,9,0,94.03426,34.96106,0.3586,0.285,1,False,running
027eea92b7,formation_7_adaptive_split,84,16.8,1784478800,adaptive_clusters,finish_first,r06,r06,True,upper,member,local,3,3,5.19994,-0.49694,0.56295,0.37894,0.20967,953,1000,121,59,0,0,0000,---,False,0.31451,0.21327,0.37894,0.20967,5.64144,-0.41733,cached_path_to_final_target,w,"$1,0,0,0,0,0,0,0,0#",19000,20000,Set tank.c app_speed/duty level to the logged pwm before sending the move key/protocol command; e=stop.,5.07456,13.6507,0,2,0,0.11988,0.04777,7.28946,4.78848,-0.51723,7.23,4.8489,4.7885,0.84923,18,-0.0297,9,0,94.03426,34.96106,0.3586,0.285,1,False,running
027eea92b7,formation_7_adaptive_split,84,16.8,1784478800,adaptive_clusters,finish_first,r07,r07,True,upper,member,local,3,3,4.81726,0.98593,-0.11901,0.37887,-0.21646,1000,951,-115,61,0,0,0000,---,False,0.37556,-0.05792,0.37887,-0.21646,5.26044,0.98214,cached_path_to_final_target,w,"$1,0,0,0,0,0,0,0,0#",20000,19000,Set tank.c app_speed/duty level to the logged pwm before sending the move key/protocol command; e=stop.,5.3861,14.25813,0,0,0,0.30906,0.12674,6.71401,4.78848,-0.51723,7.23,4.8489,4.7885,0.84923,18,-0.0297,9,0,94.03426,34.96106,0.3586,0.285,1,False,running
027eea92b7,formation_7_adaptive_split,85,17.0,1784479000,adaptive_clusters,finish_first,r01,r01,True,upper,member,local,3,3,5.37321,-1.04342,0.03526,0.3116,-0.0149,823,817,136,100,0,0,0000,---,False,0.31143,0.01026,0.3116,-0.0149,5.83491,-1.02836,path_to_final_target,w,"$1,0,0,0,0,0,0,0,0#",16000,16000,Set tank.c app_speed/duty level to the logged pwm before sending the move key/protocol command; e=stop.,5.39735,14.44867,0,2,0,0.53168,0.05246,6.72883,4.85474,-0.51859,7.1641,4.9152,4.8547,0.84771,18,-0.0297,9,0,95.35685,35.46431,0.3595,0.2856,1,False,running
027eea92b7,formation_7_adaptive_split,85,17.0,1784479000,adaptive_clusters,finish_first,r02,r02,True,upper,member,local,3,3,4.95567,-1.10864,0.17389,0.3791,0.19328,957,1000,114,78,0,0,0000,---,False,0.3721,0.07708,0.3791,0.19328,5.37997,-1.07905,path_to_final_target,w,"$1,0,0,0,0,0,0,0,0#",19000,20000,Set tank.c app_speed/duty level to the logged pwm before sending the move key/protocol command; e=stop.,5.32357,14.23603,0,0,0,0.54167,0.06371,6.99658,4.85474,-0.51859,7.1641,4.9152,4.8547,0.84771,18,-0.0297,9,0,95.35685,35.46431,0.3595,0.2856,1,False,running
027eea92b7,formation_7_adaptive_split,85,17.0,1784479000,adaptive_clusters,finish_first,r03,r03,True,upper,member,local,3,3,5.65904,-0.48616,0.21946,0.31032,0.25372,763,870,47,58,0,0,0000,---,False,0.30118,0.0799,0.31032,0.25372,6.06249,-0.37656,path_to_final_target,a,"$3,0,0,0,0,0,0,0,0#",15000,17000,Set tank.c app_speed/duty level to the logged pwm before sending the move key/protocol command; e=stop.,5.47188,14.51157,0,2,0,0.15035,0.05246,6.61911,4.85474,-0.51859,7.1641,4.9152,4.8547,0.84771,18,-0.0297,9,0,95.35685,35.46431,0.3595,0.2856,1,False,running
027eea92b7,formation_7_adaptive_split,85,17.0,1784479000,adaptive_clusters,finish_first,r04,r04,True,upper,member,local,3,3,3.66402,-0.64199,-0.74868,0.37989,0.06645,986,1000,93,27,0,0,0000,---,False,0.28107,-0.25573,0.37989,0.06645,4.13517,-0.57532,path_to_final_target,w,"$1,0,0,0,0,0,0,0,0#",20000,20000,Set tank.c app_speed/duty level to the logged pwm before sending the move key/protocol command; e=stop.,4.24459,11.74385,9,2,0,0.26511,-0.02968,8.07547,4.85474,-0.51859,7.1641,4.9152,4.8547,0.84771,18,-0.0297,9,0,95.35685,35.46431,0.3595,0.2856,1,False,running
027eea92b7,formation_7_adaptive_split,85,17.0,1784479000,adaptive_clusters,finish_first,r05,r05,True,upper,member,local,3,3,4.17681,-0.86978,-0.23403,0.37736,0.33029,924,1000,102,43,0,0,0000,---,False,0.37372,-0.06883,0.37736,0.33029,4.60596,-0.7027,path_to_final_target,a,"$3,0,0,0,0,0,0,0,0#",18000,20000,Set tank.c app_speed/duty level to the logged pwm before sending the move key/protocol command; e=stop.,4.41465,12.11365,9,4,0,0.25181,-0.02968,7.96899,4.85474,-0.51859,7.1641,4.9152,4.8547,0.84771,18,-0.0297,9,0,95.35685,35.46431,0.3595,0.2856,1,False,running
027eea92b7,formation_7_adaptive_split,85,17.0,1784479000,adaptive_clusters,finish_first,r06,r06,True,upper,member,local,3,3,5.26239,-0.45396,0.6027,0.37904,0.19878,956,1000,122,64,0,0,0000,---,False,0.30617,0.22508,0.37904,0.19878,5.70733,-0.38258,path_to_final_target,w,"$1,0,0,0,0,0,0,0,0#",19000,20000,Set tank.c app_speed/duty level to the logged pwm before sending the move key/protocol command; e=stop.,5.15036,13.84793,0,2,0,0.11988,0.04777,7.22358,4.85474,-0.51859,7.1641,4.9152,4.8547,0.84771,18,-0.0297,9,0,95.35685,35.46431,0.3595,0.2856,1,False,running
027eea92b7,formation_7_adaptive_split,85,17.0,1784479000,adaptive_clusters,finish_first,r07,r07,True,upper,member,local,3,3,4.89208,0.97381,-0.1605,0.37896,-0.20746,1000,954,-116,63,0,0,0000,---,False,0.37294,-0.07292,0.37896,-0.20746,5.33579,0.97503,path_to_final_target,w,"$1,0,0,0,0,0,0,0,0#",20000,19000,Set tank.c app_speed/duty level to the logged pwm before sending the move key/protocol command; e=stop.,5.46189,14.45515,0,0,0,0.30906,0.12674,6.63849,4.85474,-0.51859,7.1641,4.9152,4.8547,0.84771,18,-0.0297,9,0,95.35685,35.46431,0.3595,0.2856,1,False,running
027eea92b7,formation_7_adaptive_split,86,17.2,1784479200,adaptive_clusters,finish_first,r01,r01,True,upper,member,local,3,3,5.43549,-1.04129,0.03411,0.3116,-0.00578,821,819,138,105,0,0,0000,---,False,0.31143,0.01034,0.3116,-0.00578,5.8972,-1.02602,cached_path_to_final_target,w,"$1,0,0,0,0,0,0,0,0#",16000,16000,Set tank.c app_speed/duty level to the logged pwm before sending the move key/protocol command; e=stop.,5.45967,14.61401,0,2,0,0.53168,0.05246,6.66657,4.92108,-0.51833,7.0979,4.9816,4.9211,0.84477,19,-0.0297,9,0,96.67319,35.96757,0.3595,0.2861,1,False,running
027eea92b7,formation_7_adaptive_split,86,17.2,1784479200,adaptive_clusters,finish_first,r02,r02,True,upper,member,local,3,3,5.02996,-1.09317,0.20532,0.3794,0.15715,965,1000,115,81,0,0,0000,---,False,0.36999,0.08664,0.3794,0.15715,5.45692,-1.08174,cached_path_to_final_target,w,"$1,0,0,0,0,0,0,0,0#",19000,20000,Set tank.c app_speed/duty level to the logged pwm before sending the move key/protocol command; e=stop.,5.39945,14.43443,0,0,0,0.54167,0.06371,6.92091,4.92108,-0.51833,7.0979,4.9816,4.9211,0.84477,19,-0.0297,9,0,96.67319,35.96757,0.3595,0.2861,1,False,running
027eea92b7,formation_7_adaptive_split,86,17.2,1784479200,adaptive_clusters,finish_first,r03,r03,True,upper,member,local,3,3,5.71931,-0.4707,0.25102,0.31111,0.15782,785,852,48,55,0,0,0000,---,False,0.29982,0.08486,0.31111,0.15782,6.13525,-0.35137,cached_path_to_final_target,w,"$1,0,0,0,0,0,0,0,0#",16000,17000,Set tank.c app_speed/duty level to the logged pwm before sending the move key/protocol command; e=stop.,5.53411,14.67754,0,2,0,0.15035,0.05246,6.55821,4.92108,-0.51833,7.0979,4.9816,4.9211,0.84477,19,-0.0297,9,0,96.67319,35.96757,0.3595,0.2861,1,False,running
027eea92b7,formation_7_adaptive_split,86,17.2,1784479200,adaptive_clusters,finish_first,r04,r04,True,upper,member,local,3,3,3.72198,-0.69067,-0.69856,0.37848,0.2506,943,1000,95,29,0,0,0000,---,False,0.30039,-0.23274,0.37848,0.2506,4.19057,-0.60245,cached_path_to_final_target,w,"$1,0,0,0,0,0,0,0,0#",19000,20000,Set tank.c app_speed/duty level to the logged pwm before sending the move key/protocol command; e=stop.,4.32029,11.94161,9,2,0,0.26511,-0.02968,8.02268,4.92108,-0.51833,7.0979,4.9816,4.9211,0.84477,19,-0.0297,9,0,96.67319,35.96757,0.3595,0.2861,1,False,running
027eea92b7,formation_7_adaptive_split,86,17.2,1784479200,adaptive_clusters,finish_first,r05,r05,True,upper,member,local,3,3,4.25122,-0.88256,-0.17008,0.37752,0.31975,926,1000,103,45,0,0,0000,---,False,0.37727,-0.04543,0.37752,0.31975,4.67729,-0.71681,cached_path_to_final_target,w,"$1,0,0,0,0,0,0,0,0#",19000,20000,Set tank.c app_speed/duty level to the logged pwm before sending the move key/protocol command; e=stop.,4.49015,12.30788,9,4,0,0.25181,-0.02968,7.89683,4.92108,-0.51833,7.0979,4.9816,4.9211,0.84477,19,-0.0297,9,0,96.67319,35.96757,0.3595,0.2861,1,False,running
027eea92b7,formation_7_adaptive_split,86,17.2,1784479200,adaptive_clusters,finish_first,r06,r06,True,upper,member,local,3,3,5.3232,-0.40866,0.64037,0.37914,0.18831,958,1000,8,68,0,0,0000,---,False,0.29786,0.23596,0.37914,0.18831,5.77175,-0.34607,cached_path_to_final_target,w,"$1,0,0,0,0,0,0,0,0#",19000,20000,Set tank.c app_speed/duty level to the logged pwm before sending the move key/protocol command; e=stop.,5.22619,14.04536,0,2,0,0.11988,0.04777,7.15937,4.92108,-0.51833,7.0979,4.9816,4.9211,0.84477,19,-0.0297,9,0,96.67319,35.96757,0.3595,0.2861,1,False,running
027eea92b7,formation_7_adaptive_split,86,17.2,1784479200,adaptive_clusters,finish_first,r07,r07,True,upper,member,local,3,3,4.96637,0.95873,-0.20037,0.37904,-0.19933,1000,956,-117,66,0,0,0000,---,False,0.36985,-0.08726,0.37904,-0.19933,5.41078,0.96509,cached_path_to_final_target,w,"$1,0,0,0,0,0,0,0,0#",20000,19000,Set tank.c app_speed/duty level to the logged pwm before sending the move key/protocol command; e=stop.,5.5377,14.65235,0,0,0,0.30906,0.12674,6.56327,4.92108,-0.51833,7.0979,4.9816,4.9211,0.84477,19,-0.0297,9,0,96.67319,35.96757,0.3595,0.2861,1,False,running
027eea92b7,formation_7_adaptive_split,87,17.4,1784479400,adaptive_clusters,finish_first,r01,r01,True,upper,member,local,3,3,5.49778,-1.03919,0.03366,0.3116,-0.00221,820,820,139,110,0,0,0000,---,False,0.31143,0.01038,0.3116,-0.00221,5.95949,-1.02383,cached_path_to_final_target,w,"$1,0,0,0,0,0,0,0,0#",16000,16000,Set tank.c app_speed/duty level to the logged pwm before sending the move key/protocol command; e=stop.,5.52199,14.77929,0,2,0,0.53168,0.05246,6.60432,4.98475,-0.5182,7.0344,5.0452,4.9847,0.83741,18,-0.0297,9,0,97.94112,36.44477,0.3409,0.2865,1,False,running
027eea92b7,formation_7_adaptive_split,87,17.4,1784479400,adaptive_clusters,finish_first,r02,r02,True,upper,member,local,3,3,5.09337,-1.06475,0.42138,0.34744,1.08033,687,1000,106,82,0,0,0000,---,False,0.31137,0.209,0.34744,1.08033,5.53352,-1.07393,cached_path_to_final_target,a,"$3,0,0,0,0,0,0,0,0#",14000,20000,Set tank.c app_speed/duty level to the logged pwm before sending the move key/protocol command; e=stop.,5.46894,14.61631,0,0,0,0.54167,0.06371,6.85436,4.98475,-0.5182,7.0344,5.0452,4.9847,0.83741,18,-0.0297,9,0,97.94112,36.44477,0.3409,0.2865,1,False,running
027eea92b7,formation_7_adaptive_split,87,17.4,1784479400,adaptive_clusters,finish_first,r03,r03,True,upper,member,local,3,3,5.77937,-0.4542,0.26817,0.31145,0.08572,802,838,50,52,0,0,0000,---,False,0.29932,0.0866,0.31145,0.08572,6.20894,-0.32904,cached_path_to_final_target,w,"$1,0,0,0,0,0,0,0,0#",16000,17000,Set tank.c app_speed/duty level to the logged pwm before sending the move key/protocol command; e=stop.,5.5964,14.84353,0,2,0,0.15035,0.05246,6.49751,4.98475,-0.5182,7.0344,5.0452,4.9847,0.83741,18,-0.0297,9,0,97.94112,36.44477,0.3409,0.2865,1,False,running
027eea92b7,formation_7_adaptive_split,87,17.4,1784479400,adaptive_clusters,finish_first,r04,r04,True,upper,member,local,3,3,3.78274,-0.73553,-0.63602,0.37763,0.3127,928,1000,97,31,0,0,0000,---,False,0.31642,-0.21043,0.37763,0.3127,4.24738,-0.63819,cached_path_to_final_target,w,"$1,0,0,0,0,0,0,0,0#",19000,20000,Set tank.c app_speed/duty level to the logged pwm before sending the move key/protocol command; e=stop.,4.39582,12.13661,9,2,0,0.26511,-0.02968,7.96706,4.98475,-0.5182,7.0344,5.0452,4.9847,0.83741,18,-0.0297,9,0,97.94112,36.44477,0.3409,0.2865,1,False,running
027eea92b7,formation_7_adaptive_split,87,17.4,1784479400,adaptive_clusters,finish_first,r05,r05,True,upper,member,local,3,3,4.32631,-0.8907,-0.10803,0.37767,0.31026,929,1000,104,45,0,0,0000,---,False,0.37933,-0.02251,0.37767,0.31026,4.74985,-0.7267,cached_path_to_final_target,w,"$1,0,0,0,0,0,0,0,0#",19000,20000,Set tank.c app_speed/duty level to the logged pwm before sending the move key/protocol command; e=stop.,4.56569,12.5024,9,4,0,0.25181,-0.02968,7.82344,4.98475,-0.5182,7.0344,5.0452,4.9847,0.83741,18,-0.0297,9,0,97.94112,36.44477,0.3409,0.2865,1,False,running
027eea92b7,formation_7_adaptive_split,87,17.4,1784479400,adaptive_clusters,finish_first,r06,r06,True,upper,member,local,3,3,5.37362,-0.3838,0.45803,0.2811,-0.91169,932,548,19,62,0,0,0000,---,False,0.30574,0.06013,0.2811,-0.91169,5.83468,-0.30805,cached_path_to_final_target,d,"$4,0,0,0,0,0,0,0,0#",19000,11000,Set tank.c app_speed/duty level to the logged pwm before sending the move key/protocol command; e=stop.,5.28241,14.21333,0,2,0,0.11988,0.04777,7.10721,4.98475,-0.5182,7.0344,5.0452,4.9847,0.83741,18,-0.0297,9,0,97.94112,36.44477,0.3409,0.2865,1,False,running
027eea92b7,formation_7_adaptive_split,87,17.4,1784479400,adaptive_clusters,finish_first,r07,r07,True,upper,member,local,3,3,5.04004,0.9408,-0.23872,0.37911,-0.19175,1000,957,-118,69,0,0,0000,---,False,0.36635,-0.10094,0.37911,-0.19175,5.48531,0.95244,cached_path_to_final_target,w,"$1,0,0,0,0,0,0,0,0#",20000,19000,Set tank.c app_speed/duty level to the logged pwm before sending the move key/protocol command; e=stop.,5.61352,14.84965,0,0,0,0.30906,0.12674,6.48848,4.98475,-0.5182,7.0344,5.0452,4.9847,0.83741,18,-0.0297,9,0,97.94112,36.44477,0.3409,0.2865,1,False,running
027eea92b7,formation_7_adaptive_split,88,17.6,1784479600,adaptive_clusters,finish_first,r01,r01,True,upper,member,local,3,3,5.56006,-1.03711,0.0335,0.3116,-0.00083,820,820,65,114,0,0,0000,---,False,0.31143,0.0104,0.3116,-0.00083,6.02178,-1.0217,cached_path_to_final_target,w,"$1,0,0,0,0,0,0,0,0#",16000,16000,Set tank.c app_speed/duty level to the logged pwm before sending the move key/protocol command; e=stop.,5.58431,14.94455,0,2,0,0.53168,0.05246,6.54206,5.04972,-0.51878,6.9696,5.1102,5.0497,0.82769,17,-0.0297,9,0,99.22099,36.92713,0.3445,0.2869,1,False,running
027eea92b7,formation_7_adaptive_split,88,17.6,1784479600,adaptive_clusters,finish_first,r02,r02,True,upper,member,local,3,3,5.15768,-1.02824,0.51633,0.36976,0.47472,873,1000,103,83,0,0,0000,---,False,0.31152,0.209,0.36976,0.47472,5.60771,-1.0533,cached_path_to_final_target,a,"$3,0,0,0,0,0,0,0,0#",17000,20000,Set tank.c app_speed/duty level to the logged pwm before sending the move key/protocol command; e=stop.,5.54289,14.81293,0,0,0,0.54167,0.06371,6.78596,5.04972,-0.51878,6.9696,5.1102,5.0497,0.82769,17,-0.0297,9,0,99.22099,36.92713,0.3445,0.2869,1,False,running
027eea92b7,formation_7_adaptive_split,88,17.6,1784479600,adaptive_clusters,finish_first,r03,r03,True,upper,member,local,3,3,5.83828,-0.45035,0.06531,0.29517,-1.01428,990,563,64,51,0,0,0000,---,False,0.34803,-0.15256,0.29517,-1.01428,6.2786,-0.30894,cached_path_to_final_target,d,"$4,0,0,0,0,0,0,0,0#",20000,11000,Set tank.c app_speed/duty level to the logged pwm before sending the move key/protocol command; e=stop.,5.65543,15.01232,0,2,0,0.15035,0.05246,6.43849,5.04972,-0.51878,6.9696,5.1102,5.0497,0.82769,17,-0.0297,9,0,99.22099,36.92713,0.3445,0.2869,1,False,running
027eea92b7,formation_7_adaptive_split,88,17.6,1784479600,adaptive_clusters,finish_first,r04,r04,True,upper,member,local,3,3,3.84629,-0.77624,-0.56976,0.37734,0.33127,923,1000,98,34,0,0,0000,---,False,0.3302,-0.18806,0.37734,0.33127,4.30648,-0.67407,cached_path_to_final_target,a,"$3,0,0,0,0,0,0,0,0#",18000,20000,Set tank.c app_speed/duty level to the logged pwm before sending the move key/protocol command; e=stop.,4.47129,12.33063,9,2,0,0.26511,-0.02968,7.90852,5.04972,-0.51878,6.9696,5.1102,5.0497,0.82769,17,-0.0297,9,0,99.22099,36.92713,0.3445,0.2869,1,False,running
027eea92b7,formation_7_adaptive_split,88,17.6,1784479600,adaptive_clusters,finish_first,r05,r05,True,upper,member,local,3,3,4.40179,-0.89431,-0.04779,0.3778,0.30116,931,1000,105,46,0,0,0000,---,False,0.38,-0.00018,0.3778,0.30116,4.82332,-0.7324,cached_path_to_final_target,w,"$1,0,0,0,0,0,0,0,0#",19000,20000,Set tank.c app_speed/duty level to the logged pwm before sending the move key/protocol command; e=stop.,4.64125,12.69711,9,4,0,0.25181,-0.02968,7.74912,5.04972,-0.51878,6.9696,5.1102,5.0497,0.82769,17,-0.0297,9,0,99.22099,36.92713,0.3445,0.2869,1,False,running
027eea92b7,formation_7_adaptive_split,88,17.6,1784479600,adaptive_clusters,finish_first,r06,r06,True,upper,member,local,3,3,5.43092,-0.36536,0.31133,0.30097,-0.73348,946,638,29,57,0,0,0000,---,False,0.30563,0.06071,0.30097,-0.73348,5.88931,-0.28137,cached_path_to_final_target,d,"$4,0,0,0,0,0,0,0,0#",19000,13000,Set tank.c app_speed/duty level to the logged pwm before sending the move key/protocol command; e=stop.,5.34261,14.3763,0,2,0,0.11988,0.04777,7.04872,5.04972,-0.51878,6.9696,5.1102,5.0497,0.82769,17,-0.0297,9,0,99.22099,36.92713,0.3445,0.2869,1,False,running
027eea92b7,formation_7_adaptive_split,88,17.6,1784479600,adaptive_clusters,finish_first,r07,r07,True,upper,member,local,3,3,5.11301,0.92016,-0.27563,0.37918,-0.18453,1000,959,-8,65,0,0,0000,---,False,0.3625,-0.11398,0.37918,-0.18453,5.55926,0.9372,cached_path_to_final_target,w,"$1,0,0,0,0,0,0,0,0#",20000,19000,Set tank.c app_speed/duty level to the logged pwm before sending the move key/protocol command; e=stop.,5.68935,15.04714,0,0,0,0.30906,0.12674,6.41422,5.04972,-0.51878,6.9696,5.1102,5.0497,0.82769,17,-0.0297,9,0,99.22099,36.92713,0.3445,0.2869,1,False,running
027eea92b7,formation_7_adaptive_split,89,17.8,1784479800,adaptive_clusters,finish_first,r01,r01,True,upper,member,local,3,3,5.62235,-1.03502,0.03344,0.3116,-0.00031,820,820,67,112,0,0,0000,---,False,0.31143,0.0104,0.3116,-0.00031,6.08406,-1.01961,path_to_final_target,w,"$1,0,0,0,0,0,0,0,0#",16000,16000,Set tank.c app_speed/duty level to the logged pwm before sending the move key/protocol command; e=stop.,5.64663,15.1098,0,2,0,0.53168,0.05246,6.47981,5.11273,-0.52095,6.9069,5.1733,5.1127,0.82291,17,-0.0297,9,0,100.4518,37.3844,0.3266,0.2872,1,False,running
027eea92b7,formation_7_adaptive_split,89,17.8,1784479800,adaptive_clusters,finish_first,r02,r02,True,upper,member,local,3,3,5.20763,-1.00763,0.39127,0.27016,-0.62528,843,579,113,85,0,0,0000,---,False,0.3116,-0.00166,0.27016,-0.62528,5.67836,-1.03101,path_to_final_target,d,"$4,0,0,0,0,0,0,0,0#",17000,12000,Set tank.c app_speed/duty level to the logged pwm before sending the move key/protocol command; e=stop.,5.59693,14.97518,0,0,0,0.54167,0.06371,6.73386,5.11273,-0.52095,6.9069,5.1733,5.1127,0.82291,17,-0.0297,9,0,100.4518,37.3844,0.3266,0.2872,1,False,running
027eea92b7,formation_7_adaptive_split,89,17.8,1784479800,adaptive_clusters,finish_first,r03,r03,True,upper,member,local,3,3,5.90605,-0.46262,-0.17915,0.34436,-1.22233,1000,649,82,53,0,0,0000,---,False,0.35411,-0.13785,0.34436,-1.22233,6.34003,-0.29783,path_to_final_target,d,"$4,0,0,0,0,0,0,0,0#",20000,13000,Set tank.c app_speed/duty level to the logged pwm before sending the move key/protocol command; e=stop.,5.7243,15.18461,0,2,0,0.15035,0.05246,6.3713,5.11273,-0.52095,6.9069,5.1733,5.1127,0.82291,17,-0.0297,9,0,100.4518,37.3844,0.3266,0.2872,1,False,running
027eea92b7,formation_7_adaptive_split,89,17.8,1784479800,adaptive_clusters,finish_first,r04,r04,True,upper,member,local,3,3,3.9127,-0.81151,-0.48819,0.37598,0.40784,904,1000,98,38,0,0,0000,---,False,0.34633,-0.15637,0.37598,0.40784,4.3603,-0.65944,path_to_final_target,a,"$3,0,0,0,0,0,0,0,0#",18000,20000,Set tank.c app_speed/duty level to the logged pwm before sending the move key/protocol command; e=stop.,4.54648,12.52341,9,2,0,0.26511,-0.02968,7.84676,5.11273,-0.52095,6.9069,5.1733,5.1127,0.82291,17,-0.0297,9,0,100.4518,37.3844,0.3266,0.2872,1,False,running
027eea92b7,formation_7_adaptive_split,89,17.8,1784479800,adaptive_clusters,finish_first,r05,r05,True,upper,member,local,3,3,4.47737,-0.89351,0.01064,0.37793,0.29215,933,1000,107,46,0,0,0000,---,False,0.37939,0.02148,0.37793,0.29215,4.89741,-0.73401,path_to_final_target,w,"$1,0,0,0,0,0,0,0,0#",19000,20000,Set tank.c app_speed/duty level to the logged pwm before sending the move key/protocol command; e=stop.,4.71684,12.89203,9,4,0,0.25181,-0.02968,7.67411,5.11273,-0.52095,6.9069,5.1733,5.1127,0.82291,17,-0.0297,9,0,100.4518,37.3844,0.3266,0.2872,1,False,running
027eea92b7,formation_7_adaptive_split,89,17.8,1784479800,adaptive_clusters,finish_first,r06,r06,True,upper,member,local,3,3,5.49096,-0.35038,0.2444,0.30938,-0.33469,885,744,34,53,0,0,0000,---,False,0.30589,0.0594,0.30938,-0.33469,5.94678,-0.26518,path_to_final_target,d,"$4,0,0,0,0,0,0,0,0#",18000,15000,Set tank.c app_speed/duty level to the logged pwm before sending the move key/protocol command; e=stop.,5.40448,14.5451,0,2,0,0.11988,0.04777,6.98777,5.11273,-0.52095,6.9069,5.1733,5.1127,0.82291,17,-0.0297,9,0,100.4518,37.3844,0.3266,0.2872,1,False,running
027eea92b7,formation_7_adaptive_split,89,17.8,1784479800,adaptive_clusters,finish_first,r07,r07,True,upper,member,local,3,3,5.17209,0.91404,-0.10321,0.29695,0.86207,600,963,-18,59,0,0,0000,---,False,0.31144,0.01005,0.29695,0.86207,5.63241,0.93692,path_to_final_target,a,"$3,0,0,0,0,0,0,0,0#",12000,19000,Set tank.c app_speed/duty level to the logged pwm before sending the move key/protocol command; e=stop.,5.74874,15.22168,0,0,0,0.30906,0.12674,6.35487,5.11273,-0.52095,6.9069,5.1733,5.1127,0.82291,17,-0.0297,9,0,100.4518,37.3844,0.3266,0.2872,1,False,running
027eea92b7,formation_7_adaptive_split,90,18.0,1784480000,adaptive_clusters,finish_first,r01,r01,True,upper,member,local,3,3,5.68463,-1.03294,0.03341,0.3116,-0.00011,820,820,69,111,0,0,0000,---,False,0.31143,0.0104,0.3116,-0.00011,6.14635,-1.01752,cached_path_to_final_target,w,"$1,0,0,0,0,0,0,0,0#",16000,16000,Set tank.c app_speed/duty level to the logged pwm before sending the move key/protocol command; e=stop.,5.70895,15.27505,0,2,0,0.53168,0.05246,6.41756,5.17827,-0.52386,6.8418,5.2389,5.1783,0.82079,17,-0.0297,9,0,101.7034,37.85428,0.3356,0.2877,1,False,running
027eea92b7,formation_7_adaptive_split,90,18.0,1784480000,adaptive_clusters,finish_first,r02,r02,True,upper,member,local,3,3,5.26426,-0.99802,0.16816,0.2872,-1.11553,991,521,127,89,0,0,0000,---,False,0.31159,-0.00222,0.2872,-1.11553,5.73453,-1.01139,cached_path_to_final_target,d,"$4,0,0,0,0,0,0,0,0#",20000,10000,Set tank.c app_speed/duty level to the logged pwm before sending the move key/protocol command; e=stop.,5.65436,15.1338,0,0,0,0.54167,0.06371,6.67648,5.17827,-0.52386,6.8418,5.2389,5.1783,0.82079,17,-0.0297,9,0,101.7034,37.85428,0.3356,0.2877,1,False,running
027eea92b7,formation_7_adaptive_split,90,18.0,1784480000,adaptive_clusters,finish_first,r03,r03,True,upper,member,local,3,3,5.97895,-0.48157,-0.25433,0.37658,-0.3759,1000,912,91,55,0,0,0000,---,False,0.36149,-0.11715,0.37658,-0.3759,6.40407,-0.29713,cached_path_to_final_target,d,"$4,0,0,0,0,0,0,0,0#",20000,18000,Set tank.c app_speed/duty level to the logged pwm before sending the move key/protocol command; e=stop.,5.79962,15.38836,0,2,0,0.15035,0.05246,6.29933,5.17827,-0.52386,6.8418,5.2389,5.1783,0.82079,17,-0.0297,9,0,101.7034,37.85428,0.3356,0.2877,1,False,running
027eea92b7,formation_7_adaptive_split,90,18.0,1784480000,adaptive_clusters,finish_first,r04,r04,True,upper,member,local,3,3,3.9817,-0.8416,-0.41119,0.37641,0.385,910,1000,99,41,0,0,0000,---,False,0.35687,-0.13055,0.37641,0.385,4.42183,-0.67505,cached_path_to_final_target,a,"$3,0,0,0,0,0,0,0,0#",18000,20000,Set tank.c app_speed/duty level to the logged pwm before sending the move key/protocol command; e=stop.,4.62176,12.71618,9,2,0,0.26511,-0.02968,7.78201,5.17827,-0.52386,6.8418,5.2389,5.1783,0.82079,17,-0.0297,9,0,101.7034,37.85428,0.3356,0.2877,1,False,running
027eea92b7,formation_7_adaptive_split,90,18.0,1784480000,adaptive_clusters,finish_first,r05,r05,True,upper,member,local,3,3,4.55281,-0.88843,0.06725,0.37806,0.28309,935,1000,108,45,0,0,0000,---,False,0.37763,0.04237,0.37806,0.28309,4.97185,-0.73165,cached_path_to_final_target,w,"$1,0,0,0,0,0,0,0,0#",19000,20000,Set tank.c app_speed/duty level to the logged pwm before sending the move key/protocol command; e=stop.,4.79245,13.08714,9,4,0,0.25181,-0.02968,7.59868,5.17827,-0.52386,6.8418,5.2389,5.1783,0.82079,17,-0.0297,9,0,101.7034,37.85428,0.3356,0.2877,1,False,running
027eea92b7,formation_7_adaptive_split,90,18.0,1784480000,adaptive_clusters,finish_first,r06,r06,True,upper,member,local,3,3,5.55176,-0.33711,0.21497,0.31117,-0.14715,850,788,38,48,0,0,0000,---,False,0.30588,0.05941,0.31117,-0.14715,6.00614,-0.25032,cached_path_to_final_target,w,"$1,0,0,0,0,0,0,0,0#",17000,16000,Set tank.c app_speed/duty level to the logged pwm before sending the move key/protocol command; e=stop.,5.46671,14.71217,0,2,0,0.11988,0.04777,6.92619,5.17827,-0.52386,6.8418,5.2389,5.1783,0.82079,17,-0.0297,9,0,101.7034,37.85428,0.3356,0.2877,1,False,running
027eea92b7,formation_7_adaptive_split,90,18.0,1784480000,adaptive_clusters,finish_first,r07,r07,True,upper,member,local,3,3,5.23375,0.91264,-0.02274,0.30839,0.40236,727,896,-24,53,0,0,0000,---,False,0.31134,0.01261,0.30839,0.40236,5.69562,0.93525,cached_path_to_final_target,a,"$3,0,0,0,0,0,0,0,0#",15000,18000,Set tank.c app_speed/duty level to the logged pwm before sending the move key/protocol command; e=stop.,5.81042,15.39072,0,0,0,0.30906,0.12674,6.29326,5.17827,-0.52386,6.8418,5.2389,5.1783,0.82079,17,-0.0297,9,0,101.7034,37.85428,0.3356,0.2877,1,False,running
027eea92b7,formation_7_adaptive_split,91,18.2,1784480200,adaptive_clusters,finish_first,r01,r01,True,upper,member,local,3,3,5.74692,-1.03086,0.0334,0.3116,-4e-05,820,820,71,110,0,0,0000,---,False,0.31143,0.0104,0.3116,-4e-05,6.20863,-1.01544,cached_path_to_final_target,w,"$1,0,0,0,0,0,0,0,0#",16000,16000,Set tank.c app_speed/duty level to the logged pwm before sending the move key/protocol command; e=stop.,5.77127,15.4403,0,2,0,0.53168,0.05246,6.35531,5.24491,-0.52599,6.7755,5.3055,5.2449,0.8192,18,-0.0297,9,0,102.96724,38.32953,0.3395,0.2882,1,False,running
027eea92b7,formation_7_adaptive_split,91,18.2,1784480200,adaptive_clusters,finish_first,r02,r02,True,upper,member,local,3,3,5.32551,-0.99358,0.07246,0.30706,-0.47854,909,707,134,93,0,0,0000,---,False,0.3116,-0.00085,0.30706,-0.47854,5.79103,-0.99947,cached_path_to_final_target,d,"$4,0,0,0,0,0,0,0,0#",18000,14000,Set tank.c app_speed/duty level to the logged pwm before sending the move key/protocol command; e=stop.,5.71578,15.30458,0,0,0,0.54167,0.06371,6.61515,5.24491,-0.52599,6.7755,5.3055,5.2449,0.8192,18,-0.0297,9,0,102.96724,38.32953,0.3395,0.2882,1,False,running
027eea92b7,formation_7_adaptive_split,91,18.2,1784480200,adaptive_clusters,finish_first,r03,r03,True,upper,member,local,3,3,6.05255,-0.50048,-0.25147,0.38,0.01428,997,1000,96,56,0,0,0000,---,False,0.36826,-0.09373,0.38,0.01428,6.47173,-0.3023,cached_path_to_final_target,w,"$1,0,0,0,0,0,0,0,0#",20000,20000,Set tank.c app_speed/duty level to the logged pwm before sending the move key/protocol command; e=stop.,5.87562,15.59375,0,2,0,0.15035,0.05246,6.22672,5.24491,-0.52599,6.7755,5.3055,5.2449,0.8192,18,-0.0297,9,0,102.96724,38.32953,0.3395,0.2882,1,False,running
027eea92b7,formation_7_adaptive_split,91,18.2,1784480200,adaptive_clusters,finish_first,r04,r04,True,upper,member,local,3,3,4.05278,-0.86674,-0.34003,0.37694,0.35581,917,1000,100,43,0,0,0000,---,False,0.36477,-0.10652,0.37694,0.35581,4.4875,-0.6964,cached_path_to_final_target,a,"$3,0,0,0,0,0,0,0,0#",18000,20000,Set tank.c app_speed/duty level to the logged pwm before sending the move key/protocol command; e=stop.,4.69715,12.90972,9,2,0,0.26511,-0.02968,7.71476,5.24491,-0.52599,6.7755,5.3055,5.2449,0.8192,18,-0.0297,9,0,102.96724,38.32953,0.3395,0.2882,1,False,running
027eea92b7,formation_7_adaptive_split,91,18.2,1784480200,adaptive_clusters,finish_first,r05,r05,True,upper,member,local,3,3,4.62789,-0.87922,0.12204,0.37818,0.27394,938,1000,109,45,0,0,0000,---,False,0.37483,0.06245,0.37818,0.27394,5.04639,-0.72546,cached_path_to_final_target,w,"$1,0,0,0,0,0,0,0,0#",19000,20000,Set tank.c app_speed/duty level to the logged pwm before sending the move key/protocol command; e=stop.,4.86808,13.28255,9,4,0,0.25181,-0.02968,7.52305,5.24491,-0.52599,6.7755,5.3055,5.2449,0.8192,18,-0.0297,9,0,102.96724,38.32953,0.3395,0.2882,1,False,running
027eea92b7,formation_7_adaptive_split,91,18.2,1784480200,adaptive_clusters,finish_first,r06,r06,True,upper,member,local,3,3,5.61279,-0.32459,0.20238,0.31152,-0.06293,833,807,41,44,0,0,0000,---,False,0.30584,0.05961,0.31152,-0.06293,6.06655,-0.23677,cached_path_to_final_target,w,"$1,0,0,0,0,0,0,0,0#",17000,16000,Set tank.c app_speed/duty level to the logged pwm before sending the move key/protocol command; e=stop.,5.52902,14.87828,0,2,0,0.11988,0.04777,6.86445,5.24491,-0.52599,6.7755,5.3055,5.2449,0.8192,18,-0.0297,9,0,102.96724,38.32953,0.3395,0.2882,1,False,running
027eea92b7,formation_7_adaptive_split,91,18.2,1784480200,adaptive_clusters,finish_first,r07,r07,True,upper,member,local,3,3,5.29593,0.91351,0.01399,0.31093,0.18364,780,857,-28,47,0,0,0000,---,False,0.31131,0.01335,0.31093,0.18364,5.75769,0.9351,cached_path_to_final_target,w,"$1,0,0,0,0,0,0,0,0#",16000,17000,Set tank.c app_speed/duty level to the logged pwm before sending the move key/protocol command; e=stop.,5.87261,15.55806,0,0,0,0.30906,0.12674,6.23129,5.24491,-0.52599,6.7755,5.3055,5.2449,0.8192,18,-0.0297,9,0,102.96724,38.32953,0.3395,0.2882,1,False,running
027eea92b7,formation_7_adaptive_split,92,18.4,1784480400,adaptive_clusters,finish_first,r01,r01,True,upper,member,local,3,3,5.8092,-1.02878,0.0334,0.3116,-2e-05,820,820,73,109,0,0,0000,---,False,0.31143,0.01041,0.3116,-2e-05,6.27092,-1.01335,cached_path_to_final_target,w,"$1,0,0,0,0,0,0,0,0#",16000,16000,Set tank.c app_speed/duty level to the logged pwm before sending the move key/protocol command; e=stop.,5.83359,15.60554,0,2,0,0.53168,0.05246,6.29306,5.31192,-0.52673,6.7088,5.3725,5.3119,0.81743,18,-0.0297,9,0,104.22098,38.80557,0.34,0.2887,1,False,running
027eea92b7,formation_7_adaptive_split,92,18.4,1784480400,adaptive_clusters,finish_first,r02,r02,True,upper,member,local,3,3,5.38764,-0.99156,0.0324,0.3108,-0.20026,860,776,138,98,0,0,0000,---,False,0.3116,0.00029,0.3108,-0.20026,5.85086,-0.99308,cached_path_to_final_target,w,"$1,0,0,0,0,0,0,0,0#",17000,16000,Set tank.c app_speed/duty level to the logged pwm before sending the move key/protocol command; e=stop.,5.77794,15.47251,0,0,0,0.54167,0.06371,6.55324,5.31192,-0.52673,6.7088,5.3725,5.3119,0.81743,18,-0.0297,9,0,104.22098,38.80557,0.34,0.2887,1,False,running
027eea92b7,formation_7_adaptive_split,92,18.4,1784480400,adaptive_clusters,finish_first,r03,r03,True,upper,member,local,3,3,6.12665,-0.51663,-0.21463,0.37918,0.18422,959,1000,98,58,0,0,0000,---,False,0.37347,-0.07015,0.37918,0.18422,6.54059,-0.30867,cached_path_to_final_target,w,"$1,0,0,0,0,0,0,0,0#",19000,20000,Set tank.c app_speed/duty level to the logged pwm before sending the move key/protocol command; e=stop.,5.95145,15.79293,0,2,0,0.15035,0.05246,6.15356,5.31192,-0.52673,6.7088,5.3725,5.3119,0.81743,18,-0.0297,9,0,104.22098,38.80557,0.34,0.2887,1,False,running
027eea92b7,formation_7_adaptive_split,92,18.4,1784480400,adaptive_clusters,finish_first,r04,r04,True,upper,member,local,3,3,4.12544,-0.8871,-0.27312,0.37729,0.33454,922,1000,101,45,0,0,0000,---,False,0.3708,-0.08313,0.37729,0.33454,4.55588,-0.71631,cached_path_to_final_target,a,"$3,0,0,0,0,0,0,0,0#",18000,20000,Set tank.c app_speed/duty level to the logged pwm before sending the move key/protocol command; e=stop.,4.77261,13.10367,9,2,0,0.26511,-0.02968,7.64544,5.31192,-0.52673,6.7088,5.3725,5.3119,0.81743,18,-0.0297,9,0,104.22098,38.80557,0.34,0.2887,1,False,running
027eea92b7,formation_7_adaptive_split,92,18.4,1784480400,adaptive_clusters,finish_first,r05,r05,True,upper,member,local,3,3,4.70239,-0.86605,0.17498,0.3783,0.2647,940,1000,110,46,0,0,0000,---,False,0.37112,0.08166,0.3783,0.2647,5.12081,-0.71561,cached_path_to_final_target,w,"$1,0,0,0,0,0,0,0,0#",19000,20000,Set tank.c app_speed/duty level to the logged pwm before sending the move key/protocol command; e=stop.,4.94375,13.47817,9,4,0,0.25181,-0.02968,7.44744,5.31192,-0.52673,6.7088,5.3725,5.3119,0.81743,18,-0.0297,9,0,104.22098,38.80557,0.34,0.2887,1,False,running
027eea92b7,formation_7_adaptive_split,92,18.4,1784480400,adaptive_clusters,finish_first,r06,r06,True,upper,member,local,3,3,5.6739,-0.31238,0.19711,0.31159,-0.02637,826,814,44,41,0,0,0000,---,False,0.30582,0.05975,0.31159,-0.02637,6.12741,-0.22403,cached_path_to_final_target,w,"$1,0,0,0,0,0,0,0,0#",17000,16000,Set tank.c app_speed/duty level to the logged pwm before sending the move key/protocol command; e=stop.,5.59134,15.0439,0,2,0,0.11988,0.04777,6.80265,5.31192,-0.52673,6.7088,5.3725,5.3119,0.81743,18,-0.0297,9,0,104.22098,38.80557,0.34,0.2887,1,False,running
027eea92b7,formation_7_adaptive_split,92,18.4,1784480400,adaptive_clusters,finish_first,r07,r07,True,upper,member,local,3,3,5.35819,0.91541,0.0305,0.31146,0.08258,802,837,-31,42,0,0,0000,---,False,0.31131,0.01354,0.31146,0.08258,5.81981,0.9363,cached_path_to_final_target,w,"$1,0,0,0,0,0,0,0,0#",16000,17000,Set tank.c app_speed/duty level to the logged pwm before sending the move key/protocol command; e=stop.,5.9349,15.72425,0,0,0,0.30906,0.12674,6.16933,5.31192,-0.52673,6.7088,5.3725,5.3119,0.81743,18,-0.0297,9,0,104.22098,38.80557,0.34,0.2887,1,False,running
027eea92b7,formation_7_adaptive_split,93,18.6,1784480600,adaptive_clusters,finish_first,r01,r01,True,upper,member,local,3,3,5.87149,-1.0267,0.0334,0.3116,-1e-05,820,820,76,109,0,0,0000,---,False,0.31143,0.01041,0.3116,-1e-05,6.3332,-1.01127,path_to_final_target,w,"$1,0,0,0,0,0,0,0,0#",16000,16000,Set tank.c app_speed/duty level to the logged pwm before sending the move key/protocol command; e=stop.,5.89591,15.77079,0,2,0,0.53168,0.05246,6.23081,5.37909,-0.5257,6.6418,5.4397,5.3791,0.8154,19,-0.0297,9,0,105.46948,39.28162,0.34,0.2892,1,False,running
027eea92b7,formation_7_adaptive_split,93,18.6,1784480600,adaptive_clusters,finish_first,r02,r02,True,upper,member,local,3,3,5.44992,-0.99056,0.01604,0.31147,-0.0818,837,802,141,103,0,0,0000,---,False,0.3116,0.00099,0.31147,-0.0818,5.9123,-0.98989,path_to_final_target,w,"$1,0,0,0,0,0,0,0,0#",17000,16000,Set tank.c app_speed/duty level to the logged pwm before sending the move key/protocol command; e=stop.,5.84023,15.63889,0,0,0,0.54167,0.06371,6.4913,5.37909,-0.5257,6.6418,5.4397,5.3791,0.8154,19,-0.0297,9,0,105.46948,39.28162,0.34,0.2892,1,False,running
027eea92b7,formation_7_adaptive_split,93,18.6,1784480600,adaptive_clusters,finish_first,r03,r03,True,upper,member,local,3,3,6.20132,-0.52871,-0.16036,0.37822,0.27134,938,1000,99,59,0,0,0000,---,False,0.37737,-0.04463,0.37822,0.27134,6.60597,-0.30379,path_to_final_target,w,"$1,0,0,0,0,0,0,0,0#",19000,20000,Set tank.c app_speed/duty level to the logged pwm before sending the move key/protocol command; e=stop.,6.0271,15.98919,0,2,0,0.15035,0.05246,6.07966,5.37909,-0.5257,6.6418,5.4397,5.3791,0.8154,19,-0.0297,9,0,105.46948,39.28162,0.34,0.2892,1,False,running
027eea92b7,formation_7_adaptive_split,93,18.6,1784480600,adaptive_clusters,finish_first,r04,r04,True,upper,member,local,3,3,4.1993,-0.90278,-0.20917,0.37752,0.31978,926,1000,102,47,0,0,0000,---,False,0.37521,-0.06013,0.37752,0.31978,4.62622,-0.73272,path_to_final_target,w,"$1,0,0,0,0,0,0,0,0#",19000,20000,Set tank.c app_speed/duty level to the logged pwm before sending the move key/protocol command; e=stop.,4.84811,13.29795,9,2,0,0.26511,-0.02968,7.5744,5.37909,-0.5257,6.6418,5.4397,5.3791,0.8154,19,-0.0297,9,0,105.46948,39.28162,0.34,0.2892,1,False,running
027eea92b7,formation_7_adaptive_split,93,18.6,1784480600,adaptive_clusters,finish_first,r05,r05,True,upper,member,local,3,3,4.7761,-0.84897,0.22766,0.37832,0.26342,940,1000,111,47,0,0,0000,---,False,0.36633,0.10101,0.37832,0.26342,5.19346,-0.69787,path_to_final_target,w,"$1,0,0,0,0,0,0,0,0#",19000,20000,Set tank.c app_speed/duty level to the logged pwm before sending the move key/protocol command; e=stop.,5.01941,13.6737,9,4,0,0.25181,-0.02968,7.3721,5.37909,-0.5257,6.6418,5.4397,5.3791,0.8154,19,-0.0297,9,0,105.46948,39.28162,0.34,0.2892,1,False,running
027eea92b7,formation_7_adaptive_split,93,18.6,1784480600,adaptive_clusters,finish_first,r06,r06,True,upper,member,local,3,3,5.73504,-0.30031,0.19493,0.3116,-0.01088,822,818,47,38,0,0,0000,---,False,0.3058,0.05983,0.3116,-0.01088,6.18846,-0.2117,path_to_final_target,w,"$1,0,0,0,0,0,0,0,0#",16000,16000,Set tank.c app_speed/duty level to the logged pwm before sending the move key/protocol command; e=stop.,5.65366,15.2093,0,2,0,0.11988,0.04777,6.74085,5.37909,-0.5257,6.6418,5.4397,5.3791,0.8154,19,-0.0297,9,0,105.46948,39.28162,0.34,0.2892,1,False,running
027eea92b7,formation_7_adaptive_split,93,18.6,1784480600,adaptive_clusters,finish_first,r07,r07,True,upper,member,local,3,3,5.42043,0.91814,0.04393,0.31151,0.06713,806,834,-34,36,0,0,0000,---,False,0.31114,0.01697,0.31151,0.06713,5.88173,0.94396,path_to_final_target,w,"$1,0,0,0,0,0,0,0,0#",16000,17000,Set tank.c app_speed/duty level to the logged pwm before sending the move key/protocol command; e=stop.,5.9972,15.88966,0,0,0,0.30906,0.12674,6.10745,5.37909,-0.5257,6.6418,5.4397,5.3791,0.8154,19,-0.0297,9,0,105.46948,39.28162,0.34,0.2892,1,False,running
027eea92b7,formation_7_adaptive_split,94,18.8,1784480800,adaptive_clusters,finish_first,r01,r01,True,upper,member,local,3,3,5.93377,-1.02462,0.0334,0.3116,-0.0,820,820,78,109,0,0,0000,---,False,0.31143,0.01041,0.3116,-0.0,6.39549,-1.00919,cached_path_to_final_target,w,"$1,0,0,0,0,0,0,0,0#",16000,16000,Set tank.c app_speed/duty level to the logged pwm before sending the move key/protocol command; e=stop.,5.95823,15.93603,0,2,0,0.53168,0.05246,6.16857,5.44633,-0.52284,6.5745,5.507,5.4463,0.81303,19,-0.0297,9,0,106.71666,39.7577,0.3401,0.2897,1,False,running
027eea92b7,formation_7_adaptive_split,94,18.8,1784480800,adaptive_clusters,finish_first,r02,r02,True,upper,member,local,3,3,5.51224,-0.98997,0.0095,0.31158,-0.03274,827,813,142,108,0,0,0000,---,False,0.3116,0.00136,0.31158,-0.03274,5.97433,-0.98828,cached_path_to_final_target,w,"$1,0,0,0,0,0,0,0,0#",17000,16000,Set tank.c app_speed/duty level to the logged pwm before sending the move key/protocol command; e=stop.,5.90255,15.80464,0,0,0,0.54167,0.06371,6.4294,5.44633,-0.52284,6.5745,5.507,5.4463,0.81303,19,-0.0297,9,0,106.71666,39.7577,0.3401,0.2897,1,False,running
027eea92b7,formation_7_adaptive_split,94,18.8,1784480800,adaptive_clusters,finish_first,r03,r03,True,upper,member,local,3,3,6.27651,-0.53634,-0.10113,0.37788,0.29616,932,1000,100,60,0,0,0000,---,False,0.37943,-0.02073,0.37788,0.29616,6.67386,-0.30165,cached_path_to_final_target,w,"$1,0,0,0,0,0,0,0,0#",19000,20000,Set tank.c app_speed/duty level to the logged pwm before sending the move key/protocol command; e=stop.,6.10267,16.18418,0,2,0,0.15035,0.05246,6.00503,5.44633,-0.52284,6.5745,5.507,5.4463,0.81303,19,-0.0297,9,0,106.71666,39.7577,0.3401,0.2897,1,False,running
027eea92b7,formation_7_adaptive_split,94,18.8,1784480800,adaptive_clusters,finish_first,r04,r04,True,upper,member,local,3,3,4.27402,-0.91387,-0.14744,0.37769,0.30864,929,1000,103,48,0,0,0000,---,False,0.37814,-0.03754,0.37769,0.30864,4.69804,-0.74511,cached_path_to_final_target,w,"$1,0,0,0,0,0,0,0,0#",19000,20000,Set tank.c app_speed/duty level to the logged pwm before sending the move key/protocol command; e=stop.,4.92365,13.49248,9,2,0,0.26511,-0.02968,7.50195,5.44633,-0.52284,6.5745,5.507,5.4463,0.81303,19,-0.0297,9,0,106.71666,39.7577,0.3401,0.2897,1,False,running
027eea92b7,formation_7_adaptive_split,94,18.8,1784480800,adaptive_clusters,finish_first,r05,r05,True,upper,member,local,3,3,4.84889,-0.82819,0.27812,0.37846,0.25226,943,1000,112,49,0,0,0000,---,False,0.36098,0.11873,0.37846,0.25226,5.26656,-0.67971,cached_path_to_final_target,w,"$1,0,0,0,0,0,0,0,0#",19000,20000,Set tank.c app_speed/duty level to the logged pwm before sending the move key/protocol command; e=stop.,5.0951,13.86963,9,4,0,0.25181,-0.02968,7.2972,5.44633,-0.52284,6.5745,5.507,5.4463,0.81303,19,-0.0297,9,0,106.71666,39.7577,0.3401,0.2897,1,False,running
027eea92b7,formation_7_adaptive_split,94,18.8,1784480800,adaptive_clusters,finish_first,r06,r06,True,upper,member,local,3,3,5.79619,-0.28829,0.19404,0.3116,-0.00444,821,819,50,36,0,0,0000,---,False,0.30579,0.05987,0.3116,-0.00444,6.24957,-0.19957,cached_path_to_final_target,w,"$1,0,0,0,0,0,0,0,0#",16000,16000,Set tank.c app_speed/duty level to the logged pwm before sending the move key/protocol command; e=stop.,5.71598,15.37461,0,2,0,0.11988,0.04777,6.67905,5.44633,-0.52284,6.5745,5.507,5.4463,0.81303,19,-0.0297,9,0,106.71666,39.7577,0.3401,0.2897,1,False,running
027eea92b7,formation_7_adaptive_split,94,18.8,1784480800,adaptive_clusters,finish_first,r07,r07,True,upper,member,local,3,3,5.48266,0.92138,0.05197,0.31157,0.04021,811,828,-36,31,0,0,0000,---,False,0.31107,0.01815,0.31157,0.04021,5.94385,0.94869,cached_path_to_final_target,w,"$1,0,0,0,0,0,0,0,0#",16000,17000,Set tank.c app_speed/duty level to the logged pwm before sending the move key/protocol command; e=stop.,6.05952,16.05508,0,0,0,0.30552,0.12674,6.04563,5.44633,-0.52284,6.5745,5.507,5.4463,0.81303,19,-0.0297,9,0,106.71666,39.7577,0.3401,0.2897,1,False,running
027eea92b7,formation_7_adaptive_split,95,19.0,1784481000,adaptive_clusters,finish_first,r01,r01,True,upper,member,local,3,3,5.99606,-1.02254,0.0334,0.3116,-0.0,820,820,80,109,0,0,0000,---,False,0.31143,0.01041,0.3116,-0.0,6.45777,-1.00711,cached_path_to_final_target,w,"$1,0,0,0,0,0,0,0,0#",16000,16000,Set tank.c app_speed/duty level to the logged pwm before sending the move key/protocol command; e=stop.,6.02055,16.10128,0,2,0,0.53168,0.05246,6.10632,5.51354,-0.51819,6.5071,5.5744,5.5135,0.81031,19,-0.0297,9,0,107.96368,40.23382,0.3401,0.2902,1,False,running
027eea92b7,formation_7_adaptive_split,95,19.0,1784481000,adaptive_clusters,finish_first,r02,r02,True,upper,member,local,3,3,5.57455,-0.98954,0.00692,0.3116,-0.01289,823,817,66,109,0,0,0000,---,False,0.3116,0.00153,0.3116,-0.01289,6.03656,-0.9874,cached_path_to_final_target,w,"$1,0,0,0,0,0,0,0,0#",16000,16000,Set tank.c app_speed/duty level to the logged pwm before sending the move key/protocol command; e=stop.,5.96487,15.97008,0,0,0,0.54167,0.06371,6.36752,5.51354,-0.51819,6.5071,5.5744,5.5135,0.81031,19,-0.0297,9,0,107.96368,40.23382,0.3401,0.2902,1,False,running
027eea92b7,formation_7_adaptive_split,95,19.0,1784481000,adaptive_clusters,finish_first,r03,r03,True,upper,member,local,3,3,6.35201,-0.53943,-0.04094,0.37781,0.30095,931,1000,101,60,0,0,0000,---,False,0.37999,0.00241,0.37781,0.30095,6.74268,-0.29746,cached_path_to_final_target,w,"$1,0,0,0,0,0,0,0,0#",19000,20000,Set tank.c app_speed/duty level to the logged pwm before sending the move key/protocol command; e=stop.,6.17823,16.37885,0,2,0,0.15035,0.05246,5.92984,5.51354,-0.51819,6.5071,5.5744,5.5135,0.81031,19,-0.0297,9,0,107.96368,40.23382,0.3401,0.2902,1,False,running
027eea92b7,formation_7_adaptive_split,95,19.0,1784481000,adaptive_clusters,finish_first,r04,r04,True,upper,member,local,3,3,4.34929,-0.92048,-0.0876,0.37783,0.29921,931,1000,104,48,0,0,0000,---,False,0.37969,-0.01542,0.37783,0.29921,4.77094,-0.75338,cached_path_to_final_target,w,"$1,0,0,0,0,0,0,0,0#",19000,20000,Set tank.c app_speed/duty level to the logged pwm before sending the move key/protocol command; e=stop.,4.99922,13.6872,9,2,0,0.26511,-0.02968,7.42837,5.51354,-0.51819,6.5071,5.5744,5.5135,0.81031,19,-0.0297,9,0,107.96368,40.23382,0.3401,0.2902,1,False,running
027eea92b7,formation_7_adaptive_split,95,19.0,1784481000,adaptive_clusters,finish_first,r05,r05,True,upper,member,local,3,3,4.92061,-0.80392,0.32623,0.3786,0.24058,946,1000,113,51,0,0,0000,---,False,0.3551,0.1353,0.3786,0.24058,5.33928,-0.65925,cached_path_to_final_target,w,"$1,0,0,0,0,0,0,0,0#",19000,20000,Set tank.c app_speed/duty level to the logged pwm before sending the move key/protocol command; e=stop.,5.17082,14.06587,9,4,0,0.25181,-0.02968,7.2229,5.51354,-0.51819,6.5071,5.5744,5.5135,0.81031,19,-0.0297,9,0,107.96368,40.23382,0.3401,0.2902,1,False,running
027eea92b7,formation_7_adaptive_split,95,19.0,1784481000,adaptive_clusters,finish_first,r06,r06,True,upper,member,local,3,3,5.85735,-0.2763,0.19368,0.3116,-0.00179,820,820,54,34,0,0,0000,---,False,0.30579,0.05989,0.3116,-0.00179,6.31071,-0.18753,cached_path_to_final_target,w,"$1,0,0,0,0,0,0,0,0#",16000,16000,Set tank.c app_speed/duty level to the logged pwm before sending the move key/protocol command; e=stop.,5.7783,15.53988,0,2,0,0.11988,0.04777,6.61725,5.51354,-0.51819,6.5071,5.5744,5.5135,0.81031,19,-0.0297,9,0,107.96368,40.23382,0.3401,0.2902,1,False,running
027eea92b7,formation_7_adaptive_split,95,19.0,1784481000,adaptive_clusters,finish_first,r07,r07,True,upper,member,local,3,3,5.54488,0.92489,0.05631,0.31159,0.02169,815,825,-39,25,0,0,0000,---,False,0.31104,0.0186,0.31159,0.02169,6.00603,0.95267,cached_path_to_final_target,w,"$1,0,0,0,0,0,0,0,0#",16000,16000,Set tank.c app_speed/duty level to the logged pwm before sending the move key/protocol command; e=stop.,6.12183,16.22051,0,0,0,0.25374,0.12674,5.98385,5.51354,-0.51819,6.5071,5.5744,5.5135,0.81031,19,-0.0297,9,0,107.96368,40.23382,0.3401,0.2902,1,False,running
027eea92b7,formation_7_adaptive_split,96,19.2,1784481200,adaptive_clusters,finish_first,r01,r01,True,upper,member,local,3,3,6.05834,-1.02046,0.0334,0.3116,-0.0,820,820,83,108,0,0,0000,---,False,0.31143,0.01041,0.3116,-0.0,6.52006,-1.00503,cached_path_to_final_target,w,"$1,0,0,0,0,0,0,0,0#",16000,16000,Set tank.c app_speed/duty level to the logged pwm before sending the move key/protocol command; e=stop.,6.08287,16.26653,0,2,0,0.53168,0.05246,6.04408,5.58063,-0.51375,6.4399,5.6416,5.5806,0.80666,19,-0.0297,9,0,109.21568,40.70883,0.3393,0.2907,1,False,running
027eea92b7,formation_7_adaptive_split,96,19.2,1784481200,adaptive_clusters,finish_first,r02,r02,True,upper,member,local,3,3,5.63687,-0.98917,0.00592,0.3116,-0.005,821,819,68,107,0,0,0000,---,False,0.3116,0.0016,0.3116,-0.005,6.09885,-0.98685,cached_path_to_final_target,w,"$1,0,0,0,0,0,0,0,0#",16000,16000,Set tank.c app_speed/duty level to the logged pwm before sending the move key/protocol command; e=stop.,6.02719,16.13541,0,0,0,0.54167,0.06371,6.30565,5.58063,-0.51375,6.4399,5.6416,5.5806,0.80666,19,-0.0297,9,0,109.21568,40.70883,0.3393,0.2907,1,False,running
027eea92b7,formation_7_adaptive_split,96,19.2,1784481200,adaptive_clusters,finish_first,r03,r03,True,upper,member,local,3,3,6.42756,-0.538,0.01889,0.37783,0.29916,931,1000,102,60,0,0,0000,---,False,0.37918,0.02503,0.37783,0.29916,6.81184,-0.28973,cached_path_to_final_target,w,"$1,0,0,0,0,0,0,0,0#",19000,20000,Set tank.c app_speed/duty level to the logged pwm before sending the move key/protocol command; e=stop.,6.2538,16.57348,0,2,0,0.15035,0.05246,5.85433,5.58063,-0.51375,6.4399,5.6416,5.5806,0.80666,19,-0.0297,9,0,109.21568,40.70883,0.3393,0.2907,1,False,running
027eea92b7,formation_7_adaptive_split,96,19.2,1784481200,adaptive_clusters,finish_first,r04,r04,True,upper,member,local,3,3,4.42485,-0.92271,-0.02951,0.37796,0.29047,933,1000,105,49,0,0,0000,---,False,0.37995,0.00613,0.37796,0.29047,4.84464,-0.7576,cached_path_to_final_target,w,"$1,0,0,0,0,0,0,0,0#",19000,20000,Set tank.c app_speed/duty level to the logged pwm before sending the move key/protocol command; e=stop.,5.07481,13.88211,9,2,0,0.26511,-0.02968,7.35392,5.58063,-0.51375,6.4399,5.6416,5.5806,0.80666,19,-0.0297,9,0,109.21568,40.70883,0.3393,0.2907,1,False,running
027eea92b7,formation_7_adaptive_split,96,19.2,1784481200,adaptive_clusters,finish_first,r05,r05,True,upper,member,local,3,3,4.99117,-0.77638,0.3722,0.37872,0.22984,948,1000,114,54,0,0,0000,---,False,0.34876,0.15088,0.37872,0.22984,5.41129,-0.6361,cached_path_to_final_target,w,"$1,0,0,0,0,0,0,0,0#",19000,20000,Set tank.c app_speed/duty level to the logged pwm before sending the move key/protocol command; e=stop.,5.24656,14.26231,9,4,0,0.25181,-0.02968,7.14936,5.58063,-0.51375,6.4399,5.6416,5.5806,0.80666,19,-0.0297,9,0,109.21568,40.70883,0.3393,0.2907,1,False,running
027eea92b7,formation_7_adaptive_split,96,19.2,1784481200,adaptive_clusters,finish_first,r06,r06,True,upper,member,local,3,3,5.91848,-0.27793,-0.02668,0.30575,-1.10179,1000,573,70,34,0,0,0000,---,False,0.34347,-0.16258,0.30575,-1.10179,6.37186,-0.17552,cached_path_to_final_target,d,"$4,0,0,0,0,0,0,0,0#",20000,11000,Set tank.c app_speed/duty level to the logged pwm before sending the move key/protocol command; e=stop.,5.83945,15.70988,0,2,0,0.11988,0.04777,6.55635,5.58063,-0.51375,6.4399,5.6416,5.5806,0.80666,19,-0.0297,9,0,109.21568,40.70883,0.3393,0.2907,1,False,running
027eea92b7,formation_7_adaptive_split,96,19.2,1784481200,adaptive_clusters,finish_first,r07,r07,True,upper,member,local,3,3,5.6071,0.92839,0.05631,0.3116,-1e-05,820,820,-42,21,0,0,0000,---,False,0.31111,0.01754,0.3116,-1e-05,6.06826,0.95439,cached_path_to_final_target,w,"$1,0,0,0,0,0,0,0,0#",16000,16000,Set tank.c app_speed/duty level to the logged pwm before sending the move key/protocol command; e=stop.,6.18415,16.38598,0,0,0,0.20579,0.12674,5.92208,5.58063,-0.51375,6.4399,5.6416,5.5806,0.80666,19,-0.0297,9,0,109.21568,40.70883,0.3393,0.2907,1,False,running
027eea92b7,formation_7_adaptive_split,97,19.4,1784481400,adaptive_clusters,finish_first,r01,r01,True,upper,member,local,3,3,6.12063,-1.01837,0.0334,0.3116,-0.0,820,820,85,108,0,0,0000,---,False,0.31143,0.01041,0.3116,-0.0,6.58234,-1.00295,path_to_final_target,w,"$1,0,0,0,0,0,0,0,0#",16000,16000,Set tank.c app_speed/duty level to the logged pwm before sending the move key/protocol command; e=stop.,6.14519,16.43177,0,2,0,0.53168,0.05246,5.98184,5.64869,-0.50986,6.3717,5.7098,5.6487,0.80286,19,-0.0297,9,0,110.47957,41.19399,0.3465,0.2912,1,False,running
027eea92b7,formation_7_adaptive_split,97,19.4,1784481400,adaptive_clusters,finish_first,r02,r02,True,upper,member,local,3,3,5.69919,-0.98883,0.00554,0.3116,-0.00191,820,820,70,106,0,0,0000,---,False,0.3116,0.00163,0.3116,-0.00191,6.16116,-0.98643,path_to_final_target,w,"$1,0,0,0,0,0,0,0,0#",16000,16000,Set tank.c app_speed/duty level to the logged pwm before sending the move key/protocol command; e=stop.,6.08951,16.30069,0,0,0,0.54167,0.06371,6.2438,5.64869,-0.50986,6.3717,5.7098,5.6487,0.80286,19,-0.0297,9,0,110.47957,41.19399,0.3465,0.2912,1,False,running
027eea92b7,formation_7_adaptive_split,97,19.4,1784481400,adaptive_clusters,finish_first,r03,r03,True,upper,member,local,3,3,6.50279,-0.53169,0.08373,0.37746,0.32417,925,1000,102,60,0,0,0000,---,False,0.37656,0.05102,0.37746,0.32417,6.87214,-0.2627,path_to_final_target,a,"$3,0,0,0,0,0,0,0,0#",18000,20000,Set tank.c app_speed/duty level to the logged pwm before sending the move key/protocol command; e=stop.,6.32929,16.76777,0,2,0,0.15035,0.05246,5.77887,5.64869,-0.50986,6.3717,5.7098,5.6487,0.80286,19,-0.0297,9,0,110.47957,41.19399,0.3465,0.2912,1,False,running
027eea92b7,formation_7_adaptive_split,97,19.4,1784481400,adaptive_clusters,finish_first,r04,r04,True,upper,member,local,3,3,4.50067,-0.92205,0.0087,0.37912,0.19103,957,1000,108,49,0,0,0000,---,False,0.37972,0.01471,0.37912,0.19103,4.89174,-0.81851,path_to_final_target,w,"$1,0,0,0,0,0,0,0,0#",19000,20000,Set tank.c app_speed/duty level to the logged pwm before sending the move key/protocol command; e=stop.,5.15063,14.08041,9,2,0,0.26511,-0.02968,7.27881,5.64869,-0.50986,6.3717,5.7098,5.6487,0.80286,19,-0.0297,9,0,110.47957,41.19399,0.3465,0.2912,1,False,running
027eea92b7,formation_7_adaptive_split,97,19.4,1784481400,adaptive_clusters,finish_first,r05,r05,True,upper,member,local,3,3,5.06047,-0.74575,0.41618,0.37883,0.21988,951,1000,115,57,0,0,0000,---,False,0.34205,0.16554,0.37883,0.21988,5.48244,-0.61031,path_to_final_target,w,"$1,0,0,0,0,0,0,0,0#",19000,20000,Set tank.c app_speed/duty level to the logged pwm before sending the move key/protocol command; e=stop.,5.32233,14.45903,9,4,0,0.25181,-0.02968,7.07674,5.64869,-0.50986,6.3717,5.7098,5.6487,0.80286,19,-0.0297,9,0,110.47957,41.19399,0.3465,0.2912,1,False,running
027eea92b7,formation_7_adaptive_split,97,19.4,1784481400,adaptive_clusters,finish_first,r06,r06,True,upper,member,local,3,3,5.98774,-0.29405,-0.2286,0.35556,-1.00961,1000,723,87,36,0,0,0000,---,False,0.35186,-0.1435,0.35556,-1.00961,6.43249,-0.17051,path_to_final_target,d,"$4,0,0,0,0,0,0,0,0#",20000,14000,Set tank.c app_speed/duty level to the logged pwm before sending the move key/protocol command; e=stop.,5.91056,15.8885,0,2,0,0.11988,0.04777,6.48829,5.64869,-0.50986,6.3717,5.7098,5.6487,0.80286,19,-0.0297,9,0,110.47957,41.19399,0.3465,0.2912,1,False,running
027eea92b7,formation_7_adaptive_split,97,19.4,1784481400,adaptive_clusters,finish_first,r07,r07,True,upper,member,local,3,3,5.66934,0.93169,0.05296,0.31159,-0.01674,824,816,-45,16,0,0,0000,---,False,0.31121,0.01568,0.31159,-0.01674,6.1307,0.95477,path_to_final_target,w,"$1,0,0,0,0,0,0,0,0#",16000,16000,Set tank.c app_speed/duty level to the logged pwm before sending the move key/protocol command; e=stop.,6.24647,16.55139,0,0,0,0.1635,0.12674,5.8603,5.64869,-0.50986,6.3717,5.7098,5.6487,0.80286,19,-0.0297,9,0,110.47957,41.19399,0.3465,0.2912,1,False,running
027eea92b7,formation_7_adaptive_split,98,19.6,1784481600,adaptive_clusters,finish_first,r01,r01,True,upper,member,local,3,3,6.18291,-1.01629,0.0334,0.3116,-0.0,820,820,87,108,0,0,0000,---,False,0.31143,0.01041,0.3116,-0.0,6.64463,-1.00087,cached_path_to_final_target,w,"$1,0,0,0,0,0,0,0,0#",16000,16000,Set tank.c app_speed/duty level to the logged pwm before sending the move key/protocol command; e=stop.,6.20751,16.59702,0,2,0,0.53168,0.05246,5.9196,5.717,-0.50526,6.3033,5.7783,5.717,0.79916,18,-0.0297,9,0,111.77079,41.68385,0.3499,0.2917,1,False,running
027eea92b7,formation_7_adaptive_split,98,19.6,1784481600,adaptive_clusters,finish_first,r02,r02,True,upper,member,local,3,3,5.76151,-0.98849,0.00539,0.3116,-0.00072,820,820,73,106,0,0,0000,---,False,0.3116,0.00164,0.3116,-0.00072,6.22348,-0.98606,cached_path_to_final_target,w,"$1,0,0,0,0,0,0,0,0#",16000,16000,Set tank.c app_speed/duty level to the logged pwm before sending the move key/protocol command; e=stop.,6.15183,16.46595,0,0,0,0.54167,0.06371,6.18196,5.717,-0.50526,6.3033,5.7783,5.717,0.79916,18,-0.0297,9,0,111.77079,41.68385,0.3499,0.2917,1,False,running
027eea92b7,formation_7_adaptive_split,98,19.6,1784481600,adaptive_clusters,finish_first,r03,r03,True,upper,member,local,3,3,6.5775,-0.52066,0.14664,0.3776,0.31458,927,1000,103,59,0,0,0000,---,False,0.37272,0.07403,0.3776,0.31458,6.93705,-0.2409,cached_path_to_final_target,w,"$1,0,0,0,0,0,0,0,0#",19000,20000,Set tank.c app_speed/duty level to the logged pwm before sending the move key/protocol command; e=stop.,6.40481,16.96209,0,2,0,0.15035,0.05246,5.70363,5.717,-0.50526,6.3033,5.7783,5.717,0.79916,18,-0.0297,9,0,111.77079,41.68385,0.3499,0.2917,1,False,running
027eea92b7,formation_7_adaptive_split,98,19.6,1784481600,adaptive_clusters,finish_first,r04,r04,True,upper,member,local,3,3,4.5765,-0.9191,0.03889,0.37945,0.15096,967,1000,110,49,0,0,0000,---,False,0.37926,0.02378,0.37945,0.15096,4.95551,-0.86167,cached_path_to_final_target,w,"$1,0,0,0,0,0,0,0,0#",19000,20000,Set tank.c app_speed/duty level to the logged pwm before sending the move key/protocol command; e=stop.,5.22652,14.27906,9,2,0,0.26511,-0.02968,7.20336,5.717,-0.50526,6.3033,5.7783,5.717,0.79916,18,-0.0297,9,0,111.77079,41.68385,0.3499,0.2917,1,False,running
027eea92b7,formation_7_adaptive_split,98,19.6,1784481600,adaptive_clusters,finish_first,r05,r05,True,upper,member,local,3,3,5.12844,-0.71222,0.45826,0.37893,0.21041,953,1000,116,61,0,0,0000,---,False,0.33505,0.17928,0.37893,0.21041,5.5526,-0.58205,cached_path_to_final_target,w,"$1,0,0,0,0,0,0,0,0#",19000,20000,Set tank.c app_speed/duty level to the logged pwm before sending the move key/protocol command; e=stop.,5.39812,14.65595,9,4,0,0.25181,-0.02968,7.00515,5.717,-0.50526,6.3033,5.7783,5.717,0.79916,18,-0.0297,9,0,111.77079,41.68385,0.3499,0.2917,1,False,running
027eea92b7,formation_7_adaptive_split,98,19.6,1784481600,adaptive_clusters,finish_first,r06,r06,True,upper,member,local,3,3,6.06056,-0.31477,-0.27733,0.37856,-0.24365,1000,945,96,38,0,0,0000,---,False,0.36123,-0.11795,0.37856,-0.24365,6.49793,-0.17446,cached_path_to_final_target,w,"$1,0,0,0,0,0,0,0,0#",20000,19000,Set tank.c app_speed/duty level to the logged pwm before sending the move key/protocol command; e=stop.,5.98627,16.09402,0,2,0,0.11988,0.04777,6.41708,5.717,-0.50526,6.3033,5.7783,5.717,0.79916,18,-0.0297,9,0,111.77079,41.68385,0.3499,0.2917,1,False,running
027eea92b7,formation_7_adaptive_split,98,19.6,1784481600,adaptive_clusters,finish_first,r07,r07,True,upper,member,local,3,3,5.73158,0.93469,0.04811,0.31159,-0.02423,825,815,-49,13,0,0,0000,---,False,0.31129,0.0138,0.31159,-0.02423,6.19303,0.95491,cached_path_to_final_target,w,"$1,0,0,0,0,0,0,0,0#",16000,16000,Set tank.c app_speed/duty level to the logged pwm before sending the move key/protocol command; e=stop.,6.30879,16.71671,0,0,0,0.1298,0.12674,5.79849,5.717,-0.50526,6.3033,5.7783,5.717,0.79916,18,-0.0297,9,0,111.77079,41.68385,0.3499,0.2917,1,False,running
027eea92b7,formation_7_adaptive_split,99,19.8,1784481800,adaptive_clusters,finish_first,r01,r01,True,upper,member,local,3,3,6.2452,-1.01421,0.0334,0.3116,-0.0,820,820,90,108,0,0,0000,---,False,0.31143,0.01041,0.3116,-0.0,6.70691,-0.99878,cached_path_to_final_target,w,"$1,0,0,0,0,0,0,0,0#",16000,16000,Set tank.c app_speed/duty level to the logged pwm before sending the move key/protocol command; e=stop.,6.26983,16.76227,0,2,0,0.53168,0.05246,5.85736,5.78175,-0.49803,6.2382,5.8434,5.7817,0.79727,18,-0.0297,9,0,113.02089,42.15201,0.3344,0.292,1,False,running
027eea92b7,formation_7_adaptive_split,99,19.8,1784481800,adaptive_clusters,finish_first,r02,r02,True,upper,member,local,3,3,5.82383,-0.98816,0.00534,0.3116,-0.00027,820,820,75,105,0,0,0000,---,False,0.3116,0.00165,0.3116,-0.00027,6.28579,-0.98571,cached_path_to_final_target,w,"$1,0,0,0,0,0,0,0,0#",16000,16000,Set tank.c app_speed/duty level to the logged pwm before sending the move key/protocol command; e=stop.,6.21415,16.6312,0,0,0,0.54167,0.06371,6.12012,5.78175,-0.49803,6.2382,5.8434,5.7817,0.79727,18,-0.0297,9,0,113.02089,42.15201,0.3344,0.292,1,False,running
027eea92b7,formation_7_adaptive_split,99,19.8,1784481800,adaptive_clusters,finish_first,r03,r03,True,upper,member,local,3,3,6.65144,-0.50512,0.20712,0.37779,0.30239,931,1000,103,58,0,0,0000,---,False,0.36775,0.09572,0.37779,0.30239,7.0028,-0.21765,cached_path_to_final_target,w,"$1,0,0,0,0,0,0,0,0#",19000,20000,Set tank.c app_speed/duty level to the logged pwm before sending the move key/protocol command; e=stop.,6.48037,17.15683,0,2,0,0.15035,0.05246,5.62892,5.78175,-0.49803,6.2382,5.8434,5.7817,0.79727,18,-0.0297,9,0,113.02089,42.15201,0.3344,0.292,1,False,running
027eea92b7,formation_7_adaptive_split,99,19.8,1784481800,adaptive_clusters,finish_first,r04,r04,True,upper,member,local,3,3,4.65221,-0.91388,0.06883,0.37946,0.14969,967,1000,112,49,0,0,0000,---,False,0.37838,0.03504,0.37946,0.14969,5.02787,-0.88799,cached_path_to_final_target,w,"$1,0,0,0,0,0,0,0,0#",19000,20000,Set tank.c app_speed/duty level to the logged pwm before sending the move key/protocol command; e=stop.,5.30242,14.47729,9,2,0,0.26511,-0.02968,7.12771,5.78175,-0.49803,6.2382,5.8434,5.7817,0.79727,18,-0.0297,9,0,113.02089,42.15201,0.3344,0.292,1,False,running
027eea92b7,formation_7_adaptive_split,99,19.8,1784481800,adaptive_clusters,finish_first,r05,r05,True,upper,member,local,3,3,5.19501,-0.67598,0.49851,0.37902,0.20126,955,1000,117,65,0,0,0000,---,False,0.32784,0.19215,0.37902,0.20126,5.62169,-0.5515,cached_path_to_final_target,w,"$1,0,0,0,0,0,0,0,0#",19000,20000,Set tank.c app_speed/duty level to the logged pwm before sending the move key/protocol command; e=stop.,5.47392,14.85306,9,4,0,0.25181,-0.02968,6.93471,5.78175,-0.49803,6.2382,5.8434,5.7817,0.79727,18,-0.0297,9,0,113.02089,42.15201,0.3344,0.292,1,False,running
027eea92b7,formation_7_adaptive_split,99,19.8,1784481800,adaptive_clusters,finish_first,r06,r06,True,upper,member,local,3,3,6.13402,-0.33402,-0.25625,0.37973,0.10538,977,1000,100,40,0,0,0000,---,False,0.36914,-0.09021,0.37973,0.10538,6.56687,-0.18288,cached_path_to_final_target,w,"$1,0,0,0,0,0,0,0,0#",20000,20000,Set tank.c app_speed/duty level to the logged pwm before sending the move key/protocol command; e=stop.,6.06222,16.29682,0,2,0,0.11988,0.04777,6.34521,5.78175,-0.49803,6.2382,5.8434,5.7817,0.79727,18,-0.0297,9,0,113.02089,42.15201,0.3344,0.292,1,False,running
027eea92b7,formation_7_adaptive_split,99,19.8,1784481800,adaptive_clusters,finish_first,r07,r07,True,upper,member,local,3,3,5.77051,0.94518,0.26327,0.20159,1.07577,304,757,-64,12,0,0,0000,---,False,-0.26303,-0.13794,0.20159,1.07577,6.25534,0.95381,cached_path_to_final_target,a,"$3,0,0,0,0,0,0,0,0#",6000,15000,Set tank.c app_speed/duty level to the logged pwm before sending the move key/protocol command; e=stop.,6.34911,16.84342,0,0,0,0.12307,0.12674,5.76054,5.78175,-0.49803,6.2382,5.8434,5.7817,0.79727,18,-0.0297,9,0,113.02089,42.15201,0.3344,0.292,1,False,running
027eea92b7,formation_7_adaptive_split,100,20.0,1784482000,adaptive_clusters,finish_first,r01,r01,True,upper,member,local,3,3,6.30749,-1.01213,0.0334,0.3116,-0.0,820,820,92,108,0,0,0000,---,False,0.31143,0.01041,0.3116,-0.0,6.7692,-0.9967,cached_path_to_final_target,w,"$1,0,0,0,0,0,0,0,0#",16000,16000,Set tank.c app_speed/duty level to the logged pwm before sending the move key/protocol command; e=stop.,6.33215,16.92751,0,2,0,0.53168,0.05246,5.79512,5.84898,-0.48821,6.1704,5.9114,5.849,0.7981,19,-0.0297,9,0,114.3183,42.64001,0.3486,0.2924,1,False,running
027eea92b7,formation_7_adaptive_split,100,20.0,1784482000,adaptive_clusters,finish_first,r02,r02,True,upper,member,local,3,3,5.88615,-0.98783,0.00532,0.3116,-0.0001,820,820,77,105,0,0,0000,---,False,0.3116,0.00165,0.3116,-0.0001,6.34811,-0.98538,cached_path_to_final_target,w,"$1,0,0,0,0,0,0,0,0#",16000,16000,Set tank.c app_speed/duty level to the logged pwm before sending the move key/protocol command; e=stop.,6.27647,16.79644,0,0,0,0.54167,0.06371,6.0583,5.84898,-0.48821,6.1704,5.9114,5.849,0.7981,19,-0.0297,9,0,114.3183,42.64001,0.3486,0.2924,1,False,running
027eea92b7,formation_7_adaptive_split,100,20.0,1784482000,adaptive_clusters,finish_first,r03,r03,True,upper,member,local,3,3,6.72437,-0.48527,0.26568,0.37792,0.29282,933,1000,104,57,0,0,0000,---,False,0.36169,0.11654,0.37792,0.29282,7.06808,-0.19106,cached_path_to_final_target,w,"$1,0,0,0,0,0,0,0,0#",19000,20000,Set tank.c app_speed/duty level to the logged pwm before sending the move key/protocol command; e=stop.,6.55595,17.35175,0,2,0,0.15035,0.05246,5.55501,5.84898,-0.48821,6.1704,5.9114,5.849,0.7981,19,-0.0297,9,0,114.3183,42.64001,0.3486,0.2924,1,False,running
027eea92b7,formation_7_adaptive_split,100,20.0,1784482000,adaptive_clusters,finish_first,r04,r04,True,upper,member,local,3,3,4.7277,-0.9062,0.10142,0.37936,0.16293,964,1000,114,50,0,0,0000,---,False,0.37694,0.04814,0.37936,0.16293,5.10364,-0.90168,cached_path_to_final_target,w,"$1,0,0,0,0,0,0,0,0#",19000,20000,Set tank.c app_speed/duty level to the logged pwm before sending the move key/protocol command; e=stop.,5.37829,14.67535,9,2,0,0.26511,-0.02968,7.05193,5.84898,-0.48821,6.1704,5.9114,5.849,0.7981,19,-0.0297,9,0,114.3183,42.64001,0.3486,0.2924,1,False,running
027eea92b7,formation_7_adaptive_split,100,20.0,1784482000,adaptive_clusters,finish_first,r05,r05,True,upper,member,local,3,3,5.26016,-0.63719,0.53697,0.3791,0.19232,957,1000,118,69,0,0,0000,---,False,0.3205,0.20416,0.3791,0.19232,5.68966,-0.51889,cached_path_to_final_target,w,"$1,0,0,0,0,0,0,0,0#",19000,20000,Set tank.c app_speed/duty level to the logged pwm before sending the move key/protocol command; e=stop.,5.54974,15.05038,9,4,0,0.25181,-0.02968,6.86552,5.84898,-0.48821,6.1704,5.9114,5.849,0.7981,19,-0.0297,9,0,114.3183,42.64001,0.3486,0.2924,1,False,running
027eea92b7,formation_7_adaptive_split,100,20.0,1784482000,adaptive_clusters,finish_first,r06,r06,True,upper,member,local,3,3,6.20812,-0.34948,-0.20563,0.37845,0.25309,943,1000,102,41,0,0,0000,---,False,0.37479,-0.06274,0.37845,0.25309,6.6371,-0.19136,cached_path_to_final_target,w,"$1,0,0,0,0,0,0,0,0#",19000,20000,Set tank.c app_speed/duty level to the logged pwm before sending the move key/protocol command; e=stop.,6.13791,16.49421,0,2,0,0.11988,0.04777,6.27252,5.84898,-0.48821,6.1704,5.9114,5.849,0.7981,19,-0.0297,9,0,114.3183,42.64001,0.3486,0.2924,1,False,running
027eea92b7,formation_7_adaptive_split,100,20.0,1784482000,adaptive_clusters,finish_first,r07,r07,True,upper,member,local,3,3,5.8289,0.96062,0.25842,0.30199,-0.02423,800,790,-69,13,0,0,0000,---,False,0.31157,0.00444,0.30199,-0.02423,6.30152,0.95275,cached_path_to_final_target,w,"$1,0,0,0,0,0,0,0,0#",16000,16000,Set tank.c app_speed/duty level to the logged pwm before sending the move key/protocol command; e=stop.,6.40951,17.02266,0,0,0,0.12307,0.12674,5.70366,5.84898,-0.48821,6.1704,5.9114,5.849,0.7981,19,-0.0297,9,0,114.3183,42.64001,0.3486,0.2924,1,False,running
027eea92b7,formation_7_adaptive_split,101,20.2,1784482200,adaptive_clusters,finish_first,r01,r01,True,upper,member,local,3,3,6.36977,-1.01005,0.0334,0.3116,-0.0,820,820,95,107,0,0,0000,---,False,0.31143,0.01041,0.3116,-0.0,6.83148,-0.99462,path_to_final_target,w,"$1,0,0,0,0,0,0,0,0#",16000,16000,Set tank.c app_speed/duty level to the logged pwm before sending the move key/protocol command; e=stop.,6.39447,17.09276,0,2,0,0.53168,0.05246,5.73289,5.91606,-0.47776,6.1027,5.9793,5.9161,0.79616,19,-0.0297,9,0,115.60089,43.12732,0.3481,0.2929,1,False,running
027eea92b7,formation_7_adaptive_split,101,20.2,1784482200,adaptive_clusters,finish_first,r02,r02,True,upper,member,local,3,3,5.94847,-0.98749,0.00531,0.3116,-4e-05,820,820,80,105,0,0,0000,---,False,0.3116,0.00165,0.3116,-4e-05,6.41043,-0.98504,path_to_final_target,w,"$1,0,0,0,0,0,0,0,0#",16000,16000,Set tank.c app_speed/duty level to the logged pwm before sending the move key/protocol command; e=stop.,6.33879,16.96169,0,0,0,0.54167,0.06371,5.99649,5.91606,-0.47776,6.1027,5.9793,5.9161,0.79616,19,-0.0297,9,0,115.60089,43.12732,0.3481,0.2929,1,False,running
027eea92b7,formation_7_adaptive_split,101,20.2,1784482200,adaptive_clusters,finish_first,r03,r03,True,upper,member,local,3,3,6.79608,-0.46129,0.32279,0.37803,0.28552,935,1000,105,57,0,0,0000,---,False,0.35461,0.13658,0.37803,0.28552,7.13232,-0.1607,path_to_final_target,w,"$1,0,0,0,0,0,0,0,0#",19000,20000,Set tank.c app_speed/duty level to the logged pwm before sending the move key/protocol command; e=stop.,6.63156,17.54684,0,2,0,0.15035,0.05246,5.48217,5.91606,-0.47776,6.1027,5.9793,5.9161,0.79616,19,-0.0297,9,0,115.60089,43.12732,0.3481,0.2929,1,False,running
027eea92b7,formation_7_adaptive_split,101,20.2,1784482200,adaptive_clusters,finish_first,r04,r04,True,upper,member,local,3,3,4.80284,-0.89588,0.13658,0.37925,0.17579,961,1000,116,52,0,0,0000,---,False,0.37489,0.06212,0.37925,0.17579,5.18048,-0.90672,path_to_final_target,w,"$1,0,0,0,0,0,0,0,0#",19000,20000,Set tank.c app_speed/duty level to the logged pwm before sending the move key/protocol command; e=stop.,5.45414,14.8731,9,2,0,0.26511,-0.02968,6.97608,5.91606,-0.47776,6.1027,5.9793,5.9161,0.79616,19,-0.0297,9,0,115.60089,43.12732,0.3481,0.2929,1,False,running
027eea92b7,formation_7_adaptive_split,101,20.2,1784482200,adaptive_clusters,finish_first,r05,r05,True,upper,member,local,3,3,5.32395,-0.59614,0.57186,0.37926,0.17441,961,1000,119,73,0,0,0000,---,False,0.31379,0.21433,0.37926,0.17441,5.75806,-0.48961,path_to_final_target,w,"$1,0,0,0,0,0,0,0,0#",19000,20000,Set tank.c app_speed/duty level to the logged pwm before sending the move key/protocol command; e=stop.,5.62559,15.24818,9,4,0,0.25181,-0.02968,6.79757,5.91606,-0.47776,6.1027,5.9793,5.9161,0.79616,19,-0.0297,9,0,115.60089,43.12732,0.3481,0.2929,1,False,running
027eea92b7,formation_7_adaptive_split,101,20.2,1784482200,adaptive_clusters,finish_first,r06,r06,True,upper,member,local,3,3,6.28286,-0.36008,-0.14094,0.37747,0.32345,925,1000,104,42,0,0,0000,---,False,0.37846,-0.0342,0.37747,0.32345,6.70585,-0.1899,path_to_final_target,a,"$3,0,0,0,0,0,0,0,0#",18000,20000,Set tank.c app_speed/duty level to the logged pwm before sending the move key/protocol command; e=stop.,6.2134,16.68901,0,2,0,0.11988,0.04777,6.19885,5.91606,-0.47776,6.1027,5.9793,5.9161,0.79616,19,-0.0297,9,0,115.60089,43.12732,0.3481,0.2929,1,False,running
027eea92b7,formation_7_adaptive_split,101,20.2,1784482200,adaptive_clusters,finish_first,r07,r07,True,upper,member,local,3,3,5.88847,0.96664,0.10081,0.29934,-0.78804,954,622,-65,13,0,0,0000,---,False,0.31152,-0.00717,0.29934,-0.78804,6.35626,0.94848,path_to_final_target,d,"$4,0,0,0,0,0,0,0,0#",19000,12000,Set tank.c app_speed/duty level to the logged pwm before sending the move key/protocol command; e=stop.,6.46937,17.18931,0,0,0,0.12307,0.12674,5.64484,5.91606,-0.47776,6.1027,5.9793,5.9161,0.79616,19,-0.0297,9,0,115.60089,43.12732,0.3481,0.2929,1,False,running
027eea92b7,formation_7_adaptive_split,102,20.4,1784482400,adaptive_clusters,finish_first,r01,r01,True,upper,member,local,3,3,6.43206,-1.00797,0.0334,0.3116,-0.0,820,820,20,102,0,0,0000,---,False,0.31143,0.01041,0.3116,-0.0,6.89377,-0.99254,cached_path_to_final_target,w,"$1,0,0,0,0,0,0,0,0#",16000,16000,Set tank.c app_speed/duty level to the logged pwm before sending the move key/protocol command; e=stop.,6.45679,17.25801,0,2,0,0.53168,0.05246,5.67065,5.98305,-0.46592,6.035,6.0473,5.9831,0.79314,19,-0.0297,9,0,116.88456,43.61651,0.3494,0.2933,1,False,running
027eea92b7,formation_7_adaptive_split,102,20.4,1784482400,adaptive_clusters,finish_first,r02,r02,True,upper,member,local,3,3,6.01079,-0.98716,0.00531,0.3116,-1e-05,820,820,82,105,0,0,0000,---,False,0.3116,0.00165,0.3116,-1e-05,6.47275,-0.98471,cached_path_to_final_target,w,"$1,0,0,0,0,0,0,0,0#",16000,16000,Set tank.c app_speed/duty level to the logged pwm before sending the move key/protocol command; e=stop.,6.40111,17.12694,0,0,0,0.54167,0.06371,5.93469,5.98305,-0.46592,6.035,6.0473,5.9831,0.79314,19,-0.0297,9,0,116.88456,43.61651,0.3494,0.2933,1,False,running
027eea92b7,formation_7_adaptive_split,102,20.4,1784482400,adaptive_clusters,finish_first,r03,r03,True,upper,member,local,3,3,6.86634,-0.43333,0.3787,0.37811,0.27955,936,1000,-23,55,0,0,0000,---,False,0.34657,0.15586,0.37811,0.27955,7.19518,-0.12652,cached_path_to_final_target,w,"$1,0,0,0,0,0,0,0,0#",19000,20000,Set tank.c app_speed/duty level to the logged pwm before sending the move key/protocol command; e=stop.,6.70718,17.74202,0,2,0,0.15035,0.05246,5.41065,5.98305,-0.46592,6.035,6.0473,5.9831,0.79314,19,-0.0297,9,0,116.88456,43.61651,0.3494,0.2933,1,False,running
027eea92b7,formation_7_adaptive_split,102,20.4,1784482400,adaptive_clusters,finish_first,r04,r04,True,upper,member,local,3,3,4.87754,-0.8828,0.17329,0.37918,0.18355,959,1000,118,55,0,0,0000,---,False,0.37226,0.07629,0.37918,0.18355,5.25747,-0.90561,cached_path_to_final_target,w,"$1,0,0,0,0,0,0,0,0#",19000,20000,Set tank.c app_speed/duty level to the logged pwm before sending the move key/protocol command; e=stop.,5.52997,15.0706,9,2,0,0.26511,-0.02968,6.90027,5.98305,-0.46592,6.035,6.0473,5.9831,0.79314,19,-0.0297,9,0,116.88456,43.61651,0.3494,0.2933,1,False,running
027eea92b7,formation_7_adaptive_split,102,20.4,1784482400,adaptive_clusters,finish_first,r05,r05,True,upper,member,local,3,3,5.38632,-0.55296,0.60552,0.37931,0.16831,963,1000,16,75,0,0,0000,---,False,0.30661,0.22448,0.37931,0.16831,5.82414,-0.45513,cached_path_to_final_target,w,"$1,0,0,0,0,0,0,0,0#",19000,20000,Set tank.c app_speed/duty level to the logged pwm before sending the move key/protocol command; e=stop.,5.70146,15.44607,9,4,0,0.25181,-0.02968,6.73098,5.98305,-0.46592,6.035,6.0473,5.9831,0.79314,19,-0.0297,9,0,116.88456,43.61651,0.3494,0.2933,1,False,running
027eea92b7,formation_7_adaptive_split,102,20.4,1784482400,adaptive_clusters,finish_first,r06,r06,True,upper,member,local,3,3,6.3581,-0.36558,-0.07295,0.3772,0.33994,921,1000,105,43,0,0,0000,---,False,0.37993,-0.00742,0.3772,0.33994,6.77639,-0.18924,cached_path_to_final_target,a,"$3,0,0,0,0,0,0,0,0#",18000,20000,Set tank.c app_speed/duty level to the logged pwm before sending the move key/protocol command; e=stop.,6.28884,16.8828,0,2,0,0.11988,0.04777,6.12431,5.98305,-0.46592,6.035,6.0473,5.9831,0.79314,19,-0.0297,9,0,116.88456,43.61651,0.3494,0.2933,1,False,running
027eea92b7,formation_7_adaptive_split,102,20.4,1784482400,adaptive_clusters,finish_first,r07,r07,True,upper,member,local,3,3,5.95023,0.96834,0.02751,0.30893,-0.36654,890,736,-66,13,0,0,0000,---,False,0.31146,-0.00938,0.30893,-0.36654,6.41437,0.95081,cached_path_to_final_target,d,"$4,0,0,0,0,0,0,0,0#",18000,15000,Set tank.c app_speed/duty level to the logged pwm before sending the move key/protocol command; e=stop.,6.53116,17.35812,0,0,0,0.12307,0.12674,5.58347,5.98305,-0.46592,6.035,6.0473,5.9831,0.79314,19,-0.0297,9,0,116.88456,43.61651,0.3494,0.2933,1,False,running
027eea92b7,formation_7_adaptive_split,103,20.6,1784482600,adaptive_clusters,finish_first,r01,r01,True,upper,member,local,3,3,6.49434,-1.00589,0.0334,0.3116,-0.0,820,820,21,96,0,0,0000,---,False,0.31143,0.01041,0.3116,-0.0,6.95605,-0.99046,cached_path_to_final_target,w,"$1,0,0,0,0,0,0,0,0#",16000,16000,Set tank.c app_speed/duty level to the logged pwm before sending the move key/protocol command; e=stop.,6.51911,17.42325,0,2,0,0.53168,0.05246,5.60842,6.04647,-0.45375,5.9708,6.1119,6.0465,0.79134,19,-0.0297,9,0,118.13727,44.0776,0.3293,0.2935,1,False,running
027eea92b7,formation_7_adaptive_split,103,20.6,1784482600,adaptive_clusters,finish_first,r02,r02,True,upper,member,local,3,3,6.07311,-0.98683,0.00531,0.3116,-0.0,820,820,85,105,0,0,0000,---,False,0.3116,0.00165,0.3116,-0.0,6.53507,-0.98438,cached_path_to_final_target,w,"$1,0,0,0,0,0,0,0,0#",16000,16000,Set tank.c app_speed/duty level to the logged pwm before sending the move key/protocol command; e=stop.,6.46343,17.29218,0,0,0,0.54167,0.06371,5.8729,6.04647,-0.45375,5.9708,6.1119,6.0465,0.79134,19,-0.0297,9,0,118.13727,44.0776,0.3293,0.2935,1,False,running
027eea92b7,formation_7_adaptive_split,103,20.6,1784482600,adaptive_clusters,finish_first,r03,r03,True,upper,member,local,3,3,6.91565,-0.40159,0.5719,0.29324,0.96603,568,975,-36,50,0,0,0000,---,False,0.2335,0.20633,0.29324,0.96603,7.25642,-0.08864,cached_path_to_final_target,a,"$3,0,0,0,0,0,0,0,0#",11000,20000,Set tank.c app_speed/duty level to the logged pwm before sending the move key/protocol command; e=stop.,6.76583,17.91115,0,2,0,0.15035,0.05246,5.36003,6.04647,-0.45375,5.9708,6.1119,6.0465,0.79134,19,-0.0297,9,0,118.13727,44.0776,0.3293,0.2935,1,False,running
027eea92b7,formation_7_adaptive_split,103,20.6,1784482600,adaptive_clusters,finish_first,r04,r04,True,upper,member,local,3,3,4.9517,-0.86696,0.21049,0.37916,0.18603,959,1000,119,58,0,0,0000,---,False,0.36913,0.09023,0.37916,0.18603,5.33426,-0.89991,cached_path_to_final_target,w,"$1,0,0,0,0,0,0,0,0#",19000,20000,Set tank.c app_speed/duty level to the logged pwm before sending the move key/protocol command; e=stop.,5.60581,15.26804,9,2,0,0.26511,-0.02968,6.82458,6.04647,-0.45375,5.9708,6.1119,6.0465,0.79134,19,-0.0297,9,0,118.13727,44.0776,0.3293,0.2935,1,False,running
027eea92b7,formation_7_adaptive_split,103,20.6,1784482600,adaptive_clusters,finish_first,r05,r05,True,upper,member,local,3,3,5.43992,-0.52908,0.41918,0.29341,-0.93169,968,576,28,70,0,0,0000,---,False,0.30095,0.08076,0.29341,-0.93169,5.88867,-0.41816,cached_path_to_final_target,d,"$4,0,0,0,0,0,0,0,0#",19000,12000,Set tank.c app_speed/duty level to the logged pwm before sending the move key/protocol command; e=stop.,5.76014,15.61951,9,4,0,0.25181,-0.02968,6.67523,6.04647,-0.45375,5.9708,6.1119,6.0465,0.79134,19,-0.0297,9,0,118.13727,44.0776,0.3293,0.2935,1,False,running
027eea92b7,formation_7_adaptive_split,103,20.6,1784482600,adaptive_clusters,finish_first,r06,r06,True,upper,member,local,3,3,6.43355,-0.36598,-0.00525,0.37723,0.33852,921,1000,106,43,0,0,0000,---,False,0.37956,0.01821,0.37723,0.33852,6.8478,-0.18575,cached_path_to_final_target,a,"$3,0,0,0,0,0,0,0,0#",18000,20000,Set tank.c app_speed/duty level to the logged pwm before sending the move key/protocol command; e=stop.,6.36429,17.07643,0,2,0,0.11988,0.04777,6.04917,6.04647,-0.45375,5.9708,6.1119,6.0465,0.79134,19,-0.0297,9,0,118.13727,44.0776,0.3293,0.2935,1,False,running
027eea92b7,formation_7_adaptive_split,103,20.6,1784482600,adaptive_clusters,finish_first,r07,r07,True,upper,member,local,3,3,6.01704,0.9801,0.1742,0.33918,0.73346,738,1000,-81,14,0,0,0000,---,False,0.33434,0.18059,0.33918,0.73346,6.47502,0.95243,cached_path_to_final_target,a,"$3,0,0,0,0,0,0,0,0#",15000,20000,Set tank.c app_speed/duty level to the logged pwm before sending the move key/protocol command; e=stop.,6.599,17.5467,0,0,0,0.12307,0.12674,5.51801,6.04647,-0.45375,5.9708,6.1119,6.0465,0.79134,19,-0.0297,9,0,118.13727,44.0776,0.3293,0.2935,1,False,running
027eea92b7,formation_7_adaptive_split,104,20.8,1784482800,adaptive_clusters,finish_first,r01,r01,True,upper,member,local,3,3,6.55663,-1.00381,0.0334,0.3116,-0.0,820,820,22,90,0,0,0000,---,False,0.31143,0.01041,0.3116,-0.0,7.01834,-0.98838,cached_path_to_final_target,w,"$1,0,0,0,0,0,0,0,0#",16000,16000,Set tank.c app_speed/duty level to the logged pwm before sending the move key/protocol command; e=stop.,6.58143,17.5885,0,2,0,0.53168,0.05246,5.5462,6.11086,-0.43864,5.9055,6.178,6.1109,0.79279,18,-0.0297,9,0,119.38602,44.55055,0.3378,0.2938,1,False,running
027eea92b7,formation_7_adaptive_split,104,20.8,1784482800,adaptive_clusters,finish_first,r02,r02,True,upper,member,local,3,3,6.13542,-0.9865,0.00531,0.3116,-0.0,820,820,87,105,0,0,0000,---,False,0.3116,0.00165,0.3116,-0.0,6.59739,-0.98405,cached_path_to_final_target,w,"$1,0,0,0,0,0,0,0,0#",16000,16000,Set tank.c app_speed/duty level to the logged pwm before sending the move key/protocol command; e=stop.,6.52575,17.45743,0,0,0,0.54167,0.06371,5.81112,6.11086,-0.43864,5.9055,6.178,6.1109,0.79279,18,-0.0297,9,0,119.38602,44.55055,0.3378,0.2938,1,False,running
027eea92b7,formation_7_adaptive_split,104,20.8,1784482800,adaptive_clusters,finish_first,r03,r03,True,upper,member,local,3,3,6.96427,-0.36384,0.66025,0.30773,0.44173,717,903,-44,45,0,0,0000,---,False,0.23227,0.20772,0.30773,0.44173,7.3066,-0.05196,cached_path_to_final_target,a,"$3,0,0,0,0,0,0,0,0#",14000,18000,Set tank.c app_speed/duty level to the logged pwm before sending the move key/protocol command; e=stop.,6.82737,18.08078,0,2,0,0.15035,0.05246,5.31007,6.11086,-0.43864,5.9055,6.178,6.1109,0.79279,18,-0.0297,9,0,119.38602,44.55055,0.3378,0.2938,1,False,running
027eea92b7,formation_7_adaptive_split,104,20.8,1784482800,adaptive_clusters,finish_first,r04,r04,True,upper,member,local,3,3,5.02523,-0.84838,0.24741,0.37917,0.18461,959,1000,120,61,0,0,0000,---,False,0.36557,0.10371,0.37917,0.18461,5.41068,-0.89053,cached_path_to_final_target,w,"$1,0,0,0,0,0,0,0,0#",19000,20000,Set tank.c app_speed/duty level to the logged pwm before sending the move key/protocol command; e=stop.,5.68164,15.46548,9,2,0,0.26511,-0.02968,6.74912,6.11086,-0.43864,5.9055,6.178,6.1109,0.79279,18,-0.0297,9,0,119.38602,44.55055,0.3378,0.2938,1,False,running
027eea92b7,formation_7_adaptive_split,104,20.8,1784482800,adaptive_clusters,finish_first,r05,r05,True,upper,member,local,3,3,5.49812,-0.50895,0.33296,0.30791,-0.43112,901,720,35,66,0,0,0000,---,False,0.30071,0.08167,0.30791,-0.43112,5.94592,-0.39165,cached_path_to_final_target,d,"$4,0,0,0,0,0,0,0,0#",18000,14000,Set tank.c app_speed/duty level to the logged pwm before sending the move key/protocol command; e=stop.,5.82172,15.78901,9,4,0,0.25181,-0.02968,6.61531,6.11086,-0.43864,5.9055,6.178,6.1109,0.79279,18,-0.0297,9,0,119.38602,44.55055,0.3378,0.2938,1,False,running
027eea92b7,formation_7_adaptive_split,104,20.8,1784482800,adaptive_clusters,finish_first,r06,r06,True,upper,member,local,3,3,6.50888,-0.36138,0.06094,0.37735,0.33095,923,1000,107,43,0,0,0000,---,False,0.37758,0.04283,0.37735,0.33095,6.91968,-0.17841,cached_path_to_final_target,a,"$3,0,0,0,0,0,0,0,0#",18000,20000,Set tank.c app_speed/duty level to the logged pwm before sending the move key/protocol command; e=stop.,6.43976,17.27032,0,2,0,0.11988,0.04777,5.97372,6.11086,-0.43864,5.9055,6.178,6.1109,0.79279,18,-0.0297,9,0,119.38602,44.55055,0.3378,0.2938,1,False,running
027eea92b7,formation_7_adaptive_split,104,20.8,1784482800,adaptive_clusters,finish_first,r07,r07,True,upper,member,local,3,3,6.08747,1.00242,0.30686,0.36939,0.66331,832,1000,-96,17,0,0,0000,---,False,0.34834,0.15185,0.36939,0.66331,6.53996,0.96004,cached_path_to_final_target,a,"$3,0,0,0,0,0,0,0,0#",17000,20000,Set tank.c app_speed/duty level to the logged pwm before sending the move key/protocol command; e=stop.,6.67287,17.7345,0,0,0,0.12307,0.12674,5.45002,6.11086,-0.43864,5.9055,6.178,6.1109,0.79279,18,-0.0297,9,0,119.38602,44.55055,0.3378,0.2938,1,False,running
027eea92b7,formation_7_adaptive_split,105,21.0,1784483000,adaptive_clusters,finish_first,r01,r01,True,upper,member,local,3,3,6.61891,-1.00173,0.0334,0.3116,-0.0,820,820,23,84,0,0,0000,---,False,0.31143,0.01041,0.3116,-0.0,7.08063,-0.9863,path_to_final_target,w,"$1,0,0,0,0,0,0,0,0#",16000,16000,Set tank.c app_speed/duty level to the logged pwm before sending the move key/protocol command; e=stop.,6.64375,17.75375,0,2,0,0.53168,0.05246,5.48397,6.17529,-0.42208,5.84,6.2445,6.1753,0.79444,19,-0.0297,9,0,120.6502,45.02655,0.34,0.2941,1,False,running
027eea92b7,formation_7_adaptive_split,105,21.0,1784483000,adaptive_clusters,finish_first,r02,r02,True,upper,member,local,3,3,6.19774,-0.98617,0.00531,0.3116,-0.0,820,820,90,105,0,0,0000,---,False,0.3116,0.00165,0.3116,-0.0,6.65971,-0.98372,path_to_final_target,w,"$1,0,0,0,0,0,0,0,0#",16000,16000,Set tank.c app_speed/duty level to the logged pwm before sending the move key/protocol command; e=stop.,6.58807,17.62268,0,0,0,0.54167,0.06371,5.74935,6.17529,-0.42208,5.84,6.2445,6.1753,0.79444,19,-0.0297,9,0,120.6502,45.02655,0.34,0.2941,1,False,running
027eea92b7,formation_7_adaptive_split,105,21.0,1784483000,adaptive_clusters,finish_first,r03,r03,True,upper,member,local,3,3,7.01177,-0.32376,0.70081,0.31078,0.20279,775,861,-49,40,0,0,0000,---,False,0.23164,0.20842,0.31078,0.20279,7.35427,-0.01294,path_to_final_target,w,"$1,0,0,0,0,0,0,0,0#",16000,17000,Set tank.c app_speed/duty level to the logged pwm before sending the move key/protocol command; e=stop.,6.88953,18.24826,0,2,0,0.15035,0.05246,5.26141,6.17529,-0.42208,5.84,6.2445,6.1753,0.79444,19,-0.0297,9,0,120.6502,45.02655,0.34,0.2941,1,False,running
027eea92b7,formation_7_adaptive_split,105,21.0,1784483000,adaptive_clusters,finish_first,r04,r04,True,upper,member,local,3,3,5.09733,-0.82568,0.30503,0.37799,0.28806,934,1000,120,65,0,0,0000,---,False,0.35692,0.13041,0.37799,0.28806,5.44829,-0.82333,path_to_final_target,w,"$1,0,0,0,0,0,0,0,0#",19000,20000,Set tank.c app_speed/duty level to the logged pwm before sending the move key/protocol command; e=stop.,5.75724,15.66152,9,2,0,0.26511,-0.02968,6.67447,6.17529,-0.42208,5.84,6.2445,6.1753,0.79444,19,-0.0297,9,0,120.6502,45.02655,0.34,0.2941,1,False,running
027eea92b7,formation_7_adaptive_split,105,21.0,1784483000,adaptive_clusters,finish_first,r05,r05,True,upper,member,local,3,3,5.5576,-0.49079,0.29643,0.31094,-0.18266,857,780,39,62,0,0,0000,---,False,0.3005,0.08243,0.31094,-0.18266,6.004,-0.37019,path_to_final_target,w,"$1,0,0,0,0,0,0,0,0#",17000,16000,Set tank.c app_speed/duty level to the logged pwm before sending the move key/protocol command; e=stop.,5.88391,15.95668,9,4,0,0.25181,-0.02968,6.55435,6.17529,-0.42208,5.84,6.2445,6.1753,0.79444,19,-0.0297,9,0,120.6502,45.02655,0.34,0.2941,1,False,running
027eea92b7,formation_7_adaptive_split,105,21.0,1784483000,adaptive_clusters,finish_first,r06,r06,True,upper,member,local,3,3,6.58367,-0.35161,0.12987,0.37712,0.34466,920,1000,108,42,0,0,0000,---,False,0.37358,0.06954,0.37712,0.34466,6.9865,-0.15423,path_to_final_target,a,"$3,0,0,0,0,0,0,0,0#",18000,20000,Set tank.c app_speed/duty level to the logged pwm before sending the move key/protocol command; e=stop.,6.51518,17.46399,0,2,0,0.11988,0.04777,5.89837,6.17529,-0.42208,5.84,6.2445,6.1753,0.79444,19,-0.0297,9,0,120.6502,45.02655,0.34,0.2941,1,False,running
027eea92b7,formation_7_adaptive_split,105,21.0,1784483000,adaptive_clusters,finish_first,r07,r07,True,upper,member,local,3,3,6.15998,1.02517,0.30413,0.38,-0.01363,1000,997,-103,19,0,0,0000,---,False,0.3628,0.11302,0.38,-0.01363,6.60707,0.95203,path_to_final_target,w,"$1,0,0,0,0,0,0,0,0#",20000,20000,Set tank.c app_speed/duty level to the logged pwm before sending the move key/protocol command; e=stop.,6.74887,17.94333,0,0,0,0.12307,0.12674,5.38016,6.17529,-0.42208,5.84,6.2445,6.1753,0.79444,19,-0.0297,9,0,120.6502,45.02655,0.34,0.2941,1,False,running
027eea92b7,formation_7_adaptive_split,106,21.2,1784483200,adaptive_clusters,finish_first,r01,r01,True,upper,member,local,3,3,6.6812,-0.99964,0.0334,0.3116,0.0,820,820,24,78,0,0,0000,---,False,0.31143,0.01041,0.3116,0.0,7.14291,-0.98422,cached_path_to_final_target,w,"$1,0,0,0,0,0,0,0,0#",16000,16000,Set tank.c app_speed/duty level to the logged pwm before sending the move key/protocol command; e=stop.,6.70607,17.91899,0,2,0,0.53168,0.05246,5.42174,6.23751,-0.40383,5.7766,6.3094,6.2375,0.79256,19,-0.0297,9,0,121.89641,45.49823,0.3369,0.2942,2,False,running
027eea92b7,formation_7_adaptive_split,106,21.2,1784483200,adaptive_clusters,finish_first,r02,r02,True,upper,member,local,3,3,6.26006,-0.98584,0.00531,0.3116,-0.0,820,820,92,105,0,0,0000,---,False,0.3116,0.00165,0.3116,-0.0,6.72203,-0.98339,cached_path_to_final_target,w,"$1,0,0,0,0,0,0,0,0#",16000,16000,Set tank.c app_speed/duty level to the logged pwm before sending the move key/protocol command; e=stop.,6.65039,17.78792,0,0,0,0.54167,0.06371,5.6876,6.23751,-0.40383,5.7766,6.3094,6.2375,0.79256,19,-0.0297,9,0,121.89641,45.49823,0.3369,0.2942,2,False,running
027eea92b7,formation_7_adaptive_split,106,21.2,1784483200,adaptive_clusters,finish_first,r03,r03,True,upper,member,local,3,3,7.04504,-0.27611,0.96136,0.29059,1.30279,490,1000,-68,37,0,0,0000,---,False,0.06421,0.37454,0.29059,1.30279,7.4011,0.02763,cached_path_to_final_target,a,"$3,0,0,0,0,0,0,0,0#",10000,20000,Set tank.c app_speed/duty level to the logged pwm before sending the move key/protocol command; e=stop.,6.94765,18.41104,0,2,0,0.15035,0.05246,5.22713,6.23751,-0.40383,5.7766,6.3094,6.2375,0.79256,19,-0.0297,9,0,121.89641,45.49823,0.3369,0.2942,2,False,running
027eea92b7,formation_7_adaptive_split,106,21.2,1784483200,adaptive_clusters,finish_first,r04,r04,True,upper,member,local,3,3,5.16782,-0.79854,0.36756,0.37763,0.31266,928,1000,119,69,0,0,0000,---,False,0.34748,0.1538,0.37763,0.31266,5.49877,-0.76519,cached_path_to_final_target,w,"$1,0,0,0,0,0,0,0,0#",19000,20000,Set tank.c app_speed/duty level to the logged pwm before sending the move key/protocol command; e=stop.,5.83277,15.8561,9,2,0,0.26511,-0.02968,6.60083,6.23751,-0.40383,5.7766,6.3094,6.2375,0.79256,19,-0.0297,9,0,121.89641,45.49823,0.3369,0.2942,2,False,running
027eea92b7,formation_7_adaptive_split,106,21.2,1784483200,adaptive_clusters,finish_first,r05,r05,True,upper,member,local,3,3,5.61745,-0.4735,0.28121,0.31148,-0.07608,836,804,42,58,0,0,0000,---,False,0.30037,0.08289,0.31148,-0.07608,6.06312,-0.35128,cached_path_to_final_target,w,"$1,0,0,0,0,0,0,0,0#",17000,16000,Set tank.c app_speed/duty level to the logged pwm before sending the move key/protocol command; e=stop.,5.94621,16.12304,9,4,0,0.25181,-0.02968,6.49313,6.23751,-0.40383,5.7766,6.3094,6.2375,0.79256,19,-0.0297,9,0,121.89641,45.49823,0.3369,0.2942,2,False,running
027eea92b7,formation_7_adaptive_split,106,21.2,1784483200,adaptive_clusters,finish_first,r06,r06,True,upper,member,local,3,3,6.6577,-0.33693,0.19587,0.37736,0.32999,924,1000,109,41,0,0,0000,---,False,0.3684,0.09318,0.37736,0.32999,7.05608,-0.13376,cached_path_to_final_target,a,"$3,0,0,0,0,0,0,0,0#",18000,20000,Set tank.c app_speed/duty level to the logged pwm before sending the move key/protocol command; e=stop.,6.59065,17.65806,0,2,0,0.11988,0.04777,5.82338,6.23751,-0.40383,5.7766,6.3094,6.2375,0.79256,19,-0.0297,9,0,121.89641,45.49823,0.3369,0.2942,2,False,running
027eea92b7,formation_7_adaptive_split,106,21.2,1784483200,adaptive_clusters,finish_first,r07,r07,True,center,member,local,3,3,6.23328,1.04376,0.24826,0.37811,-0.27935,1000,936,-107,21,0,0,0000,---,False,0.37209,0.07712,0.37811,-0.27935,6.67775,0.96344,cached_path_to_final_target,w,"$1,0,0,0,0,0,0,0,0#",20000,19000,Set tank.c app_speed/duty level to the logged pwm before sending the move key/protocol command; e=stop.,6.8245,18.14125,0,0,0,0.12307,0.12674,5.30923,6.23751,-0.40383,5.7766,6.3094,6.2375,0.79256,19,-0.0297,9,0,121.89641,45.49823,0.3369,0.2942,2,False,running
027eea92b7,formation_7_adaptive_split,107,21.4,1784483400,adaptive_clusters,finish_first,r01,r01,True,upper,member,local,3,3,6.74348,-0.99756,0.0334,0.3116,0.0,820,820,25,72,0,0,0000,---,False,0.31143,0.01041,0.3116,0.0,7.2052,-0.98214,cached_path_to_final_target,w,"$1,0,0,0,0,0,0,0,0#",16000,16000,Set tank.c app_speed/duty level to the logged pwm before sending the move key/protocol command; e=stop.,6.76839,18.08424,0,2,0,0.53168,0.05246,5.35952,6.2986,-0.38268,5.7142,6.374,6.2986,0.78944,18,-0.0297,9,0,123.15456,45.98208,0.3456,0.2943,2,False,running
027eea92b7,formation_7_adaptive_split,107,21.4,1784483400,adaptive_clusters,finish_first,r02,r02,True,upper,member,local,3,3,6.32238,-0.98551,0.00531,0.3116,-0.0,820,820,95,105,0,0,0000,---,False,0.3116,0.00165,0.3116,-0.0,6.78435,-0.98306,cached_path_to_final_target,w,"$1,0,0,0,0,0,0,0,0#",16000,16000,Set tank.c app_speed/duty level to the logged pwm before sending the move key/protocol command; e=stop.,6.71271,17.95317,0,0,0,0.54167,0.06371,5.62585,6.2986,-0.38268,5.7142,6.374,6.2986,0.78944,18,-0.0297,9,0,123.15456,45.98208,0.3456,0.2943,2,False,running
027eea92b7,formation_7_adaptive_split,107,21.4,1784483400,adaptive_clusters,finish_first,r03,r03,True,upper,member,local,3,3,7.0721,-0.21105,1.17656,0.35229,1.07598,701,1000,-86,34,0,0,0000,---,False,0.08484,0.37041,0.35229,1.07598,7.44402,0.06682,cached_path_to_final_target,a,"$3,0,0,0,0,0,0,0,0#",14000,20000,Set tank.c app_speed/duty level to the logged pwm before sending the move key/protocol command; e=stop.,7.01811,18.58975,0,2,0,0.15035,0.05246,5.19938,6.2986,-0.38268,5.7142,6.374,6.2986,0.78944,18,-0.0297,9,0,123.15456,45.98208,0.3456,0.2943,2,False,running
027eea92b7,formation_7_adaptive_split,107,21.4,1784483400,adaptive_clusters,finish_first,r04,r04,True,upper,member,local,3,3,5.23662,-0.76726,0.42667,0.37788,0.29556,932,1000,119,73,0,0,0000,---,False,0.33826,0.17315,0.37788,0.29556,5.55718,-0.71501,cached_path_to_final_target,w,"$1,0,0,0,0,0,0,0,0#",19000,20000,Set tank.c app_speed/duty level to the logged pwm before sending the move key/protocol command; e=stop.,5.90834,16.051,9,2,0,0.26511,-0.02968,6.52831,6.2986,-0.38268,5.7142,6.374,6.2986,0.78944,18,-0.0297,9,0,123.15456,45.98208,0.3456,0.2943,2,False,running
027eea92b7,formation_7_adaptive_split,107,21.4,1784483400,adaptive_clusters,finish_first,r05,r05,True,upper,member,local,3,3,5.67743,-0.45658,0.27496,0.31158,-0.03125,827,813,44,54,0,0,0000,---,False,0.30031,0.08313,0.31158,-0.03125,6.12278,-0.33362,cached_path_to_final_target,w,"$1,0,0,0,0,0,0,0,0#",17000,16000,Set tank.c app_speed/duty level to the logged pwm before sending the move key/protocol command; e=stop.,6.00852,16.28874,9,4,0,0.25181,-0.02968,6.43183,6.2986,-0.38268,5.7142,6.374,6.2986,0.78944,18,-0.0297,9,0,123.15456,45.98208,0.3456,0.2943,2,False,running
027eea92b7,formation_7_adaptive_split,107,21.4,1784483400,adaptive_clusters,finish_first,r06,r06,True,upper,member,local,3,3,6.73072,-0.31762,0.25845,0.37763,0.31291,928,1000,110,41,0,0,0000,---,False,0.36216,0.11506,0.37763,0.31291,7.12619,-0.11172,cached_path_to_final_target,w,"$1,0,0,0,0,0,0,0,0#",19000,20000,Set tank.c app_speed/duty level to the logged pwm before sending the move key/protocol command; e=stop.,6.66618,17.85256,0,2,0,0.11988,0.04777,5.74904,6.2986,-0.38268,5.7142,6.374,6.2986,0.78944,18,-0.0297,9,0,123.15456,45.98208,0.3456,0.2943,2,False,running
027eea92b7,formation_7_adaptive_split,107,21.4,1784483400,adaptive_clusters,finish_first,r07,r07,True,center,member,local,3,3,6.30748,1.0568,0.17408,0.37667,-0.37094,1000,913,-110,22,0,0,0000,---,False,0.37746,0.0439,0.37667,-0.37094,6.75006,0.97799,cached_path_to_final_target,d,"$4,0,0,0,0,0,0,0,0#",20000,18000,Set tank.c app_speed/duty level to the logged pwm before sending the move key/protocol command; e=stop.,6.89983,18.33509,0,0,0,0.12307,0.12674,5.23692,6.2986,-0.38268,5.7142,6.374,6.2986,0.78944,18,-0.0297,9,0,123.15456,45.98208,0.3456,0.2943,2,False,running
027eea92b7,formation_7_adaptive_split,108,21.6,1784483600,adaptive_clusters,finish_first,r01,r01,True,upper,member,local,3,3,6.80577,-0.99548,0.0334,0.3116,0.0,820,820,27,66,0,0,0000,---,False,0.31143,0.01041,0.3116,0.0,7.26748,-0.98005,cached_path_to_final_target,w,"$1,0,0,0,0,0,0,0,0#",16000,16000,Set tank.c app_speed/duty level to the logged pwm before sending the move key/protocol command; e=stop.,6.83071,18.24948,0,2,0,0.53168,0.05246,5.2973,6.3592,-0.36039,5.6523,6.4386,6.3592,0.78588,18,-0.0297,9,0,124.44044,46.47126,0.3494,0.2944,2,False,running
027eea92b7,formation_7_adaptive_split,108,21.6,1784483600,adaptive_clusters,finish_first,r02,r02,True,upper,member,local,3,3,6.3847,-0.98518,0.00531,0.3116,-0.0,820,820,97,105,0,0,0000,---,False,0.3116,0.00165,0.3116,-0.0,6.84667,-0.98273,cached_path_to_final_target,w,"$1,0,0,0,0,0,0,0,0#",16000,16000,Set tank.c app_speed/duty level to the logged pwm before sending the move key/protocol command; e=stop.,6.77503,18.11842,0,0,0,0.54167,0.06371,5.56412,6.3592,-0.36039,5.6523,6.4386,6.3592,0.78588,18,-0.0297,9,0,124.44044,46.47126,0.3494,0.2944,2,False,running
027eea92b7,formation_7_adaptive_split,108,21.6,1784483600,adaptive_clusters,finish_first,r03,r03,True,upper,member,local,3,3,7.09788,-0.13984,1.22352,0.37866,0.23481,947,1000,-94,32,0,0,0000,---,False,0.11606,0.36184,0.37866,0.23481,7.49188,0.10071,cached_path_to_final_target,w,"$1,0,0,0,0,0,0,0,0#",19000,20000,Set tank.c app_speed/duty level to the logged pwm before sending the move key/protocol command; e=stop.,7.09384,18.79649,0,2,0,0.15035,0.05246,5.17378,6.3592,-0.36039,5.6523,6.4386,6.3592,0.78588,18,-0.0297,9,0,124.44044,46.47126,0.3494,0.2944,2,False,running
027eea92b7,formation_7_adaptive_split,108,21.6,1784483600,adaptive_clusters,finish_first,r04,r04,True,upper,member,local,3,3,5.30376,-0.73237,0.47926,0.37833,0.26294,940,1000,119,77,0,0,0000,---,False,0.32966,0.189,0.37833,0.26294,5.61996,-0.67044,cached_path_to_final_target,w,"$1,0,0,0,0,0,0,0,0#",19000,20000,Set tank.c app_speed/duty level to the logged pwm before sending the move key/protocol command; e=stop.,5.98401,16.24688,9,2,0,0.26511,-0.02968,6.45701,6.3592,-0.36039,5.6523,6.4386,6.3592,0.78588,18,-0.0297,9,0,124.44044,46.47126,0.3494,0.2944,2,False,running
027eea92b7,formation_7_adaptive_split,108,21.6,1784483600,adaptive_clusters,finish_first,r05,r05,True,upper,member,local,3,3,5.73745,-0.43981,0.27242,0.3116,-0.01271,823,817,47,51,0,0,0000,---,False,0.30028,0.08324,0.3116,-0.01271,6.18268,-0.31652,cached_path_to_final_target,w,"$1,0,0,0,0,0,0,0,0#",16000,16000,Set tank.c app_speed/duty level to the logged pwm before sending the move key/protocol command; e=stop.,6.07084,16.45417,9,4,0,0.25181,-0.02968,6.37052,6.3592,-0.36039,5.6523,6.4386,6.3592,0.78588,18,-0.0297,9,0,124.44044,46.47126,0.3494,0.2944,2,False,running
027eea92b7,formation_7_adaptive_split,108,21.6,1784483600,adaptive_clusters,finish_first,r06,r06,True,upper,member,local,3,3,6.8025,-0.294,0.31797,0.37786,0.29759,932,1000,111,42,0,0,0000,---,False,0.355,0.13555,0.37786,0.29759,7.19604,-0.0868,cached_path_to_final_target,w,"$1,0,0,0,0,0,0,0,0#",19000,20000,Set tank.c app_speed/duty level to the logged pwm before sending the move key/protocol command; e=stop.,6.74175,18.04745,0,2,0,0.11988,0.04777,5.67563,6.3592,-0.36039,5.6523,6.4386,6.3592,0.78588,18,-0.0297,9,0,124.44044,46.47126,0.3494,0.2944,2,False,running
027eea92b7,formation_7_adaptive_split,108,21.6,1784483600,adaptive_clusters,finish_first,r07,r07,True,center,member,local,3,3,6.38239,1.06397,0.09541,0.37626,-0.39332,1000,907,-112,23,0,0,0000,---,False,0.37979,0.01277,0.37626,-0.39332,6.82352,0.98995,cached_path_to_final_target,d,"$4,0,0,0,0,0,0,0,0#",20000,18000,Set tank.c app_speed/duty level to the logged pwm before sending the move key/protocol command; e=stop.,6.97508,18.52755,0,0,0,0.12307,0.12674,5.16331,6.3592,-0.36039,5.6523,6.4386,6.3592,0.78588,18,-0.0297,9,0,124.44044,46.47126,0.3494,0.2944,2,False,running
027eea92b7,formation_7_adaptive_split,109,21.8,1784483800,adaptive_clusters,finish_first,r01,r01,True,upper,member,local,3,3,6.86805,-0.9934,0.0334,0.3116,0.0,820,820,28,60,0,0,0000,---,False,0.31143,0.01041,0.3116,0.0,7.32977,-0.97797,path_to_final_target,w,"$1,0,0,0,0,0,0,0,0#",16000,16000,Set tank.c app_speed/duty level to the logged pwm before sending the move key/protocol command; e=stop.,6.89303,18.41473,0,2,0,0.53168,0.05246,5.23509,6.41687,-0.33904,5.5934,6.5001,6.4169,0.78023,18,-0.0297,9,0,125.67843,46.93857,0.3338,0.2944,2,False,running
027eea92b7,formation_7_adaptive_split,109,21.8,1784483800,adaptive_clusters,finish_first,r02,r02,True,upper,member,local,3,3,6.44702,-0.98485,0.00531,0.3116,-0.0,820,820,21,100,0,0,0000,---,False,0.3116,0.00165,0.3116,-0.0,6.90899,-0.9824,path_to_final_target,w,"$1,0,0,0,0,0,0,0,0#",16000,16000,Set tank.c app_speed/duty level to the logged pwm before sending the move key/protocol command; e=stop.,6.83735,18.28366,0,0,0,0.54167,0.06371,5.50241,6.41687,-0.33904,5.5934,6.5001,6.4169,0.78023,18,-0.0297,9,0,125.67843,46.93857,0.3338,0.2944,2,False,running
027eea92b7,formation_7_adaptive_split,109,21.8,1784483800,adaptive_clusters,finish_first,r03,r03,True,center,member,local,3,3,7.12678,-0.06981,1.17938,0.37882,-0.22071,1000,950,-97,30,0,0,0001,---,False,0.15706,0.34602,0.37882,-0.22071,7.56243,0.10205,path_to_final_target,w,"$1,0,0,0,0,0,0,0,0#",20000,19000,Set tank.c app_speed/duty level to the logged pwm before sending the move key/protocol command; e=stop.,7.1696,18.99757,0,2,0,0.15035,0.05246,5.14601,6.41687,-0.33904,5.5934,6.5001,6.4169,0.78023,18,-0.0297,9,0,125.67843,46.93857,0.3338,0.2944,2,False,running
027eea92b7,formation_7_adaptive_split,109,21.8,1784483800,adaptive_clusters,finish_first,r04,r04,True,upper,member,local,3,3,5.3693,-0.6944,0.5251,0.37873,0.2292,948,1000,119,81,0,0,0000,---,False,0.32173,0.20221,0.37873,0.2292,5.68499,-0.6292,path_to_final_target,w,"$1,0,0,0,0,0,0,0,0#",19000,20000,Set tank.c app_speed/duty level to the logged pwm before sending the move key/protocol command; e=stop.,6.05975,16.44356,9,2,0,0.26511,-0.02968,6.387,6.41687,-0.33904,5.5934,6.5001,6.4169,0.78023,18,-0.0297,9,0,125.67843,46.93857,0.3338,0.2944,2,False,running
027eea92b7,formation_7_adaptive_split,109,21.8,1784483800,adaptive_clusters,finish_first,r05,r05,True,upper,member,local,3,3,5.79749,-0.4231,0.27139,0.3116,-0.00512,821,819,50,49,0,0,0000,---,False,0.30026,0.08329,0.3116,-0.00512,6.24267,-0.29967,path_to_final_target,w,"$1,0,0,0,0,0,0,0,0#",16000,16000,Set tank.c app_speed/duty level to the logged pwm before sending the move key/protocol command; e=stop.,6.13316,16.61949,9,4,0,0.25181,-0.02968,6.30922,6.41687,-0.33904,5.5934,6.5001,6.4169,0.78023,18,-0.0297,9,0,125.67843,46.93857,0.3338,0.2944,2,False,running
027eea92b7,formation_7_adaptive_split,109,21.8,1784483800,adaptive_clusters,finish_first,r06,r06,True,upper,member,local,3,3,6.85178,-0.27298,0.40308,0.26786,0.42556,615,794,109,43,0,0,0000,---,False,0.09724,0.04939,0.26786,0.42556,7.26533,-0.05892,path_to_final_target,a,"$3,0,0,0,0,0,0,0,0#",12000,16000,Set tank.c app_speed/duty level to the logged pwm before sending the move key/protocol command; e=stop.,6.79532,18.1995,0,2,0,0.11988,0.04777,5.62491,6.41687,-0.33904,5.5934,6.5001,6.4169,0.78023,18,-0.0297,9,0,125.67843,46.93857,0.3338,0.2944,2,False,running
027eea92b7,formation_7_adaptive_split,109,21.8,1784483800,adaptive_clusters,finish_first,r07,r07,True,center,member,local,3,3,6.45764,1.0653,0.01763,0.37634,-0.38892,1000,908,-114,23,0,0,0000,---,False,0.37964,-0.01652,0.37634,-0.38892,6.89787,0.99741,path_to_final_target,d,"$4,0,0,0,0,0,0,0,0#",20000,18000,Set tank.c app_speed/duty level to the logged pwm before sending the move key/protocol command; e=stop.,7.05035,18.71991,0,0,0,0.12307,0.12674,5.08871,6.41687,-0.33904,5.5934,6.5001,6.4169,0.78023,18,-0.0297,9,0,125.67843,46.93857,0.3338,0.2944,2,False,running
027eea92b7,formation_7_adaptive_split,110,22.0,1784484000,adaptive_clusters,finish_first,r01,r01,True,upper,member,local,3,3,6.93034,-0.99132,0.0334,0.3116,0.0,820,820,30,54,0,0,0000,---,False,0.31143,0.01041,0.3116,0.0,7.39205,-0.97589,cached_path_to_final_target,w,"$1,0,0,0,0,0,0,0,0#",16000,16000,Set tank.c app_speed/duty level to the logged pwm before sending the move key/protocol command; e=stop.,6.95535,18.57998,0,2,0,0.53168,0.05246,5.17287,6.47075,-0.32417,5.5387,6.556,6.4707,0.77785,18,-0.0297,9,0,126.834,47.36445,0.3042,0.2941,2,False,running
027eea92b7,formation_7_adaptive_split,110,22.0,1784484000,adaptive_clusters,finish_first,r02,r02,True,upper,member,local,3,3,6.50934,-0.98452,0.00531,0.3116,-0.0,820,820,22,94,0,0,0000,---,False,0.3116,0.00165,0.3116,-0.0,6.9713,-0.98207,cached_path_to_final_target,w,"$1,0,0,0,0,0,0,0,0#",16000,16000,Set tank.c app_speed/duty level to the logged pwm before sending the move key/protocol command; e=stop.,6.89967,18.44891,0,0,0,0.54167,0.06371,5.4407,6.47075,-0.32417,5.5387,6.556,6.4707,0.77785,18,-0.0297,9,0,126.834,47.36445,0.3042,0.2941,2,False,running
027eea92b7,formation_7_adaptive_split,110,22.0,1784484000,adaptive_clusters,finish_first,r03,r03,True,center,member,local,3,3,7.1609,-0.00274,1.10023,0.37621,-0.39576,1000,907,-98,29,0,0,0110,---,False,0.19301,0.32734,0.37621,-0.39576,7.61945,0.11073,cached_path_to_final_target,d,"$4,0,0,0,0,0,0,0,0#",20000,18000,Set tank.c app_speed/duty level to the logged pwm before sending the move key/protocol command; e=stop.,7.24485,19.19174,0,2,0,0.15035,0.05246,5.11389,6.47075,-0.32417,5.5387,6.556,6.4707,0.77785,18,-0.0297,9,0,126.834,47.36445,0.3042,0.2941,2,False,running
027eea92b7,formation_7_adaptive_split,110,22.0,1784484000,adaptive_clusters,finish_first,r04,r04,True,upper,member,local,3,3,5.42525,-0.67199,0.38105,0.30135,-0.72024,945,641,34,84,0,0,0000,---,False,0.30049,0.08247,0.30135,-0.72024,5.75104,-0.58963,cached_path_to_final_target,d,"$4,0,0,0,0,0,0,0,0#",19000,13000,Set tank.c app_speed/duty level to the logged pwm before sending the move key/protocol command; e=stop.,6.12002,16.61905,9,2,0,0.26511,-0.02968,6.32862,6.47075,-0.32417,5.5387,6.556,6.4707,0.77785,18,-0.0297,9,0,126.834,47.36445,0.3042,0.2941,2,False,running
027eea92b7,formation_7_adaptive_split,110,22.0,1784484000,adaptive_clusters,finish_first,r05,r05,True,upper,member,local,3,3,5.85624,-0.42014,0.05037,0.29416,-1.10512,1000,541,66,48,0,0,0000,---,False,0.34788,-0.15289,0.29416,-1.10512,6.30269,-0.28293,cached_path_to_final_target,d,"$4,0,0,0,0,0,0,0,0#",20000,11000,Set tank.c app_speed/duty level to the logged pwm before sending the move key/protocol command; e=stop.,6.19199,16.78717,9,4,0,0.25181,-0.02968,6.25043,6.47075,-0.32417,5.5387,6.556,6.4707,0.77785,18,-0.0297,9,0,126.834,47.36445,0.3042,0.2941,2,False,running
027eea92b7,formation_7_adaptive_split,110,22.0,1784484000,adaptive_clusters,finish_first,r06,r06,True,upper,member,local,3,3,6.88032,-0.2595,0.44117,0.15786,0.19044,375,456,109,43,0,0,0000,---,False,0.09718,0.0495,0.15786,0.19044,7.31994,-0.03452,cached_path_to_final_target,w,"$1,0,0,0,0,0,0,0,0#",8000,9000,Set tank.c app_speed/duty level to the logged pwm before sending the move key/protocol command; e=stop.,6.82689,18.29438,0,2,0,0.11988,0.04777,5.59546,6.47075,-0.32417,5.5387,6.556,6.4707,0.77785,18,-0.0297,9,0,126.834,47.36445,0.3042,0.2941,2,False,running
027eea92b7,formation_7_adaptive_split,110,22.0,1784484000,adaptive_clusters,finish_first,r07,r07,True,center,member,local,3,3,6.53284,1.06099,-0.05726,0.37661,-0.37443,1000,912,-115,22,0,0,0000,---,False,0.37744,-0.04402,0.37661,-0.37443,6.97276,0.99982,cached_path_to_final_target,d,"$4,0,0,0,0,0,0,0,0#",20000,18000,Set tank.c app_speed/duty level to the logged pwm before sending the move key/protocol command; e=stop.,7.12567,18.91278,0,0,0,0.12307,0.12674,5.01353,6.47075,-0.32417,5.5387,6.556,6.4707,0.77785,18,-0.0297,9,0,126.834,47.36445,0.3042,0.2941,2,False,running
027eea92b7,formation_7_adaptive_split,111,22.2,1784484200,adaptive_clusters,finish_first,r01,r01,True,upper,member,local,3,3,6.99262,-0.98924,0.0334,0.3116,0.0,820,820,32,48,0,0,0000,---,False,0.31143,0.01041,0.3116,0.0,7.45434,-0.97381,cached_path_to_final_target,w,"$1,0,0,0,0,0,0,0,0#",16000,16000,Set tank.c app_speed/duty level to the logged pwm before sending the move key/protocol command; e=stop.,7.01767,18.74522,0,2,0,0.48333,0.05246,5.11066,6.52885,-0.30945,5.4799,6.6159,6.5289,0.77702,18,-0.0297,9,0,128.04334,47.81569,0.3223,0.2941,2,False,running
027eea92b7,formation_7_adaptive_split,111,22.2,1784484200,adaptive_clusters,finish_first,r02,r02,True,upper,member,local,3,3,6.57166,-0.98419,0.00531,0.3116,-0.0,820,820,23,88,0,0,0000,---,False,0.3116,0.00165,0.3116,-0.0,7.03362,-0.98174,cached_path_to_final_target,w,"$1,0,0,0,0,0,0,0,0#",16000,16000,Set tank.c app_speed/duty level to the logged pwm before sending the move key/protocol command; e=stop.,6.96199,18.61416,0,0,0,0.54167,0.06371,5.37901,6.52885,-0.30945,5.4799,6.6159,6.5289,0.77702,18,-0.0297,9,0,128.04334,47.81569,0.3223,0.2941,2,False,running
027eea92b7,formation_7_adaptive_split,111,22.2,1784484200,adaptive_clusters,finish_first,r03,r03,True,center,member,local,3,3,7.20101,0.06053,1.00573,0.3746,-0.47248,1000,886,-98,29,0,0,1000,---,False,0.22672,0.30495,0.3746,-0.47248,7.67347,0.11093,cached_path_to_final_target,d,"$4,0,0,0,0,0,0,0,0#",20000,18000,Set tank.c app_speed/duty level to the logged pwm before sending the move key/protocol command; e=stop.,7.31977,19.38273,0,2,0,0.15035,0.05246,5.07651,6.52885,-0.30945,5.4799,6.6159,6.5289,0.77702,18,-0.0297,9,0,128.04334,47.81569,0.3223,0.2941,2,False,running
027eea92b7,formation_7_adaptive_split,111,22.2,1784484200,adaptive_clusters,finish_first,r04,r04,True,upper,member,local,3,3,5.48394,-0.65176,0.33192,0.3104,-0.24567,869,765,38,79,0,0,0000,---,False,0.29829,0.09009,0.3104,-0.24567,5.81883,-0.55311,cached_path_to_final_target,d,"$4,0,0,0,0,0,0,0,0#",17000,15000,Set tank.c app_speed/duty level to the logged pwm before sending the move key/protocol command; e=stop.,6.1821,16.78917,9,2,0,0.26511,-0.02968,6.26783,6.52885,-0.30945,5.4799,6.6159,6.5289,0.77702,18,-0.0297,9,0,128.04334,47.81569,0.3223,0.2941,2,False,running
027eea92b7,formation_7_adaptive_split,111,22.2,1784484200,adaptive_clusters,finish_first,r05,r05,True,upper,member,local,3,3,5.91681,-0.41715,0.04934,0.30322,-0.00512,799,797,69,48,0,0,0000,---,False,0.29922,0.08697,0.30322,-0.00512,6.36114,-0.27339,cached_path_to_final_target,w,"$1,0,0,0,0,0,0,0,0#",16000,16000,Set tank.c app_speed/duty level to the logged pwm before sending the move key/protocol command; e=stop.,6.25264,16.9597,9,4,0,0.25181,-0.02968,6.18984,6.52885,-0.30945,5.4799,6.6159,6.5289,0.77702,18,-0.0297,9,0,128.04334,47.81569,0.3223,0.2941,2,False,running
027eea92b7,formation_7_adaptive_split,111,22.2,1784484200,adaptive_clusters,finish_first,r06,r06,True,upper,member,local,3,3,6.92831,-0.23568,0.46089,0.26786,0.0986,684,726,110,45,0,0,0000,---,False,0.33769,0.17426,0.26786,0.0986,7.35613,-0.01741,cached_path_to_final_target,w,"$1,0,0,0,0,0,0,0,0#",14000,15000,Set tank.c app_speed/duty level to the logged pwm before sending the move key/protocol command; e=stop.,6.88046,18.44617,0,2,0,0.11988,0.04777,5.54593,6.52885,-0.30945,5.4799,6.6159,6.5289,0.77702,18,-0.0297,9,0,128.04334,47.81569,0.3223,0.2941,2,False,running
027eea92b7,formation_7_adaptive_split,111,22.2,1784484200,adaptive_clusters,finish_first,r07,r07,True,center,member,local,3,3,6.6076,1.05133,-0.12855,0.37693,-0.35644,1000,917,-117,22,0,0,0000,---,False,0.37355,-0.06973,0.37693,-0.35644,7.04783,0.99718,cached_path_to_final_target,d,"$4,0,0,0,0,0,0,0,0#",20000,18000,Set tank.c app_speed/duty level to the logged pwm before sending the move key/protocol command; e=stop.,7.20106,19.1062,0,0,0,0.12307,0.12674,4.93815,6.52885,-0.30945,5.4799,6.6159,6.5289,0.77702,18,-0.0297,9,0,128.04334,47.81569,0.3223,0.2941,2,False,running
027eea92b7,formation_7_adaptive_split,112,22.4,1784484400,adaptive_clusters,finish_first,r01,r01,True,upper,member,local,3,3,7.05491,-0.98716,0.0334,0.3116,0.0,820,820,34,43,0,0,0000,---,False,0.31143,0.01041,0.3116,0.0,7.51662,-0.97173,cached_path_to_final_target,w,"$1,0,0,0,0,0,0,0,0#",16000,16000,Set tank.c app_speed/duty level to the logged pwm before sending the move key/protocol command; e=stop.,7.07999,18.91047,0,2,0,0.42723,0.05246,5.04845,6.59177,-0.29651,5.4164,6.6801,6.5918,0.77742,17,-0.0297,9,0,129.319,48.29921,0.3454,0.2943,2,False,running
027eea92b7,formation_7_adaptive_split,112,22.4,1784484400,adaptive_clusters,finish_first,r02,r02,True,upper,member,local,3,3,6.63398,-0.98386,0.00531,0.3116,-0.0,820,820,24,82,0,0,0000,---,False,0.3116,0.00165,0.3116,-0.0,7.09594,-0.98141,cached_path_to_final_target,w,"$1,0,0,0,0,0,0,0,0#",16000,16000,Set tank.c app_speed/duty level to the logged pwm before sending the move key/protocol command; e=stop.,7.02431,18.7794,0,0,0,0.54167,0.06371,5.31734,6.59177,-0.29651,5.4164,6.6801,6.5918,0.77742,17,-0.0297,9,0,129.319,48.29921,0.3454,0.2943,2,False,running
027eea92b7,formation_7_adaptive_split,112,22.4,1784484400,adaptive_clusters,finish_first,r03,r03,True,center,member,local,3,3,7.24715,0.1194,0.90603,0.37399,-0.49854,1000,879,-98,29,0,0,0000,---,False,0.2571,0.27982,0.37399,-0.49854,7.7257,0.10863,cached_path_to_final_target,d,"$4,0,0,0,0,0,0,0,0#",20000,18000,Set tank.c app_speed/duty level to the logged pwm before sending the move key/protocol command; e=stop.,7.39456,19.57243,0,2,0,0.15035,0.05246,5.03367,6.59177,-0.29651,5.4164,6.6801,6.5918,0.77742,17,-0.0297,9,0,129.319,48.29921,0.3454,0.2943,2,False,running
027eea92b7,formation_7_adaptive_split,112,22.4,1784484400,adaptive_clusters,finish_first,r04,r04,True,upper,member,local,3,3,5.54304,-0.63201,0.32254,0.31156,-0.04691,830,810,40,75,0,0,0000,---,False,0.29625,0.09659,0.31156,-0.04691,5.88831,-0.51992,cached_path_to_final_target,w,"$1,0,0,0,0,0,0,0,0#",17000,16000,Set tank.c app_speed/duty level to the logged pwm before sending the move key/protocol command; e=stop.,6.24441,16.95649,9,2,0,0.26511,-0.02968,6.20672,6.59177,-0.29651,5.4164,6.6801,6.5918,0.77742,17,-0.0297,9,0,129.319,48.29921,0.3454,0.2943,2,False,running
027eea92b7,formation_7_adaptive_split,112,22.4,1784484400,adaptive_clusters,finish_first,r05,r05,True,upper,member,local,3,3,5.98666,-0.42842,-0.16,0.35376,-1.04672,1000,711,86,49,0,0,0000,---,False,0.36017,-0.12115,0.35376,-1.04672,6.42031,-0.26576,cached_path_to_final_target,d,"$4,0,0,0,0,0,0,0,0#",20000,14000,Set tank.c app_speed/duty level to the logged pwm before sending the move key/protocol command; e=stop.,6.32339,17.14668,9,4,0,0.25181,-0.02968,6.12131,6.59177,-0.29651,5.4164,6.6801,6.5918,0.77742,17,-0.0297,9,0,129.319,48.29921,0.3454,0.2943,2,False,running
027eea92b7,formation_7_adaptive_split,112,22.4,1784484400,adaptive_clusters,finish_first,r06,r06,True,upper,member,local,3,3,6.99502,-0.20017,0.48903,0.37786,0.14072,965,1000,-45,42,0,0,0000,---,False,0.33143,0.18589,0.37786,0.14072,7.40046,0.00462,cached_path_to_final_target,w,"$1,0,0,0,0,0,0,0,0#",19000,20000,Set tank.c app_speed/duty level to the logged pwm before sending the move key/protocol command; e=stop.,6.95604,18.6534,0,2,0,0.11988,0.04777,5.47705,6.59177,-0.29651,5.4164,6.6801,6.5918,0.77742,17,-0.0297,9,0,129.319,48.29921,0.3454,0.2943,2,False,running
027eea92b7,formation_7_adaptive_split,112,22.4,1784484400,adaptive_clusters,finish_first,r07,r07,True,center,member,local,3,3,6.68161,1.03663,-0.19607,0.37724,-0.33761,1000,922,-118,23,0,0,0000,---,False,0.36827,-0.09369,0.37724,-0.33761,7.12269,0.98969,cached_path_to_final_target,d,"$4,0,0,0,0,0,0,0,0#",20000,18000,Set tank.c app_speed/duty level to the logged pwm before sending the move key/protocol command; e=stop.,7.2765,19.30012,0,0,0,0.12307,0.12674,4.86293,6.59177,-0.29651,5.4164,6.6801,6.5918,0.77742,17,-0.0297,9,0,129.319,48.29921,0.3454,0.2943,2,False,running
027eea92b7,formation_7_adaptive_split,113,22.6,1784484600,adaptive_clusters,finish_first,r01,r01,True,upper,member,local,3,3,7.11719,-0.98508,0.0334,0.3116,0.0,820,820,36,37,0,0,0000,---,False,0.31143,0.01041,0.3116,0.0,7.57891,-0.96965,path_to_final_target,w,"$1,0,0,0,0,0,0,0,0#",16000,16000,Set tank.c app_speed/duty level to the logged pwm before sending the move key/protocol command; e=stop.,7.14231,19.07572,0,2,0,0.37266,0.05246,4.98624,6.65235,-0.28531,5.3553,6.7417,6.6524,0.77563,17,-0.0297,9,0,130.57149,48.76833,0.3351,0.2944,2,False,running
027eea92b7,formation_7_adaptive_split,113,22.6,1784484600,adaptive_clusters,finish_first,r02,r02,True,upper,member,local,3,3,6.6963,-0.98353,0.00531,0.3116,-0.0,820,820,25,76,0,0,0000,---,False,0.3116,0.00165,0.3116,-0.0,7.15826,-0.98108,path_to_final_target,w,"$1,0,0,0,0,0,0,0,0#",16000,16000,Set tank.c app_speed/duty level to the logged pwm before sending the move key/protocol command; e=stop.,7.08663,18.94465,0,0,0,0.54167,0.06371,5.25568,6.65235,-0.28531,5.3553,6.7417,6.6524,0.77563,17,-0.0297,9,0,130.57149,48.76833,0.3351,0.2944,2,False,running
027eea92b7,formation_7_adaptive_split,113,22.6,1784484600,adaptive_clusters,finish_first,r03,r03,True,center,member,local,3,3,7.29908,0.1731,0.80221,0.37349,-0.51908,1000,874,-97,30,0,0,0000,---,False,0.28553,0.25075,0.37349,-0.51908,7.7757,0.09261,path_to_final_target,d,"$4,0,0,0,0,0,0,0,0#",20000,17000,Set tank.c app_speed/duty level to the logged pwm before sending the move key/protocol command; e=stop.,7.46926,19.76157,0,2,0,0.15035,0.05246,4.98545,6.65235,-0.28531,5.3553,6.7417,6.6524,0.77563,17,-0.0297,9,0,130.57149,48.76833,0.3351,0.2944,2,False,running
027eea92b7,formation_7_adaptive_split,113,22.6,1784484600,adaptive_clusters,finish_first,r04,r04,True,upper,member,local,3,3,5.60206,-0.612,0.32681,0.31159,0.02137,815,824,42,71,0,0,0000,---,False,0.29477,0.10102,0.31159,0.02137,5.95902,-0.48944,path_to_final_target,w,"$1,0,0,0,0,0,0,0,0#",16000,16000,Set tank.c app_speed/duty level to the logged pwm before sending the move key/protocol command; e=stop.,6.30673,17.12232,9,2,0,0.26511,-0.02968,6.14568,6.65235,-0.28531,5.3553,6.7417,6.6524,0.77563,17,-0.0297,9,0,130.57149,48.76833,0.3351,0.2944,2,False,running
027eea92b7,formation_7_adaptive_split,113,22.6,1784484600,adaptive_clusters,finish_first,r05,r05,True,upper,member,local,3,3,6.06056,-0.44455,-0.21487,0.37818,-0.27435,1000,937,93,51,0,0,0000,---,False,0.36742,-0.09695,0.37818,-0.27435,6.48266,-0.25766,path_to_final_target,w,"$1,0,0,0,0,0,0,0,0#",20000,19000,Set tank.c app_speed/duty level to the logged pwm before sending the move key/protocol command; e=stop.,6.39902,17.35157,9,4,0,0.25181,-0.02968,6.04928,6.65235,-0.28531,5.3553,6.7417,6.6524,0.77563,17,-0.0297,9,0,130.57149,48.76833,0.3351,0.2944,2,False,running
027eea92b7,formation_7_adaptive_split,113,22.6,1784484600,adaptive_clusters,finish_first,r06,r06,True,upper,member,local,3,3,7.03672,-0.16231,0.73718,0.28163,1.24072,480,1000,-63,38,0,0,0000,---,False,0.12878,0.35751,0.28163,1.24072,7.46081,0.03538,path_to_final_target,a,"$3,0,0,0,0,0,0,0,0#",10000,20000,Set tank.c app_speed/duty level to the logged pwm before sending the move key/protocol command; e=stop.,7.01236,18.82123,0,2,0,0.11988,0.04777,5.43318,6.65235,-0.28531,5.3553,6.7417,6.6524,0.77563,17,-0.0297,9,0,130.57149,48.76833,0.3351,0.2944,2,False,running
027eea92b7,formation_7_adaptive_split,113,22.6,1784484600,adaptive_clusters,finish_first,r07,r07,True,center,member,local,3,3,6.75458,1.01722,-0.25987,0.37754,-0.31901,1000,926,-119,25,0,0,0000,---,False,0.36189,-0.11592,0.37754,-0.31901,7.19701,0.97761,path_to_final_target,w,"$1,0,0,0,0,0,0,0,0#",20000,19000,Set tank.c app_speed/duty level to the logged pwm before sending the move key/protocol command; e=stop.,7.35201,19.49444,0,0,0,0.12307,0.12674,4.78821,6.65235,-0.28531,5.3553,6.7417,6.6524,0.77563,17,-0.0297,9,0,130.57149,48.76833,0.3351,0.2944,2,False,running
027eea92b7,formation_7_adaptive_split,114,22.8,1784484800,adaptive_clusters,finish_first,r01,r01,True,upper,member,local,3,3,7.17948,-0.983,0.0334,0.3116,0.0,820,820,39,32,0,0,0000,---,False,0.31143,0.01041,0.3116,0.0,7.64119,-0.96757,cached_path_to_final_target,w,"$1,0,0,0,0,0,0,0,0#",16000,16000,Set tank.c app_speed/duty level to the logged pwm before sending the move key/protocol command; e=stop.,7.20463,19.24096,0,2,0,0.3202,0.05246,4.92404,6.71159,-0.27596,5.2956,6.8017,6.7116,0.76887,18,-0.0297,9,0,131.79328,49.22836,0.3286,0.2944,2,False,running
027eea92b7,formation_7_adaptive_split,114,22.8,1784484800,adaptive_clusters,finish_first,r02,r02,True,upper,member,local,3,3,6.75862,-0.9832,0.00531,0.3116,-0.0,820,820,27,70,0,0,0000,---,False,0.3116,0.00165,0.3116,-0.0,7.22058,-0.98074,cached_path_to_final_target,w,"$1,0,0,0,0,0,0,0,0#",16000,16000,Set tank.c app_speed/duty level to the logged pwm before sending the move key/protocol command; e=stop.,7.14895,19.1099,0,0,0,0.54167,0.06371,5.19404,6.71159,-0.27596,5.2956,6.8017,6.7116,0.76887,18,-0.0297,9,0,131.79328,49.22836,0.3286,0.2944,2,False,running
027eea92b7,formation_7_adaptive_split,114,22.8,1784484800,adaptive_clusters,finish_first,r03,r03,True,center,member,local,3,3,7.34586,0.19736,0.47839,0.26349,-1.61908,1000,353,-82,30,0,0,0000,---,False,0.31009,-0.03061,0.26349,-1.61908,7.82675,0.12101,cached_path_to_final_target,d,"$4,0,0,0,0,0,0,0,0#",20000,7000,Set tank.c app_speed/duty level to the logged pwm before sending the move key/protocol command; e=stop.,7.52196,19.91773,0,2,0,0.15035,0.05246,4.94062,6.71159,-0.27596,5.2956,6.8017,6.7116,0.76887,18,-0.0297,9,0,131.79328,49.22836,0.3286,0.2944,2,False,running
027eea92b7,formation_7_adaptive_split,114,22.8,1784484800,adaptive_clusters,finish_first,r04,r04,True,upper,member,local,3,3,5.66093,-0.59159,0.33367,0.31158,0.03431,813,827,44,68,0,0,0000,---,False,0.29386,0.10364,0.31158,0.03431,6.03053,-0.46089,cached_path_to_final_target,w,"$1,0,0,0,0,0,0,0,0#",16000,17000,Set tank.c app_speed/duty level to the logged pwm before sending the move key/protocol command; e=stop.,6.36905,17.2877,9,2,0,0.26511,-0.02968,6.08476,6.71159,-0.27596,5.2956,6.8017,6.7116,0.76887,18,-0.0297,9,0,131.79328,49.22836,0.3286,0.2944,2,False,running
027eea92b7,formation_7_adaptive_split,114,22.8,1784484800,adaptive_clusters,finish_first,r05,r05,True,upper,member,local,3,3,6.13501,-0.45968,-0.20053,0.37988,0.07171,985,1000,97,52,0,0,0000,---,False,0.37321,-0.07149,0.37988,0.07171,6.55015,-0.25801,cached_path_to_final_target,w,"$1,0,0,0,0,0,0,0,0#",20000,20000,Set tank.c app_speed/duty level to the logged pwm before sending the move key/protocol command; e=stop.,6.475,17.55518,9,4,0,0.25181,-0.02968,5.97669,6.71159,-0.27596,5.2956,6.8017,6.7116,0.76887,18,-0.0297,9,0,131.79328,49.22836,0.3286,0.2944,2,False,running
027eea92b7,formation_7_adaptive_split,114,22.8,1784484800,adaptive_clusters,finish_first,r06,r06,True,upper,member,local,3,3,7.07494,-0.10506,0.98219,0.34421,1.22507,648,1000,-82,34,0,0,0000,---,False,0.14661,0.35058,0.34421,1.22507,7.51205,0.0631,cached_path_to_final_target,a,"$3,0,0,0,0,0,0,0,0#",13000,20000,Set tank.c app_speed/duty level to the logged pwm before sending the move key/protocol command; e=stop.,7.0812,18.99257,0,2,0,0.11988,0.04777,5.39211,6.71159,-0.27596,5.2956,6.8017,6.7116,0.76887,18,-0.0297,9,0,131.79328,49.22836,0.3286,0.2944,2,False,running
027eea92b7,formation_7_adaptive_split,114,22.8,1784484800,adaptive_clusters,finish_first,r07,r07,True,center,member,local,3,3,6.8263,0.99345,-0.32009,0.3778,-0.30112,1000,931,-121,27,0,0,0000,---,False,0.35464,-0.1365,0.3778,-0.30112,7.27048,0.96127,cached_path_to_final_target,w,"$1,0,0,0,0,0,0,0,0#",20000,19000,Set tank.c app_speed/duty level to the logged pwm before sending the move key/protocol command; e=stop.,7.42757,19.68925,0,0,0,0.12307,0.12674,4.71426,6.71159,-0.27596,5.2956,6.8017,6.7116,0.76887,18,-0.0297,9,0,131.79328,49.22836,0.3286,0.2944,2,False,running
027eea92b7,formation_7_adaptive_split,115,23.0,1784485000,adaptive_clusters,finish_first,r01,r01,True,upper,member,local,3,3,7.24176,-0.98091,0.0334,0.3116,0.0,820,820,42,27,0,0,0000,---,False,0.31143,0.01041,0.3116,0.0,7.70348,-0.96549,cached_path_to_final_target,w,"$1,0,0,0,0,0,0,0,0#",16000,16000,Set tank.c app_speed/duty level to the logged pwm before sending the move key/protocol command; e=stop.,7.26695,19.40621,0,2,0,0.27071,0.05246,4.86184,6.77129,-0.26783,5.2356,6.862,6.7713,0.76088,18,-0.0297,9,0,133.02412,49.69438,0.3329,0.2944,2,False,running
027eea92b7,formation_7_adaptive_split,115,23.0,1784485000,adaptive_clusters,finish_first,r02,r02,True,upper,member,local,3,3,6.82094,-0.98287,0.00531,0.3116,-0.0,820,820,28,64,0,0,0000,---,False,0.3116,0.00165,0.3116,-0.0,7.2829,-0.98041,cached_path_to_final_target,w,"$1,0,0,0,0,0,0,0,0#",16000,16000,Set tank.c app_speed/duty level to the logged pwm before sending the move key/protocol command; e=stop.,7.21127,19.27514,0,0,0,0.54167,0.06371,5.13241,6.77129,-0.26783,5.2356,6.862,6.7713,0.76088,18,-0.0297,9,0,133.02412,49.69438,0.3329,0.2944,2,False,running
027eea92b7,formation_7_adaptive_split,115,23.0,1784485000,adaptive_clusters,finish_first,r03,r03,True,center,member,local,3,3,7.39743,0.20539,0.15456,0.26094,-1.61917,1000,346,-67,29,0,0,0000,---,False,0.31005,-0.03107,0.26094,-1.61917,7.87465,0.14437,cached_path_to_final_target,d,"$4,0,0,0,0,0,0,0,0#",20000,7000,Set tank.c app_speed/duty level to the logged pwm before sending the move key/protocol command; e=stop.,7.57415,20.05358,0,2,0,0.15035,0.05246,4.88986,6.77129,-0.26783,5.2356,6.862,6.7713,0.76088,18,-0.0297,9,0,133.02412,49.69438,0.3329,0.2944,2,False,running
027eea92b7,formation_7_adaptive_split,115,23.0,1784485000,adaptive_clusters,finish_first,r04,r04,True,upper,member,local,3,3,5.7197,-0.57085,0.3393,0.31158,0.02816,814,826,45,65,0,0,0000,---,False,0.29337,0.10501,0.31158,0.02816,6.10251,-0.43354,cached_path_to_final_target,w,"$1,0,0,0,0,0,0,0,0#",16000,17000,Set tank.c app_speed/duty level to the logged pwm before sending the move key/protocol command; e=stop.,6.43136,17.45301,9,2,0,0.26511,-0.02968,6.02394,6.77129,-0.26783,5.2356,6.862,6.7713,0.76088,18,-0.0297,9,0,133.02412,49.69438,0.3329,0.2944,2,False,running
027eea92b7,formation_7_adaptive_split,115,23.0,1784485000,adaptive_clusters,finish_first,r05,r05,True,upper,member,local,3,3,6.20985,-0.47151,-0.15678,0.37884,0.21876,951,1000,100,54,0,0,0000,---,False,0.37716,-0.0464,0.37884,0.21876,6.61917,-0.25976,cached_path_to_final_target,w,"$1,0,0,0,0,0,0,0,0#",19000,20000,Set tank.c app_speed/duty level to the logged pwm before sending the move key/protocol command; e=stop.,6.55077,17.75335,9,4,0,0.25181,-0.02968,5.90345,6.77129,-0.26783,5.2356,6.862,6.7713,0.76088,18,-0.0297,9,0,133.02412,49.69438,0.3329,0.2944,2,False,running
027eea92b7,formation_7_adaptive_split,115,23.0,1784485000,adaptive_clusters,finish_first,r06,r06,True,upper,member,local,3,3,7.11274,-0.0397,1.04641,0.3775,0.32109,926,1000,-91,32,0,0,0011,---,False,0.17343,0.33812,0.3775,0.32109,7.56349,0.09036,cached_path_to_final_target,w,"$1,0,0,0,0,0,0,0,0#",19000,20000,Set tank.c app_speed/duty level to the logged pwm before sending the move key/protocol command; e=stop.,7.1567,19.19838,0,2,0,0.11988,0.04777,5.35174,6.77129,-0.26783,5.2356,6.862,6.7713,0.76088,18,-0.0297,9,0,133.02412,49.69438,0.3329,0.2944,2,False,running
027eea92b7,formation_7_adaptive_split,115,23.0,1784485000,adaptive_clusters,finish_first,r07,r07,True,center,member,local,3,3,6.8966,0.96562,-0.37692,0.37805,-0.28412,1000,935,-122,31,0,0,0000,---,False,0.34673,-0.15549,0.37805,-0.28412,7.34287,0.94098,cached_path_to_final_target,w,"$1,0,0,0,0,0,0,0,0#",20000,19000,Set tank.c app_speed/duty level to the logged pwm before sending the move key/protocol command; e=stop.,7.50318,19.88445,0,0,0,0.12307,0.12674,4.64135,6.77129,-0.26783,5.2356,6.862,6.7713,0.76088,18,-0.0297,9,0,133.02412,49.69438,0.3329,0.2944,2,False,running
027eea92b7,formation_7_adaptive_split,116,23.2,1784485200,adaptive_clusters,finish_first,r01,r01,True,upper,member,local,3,3,7.30405,-0.97883,0.0334,0.3116,0.0,820,820,45,23,0,0,0000,---,False,0.31143,0.01041,0.3116,0.0,7.76576,-0.96341,cached_path_to_final_target,w,"$1,0,0,0,0,0,0,0,0#",16000,16000,Set tank.c app_speed/duty level to the logged pwm before sending the move key/protocol command; e=stop.,7.32927,19.57146,0,2,0,0.22551,0.05246,4.79964,6.83086,-0.25805,5.1756,6.9223,6.8309,0.75728,18,-0.0297,9,0,134.26768,50.15315,0.3277,0.2944,2,False,running
027eea92b7,formation_7_adaptive_split,116,23.2,1784485200,adaptive_clusters,finish_first,r02,r02,True,upper,member,local,3,3,6.88325,-0.98253,0.00531,0.3116,-0.0,820,820,30,58,0,0,0000,---,False,0.3116,0.00165,0.3116,-0.0,7.34522,-0.98008,cached_path_to_final_target,w,"$1,0,0,0,0,0,0,0,0#",16000,16000,Set tank.c app_speed/duty level to the logged pwm before sending the move key/protocol command; e=stop.,7.27359,19.44039,0,0,0,0.54167,0.06371,5.0708,6.83086,-0.25805,5.1756,6.9223,6.8309,0.75728,18,-0.0297,9,0,134.26768,50.15315,0.3277,0.2944,2,False,running
027eea92b7,formation_7_adaptive_split,116,23.2,1784485200,adaptive_clusters,finish_first,r03,r03,True,center,member,local,3,3,7.45783,0.20635,0.01579,0.30208,-0.69386,941,649,-63,28,0,0,0000,---,False,0.31025,-0.02901,0.30208,-0.69386,7.92504,0.15605,cached_path_to_final_target,d,"$4,0,0,0,0,0,0,0,0#",19000,13000,Set tank.c app_speed/duty level to the logged pwm before sending the move key/protocol command; e=stop.,7.63456,20.22633,0,2,0,0.15035,0.05246,4.82972,6.83086,-0.25805,5.1756,6.9223,6.8309,0.75728,18,-0.0297,9,0,134.26768,50.15315,0.3277,0.2944,2,False,running
027eea92b7,formation_7_adaptive_split,116,23.2,1784485200,adaptive_clusters,finish_first,r04,r04,True,upper,member,local,3,3,5.77839,-0.54989,0.34299,0.31159,0.01843,816,824,47,62,0,0,0000,---,False,0.29315,0.10564,0.31159,0.01843,6.17474,-0.40686,cached_path_to_final_target,w,"$1,0,0,0,0,0,0,0,0#",16000,16000,Set tank.c app_speed/duty level to the logged pwm before sending the move key/protocol command; e=stop.,6.49368,17.61835,9,2,0,0.26511,-0.02968,5.96321,6.83086,-0.25805,5.1756,6.9223,6.8309,0.75728,18,-0.0297,9,0,134.26768,50.15315,0.3277,0.2944,2,False,running
027eea92b7,formation_7_adaptive_split,116,23.2,1784485200,adaptive_clusters,finish_first,r05,r05,True,upper,member,local,3,3,6.28509,-0.47915,-0.10115,0.37813,0.27814,937,1000,101,54,0,0,0000,---,False,0.37937,-0.02182,0.37813,0.27814,6.68868,-0.25965,cached_path_to_final_target,w,"$1,0,0,0,0,0,0,0,0#",19000,20000,Set tank.c app_speed/duty level to the logged pwm before sending the move key/protocol command; e=stop.,6.62639,17.94921,9,4,0,0.25181,-0.02968,5.82943,6.83086,-0.25805,5.1756,6.9223,6.8309,0.75728,18,-0.0297,9,0,134.26768,50.15315,0.3277,0.2944,2,False,running
027eea92b7,formation_7_adaptive_split,116,23.2,1784485200,adaptive_clusters,finish_first,r06,r06,True,center,member,local,3,3,7.15236,0.02507,1.0218,0.37963,-0.12302,1000,973,-95,31,0,0,0100,---,False,0.20452,0.32027,0.37963,-0.12302,7.61731,0.10839,cached_path_to_final_target,w,"$1,0,0,0,0,0,0,0,0#",20000,19000,Set tank.c app_speed/duty level to the logged pwm before sending the move key/protocol command; e=stop.,7.23263,19.40181,0,2,0,0.11988,0.04777,5.31033,6.83086,-0.25805,5.1756,6.9223,6.8309,0.75728,18,-0.0297,9,0,134.26768,50.15315,0.3277,0.2944,2,False,running
027eea92b7,formation_7_adaptive_split,116,23.2,1784485200,adaptive_clusters,finish_first,r07,r07,True,center,member,local,3,3,6.95502,0.95266,-0.21826,0.29918,0.79329,620,954,-134,35,0,0,0000,---,False,0.31024,-0.02912,0.29918,0.79329,7.41398,0.91705,cached_path_to_final_target,a,"$3,0,0,0,0,0,0,0,0#",12000,19000,Set tank.c app_speed/duty level to the logged pwm before sending the move key/protocol command; e=stop.,7.56302,20.06013,0,0,0,0.12307,0.12674,4.58189,6.83086,-0.25805,5.1756,6.9223,6.8309,0.75728,18,-0.0297,9,0,134.26768,50.15315,0.3277,0.2944,2,False,running
027eea92b7,formation_7_adaptive_split,117,23.4,1784485400,adaptive_clusters,finish_first,r01,r01,True,upper,member,local,3,3,7.36633,-0.97675,0.0334,0.3116,0.0,820,820,49,19,0,0,0000,---,False,0.31143,0.01041,0.3116,0.0,7.82805,-0.96133,path_to_final_target,w,"$1,0,0,0,0,0,0,0,0#",16000,16000,Set tank.c app_speed/duty level to the logged pwm before sending the move key/protocol command; e=stop.,7.39159,19.7367,0,2,0,0.18656,0.05246,4.73744,6.89161,-0.25013,5.1145,6.9836,6.8916,0.75513,19,-0.0297,9,0,135.48253,50.59871,0.3183,0.2945,2,False,running
027eea92b7,formation_7_adaptive_split,117,23.4,1784485400,adaptive_clusters,finish_first,r02,r02,True,upper,member,local,3,3,6.94557,-0.9822,0.00531,0.3116,-0.0,820,820,32,52,0,0,0000,---,False,0.3116,0.00165,0.3116,-0.0,7.40754,-0.97975,path_to_final_target,w,"$1,0,0,0,0,0,0,0,0#",16000,16000,Set tank.c app_speed/duty level to the logged pwm before sending the move key/protocol command; e=stop.,7.33591,19.60563,0,0,0,0.52293,0.06371,5.00921,6.89161,-0.25013,5.1145,6.9836,6.8916,0.75513,19,-0.0297,9,0,135.48253,50.59871,0.3183,0.2945,2,False,running
027eea92b7,formation_7_adaptive_split,117,23.4,1784485400,adaptive_clusters,finish_first,r03,r03,True,center,member,local,3,3,7.52476,0.21286,0.09702,0.33623,0.40614,799,970,-73,28,0,0,0000,---,False,0.33339,0.18234,0.33623,0.40614,7.98241,0.15976,path_to_final_target,a,"$3,0,0,0,0,0,0,0,0#",16000,19000,Set tank.c app_speed/duty level to the logged pwm before sending the move key/protocol command; e=stop.,7.70181,20.41831,0,2,0,0.15035,0.05246,4.76357,6.89161,-0.25013,5.1145,6.9836,6.8916,0.75513,19,-0.0297,9,0,135.48253,50.59871,0.3183,0.2945,2,False,running
027eea92b7,formation_7_adaptive_split,117,23.4,1784485400,adaptive_clusters,finish_first,r04,r04,True,upper,member,local,3,3,5.83703,-0.52881,0.34509,0.3116,0.0105,818,822,50,59,0,0,0000,---,False,0.29306,0.10589,0.3116,0.0105,6.2471,-0.38053,path_to_final_target,w,"$1,0,0,0,0,0,0,0,0#",16000,16000,Set tank.c app_speed/duty level to the logged pwm before sending the move key/protocol command; e=stop.,6.556,17.78368,9,2,0,0.26511,-0.02968,5.90253,6.89161,-0.25013,5.1145,6.9836,6.8916,0.75513,19,-0.0297,9,0,135.48253,50.59871,0.3183,0.2945,2,False,running
027eea92b7,formation_7_adaptive_split,117,23.4,1784485400,adaptive_clusters,finish_first,r05,r05,True,upper,member,local,3,3,6.36059,-0.48226,-0.04119,0.37782,0.29981,931,1000,102,55,0,0,0000,---,False,0.37999,0.00225,0.37782,0.29981,6.75844,-0.25624,path_to_final_target,w,"$1,0,0,0,0,0,0,0,0#",19000,20000,Set tank.c app_speed/duty level to the logged pwm before sending the move key/protocol command; e=stop.,6.70196,18.14407,9,4,0,0.25181,-0.02968,5.7547,6.89161,-0.25013,5.1145,6.9836,6.8916,0.75513,19,-0.0297,9,0,135.48253,50.59871,0.3183,0.2945,2,False,running
027eea92b7,formation_7_adaptive_split,117,23.4,1784485400,adaptive_clusters,finish_first,r06,r06,True,center,member,local,3,3,7.19081,0.06289,0.7772,0.26963,-1.22302,967,452,-85,30,0,0,1100,---,False,0.31064,0.02445,0.26963,-1.22302,7.6772,0.06639,path_to_final_target,d,"$4,0,0,0,0,0,0,0,0#",19000,9000,Set tank.c app_speed/duty level to the logged pwm before sending the move key/protocol command; e=stop.,7.28656,19.56459,0,2,0,0.11988,0.04777,5.2712,6.89161,-0.25013,5.1145,6.9836,6.8916,0.75513,19,-0.0297,9,0,135.48253,50.59871,0.3183,0.2945,2,False,running
027eea92b7,formation_7_adaptive_split,117,23.4,1784485400,adaptive_clusters,finish_first,r07,r07,True,center,member,local,3,3,7.01619,0.94336,-0.15097,0.30935,0.33642,743,885,-140,40,0,0,0000,---,False,0.3101,-0.03052,0.30935,0.33642,7.47626,0.90136,path_to_final_target,a,"$3,0,0,0,0,0,0,0,0#",15000,18000,Set tank.c app_speed/duty level to the logged pwm before sending the move key/protocol command; e=stop.,7.62489,20.22955,0,0,0,0.12307,0.12674,4.52008,6.89161,-0.25013,5.1145,6.9836,6.8916,0.75513,19,-0.0297,9,0,135.48253,50.59871,0.3183,0.2945,2,False,running
027eea92b7,formation_7_adaptive_split,118,23.6,1784485600,adaptive_clusters,finish_first,r01,r01,True,upper,member,local,3,3,7.42862,-0.97467,0.0334,0.3116,-0.0,820,820,53,16,0,0,0000,---,False,0.31143,0.01041,0.3116,-0.0,7.89033,-0.95924,cached_path_to_final_target,w,"$1,0,0,0,0,0,0,0,0#",16000,16000,Set tank.c app_speed/duty level to the logged pwm before sending the move key/protocol command; e=stop.,7.45391,19.90195,0,2,0,0.15661,0.05246,4.67525,6.95405,-0.24441,5.0519,7.0463,6.954,0.75196,19,-0.0297,9,0,136.67637,51.04848,0.3213,0.2947,2,False,running
027eea92b7,formation_7_adaptive_split,118,23.6,1784485600,adaptive_clusters,finish_first,r02,r02,True,upper,member,local,3,3,7.00789,-0.98187,0.00531,0.3116,0.0,820,820,34,47,0,0,0000,---,False,0.3116,0.00165,0.3116,0.0,7.46986,-0.97942,cached_path_to_final_target,w,"$1,0,0,0,0,0,0,0,0#",16000,16000,Set tank.c app_speed/duty level to the logged pwm before sending the move key/protocol command; e=stop.,7.39823,19.77088,0,0,0,0.46638,0.06371,4.94763,6.95405,-0.24441,5.0519,7.0463,6.954,0.75196,19,-0.0297,9,0,136.67637,51.04848,0.3213,0.2947,2,False,running
027eea92b7,formation_7_adaptive_split,118,23.6,1784485600,adaptive_clusters,finish_first,r03,r03,True,center,member,local,3,3,7.59345,0.2332,0.28784,0.35815,0.95414,742,1000,-90,30,0,0,0000,---,False,0.34416,0.16109,0.35815,0.95414,8.04639,0.16447,cached_path_to_final_target,a,"$3,0,0,0,0,0,0,0,0#",15000,20000,Set tank.c app_speed/duty level to the logged pwm before sending the move key/protocol command; e=stop.,7.77344,20.60117,0,2,0,0.15035,0.05246,4.69691,6.95405,-0.24441,5.0519,7.0463,6.954,0.75196,19,-0.0297,9,0,136.67637,51.04848,0.3213,0.2947,2,False,running
027eea92b7,formation_7_adaptive_split,118,23.6,1784485600,adaptive_clusters,finish_first,r04,r04,True,upper,member,local,3,3,5.89565,-0.50767,0.34617,0.3116,0.00538,819,821,53,57,0,0,0000,---,False,0.29303,0.10597,0.3116,0.00538,6.31951,-0.35433,cached_path_to_final_target,w,"$1,0,0,0,0,0,0,0,0#",16000,16000,Set tank.c app_speed/duty level to the logged pwm before sending the move key/protocol command; e=stop.,6.61832,17.94898,9,2,0,0.26511,-0.02968,5.8419,6.95405,-0.24441,5.0519,7.0463,6.954,0.75196,19,-0.0297,9,0,136.67637,51.04848,0.3213,0.2947,2,False,running
027eea92b7,formation_7_adaptive_split,118,23.6,1784485600,adaptive_clusters,finish_first,r05,r05,True,upper,member,local,3,3,6.43612,-0.48076,0.01988,0.37774,0.30533,930,1000,103,54,0,0,0000,---,False,0.37913,0.02577,0.37774,0.30533,6.82833,-0.24895,cached_path_to_final_target,w,"$1,0,0,0,0,0,0,0,0#",19000,20000,Set tank.c app_speed/duty level to the logged pwm before sending the move key/protocol command; e=stop.,6.77751,18.33864,9,4,0,0.25181,-0.02968,5.67945,6.95405,-0.24441,5.0519,7.0463,6.954,0.75196,19,-0.0297,9,0,136.67637,51.04848,0.3213,0.2947,2,False,running
027eea92b7,formation_7_adaptive_split,118,23.6,1784485600,adaptive_clusters,finish_first,r06,r06,True,center,member,local,3,3,7.23331,0.07856,0.35331,0.22651,-2.11947,1000,150,-63,28,0,0,1000,---,False,0.31154,0.00631,0.22651,-2.11947,7.7223,0.07365,cached_path_to_final_target,d,"$4,0,0,0,0,0,0,0,0#",20000,4000,Set tank.c app_speed/duty level to the logged pwm before sending the move key/protocol command; e=stop.,7.33186,19.69291,0,2,0,0.11988,0.04777,5.22849,6.95405,-0.24441,5.0519,7.0463,6.954,0.75196,19,-0.0297,9,0,136.67637,51.04848,0.3213,0.2947,2,False,running
027eea92b7,formation_7_adaptive_split,118,23.6,1784485600,adaptive_clusters,finish_first,r07,r07,True,center,member,local,3,3,7.08329,0.92233,-0.30369,0.35162,-0.76358,1000,765,-134,46,0,0,0000,---,False,0.32595,-0.19533,0.35162,-0.76358,7.53779,0.89038,cached_path_to_final_target,d,"$4,0,0,0,0,0,0,0,0#",20000,15000,Set tank.c app_speed/duty level to the logged pwm before sending the move key/protocol command; e=stop.,7.69521,20.42184,0,0,0,0.12307,0.12674,4.45117,6.95405,-0.24441,5.0519,7.0463,6.954,0.75196,19,-0.0297,9,0,136.67637,51.04848,0.3213,0.2947,2,False,running
027eea92b7,formation_7_adaptive_split,119,23.8,1784485800,adaptive_clusters,finish_first,r01,r01,True,upper,member,local,3,3,7.4909,-0.97259,0.0334,0.3116,0.0,820,820,57,14,0,0,0000,---,False,0.31143,0.01041,0.3116,0.0,7.95262,-0.95716,cached_path_to_final_target,w,"$1,0,0,0,0,0,0,0,0#",16000,16000,Set tank.c app_speed/duty level to the logged pwm before sending the move key/protocol command; e=stop.,7.51623,20.06719,0,2,0,0.13891,0.05246,4.61306,7.01891,-0.24001,4.9869,7.1113,7.0189,0.74823,19,-0.0297,9,0,137.92757,51.5187,0.3359,0.2949,2,False,running
027eea92b7,formation_7_adaptive_split,119,23.8,1784485800,adaptive_clusters,finish_first,r02,r02,True,upper,member,local,3,3,7.07021,-0.98154,0.00531,0.3116,0.0,820,820,36,41,0,0,0000,---,False,0.3116,0.00165,0.3116,0.0,7.53218,-0.97909,cached_path_to_final_target,w,"$1,0,0,0,0,0,0,0,0#",16000,16000,Set tank.c app_speed/duty level to the logged pwm before sending the move key/protocol command; e=stop.,7.46055,19.93613,0,0,0,0.41114,0.06371,4.88608,7.01891,-0.24001,4.9869,7.1113,7.0189,0.74823,19,-0.0297,9,0,137.92757,51.5187,0.3359,0.2949,2,False,running
027eea92b7,formation_7_adaptive_split,119,23.8,1784485800,adaptive_clusters,finish_first,r03,r03,True,center,member,local,3,3,7.66513,0.25778,0.33031,0.37891,0.21236,952,1000,-98,32,0,0,0000,---,False,0.35515,0.13517,0.37891,0.21236,8.11348,0.17799,cached_path_to_final_target,w,"$1,0,0,0,0,0,0,0,0#",19000,20000,Set tank.c app_speed/duty level to the logged pwm before sending the move key/protocol command; e=stop.,7.84922,20.80697,0,2,0,0.15035,0.05246,4.62782,7.01891,-0.24001,4.9869,7.1113,7.0189,0.74823,19,-0.0297,9,0,137.92757,51.5187,0.3359,0.2949,2,False,running
027eea92b7,formation_7_adaptive_split,119,23.8,1784485800,adaptive_clusters,finish_first,r04,r04,True,upper,member,local,3,3,5.95427,-0.48649,0.34667,0.3116,0.00254,819,821,55,55,0,0,0000,---,False,0.29302,0.10599,0.3116,0.00254,6.38551,-0.33048,cached_path_to_final_target,w,"$1,0,0,0,0,0,0,0,0#",16000,16000,Set tank.c app_speed/duty level to the logged pwm before sending the move key/protocol command; e=stop.,6.68064,18.11425,9,2,0,0.26511,-0.02968,5.78132,7.01891,-0.24001,4.9869,7.1113,7.0189,0.74823,19,-0.0297,9,0,137.92757,51.5187,0.3359,0.2949,2,False,running
027eea92b7,formation_7_adaptive_split,119,23.8,1784485800,adaptive_clusters,finish_first,r05,r05,True,upper,member,local,3,3,6.51143,-0.47467,0.08066,0.37776,0.30389,930,1000,104,54,0,0,0000,---,False,0.37687,0.04866,0.37776,0.30389,6.8982,-0.2376,cached_path_to_final_target,w,"$1,0,0,0,0,0,0,0,0#",19000,20000,Set tank.c app_speed/duty level to the logged pwm before sending the move key/protocol command; e=stop.,6.85306,18.53317,9,4,0,0.25181,-0.02968,5.60393,7.01891,-0.24001,4.9869,7.1113,7.0189,0.74823,19,-0.0297,9,0,137.92757,51.5187,0.3359,0.2949,2,False,running
027eea92b7,formation_7_adaptive_split,119,23.8,1784485800,adaptive_clusters,finish_first,r06,r06,True,center,member,local,3,3,7.29135,0.0873,0.14941,0.29346,-1.01947,987,558,-55,24,0,0,1000,---,False,0.31158,0.00323,0.29346,-1.01947,7.76565,0.08408,cached_path_to_final_target,d,"$4,0,0,0,0,0,0,0,0#",20000,11000,Set tank.c app_speed/duty level to the logged pwm before sending the move key/protocol command; e=stop.,7.39055,19.86494,0,2,0,0.11988,0.04777,5.17036,7.01891,-0.24001,4.9869,7.1113,7.0189,0.74823,19,-0.0297,9,0,137.92757,51.5187,0.3359,0.2949,2,False,running
027eea92b7,formation_7_adaptive_split,119,23.8,1784485800,adaptive_clusters,finish_first,r07,r07,True,center,member,local,3,3,7.14907,0.89013,-0.45523,0.36617,-0.75771,1000,804,-129,51,0,0,0000,---,False,0.31904,-0.20643,0.36617,-0.75771,7.60335,0.87356,cached_path_to_final_target,d,"$4,0,0,0,0,0,0,0,0#",20000,16000,Set tank.c app_speed/duty level to the logged pwm before sending the move key/protocol command; e=stop.,7.76845,20.60493,0,0,0,0.12307,0.12674,4.38253,7.01891,-0.24001,4.9869,7.1113,7.0189,0.74823,19,-0.0297,9,0,137.92757,51.5187,0.3359,0.2949,2,False,running
027eea92b7,formation_7_adaptive_split,120,24.0,1784486000,adaptive_clusters,finish_first,r01,r01,True,upper,bypass,local,3,3,7.5532,-0.97111,0.02382,0.31155,-0.04792,830,810,63,14,0,0,0000,---,False,0.31156,0.00507,0.31155,-0.04792,8.0151,-0.96405,adaptive_split_to_bypass_target,w,"$1,0,0,0,0,0,0,0,0#",17000,16000,Set tank.c app_speed/duty level to the logged pwm before sending the move key/protocol command; e=stop.,7.57854,20.23292,0,2,0,0.13509,0.05246,4.55093,7.08227,-0.23343,4.9233,7.175,7.0823,0.74632,19,-0.0297,9,0,139.16425,51.9754,0.3262,0.2951,2,False,running
027eea92b7,formation_7_adaptive_split,120,24.0,1784486000,adaptive_clusters,finish_first,r02,r02,True,upper,bypass,local,3,3,7.13253,-0.98099,0.00882,0.31159,0.01756,816,824,38,36,0,0,0000,---,False,0.31158,0.00361,0.31159,0.01756,7.59446,-0.97547,adaptive_split_to_bypass_target,w,"$1,0,0,0,0,0,0,0,0#",16000,16000,Set tank.c app_speed/duty level to the logged pwm before sending the move key/protocol command; e=stop.,7.52286,20.10155,0,0,0,0.35756,0.06371,4.82451,7.08227,-0.23343,4.9233,7.175,7.0823,0.74632,19,-0.0297,9,0,139.16425,51.9754,0.3262,0.2951,2,False,running
027eea92b7,formation_7_adaptive_split,120,24.0,1784486000,adaptive_clusters,finish_first,r03,r03,True,center,bypass,local,3,3,7.73725,0.28173,0.3207,0.37994,-0.04807,1000,990,-103,35,0,0,0000,---,False,0.36152,0.11706,0.37994,-0.04807,8.15628,0.24199,adaptive_split_to_bypass_target,w,"$1,0,0,0,0,0,0,0,0#",20000,20000,Set tank.c app_speed/duty level to the logged pwm before sending the move key/protocol command; e=stop.,7.92521,21.01017,0,2,0,0.15035,0.05246,4.55845,7.08227,-0.23343,4.9233,7.175,7.0823,0.74632,19,-0.0297,9,0,139.16425,51.9754,0.3262,0.2951,2,False,running
027eea92b7,formation_7_adaptive_split,120,24.0,1784486000,adaptive_clusters,finish_first,r04,r04,True,upper,bypass,local,3,3,6.01287,-0.4653,0.3469,0.3116,0.00115,820,820,59,53,0,0,0000,---,False,0.29302,0.10599,0.3116,0.00115,6.44634,-0.3085,adaptive_split_to_bypass_target,w,"$1,0,0,0,0,0,0,0,0#",16000,16000,Set tank.c app_speed/duty level to the logged pwm before sending the move key/protocol command; e=stop.,6.74296,18.27951,9,2,0,0.26511,-0.02968,5.72078,7.08227,-0.23343,4.9233,7.175,7.0823,0.74632,19,-0.0297,9,0,139.16425,51.9754,0.3262,0.2951,2,False,running
027eea92b7,formation_7_adaptive_split,120,24.0,1784486000,adaptive_clusters,finish_first,r05,r05,True,upper,bypass,local,3,3,6.58609,-0.46363,0.14684,0.37735,0.33094,923,1000,104,53,0,0,0000,---,False,0.37251,0.07507,0.37735,0.33094,6.95856,-0.20571,adaptive_split_to_bypass_target,a,"$3,0,0,0,0,0,0,0,0#",18000,20000,Set tank.c app_speed/duty level to the logged pwm before sending the move key/protocol command; e=stop.,6.92853,18.72728,9,4,0,0.25181,-0.02968,5.52851,7.08227,-0.23343,4.9233,7.175,7.0823,0.74632,19,-0.0297,9,0,139.16425,51.9754,0.3262,0.2951,2,False,running
027eea92b7,formation_7_adaptive_split,120,24.0,1784486000,adaptive_clusters,finish_first,r06,r06,True,center,bypass,local,3,3,7.35302,0.09624,0.14405,0.31159,-0.0268,826,814,-59,21,0,0,1000,---,False,0.30856,0.04343,0.31159,-0.0268,7.78923,0.15738,adaptive_split_to_bypass_target,w,"$1,0,0,0,0,0,0,0,0#",17000,16000,Set tank.c app_speed/duty level to the logged pwm before sending the move key/protocol command; e=stop.,7.45287,20.04156,0,2,0,0.11988,0.04777,5.1086,7.08227,-0.23343,4.9233,7.175,7.0823,0.74632,19,-0.0297,9,0,139.16425,51.9754,0.3262,0.2951,2,False,running
027eea92b7,formation_7_adaptive_split,120,24.0,1784486000,adaptive_clusters,finish_first,r07,r07,True,center,bypass,local,3,3,7.20091,0.86901,-0.38677,0.27989,0.34229,664,809,-135,56,0,0,0000,---,False,0.3116,-6e-05,0.27989,0.34229,7.67102,0.89003,adaptive_split_to_bypass_target,a,"$3,0,0,0,0,0,0,0,0#",13000,16000,Set tank.c app_speed/duty level to the logged pwm before sending the move key/protocol command; e=stop.,7.82442,20.77125,0,0,0,0.12307,0.12674,4.32893,7.08227,-0.23343,4.9233,7.175,7.0823,0.74632,19,-0.0297,9,0,139.16425,51.9754,0.3262,0.2951,2,False,running
027eea92b7,formation_7_adaptive_split,121,24.2,1784486200,adaptive_clusters,finish_first,r01,r01,True,upper,bypass,local,3,3,7.61776,-0.98458,-0.20577,0.32974,-1.14792,1000,626,83,15,0,0,0000,---,False,0.33415,-0.18096,0.32974,-1.14792,8.07745,-0.9655,adaptive_split_to_bypass_target,d,"$4,0,0,0,0,0,0,0,0#",20000,13000,Set tank.c app_speed/duty level to the logged pwm before sending the move key/protocol command; e=stop.,7.64449,20.4093,0,2,0,0.13509,0.05246,4.48808,7.14683,-0.2269,4.8585,7.2399,7.1468,0.75038,19,-0.0297,9,0,140.40527,52.43871,0.3309,0.2953,1,False,running
027eea92b7,formation_7_adaptive_split,121,24.2,1784486200,adaptive_clusters,finish_first,r02,r02,True,upper,bypass,local,3,3,7.19484,-0.98028,0.01145,0.3116,0.01317,817,823,41,31,0,0,0000,---,False,0.31157,0.00421,0.3116,0.01317,7.65677,-0.9739,adaptive_split_to_bypass_target,w,"$1,0,0,0,0,0,0,0,0#",16000,16000,Set tank.c app_speed/duty level to the logged pwm before sending the move key/protocol command; e=stop.,7.58518,20.26684,0,0,0,0.30632,0.06371,4.76293,7.14683,-0.2269,4.8585,7.2399,7.1468,0.75038,19,-0.0297,9,0,140.40527,52.43871,0.3309,0.2953,1,False,running
027eea92b7,formation_7_adaptive_split,121,24.2,1784486200,adaptive_clusters,finish_first,r03,r03,True,upper,bypass,local,3,3,7.81003,0.30309,0.28552,0.37925,-0.17593,1000,961,-107,37,0,0,0000,---,False,0.36744,0.09691,0.37925,-0.17593,8.2167,0.28973,adaptive_split_to_bypass_target,w,"$1,0,0,0,0,0,0,0,0#",20000,19000,Set tank.c app_speed/duty level to the logged pwm before sending the move key/protocol command; e=stop.,8.00106,21.20913,0,2,0,0.15035,0.05246,4.48836,7.14683,-0.2269,4.8585,7.2399,7.1468,0.75038,19,-0.0297,9,0,140.40527,52.43871,0.3309,0.2953,1,False,running
027eea92b7,formation_7_adaptive_split,121,24.2,1784486200,adaptive_clusters,finish_first,r04,r04,True,upper,bypass,local,3,3,6.07616,-0.45721,0.12713,0.31902,-1.09885,1000,608,75,52,0,0,0000,---,False,0.37021,-0.08571,0.31902,-1.09885,6.50562,-0.28707,adaptive_split_to_bypass_target,d,"$4,0,0,0,0,0,0,0,0#",20000,12000,Set tank.c app_speed/duty level to the logged pwm before sending the move key/protocol command; e=stop.,6.80677,18.45318,9,2,0,0.26511,-0.02968,5.65699,7.14683,-0.2269,4.8585,7.2399,7.1468,0.75038,19,-0.0297,9,0,140.40527,52.43871,0.3309,0.2953,1,False,running
027eea92b7,formation_7_adaptive_split,121,24.2,1784486200,adaptive_clusters,finish_first,r05,r05,True,upper,bypass,local,3,3,6.65992,-0.44783,0.21084,0.37752,0.31997,926,1000,105,52,0,0,0000,---,False,0.36712,0.0981,0.37752,0.31997,7.02354,-0.17967,adaptive_split_to_bypass_target,w,"$1,0,0,0,0,0,0,0,0#",19000,20000,Set tank.c app_speed/duty level to the logged pwm before sending the move key/protocol command; e=stop.,7.00403,18.92151,9,4,0,0.25181,-0.02968,5.4534,7.14683,-0.2269,4.8585,7.2399,7.1468,0.75038,19,-0.0297,9,0,140.40527,52.43871,0.3309,0.2953,1,False,running
027eea92b7,formation_7_adaptive_split,121,24.2,1784486200,adaptive_clusters,finish_first,r06,r06,True,upper,bypass,local,3,3,7.41185,0.1183,0.35869,0.31414,1.0732,601,1000,-76,20,0,0,1000,---,False,0.28019,0.2567,0.31414,1.0732,7.84032,0.21498,adaptive_split_to_bypass_target,a,"$3,0,0,0,0,0,0,0,0#",12000,20000,Set tank.c app_speed/duty level to the logged pwm before sending the move key/protocol command; e=stop.,7.5157,20.21412,0,2,0,0.11988,0.04777,5.04963,7.14683,-0.2269,4.8585,7.2399,7.1468,0.75038,19,-0.0297,9,0,140.40527,52.43871,0.3309,0.2953,1,False,running
027eea92b7,formation_7_adaptive_split,121,24.2,1784486200,adaptive_clusters,finish_first,r07,r07,True,upper,bypass,local,3,3,7.25728,0.86021,-0.15486,0.28526,1.15955,507,995,-150,61,0,0,0000,---,False,0.31148,0.00852,0.28526,1.15955,7.72756,0.88342,adaptive_split_to_bypass_target,a,"$3,0,0,0,0,0,0,0,0#",10000,20000,Set tank.c app_speed/duty level to the logged pwm before sending the move key/protocol command; e=stop.,7.88148,20.93119,0,0,0,0.12307,0.12674,4.272,7.14683,-0.2269,4.8585,7.2399,7.1468,0.75038,19,-0.0297,9,0,140.40527,52.43871,0.3309,0.2953,1,False,running
027eea92b7,formation_7_adaptive_split,122,24.4,1784486400,adaptive_clusters,finish_first,r01,r01,True,upper,bypass,local,3,3,7.68838,-1.00801,-0.32036,0.37207,-0.57297,1000,859,97,17,0,0,0000,---,False,0.34845,-0.15161,0.37207,-0.57297,8.14121,-0.96786,cached_adaptive_split,d,"$4,0,0,0,0,0,0,0,0#",20000,17000,Set tank.c app_speed/duty level to the logged pwm before sending the move key/protocol command; e=stop.,7.71891,20.60582,0,2,0,0.13509,0.05246,4.42038,7.21459,-0.22026,4.7905,7.308,7.2146,0.75788,19,-0.0297,9,0,141.69512,52.93227,0.3525,0.2957,1,False,running
027eea92b7,formation_7_adaptive_split,122,24.4,1784486400,adaptive_clusters,finish_first,r02,r02,True,upper,bypass,local,3,3,7.25716,-0.97947,0.01294,0.3116,0.00746,818,822,44,26,0,0,0000,---,False,0.31157,0.0044,0.3116,0.00746,7.71908,-0.97288,cached_adaptive_split,w,"$1,0,0,0,0,0,0,0,0#",16000,16000,Set tank.c app_speed/duty level to the logged pwm before sending the move key/protocol command; e=stop.,7.6475,20.43214,0,0,0,0.25844,0.06371,4.70136,7.21459,-0.22026,4.7905,7.308,7.2146,0.75788,19,-0.0297,9,0,141.69512,52.93227,0.3525,0.2957,1,False,running
027eea92b7,formation_7_adaptive_split,122,24.4,1784486400,adaptive_clusters,finish_first,r03,r03,True,upper,bypass,local,3,3,7.88362,0.32087,0.23702,0.37858,-0.2425,1000,945,-110,38,0,0,0000,---,False,0.37251,0.07509,0.37858,-0.2425,8.28574,0.32383,cached_adaptive_split,w,"$1,0,0,0,0,0,0,0,0#",20000,19000,Set tank.c app_speed/duty level to the logged pwm before sending the move key/protocol command; e=stop.,8.07677,21.40586,0,2,0,0.15035,0.05246,4.41722,7.21459,-0.22026,4.7905,7.308,7.2146,0.75788,19,-0.0297,9,0,141.69512,52.93227,0.3525,0.2957,1,False,running
027eea92b7,formation_7_adaptive_split,122,24.4,1784486400,adaptive_clusters,finish_first,r04,r04,True,upper,bypass,local,3,3,6.14862,-0.46033,-0.043,0.3626,-0.85067,1000,775,89,52,0,0,0000,---,False,0.37408,-0.06679,0.3626,-0.85067,6.56658,-0.27191,cached_adaptive_split,d,"$4,0,0,0,0,0,0,0,0#",20000,16000,Set tank.c app_speed/duty level to the logged pwm before sending the move key/protocol command; e=stop.,6.87929,18.6381,9,2,0,0.26511,-0.02968,5.58528,7.21459,-0.22026,4.7905,7.308,7.2146,0.75788,19,-0.0297,9,0,141.69512,52.93227,0.3525,0.2957,1,False,running
027eea92b7,formation_7_adaptive_split,122,24.4,1784486400,adaptive_clusters,finish_first,r05,r05,True,upper,bypass,local,3,3,6.73269,-0.42753,0.27202,0.37773,0.30589,930,1000,106,52,0,0,0000,---,False,0.3607,0.11957,0.37773,0.30589,7.08926,-0.15243,cached_adaptive_split,w,"$1,0,0,0,0,0,0,0,0#",19000,20000,Set tank.c app_speed/duty level to the logged pwm before sending the move key/protocol command; e=stop.,7.07958,19.11618,9,4,0,0.25181,-0.02968,5.37888,7.21459,-0.22026,4.7905,7.308,7.2146,0.75788,19,-0.0297,9,0,141.69512,52.93227,0.3525,0.2957,1,False,running
027eea92b7,formation_7_adaptive_split,122,24.4,1784486400,adaptive_clusters,finish_first,r06,r06,True,upper,bypass,local,3,3,7.47324,0.15556,0.54551,0.35905,0.93412,748,1000,-93,22,0,0,0000,---,False,0.29252,0.24256,0.35905,0.93412,7.90444,0.25762,cached_adaptive_split,a,"$3,0,0,0,0,0,0,0,0#",15000,20000,Set tank.c app_speed/duty level to the logged pwm before sending the move key/protocol command; e=stop.,7.5875,20.39534,0,2,0,0.11988,0.04777,4.98821,7.21459,-0.22026,4.7905,7.308,7.2146,0.75788,19,-0.0297,9,0,141.69512,52.93227,0.3525,0.2957,1,False,running
027eea92b7,formation_7_adaptive_split,122,24.4,1784486400,adaptive_clusters,finish_first,r07,r07,True,upper,bypass,local,3,3,7.31844,0.85712,-0.05052,0.30621,0.52174,696,916,-157,67,0,0,0000,---,False,0.31145,0.0098,0.30621,0.52174,7.78394,0.8768,cached_adaptive_split,a,"$3,0,0,0,0,0,0,0,0#",14000,18000,Set tank.c app_speed/duty level to the logged pwm before sending the move key/protocol command; e=stop.,7.94272,21.10167,0,0,0,0.12307,0.12674,4.21081,7.21459,-0.22026,4.7905,7.308,7.2146,0.75788,19,-0.0297,9,0,141.69512,52.93227,0.3525,0.2957,1,False,running
027eea92b7,formation_7_adaptive_split,123,24.6,1784486600,adaptive_clusters,finish_first,r01,r01,True,upper,bypass,local,3,3,7.76069,-1.0314,-0.31278,0.37997,0.0379,992,1000,104,20,0,0,0000,---,False,0.36225,-0.11477,0.37997,0.0379,8.20905,-0.96996,cached_adaptive_split,w,"$1,0,0,0,0,0,0,0,0#",20000,20000,Set tank.c app_speed/duty level to the logged pwm before sending the move key/protocol command; e=stop.,7.7949,20.81328,0,2,0,0.13509,0.05246,4.35124,7.28334,-0.21295,4.7215,7.3771,7.2833,0.76615,19,-0.0297,9,0,143.03683,53.43552,0.3595,0.2961,1,False,running
027eea92b7,formation_7_adaptive_split,123,24.6,1784486600,adaptive_clusters,finish_first,r02,r02,True,upper,bypass,local,3,3,7.31947,-0.97862,0.0137,0.3116,0.00379,819,821,47,22,0,0,0000,---,False,0.31157,0.00445,0.3116,0.00379,7.7814,-0.97198,cached_adaptive_split,w,"$1,0,0,0,0,0,0,0,0#",16000,16000,Set tank.c app_speed/duty level to the logged pwm before sending the move key/protocol command; e=stop.,7.70982,20.59743,0,0,0,0.21542,0.06371,4.6398,7.28334,-0.21295,4.7215,7.3771,7.2833,0.76615,19,-0.0297,9,0,143.03683,53.43552,0.3595,0.2961,1,False,running
027eea92b7,formation_7_adaptive_split,123,24.6,1784486600,adaptive_clusters,finish_first,r03,r03,True,upper,bypass,local,3,3,7.95801,0.33457,0.18211,0.37818,-0.27451,1000,937,-112,40,0,0,0000,---,False,0.37634,0.05264,0.37818,-0.27451,8.35873,0.34836,cached_adaptive_split,w,"$1,0,0,0,0,0,0,0,0#",20000,19000,Set tank.c app_speed/duty level to the logged pwm before sending the move key/protocol command; e=stop.,8.15241,21.60142,0,2,0,0.15035,0.05246,4.34497,7.28334,-0.21295,4.7215,7.3771,7.2833,0.76615,19,-0.0297,9,0,143.03683,53.43552,0.3595,0.2961,1,False,running
027eea92b7,formation_7_adaptive_split,123,24.6,1784486600,adaptive_clusters,finish_first,r04,r04,True,upper,bypass,local,3,3,6.22417,-0.46657,-0.08244,0.37906,-0.19717,1000,956,96,53,0,0,0000,---,False,0.37756,-0.04301,0.37906,-0.19717,6.63314,-0.26313,cached_adaptive_split,w,"$1,0,0,0,0,0,0,0,0#",20000,19000,Set tank.c app_speed/duty level to the logged pwm before sending the move key/protocol command; e=stop.,6.9551,18.84307,9,2,0,0.26511,-0.02968,5.51086,7.28334,-0.21295,4.7215,7.3771,7.2833,0.76615,19,-0.0297,9,0,143.03683,53.43552,0.3595,0.2961,1,False,running
027eea92b7,formation_7_adaptive_split,123,24.6,1784486600,adaptive_clusters,finish_first,r05,r05,True,upper,bypass,local,3,3,6.80417,-0.40297,0.33091,0.3779,0.29447,932,1000,106,52,0,0,0000,---,False,0.35329,0.13996,0.3779,0.29447,7.15439,-0.12205,cached_adaptive_split,w,"$1,0,0,0,0,0,0,0,0#",19000,20000,Set tank.c app_speed/duty level to the logged pwm before sending the move key/protocol command; e=stop.,7.15516,19.31102,9,4,0,0.25181,-0.02968,5.30523,7.28334,-0.21295,4.7215,7.3771,7.2833,0.76615,19,-0.0297,9,0,143.03683,53.43552,0.3595,0.2961,1,False,running
027eea92b7,formation_7_adaptive_split,123,24.6,1784486600,adaptive_clusters,finish_first,r06,r06,True,upper,bypass,local,3,3,7.53633,0.19755,0.58718,0.37895,0.20831,953,1000,-101,26,0,0,0000,---,False,0.30929,0.22077,0.37895,0.20831,7.97113,0.29611,cached_adaptive_split,w,"$1,0,0,0,0,0,0,0,0#",19000,20000,Set tank.c app_speed/duty level to the logged pwm before sending the move key/protocol command; e=stop.,7.66329,20.60101,0,2,0,0.11988,0.04777,4.92542,7.28334,-0.21295,4.7215,7.3771,7.2833,0.76615,19,-0.0297,9,0,143.03683,53.43552,0.3595,0.2961,1,False,running
027eea92b7,formation_7_adaptive_split,123,24.6,1784486600,adaptive_clusters,finish_first,r07,r07,True,upper,bypass,local,3,3,7.38056,0.85682,-0.00492,0.31057,0.22798,769,865,-161,73,0,0,0000,---,False,0.31145,0.00963,0.31057,0.22798,7.84365,0.87336,cached_adaptive_split,a,"$3,0,0,0,0,0,0,0,0#",15000,17000,Set tank.c app_speed/duty level to the logged pwm before sending the move key/protocol command; e=stop.,8.00483,21.2696,0,0,0,0.12307,0.12674,4.14893,7.28334,-0.21295,4.7215,7.3771,7.2833,0.76615,19,-0.0297,9,0,143.03683,53.43552,0.3595,0.2961,1,False,running
027eea92b7,formation_7_adaptive_split,124,24.8,1784486800,adaptive_clusters,finish_first,r01,r01,True,upper,bypass,local,3,3,7.83386,-1.05015,-0.25088,0.37768,0.3095,929,1000,108,21,0,0,0000,---,False,0.37225,-0.07633,0.37768,0.3095,8.27831,-0.96838,cached_adaptive_split,w,"$1,0,0,0,0,0,0,0,0#",19000,20000,Set tank.c app_speed/duty level to the logged pwm before sending the move key/protocol command; e=stop.,7.87044,21.01059,0,2,0,0.13509,0.05246,4.28088,7.35231,-0.20484,4.6522,7.4466,7.3523,0.77365,19,-0.0297,9,0,144.3608,53.93874,0.3594,0.2965,1,False,running
027eea92b7,formation_7_adaptive_split,124,24.8,1784486800,adaptive_clusters,finish_first,r02,r02,True,upper,bypass,local,3,3,7.38179,-0.97774,0.01407,0.3116,0.00182,820,820,51,18,0,0,0000,---,False,0.31157,0.00447,0.3116,0.00182,7.84371,-0.9711,cached_adaptive_split,w,"$1,0,0,0,0,0,0,0,0#",16000,16000,Set tank.c app_speed/duty level to the logged pwm before sending the move key/protocol command; e=stop.,7.77214,20.76269,0,0,0,0.17948,0.06371,4.57826,7.35231,-0.20484,4.6522,7.4466,7.3523,0.77365,19,-0.0297,9,0,144.3608,53.93874,0.3594,0.2965,1,False,running
027eea92b7,formation_7_adaptive_split,124,24.8,1784486800,adaptive_clusters,finish_first,r03,r03,True,upper,bypass,local,3,3,8.03302,0.344,0.12501,0.37803,-0.2855,1000,935,-114,41,0,0,0000,---,False,0.37878,0.03042,0.37803,-0.2855,8.43362,0.36624,cached_adaptive_split,w,"$1,0,0,0,0,0,0,0,0#",20000,19000,Set tank.c app_speed/duty level to the logged pwm before sending the move key/protocol command; e=stop.,8.22802,21.79656,0,2,0,0.15035,0.05246,4.27167,7.35231,-0.20484,4.6522,7.4466,7.3523,0.77365,19,-0.0297,9,0,144.3608,53.93874,0.3594,0.2965,1,False,running
027eea92b7,formation_7_adaptive_split,124,24.8,1784486800,adaptive_clusters,finish_first,r04,r04,True,upper,bypass,local,3,3,6.29997,-0.47135,-0.06295,0.37977,0.09743,979,1000,100,54,0,0,0000,---,False,0.37957,-0.0181,0.37977,0.09743,6.7028,-0.25698,cached_adaptive_split,w,"$1,0,0,0,0,0,0,0,0#",20000,20000,Set tank.c app_speed/duty level to the logged pwm before sending the move key/protocol command; e=stop.,7.03105,19.04549,9,2,0,0.26511,-0.02968,5.43606,7.35231,-0.20484,4.6522,7.4466,7.3523,0.77365,19,-0.0297,9,0,144.3608,53.93874,0.3594,0.2965,1,False,running
027eea92b7,formation_7_adaptive_split,124,24.8,1784486800,adaptive_clusters,finish_first,r05,r05,True,upper,bypass,local,3,3,6.87415,-0.37437,0.38798,0.37803,0.28537,935,1000,107,53,0,0,0000,---,False,0.34496,0.15939,0.37803,0.28537,7.21841,-0.0881,cached_adaptive_split,w,"$1,0,0,0,0,0,0,0,0#",19000,20000,Set tank.c app_speed/duty level to the logged pwm before sending the move key/protocol command; e=stop.,7.23077,19.50613,9,4,0,0.25181,-0.02968,5.23272,7.35231,-0.20484,4.6522,7.4466,7.3523,0.77365,19,-0.0297,9,0,144.3608,53.93874,0.3594,0.2965,1,False,running
027eea92b7,formation_7_adaptive_split,124,24.8,1784486800,adaptive_clusters,finish_first,r06,r06,True,upper,bypass,local,3,3,7.60057,0.23802,0.5622,0.37962,-0.12487,1000,973,-106,30,0,0,0000,---,False,0.32542,0.19621,0.37962,-0.12487,8.0374,0.33389,cached_adaptive_split,w,"$1,0,0,0,0,0,0,0,0#",20000,19000,Set tank.c app_speed/duty level to the logged pwm before sending the move key/protocol command; e=stop.,7.73922,20.80321,0,2,0,0.11988,0.04777,4.86182,7.35231,-0.20484,4.6522,7.4466,7.3523,0.77365,19,-0.0297,9,0,144.3608,53.93874,0.3594,0.2965,1,False,running
027eea92b7,formation_7_adaptive_split,124,24.8,1784486800,adaptive_clusters,finish_first,r07,r07,True,upper,bypass,local,3,3,7.44283,0.85772,0.0145,0.31141,0.0971,799,840,-163,79,0,0,0000,---,False,0.31146,0.00927,0.31141,0.0971,7.90504,0.87243,cached_adaptive_split,w,"$1,0,0,0,0,0,0,0,0#",16000,17000,Set tank.c app_speed/duty level to the logged pwm before sending the move key/protocol command; e=stop.,8.06711,21.43612,0,0,0,0.12307,0.12674,4.08702,7.35231,-0.20484,4.6522,7.4466,7.3523,0.77365,19,-0.0297,9,0,144.3608,53.93874,0.3594,0.2965,1,False,running
027eea92b7,formation_7_adaptive_split,125,25.0,1784487000,adaptive_clusters,finish_first,r01,r01,True,upper,bypass,local,3,3,7.9079,-1.06206,-0.15943,0.37494,0.45726,890,1000,109,23,0,0,0000,---,False,0.37854,-0.03324,0.37494,0.45726,8.33185,-0.94112,adaptive_split_to_bypass_target,a,"$3,0,0,0,0,0,0,0,0#",18000,20000,Set tank.c app_speed/duty level to the logged pwm before sending the move key/protocol command; e=stop.,7.94543,21.20279,0,2,0,0.13509,0.05246,4.20895,7.42151,-0.1958,4.5827,7.5164,7.4215,0.77936,20,-0.0297,9,0,145.66976,54.44107,0.3588,0.2969,1,False,running
027eea92b7,formation_7_adaptive_split,125,25.0,1784487000,adaptive_clusters,finish_first,r02,r02,True,upper,bypass,local,3,3,7.4441,-0.97686,0.01423,0.3116,0.00085,820,820,55,15,0,0,0000,---,False,0.31157,0.00448,0.3116,0.00085,7.90602,-0.97021,adaptive_split_to_bypass_target,w,"$1,0,0,0,0,0,0,0,0#",16000,16000,Set tank.c app_speed/duty level to the logged pwm before sending the move key/protocol command; e=stop.,7.83446,20.92795,0,0,0,0.15351,0.06371,4.51674,7.42151,-0.1958,4.5827,7.5164,7.4215,0.77936,20,-0.0297,9,0,145.66976,54.44107,0.3588,0.2969,1,False,running
027eea92b7,formation_7_adaptive_split,125,25.0,1784487000,adaptive_clusters,finish_first,r03,r03,True,upper,bypass,local,3,3,8.10846,0.34915,0.06825,0.37805,-0.28383,1000,935,-115,41,0,0,0000,---,False,0.37989,0.00898,0.37805,-0.28383,8.5095,0.37934,adaptive_split_to_bypass_target,w,"$1,0,0,0,0,0,0,0,0#",20000,19000,Set tank.c app_speed/duty level to the logged pwm before sending the move key/protocol command; e=stop.,8.30363,21.99159,0,2,0,0.15035,0.05246,4.19749,7.42151,-0.1958,4.5827,7.5164,7.4215,0.77936,20,-0.0297,9,0,145.66976,54.44107,0.3588,0.2969,1,False,running
027eea92b7,formation_7_adaptive_split,125,25.0,1784487000,adaptive_clusters,finish_first,r04,r04,True,upper,bypass,local,3,3,6.37572,-0.47274,-0.01837,0.3788,0.22291,950,1000,102,54,0,0,0000,---,False,0.37995,0.00633,0.3788,0.22291,6.77321,-0.25024,adaptive_split_to_bypass_target,w,"$1,0,0,0,0,0,0,0,0#",19000,20000,Set tank.c app_speed/duty level to the logged pwm before sending the move key/protocol command; e=stop.,7.10681,19.24334,9,2,0,0.26511,-0.02968,5.36096,7.42151,-0.1958,4.5827,7.5164,7.4215,0.77936,20,-0.0297,9,0,145.66976,54.44107,0.3588,0.2969,1,False,running
027eea92b7,formation_7_adaptive_split,125,25.0,1784487000,adaptive_clusters,finish_first,r05,r05,True,upper,bypass,local,3,3,6.94262,-0.34214,0.43993,0.37837,0.25975,941,1000,-32,47,0,0,0000,---,False,0.33693,0.17573,0.37837,0.25975,7.28734,-0.05888,adaptive_split_to_bypass_target,w,"$1,0,0,0,0,0,0,0,0#",19000,20000,Set tank.c app_speed/duty level to the logged pwm before sending the move key/protocol command; e=stop.,7.30644,19.70203,9,4,0,0.25181,-0.02968,5.16147,7.42151,-0.1958,4.5827,7.5164,7.4215,0.77936,20,-0.0297,9,0,145.66976,54.44107,0.3588,0.2969,1,False,running
027eea92b7,formation_7_adaptive_split,125,25.0,1784487000,adaptive_clusters,finish_first,r06,r06,True,upper,bypass,local,3,3,7.66663,0.27492,0.50951,0.37832,-0.26346,1000,940,-109,34,0,0,0000,---,False,0.33912,0.17146,0.37832,-0.26346,8.1033,0.36984,adaptive_split_to_bypass_target,w,"$1,0,0,0,0,0,0,0,0#",20000,19000,Set tank.c app_speed/duty level to the logged pwm before sending the move key/protocol command; e=stop.,7.81488,21.00021,0,2,0,0.11988,0.04777,4.79667,7.42151,-0.1958,4.5827,7.5164,7.4215,0.77936,20,-0.0297,9,0,145.66976,54.44107,0.3588,0.2969,1,False,running
027eea92b7,formation_7_adaptive_split,125,25.0,1784487000,adaptive_clusters,finish_first,r07,r07,True,upper,bypass,local,3,3,7.50513,0.85913,0.02261,0.31157,0.04054,811,828,-164,85,0,0,0000,---,False,0.31147,0.00903,0.31157,0.04054,7.96704,0.87292,adaptive_split_to_bypass_target,w,"$1,0,0,0,0,0,0,0,0#",16000,17000,Set tank.c app_speed/duty level to the logged pwm before sending the move key/protocol command; e=stop.,8.12943,21.60185,0,0,0,0.12307,0.12674,4.02514,7.42151,-0.1958,4.5827,7.5164,7.4215,0.77936,20,-0.0297,9,0,145.66976,54.44107,0.3588,0.2969,1,False,running
027eea92b7,formation_7_adaptive_split,126,25.2,1784487200,adaptive_clusters,finish_first,r01,r01,True,upper,bypass,local,3,3,7.98231,-1.06563,-0.04795,0.37249,0.55741,863,1000,109,23,0,0,0000,---,False,0.3797,0.01506,0.37249,0.55741,8.36728,-0.88768,cached_adaptive_split,a,"$3,0,0,0,0,0,0,0,0#",17000,20000,Set tank.c app_speed/duty level to the logged pwm before sending the move key/protocol command; e=stop.,8.01992,21.39178,0,2,0,0.13509,0.05246,4.13565,7.48708,-0.18574,4.5167,7.5827,7.4871,0.78608,20,-0.0297,9,0,146.9375,54.92068,0.3426,0.2971,1,False,running
027eea92b7,formation_7_adaptive_split,126,25.2,1784487200,adaptive_clusters,finish_first,r02,r02,True,upper,bypass,local,3,3,7.50641,-0.97596,0.01431,0.3116,0.00039,820,820,60,14,0,0,0000,---,False,0.31157,0.00448,0.3116,0.00039,7.96834,-0.96932,cached_adaptive_split,w,"$1,0,0,0,0,0,0,0,0#",16000,16000,Set tank.c app_speed/duty level to the logged pwm before sending the move key/protocol command; e=stop.,7.89678,21.0932,0,0,0,0.14063,0.06371,4.45524,7.48708,-0.18574,4.5167,7.5827,7.4871,0.78608,20,-0.0297,9,0,146.9375,54.92068,0.3426,0.2971,1,False,running
027eea92b7,formation_7_adaptive_split,126,25.2,1784487200,adaptive_clusters,finish_first,r03,r03,True,upper,bypass,local,3,3,8.18409,0.35016,0.01331,0.37817,-0.27471,1000,937,-116,43,0,0,0000,---,False,0.37983,-0.01135,0.37817,-0.27471,8.58591,0.38885,cached_adaptive_split,w,"$1,0,0,0,0,0,0,0,0#",20000,19000,Set tank.c app_speed/duty level to the logged pwm before sending the move key/protocol command; e=stop.,8.37926,22.1869,0,2,0,0.15035,0.05246,4.12263,7.48708,-0.18574,4.5167,7.5827,7.4871,0.78608,20,-0.0297,9,0,146.9375,54.92068,0.3426,0.2971,1,False,running
027eea92b7,formation_7_adaptive_split,126,25.2,1784487200,adaptive_clusters,finish_first,r04,r04,True,upper,bypass,local,3,3,6.45131,-0.47,0.03625,0.37819,0.2731,938,1000,103,53,0,0,0000,---,False,0.37881,0.03005,0.37819,0.2731,6.84361,-0.24102,cached_adaptive_split,w,"$1,0,0,0,0,0,0,0,0#",19000,20000,Set tank.c app_speed/duty level to the logged pwm before sending the move key/protocol command; e=stop.,7.18245,19.4392,9,2,0,0.26511,-0.02968,5.28556,7.48708,-0.18574,4.5167,7.5827,7.4871,0.78608,20,-0.0297,9,0,146.9375,54.92068,0.3426,0.2971,1,False,running
027eea92b7,formation_7_adaptive_split,126,25.2,1784487200,adaptive_clusters,finish_first,r05,r05,True,upper,bypass,local,3,3,6.98326,-0.30708,0.71188,0.26837,1.35975,420,992,-51,43,0,0,0000,---,False,0.06265,0.3748,0.26837,1.35975,7.35296,-0.02358,cached_adaptive_split,a,"$3,0,0,0,0,0,0,0,0#",8000,20000,Set tank.c app_speed/duty level to the logged pwm before sending the move key/protocol command; e=stop.,7.36011,19.8641,9,4,0,0.25181,-0.02968,5.11783,7.48708,-0.18574,4.5167,7.5827,7.4871,0.78608,20,-0.0297,9,0,146.9375,54.92068,0.3426,0.2971,1,False,running
027eea92b7,formation_7_adaptive_split,126,25.2,1784487200,adaptive_clusters,finish_first,r06,r06,True,upper,bypass,local,3,3,7.73473,0.30756,0.44681,0.37762,-0.31349,1000,928,-111,37,0,0,0000,---,False,0.35036,0.14712,0.37762,-0.31349,8.17019,0.4032,cached_adaptive_split,w,"$1,0,0,0,0,0,0,0,0#",20000,19000,Set tank.c app_speed/duty level to the logged pwm before sending the move key/protocol command; e=stop.,7.89041,21.19508,0,2,0,0.11988,0.04777,4.72963,7.48708,-0.18574,4.5167,7.5827,7.4871,0.78608,20,-0.0297,9,0,146.9375,54.92068,0.3426,0.2971,1,False,running
027eea92b7,formation_7_adaptive_split,126,25.2,1784487200,adaptive_clusters,finish_first,r07,r07,True,upper,bypass,local,3,3,7.56743,0.86075,0.02594,0.31159,0.01667,816,823,-165,92,0,0,0000,---,False,0.31147,0.0089,0.31159,0.01667,8.02925,0.8741,cached_adaptive_split,w,"$1,0,0,0,0,0,0,0,0#",16000,16000,Set tank.c app_speed/duty level to the logged pwm before sending the move key/protocol command; e=stop.,8.19175,21.76723,0,0,0,0.12307,0.12674,3.9633,7.48708,-0.18574,4.5167,7.5827,7.4871,0.78608,20,-0.0297,9,0,146.9375,54.92068,0.3426,0.2971,1,False,running
027eea92b7,formation_7_adaptive_split,127,25.4,1784487400,adaptive_clusters,finish_first,r01,r01,True,upper,bypass,local,3,3,8.05635,-1.06022,0.07289,0.37119,0.6042,850,1000,109,22,0,0,0000,---,False,0.37466,0.06348,0.37119,0.6042,8.39754,-0.82581,cached_adaptive_split,a,"$3,0,0,0,0,0,0,0,0#",17000,20000,Set tank.c app_speed/duty level to the logged pwm before sending the move key/protocol command; e=stop.,8.09416,21.57883,0,2,0,0.13509,0.05246,4.06155,7.55108,-0.1724,4.4523,7.6481,7.5511,0.79138,20,-0.0297,9,0,148.18935,55.40657,0.3471,0.2973,1,False,running
027eea92b7,formation_7_adaptive_split,127,25.4,1784487400,adaptive_clusters,finish_first,r02,r02,True,upper,bypass,local,3,3,7.56873,-0.97507,0.01435,0.3116,0.00018,820,820,65,14,0,0,0000,---,False,0.31157,0.00448,0.3116,0.00018,8.03065,-0.96843,cached_adaptive_split,w,"$1,0,0,0,0,0,0,0,0#",16000,16000,Set tank.c app_speed/duty level to the logged pwm before sending the move key/protocol command; e=stop.,7.9591,21.25845,0,0,0,0.13905,0.06371,4.39376,7.55108,-0.1724,4.4523,7.6481,7.5511,0.79138,20,-0.0297,9,0,148.18935,55.40657,0.3471,0.2973,1,False,running
027eea92b7,formation_7_adaptive_split,127,25.4,1784487400,adaptive_clusters,finish_first,r03,r03,True,upper,bypass,local,3,3,8.2597,0.34721,-0.03894,0.37835,-0.26123,1000,941,-118,44,0,0,0000,---,False,0.37878,-0.03036,0.37835,-0.26123,8.66261,0.39568,cached_adaptive_split,w,"$1,0,0,0,0,0,0,0,0#",20000,19000,Set tank.c app_speed/duty level to the logged pwm before sending the move key/protocol command; e=stop.,8.45493,22.38266,0,2,0,0.15035,0.05246,4.04728,7.55108,-0.1724,4.4523,7.6481,7.5511,0.79138,20,-0.0297,9,0,148.18935,55.40657,0.3471,0.2973,1,False,running
027eea92b7,formation_7_adaptive_split,127,25.4,1784487400,adaptive_clusters,finish_first,r04,r04,True,upper,bypass,local,3,3,6.52656,-0.46288,0.09437,0.37796,0.29058,933,1000,104,53,0,0,0000,---,False,0.37628,0.05304,0.37796,0.29058,6.91378,-0.22842,cached_adaptive_split,w,"$1,0,0,0,0,0,0,0,0#",19000,20000,Set tank.c app_speed/duty level to the logged pwm before sending the move key/protocol command; e=stop.,7.25804,19.63421,9,2,0,0.26511,-0.02968,5.20999,7.55108,-0.1724,4.4523,7.6481,7.5511,0.79138,20,-0.0297,9,0,148.18935,55.40657,0.3471,0.2973,1,False,running
027eea92b7,formation_7_adaptive_split,127,25.4,1784487400,adaptive_clusters,finish_first,r05,r05,True,upper,bypass,local,3,3,7.01172,-0.25397,1.07883,0.3013,1.83472,407,1000,-76,40,0,0,0000,---,False,0.07686,0.37215,0.3013,1.83472,7.40179,0.01063,cached_adaptive_split,a,"$3,0,0,0,0,0,0,0,0#",8000,20000,Set tank.c app_speed/duty level to the logged pwm before sending the move key/protocol command; e=stop.,7.42037,20.01339,9,4,0,0.25181,-0.02968,5.08507,7.55108,-0.1724,4.4523,7.6481,7.5511,0.79138,20,-0.0297,9,0,148.18935,55.40657,0.3471,0.2973,1,False,running
027eea92b7,formation_7_adaptive_split,127,25.4,1784487400,adaptive_clusters,finish_first,r06,r06,True,upper,bypass,local,3,3,7.80479,0.33568,0.3818,0.37744,-0.32505,1000,925,-112,40,0,0,0000,---,False,0.35941,0.1234,0.37744,-0.32505,8.23863,0.43341,cached_adaptive_split,d,"$4,0,0,0,0,0,0,0,0#",20000,18000,Set tank.c app_speed/duty level to the logged pwm before sending the move key/protocol command; e=stop.,7.9659,21.38922,0,2,0,0.11988,0.04777,4.66071,7.55108,-0.1724,4.4523,7.6481,7.5511,0.79138,20,-0.0297,9,0,148.18935,55.40657,0.3471,0.2973,1,False,running
027eea92b7,formation_7_adaptive_split,127,25.4,1784487400,adaptive_clusters,finish_first,r07,r07,True,upper,bypass,local,3,3,7.62972,0.86245,0.0273,0.3116,0.00678,819,821,-84,93,0,0,0000,---,False,0.31147,0.00884,0.3116,0.00678,8.09152,0.87561,cached_adaptive_split,w,"$1,0,0,0,0,0,0,0,0#",16000,16000,Set tank.c app_speed/duty level to the logged pwm before sending the move key/protocol command; e=stop.,8.25407,21.93258,0,0,0,0.12307,0.12674,3.90148,7.55108,-0.1724,4.4523,7.6481,7.5511,0.79138,20,-0.0297,9,0,148.18935,55.40657,0.3471,0.2973,1,False,running
027eea92b7,formation_7_adaptive_split,128,25.6,1784487600,adaptive_clusters,finish_first,r01,r01,True,upper,bypass,local,3,3,8.12912,-1.0458,0.19562,0.37091,0.61365,847,1000,108,21,0,0,0000,---,False,0.36391,0.10941,0.37091,0.61365,8.42654,-0.76071,cached_adaptive_split,a,"$3,0,0,0,0,0,0,0,0#",17000,20000,Set tank.c app_speed/duty level to the logged pwm before sending the move key/protocol command; e=stop.,8.16834,21.76513,0,2,0,0.13509,0.05246,3.98751,7.61502,-0.15803,4.3878,7.7136,7.615,0.79798,20,-0.0297,9,0,149.50536,55.91094,0.3603,0.2975,1,False,running
027eea92b7,formation_7_adaptive_split,128,25.6,1784487600,adaptive_clusters,finish_first,r02,r02,True,upper,bypass,local,3,3,7.63436,-0.98876,-0.20562,0.33522,-1.09982,1000,651,85,15,0,0,0000,---,False,0.33776,-0.17413,0.33522,-1.09982,8.09296,-0.96753,cached_adaptive_split,d,"$4,0,0,0,0,0,0,0,0#",20000,13000,Set tank.c app_speed/duty level to the logged pwm before sending the move key/protocol command; e=stop.,8.02615,21.43778,0,0,0,0.13905,0.06371,4.33172,7.61502,-0.15803,4.3878,7.7136,7.615,0.79798,20,-0.0297,9,0,149.50536,55.91094,0.3603,0.2975,1,False,running
027eea92b7,formation_7_adaptive_split,128,25.6,1784487600,adaptive_clusters,finish_first,r03,r03,True,upper,bypass,local,3,3,8.33511,0.34056,-0.08796,0.37855,-0.2451,1000,945,-119,47,0,0,0000,---,False,0.37696,-0.04793,0.37855,-0.2451,8.73945,0.40064,cached_adaptive_split,w,"$1,0,0,0,0,0,0,0,0#",20000,19000,Set tank.c app_speed/duty level to the logged pwm before sending the move key/protocol command; e=stop.,8.53064,22.57886,0,2,0,0.15035,0.05246,3.97165,7.61502,-0.15803,4.3878,7.7136,7.615,0.79798,20,-0.0297,9,0,149.50536,55.91094,0.3603,0.2975,1,False,running
027eea92b7,formation_7_adaptive_split,128,25.6,1784487600,adaptive_clusters,finish_first,r04,r04,True,upper,bypass,local,3,3,6.60126,-0.45135,0.15316,0.37791,0.29394,933,1000,105,52,0,0,0000,---,False,0.37247,0.07525,0.37791,0.29394,6.9836,-0.21207,cached_adaptive_split,w,"$1,0,0,0,0,0,0,0,0#",19000,20000,Set tank.c app_speed/duty level to the logged pwm before sending the move key/protocol command; e=stop.,7.33362,19.82906,9,2,0,0.26511,-0.02968,5.13446,7.61502,-0.15803,4.3878,7.7136,7.615,0.79798,20,-0.0297,9,0,149.50536,55.91094,0.3603,0.2975,1,False,running
027eea92b7,formation_7_adaptive_split,128,25.6,1784487600,adaptive_clusters,finish_first,r05,r05,True,upper,bypass,local,3,3,7.03676,-0.1843,1.22577,0.37016,0.73472,819,1000,-89,38,0,0,0000,---,False,0.09914,0.36684,0.37016,0.73472,7.44189,0.05059,cached_adaptive_split,a,"$3,0,0,0,0,0,0,0,0#",16000,20000,Set tank.c app_speed/duty level to the logged pwm before sending the move key/protocol command; e=stop.,7.4944,20.21328,9,4,0,0.25181,-0.02968,5.05515,7.61502,-0.15803,4.3878,7.7136,7.615,0.79798,20,-0.0297,9,0,149.50536,55.91094,0.3603,0.2975,1,False,running
027eea92b7,formation_7_adaptive_split,128,25.6,1784487600,adaptive_clusters,finish_first,r06,r06,True,upper,bypass,local,3,3,7.87651,0.35927,0.31775,0.37752,-0.32026,1000,926,-114,42,0,0,0000,---,False,0.36649,0.10041,0.37752,-0.32026,8.30869,0.46028,cached_adaptive_split,w,"$1,0,0,0,0,0,0,0,0#",20000,19000,Set tank.c app_speed/duty level to the logged pwm before sending the move key/protocol command; e=stop.,8.0414,21.58338,0,2,0,0.11988,0.04777,4.59011,7.61502,-0.15803,4.3878,7.7136,7.615,0.79798,20,-0.0297,9,0,149.50536,55.91094,0.3603,0.2975,1,False,running
027eea92b7,formation_7_adaptive_split,128,25.6,1784487600,adaptive_clusters,finish_first,r07,r07,True,upper,bypass,local,3,3,7.69202,0.86418,0.02784,0.3116,0.00273,819,821,-87,93,0,0,0000,---,False,0.31148,0.00881,0.3116,0.00273,8.15381,0.87727,cached_adaptive_split,w,"$1,0,0,0,0,0,0,0,0#",16000,16000,Set tank.c app_speed/duty level to the logged pwm before sending the move key/protocol command; e=stop.,8.31639,22.09787,0,0,0,0.12307,0.12674,3.83968,7.61502,-0.15803,4.3878,7.7136,7.615,0.79798,20,-0.0297,9,0,149.50536,55.91094,0.3603,0.2975,1,False,running
027eea92b7,formation_7_adaptive_split,129,25.8,1784487800,adaptive_clusters,finish_first,r01,r01,True,upper,bypass,local,3,3,8.19913,-1.02207,0.3268,0.36962,0.65589,835,1000,106,21,0,0,0000,---,False,0.34543,0.15836,0.36962,0.65589,8.42333,-0.68377,adaptive_split_to_bypass_target,a,"$3,0,0,0,0,0,0,0,0#",17000,20000,Set tank.c app_speed/duty level to the logged pwm before sending the move key/protocol command; e=stop.,8.24227,21.95064,0,2,0,0.13509,0.05246,3.91499,7.67958,-0.14382,4.3228,7.7797,7.6796,0.80486,20,-0.0297,9,0,150.84858,56.42469,0.367,0.2977,1,False,running
027eea92b7,formation_7_adaptive_split,129,25.8,1784487800,adaptive_clusters,finish_first,r02,r02,True,upper,bypass,local,3,3,7.7056,-1.01138,-0.30746,0.37373,-0.5092,1000,876,98,18,0,0,0000,---,False,0.35183,-0.14358,0.37373,-0.5092,8.1574,-0.96886,adaptive_split_to_bypass_target,d,"$4,0,0,0,0,0,0,0,0#",20000,18000,Set tank.c app_speed/duty level to the logged pwm before sending the move key/protocol command; e=stop.,8.1009,21.63586,0,0,0,0.13905,0.06371,4.26603,7.67958,-0.14382,4.3228,7.7797,7.6796,0.80486,20,-0.0297,9,0,150.84858,56.42469,0.367,0.2977,1,False,running
027eea92b7,formation_7_adaptive_split,129,25.8,1784487800,adaptive_clusters,finish_first,r03,r03,True,upper,bypass,local,3,3,8.41019,0.33049,-0.1334,0.37875,-0.22718,1000,949,-120,50,0,0,0000,---,False,0.37458,-0.06395,0.37875,-0.22718,8.81634,0.40461,adaptive_split_to_bypass_target,w,"$1,0,0,0,0,0,0,0,0#",20000,19000,Set tank.c app_speed/duty level to the logged pwm before sending the move key/protocol command; e=stop.,8.60639,22.77547,0,2,0,0.15035,0.05246,3.8959,7.67958,-0.14382,4.3228,7.7797,7.6796,0.80486,20,-0.0297,9,0,150.84858,56.42469,0.367,0.2977,1,False,running
027eea92b7,formation_7_adaptive_split,129,25.8,1784487800,adaptive_clusters,finish_first,r04,r04,True,upper,bypass,local,3,3,6.67495,-0.43498,0.21854,0.37741,0.32692,924,1000,106,51,0,0,0000,---,False,0.36624,0.10133,0.37741,0.32692,7.04211,-0.17367,adaptive_split_to_bypass_target,a,"$3,0,0,0,0,0,0,0,0#",18000,20000,Set tank.c app_speed/duty level to the logged pwm before sending the move key/protocol command; e=stop.,7.4091,20.02333,9,2,0,0.26511,-0.02968,5.05938,7.67958,-0.14382,4.3228,7.7797,7.6796,0.80486,20,-0.0297,9,0,150.84858,56.42469,0.367,0.2977,1,False,running
027eea92b7,formation_7_adaptive_split,129,25.8,1784487800,adaptive_clusters,finish_first,r05,r05,True,upper,bypass,local,3,3,7.06331,-0.1131,1.21395,0.37992,-0.05911,1000,987,-94,35,0,0,0000,---,False,0.13604,0.35481,0.37992,-0.05911,7.50215,0.06091,adaptive_split_to_bypass_target,w,"$1,0,0,0,0,0,0,0,0#",20000,20000,Set tank.c app_speed/duty level to the logged pwm before sending the move key/protocol command; e=stop.,7.57039,20.42222,9,4,0,0.25181,-0.02968,5.02455,7.67958,-0.14382,4.3228,7.7797,7.6796,0.80486,20,-0.0297,9,0,150.84858,56.42469,0.367,0.2977,1,False,running
027eea92b7,formation_7_adaptive_split,129,25.8,1784487800,adaptive_clusters,finish_first,r06,r06,True,upper,bypass,local,3,3,7.94959,0.3784,0.25602,0.37769,-0.30865,1000,929,-115,44,0,0,0000,---,False,0.37185,0.07829,0.37769,-0.30865,8.38018,0.48379,adaptive_split_to_bypass_target,w,"$1,0,0,0,0,0,0,0,0#",20000,19000,Set tank.c app_speed/duty level to the logged pwm before sending the move key/protocol command; e=stop.,8.11694,21.77793,0,2,0,0.11988,0.04777,4.51808,7.67958,-0.14382,4.3228,7.7797,7.6796,0.80486,20,-0.0297,9,0,150.84858,56.42469,0.367,0.2977,1,False,running
027eea92b7,formation_7_adaptive_split,129,25.8,1784487800,adaptive_clusters,finish_first,r07,r07,True,upper,bypass,local,3,3,7.75432,0.86593,0.02806,0.3116,0.00109,820,820,-90,93,0,0,0000,---,False,0.31148,0.0088,0.3116,0.00109,8.2161,0.87898,adaptive_split_to_bypass_target,w,"$1,0,0,0,0,0,0,0,0#",16000,16000,Set tank.c app_speed/duty level to the logged pwm before sending the move key/protocol command; e=stop.,8.37871,22.26313,0,0,0,0.12307,0.12674,3.7779,7.67958,-0.14382,4.3228,7.7797,7.6796,0.80486,20,-0.0297,9,0,150.84858,56.42469,0.367,0.2977,1,False,running
027eea92b7,formation_7_adaptive_split,130,26.0,1784488000,adaptive_clusters,finish_first,r01,r01,True,upper,bypass,local,3,3,8.26571,-0.98962,0.45352,0.37031,0.63363,841,1000,105,22,0,0,0000,---,False,0.32334,0.19962,0.37031,0.63363,8.43403,-0.60752,cached_adaptive_split,a,"$3,0,0,0,0,0,0,0,0#",17000,20000,Set tank.c app_speed/duty level to the logged pwm before sending the move key/protocol command; e=stop.,8.31633,22.1365,0,2,0,0.13509,0.05246,3.84486,7.74432,-0.12894,4.2576,7.8461,7.7443,0.80983,21,-0.0297,9,0,152.18999,56.93958,0.3678,0.2979,1,False,running
027eea92b7,formation_7_adaptive_split,130,26.0,1784488000,adaptive_clusters,finish_first,r02,r02,True,upper,bypass,local,3,3,7.77832,-1.0334,-0.29402,0.37989,0.06718,986,1000,105,20,0,0,0000,---,False,0.36483,-0.10628,0.37989,0.06718,8.22577,-0.96989,cached_adaptive_split,w,"$1,0,0,0,0,0,0,0,0#",20000,20000,Set tank.c app_speed/duty level to the logged pwm before sending the move key/protocol command; e=stop.,8.17687,21.84224,0,0,0,0.13905,0.06371,4.19908,7.74432,-0.12894,4.2576,7.8461,7.7443,0.80983,21,-0.0297,9,0,152.18999,56.93958,0.3678,0.2979,1,False,running
027eea92b7,formation_7_adaptive_split,130,26.0,1784488000,adaptive_clusters,finish_first,r03,r03,True,upper,bypass,local,3,3,8.48482,0.3173,-0.17496,0.37895,-0.20781,1000,953,-122,53,0,0,0000,---,False,0.37184,-0.07833,0.37895,-0.20781,8.89324,0.40856,cached_adaptive_split,w,"$1,0,0,0,0,0,0,0,0#",20000,19000,Set tank.c app_speed/duty level to the logged pwm before sending the move key/protocol command; e=stop.,8.68218,22.97249,0,2,0,0.15035,0.05246,3.82018,7.74432,-0.12894,4.2576,7.8461,7.7443,0.80983,21,-0.0297,9,0,152.18999,56.93958,0.3678,0.2979,1,False,running
027eea92b7,formation_7_adaptive_split,130,26.0,1784488000,adaptive_clusters,finish_first,r04,r04,True,upper,bypass,local,3,3,6.74749,-0.41399,0.28168,0.37759,0.31572,927,1000,106,51,0,0,0000,---,False,0.35934,0.1236,0.37759,0.31572,7.10584,-0.14238,cached_adaptive_split,w,"$1,0,0,0,0,0,0,0,0#",19000,20000,Set tank.c app_speed/duty level to the logged pwm before sending the move key/protocol command; e=stop.,7.48462,20.21767,9,2,0,0.26511,-0.02968,4.98494,7.74432,-0.12894,4.2576,7.8461,7.7443,0.80983,21,-0.0297,9,0,152.18999,56.93958,0.3678,0.2979,1,False,running
027eea92b7,formation_7_adaptive_split,130,26.0,1784488000,adaptive_clusters,finish_first,r05,r05,True,upper,bypass,local,3,3,7.09355,-0.04377,1.1594,0.3782,-0.27276,1000,938,-96,34,0,0,0011,---,False,0.16674,0.34146,0.3782,-0.27276,7.54635,0.09811,cached_adaptive_split,w,"$1,0,0,0,0,0,0,0,0#",20000,19000,Set tank.c app_speed/duty level to the logged pwm before sending the move key/protocol command; e=stop.,7.64603,20.61981,9,4,0,0.25181,-0.02968,4.9913,7.74432,-0.12894,4.2576,7.8461,7.7443,0.80983,21,-0.0297,9,0,152.18999,56.93958,0.3678,0.2979,1,False,running
027eea92b7,formation_7_adaptive_split,130,26.0,1784488000,adaptive_clusters,finish_first,r06,r06,True,upper,bypass,local,3,3,8.0237,0.39321,0.19717,0.3779,-0.29426,1000,933,-116,46,0,0,0000,---,False,0.37568,0.05713,0.3779,-0.29426,8.45282,0.50409,cached_adaptive_split,w,"$1,0,0,0,0,0,0,0,0#",20000,19000,Set tank.c app_speed/duty level to the logged pwm before sending the move key/protocol command; e=stop.,8.19252,21.9729,0,2,0,0.11988,0.04777,4.44488,7.74432,-0.12894,4.2576,7.8461,7.7443,0.80983,21,-0.0297,9,0,152.18999,56.93958,0.3678,0.2979,1,False,running
027eea92b7,formation_7_adaptive_split,130,26.0,1784488000,adaptive_clusters,finish_first,r07,r07,True,upper,bypass,local,3,3,7.81661,0.86768,0.02815,0.3116,0.00043,820,820,-92,93,0,0,0000,---,False,0.31148,0.00879,0.3116,0.00043,8.2784,0.88072,cached_adaptive_split,w,"$1,0,0,0,0,0,0,0,0#",16000,16000,Set tank.c app_speed/duty level to the logged pwm before sending the move key/protocol command; e=stop.,8.44103,22.42838,0,0,0,0.12307,0.12674,3.71614,7.74432,-0.12894,4.2576,7.8461,7.7443,0.80983,21,-0.0297,9,0,152.18999,56.93958,0.3678,0.2979,1,False,running
027eea92b7,formation_7_adaptive_split,131,26.2,1784488200,adaptive_clusters,finish_first,r01,r01,True,upper,bypass,local,3,3,8.32832,-0.9495,0.56991,0.37182,0.58195,856,1000,104,23,0,0,0000,---,False,0.29988,0.23339,0.37182,0.58195,8.45552,-0.53358,cached_adaptive_split,a,"$3,0,0,0,0,0,0,0,0#",17000,20000,Set tank.c app_speed/duty level to the logged pwm before sending the move key/protocol command; e=stop.,8.39069,22.32422,0,2,0,0.13509,0.05246,3.77793,7.8091,-0.11301,4.1924,7.9129,7.8091,0.81193,21,-0.0297,9,0,153.52158,57.45418,0.3676,0.2981,1,False,running
027eea92b7,formation_7_adaptive_split,131,26.2,1784488200,adaptive_clusters,finish_first,r02,r02,True,upper,bypass,local,3,3,7.85183,-1.0506,-0.22979,0.3775,0.32115,926,1000,108,21,0,0,0000,---,False,0.37391,-0.06778,0.3775,0.32115,8.29534,-0.96704,cached_adaptive_split,w,"$1,0,0,0,0,0,0,0,0#",19000,20000,Set tank.c app_speed/duty level to the logged pwm before sending the move key/protocol command; e=stop.,8.25237,22.03908,0,0,0,0.13905,0.06371,4.13065,7.8091,-0.11301,4.1924,7.9129,7.8091,0.81193,21,-0.0297,9,0,153.52158,57.45418,0.3676,0.2981,1,False,running
027eea92b7,formation_7_adaptive_split,131,26.2,1784488200,adaptive_clusters,finish_first,r03,r03,True,upper,bypass,local,3,3,8.55895,0.30131,-0.21235,0.37915,-0.18696,1000,958,-123,57,0,0,0000,---,False,0.36895,-0.09097,0.37915,-0.18696,8.97007,0.41379,cached_adaptive_split,w,"$1,0,0,0,0,0,0,0,0#",20000,19000,Set tank.c app_speed/duty level to the logged pwm before sending the move key/protocol command; e=stop.,8.75801,23.17003,0,2,0,0.15035,0.05246,3.74459,7.8091,-0.11301,4.1924,7.9129,7.8091,0.81193,21,-0.0297,9,0,153.52158,57.45418,0.3676,0.2981,1,False,running
027eea92b7,formation_7_adaptive_split,131,26.2,1784488200,adaptive_clusters,finish_first,r04,r04,True,upper,bypass,local,3,3,6.81868,-0.38867,0.34179,0.37781,0.30052,931,1000,107,51,0,0,0000,---,False,0.35161,0.14412,0.37781,0.30052,7.17033,-0.11041,cached_adaptive_split,w,"$1,0,0,0,0,0,0,0,0#",19000,20000,Set tank.c app_speed/duty level to the logged pwm before sending the move key/protocol command; e=stop.,7.56018,20.41245,9,2,0,0.26511,-0.02968,4.9114,7.8091,-0.11301,4.1924,7.9129,7.8091,0.81193,21,-0.0297,9,0,153.52158,57.45418,0.3676,0.2981,1,False,running
027eea92b7,formation_7_adaptive_split,131,26.2,1784488200,adaptive_clusters,finish_first,r05,r05,True,upper,bypass,local,3,3,7.12847,0.02306,1.08935,0.37703,-0.35024,1000,918,-98,33,0,0,1100,---,False,0.19423,0.32661,0.37703,-0.35024,7.58785,0.14118,cached_adaptive_split,d,"$4,0,0,0,0,0,0,0,0#",20000,18000,Set tank.c app_speed/duty level to the logged pwm before sending the move key/protocol command; e=stop.,7.72143,20.81399,9,4,0,0.25181,-0.02968,4.95436,7.8091,-0.11301,4.1924,7.9129,7.8091,0.81193,21,-0.0297,9,0,153.52158,57.45418,0.3676,0.2981,1,False,running
027eea92b7,formation_7_adaptive_split,131,26.2,1784488200,adaptive_clusters,finish_first,r06,r06,True,upper,bypass,local,3,3,8.09857,0.40387,0.14141,0.37812,-0.2788,1000,936,-117,47,0,0,0000,---,False,0.37819,0.03703,0.37812,-0.2788,8.52628,0.52138,cached_adaptive_split,w,"$1,0,0,0,0,0,0,0,0#",20000,19000,Set tank.c app_speed/duty level to the logged pwm before sending the move key/protocol command; e=stop.,8.26814,22.16818,0,2,0,0.11988,0.04777,4.37076,7.8091,-0.11301,4.1924,7.9129,7.8091,0.81193,21,-0.0297,9,0,153.52158,57.45418,0.3676,0.2981,1,False,running
027eea92b7,formation_7_adaptive_split,131,26.2,1784488200,adaptive_clusters,finish_first,r07,r07,True,upper,bypass,local,3,3,7.87891,0.86944,0.02818,0.3116,0.00017,820,820,-95,93,0,0,0000,---,False,0.31148,0.00879,0.3116,0.00017,8.34069,0.88247,cached_adaptive_split,w,"$1,0,0,0,0,0,0,0,0#",16000,16000,Set tank.c app_speed/duty level to the logged pwm before sending the move key/protocol command; e=stop.,8.50335,22.59363,0,0,0,0.12307,0.12674,3.6544,7.8091,-0.11301,4.1924,7.9129,7.8091,0.81193,21,-0.0297,9,0,153.52158,57.45418,0.3676,0.2981,1,False,running
027eea92b7,formation_7_adaptive_split,132,26.4,1784488400,adaptive_clusters,finish_first,r01,r01,True,upper,bypass,local,3,3,8.3866,-0.90283,0.6752,0.3733,0.52643,872,1000,104,25,0,0,0000,---,False,0.27598,0.26122,0.3733,0.52643,8.48268,-0.4665,cached_adaptive_split,a,"$3,0,0,0,0,0,0,0,0#",17000,20000,Set tank.c app_speed/duty level to the logged pwm before sending the move key/protocol command; e=stop.,8.46536,22.51359,0,2,0,0.13509,0.05246,3.71491,7.87385,-0.09587,4.1273,7.9798,7.8739,0.81076,21,-0.0297,9,0,154.8498,57.96851,0.3674,0.2983,1,False,running
027eea92b7,formation_7_adaptive_split,132,26.4,1784488400,adaptive_clusters,finish_first,r02,r02,True,upper,bypass,local,3,3,7.92606,-1.06064,-0.13456,0.37452,0.47615,885,1000,109,22,0,0,0000,---,False,0.37932,-0.02269,0.37452,0.47615,8.34423,-0.9305,cached_adaptive_split,a,"$3,0,0,0,0,0,0,0,0#",18000,20000,Set tank.c app_speed/duty level to the logged pwm before sending the move key/protocol command; e=stop.,8.32728,22.23086,0,0,0,0.13905,0.06371,4.06024,7.87385,-0.09587,4.1273,7.9798,7.8739,0.81076,21,-0.0297,9,0,154.8498,57.96851,0.3674,0.2983,1,False,running
027eea92b7,formation_7_adaptive_split,132,26.4,1784488400,adaptive_clusters,finish_first,r03,r03,True,upper,bypass,local,3,3,8.63255,0.28289,-0.24521,0.37935,-0.16431,1000,964,-125,61,0,0,0000,---,False,0.36613,-0.10174,0.37935,-0.16431,9.04663,0.42199,cached_adaptive_split,w,"$1,0,0,0,0,0,0,0,0#",20000,19000,Set tank.c app_speed/duty level to the logged pwm before sending the move key/protocol command; e=stop.,8.83388,23.36819,0,2,0,0.15035,0.05246,3.66923,7.87385,-0.09587,4.1273,7.9798,7.8739,0.81076,21,-0.0297,9,0,154.8498,57.96851,0.3674,0.2983,1,False,running
027eea92b7,formation_7_adaptive_split,132,26.4,1784488400,adaptive_clusters,finish_first,r04,r04,True,upper,bypass,local,3,3,6.88833,-0.35927,0.39941,0.37799,0.28813,934,1000,107,52,0,0,0000,---,False,0.34304,0.16347,0.37799,0.28813,7.23411,-0.07561,cached_adaptive_split,w,"$1,0,0,0,0,0,0,0,0#",19000,20000,Set tank.c app_speed/duty level to the logged pwm before sending the move key/protocol command; e=stop.,7.63578,20.6075,9,2,0,0.26511,-0.02968,4.83903,7.87385,-0.09587,4.1273,7.9798,7.8739,0.81076,21,-0.0297,9,0,154.8498,57.96851,0.3674,0.2983,1,False,running
027eea92b7,formation_7_adaptive_split,132,26.4,1784488400,adaptive_clusters,finish_first,r05,r05,True,upper,bypass,local,3,3,7.16828,0.08699,1.01381,0.37655,-0.37769,1000,911,-98,33,0,0,1000,---,False,0.21966,0.31008,0.37655,-0.37769,7.63115,0.18354,cached_adaptive_split,d,"$4,0,0,0,0,0,0,0,0#",20000,18000,Set tank.c app_speed/duty level to the logged pwm before sending the move key/protocol command; e=stop.,7.79674,21.0069,9,4,0,0.25181,-0.02968,4.91344,7.87385,-0.09587,4.1273,7.9798,7.8739,0.81076,21,-0.0297,9,0,154.8498,57.96851,0.3674,0.2983,1,False,running
027eea92b7,formation_7_adaptive_split,132,26.4,1784488400,adaptive_clusters,finish_first,r06,r06,True,upper,bypass,local,3,3,8.17394,0.41058,0.08881,0.37833,-0.26299,1000,940,-119,48,0,0,0000,---,False,0.37957,0.01804,0.37833,-0.26299,8.60024,0.53592,cached_adaptive_split,w,"$1,0,0,0,0,0,0,0,0#",20000,19000,Set tank.c app_speed/duty level to the logged pwm before sending the move key/protocol command; e=stop.,8.34381,22.36387,0,2,0,0.11988,0.04777,4.29595,7.87385,-0.09587,4.1273,7.9798,7.8739,0.81076,21,-0.0297,9,0,154.8498,57.96851,0.3674,0.2983,1,False,running
027eea92b7,formation_7_adaptive_split,132,26.4,1784488400,adaptive_clusters,finish_first,r07,r07,True,upper,bypass,local,3,3,7.9412,0.8712,0.0282,0.3116,7e-05,820,820,-98,94,0,0,0000,---,False,0.31148,0.00879,0.3116,7e-05,8.40299,0.88423,cached_adaptive_split,w,"$1,0,0,0,0,0,0,0,0#",16000,16000,Set tank.c app_speed/duty level to the logged pwm before sending the move key/protocol command; e=stop.,8.56567,22.75888,0,0,0,0.12307,0.12674,3.59268,7.87385,-0.09587,4.1273,7.9798,7.8739,0.81076,21,-0.0297,9,0,154.8498,57.96851,0.3674,0.2983,1,False,running
027eea92b7,formation_7_adaptive_split,133,26.6,1784488600,adaptive_clusters,finish_first,r01,r01,True,upper,bypass,local,3,3,8.44118,-0.85114,0.75817,0.37584,0.41483,902,1000,105,28,0,0,0000,---,False,0.25831,0.2787,0.37584,0.41483,8.54718,-0.42443,adaptive_split_to_bypass_target,a,"$3,0,0,0,0,0,0,0,0#",18000,20000,Set tank.c app_speed/duty level to the logged pwm before sending the move key/protocol command; e=stop.,8.54052,22.70661,0,2,0,0.13509,0.05246,3.65554,7.93854,-0.07754,4.0622,8.0471,7.9385,0.80608,20,-0.0297,9,0,156.17955,58.48273,0.3673,0.2984,1,False,running
027eea92b7,formation_7_adaptive_split,133,26.6,1784488600,adaptive_clusters,finish_first,r02,r02,True,upper,bypass,local,3,3,8.00025,-1.06156,-0.01231,0.37098,0.61124,848,1000,109,23,0,0,0000,---,False,0.37867,0.03178,0.37098,0.61124,8.36163,-0.8555,adaptive_split_to_bypass_target,a,"$3,0,0,0,0,0,0,0,0#",17000,20000,Set tank.c app_speed/duty level to the logged pwm before sending the move key/protocol command; e=stop.,8.40147,22.41878,0,0,0,0.13905,0.06371,3.98802,7.93854,-0.07754,4.0622,8.0471,7.9385,0.80608,20,-0.0297,9,0,156.17955,58.48273,0.3673,0.2984,1,False,running
027eea92b7,formation_7_adaptive_split,133,26.6,1784488600,adaptive_clusters,finish_first,r03,r03,True,upper,bypass,local,3,3,8.70564,0.26242,-0.27308,0.37953,-0.13932,1000,969,-126,66,0,0,0000,---,False,0.36359,-0.11047,0.37953,-0.13932,9.12242,0.43558,adaptive_split_to_bypass_target,w,"$1,0,0,0,0,0,0,0,0#",20000,19000,Set tank.c app_speed/duty level to the logged pwm before sending the move key/protocol command; e=stop.,8.90978,23.56688,0,2,0,0.15035,0.05246,3.59413,7.93854,-0.07754,4.0622,8.0471,7.9385,0.80608,20,-0.0297,9,0,156.17955,58.48273,0.3673,0.2984,1,False,running
027eea92b7,formation_7_adaptive_split,133,26.6,1784488600,adaptive_clusters,finish_first,r04,r04,True,upper,bypass,local,3,3,6.95655,-0.32644,0.44842,0.37855,0.24503,945,1000,-34,46,0,0,0000,---,False,0.33583,0.17781,0.37855,0.24503,7.30781,-0.05332,adaptive_split_to_bypass_target,w,"$1,0,0,0,0,0,0,0,0#",19000,20000,Set tank.c app_speed/duty level to the logged pwm before sending the move key/protocol command; e=stop.,7.71149,20.80399,9,2,0,0.26511,-0.02968,4.76785,7.93854,-0.07754,4.0622,8.0471,7.9385,0.80608,20,-0.0297,9,0,156.17955,58.48273,0.3673,0.2984,1,False,running
027eea92b7,formation_7_adaptive_split,133,26.6,1784488600,adaptive_clusters,finish_first,r05,r05,True,upper,bypass,local,3,3,7.21306,0.14742,0.93315,0.37606,-0.40331,1000,905,-99,34,0,0,0000,---,False,0.2451,0.29039,0.37606,-0.40331,7.68062,0.21227,adaptive_split_to_bypass_target,d,"$4,0,0,0,0,0,0,0,0#",20000,18000,Set tank.c app_speed/duty level to the logged pwm before sending the move key/protocol command; e=stop.,7.87196,21.1992,9,4,0,0.25181,-0.02968,4.86838,7.93854,-0.07754,4.0622,8.0471,7.9385,0.80608,20,-0.0297,9,0,156.17955,58.48273,0.3673,0.2984,1,False,running
027eea92b7,formation_7_adaptive_split,133,26.6,1784488600,adaptive_clusters,finish_first,r06,r06,True,upper,bypass,local,3,3,8.24959,0.41356,0.03938,0.37852,-0.24714,1000,944,-120,50,0,0,0000,---,False,0.38,0.00021,0.37852,-0.24714,8.67438,0.54804,adaptive_split_to_bypass_target,w,"$1,0,0,0,0,0,0,0,0#",20000,19000,Set tank.c app_speed/duty level to the logged pwm before sending the move key/protocol command; e=stop.,8.41951,22.55996,0,2,0,0.11988,0.04777,4.22065,7.93854,-0.07754,4.0622,8.0471,7.9385,0.80608,20,-0.0297,9,0,156.17955,58.48273,0.3673,0.2984,1,False,running
027eea92b7,formation_7_adaptive_split,133,26.6,1784488600,adaptive_clusters,finish_first,r07,r07,True,upper,bypass,local,3,3,8.0035,0.87295,0.0282,0.3116,3e-05,820,820,-100,94,0,0,0000,---,False,0.31148,0.00879,0.3116,3e-05,8.46528,0.88598,adaptive_split_to_bypass_target,w,"$1,0,0,0,0,0,0,0,0#",16000,16000,Set tank.c app_speed/duty level to the logged pwm before sending the move key/protocol command; e=stop.,8.62799,22.92412,0,0,0,0.12307,0.12674,3.53099,7.93854,-0.07754,4.0622,8.0471,7.9385,0.80608,20,-0.0297,9,0,156.17955,58.48273,0.3673,0.2984,1,False,running
027eea92b7,formation_7_adaptive_split,134,26.8,1784488800,adaptive_clusters,finish_first,r01,r01,True,upper,bypass,local,3,3,8.49183,-0.7954,0.83315,0.3766,0.37493,912,1000,106,31,0,0,0000,---,False,0.23856,0.29578,0.3766,0.37493,8.60164,-0.37,cached_adaptive_split,a,"$3,0,0,0,0,0,0,0,0#",18000,20000,Set tank.c app_speed/duty level to the logged pwm before sending the move key/protocol command; e=stop.,8.61584,22.89978,0,2,0,0.13509,0.05246,3.60037,7.9992,-0.05815,4.0012,8.1107,7.9992,0.80459,20,-0.0297,9,0,157.47459,58.97504,0.3517,0.2985,1,False,running
027eea92b7,formation_7_adaptive_split,134,26.8,1784488800,adaptive_clusters,finish_first,r02,r02,True,upper,bypass,local,3,3,8.07374,-1.05294,0.1167,0.36996,0.64509,838,1000,108,22,0,0,0000,---,False,0.371,0.08221,0.36996,0.64509,8.38798,-0.78315,cached_adaptive_split,a,"$3,0,0,0,0,0,0,0,0#",17000,20000,Set tank.c app_speed/duty level to the logged pwm before sending the move key/protocol command; e=stop.,8.47547,22.60448,0,0,0,0.13905,0.06371,3.91443,7.9992,-0.05815,4.0012,8.1107,7.9992,0.80459,20,-0.0297,9,0,157.47459,58.97504,0.3517,0.2985,1,False,running
027eea92b7,formation_7_adaptive_split,134,26.8,1784488800,adaptive_clusters,finish_first,r03,r03,True,upper,bypass,local,2,3,8.77831,0.24035,-0.29493,0.37971,-0.10924,1000,976,-128,71,0,0,0000,---,False,0.36164,-0.11668,0.37971,-0.10924,9.14796,0.44017,cached_adaptive_split,w,"$1,0,0,0,0,0,0,0,0#",20000,20000,Set tank.c app_speed/duty level to the logged pwm before sending the move key/protocol command; e=stop.,8.98573,23.76631,0,2,0,0.15035,0.05246,3.51929,7.9992,-0.05815,4.0012,8.1107,7.9992,0.80459,20,-0.0297,9,0,157.47459,58.97504,0.3517,0.2985,1,False,running
027eea92b7,formation_7_adaptive_split,134,26.8,1784488800,adaptive_clusters,finish_first,r04,r04,True,upper,bypass,local,3,3,6.99702,-0.29113,0.71743,0.26855,1.34503,424,990,-52,42,0,0,0000,---,False,0.07099,0.37331,0.26855,1.34503,7.37525,-0.01957,cached_adaptive_split,a,"$3,0,0,0,0,0,0,0,0#",8000,20000,Set tank.c app_speed/duty level to the logged pwm before sending the move key/protocol command; e=stop.,7.7652,20.96627,9,2,0,0.26511,-0.02968,4.72422,7.9992,-0.05815,4.0012,8.1107,7.9992,0.80459,20,-0.0297,9,0,157.47459,58.97504,0.3517,0.2985,1,False,running
027eea92b7,formation_7_adaptive_split,134,26.8,1784488800,adaptive_clusters,finish_first,r05,r05,True,upper,bypass,local,3,3,7.26238,0.20431,0.85651,0.37645,-0.3832,1000,910,-100,35,0,0,0000,---,False,0.26576,0.27161,0.37645,-0.3832,7.72869,0.25558,cached_adaptive_split,d,"$4,0,0,0,0,0,0,0,0#",20000,18000,Set tank.c app_speed/duty level to the logged pwm before sending the move key/protocol command; e=stop.,7.94724,21.39194,9,4,0,0.25181,-0.02968,4.81947,7.9992,-0.05815,4.0012,8.1107,7.9992,0.80459,20,-0.0297,9,0,157.47459,58.97504,0.3517,0.2985,1,False,running
027eea92b7,formation_7_adaptive_split,134,26.8,1784488800,adaptive_clusters,finish_first,r06,r06,True,upper,bypass,local,3,3,8.32532,0.41304,-0.00689,0.3787,-0.23136,1000,948,-121,53,0,0,0000,---,False,0.37964,-0.01643,0.3787,-0.23136,8.74839,0.55806,cached_adaptive_split,w,"$1,0,0,0,0,0,0,0,0#",20000,19000,Set tank.c app_speed/duty level to the logged pwm before sending the move key/protocol command; e=stop.,8.49525,22.75645,0,2,0,0.11988,0.04777,4.14504,7.9992,-0.05815,4.0012,8.1107,7.9992,0.80459,20,-0.0297,9,0,157.47459,58.97504,0.3517,0.2985,1,False,running
027eea92b7,formation_7_adaptive_split,134,26.8,1784488800,adaptive_clusters,finish_first,r07,r07,True,upper,bypass,local,3,3,8.06579,0.87471,0.02821,0.3116,1e-05,820,820,-103,94,0,0,0000,---,False,0.31148,0.00879,0.3116,1e-05,8.52758,0.88774,cached_adaptive_split,w,"$1,0,0,0,0,0,0,0,0#",16000,16000,Set tank.c app_speed/duty level to the logged pwm before sending the move key/protocol command; e=stop.,8.69031,23.08937,0,0,0,0.12307,0.12674,3.46931,7.9992,-0.05815,4.0012,8.1107,7.9992,0.80459,20,-0.0297,9,0,157.47459,58.97504,0.3517,0.2985,1,False,running
027eea92b7,formation_7_adaptive_split,135,27.0,1784489000,adaptive_clusters,finish_first,r01,r01,True,upper,bypass,local,3,3,8.53837,-0.73612,0.90521,0.37686,0.36031,916,1000,107,35,0,0,0000,---,False,0.21737,0.31169,0.37686,0.36031,8.64791,-0.30845,cached_adaptive_split,a,"$3,0,0,0,0,0,0,0,0#",18000,20000,Set tank.c app_speed/duty level to the logged pwm before sending the move key/protocol command; e=stop.,8.69121,23.09305,0,2,0,0.13509,0.05246,3.54981,8.05792,-0.03539,3.9422,8.1737,8.0579,0.80186,20,-0.0297,9,0,158.76128,59.47468,0.3569,0.2984,1,False,running
027eea92b7,formation_7_adaptive_split,135,27.0,1784489000,adaptive_clusters,finish_first,r02,r02,True,upper,bypass,local,3,3,8.14567,-1.03516,0.2424,0.37047,0.62847,843,1000,107,21,0,0,0000,---,False,0.3581,0.12714,0.37047,0.62847,8.41991,-0.71308,cached_adaptive_split,a,"$3,0,0,0,0,0,0,0,0#",17000,20000,Set tank.c app_speed/duty level to the logged pwm before sending the move key/protocol command; e=stop.,8.54956,22.79047,0,0,0,0.13905,0.06371,3.84035,8.05792,-0.03539,3.9422,8.1737,8.0579,0.80186,20,-0.0297,9,0,158.76128,59.47468,0.3569,0.2984,1,False,running
027eea92b7,formation_7_adaptive_split,135,27.0,1784489000,adaptive_clusters,finish_first,r03,r03,True,upper,bypass,local,2,3,8.84983,0.21746,-0.30981,0.37547,-0.07441,1000,972,-130,76,0,0,0000,---,False,0.35635,-0.11869,0.37547,-0.07441,9.15562,0.44154,cached_adaptive_split,w,"$1,0,0,0,0,0,0,0,0#",20000,19000,Set tank.c app_speed/duty level to the logged pwm before sending the move key/protocol command; e=stop.,9.06082,23.9657,0,2,0,0.15035,0.05246,3.44555,8.05792,-0.03539,3.9422,8.1737,8.0579,0.80186,20,-0.0297,9,0,158.76128,59.47468,0.3569,0.2984,1,False,running
027eea92b7,formation_7_adaptive_split,135,27.0,1784489000,adaptive_clusters,finish_first,r04,r04,True,upper,bypass,local,3,3,7.02674,-0.23715,1.06758,0.3081,1.75077,442,1000,-77,39,0,0,0000,---,False,0.08593,0.37016,0.3081,1.75077,7.42506,0.01352,cached_adaptive_split,a,"$3,0,0,0,0,0,0,0,0#",9000,20000,Set tank.c app_speed/duty level to the logged pwm before sending the move key/protocol command; e=stop.,7.82682,21.11892,9,2,0,0.26511,-0.02968,4.68996,8.05792,-0.03539,3.9422,8.1737,8.0579,0.80186,20,-0.0297,9,0,158.76128,59.47468,0.3569,0.2984,1,False,running
027eea92b7,formation_7_adaptive_split,135,27.0,1784489000,adaptive_clusters,finish_first,r05,r05,True,upper,bypass,local,3,3,7.31574,0.25753,0.78405,0.37682,-0.36229,1000,915,-101,37,0,0,0000,---,False,0.2839,0.25259,0.37682,-0.36229,7.77928,0.30109,cached_adaptive_split,d,"$4,0,0,0,0,0,0,0,0#",20000,18000,Set tank.c app_speed/duty level to the logged pwm before sending the move key/protocol command; e=stop.,8.02261,21.58519,9,4,0,0.25181,-0.02968,4.76711,8.05792,-0.03539,3.9422,8.1737,8.0579,0.80186,20,-0.0297,9,0,158.76128,59.47468,0.3569,0.2984,1,False,running
027eea92b7,formation_7_adaptive_split,135,27.0,1784489000,adaptive_clusters,finish_first,r06,r06,True,upper,bypass,local,3,3,8.401,0.40925,-0.05003,0.37887,-0.2157,1000,952,-122,56,0,0,0000,---,False,0.37866,-0.03186,0.37887,-0.2157,8.82198,0.56637,cached_adaptive_split,w,"$1,0,0,0,0,0,0,0,0#",20000,19000,Set tank.c app_speed/duty level to the logged pwm before sending the move key/protocol command; e=stop.,8.57103,22.95333,0,2,0,0.11988,0.04777,4.06927,8.05792,-0.03539,3.9422,8.1737,8.0579,0.80186,20,-0.0297,9,0,158.76128,59.47468,0.3569,0.2984,1,False,running
027eea92b7,formation_7_adaptive_split,135,27.0,1784489000,adaptive_clusters,finish_first,r07,r07,True,upper,bypass,local,3,3,8.12809,0.87647,0.02821,0.3116,0.0,820,820,-106,94,0,0,0000,---,False,0.31148,0.00879,0.3116,0.0,8.58987,0.8895,cached_adaptive_split,w,"$1,0,0,0,0,0,0,0,0#",16000,16000,Set tank.c app_speed/duty level to the logged pwm before sending the move key/protocol command; e=stop.,8.75263,23.25462,0,0,0,0.12307,0.12674,3.40766,8.05792,-0.03539,3.9422,8.1737,8.0579,0.80186,20,-0.0297,9,0,158.76128,59.47468,0.3569,0.2984,1,False,running
027eea92b7,formation_7_adaptive_split,136,27.2,1784489200,adaptive_clusters,finish_first,r01,r01,True,upper,bypass,local,3,3,8.58065,-0.67368,0.97564,0.377,0.35214,918,1000,108,39,0,0,0000,---,False,0.19531,0.32597,0.377,0.35214,8.68775,-0.24256,cached_adaptive_split,a,"$3,0,0,0,0,0,0,0,0#",18000,20000,Set tank.c app_speed/duty level to the logged pwm before sending the move key/protocol command; e=stop.,8.76661,23.28645,0,2,0,0.13509,0.05246,3.50428,8.11313,-0.00729,3.8869,8.2357,8.1131,0.79533,20,-0.0297,9,0,160.06026,59.96534,0.3505,0.2983,1,False,running
027eea92b7,formation_7_adaptive_split,136,27.2,1784489200,adaptive_clusters,finish_first,r02,r02,True,upper,bypass,local,3,3,8.21519,-1.00893,0.3608,0.37154,0.59201,853,1000,106,21,0,0,0000,---,False,0.34153,0.1666,0.37154,0.59201,8.45501,-0.64454,cached_adaptive_split,a,"$3,0,0,0,0,0,0,0,0#",17000,20000,Set tank.c app_speed/duty level to the logged pwm before sending the move key/protocol command; e=stop.,8.62387,22.97771,0,0,0,0.13905,0.06371,3.76677,8.11313,-0.00729,3.8869,8.2357,8.1131,0.79533,20,-0.0297,9,0,160.06026,59.96534,0.3505,0.2983,1,False,running
027eea92b7,formation_7_adaptive_split,136,27.2,1784489200,adaptive_clusters,finish_first,r03,r03,True,upper,bypass,local,2,3,8.90263,0.21191,-0.10469,0.26547,1.02559,483,915,-143,80,0,0,0000,---,False,0.25184,0.1835,0.26547,1.02559,9.15792,0.44195,cached_adaptive_split,a,"$3,0,0,0,0,0,0,0,0#",10000,18000,Set tank.c app_speed/duty level to the logged pwm before sending the move key/protocol command; e=stop.,9.11391,24.12636,0,2,0,0.15035,0.05246,3.39246,8.11313,-0.00729,3.8869,8.2357,8.1131,0.79533,20,-0.0297,9,0,160.06026,59.96534,0.3505,0.2983,1,False,running
027eea92b7,formation_7_adaptive_split,136,27.2,1784489200,adaptive_clusters,finish_first,r04,r04,True,upper,bypass,local,3,3,7.05382,-0.16795,1.19773,0.37156,0.65077,841,1000,-89,36,0,0,0000,---,False,0.10942,0.3639,0.37156,0.65077,7.46764,0.05127,cached_adaptive_split,a,"$3,0,0,0,0,0,0,0,0#",17000,20000,Set tank.c app_speed/duty level to the logged pwm before sending the move key/protocol command; e=stop.,7.90113,21.32058,9,2,0,0.26511,-0.02968,4.65787,8.11313,-0.00729,3.8869,8.2357,8.1131,0.79533,20,-0.0297,9,0,160.06026,59.96534,0.3505,0.2983,1,False,running
027eea92b7,formation_7_adaptive_split,136,27.2,1784489200,adaptive_clusters,finish_first,r05,r05,True,upper,bypass,local,3,3,7.3727,0.30696,0.71474,0.37709,-0.34656,1000,919,-102,39,0,0,0000,---,False,0.30013,0.23307,0.37709,-0.34656,7.83326,0.34501,cached_adaptive_split,d,"$4,0,0,0,0,0,0,0,0#",20000,18000,Set tank.c app_speed/duty level to the logged pwm before sending the move key/protocol command; e=stop.,8.09803,21.77877,9,4,0,0.25181,-0.02968,4.71165,8.11313,-0.00729,3.8869,8.2357,8.1131,0.79533,20,-0.0297,9,0,160.06026,59.96534,0.3505,0.2983,1,False,running
027eea92b7,formation_7_adaptive_split,136,27.2,1784489200,adaptive_clusters,finish_first,r06,r06,True,upper,bypass,local,3,3,8.4765,0.40243,-0.09007,0.37903,-0.20018,1000,955,-123,59,0,0,0000,---,False,0.3772,-0.04607,0.37903,-0.20018,8.89483,0.57336,cached_adaptive_split,w,"$1,0,0,0,0,0,0,0,0#",20000,19000,Set tank.c app_speed/duty level to the logged pwm before sending the move key/protocol command; e=stop.,8.64683,23.15052,0,2,0,0.11988,0.04777,3.99349,8.11313,-0.00729,3.8869,8.2357,8.1131,0.79533,20,-0.0297,9,0,160.06026,59.96534,0.3505,0.2983,1,False,running
027eea92b7,formation_7_adaptive_split,136,27.2,1784489200,adaptive_clusters,finish_first,r07,r07,True,upper,bypass,local,3,3,8.19038,0.87823,0.02821,0.3116,0.0,820,820,-108,95,0,0,0000,---,False,0.31148,0.00879,0.3116,0.0,8.65217,0.89126,cached_adaptive_split,w,"$1,0,0,0,0,0,0,0,0#",16000,16000,Set tank.c app_speed/duty level to the logged pwm before sending the move key/protocol command; e=stop.,8.81495,23.41986,0,0,0,0.12307,0.12674,3.34603,8.11313,-0.00729,3.8869,8.2357,8.1131,0.79533,20,-0.0297,9,0,160.06026,59.96534,0.3505,0.2983,1,False,running
027eea92b7,formation_7_adaptive_split,137,27.4,1784489400,adaptive_clusters,finish_first,r01,r01,True,upper,bypass,local,3,3,8.61853,-0.60846,1.04452,0.37713,0.34438,920,1000,109,43,0,0,0000,---,False,0.17283,0.33842,0.37713,0.34438,8.72195,-0.17442,adaptive_split_to_bypass_target,a,"$3,0,0,0,0,0,0,0,0#",18000,20000,Set tank.c app_speed/duty level to the logged pwm before sending the move key/protocol command; e=stop.,8.84204,23.48005,0,2,0,0.13509,0.05246,3.4641,8.16323,0.02632,3.8369,8.296,8.1632,0.78576,19,-0.0297,9,0,161.30359,60.42717,0.3299,0.2979,1,False,running
027eea92b7,formation_7_adaptive_split,137,27.4,1784489400,adaptive_clusters,finish_first,r02,r02,True,upper,bypass,local,3,3,8.28138,-0.97489,0.47486,0.37214,0.57032,859,1000,105,21,0,0,0000,---,False,0.32105,0.20329,0.37214,0.57032,8.48113,-0.57211,adaptive_split_to_bypass_target,a,"$3,0,0,0,0,0,0,0,0#",17000,20000,Set tank.c app_speed/duty level to the logged pwm before sending the move key/protocol command; e=stop.,8.6983,23.16536,0,0,0,0.13905,0.06371,3.6948,8.16323,0.02632,3.8369,8.296,8.1632,0.78576,19,-0.0297,9,0,161.30359,60.42717,0.3299,0.2979,1,False,running
027eea92b7,formation_7_adaptive_split,137,27.4,1784489400,adaptive_clusters,finish_first,r03,r03,True,upper,bypass,local,2,3,8.94224,0.22505,0.32043,0.20867,2.12559,102,997,-168,84,0,0,0000,---,False,0.23171,0.20834,0.20867,2.12559,9.15861,0.44208,adaptive_split_to_bypass_target,a,"$3,0,0,0,0,0,0,0,0#",4000,20000,Set tank.c app_speed/duty level to the logged pwm before sending the move key/protocol command; e=stop.,9.15565,24.25264,0,2,0,0.15035,0.05246,3.35472,8.16323,0.02632,3.8369,8.296,8.1632,0.78576,19,-0.0297,9,0,161.30359,60.42717,0.3299,0.2979,1,False,running
027eea92b7,formation_7_adaptive_split,137,27.4,1784489400,adaptive_clusters,finish_first,r04,r04,True,upper,bypass,local,3,3,7.08216,-0.09744,1.18871,0.37995,-0.04511,1000,990,-94,34,0,0,0000,---,False,0.14418,0.35158,0.37995,-0.04511,7.52273,0.07073,adaptive_split_to_bypass_target,w,"$1,0,0,0,0,0,0,0,0#",20000,20000,Set tank.c app_speed/duty level to the logged pwm before sending the move key/protocol command; e=stop.,7.97712,21.52873,9,2,0,0.26511,-0.02968,4.62542,8.16323,0.02632,3.8369,8.296,8.1632,0.78576,19,-0.0297,9,0,161.30359,60.42717,0.3299,0.2979,1,False,running
027eea92b7,formation_7_adaptive_split,137,27.4,1784489400,adaptive_clusters,finish_first,r05,r05,True,upper,bypass,local,3,3,7.43287,0.35249,0.64782,0.37729,-0.33461,1000,922,-103,42,0,0,0000,---,False,0.31465,0.21307,0.37729,-0.33461,7.89057,0.38614,adaptive_split_to_bypass_target,d,"$4,0,0,0,0,0,0,0,0#",20000,18000,Set tank.c app_speed/duty level to the logged pwm before sending the move key/protocol command; e=stop.,8.17349,21.97262,9,4,0,0.25181,-0.02968,4.65336,8.16323,0.02632,3.8369,8.296,8.1632,0.78576,19,-0.0297,9,0,161.30359,60.42717,0.3299,0.2979,1,False,running
027eea92b7,formation_7_adaptive_split,137,27.4,1784489400,adaptive_clusters,finish_first,r06,r06,True,upper,bypass,local,3,3,8.53275,0.4075,0.0899,0.28236,0.89982,554,933,-136,63,0,0,0000,---,False,0.29307,0.10584,0.28236,0.89982,8.96663,0.57944,adaptive_split_to_bypass_target,a,"$3,0,0,0,0,0,0,0,0#",11000,19000,Set tank.c app_speed/duty level to the logged pwm before sending the move key/protocol command; e=stop.,8.70331,23.31908,0,2,0,0.11988,0.04777,3.93771,8.16323,0.02632,3.8369,8.296,8.1632,0.78576,19,-0.0297,9,0,161.30359,60.42717,0.3299,0.2979,1,False,running
027eea92b7,formation_7_adaptive_split,137,27.4,1784489400,adaptive_clusters,finish_first,r07,r07,True,upper,bypass,local,3,3,8.25268,0.87999,0.02821,0.3116,0.0,820,820,-110,96,0,0,0000,---,False,0.31148,0.00879,0.3116,0.0,8.71446,0.89301,adaptive_split_to_bypass_target,w,"$1,0,0,0,0,0,0,0,0#",16000,16000,Set tank.c app_speed/duty level to the logged pwm before sending the move key/protocol command; e=stop.,8.87727,23.58511,0,0,0,0.12307,0.12674,3.28442,8.16323,0.02632,3.8369,8.296,8.1632,0.78576,19,-0.0297,9,0,161.30359,60.42717,0.3299,0.2979,1,False,running
027eea92b7,formation_7_adaptive_split,138,27.6,1784489600,adaptive_clusters,finish_first,r01,r01,True,upper,bypass,local,3,3,8.65198,-0.54082,1.11163,0.37727,0.33553,922,1000,110,47,0,0,0000,---,False,0.15023,0.34904,0.37727,0.33553,8.75083,-0.10608,cached_adaptive_split,a,"$3,0,0,0,0,0,0,0,0#",18000,20000,Set tank.c app_speed/duty level to the logged pwm before sending the move key/protocol command; e=stop.,8.91749,23.67386,0,2,0,0.13509,0.05246,3.42953,8.21448,0.06413,3.7861,8.3597,8.2145,0.77718,20,-0.0297,9,0,162.56806,60.90669,0.3425,0.2976,1,False,running
027eea92b7,formation_7_adaptive_split,138,27.6,1784489600,adaptive_clusters,finish_first,r02,r02,True,upper,bypass,local,3,3,8.34418,-0.93425,0.57437,0.37402,0.49751,880,1000,105,23,0,0,0000,---,False,0.30192,0.23074,0.37402,0.49751,8.52806,-0.51658,cached_adaptive_split,a,"$3,0,0,0,0,0,0,0,0#",18000,20000,Set tank.c app_speed/duty level to the logged pwm before sending the move key/protocol command; e=stop.,8.7731,23.35574,0,0,0,0.13905,0.06371,3.62488,8.21448,0.06413,3.7861,8.3597,8.2145,0.77718,20,-0.0297,9,0,162.56806,60.90669,0.3425,0.2976,1,False,running
027eea92b7,formation_7_adaptive_split,138,27.6,1784489600,adaptive_clusters,finish_first,r03,r03,True,upper,bypass,local,2,3,8.98876,0.25563,0.58143,0.27836,1.30501,458,1000,177,90,0,0,0000,---,False,0.22009,0.22058,0.27836,1.30501,9.15882,0.44211,cached_adaptive_split,a,"$3,0,0,0,0,0,0,0,0#",9000,20000,Set tank.c app_speed/duty level to the logged pwm before sending the move key/protocol command; e=stop.,9.21132,24.41333,0,2,0,0.15035,0.05246,3.31251,8.21448,0.06413,3.7861,8.3597,8.2145,0.77718,20,-0.0297,9,0,162.56806,60.90669,0.3425,0.2976,1,False,running
027eea92b7,formation_7_adaptive_split,138,27.6,1784489600,adaptive_clusters,finish_first,r04,r04,True,upper,bypass,local,3,3,7.11433,-0.02903,1.13125,0.378,-0.28733,1000,934,-96,32,0,0,0011,---,False,0.17706,0.33623,0.378,-0.28733,7.57283,0.09529,cached_adaptive_split,w,"$1,0,0,0,0,0,0,0,0#",20000,19000,Set tank.c app_speed/duty level to the logged pwm before sending the move key/protocol command; e=stop.,8.05272,21.72622,9,2,0,0.26511,-0.02968,4.59025,8.21448,0.06413,3.7861,8.3597,8.2145,0.77718,20,-0.0297,9,0,162.56806,60.90669,0.3425,0.2976,1,False,running
027eea92b7,formation_7_adaptive_split,138,27.6,1784489600,adaptive_clusters,finish_first,r05,r05,True,upper,bypass,local,3,3,7.4959,0.39404,0.5829,0.37745,-0.32461,1000,925,-104,46,0,0,0000,---,False,0.3275,0.19272,0.37745,-0.32461,7.95095,0.42407,cached_adaptive_split,d,"$4,0,0,0,0,0,0,0,0#",20000,18000,Set tank.c app_speed/duty level to the logged pwm before sending the move key/protocol command; e=stop.,8.24898,22.16674,9,4,0,0.25181,-0.02968,4.59251,8.21448,0.06413,3.7861,8.3597,8.2145,0.77718,20,-0.0297,9,0,162.56806,60.90669,0.3425,0.2976,1,False,running
027eea92b7,formation_7_adaptive_split,138,27.6,1784489600,adaptive_clusters,finish_first,r06,r06,True,upper,bypass,local,3,3,8.59125,0.42163,0.23698,0.30091,0.73544,637,947,-146,68,0,0,0000,---,False,0.29243,0.10759,0.30091,0.73544,9.02607,0.589,cached_adaptive_split,a,"$3,0,0,0,0,0,0,0,0#",13000,19000,Set tank.c app_speed/duty level to the logged pwm before sending the move key/protocol command; e=stop.,8.76349,23.48181,0,2,0,0.11988,0.04777,3.88034,8.21448,0.06413,3.7861,8.3597,8.2145,0.77718,20,-0.0297,9,0,162.56806,60.90669,0.3425,0.2976,1,False,running
027eea92b7,formation_7_adaptive_split,138,27.6,1784489600,adaptive_clusters,finish_first,r07,r07,True,upper,bypass,local,3,3,8.31497,0.88174,0.02821,0.3116,0.0,820,820,-113,97,0,0,0000,---,False,0.31148,0.00879,0.3116,0.0,8.77676,0.89477,cached_adaptive_split,w,"$1,0,0,0,0,0,0,0,0#",16000,16000,Set tank.c app_speed/duty level to the logged pwm before sending the move key/protocol command; e=stop.,8.93959,23.75036,0,0,0,0.12307,0.12674,3.22285,8.21448,0.06413,3.7861,8.3597,8.2145,0.77718,20,-0.0297,9,0,162.56806,60.90669,0.3425,0.2976,1,False,running
027eea92b7,formation_7_adaptive_split,139,27.8,1784489800,adaptive_clusters,finish_first,r01,r01,True,upper,bypass,local,3,3,8.68097,-0.47113,1.17655,0.37745,0.32464,925,1000,111,49,0,0,0000,---,False,0.12788,0.35784,0.37745,0.32464,8.77583,-0.03638,cached_adaptive_split,a,"$3,0,0,0,0,0,0,0,0#",18000,20000,Set tank.c app_speed/duty level to the logged pwm before sending the move key/protocol command; e=stop.,8.99298,23.86799,0,2,0,0.13509,0.05246,3.40077,8.26684,0.10294,3.7346,8.4249,8.2668,0.76658,20,-0.0297,9,0,163.87191,61.39955,0.352,0.2974,1,False,running
027eea92b7,formation_7_adaptive_split,139,27.8,1784489800,adaptive_clusters,finish_first,r02,r02,True,upper,bypass,local,3,3,8.40335,-0.88807,0.66276,0.37528,0.44195,895,1000,106,26,0,0,0000,---,False,0.28261,0.25403,0.37528,0.44195,8.57763,-0.46693,cached_adaptive_split,a,"$3,0,0,0,0,0,0,0,0#",18000,20000,Set tank.c app_speed/duty level to the logged pwm before sending the move key/protocol command; e=stop.,8.84815,23.54739,0,0,0,0.13905,0.06371,3.55763,8.26684,0.10294,3.7346,8.4249,8.2668,0.76658,20,-0.0297,9,0,163.87191,61.39955,0.352,0.2974,1,False,running
027eea92b7,formation_7_adaptive_split,139,27.8,1784489800,adaptive_clusters,finish_first,r03,r03,True,upper,bypass,local,2,3,9.03411,0.29551,0.72135,0.30192,0.6996,647,942,170,96,0,0,0000,---,False,0.20999,0.23021,0.30192,0.6996,9.15888,0.44212,cached_adaptive_split,a,"$3,0,0,0,0,0,0,0,0#",13000,19000,Set tank.c app_speed/duty level to the logged pwm before sending the move key/protocol command; e=stop.,9.27171,24.58138,0,2,0,0.15035,0.05246,3.27324,8.26684,0.10294,3.7346,8.4249,8.2668,0.76658,20,-0.0297,9,0,163.87191,61.39955,0.352,0.2974,1,False,running
027eea92b7,formation_7_adaptive_split,139,27.8,1784489800,adaptive_clusters,finish_first,r04,r04,True,upper,bypass,local,3,3,7.15161,0.03634,1.05243,0.37624,-0.39409,1000,907,-97,32,0,0,1100,---,False,0.20834,0.31779,0.37624,-0.39409,7.62273,0.11424,cached_adaptive_split,d,"$4,0,0,0,0,0,0,0,0#",20000,18000,Set tank.c app_speed/duty level to the logged pwm before sending the move key/protocol command; e=stop.,8.12797,21.91964,9,2,0,0.26511,-0.02968,4.55102,8.26684,0.10294,3.7346,8.4249,8.2668,0.76658,20,-0.0297,9,0,163.87191,61.39955,0.352,0.2974,1,False,running
027eea92b7,formation_7_adaptive_split,139,27.8,1784489800,adaptive_clusters,finish_first,r05,r05,True,upper,bypass,local,3,3,7.56144,0.43156,0.51981,0.37759,-0.31542,1000,927,-105,50,0,0,0000,---,False,0.33875,0.17218,0.37759,-0.31542,8.01408,0.45864,cached_adaptive_split,w,"$1,0,0,0,0,0,0,0,0#",20000,19000,Set tank.c app_speed/duty level to the logged pwm before sending the move key/protocol command; e=stop.,8.32449,22.36106,9,4,0,0.25181,-0.02968,4.52932,8.26684,0.10294,3.7346,8.4249,8.2668,0.76658,20,-0.0297,9,0,163.87191,61.39955,0.352,0.2974,1,False,running
027eea92b7,formation_7_adaptive_split,139,27.8,1784489800,adaptive_clusters,finish_first,r06,r06,True,upper,bypass,local,3,3,8.65917,0.43287,0.16407,0.34421,-0.36456,983,829,-144,73,0,0,0000,---,False,0.37239,-0.07568,0.34421,-0.36456,9.0841,0.60385,cached_adaptive_split,d,"$4,0,0,0,0,0,0,0,0#",20000,17000,Set tank.c app_speed/duty level to the logged pwm before sending the move key/protocol command; e=stop.,8.83233,23.67885,0,2,0,0.11988,0.04777,3.81345,8.26684,0.10294,3.7346,8.4249,8.2668,0.76658,20,-0.0297,9,0,163.87191,61.39955,0.352,0.2974,1,False,running
027eea92b7,formation_7_adaptive_split,139,27.8,1784489800,adaptive_clusters,finish_first,r07,r07,True,upper,bypass,local,3,3,8.37727,0.8835,0.02821,0.3116,0.0,820,820,-115,99,0,0,0000,---,False,0.31148,0.00879,0.3116,0.0,8.83906,0.89653,cached_adaptive_split,w,"$1,0,0,0,0,0,0,0,0#",16000,16000,Set tank.c app_speed/duty level to the logged pwm before sending the move key/protocol command; e=stop.,9.00191,23.9156,0,0,0,0.12307,0.12674,3.1613,8.26684,0.10294,3.7346,8.4249,8.2668,0.76658,20,-0.0297,9,0,163.87191,61.39955,0.352,0.2974,1,False,running
027eea92b7,formation_7_adaptive_split,140,28.0,1784490000,adaptive_clusters,finish_first,r01,r01,True,upper,bypass,local,3,3,8.70694,-0.39995,1.22093,0.37881,0.2219,950,1000,113,52,0,0,0000,---,False,0.11773,0.3613,0.37881,0.2219,8.84188,0.0032,adaptive_split_to_bypass_target,w,"$1,0,0,0,0,0,0,0,0#",19000,20000,Set tank.c app_speed/duty level to the logged pwm before sending the move key/protocol command; e=stop.,9.06875,24.06564,0,2,0,0.13509,0.05246,3.37652,8.32016,0.13913,3.6825,8.4893,8.3202,0.75288,19,-0.0297,9,0,165.16841,61.89594,0.3546,0.2971,1,False,running
027eea92b7,formation_7_adaptive_split,140,28.0,1784490000,adaptive_clusters,finish_first,r02,r02,True,upper,bypass,local,3,3,8.45927,-0.83754,0.73482,0.37686,0.36029,916,1000,107,29,0,0,0000,---,False,0.26707,0.27032,0.37686,0.36029,8.64713,-0.43379,adaptive_split_to_bypass_target,a,"$3,0,0,0,0,0,0,0,0#",18000,20000,Set tank.c app_speed/duty level to the logged pwm before sending the move key/protocol command; e=stop.,8.92353,23.74144,0,0,0,0.13905,0.06371,3.49307,8.32016,0.13913,3.6825,8.4893,8.3202,0.75288,19,-0.0297,9,0,165.16841,61.89594,0.3546,0.2971,1,False,running
027eea92b7,formation_7_adaptive_split,140,28.0,1784490000,adaptive_clusters,finish_first,r03,r03,True,upper,bypass,local,2,3,9.08277,0.33401,0.66929,0.31025,-0.26029,871,762,173,102,0,0,0000,---,False,0.25208,0.18317,0.31025,-0.26029,9.23588,0.44213,adaptive_split_to_bypass_target,d,"$4,0,0,0,0,0,0,0,0#",17000,15000,Set tank.c app_speed/duty level to the logged pwm before sending the move key/protocol command; e=stop.,9.33376,24.75619,0,2,0,0.15035,0.05246,3.23111,8.32016,0.13913,3.6825,8.4893,8.3202,0.75288,19,-0.0297,9,0,165.16841,61.89594,0.3546,0.2971,1,False,running
027eea92b7,formation_7_adaptive_split,140,28.0,1784490000,adaptive_clusters,finish_first,r04,r04,True,upper,bypass,local,3,3,7.19412,0.09834,0.96985,0.37588,-0.41291,1000,902,-98,32,0,0,1000,---,False,0.23473,0.29883,0.37588,-0.41291,7.66889,0.14589,adaptive_split_to_bypass_target,d,"$4,0,0,0,0,0,0,0,0#",20000,18000,Set tank.c app_speed/duty level to the logged pwm before sending the move key/protocol command; e=stop.,8.20315,22.11156,9,2,0,0.26511,-0.02968,4.50752,8.32016,0.13913,3.6825,8.4893,8.3202,0.75288,19,-0.0297,9,0,165.16841,61.89594,0.3546,0.2971,1,False,running
027eea92b7,formation_7_adaptive_split,140,28.0,1784490000,adaptive_clusters,finish_first,r05,r05,True,upper,bypass,local,3,3,7.6292,0.46492,0.45747,0.37765,-0.3117,1000,928,-106,53,0,0,0000,---,False,0.34873,0.15095,0.37765,-0.3117,8.08005,0.48672,adaptive_split_to_bypass_target,w,"$1,0,0,0,0,0,0,0,0#",20000,19000,Set tank.c app_speed/duty level to the logged pwm before sending the move key/protocol command; e=stop.,8.40002,22.55541,9,4,0,0.25181,-0.02968,4.46399,8.32016,0.13913,3.6825,8.4893,8.3202,0.75288,19,-0.0297,9,0,165.16841,61.89594,0.3546,0.2971,1,False,running
027eea92b7,formation_7_adaptive_split,140,28.0,1784490000,adaptive_clusters,finish_first,r06,r06,True,upper,bypass,local,3,3,8.72924,0.42891,-0.05642,0.35092,-1.10245,1000,691,-133,78,0,0,0000,---,False,0.37002,-0.0865,0.35092,-1.10245,9.15244,0.60647,adaptive_split_to_bypass_target,d,"$4,0,0,0,0,0,0,0,0#",20000,14000,Set tank.c app_speed/duty level to the logged pwm before sending the move key/protocol command; e=stop.,8.90251,23.85727,0,2,0,0.11988,0.04777,3.74328,8.32016,0.13913,3.6825,8.4893,8.3202,0.75288,19,-0.0297,9,0,165.16841,61.89594,0.3546,0.2971,1,False,running
027eea92b7,formation_7_adaptive_split,140,28.0,1784490000,adaptive_clusters,finish_first,r07,r07,True,upper,bypass,local,3,3,8.43956,0.8852,0.02725,0.3116,-0.00479,821,819,-117,101,0,0,0000,---,False,0.31149,0.00825,0.3116,-0.00479,8.90137,0.89739,adaptive_split_to_bypass_target,w,"$1,0,0,0,0,0,0,0,0#",16000,16000,Set tank.c app_speed/duty level to the logged pwm before sending the move key/protocol command; e=stop.,9.06423,24.0809,0,0,0,0.12307,0.12674,3.09978,8.32016,0.13913,3.6825,8.4893,8.3202,0.75288,19,-0.0297,9,0,165.16841,61.89594,0.3546,0.2971,1,False,running
027eea92b7,formation_7_adaptive_split,141,28.2,1784490200,adaptive_clusters,finish_first,r01,r01,True,upper,bypass,local,3,3,8.73052,-0.32785,1.25473,0.37931,0.16899,963,1000,116,54,0,0,0000,---,False,0.10848,0.36419,0.37931,0.16899,8.90451,0.04799,adaptive_split_to_bypass_target,w,"$1,0,0,0,0,0,0,0,0#",19000,20000,Set tank.c app_speed/duty level to the logged pwm before sending the move key/protocol command; e=stop.,9.14461,24.26403,0,2,0,0.13509,0.05246,3.35625,8.37453,0.17262,3.6296,8.5532,8.3745,0.73711,19,-0.0297,9,0,166.47339,62.39556,0.3569,0.297,1,False,running
027eea92b7,formation_7_adaptive_split,141,28.2,1784490200,adaptive_clusters,finish_first,r02,r02,True,upper,bypass,local,3,3,8.51193,-0.78343,0.79906,0.3775,0.32121,926,1000,109,33,0,0,0000,---,False,0.25093,0.28537,0.3775,0.32121,8.71251,-0.3931,adaptive_split_to_bypass_target,w,"$1,0,0,0,0,0,0,0,0#",19000,20000,Set tank.c app_speed/duty level to the logged pwm before sending the move key/protocol command; e=stop.,8.99903,23.936,0,0,0,0.13905,0.06371,3.43155,8.37453,0.17262,3.6296,8.5532,8.3745,0.73711,19,-0.0297,9,0,166.47339,62.39556,0.3569,0.297,1,False,running
027eea92b7,formation_7_adaptive_split,141,28.2,1784490200,adaptive_clusters,finish_first,r03,r03,True,upper,bypass,local,2,3,9.13476,0.36547,0.54428,0.30387,-0.62506,931,668,-180,108,0,0,0000,---,False,0.28111,0.13443,0.30387,-0.62506,9.30888,0.44213,adaptive_split_to_bypass_target,d,"$4,0,0,0,0,0,0,0,0#",19000,13000,Set tank.c app_speed/duty level to the logged pwm before sending the move key/protocol command; e=stop.,9.39453,24.92146,0,2,0,0.15035,0.05246,3.18513,8.37453,0.17262,3.6296,8.5532,8.3745,0.73711,19,-0.0297,9,0,166.47339,62.39556,0.3569,0.297,1,False,running
027eea92b7,formation_7_adaptive_split,141,28.2,1784490200,adaptive_clusters,finish_first,r04,r04,True,upper,bypass,local,3,3,7.24144,0.15684,0.89057,0.3762,-0.39637,1000,907,-98,33,0,0,0000,---,False,0.25693,0.27997,0.3762,-0.39637,7.71467,0.18871,adaptive_split_to_bypass_target,d,"$4,0,0,0,0,0,0,0,0#",20000,18000,Set tank.c app_speed/duty level to the logged pwm before sending the move key/protocol command; e=stop.,8.27839,22.30395,9,2,0,0.26511,-0.02968,4.46002,8.37453,0.17262,3.6296,8.5532,8.3745,0.73711,19,-0.0297,9,0,166.47339,62.39556,0.3569,0.297,1,False,running
027eea92b7,formation_7_adaptive_split,141,28.2,1784490200,adaptive_clusters,finish_first,r05,r05,True,upper,bypass,local,3,3,7.69879,0.49456,0.40269,0.37818,-0.27389,1000,938,-107,56,0,0,0000,---,False,0.35569,0.13374,0.37818,-0.27389,8.14418,0.52935,adaptive_split_to_bypass_target,w,"$1,0,0,0,0,0,0,0,0#",20000,19000,Set tank.c app_speed/duty level to the logged pwm before sending the move key/protocol command; e=stop.,8.47566,22.75114,9,4,0,0.25181,-0.02968,4.39688,8.37453,0.17262,3.6296,8.5532,8.3745,0.73711,19,-0.0297,9,0,166.47339,62.39556,0.3569,0.297,1,False,running
027eea92b7,formation_7_adaptive_split,141,28.2,1784490200,adaptive_clusters,finish_first,r06,r06,True,upper,bypass,local,2,3,8.80238,0.41593,-0.17563,0.37142,-0.59609,1000,852,-129,83,0,0,0000,---,False,0.3663,-0.1011,0.37142,-0.59609,9.22619,0.58433,adaptive_split_to_bypass_target,d,"$4,0,0,0,0,0,0,0,0#",20000,17000,Set tank.c app_speed/duty level to the logged pwm before sending the move key/protocol command; e=stop.,8.9768,24.05066,0,2,0,0.11988,0.04777,3.66936,8.37453,0.17262,3.6296,8.5532,8.3745,0.73711,19,-0.0297,9,0,166.47339,62.39556,0.3569,0.297,1,False,running
027eea92b7,formation_7_adaptive_split,141,28.2,1784490200,adaptive_clusters,finish_first,r07,r07,True,upper,bypass,local,3,3,8.50186,0.88683,0.02617,0.3116,-0.00541,821,819,-119,103,0,0,0000,---,False,0.3115,0.00789,0.3116,-0.00541,8.96369,0.89847,adaptive_split_to_bypass_target,w,"$1,0,0,0,0,0,0,0,0#",16000,16000,Set tank.c app_speed/duty level to the logged pwm before sending the move key/protocol command; e=stop.,9.12655,24.24615,0,0,0,0.12307,0.12674,3.03828,8.37453,0.17262,3.6296,8.5532,8.3745,0.73711,19,-0.0297,9,0,166.47339,62.39556,0.3569,0.297,1,False,running
027eea92b7,formation_7_adaptive_split,142,28.4,1784490400,adaptive_clusters,finish_first,r01,r01,True,upper,bypass,local,3,3,8.75171,-0.255,1.28777,0.37934,0.16519,963,1000,118,57,0,0,0000,---,False,0.09661,0.36751,0.37934,0.16519,8.95411,0.10689,cached_adaptive_split,w,"$1,0,0,0,0,0,0,0,0#",19000,20000,Set tank.c app_speed/duty level to the logged pwm before sending the move key/protocol command; e=stop.,9.22048,24.46189,0,2,0,0.13509,0.05246,3.34002,8.42636,0.20622,3.5796,8.6149,8.4264,0.71875,19,-0.0297,9,0,167.7422,62.87393,0.3417,0.2967,1,False,running
027eea92b7,formation_7_adaptive_split,142,28.4,1784490400,adaptive_clusters,finish_first,r02,r02,True,upper,bypass,local,3,3,8.56108,-0.7261,0.86199,0.3776,0.31466,927,1000,111,38,0,0,0000,---,False,0.23279,0.30035,0.3776,0.31466,8.76804,-0.33976,cached_adaptive_split,w,"$1,0,0,0,0,0,0,0,0#",19000,20000,Set tank.c app_speed/duty level to the logged pwm before sending the move key/protocol command; e=stop.,9.07455,24.13028,0,0,0,0.13905,0.06371,3.37353,8.42636,0.20622,3.5796,8.6149,8.4264,0.71875,19,-0.0297,9,0,167.7422,62.87393,0.3417,0.2967,1,False,running
027eea92b7,formation_7_adaptive_split,142,28.4,1784490400,adaptive_clusters,finish_first,r03,r03,True,upper,bypass,local,2,3,9.1901,0.39209,0.44825,0.30703,-0.48017,909,707,-174,114,0,0,0000,---,False,0.2902,0.11349,0.30703,-0.48017,9.33077,0.44213,cached_adaptive_split,d,"$4,0,0,0,0,0,0,0,0#",18000,14000,Set tank.c app_speed/duty level to the logged pwm before sending the move key/protocol command; e=stop.,9.45594,25.08599,0,2,0,0.15035,0.05246,3.13546,8.42636,0.20622,3.5796,8.6149,8.4264,0.71875,19,-0.0297,9,0,167.7422,62.87393,0.3417,0.2967,1,False,running
027eea92b7,formation_7_adaptive_split,142,28.4,1784490400,adaptive_clusters,finish_first,r04,r04,True,upper,bypass,local,3,3,7.29308,0.21166,0.81531,0.37657,-0.37631,1000,912,-99,34,0,0,0000,---,False,0.27644,0.26074,0.37657,-0.37631,7.76303,0.23458,cached_adaptive_split,d,"$4,0,0,0,0,0,0,0,0#",20000,18000,Set tank.c app_speed/duty level to the logged pwm before sending the move key/protocol command; e=stop.,8.3537,22.49689,9,2,0,0.26511,-0.02968,4.40892,8.42636,0.20622,3.5796,8.6149,8.4264,0.71875,19,-0.0297,9,0,167.7422,62.87393,0.3417,0.2967,1,False,running
027eea92b7,formation_7_adaptive_split,142,28.4,1784490400,adaptive_clusters,finish_first,r05,r05,True,upper,bypass,local,3,3,7.76987,0.52045,0.34934,0.37828,-0.26677,1000,939,-108,58,0,0,0000,---,False,0.36218,0.11499,0.37828,-0.26677,8.21409,0.56053,cached_adaptive_split,w,"$1,0,0,0,0,0,0,0,0#",20000,19000,Set tank.c app_speed/duty level to the logged pwm before sending the move key/protocol command; e=stop.,8.55132,22.94663,9,4,0,0.25181,-0.02968,4.32822,8.42636,0.20622,3.5796,8.6149,8.4264,0.71875,19,-0.0297,9,0,167.7422,62.87393,0.3417,0.2967,1,False,running
027eea92b7,formation_7_adaptive_split,142,28.4,1784490400,adaptive_clusters,finish_first,r06,r06,True,upper,bypass,local,2,3,8.85452,0.41202,-0.07485,0.26142,0.50391,582,794,-136,86,0,0,0000,---,False,0.19215,0.06404,0.26142,0.50391,9.2978,0.58106,cached_adaptive_split,a,"$3,0,0,0,0,0,0,0,0#",12000,16000,Set tank.c app_speed/duty level to the logged pwm before sending the move key/protocol command; e=stop.,9.02908,24.2091,0,2,0,0.11988,0.04777,3.61708,8.42636,0.20622,3.5796,8.6149,8.4264,0.71875,19,-0.0297,9,0,167.7422,62.87393,0.3417,0.2967,1,False,running
027eea92b7,formation_7_adaptive_split,142,28.4,1784490400,adaptive_clusters,finish_first,r07,r07,True,upper,bypass,local,3,3,8.56416,0.88842,0.02549,0.3116,-0.00337,821,819,-121,106,0,0,0000,---,False,0.3115,0.00778,0.3116,-0.00337,9.02599,0.89992,cached_adaptive_split,w,"$1,0,0,0,0,0,0,0,0#",16000,16000,Set tank.c app_speed/duty level to the logged pwm before sending the move key/protocol command; e=stop.,9.18887,24.41142,0,0,0,0.12307,0.12674,2.9768,8.42636,0.20622,3.5796,8.6149,8.4264,0.71875,19,-0.0297,9,0,167.7422,62.87393,0.3417,0.2967,1,False,running
027eea92b7,formation_7_adaptive_split,143,28.6,1784490600,adaptive_clusters,finish_first,r01,r01,True,upper,bypass,local,2,3,8.77155,-0.18168,1.30655,0.37979,0.09389,980,1000,121,59,0,0,0000,---,False,0.09383,0.36823,0.37979,0.09389,9.02473,0.13759,adaptive_split_to_bypass_target,w,"$1,0,0,0,0,0,0,0,0#",20000,20000,Set tank.c app_speed/duty level to the logged pwm before sending the move key/protocol command; e=stop.,9.29643,24.66215,0,2,0,0.13509,0.05246,3.32684,8.47935,0.23983,3.5288,8.6777,8.4794,0.70024,19,-0.0297,9,0,169.01616,63.35742,0.3454,0.2965,1,False,running
027eea92b7,formation_7_adaptive_split,143,28.6,1784490600,adaptive_clusters,finish_first,r02,r02,True,upper,bypass,local,3,3,8.60715,-0.66609,0.9161,0.37823,0.27055,938,1000,113,42,0,0,0000,---,False,0.21837,0.31099,0.37823,0.27055,8.83331,-0.29892,adaptive_split_to_bypass_target,w,"$1,0,0,0,0,0,0,0,0#",19000,20000,Set tank.c app_speed/duty level to the logged pwm before sending the move key/protocol command; e=stop.,9.15019,24.32608,0,0,0,0.13905,0.06371,3.31889,8.47935,0.23983,3.5288,8.6777,8.4794,0.70024,19,-0.0297,9,0,169.01616,63.35742,0.3454,0.2965,1,False,running
027eea92b7,formation_7_adaptive_split,143,28.6,1784490600,adaptive_clusters,finish_first,r03,r03,True,upper,bypass,local,2,3,9.24773,0.41143,0.32377,0.30393,-0.62236,931,669,-168,120,0,0,0000,---,False,0.30368,0.06982,0.30393,-0.62236,9.40777,0.44213,adaptive_split_to_bypass_target,d,"$4,0,0,0,0,0,0,0,0#",19000,13000,Set tank.c app_speed/duty level to the logged pwm before sending the move key/protocol command; e=stop.,9.51672,25.24888,0,2,0,0.15035,0.05246,3.08255,8.47935,0.23983,3.5288,8.6777,8.4794,0.70024,19,-0.0297,9,0,169.01616,63.35742,0.3454,0.2965,1,False,running
027eea92b7,formation_7_adaptive_split,143,28.6,1784490600,adaptive_clusters,finish_first,r04,r04,True,upper,bypass,local,3,3,7.34861,0.2626,0.74229,0.37677,-0.36512,1000,915,-100,36,0,0,0000,---,False,0.2943,0.24039,0.37677,-0.36512,7.8154,0.27637,adaptive_split_to_bypass_target,d,"$4,0,0,0,0,0,0,0,0#",20000,18000,Set tank.c app_speed/duty level to the logged pwm before sending the move key/protocol command; e=stop.,8.42906,22.69003,9,2,0,0.26511,-0.02968,4.35452,8.47935,0.23983,3.5288,8.6777,8.4794,0.70024,19,-0.0297,9,0,169.01616,63.35742,0.3454,0.2965,1,False,running
027eea92b7,formation_7_adaptive_split,143,28.6,1784490600,adaptive_clusters,finish_first,r05,r05,True,upper,bypass,local,3,3,7.84224,0.54249,0.29566,0.37826,-0.2684,1000,939,-109,61,0,0,0000,---,False,0.36786,0.0953,0.37826,-0.2684,8.28556,0.58263,adaptive_split_to_bypass_target,w,"$1,0,0,0,0,0,0,0,0#",20000,19000,Set tank.c app_speed/duty level to the logged pwm before sending the move key/protocol command; e=stop.,8.62697,23.14206,9,4,0,0.25181,-0.02968,4.25815,8.47935,0.23983,3.5288,8.6777,8.4794,0.70024,19,-0.0297,9,0,169.01616,63.35742,0.3454,0.2965,1,False,running
027eea92b7,formation_7_adaptive_split,143,28.6,1784490600,adaptive_clusters,finish_first,r06,r06,True,upper,bypass,local,2,3,8.91173,0.4201,0.14016,0.28891,1.07504,534,987,-150,92,0,0,0000,---,False,0.29683,0.09479,0.28891,1.07504,9.35724,0.57256,adaptive_split_to_bypass_target,a,"$3,0,0,0,0,0,0,0,0#",11000,20000,Set tank.c app_speed/duty level to the logged pwm before sending the move key/protocol command; e=stop.,9.08687,24.37027,0,2,0,0.11988,0.04777,3.56065,8.47935,0.23983,3.5288,8.6777,8.4794,0.70024,19,-0.0297,9,0,169.01616,63.35742,0.3454,0.2965,1,False,running
027eea92b7,formation_7_adaptive_split,143,28.6,1784490600,adaptive_clusters,finish_first,r07,r07,True,upper,bypass,local,3,3,8.62646,0.88994,0.02442,0.3116,-0.00534,821,819,-123,109,0,0,0000,---,False,0.31151,0.00735,0.3116,-0.00534,9.08831,0.90078,adaptive_split_to_bypass_target,w,"$1,0,0,0,0,0,0,0,0#",16000,16000,Set tank.c app_speed/duty level to the logged pwm before sending the move key/protocol command; e=stop.,9.25119,24.57668,0,0,0,0.12307,0.12674,2.91535,8.47935,0.23983,3.5288,8.6777,8.4794,0.70024,19,-0.0297,9,0,169.01616,63.35742,0.3454,0.2965,1,False,running
027eea92b7,formation_7_adaptive_split,144,28.8,1784490800,adaptive_clusters,finish_first,r01,r01,True,upper,bypass,local,2,3,8.79031,-0.10806,1.32119,0.37987,0.0732,984,1000,123,61,0,0,0000,---,False,0.08963,0.36928,0.37987,0.0732,9.08994,0.17853,cached_adaptive_split,w,"$1,0,0,0,0,0,0,0,0#",20000,20000,Set tank.c app_speed/duty level to the logged pwm before sending the move key/protocol command; e=stop.,9.37241,24.86229,0,2,0,0.13509,0.05246,3.31644,8.53306,0.27284,3.4777,8.7407,8.5331,0.68143,20,-0.0297,9,0,170.30158,63.84541,0.3486,0.2963,1,False,running
027eea92b7,formation_7_adaptive_split,144,28.8,1784490800,adaptive_clusters,finish_first,r02,r02,True,upper,bypass,local,3,3,8.64996,-0.60371,0.96935,0.37828,0.26624,939,1000,114,46,0,0,0000,---,False,0.20173,0.32203,0.37828,0.26624,8.88749,-0.2442,cached_adaptive_split,w,"$1,0,0,0,0,0,0,0,0#",19000,20000,Set tank.c app_speed/duty level to the logged pwm before sending the move key/protocol command; e=stop.,9.22585,24.52154,0,0,0,0.13905,0.06371,3.26801,8.53306,0.27284,3.4777,8.7407,8.5331,0.68143,20,-0.0297,9,0,170.30158,63.84541,0.3486,0.2963,1,False,running
027eea92b7,formation_7_adaptive_split,144,28.8,1784490800,adaptive_clusters,finish_first,r03,r03,True,upper,bypass,local,2,3,9.30757,0.42566,0.23357,0.30757,-0.45103,904,714,-163,126,0,0,0000,---,False,0.30749,0.05047,0.30757,-0.45103,9.43478,0.44213,cached_adaptive_split,d,"$4,0,0,0,0,0,0,0,0#",18000,14000,Set tank.c app_speed/duty level to the logged pwm before sending the move key/protocol command; e=stop.,9.57824,25.41391,0,2,0,0.15035,0.05246,3.02673,8.53306,0.27284,3.4777,8.7407,8.5331,0.68143,20,-0.0297,9,0,170.30158,63.84541,0.3486,0.2963,1,False,running
027eea92b7,formation_7_adaptive_split,144,28.8,1784490800,adaptive_clusters,finish_first,r04,r04,True,upper,bypass,local,3,3,7.40762,0.30953,0.67192,0.377,-0.35187,1000,918,-101,39,0,0,0000,---,False,0.31002,0.21975,0.377,-0.35187,7.87099,0.31752,cached_adaptive_split,d,"$4,0,0,0,0,0,0,0,0#",20000,18000,Set tank.c app_speed/duty level to the logged pwm before sending the move key/protocol command; e=stop.,8.50446,22.88348,9,2,0,0.26511,-0.02968,4.29711,8.53306,0.27284,3.4777,8.7407,8.5331,0.68143,20,-0.0297,9,0,170.30158,63.84541,0.3486,0.2963,1,False,running
027eea92b7,formation_7_adaptive_split,144,28.8,1784490800,adaptive_clusters,finish_first,r05,r05,True,upper,bypass,local,3,3,7.91568,0.56072,0.24324,0.37834,-0.2621,1000,940,-110,62,0,0,0000,---,False,0.37227,0.07626,0.37834,-0.2621,8.35796,0.60242,cached_adaptive_split,w,"$1,0,0,0,0,0,0,0,0#",20000,19000,Set tank.c app_speed/duty level to the logged pwm before sending the move key/protocol command; e=stop.,8.70263,23.33765,9,4,0,0.25181,-0.02968,4.18683,8.53306,0.27284,3.4777,8.7407,8.5331,0.68143,20,-0.0297,9,0,170.30158,63.84541,0.3486,0.2963,1,False,running
027eea92b7,formation_7_adaptive_split,144,28.8,1784490800,adaptive_clusters,finish_first,r06,r06,True,upper,bypass,local,2,3,8.97153,0.43431,0.23344,0.30729,0.46638,710,907,-156,97,0,0,0000,---,False,0.29706,0.09408,0.30729,0.46638,9.41405,0.57919,cached_adaptive_split,a,"$3,0,0,0,0,0,0,0,0#",14000,18000,Set tank.c app_speed/duty level to the logged pwm before sending the move key/protocol command; e=stop.,9.14832,24.54076,0,2,0,0.11988,0.04777,3.5022,8.53306,0.27284,3.4777,8.7407,8.5331,0.68143,20,-0.0297,9,0,170.30158,63.84541,0.3486,0.2963,1,False,running
027eea92b7,formation_7_adaptive_split,144,28.8,1784490800,adaptive_clusters,finish_first,r07,r07,True,upper,bypass,local,2,3,8.68877,0.89142,0.02372,0.3116,-0.00351,821,819,-125,112,0,0,0000,---,False,0.31152,0.00722,0.3116,-0.00351,9.15061,0.90209,cached_adaptive_split,w,"$1,0,0,0,0,0,0,0,0#",16000,16000,Set tank.c app_speed/duty level to the logged pwm before sending the move key/protocol command; e=stop.,9.31351,24.74195,0,0,0,0.12307,0.12674,2.85393,8.53306,0.27284,3.4777,8.7407,8.5331,0.68143,20,-0.0297,9,0,170.30158,63.84541,0.3486,0.2963,1,False,running
027eea92b7,formation_7_adaptive_split,145,29.0,1784491000,adaptive_clusters,finish_first,r01,r01,True,upper,bypass,local,2,3,8.80887,-0.03436,1.3241,0.37999,0.01458,997,1000,127,64,0,0,0011,---,False,0.09195,0.36871,0.37999,0.01458,9.16598,0.19067,adaptive_split_to_bypass_target,w,"$1,0,0,0,0,0,0,0,0#",20000,20000,Set tank.c app_speed/duty level to the logged pwm before sending the move key/protocol command; e=stop.,9.44841,25.0641,0,2,0,0.13509,0.05246,3.30797,8.58712,0.30451,3.4264,8.8034,8.5871,0.66217,20,-0.0297,9,0,171.58728,64.33444,0.3493,0.2961,1,False,running
027eea92b7,formation_7_adaptive_split,145,29.0,1784491000,adaptive_clusters,finish_first,r02,r02,True,upper,bypass,local,3,3,8.69001,-0.5394,1.0138,0.3788,0.22226,950,1000,116,50,0,0,0000,---,False,0.1895,0.32938,0.3788,0.22226,8.95197,-0.20212,adaptive_split_to_bypass_target,w,"$1,0,0,0,0,0,0,0,0#",19000,20000,Set tank.c app_speed/duty level to the logged pwm before sending the move key/protocol command; e=stop.,9.30161,24.71854,0,0,0,0.13905,0.06371,3.22065,8.58712,0.30451,3.4264,8.8034,8.5871,0.66217,20,-0.0297,9,0,171.58728,64.33444,0.3493,0.2961,1,False,running
027eea92b7,formation_7_adaptive_split,145,29.0,1784491000,adaptive_clusters,finish_first,r03,r03,True,upper,bypass,local,2,3,9.36849,0.43473,0.14783,0.30795,-0.4287,901,720,-159,132,0,0,0000,---,False,0.31059,0.02504,0.30795,-0.4287,9.51178,0.44213,adaptive_split_to_bypass_target,d,"$4,0,0,0,0,0,0,0,0#",18000,14000,Set tank.c app_speed/duty level to the logged pwm before sending the move key/protocol command; e=stop.,9.63983,25.5775,0,2,0,0.15035,0.05246,2.96899,8.58712,0.30451,3.4264,8.8034,8.5871,0.66217,20,-0.0297,9,0,171.58728,64.33444,0.3493,0.2961,1,False,running
027eea92b7,formation_7_adaptive_split,145,29.0,1784491000,adaptive_clusters,finish_first,r04,r04,True,upper,bypass,local,3,3,7.46974,0.35232,0.60318,0.37714,-0.34368,1000,920,-102,42,0,0,0000,---,False,0.32412,0.19835,0.37714,-0.34368,7.93003,0.354,adaptive_split_to_bypass_target,d,"$4,0,0,0,0,0,0,0,0#",20000,18000,Set tank.c app_speed/duty level to the logged pwm before sending the move key/protocol command; e=stop.,8.57989,23.07709,9,2,0,0.26511,-0.02968,4.23696,8.58712,0.30451,3.4264,8.8034,8.5871,0.66217,20,-0.0297,9,0,171.58728,64.33444,0.3493,0.2961,1,False,running
027eea92b7,formation_7_adaptive_split,145,29.0,1784491000,adaptive_clusters,finish_first,r05,r05,True,upper,bypass,local,3,3,7.98997,0.57514,0.19177,0.3784,-0.25733,1000,942,-111,64,0,0,0000,---,False,0.37566,0.05729,0.3784,-0.25733,8.43156,0.61712,adaptive_split_to_bypass_target,w,"$1,0,0,0,0,0,0,0,0#",20000,19000,Set tank.c app_speed/duty level to the logged pwm before sending the move key/protocol command; e=stop.,8.77831,23.53341,9,4,0,0.25181,-0.02968,4.11442,8.58712,0.30451,3.4264,8.8034,8.5871,0.66217,20,-0.0297,9,0,171.58728,64.33444,0.3493,0.2961,1,False,running
027eea92b7,formation_7_adaptive_split,145,29.0,1784491000,adaptive_clusters,finish_first,r06,r06,True,upper,bypass,local,2,3,9.03167,0.45034,0.26041,0.31124,0.1349,791,847,-159,103,0,0,0000,---,False,0.29933,0.0866,0.31124,0.1349,9.47611,0.58029,adaptive_split_to_bypass_target,w,"$1,0,0,0,0,0,0,0,0#",16000,17000,Set tank.c app_speed/duty level to the logged pwm before sending the move key/protocol command; e=stop.,9.21057,24.70943,0,2,0,0.11988,0.04777,3.44367,8.58712,0.30451,3.4264,8.8034,8.5871,0.66217,20,-0.0297,9,0,171.58728,64.33444,0.3493,0.2961,1,False,running
027eea92b7,formation_7_adaptive_split,145,29.0,1784491000,adaptive_clusters,finish_first,r07,r07,True,upper,bypass,local,2,3,8.75107,0.89283,0.02267,0.3116,-0.00525,821,819,-127,115,0,0,0000,---,False,0.31153,0.00681,0.3116,-0.00525,9.21293,0.90287,adaptive_split_to_bypass_target,w,"$1,0,0,0,0,0,0,0,0#",16000,16000,Set tank.c app_speed/duty level to the logged pwm before sending the move key/protocol command; e=stop.,9.37583,24.90721,0,0,0,0.12307,0.12674,2.79254,8.58712,0.30451,3.4264,8.8034,8.5871,0.66217,20,-0.0297,9,0,171.58728,64.33444,0.3493,0.2961,1,False,running
027eea92b7,formation_7_adaptive_split,146,29.2,1784491200,adaptive_clusters,finish_first,r01,r01,True,upper,member,local,2,3,8.83303,0.01393,1.10702,0.26999,-1.08542,939,482,141,67,0,0,0110,---,False,0.28919,0.11602,0.26999,-1.08542,9.20634,0.1251,path_to_final_target,d,"$4,0,0,0,0,0,0,0,0#",19000,10000,Set tank.c app_speed/duty level to the logged pwm before sending the move key/protocol command; e=stop.,9.5024,25.22708,0,2,0,0.13509,0.05246,3.29153,8.64238,0.32881,3.3737,8.8637,8.6424,0.64228,20,-0.0297,9,0,172.83828,64.79945,0.3321,0.296,1,False,running
027eea92b7,formation_7_adaptive_split,146,29.2,1784491200,adaptive_clusters,finish_first,r02,r02,True,upper,member,local,3,3,8.7292,-0.47432,1.02872,0.37987,0.07462,984,1000,120,54,0,0,0000,---,False,0.19222,0.3278,0.37987,0.07462,9.00724,-0.25573,path_to_final_target,w,"$1,0,0,0,0,0,0,0,0#",20000,20000,Set tank.c app_speed/duty level to the logged pwm before sending the move key/protocol command; e=stop.,9.37758,24.92002,0,0,0,0.13905,0.06371,3.17516,8.64238,0.32881,3.3737,8.8637,8.6424,0.64228,20,-0.0297,9,0,172.83828,64.79945,0.3321,0.296,1,False,running
027eea92b7,formation_7_adaptive_split,146,29.2,1784491200,adaptive_clusters,finish_first,r03,r03,True,upper,member,local,2,3,9.4293,0.43626,0.02516,0.30415,-0.61336,930,671,-153,137,0,0,0000,---,False,0.31081,-0.02218,0.30415,-0.61336,9.58531,0.41926,path_to_final_target,d,"$4,0,0,0,0,0,0,0,0#",19000,13000,Set tank.c app_speed/duty level to the logged pwm before sending the move key/protocol command; e=stop.,9.70066,25.74096,0,2,0,0.15035,0.05246,2.90989,8.64238,0.32881,3.3737,8.8637,8.6424,0.64228,20,-0.0297,9,0,172.83828,64.79945,0.3321,0.296,1,False,running
027eea92b7,formation_7_adaptive_split,146,29.2,1784491200,adaptive_clusters,finish_first,r04,r04,True,upper,member,local,3,3,7.53499,0.38958,0.5188,0.37569,-0.42189,1000,900,-102,45,0,0,0000,---,False,0.34176,0.16614,0.37569,-0.42189,7.99304,0.33359,path_to_final_target,d,"$4,0,0,0,0,0,0,0,0#",20000,18000,Set tank.c app_speed/duty level to the logged pwm before sending the move key/protocol command; e=stop.,8.65503,23.26949,9,2,0,0.26511,-0.02968,4.17385,8.64238,0.32881,3.3737,8.8637,8.6424,0.64228,20,-0.0297,9,0,172.83828,64.79945,0.3321,0.296,1,False,running
027eea92b7,formation_7_adaptive_split,146,29.2,1784491200,adaptive_clusters,finish_first,r05,r05,True,upper,member,local,3,3,8.0648,0.58412,0.11933,0.37682,-0.36221,1000,915,-111,65,0,0,0000,---,False,0.37926,0.0237,0.37682,-0.36221,8.48762,0.56434,path_to_final_target,d,"$4,0,0,0,0,0,0,0,0#",20000,18000,Set tank.c app_speed/duty level to the logged pwm before sending the move key/protocol command; e=stop.,8.85368,23.72759,9,4,0,0.25181,-0.02968,4.04099,8.64238,0.32881,3.3737,8.8637,8.6424,0.64228,20,-0.0297,9,0,172.83828,64.79945,0.3321,0.296,1,False,running
027eea92b7,formation_7_adaptive_split,146,29.2,1784491200,adaptive_clusters,finish_first,r06,r06,True,upper,member,local,2,3,9.09238,0.46187,0.18763,0.30897,-0.36391,890,736,-156,109,0,0,0000,---,False,0.30895,0.04053,0.30897,-0.36391,9.51482,0.51373,path_to_final_target,d,"$4,0,0,0,0,0,0,0,0#",18000,15000,Set tank.c app_speed/duty level to the logged pwm before sending the move key/protocol command; e=stop.,9.27237,24.87844,0,2,0,0.11988,0.04777,3.38429,8.64238,0.32881,3.3737,8.8637,8.6424,0.64228,20,-0.0297,9,0,172.83828,64.79945,0.3321,0.296,1,False,running
027eea92b7,formation_7_adaptive_split,146,29.2,1784491200,adaptive_clusters,finish_first,r07,r07,True,upper,member,local,2,3,8.81292,0.89024,-0.04184,0.30953,-0.32255,882,747,-125,118,0,0,0000,---,False,0.31027,-0.02879,0.30953,-0.32255,9.26399,0.84524,path_to_final_target,d,"$4,0,0,0,0,0,0,0,0#",18000,15000,Set tank.c app_speed/duty level to the logged pwm before sending the move key/protocol command; e=stop.,9.43773,25.07469,0,0,0,0.12307,0.12674,2.73101,8.64238,0.32881,3.3737,8.8637,8.6424,0.64228,20,-0.0297,9,0,172.83828,64.79945,0.3321,0.296,1,False,running
027eea92b7,formation_7_adaptive_split,147,29.4,1784491400,adaptive_clusters,finish_first,r01,r01,True,center,member,local,2,3,8.8601,0.03538,0.66993,0.17267,-2.18542,914,-6,166,70,0,0,0100,---,False,0.30923,0.0384,0.17267,-2.18542,9.25628,0.06649,cached_path_to_final_target,d,"$0,2,0,0,0,0,0,0,0#",18000,-4000,Set tank.c app_speed/duty level to the logged pwm before sending the move key/protocol command; e=stop.,9.53694,25.33856,0,2,0,0.13509,0.05246,3.26837,8.69824,0.34188,3.3194,8.9211,8.6982,0.62711,20,-0.0297,9,0,173.99179,65.22324,0.3027,0.2959,1,False,running
027eea92b7,formation_7_adaptive_split,147,29.4,1784491400,adaptive_clusters,finish_first,r02,r02,True,center,member,local,2,3,8.76588,-0.43473,0.82364,0.26987,-1.02538,926,494,134,58,0,0,0000,---,False,0.27669,0.1433,0.26987,-1.02538,9.07257,-0.29649,cached_path_to_final_target,d,"$4,0,0,0,0,0,0,0,0#",19000,10000,Set tank.c app_speed/duty level to the logged pwm before sending the move key/protocol command; e=stop.,9.43156,25.0829,0,0,0,0.13905,0.06371,3.13527,8.69824,0.34188,3.3194,8.9211,8.6982,0.62711,20,-0.0297,9,0,173.99179,65.22324,0.3027,0.2959,1,False,running
027eea92b7,formation_7_adaptive_split,147,29.4,1784491400,adaptive_clusters,finish_first,r03,r03,True,center,member,local,2,3,9.4904,0.43153,-0.07741,0.30639,-0.51282,914,698,-148,143,0,0,0000,---,False,0.30772,-0.04903,0.30639,-0.51282,9.65975,0.39955,cached_path_to_final_target,d,"$4,0,0,0,0,0,0,0,0#",18000,14000,Set tank.c app_speed/duty level to the logged pwm before sending the move key/protocol command; e=stop.,9.76193,25.90457,0,2,0,0.15035,0.05246,2.84921,8.69824,0.34188,3.3194,8.9211,8.6982,0.62711,20,-0.0297,9,0,173.99179,65.22324,0.3027,0.2959,1,False,running
027eea92b7,formation_7_adaptive_split,147,29.4,1784491400,adaptive_clusters,finish_first,r04,r04,True,center,member,local,3,3,7.60304,0.42176,0.44172,0.37641,-0.38538,1000,909,-103,49,0,0,0000,---,False,0.35273,0.14136,0.37641,-0.38538,8.05742,0.34982,cached_path_to_final_target,d,"$4,0,0,0,0,0,0,0,0#",20000,18000,Set tank.c app_speed/duty level to the logged pwm before sending the move key/protocol command; e=stop.,8.73031,23.46231,9,2,0,0.26511,-0.02968,4.10799,8.69824,0.34188,3.3194,8.9211,8.6982,0.62711,20,-0.0297,9,0,173.99179,65.22324,0.3027,0.2959,1,False,running
027eea92b7,formation_7_adaptive_split,147,29.4,1784491400,adaptive_clusters,finish_first,r05,r05,True,center,member,local,3,3,8.14013,0.58788,0.04995,0.37709,-0.3469,1000,919,-111,65,0,0,0000,---,False,0.38,-0.00173,0.37709,-0.3469,8.56084,0.54051,cached_path_to_final_target,d,"$4,0,0,0,0,0,0,0,0#",20000,18000,Set tank.c app_speed/duty level to the logged pwm before sending the move key/protocol command; e=stop.,8.9291,23.92118,9,4,0,0.25181,-0.02968,3.96655,8.69824,0.34188,3.3194,8.9211,8.6982,0.62711,20,-0.0297,9,0,173.99179,65.22324,0.3027,0.2959,1,False,running
027eea92b7,formation_7_adaptive_split,147,29.4,1784491400,adaptive_clusters,finish_first,r06,r06,True,center,member,local,2,3,9.15345,0.46712,0.08586,0.30647,-0.50889,914,699,-151,114,0,0,0000,---,False,0.31159,0.00183,0.30647,-0.50889,9.57419,0.4647,cached_path_to_final_target,d,"$4,0,0,0,0,0,0,0,0#",18000,14000,Set tank.c app_speed/duty level to the logged pwm before sending the move key/protocol command; e=stop.,9.33366,25.04261,0,2,0,0.11988,0.04777,3.32401,8.69824,0.34188,3.3194,8.9211,8.6982,0.62711,20,-0.0297,9,0,173.99179,65.22324,0.3027,0.2959,1,False,running
027eea92b7,formation_7_adaptive_split,147,29.4,1784491400,adaptive_clusters,finish_first,r07,r07,True,center,member,local,2,3,8.87465,0.88424,-0.09687,0.3101,-0.27516,874,758,-123,122,0,0,0000,---,False,0.30855,-0.04352,0.3101,-0.27516,9.32935,0.81741,cached_path_to_final_target,d,"$4,0,0,0,0,0,0,0,0#",17000,15000,Set tank.c app_speed/duty level to the logged pwm before sending the move key/protocol command; e=stop.,9.49975,25.23965,0,0,0,0.12307,0.12674,2.6691,8.69824,0.34188,3.3194,8.9211,8.6982,0.62711,20,-0.0297,9,0,173.99179,65.22324,0.3027,0.2959,1,False,running
027eea92b7,formation_7_adaptive_split,148,29.6,1784491600,adaptive_clusters,finish_first,r01,r01,True,center,member,local,2,3,8.90559,0.04806,0.27187,0.23614,-1.99032,1000,202,-171,75,0,0,0100,---,False,0.31134,-0.01274,0.23614,-1.99032,9.31506,0.01676,cached_path_to_final_target,d,"$4,0,0,0,0,0,0,0,0#",20000,4000,Set tank.c app_speed/duty level to the logged pwm before sending the move key/protocol command; e=stop.,9.58417,25.46673,0,2,0,0.13509,0.05246,3.22574,8.75546,0.34889,3.2632,8.9788,8.7555,0.6132,20,-0.0297,9,0,175.10153,65.63902,0.297,0.2958,1,False,running
027eea92b7,formation_7_adaptive_split,148,29.6,1784491600,adaptive_clusters,finish_first,r02,r02,True,center,member,local,2,3,8.81223,-0.40812,0.52109,0.26722,-1.51278,1000,385,153,63,0,0,0000,---,False,0.29917,0.08712,0.26722,-1.51278,9.14428,-0.32454,cached_path_to_final_target,d,"$4,0,0,0,0,0,0,0,0#",20000,8000,Set tank.c app_speed/duty level to the logged pwm before sending the move key/protocol command; e=stop.,9.485,25.22756,0,0,0,0.13905,0.06371,3.08705,8.75546,0.34889,3.2632,8.9788,8.7555,0.6132,20,-0.0297,9,0,175.10153,65.63902,0.297,0.2958,1,False,running
027eea92b7,formation_7_adaptive_split,148,29.6,1784491600,adaptive_clusters,finish_first,r03,r03,True,center,member,local,2,3,9.55158,0.42248,-0.14677,0.30921,-0.34679,887,741,-145,148,0,0,0000,---,False,0.30531,-0.06229,0.30921,-0.34679,9.73465,0.38169,cached_path_to_final_target,d,"$4,0,0,0,0,0,0,0,0#",18000,15000,Set tank.c app_speed/duty level to the logged pwm before sending the move key/protocol command; e=stop.,9.82378,26.0705,0,2,0,0.15035,0.05246,2.78753,8.75546,0.34889,3.2632,8.9788,8.7555,0.6132,20,-0.0297,9,0,175.10153,65.63902,0.297,0.2958,1,False,running
027eea92b7,formation_7_adaptive_split,148,29.6,1784491600,adaptive_clusters,finish_first,r04,r04,True,center,member,local,3,3,7.67329,0.44922,0.37257,0.37711,-0.34579,1000,920,-103,51,0,0,0000,---,False,0.36092,0.1189,0.37711,-0.34579,8.12416,0.37382,cached_path_to_final_target,d,"$4,0,0,0,0,0,0,0,0#",20000,18000,Set tank.c app_speed/duty level to the logged pwm before sending the move key/protocol command; e=stop.,8.80573,23.65627,9,2,0,0.26511,-0.02968,4.03991,8.75546,0.34889,3.2632,8.9788,8.7555,0.6132,20,-0.0297,9,0,175.10153,65.63902,0.297,0.2958,1,False,running
027eea92b7,formation_7_adaptive_split,148,29.6,1784491600,adaptive_clusters,finish_first,r05,r05,True,center,member,local,3,3,8.21569,0.58711,-0.01017,0.37781,-0.30063,1000,931,-111,66,0,0,0000,---,False,0.37937,-0.02181,0.37781,-0.30063,8.63733,0.53164,cached_path_to_final_target,w,"$1,0,0,0,0,0,0,0,0#",20000,19000,Set tank.c app_speed/duty level to the logged pwm before sending the move key/protocol command; e=stop.,9.00466,24.11631,9,4,0,0.25181,-0.02968,3.89139,8.75546,0.34889,3.2632,8.9788,8.7555,0.6132,20,-0.0297,9,0,175.10153,65.63902,0.297,0.2958,1,False,running
027eea92b7,formation_7_adaptive_split,148,29.6,1784491600,adaptive_clusters,finish_first,r06,r06,True,center,member,local,2,3,9.19351,0.46721,0.0022,0.20028,-0.41826,615,439,-147,118,0,0,0000,---,False,0.20213,-0.01286,0.20028,-0.41826,9.64557,0.43582,cached_path_to_final_target,d,"$4,0,0,0,0,0,0,0,0#",12000,9000,Set tank.c app_speed/duty level to the logged pwm before sending the move key/protocol command; e=stop.,9.37372,25.15822,0,2,0,0.11988,0.04777,3.28416,8.75546,0.34889,3.2632,8.9788,8.7555,0.6132,20,-0.0297,9,0,175.10153,65.63902,0.297,0.2958,1,False,running
027eea92b7,formation_7_adaptive_split,148,29.6,1784491600,adaptive_clusters,finish_first,r07,r07,True,center,member,local,2,3,8.93636,0.87627,-0.12841,0.31111,-0.1577,852,786,-123,125,0,0,0000,---,False,0.30795,-0.04755,0.31111,-0.1577,9.39209,0.80435,cached_path_to_final_target,w,"$1,0,0,0,0,0,0,0,0#",17000,16000,Set tank.c app_speed/duty level to the logged pwm before sending the move key/protocol command; e=stop.,9.56197,25.40595,0,0,0,0.12307,0.12674,2.6069,8.75546,0.34889,3.2632,8.9788,8.7555,0.6132,20,-0.0297,9,0,175.10153,65.63902,0.297,0.2958,1,False,running
027eea92b7,formation_7_adaptive_split,149,29.8,1784491800,adaptive_clusters,finish_first,r01,r01,True,center,member,local,2,3,8.96276,0.05056,0.04379,0.28611,-1.1404,993,513,-159,80,0,0,0100,---,False,0.30875,-0.04207,0.28611,-1.1404,9.38419,-0.01715,path_to_final_target,d,"$4,0,0,0,0,0,0,0,0#",20000,10000,Set tank.c app_speed/duty level to the logged pwm before sending the move key/protocol command; e=stop.,9.64139,25.63097,0,2,0,0.13509,0.05246,3.16992,8.819,0.35111,3.2003,9.0423,8.819,0.60288,19,-0.0297,9,0,176.32563,66.09234,0.3238,0.2959,1,False,running
027eea92b7,formation_7_adaptive_split,149,29.8,1784491800,adaptive_clusters,finish_first,r02,r02,True,center,member,local,2,3,8.86765,-0.38962,0.32217,0.29215,-0.99461,978,559,165,68,0,0,0000,---,False,0.30732,0.05145,0.29215,-0.99461,9.21973,-0.3399,path_to_final_target,d,"$4,0,0,0,0,0,0,0,0#",20000,11000,Set tank.c app_speed/duty level to the logged pwm before sending the move key/protocol command; e=stop.,9.54343,25.3896,0,0,0,0.13905,0.06371,3.03049,8.819,0.35111,3.2003,9.0423,8.819,0.60288,19,-0.0297,9,0,176.32563,66.09234,0.3238,0.2959,1,False,running
027eea92b7,formation_7_adaptive_split,149,29.8,1784491800,adaptive_clusters,finish_first,r03,r03,True,center,member,local,2,3,9.61264,0.41088,-0.18773,0.31077,-0.20484,861,775,-144,153,0,0,0000,---,False,0.30409,-0.06798,0.31077,-0.20484,9.80976,0.36477,path_to_final_target,w,"$1,0,0,0,0,0,0,0,0#",17000,16000,Set tank.c app_speed/duty level to the logged pwm before sending the move key/protocol command; e=stop.,9.88593,26.23688,0,2,0,0.15035,0.05246,2.72542,8.819,0.35111,3.2003,9.0423,8.819,0.60288,19,-0.0297,9,0,176.32563,66.09234,0.3238,0.2959,1,False,running
027eea92b7,formation_7_adaptive_split,149,29.8,1784491800,adaptive_clusters,finish_first,r04,r04,True,center,member,local,3,3,7.74523,0.47217,0.30888,0.37755,-0.31841,1000,927,-104,54,0,0,0000,---,False,0.36734,0.09727,0.37755,-0.31841,8.19313,0.39717,path_to_final_target,w,"$1,0,0,0,0,0,0,0,0#",20000,19000,Set tank.c app_speed/duty level to the logged pwm before sending the move key/protocol command; e=stop.,8.88124,23.85079,9,2,0,0.26511,-0.02968,3.97004,8.819,0.35111,3.2003,9.0423,8.819,0.60288,19,-0.0297,9,0,176.32563,66.09234,0.3238,0.2959,1,False,running
027eea92b7,formation_7_adaptive_split,149,29.8,1784491800,adaptive_clusters,finish_first,r05,r05,True,center,member,local,3,3,8.29121,0.58239,-0.06252,0.37834,-0.26174,1000,941,-112,68,0,0,0000,---,False,0.37796,-0.03932,0.37834,-0.26174,8.71419,0.52694,path_to_final_target,w,"$1,0,0,0,0,0,0,0,0#",20000,19000,Set tank.c app_speed/duty level to the logged pwm before sending the move key/protocol command; e=stop.,9.08033,24.31235,9,4,0,0.25181,-0.02968,3.81583,8.819,0.35111,3.2003,9.0423,8.819,0.60288,19,-0.0297,9,0,176.32563,66.09234,0.3238,0.2959,1,False,running
027eea92b7,formation_7_adaptive_split,149,29.8,1784491800,adaptive_clusters,finish_first,r06,r06,True,center,member,local,2,3,9.25548,0.46409,-0.05034,0.31023,-0.26272,872,761,-145,123,0,0,0000,---,False,0.31029,-0.02851,0.31023,-0.26272,9.71292,0.41949,path_to_final_target,d,"$4,0,0,0,0,0,0,0,0#",17000,15000,Set tank.c app_speed/duty level to the logged pwm before sending the move key/protocol command; e=stop.,9.43576,25.33311,0,2,0,0.11988,0.04777,3.22219,8.819,0.35111,3.2003,9.0423,8.819,0.60288,19,-0.0297,9,0,176.32563,66.09234,0.3238,0.2959,1,False,running
027eea92b7,formation_7_adaptive_split,149,29.8,1784491800,adaptive_clusters,finish_first,r07,r07,True,center,member,local,2,3,8.99801,0.86733,-0.14412,0.31148,-0.07854,836,803,-124,128,0,0,0000,---,False,0.30779,-0.04855,0.31148,-0.07854,9.45407,0.79461,path_to_final_target,w,"$1,0,0,0,0,0,0,0,0#",17000,16000,Set tank.c app_speed/duty level to the logged pwm before sending the move key/protocol command; e=stop.,9.62427,25.57191,0,0,0,0.12307,0.12674,2.54461,8.819,0.35111,3.2003,9.0423,8.819,0.60288,19,-0.0297,9,0,176.32563,66.09234,0.3238,0.2959,1,False,running
027eea92b7,formation_7_adaptive_split,150,30.0,1784492000,adaptive_clusters,finish_first,r01,r01,True,center,member,local,2,3,9.02343,0.04583,-0.07781,0.30428,-0.60798,929,673,-153,86,0,0,0100,---,False,0.30693,-0.05375,0.30428,-0.60798,9.45878,-0.03629,cached_path_to_final_target,d,"$4,0,0,0,0,0,0,0,0#",19000,13000,Set tank.c app_speed/duty level to the logged pwm before sending the move key/protocol command; e=stop.,9.70224,25.79917,0,2,0,0.13509,0.05246,3.10939,8.88376,0.34976,3.1358,9.1071,8.8838,0.59346,19,-0.0297,9,0,177.54947,66.55217,0.3284,0.2961,1,False,running
027eea92b7,formation_7_adaptive_split,150,30.0,1784492000,adaptive_clusters,finish_first,r02,r02,True,center,member,local,2,3,8.92728,-0.37754,0.19983,0.30419,-0.61169,929,672,172,74,0,0,0000,---,False,0.30993,0.03226,0.30419,-0.61169,9.29656,-0.34498,cached_path_to_final_target,d,"$4,0,0,0,0,0,0,0,0#",19000,13000,Set tank.c app_speed/duty level to the logged pwm before sending the move key/protocol command; e=stop.,9.60427,25.55571,0,0,0,0.13905,0.06371,2.9702,8.88376,0.34976,3.1358,9.1071,8.8838,0.59346,19,-0.0297,9,0,177.54947,66.55217,0.3284,0.2961,1,False,running
027eea92b7,formation_7_adaptive_split,150,30.0,1784492000,adaptive_clusters,finish_first,r03,r03,True,center,member,local,2,3,9.67355,0.39794,-0.20928,0.31137,-0.10775,842,797,-144,159,0,0,0000,---,False,0.30366,-0.06989,0.31137,-0.10775,9.88496,0.34821,cached_path_to_final_target,w,"$1,0,0,0,0,0,0,0,0#",17000,16000,Set tank.c app_speed/duty level to the logged pwm before sending the move key/protocol command; e=stop.,9.9482,26.40305,0,2,0,0.15035,0.05246,2.66315,8.88376,0.34976,3.1358,9.1071,8.8838,0.59346,19,-0.0297,9,0,177.54947,66.55217,0.3284,0.2961,1,False,running
027eea92b7,formation_7_adaptive_split,150,30.0,1784492000,adaptive_clusters,finish_first,r04,r04,True,center,member,local,3,3,7.81846,0.49078,0.24883,0.37782,-0.30025,1000,931,-105,55,0,0,0000,---,False,0.3723,0.07611,0.37782,-0.30025,8.26395,0.4175,cached_path_to_final_target,w,"$1,0,0,0,0,0,0,0,0#",20000,19000,Set tank.c app_speed/duty level to the logged pwm before sending the move key/protocol command; e=stop.,8.9568,24.04561,9,2,0,0.26511,-0.02968,3.89868,8.88376,0.34976,3.1358,9.1071,8.8838,0.59346,19,-0.0297,9,0,177.54947,66.55217,0.3284,0.2961,1,False,running
027eea92b7,formation_7_adaptive_split,150,30.0,1784492000,adaptive_clusters,finish_first,r05,r05,True,center,member,local,3,3,8.36648,0.5741,-0.10956,0.37866,-0.23521,1000,947,-113,69,0,0,0000,---,False,0.37593,-0.05548,0.37866,-0.23521,8.79102,0.52182,cached_path_to_final_target,w,"$1,0,0,0,0,0,0,0,0#",20000,19000,Set tank.c app_speed/duty level to the logged pwm before sending the move key/protocol command; e=stop.,9.15606,24.50886,9,4,0,0.25181,-0.02968,3.7401,8.88376,0.34976,3.1358,9.1071,8.8838,0.59346,19,-0.0297,9,0,177.54947,66.55217,0.3284,0.2961,1,False,running
027eea92b7,formation_7_adaptive_split,150,30.0,1784492000,adaptive_clusters,finish_first,r06,r06,True,center,member,local,2,3,9.31753,0.45924,-0.07791,0.31122,-0.13786,848,790,-145,128,0,0,0000,---,False,0.31006,-0.03098,0.31122,-0.13786,9.77647,0.41204,cached_path_to_final_target,w,"$1,0,0,0,0,0,0,0,0#",17000,16000,Set tank.c app_speed/duty level to the logged pwm before sending the move key/protocol command; e=stop.,9.49801,25.49948,0,2,0,0.11988,0.04777,3.15996,8.88376,0.34976,3.1358,9.1071,8.8838,0.59346,19,-0.0297,9,0,177.54947,66.55217,0.3284,0.2961,1,False,running
027eea92b7,formation_7_adaptive_split,150,30.0,1784492000,adaptive_clusters,finish_first,r07,r07,True,center,member,local,2,3,9.05961,0.85793,-0.15139,0.31157,-0.03636,828,812,-125,132,0,0,0000,---,False,0.30776,-0.04875,0.31157,-0.03636,9.5158,0.78531,cached_path_to_final_target,w,"$1,0,0,0,0,0,0,0,0#",17000,16000,Set tank.c app_speed/duty level to the logged pwm before sending the move key/protocol command; e=stop.,9.68658,25.73759,0,0,0,0.12307,0.12674,2.4823,8.88376,0.34976,3.1358,9.1071,8.8838,0.59346,19,-0.0297,9,0,177.54947,66.55217,0.3284,0.2961,1,False,running
027eea92b7,formation_7_adaptive_split,151,30.2,1784492200,adaptive_clusters,finish_first,r01,r01,True,center,member,local,2,3,9.08483,0.03738,-0.13682,0.30987,-0.29506,878,753,-151,92,0,0,0100,---,False,0.30639,-0.05676,0.30987,-0.29506,9.53336,-0.04864,cached_path_to_final_target,d,"$4,0,0,0,0,0,0,0,0#",18000,15000,Set tank.c app_speed/duty level to the logged pwm before sending the move key/protocol command; e=stop.,9.76422,25.96708,0,2,0,0.13509,0.05246,3.04748,8.94894,0.34598,3.0706,9.1724,8.9489,0.5844,18,-0.0297,9,0,178.7734,67.01428,0.3301,0.2963,1,False,running
027eea92b7,formation_7_adaptive_split,151,30.2,1784492200,adaptive_clusters,finish_first,r02,r02,True,center,member,local,2,3,8.9886,-0.36952,0.13009,0.30919,-0.34868,887,740,176,80,0,0,0000,---,False,0.31072,0.02344,0.30919,-0.34868,9.37355,-0.34388,cached_path_to_final_target,d,"$4,0,0,0,0,0,0,0,0#",18000,15000,Set tank.c app_speed/duty level to the logged pwm before sending the move key/protocol command; e=stop.,9.66611,25.72268,0,0,0,0.13905,0.06371,2.9085,8.94894,0.34598,3.0706,9.1724,8.9489,0.5844,18,-0.0297,9,0,178.7734,67.01428,0.3301,0.2963,1,False,running
027eea92b7,formation_7_adaptive_split,151,30.2,1784492200,adaptive_clusters,finish_first,r03,r03,True,center,member,local,2,3,9.73437,0.38439,-0.21925,0.31155,-0.04986,830,809,-144,164,0,0,0000,---,False,0.3036,-0.07015,0.31155,-0.04986,9.96017,0.33171,cached_path_to_final_target,w,"$1,0,0,0,0,0,0,0,0#",17000,16000,Set tank.c app_speed/duty level to the logged pwm before sending the move key/protocol command; e=stop.,10.01051,26.56879,0,2,0,0.15035,0.05246,2.60084,8.94894,0.34598,3.0706,9.1724,8.9489,0.5844,18,-0.0297,9,0,178.7734,67.01428,0.3301,0.2963,1,False,running
027eea92b7,formation_7_adaptive_split,151,30.2,1784492200,adaptive_clusters,finish_first,r04,r04,True,center,member,local,3,3,7.89268,0.50516,0.1914,0.378,-0.28715,1000,934,-107,57,0,0,0000,---,False,0.37594,0.05539,0.378,-0.28715,8.33625,0.4342,cached_path_to_final_target,w,"$1,0,0,0,0,0,0,0,0#",20000,19000,Set tank.c app_speed/duty level to the logged pwm before sending the move key/protocol command; e=stop.,9.0324,24.24067,9,2,0,0.26511,-0.02968,3.82611,8.94894,0.34598,3.0706,9.1724,8.9489,0.5844,18,-0.0297,9,0,178.7734,67.01428,0.3301,0.2963,1,False,running
027eea92b7,formation_7_adaptive_split,151,30.2,1784492200,adaptive_clusters,finish_first,r05,r05,True,center,member,local,3,3,8.44137,0.56255,-0.15309,0.37885,-0.21764,1000,951,-114,71,0,0,0000,---,False,0.37335,-0.07076,0.37885,-0.21764,8.86768,0.51463,cached_path_to_final_target,w,"$1,0,0,0,0,0,0,0,0#",20000,19000,Set tank.c app_speed/duty level to the logged pwm before sending the move key/protocol command; e=stop.,9.23183,24.70567,9,4,0,0.25181,-0.02968,3.66438,8.94894,0.34598,3.0706,9.1724,8.9489,0.5844,18,-0.0297,9,0,178.7734,67.01428,0.3301,0.2963,1,False,running
027eea92b7,formation_7_adaptive_split,151,30.2,1784492200,adaptive_clusters,finish_first,r06,r06,True,center,member,local,2,3,9.37958,0.45358,-0.09101,0.31151,-0.06549,834,806,-145,134,0,0,0000,---,False,0.31,-0.03151,0.31151,-0.06549,9.83895,0.40624,cached_path_to_final_target,w,"$1,0,0,0,0,0,0,0,0#",17000,16000,Set tank.c app_speed/duty level to the logged pwm before sending the move key/protocol command; e=stop.,9.56031,25.66547,0,2,0,0.11988,0.04777,3.09766,8.94894,0.34598,3.0706,9.1724,8.9489,0.5844,18,-0.0297,9,0,178.7734,67.01428,0.3301,0.2963,1,False,running
027eea92b7,formation_7_adaptive_split,151,30.2,1784492200,adaptive_clusters,finish_first,r07,r07,True,center,member,local,2,3,9.12119,0.84833,-0.15461,0.31159,-0.01609,823,817,-127,135,0,0,0000,---,False,0.30776,-0.04876,0.31159,-0.01609,9.57743,0.77589,cached_path_to_final_target,w,"$1,0,0,0,0,0,0,0,0#",16000,16000,Set tank.c app_speed/duty level to the logged pwm before sending the move key/protocol command; e=stop.,9.7489,25.90304,0,0,0,0.12307,0.12674,2.41998,8.94894,0.34598,3.0706,9.1724,8.9489,0.5844,18,-0.0297,9,0,178.7734,67.01428,0.3301,0.2963,1,False,running
027eea92b7,formation_7_adaptive_split,152,30.4,1784492400,adaptive_clusters,finish_first,r01,r01,True,center,member,local,2,3,9.14624,0.02724,-0.16362,0.31124,-0.13402,847,791,-151,98,0,0,0100,---,False,0.3063,-0.05722,0.31124,-0.13402,9.59865,-0.05861,cached_path_to_final_target,w,"$1,0,0,0,0,0,0,0,0#",17000,16000,Set tank.c app_speed/duty level to the logged pwm before sending the move key/protocol command; e=stop.,9.82647,26.13385,0,2,0,0.13509,0.05246,2.98524,9.01423,0.34052,3.0051,9.2379,9.0142,0.57537,18,-0.0297,9,0,179.99568,67.4771,0.3306,0.2965,1,False,running
027eea92b7,formation_7_adaptive_split,152,30.4,1784492400,adaptive_clusters,finish_first,r02,r02,True,center,member,local,2,3,9.05051,-0.36373,0.09322,0.31092,-0.18435,857,779,179,86,0,0,0000,---,False,0.31096,0.02001,0.31092,-0.18435,9.45045,-0.33981,cached_path_to_final_target,w,"$1,0,0,0,0,0,0,0,0#",17000,16000,Set tank.c app_speed/duty level to the logged pwm before sending the move key/protocol command; e=stop.,9.72829,25.8893,0,0,0,0.13905,0.06371,2.84634,9.01423,0.34052,3.0051,9.2379,9.0142,0.57537,18,-0.0297,9,0,179.99568,67.4771,0.3306,0.2965,1,False,running
027eea92b7,formation_7_adaptive_split,152,30.4,1784492400,adaptive_clusters,finish_first,r03,r03,True,center,member,local,2,3,9.79515,0.37061,-0.22307,0.31159,-0.01906,824,816,-145,169,0,0,0000,---,False,0.30367,-0.06984,0.31159,-0.01906,10.03537,0.31516,cached_path_to_final_target,w,"$1,0,0,0,0,0,0,0,0#",16000,16000,Set tank.c app_speed/duty level to the logged pwm before sending the move key/protocol command; e=stop.,10.07283,26.73435,0,2,0,0.15035,0.05246,2.53852,9.01423,0.34052,3.0051,9.2379,9.0142,0.57537,18,-0.0297,9,0,179.99568,67.4771,0.3306,0.2965,1,False,running
027eea92b7,formation_7_adaptive_split,152,30.4,1784492400,adaptive_clusters,finish_first,r04,r04,True,center,member,local,3,3,7.96761,0.51542,0.1361,0.37815,-0.27652,1000,937,-108,58,0,0,0000,---,False,0.37837,0.03515,0.37815,-0.27652,8.4097,0.44717,cached_path_to_final_target,w,"$1,0,0,0,0,0,0,0,0#",20000,19000,Set tank.c app_speed/duty level to the logged pwm before sending the move key/protocol command; e=stop.,9.10803,24.436,9,2,0,0.26511,-0.02968,3.75254,9.01423,0.34052,3.0051,9.2379,9.0142,0.57537,18,-0.0297,9,0,179.99568,67.4771,0.3306,0.2965,1,False,running
027eea92b7,formation_7_adaptive_split,152,30.4,1784492400,adaptive_clusters,finish_first,r05,r05,True,center,member,local,3,3,8.51574,0.54793,-0.19416,0.37898,-0.20533,1000,954,-115,74,0,0,0000,---,False,0.3703,-0.08531,0.37898,-0.20533,8.94406,0.50487,cached_path_to_final_target,w,"$1,0,0,0,0,0,0,0,0#",20000,19000,Set tank.c app_speed/duty level to the logged pwm before sending the move key/protocol command; e=stop.,9.30762,24.90271,9,4,0,0.25181,-0.02968,3.58883,9.01423,0.34052,3.0051,9.2379,9.0142,0.57537,18,-0.0297,9,0,179.99568,67.4771,0.3306,0.2965,1,False,running
027eea92b7,formation_7_adaptive_split,152,30.4,1784492400,adaptive_clusters,finish_first,r06,r06,True,center,member,local,2,3,9.4416,0.44755,-0.09688,0.31158,-0.02937,826,814,-146,139,0,0,0000,---,False,0.31,-0.03157,0.31158,-0.02937,9.90112,0.40046,cached_path_to_final_target,w,"$1,0,0,0,0,0,0,0,0#",17000,16000,Set tank.c app_speed/duty level to the logged pwm before sending the move key/protocol command; e=stop.,9.62263,25.83109,0,2,0,0.11988,0.04777,3.03534,9.01423,0.34052,3.0051,9.2379,9.0142,0.57537,18,-0.0297,9,0,179.99568,67.4771,0.3306,0.2965,1,False,running
027eea92b7,formation_7_adaptive_split,152,30.4,1784492400,adaptive_clusters,finish_first,r07,r07,True,center,member,local,2,3,9.18275,0.83865,-0.15599,0.3116,-0.0069,821,819,-128,139,0,0,0000,---,False,0.30776,-0.04874,0.3116,-0.0069,9.63902,0.76632,cached_path_to_final_target,w,"$1,0,0,0,0,0,0,0,0#",16000,16000,Set tank.c app_speed/duty level to the logged pwm before sending the move key/protocol command; e=stop.,9.81122,26.06838,0,0,0,0.12307,0.12674,2.35766,9.01423,0.34052,3.0051,9.2379,9.0142,0.57537,18,-0.0297,9,0,179.99568,67.4771,0.3306,0.2965,1,False,running
027eea92b7,formation_7_adaptive_split,153,30.6,1784492600,adaptive_clusters,finish_first,r01,r01,True,center,member,local,2,3,9.2076,0.01637,-0.1753,0.31153,-0.05839,832,808,-152,104,0,0,0100,---,False,0.30631,-0.05716,0.31153,-0.05839,9.6612,-0.06885,path_to_final_target,w,"$1,0,0,0,0,0,0,0,0#",17000,16000,Set tank.c app_speed/duty level to the logged pwm before sending the move key/protocol command; e=stop.,9.88877,26.29988,0,2,0,0.13509,0.05246,2.92294,9.07951,0.33378,2.9395,9.3036,9.0795,0.56621,18,-0.0297,9,0,181.21676,67.94012,0.3307,0.2967,1,False,running
027eea92b7,formation_7_adaptive_split,153,30.6,1784492600,adaptive_clusters,finish_first,r02,r02,True,center,member,local,2,3,9.11262,-0.35906,0.07514,0.31144,-0.09038,839,801,180,93,0,0,0000,---,False,0.31102,0.01898,0.31144,-0.09038,9.52727,-0.33464,path_to_final_target,w,"$1,0,0,0,0,0,0,0,0#",17000,16000,Set tank.c app_speed/duty level to the logged pwm before sending the move key/protocol command; e=stop.,9.79058,26.05553,0,0,0,0.13905,0.06371,2.78406,9.07951,0.33378,2.9395,9.3036,9.0795,0.56621,18,-0.0297,9,0,181.21676,67.94012,0.3307,0.2967,1,False,running
027eea92b7,formation_7_adaptive_split,153,30.6,1784492600,adaptive_clusters,finish_first,r03,r03,True,center,member,local,2,3,9.85591,0.35676,-0.22398,0.3116,-0.00456,821,819,-146,175,0,0,0000,---,False,0.30377,-0.06943,0.3116,-0.00456,10.11055,0.29852,path_to_final_target,w,"$1,0,0,0,0,0,0,0,0#",16000,16000,Set tank.c app_speed/duty level to the logged pwm before sending the move key/protocol command; e=stop.,10.13515,26.89974,0,2,0,0.15035,0.05246,2.4762,9.07951,0.33378,2.9395,9.3036,9.0795,0.56621,18,-0.0297,9,0,181.21676,67.94012,0.3307,0.2967,1,False,running
027eea92b7,formation_7_adaptive_split,153,30.6,1784492600,adaptive_clusters,finish_first,r04,r04,True,center,member,local,3,3,8.04301,0.52167,0.0827,0.37827,-0.26699,1000,939,-109,59,0,0,0000,---,False,0.37968,0.01548,0.37827,-0.26699,8.48402,0.45646,path_to_final_target,w,"$1,0,0,0,0,0,0,0,0#",20000,19000,Set tank.c app_speed/duty level to the logged pwm before sending the move key/protocol command; e=stop.,9.18369,24.63152,9,2,0,0.26511,-0.02968,3.67817,9.07951,0.33378,2.9395,9.3036,9.0795,0.56621,18,-0.0297,9,0,181.21676,67.94012,0.3307,0.2967,1,False,running
027eea92b7,formation_7_adaptive_split,153,30.6,1784492600,adaptive_clusters,finish_first,r05,r05,True,center,member,local,3,3,8.5895,0.5304,-0.23333,0.37907,-0.19584,1000,956,-115,76,0,0,0000,---,False,0.36682,-0.0992,0.37907,-0.19584,9.02006,0.49249,path_to_final_target,w,"$1,0,0,0,0,0,0,0,0#",20000,19000,Set tank.c app_speed/duty level to the logged pwm before sending the move key/protocol command; e=stop.,9.38344,25.09993,9,4,0,0.25181,-0.02968,3.51357,9.07951,0.33378,2.9395,9.3036,9.0795,0.56621,18,-0.0297,9,0,181.21676,67.94012,0.3307,0.2967,1,False,running
027eea92b7,formation_7_adaptive_split,153,30.6,1784492600,adaptive_clusters,finish_first,r06,r06,True,center,member,local,2,3,9.50361,0.44137,-0.09942,0.3116,-0.01268,823,817,-147,144,0,0,0000,---,False,0.31,-0.03155,0.3116,-0.01268,9.96319,0.39448,path_to_final_target,w,"$1,0,0,0,0,0,0,0,0#",16000,16000,Set tank.c app_speed/duty level to the logged pwm before sending the move key/protocol command; e=stop.,9.68495,25.9965,0,2,0,0.11988,0.04777,2.97302,9.07951,0.33378,2.9395,9.3036,9.0795,0.56621,18,-0.0297,9,0,181.21676,67.94012,0.3307,0.2967,1,False,running
027eea92b7,formation_7_adaptive_split,153,30.6,1784492600,adaptive_clusters,finish_first,r07,r07,True,center,member,local,2,3,9.24431,0.82893,-0.15657,0.3116,-0.0029,821,819,-130,143,0,0,0000,---,False,0.30777,-0.04873,0.3116,-0.0029,9.70059,0.75666,path_to_final_target,w,"$1,0,0,0,0,0,0,0,0#",16000,16000,Set tank.c app_speed/duty level to the logged pwm before sending the move key/protocol command; e=stop.,9.87354,26.23367,0,0,0,0.12307,0.12674,2.29534,9.07951,0.33378,2.9395,9.3036,9.0795,0.56621,18,-0.0297,9,0,181.21676,67.94012,0.3307,0.2967,1,False,running
027eea92b7,formation_7_adaptive_split,154,30.8,1784492800,adaptive_clusters,finish_first,r01,r01,True,center,member,local,2,3,9.2689,0.0052,-0.18024,0.31159,-0.02471,825,815,-152,110,0,0,0100,---,False,0.30633,-0.05705,0.31159,-0.02471,9.7229,-0.07959,cached_path_to_final_target,w,"$1,0,0,0,0,0,0,0,0#",16000,16000,Set tank.c app_speed/duty level to the logged pwm before sending the move key/protocol command; e=stop.,9.95109,26.46546,0,2,0,0.13509,0.05246,2.86062,9.14472,0.32596,2.8738,9.3692,9.1447,0.55689,18,-0.0297,9,0,182.4371,68.40321,0.3308,0.2969,1,False,running
027eea92b7,formation_7_adaptive_split,154,30.8,1784492800,adaptive_clusters,finish_first,r02,r02,True,center,member,local,2,3,9.1748,-0.35489,0.06694,0.31157,-0.04102,829,811,-180,99,0,0,0000,---,False,0.31103,0.01884,0.31157,-0.04102,9.60409,-0.32929,cached_path_to_final_target,w,"$1,0,0,0,0,0,0,0,0#",17000,16000,Set tank.c app_speed/duty level to the logged pwm before sending the move key/protocol command; e=stop.,9.85289,26.22128,0,0,0,0.13905,0.06371,2.72175,9.14472,0.32596,2.8738,9.3692,9.1447,0.55689,18,-0.0297,9,0,182.4371,68.40321,0.3308,0.2969,1,False,running
027eea92b7,formation_7_adaptive_split,154,30.8,1784492800,adaptive_clusters,finish_first,r03,r03,True,center,member,local,2,3,9.91668,0.34294,-0.22374,0.3116,0.00119,820,820,-147,180,0,0,0000,---,False,0.30385,-0.06908,0.3116,0.00119,10.18571,0.28178,cached_path_to_final_target,w,"$1,0,0,0,0,0,0,0,0#",16000,16000,Set tank.c app_speed/duty level to the logged pwm before sending the move key/protocol command; e=stop.,10.19747,27.06504,0,2,0,0.15035,0.05246,2.41388,9.14472,0.32596,2.8738,9.3692,9.1447,0.55689,18,-0.0297,9,0,182.4371,68.40321,0.3308,0.2969,1,False,running
027eea92b7,formation_7_adaptive_split,154,30.8,1784492800,adaptive_clusters,finish_first,r04,r04,True,center,member,local,3,3,8.11865,0.52403,0.03112,0.37839,-0.25791,1000,941,-110,59,0,0,0000,---,False,0.37998,-0.00358,0.37839,-0.25791,8.55894,0.4622,cached_path_to_final_target,w,"$1,0,0,0,0,0,0,0,0#",20000,19000,Set tank.c app_speed/duty level to the logged pwm before sending the move key/protocol command; e=stop.,9.25936,24.82723,9,2,0,0.26511,-0.02968,3.60319,9.14472,0.32596,2.8738,9.3692,9.1447,0.55689,18,-0.0297,9,0,182.4371,68.40321,0.3308,0.2969,1,False,running
027eea92b7,formation_7_adaptive_split,154,30.8,1784492800,adaptive_clusters,finish_first,r05,r05,True,center,member,local,3,3,8.66256,0.51011,-0.27088,0.37915,-0.18779,1000,958,-116,79,0,0,0000,---,False,0.36298,-0.11244,0.37915,-0.18779,9.09559,0.47755,cached_path_to_final_target,w,"$1,0,0,0,0,0,0,0,0#",20000,19000,Set tank.c app_speed/duty level to the logged pwm before sending the move key/protocol command; e=stop.,9.45927,25.29734,9,4,0,0.25181,-0.02968,3.43873,9.14472,0.32596,2.8738,9.3692,9.1447,0.55689,18,-0.0297,9,0,182.4371,68.40321,0.3308,0.2969,1,False,running
027eea92b7,formation_7_adaptive_split,154,30.8,1784492800,adaptive_clusters,finish_first,r06,r06,True,center,member,local,2,3,9.56562,0.43512,-0.10048,0.3116,-0.00533,821,819,-148,150,0,0,0000,---,False,0.31,-0.03152,0.3116,-0.00533,10.02521,0.38834,cached_path_to_final_target,w,"$1,0,0,0,0,0,0,0,0#",16000,16000,Set tank.c app_speed/duty level to the logged pwm before sending the move key/protocol command; e=stop.,9.74727,26.16182,0,2,0,0.11988,0.04777,2.9107,9.14472,0.32596,2.8738,9.3692,9.1447,0.55689,18,-0.0297,9,0,182.4371,68.40321,0.3308,0.2969,1,False,running
027eea92b7,formation_7_adaptive_split,154,30.8,1784492800,adaptive_clusters,finish_first,r07,r07,True,center,member,local,2,3,9.30586,0.8192,-0.15681,0.3116,-0.0012,820,820,-131,147,0,0,0000,---,False,0.30777,-0.04872,0.3116,-0.0012,9.76215,0.74696,cached_path_to_final_target,w,"$1,0,0,0,0,0,0,0,0#",16000,16000,Set tank.c app_speed/duty level to the logged pwm before sending the move key/protocol command; e=stop.,9.93586,26.39893,0,0,0,0.12307,0.12674,2.23302,9.14472,0.32596,2.8738,9.3692,9.1447,0.55689,18,-0.0297,9,0,182.4371,68.40321,0.3308,0.2969,1,False,running
027eea92b7,formation_7_adaptive_split,155,31.0,1784493000,adaptive_clusters,finish_first,r01,r01,True,center,member,local,2,3,9.33019,-0.0061,-0.18229,0.3116,-0.01023,822,818,-153,116,0,0,0010,---,False,0.30635,-0.05698,0.3116,-0.01023,9.78432,-0.09067,cached_path_to_final_target,w,"$1,0,0,0,0,0,0,0,0#",16000,16000,Set tank.c app_speed/duty level to the logged pwm before sending the move key/protocol command; e=stop.,10.01341,26.63086,0,2,0,0.13509,0.05246,2.7983,9.20984,0.31717,2.8081,9.4349,9.2098,0.54744,18,-0.0297,9,0,183.65738,68.86636,0.3308,0.2971,1,False,running
027eea92b7,formation_7_adaptive_split,155,31.0,1784493000,adaptive_clusters,finish_first,r02,r02,True,center,member,local,2,3,9.23699,-0.35094,0.0635,0.31159,-0.01722,824,816,-180,105,0,0,0000,---,False,0.31102,0.01893,0.31159,-0.01722,9.68091,-0.32409,cached_path_to_final_target,w,"$1,0,0,0,0,0,0,0,0#",16000,16000,Set tank.c app_speed/duty level to the logged pwm before sending the move key/protocol command; e=stop.,9.91521,26.38677,0,0,0,0.13905,0.06371,2.65943,9.20984,0.31717,2.8081,9.4349,9.2098,0.54744,18,-0.0297,9,0,183.65738,68.86636,0.3308,0.2971,1,False,running
027eea92b7,formation_7_adaptive_split,155,31.0,1784493000,adaptive_clusters,finish_first,r03,r03,True,center,member,local,2,3,9.97745,0.32914,-0.22319,0.3116,0.00275,819,821,-148,186,0,0,0000,---,False,0.3039,-0.06884,0.3116,0.00275,10.26086,0.26497,cached_path_to_final_target,w,"$1,0,0,0,0,0,0,0,0#",16000,16000,Set tank.c app_speed/duty level to the logged pwm before sending the move key/protocol command; e=stop.,10.25979,27.2303,0,2,0,0.15035,0.05246,2.35156,9.20984,0.31717,2.8081,9.4349,9.2098,0.54744,18,-0.0297,9,0,183.65738,68.86636,0.3308,0.2971,1,False,running
027eea92b7,formation_7_adaptive_split,155,31.0,1784493000,adaptive_clusters,finish_first,r04,r04,True,center,member,local,3,3,8.19434,0.52261,-0.01869,0.3785,-0.24903,1000,944,-111,60,0,0,0000,---,False,0.37937,-0.02196,0.3785,-0.24903,8.63425,0.46448,cached_path_to_final_target,w,"$1,0,0,0,0,0,0,0,0#",20000,19000,Set tank.c app_speed/duty level to the logged pwm before sending the move key/protocol command; e=stop.,9.33506,25.02324,9,2,0,0.26511,-0.02968,3.52779,9.20984,0.31717,2.8081,9.4349,9.2098,0.54744,18,-0.0297,9,0,183.65738,68.86636,0.3308,0.2971,1,False,running
027eea92b7,formation_7_adaptive_split,155,31.0,1784493000,adaptive_clusters,finish_first,r05,r05,True,center,member,local,3,3,8.73486,0.48719,-0.30699,0.37921,-0.18051,1000,960,-117,82,0,0,0000,---,False,0.35883,-0.12506,0.37921,-0.18051,9.17061,0.46018,cached_path_to_final_target,w,"$1,0,0,0,0,0,0,0,0#",20000,19000,Set tank.c app_speed/duty level to the logged pwm before sending the move key/protocol command; e=stop.,9.53511,25.49493,9,4,0,0.25181,-0.02968,3.36442,9.20984,0.31717,2.8081,9.4349,9.2098,0.54744,18,-0.0297,9,0,183.65738,68.86636,0.3308,0.2971,1,False,running
027eea92b7,formation_7_adaptive_split,155,31.0,1784493000,adaptive_clusters,finish_first,r06,r06,True,center,member,local,2,3,9.62762,0.42884,-0.10092,0.3116,-0.00219,820,820,-149,155,0,0,0000,---,False,0.31,-0.0315,0.3116,-0.00219,10.08722,0.38212,cached_path_to_final_target,w,"$1,0,0,0,0,0,0,0,0#",16000,16000,Set tank.c app_speed/duty level to the logged pwm before sending the move key/protocol command; e=stop.,9.80959,26.3271,0,2,0,0.11988,0.04777,2.84838,9.20984,0.31717,2.8081,9.4349,9.2098,0.54744,18,-0.0297,9,0,183.65738,68.86636,0.3308,0.2971,1,False,running
027eea92b7,formation_7_adaptive_split,155,31.0,1784493000,adaptive_clusters,finish_first,r07,r07,True,center,member,local,2,3,9.36742,0.80946,-0.1569,0.3116,-0.00049,820,820,-132,151,0,0,0000,---,False,0.30777,-0.04871,0.3116,-0.00049,9.82371,0.73724,cached_path_to_final_target,w,"$1,0,0,0,0,0,0,0,0#",16000,16000,Set tank.c app_speed/duty level to the logged pwm before sending the move key/protocol command; e=stop.,9.99818,26.56418,0,0,0,0.12307,0.12674,2.1707,9.20984,0.31717,2.8081,9.4349,9.2098,0.54744,18,-0.0297,9,0,183.65738,68.86636,0.3308,0.2971,1,False,running
027eea92b7,formation_7_adaptive_split,156,31.2,1784493200,adaptive_clusters,finish_first,r01,r01,True,center,member,local,2,3,9.39147,-0.01745,-0.18312,0.3116,-0.00417,821,819,-154,121,0,0,0010,---,False,0.30635,-0.05694,0.3116,-0.00417,9.84564,-0.10191,cached_path_to_final_target,w,"$1,0,0,0,0,0,0,0,0#",16000,16000,Set tank.c app_speed/duty level to the logged pwm before sending the move key/protocol command; e=stop.,10.07573,26.79616,0,2,0,0.13509,0.05246,2.73598,9.27315,0.30952,2.7444,9.4987,9.2732,0.54043,18,-0.0297,9,0,184.85525,69.31455,0.3201,0.2972,1,False,running
027eea92b7,formation_7_adaptive_split,156,31.2,1784493200,adaptive_clusters,finish_first,r02,r02,True,center,member,local,2,3,9.29919,-0.34707,0.06213,0.3116,-0.00682,821,819,-180,111,0,0,0000,---,False,0.31102,0.01901,0.3116,-0.00682,9.75514,-0.31926,cached_path_to_final_target,w,"$1,0,0,0,0,0,0,0,0#",16000,16000,Set tank.c app_speed/duty level to the logged pwm before sending the move key/protocol command; e=stop.,9.97753,26.55212,0,0,0,0.13905,0.06371,2.59711,9.27315,0.30952,2.7444,9.4987,9.2732,0.54043,18,-0.0297,9,0,184.85525,69.31455,0.3201,0.2972,1,False,running
027eea92b7,formation_7_adaptive_split,156,31.2,1784493200,adaptive_clusters,finish_first,r03,r03,True,center,member,local,2,3,10.03823,0.31538,-0.22267,0.3116,0.00261,819,821,-148,191,0,0,0000,---,False,0.30394,-0.06869,0.3116,0.00261,10.33599,0.24812,cached_path_to_final_target,w,"$1,0,0,0,0,0,0,0,0#",16000,16000,Set tank.c app_speed/duty level to the logged pwm before sending the move key/protocol command; e=stop.,10.32211,27.39555,0,2,0,0.15035,0.05246,2.28924,9.27315,0.30952,2.7444,9.4987,9.2732,0.54043,18,-0.0297,9,0,184.85525,69.31455,0.3201,0.2972,1,False,running
027eea92b7,formation_7_adaptive_split,156,31.2,1784493200,adaptive_clusters,finish_first,r04,r04,True,center,member,local,3,3,8.26989,0.51756,-0.06673,0.3786,-0.24023,1000,946,-112,61,0,0,0000,---,False,0.37793,-0.03963,0.3786,-0.24023,8.70975,0.46345,cached_path_to_final_target,w,"$1,0,0,0,0,0,0,0,0#",20000,19000,Set tank.c app_speed/duty level to the logged pwm before sending the move key/protocol command; e=stop.,9.41078,25.21945,9,2,0,0.26511,-0.02968,3.45214,9.27315,0.30952,2.7444,9.4987,9.2732,0.54043,18,-0.0297,9,0,184.85525,69.31455,0.3201,0.2972,1,False,running
027eea92b7,formation_7_adaptive_split,156,31.2,1784493200,adaptive_clusters,finish_first,r05,r05,True,center,member,local,2,3,8.79468,0.47592,-0.18617,0.30438,0.60408,674,928,-126,86,0,0,0000,---,False,0.3103,-0.02839,0.30438,0.60408,9.24505,0.44051,cached_path_to_final_target,a,"$3,0,0,0,0,0,0,0,0#",13000,19000,Set tank.c app_speed/duty level to the logged pwm before sending the move key/protocol command; e=stop.,9.59599,25.67018,9,4,0,0.25181,-0.02968,3.30376,9.27315,0.30952,2.7444,9.4987,9.2732,0.54043,18,-0.0297,9,0,184.85525,69.31455,0.3201,0.2972,1,False,running
027eea92b7,formation_7_adaptive_split,156,31.2,1784493200,adaptive_clusters,finish_first,r06,r06,True,center,member,local,2,3,9.68962,0.42255,-0.1011,0.3116,-0.00089,820,820,-149,161,0,0,0000,---,False,0.31,-0.03149,0.3116,-0.00089,10.14923,0.37585,cached_path_to_final_target,w,"$1,0,0,0,0,0,0,0,0#",16000,16000,Set tank.c app_speed/duty level to the logged pwm before sending the move key/protocol command; e=stop.,9.87191,26.49236,0,2,0,0.11988,0.04777,2.78606,9.27315,0.30952,2.7444,9.4987,9.2732,0.54043,18,-0.0297,9,0,184.85525,69.31455,0.3201,0.2972,1,False,running
027eea92b7,formation_7_adaptive_split,156,31.2,1784493200,adaptive_clusters,finish_first,r07,r07,True,center,member,local,2,3,9.42897,0.79972,-0.15694,0.3116,-0.0002,820,820,-134,156,0,0,0000,---,False,0.30777,-0.04871,0.3116,-0.0002,9.88526,0.7275,cached_path_to_final_target,w,"$1,0,0,0,0,0,0,0,0#",16000,16000,Set tank.c app_speed/duty level to the logged pwm before sending the move key/protocol command; e=stop.,10.0605,26.72943,0,0,0,0.12307,0.12674,2.10838,9.27315,0.30952,2.7444,9.4987,9.2732,0.54043,18,-0.0297,9,0,184.85525,69.31455,0.3201,0.2972,1,False,running
027eea92b7,formation_7_adaptive_split,157,31.4,1784493400,adaptive_clusters,finish_first,r01,r01,True,center,member,local,2,3,9.4313,-0.02484,-0.18346,0.20254,-0.00168,533,533,-155,125,0,0,0010,---,False,0.19913,-0.037,0.20254,-0.00168,9.90693,-0.11323,path_to_final_target,w,"$1,0,0,0,0,0,0,0,0#",11000,11000,Set tank.c app_speed/duty level to the logged pwm before sending the move key/protocol command; e=stop.,10.11624,26.91232,0,2,0,0.13509,0.05246,2.69547,9.33049,0.30215,2.6866,9.5565,9.3305,0.53214,18,-0.0297,9,0,185.94827,69.72033,0.2898,0.2971,1,False,running
027eea92b7,formation_7_adaptive_split,157,31.4,1784493400,adaptive_clusters,finish_first,r02,r02,True,center,member,local,2,3,9.33962,-0.34457,0.0616,0.20254,-0.00268,534,532,-180,115,0,0,0000,---,False,0.20216,0.01238,0.20254,-0.00268,9.82095,-0.31511,path_to_final_target,w,"$1,0,0,0,0,0,0,0,0#",11000,11000,Set tank.c app_speed/duty level to the logged pwm before sending the move key/protocol command; e=stop.,10.01804,26.66829,0,0,0,0.13905,0.06371,2.5566,9.33049,0.30215,2.6866,9.5565,9.3305,0.53214,18,-0.0297,9,0,185.94827,69.72033,0.2898,0.2971,1,False,running
027eea92b7,formation_7_adaptive_split,157,31.4,1784493400,adaptive_clusters,finish_first,r03,r03,True,center,member,local,2,3,10.09902,0.30164,-0.22228,0.3116,0.00195,820,820,-149,197,0,0,0000,---,False,0.30395,-0.0686,0.3116,0.00195,10.41111,0.23122,path_to_final_target,w,"$1,0,0,0,0,0,0,0,0#",16000,16000,Set tank.c app_speed/duty level to the logged pwm before sending the move key/protocol command; e=stop.,10.38443,27.56081,0,2,0,0.15035,0.05246,2.22692,9.33049,0.30215,2.6866,9.5565,9.3305,0.53214,18,-0.0297,9,0,185.94827,69.72033,0.2898,0.2971,1,False,running
027eea92b7,formation_7_adaptive_split,157,31.4,1784493400,adaptive_clusters,finish_first,r04,r04,True,center,member,local,3,3,8.34515,0.50902,-0.11303,0.3787,-0.2315,1000,948,-113,62,0,0,0000,---,False,0.37577,-0.05657,0.3787,-0.2315,8.78525,0.45926,path_to_final_target,w,"$1,0,0,0,0,0,0,0,0#",20000,19000,Set tank.c app_speed/duty level to the logged pwm before sending the move key/protocol command; e=stop.,9.48652,25.41586,9,2,0,0.26511,-0.02968,3.3764,9.33049,0.30215,2.6866,9.5565,9.3305,0.53214,18,-0.0297,9,0,185.94827,69.72033,0.2898,0.2971,1,False,running
027eea92b7,formation_7_adaptive_split,157,31.4,1784493400,adaptive_clusters,finish_first,r05,r05,True,center,member,local,2,3,8.85618,0.46754,-0.13542,0.31032,0.25376,763,870,-131,90,0,0,0000,---,False,0.31018,-0.02972,0.31032,0.25376,9.31351,0.4262,path_to_final_target,a,"$3,0,0,0,0,0,0,0,0#",15000,17000,Set tank.c app_speed/duty level to the logged pwm before sending the move key/protocol command; e=stop.,9.65805,25.8387,9,4,0,0.25181,-0.02968,3.24173,9.33049,0.30215,2.6866,9.5565,9.3305,0.53214,18,-0.0297,9,0,185.94827,69.72033,0.2898,0.2971,1,False,running
027eea92b7,formation_7_adaptive_split,157,31.4,1784493400,adaptive_clusters,finish_first,r06,r06,True,center,member,local,2,3,9.75162,0.41625,-0.10117,0.3116,-0.00036,820,820,-150,167,0,0,0000,---,False,0.31,-0.03149,0.3116,-0.00036,10.21123,0.36957,path_to_final_target,w,"$1,0,0,0,0,0,0,0,0#",16000,16000,Set tank.c app_speed/duty level to the logged pwm before sending the move key/protocol command; e=stop.,9.93423,26.65761,0,2,0,0.11988,0.04777,2.72374,9.33049,0.30215,2.6866,9.5565,9.3305,0.53214,18,-0.0297,9,0,185.94827,69.72033,0.2898,0.2971,1,False,running
027eea92b7,formation_7_adaptive_split,157,31.4,1784493400,adaptive_clusters,finish_first,r07,r07,True,center,member,local,2,3,9.49053,0.78998,-0.15696,0.3116,-8e-05,820,820,-135,160,0,0,0000,---,False,0.30777,-0.04871,0.3116,-8e-05,9.94682,0.71776,path_to_final_target,w,"$1,0,0,0,0,0,0,0,0#",16000,16000,Set tank.c app_speed/duty level to the logged pwm before sending the move key/protocol command; e=stop.,10.12282,26.89468,0,0,0,0.12307,0.12674,2.04606,9.33049,0.30215,2.6866,9.5565,9.3305,0.53214,18,-0.0297,9,0,185.94827,69.72033,0.2898,0.2971,1,False,running
027eea92b7,formation_7_adaptive_split,158,31.6,1784493600,adaptive_clusters,finish_first,r01,r01,True,center,member,local,2,3,9.49257,-0.03621,-0.18359,0.3116,-0.00065,820,820,-156,131,0,0,0010,---,False,0.30636,-0.05692,0.3116,-0.00065,9.9532,-0.1218,cached_path_to_final_target,w,"$1,0,0,0,0,0,0,0,0#",16000,16000,Set tank.c app_speed/duty level to the logged pwm before sending the move key/protocol command; e=stop.,10.17856,27.0863,0,2,0,0.13509,0.05246,2.63315,9.38926,0.29383,2.6272,9.6159,9.3893,0.52439,18,-0.0297,9,0,187.06344,70.13684,0.2975,0.2971,1,False,running
027eea92b7,formation_7_adaptive_split,158,31.6,1784493600,adaptive_clusters,finish_first,r02,r02,True,center,member,local,2,3,9.36875,-0.34268,0.06504,0.14598,0.01722,381,388,-180,118,0,0,0000,---,False,0.14565,0.00988,0.14598,0.01722,9.869,-0.31212,cached_path_to_final_target; completion_unstuck,w,"$1,0,0,0,0,0,0,0,0#",8000,8000,Set tank.c app_speed/duty level to the logged pwm before sending the move key/protocol command; e=stop.,10.04723,26.7505,0,0,0,0.13905,0.06371,2.52741,9.38926,0.29383,2.6272,9.6159,9.3893,0.52439,18,-0.0297,9,0,187.06344,70.13684,0.2975,0.2971,1,False,running
027eea92b7,formation_7_adaptive_split,158,31.6,1784493600,adaptive_clusters,finish_first,r03,r03,True,center,member,local,2,3,10.15981,0.28792,-0.22202,0.3116,0.00129,820,820,-150,202,0,0,0000,---,False,0.30397,-0.06855,0.3116,0.00129,10.48623,0.21431,cached_path_to_final_target,w,"$1,0,0,0,0,0,0,0,0#",16000,16000,Set tank.c app_speed/duty level to the logged pwm before sending the move key/protocol command; e=stop.,10.44675,27.72606,0,2,0,0.15035,0.05246,2.1646,9.38926,0.29383,2.6272,9.6159,9.3893,0.52439,18,-0.0297,9,0,187.06344,70.13684,0.2975,0.2971,1,False,running
027eea92b7,formation_7_adaptive_split,158,31.6,1784493600,adaptive_clusters,finish_first,r04,r04,True,center,member,local,3,3,8.41997,0.49713,-0.1576,0.3788,-0.22285,1000,950,-114,64,0,0,0000,---,False,0.37297,-0.07274,0.3788,-0.22285,8.86058,0.45206,cached_path_to_final_target,w,"$1,0,0,0,0,0,0,0,0#",20000,19000,Set tank.c app_speed/duty level to the logged pwm before sending the move key/protocol command; e=stop.,9.56228,25.61247,9,2,0,0.26511,-0.02968,3.30073,9.38926,0.29383,2.6272,9.6159,9.3893,0.52439,18,-0.0297,9,0,187.06344,70.13684,0.2975,0.2971,1,False,running
027eea92b7,formation_7_adaptive_split,158,31.6,1784493600,adaptive_clusters,finish_first,r05,r05,True,center,member,local,2,3,8.91805,0.46043,-0.1145,0.31138,0.10459,797,841,-134,94,0,0,0000,---,False,0.3101,-0.03051,0.31138,0.10459,9.37712,0.41629,cached_path_to_final_target,w,"$1,0,0,0,0,0,0,0,0#",16000,17000,Set tank.c app_speed/duty level to the logged pwm before sending the move key/protocol command; e=stop.,9.72033,26.00532,9,4,0,0.25181,-0.02968,3.17946,9.38926,0.29383,2.6272,9.6159,9.3893,0.52439,18,-0.0297,9,0,187.06344,70.13684,0.2975,0.2971,1,False,running
027eea92b7,formation_7_adaptive_split,158,31.6,1784493600,adaptive_clusters,finish_first,r06,r06,True,center,member,local,2,3,9.81363,0.40996,-0.1012,0.3116,-0.00014,820,820,-151,172,0,0,0000,---,False,0.31001,-0.03149,0.3116,-0.00014,10.27323,0.36328,cached_path_to_final_target,w,"$1,0,0,0,0,0,0,0,0#",16000,16000,Set tank.c app_speed/duty level to the logged pwm before sending the move key/protocol command; e=stop.,9.99655,26.82286,0,2,0,0.11988,0.04777,2.66142,9.38926,0.29383,2.6272,9.6159,9.3893,0.52439,18,-0.0297,9,0,187.06344,70.13684,0.2975,0.2971,1,False,running
027eea92b7,formation_7_adaptive_split,158,31.6,1784493600,adaptive_clusters,finish_first,r07,r07,True,center,member,local,2,3,9.55208,0.78024,-0.15697,0.3116,-3e-05,820,820,-136,165,0,0,0000,---,False,0.30777,-0.04871,0.3116,-3e-05,10.00837,0.70802,cached_path_to_final_target,w,"$1,0,0,0,0,0,0,0,0#",16000,16000,Set tank.c app_speed/duty level to the logged pwm before sending the move key/protocol command; e=stop.,10.18514,27.05993,0,0,0,0.12307,0.12674,1.98374,9.38926,0.29383,2.6272,9.6159,9.3893,0.52439,18,-0.0297,9,0,187.06344,70.13684,0.2975,0.2971,1,False,running
027eea92b7,formation_7_adaptive_split,159,31.8,1784493800,adaptive_clusters,finish_first,r01,r01,True,center,member,local,2,3,9.55384,-0.04759,-0.18364,0.3116,-0.00026,820,820,-157,137,0,0,0010,---,False,0.30636,-0.05691,0.3116,-0.00026,10.00997,-0.13233,cached_path_to_final_target,w,"$1,0,0,0,0,0,0,0,0#",16000,16000,Set tank.c app_speed/duty level to the logged pwm before sending the move key/protocol command; e=stop.,10.24088,27.25155,0,2,0,0.13509,0.05246,2.57083,9.44798,0.28513,2.5679,9.6752,9.448,0.51701,18,-0.0297,9,0,188.16471,70.55341,0.2975,0.2971,1,False,running
027eea92b7,formation_7_adaptive_split,159,31.8,1784493800,adaptive_clusters,finish_first,r02,r02,True,center,member,local,2,3,9.39789,-0.34073,0.06651,0.14598,0.00736,383,386,-180,121,0,0,0000,---,False,0.14565,0.00987,0.14598,0.00736,9.9038,-0.30991,cached_path_to_final_target; completion_unstuck,w,"$1,0,0,0,0,0,0,0,0#",8000,8000,Set tank.c app_speed/duty level to the logged pwm before sending the move key/protocol command; e=stop.,10.07643,26.82808,0,0,0,0.13905,0.06371,2.49821,9.44798,0.28513,2.5679,9.6752,9.448,0.51701,18,-0.0297,9,0,188.16471,70.55341,0.2975,0.2971,1,False,running
027eea92b7,formation_7_adaptive_split,159,31.8,1784493800,adaptive_clusters,finish_first,r03,r03,True,center,member,local,2,3,10.2206,0.2742,-0.22186,0.3116,0.00078,820,820,-151,208,0,0,0000,---,False,0.30397,-0.06853,0.3116,0.00078,10.56135,0.19739,cached_path_to_final_target,w,"$1,0,0,0,0,0,0,0,0#",16000,16000,Set tank.c app_speed/duty level to the logged pwm before sending the move key/protocol command; e=stop.,10.50907,27.89131,0,2,0,0.15035,0.05246,2.10228,9.44798,0.28513,2.5679,9.6752,9.448,0.51701,18,-0.0297,9,0,188.16471,70.55341,0.2975,0.2971,1,False,running
027eea92b7,formation_7_adaptive_split,159,31.8,1784493800,adaptive_clusters,finish_first,r04,r04,True,center,member,local,3,3,8.49423,0.48204,-0.20046,0.37889,-0.21429,1000,952,-115,67,0,0,0000,---,False,0.36963,-0.08816,0.37889,-0.21429,8.9356,0.442,cached_path_to_final_target,w,"$1,0,0,0,0,0,0,0,0#",20000,19000,Set tank.c app_speed/duty level to the logged pwm before sending the move key/protocol command; e=stop.,9.63806,25.80928,9,2,0,0.26511,-0.02968,3.22528,9.44798,0.28513,2.5679,9.6752,9.448,0.51701,18,-0.0297,9,0,188.16471,70.55341,0.2975,0.2971,1,False,running
027eea92b7,formation_7_adaptive_split,159,31.8,1784493800,adaptive_clusters,finish_first,r05,r05,True,center,member,local,2,3,8.98001,0.45383,-0.10602,0.31156,0.04238,811,829,-136,99,0,0,0000,---,False,0.31006,-0.03091,0.31156,0.04238,9.43952,0.40844,cached_path_to_final_target,w,"$1,0,0,0,0,0,0,0,0#",16000,17000,Set tank.c app_speed/duty level to the logged pwm before sending the move key/protocol command; e=stop.,9.78264,26.17121,9,4,0,0.25181,-0.02968,3.11715,9.44798,0.28513,2.5679,9.6752,9.448,0.51701,18,-0.0297,9,0,188.16471,70.55341,0.2975,0.2971,1,False,running
027eea92b7,formation_7_adaptive_split,159,31.8,1784493800,adaptive_clusters,finish_first,r06,r06,True,center,member,local,2,3,9.87563,0.40366,-0.10121,0.3116,-6e-05,820,820,-152,178,0,0,0000,---,False,0.31001,-0.03149,0.3116,-6e-05,10.33523,0.35698,cached_path_to_final_target,w,"$1,0,0,0,0,0,0,0,0#",16000,16000,Set tank.c app_speed/duty level to the logged pwm before sending the move key/protocol command; e=stop.,10.05887,26.98811,0,2,0,0.11988,0.04777,2.5991,9.44798,0.28513,2.5679,9.6752,9.448,0.51701,18,-0.0297,9,0,188.16471,70.55341,0.2975,0.2971,1,False,running
027eea92b7,formation_7_adaptive_split,159,31.8,1784493800,adaptive_clusters,finish_first,r07,r07,True,center,member,local,2,3,9.61363,0.7705,-0.15697,0.3116,-1e-05,820,820,-137,169,0,0,0000,---,False,0.30777,-0.04871,0.3116,-1e-05,10.06993,0.69828,cached_path_to_final_target,w,"$1,0,0,0,0,0,0,0,0#",16000,16000,Set tank.c app_speed/duty level to the logged pwm before sending the move key/protocol command; e=stop.,10.24746,27.22517,0,0,0,0.12307,0.12674,1.92142,9.44798,0.28513,2.5679,9.6752,9.448,0.51701,18,-0.0297,9,0,188.16471,70.55341,0.2975,0.2971,1,False,running
027eea92b7,formation_7_adaptive_split,160,32.0,1784494000,adaptive_clusters,finish_first,r01,r01,True,center,member,local,2,3,9.61511,-0.05897,-0.18366,0.3116,-0.0001,820,820,-157,143,0,0,0010,---,False,0.30636,-0.05691,0.3116,-0.0001,10.06989,-0.14346,cached_path_to_final_target,w,"$1,0,0,0,0,0,0,0,0#",16000,16000,Set tank.c app_speed/duty level to the logged pwm before sending the move key/protocol command; e=stop.,10.3032,27.4168,0,2,0,0.13509,0.05246,2.50851,9.50659,0.27603,2.5086,9.7346,9.5066,0.51006,18,-0.0297,9,0,189.26574,70.97,0.2976,0.2971,1,False,running
027eea92b7,formation_7_adaptive_split,160,32.0,1784494000,adaptive_clusters,finish_first,r02,r02,True,center,member,local,2,3,9.42702,-0.33878,0.0671,0.14598,0.00296,384,385,-180,124,0,0,0000,---,False,0.14565,0.00986,0.14598,0.00296,9.93464,-0.30791,cached_path_to_final_target; completion_unstuck,w,"$1,0,0,0,0,0,0,0,0#",8000,8000,Set tank.c app_speed/duty level to the logged pwm before sending the move key/protocol command; e=stop.,10.10563,26.90561,0,0,0,0.13905,0.06371,2.46902,9.50659,0.27603,2.5086,9.7346,9.5066,0.51006,18,-0.0297,9,0,189.26574,70.97,0.2976,0.2971,1,False,running
027eea92b7,formation_7_adaptive_split,160,32.0,1784494000,adaptive_clusters,finish_first,r03,r03,True,center,member,local,2,3,10.28139,0.2605,-0.22178,0.3116,0.00044,820,820,-151,214,0,0,0000,---,False,0.30397,-0.06852,0.3116,0.00044,10.63647,0.18046,cached_path_to_final_target,w,"$1,0,0,0,0,0,0,0,0#",16000,16000,Set tank.c app_speed/duty level to the logged pwm before sending the move key/protocol command; e=stop.,10.57139,28.05656,0,2,0,0.15035,0.05246,2.03996,9.50659,0.27603,2.5086,9.7346,9.5066,0.51006,18,-0.0297,9,0,189.26574,70.97,0.2976,0.2971,1,False,running
027eea92b7,formation_7_adaptive_split,160,32.0,1784494000,adaptive_clusters,finish_first,r04,r04,True,center,member,local,3,3,8.56782,0.4639,-0.24163,0.37897,-0.20583,1000,954,-116,70,0,0,0000,---,False,0.36583,-0.10281,0.37897,-0.20583,9.01018,0.42925,cached_path_to_final_target,w,"$1,0,0,0,0,0,0,0,0#",20000,19000,Set tank.c app_speed/duty level to the logged pwm before sending the move key/protocol command; e=stop.,9.71386,26.00629,9,2,0,0.26511,-0.02968,3.1502,9.50659,0.27603,2.5086,9.7346,9.5066,0.51006,18,-0.0297,9,0,189.26574,70.97,0.2976,0.2971,1,False,running
027eea92b7,formation_7_adaptive_split,160,32.0,1784494000,adaptive_clusters,finish_first,r05,r05,True,center,member,local,2,3,9.042,0.44745,-0.10263,0.31159,0.01694,816,824,-138,104,0,0,0000,---,False,0.31004,-0.0311,0.31159,0.01694,9.50162,0.40151,cached_path_to_final_target,w,"$1,0,0,0,0,0,0,0,0#",16000,16000,Set tank.c app_speed/duty level to the logged pwm before sending the move key/protocol command; e=stop.,9.84496,26.33671,9,4,0,0.25181,-0.02968,3.05483,9.50659,0.27603,2.5086,9.7346,9.5066,0.51006,18,-0.0297,9,0,189.26574,70.97,0.2976,0.2971,1,False,running
027eea92b7,formation_7_adaptive_split,160,32.0,1784494000,adaptive_clusters,finish_first,r06,r06,True,center,member,local,2,3,9.93763,0.39737,-0.10121,0.3116,-2e-05,820,820,-153,184,0,0,0000,---,False,0.31001,-0.03149,0.3116,-2e-05,10.39723,0.35069,cached_path_to_final_target,w,"$1,0,0,0,0,0,0,0,0#",16000,16000,Set tank.c app_speed/duty level to the logged pwm before sending the move key/protocol command; e=stop.,10.12119,27.15335,0,2,0,0.11988,0.04777,2.53678,9.50659,0.27603,2.5086,9.7346,9.5066,0.51006,18,-0.0297,9,0,189.26574,70.97,0.2976,0.2971,1,False,running
027eea92b7,formation_7_adaptive_split,160,32.0,1784494000,adaptive_clusters,finish_first,r07,r07,True,center,member,local,2,3,9.67519,0.76075,-0.15697,0.3116,-0.0,820,820,-138,174,0,0,0000,---,False,0.30777,-0.04871,0.3116,-0.0,10.13148,0.68854,cached_path_to_final_target,w,"$1,0,0,0,0,0,0,0,0#",16000,16000,Set tank.c app_speed/duty level to the logged pwm before sending the move key/protocol command; e=stop.,10.30978,27.39042,0,0,0,0.12307,0.12674,1.8591,9.50659,0.27603,2.5086,9.7346,9.5066,0.51006,18,-0.0297,9,0,189.26574,70.97,0.2976,0.2971,1,False,running
027eea92b7,formation_7_adaptive_split,161,32.2,1784494200,adaptive_clusters,finish_first,r01,r01,True,center,member,local,2,3,9.67639,-0.07036,-0.18367,0.3116,-4e-05,820,820,-158,149,0,0,0010,---,False,0.30636,-0.05691,0.3116,-4e-05,10.13076,-0.15477,path_to_final_target,w,"$1,0,0,0,0,0,0,0,0#",16000,16000,Set tank.c app_speed/duty level to the logged pwm before sending the move key/protocol command; e=stop.,10.36552,27.58205,0,2,0,0.13509,0.05246,2.44619,9.56511,0.26653,2.4494,9.7938,9.5651,0.50364,17,-0.0297,9,0,190.36669,71.38661,0.2976,0.2971,1,False,running
027eea92b7,formation_7_adaptive_split,161,32.2,1784494200,adaptive_clusters,finish_first,r02,r02,True,center,member,local,2,3,9.45615,-0.33681,0.06731,0.14598,0.00104,384,384,-180,127,0,0,0000,---,False,0.14565,0.00984,0.14598,0.00104,9.96428,-0.30597,path_to_final_target; completion_unstuck,w,"$1,0,0,0,0,0,0,0,0#",8000,8000,Set tank.c app_speed/duty level to the logged pwm before sending the move key/protocol command; e=stop.,10.13482,26.98302,0,0,0,0.13905,0.06371,2.43982,9.56511,0.26653,2.4494,9.7938,9.5651,0.50364,17,-0.0297,9,0,190.36669,71.38661,0.2976,0.2971,1,False,running
027eea92b7,formation_7_adaptive_split,161,32.2,1784494200,adaptive_clusters,finish_first,r03,r03,True,center,member,local,2,3,10.34219,0.24679,-0.22173,0.3116,0.00023,820,820,-152,220,0,0,0000,---,False,0.30397,-0.06852,0.3116,0.00023,10.71158,0.16353,path_to_final_target,w,"$1,0,0,0,0,0,0,0,0#",16000,16000,Set tank.c app_speed/duty level to the logged pwm before sending the move key/protocol command; e=stop.,10.63371,28.22181,0,2,0,0.15035,0.05246,1.97764,9.56511,0.26653,2.4494,9.7938,9.5651,0.50364,17,-0.0297,9,0,190.36669,71.38661,0.2976,0.2971,1,False,running
027eea92b7,formation_7_adaptive_split,161,32.2,1784494200,adaptive_clusters,finish_first,r04,r04,True,center,member,local,3,3,8.64065,0.44287,-0.28113,0.37905,-0.19751,1000,956,-117,73,0,0,0000,---,False,0.36163,-0.11671,0.37905,-0.19751,9.0842,0.41398,path_to_final_target,w,"$1,0,0,0,0,0,0,0,0#",20000,19000,Set tank.c app_speed/duty level to the logged pwm before sending the move key/protocol command; e=stop.,9.78967,26.20349,9,2,0,0.26511,-0.02968,3.07562,9.56511,0.26653,2.4494,9.7938,9.5651,0.50364,17,-0.0297,9,0,190.36669,71.38661,0.2976,0.2971,1,False,running
027eea92b7,formation_7_adaptive_split,161,32.2,1784494200,adaptive_clusters,finish_first,r05,r05,True,center,member,local,2,3,9.104,0.44114,-0.1013,0.3116,0.00669,819,821,-140,109,0,0,0000,---,False,0.31004,-0.03118,0.3116,0.00669,9.56364,0.39498,path_to_final_target,w,"$1,0,0,0,0,0,0,0,0#",16000,16000,Set tank.c app_speed/duty level to the logged pwm before sending the move key/protocol command; e=stop.,9.90728,26.50206,9,4,0,0.25181,-0.02968,2.99251,9.56511,0.26653,2.4494,9.7938,9.5651,0.50364,17,-0.0297,9,0,190.36669,71.38661,0.2976,0.2971,1,False,running
027eea92b7,formation_7_adaptive_split,161,32.2,1784494200,adaptive_clusters,finish_first,r06,r06,True,center,member,local,2,3,9.99963,0.39107,-0.10122,0.3116,-1e-05,820,820,-153,190,0,0,0000,---,False,0.31001,-0.03149,0.3116,-1e-05,10.45924,0.34439,path_to_final_target,w,"$1,0,0,0,0,0,0,0,0#",16000,16000,Set tank.c app_speed/duty level to the logged pwm before sending the move key/protocol command; e=stop.,10.18351,27.3186,0,2,0,0.11988,0.04777,2.47446,9.56511,0.26653,2.4494,9.7938,9.5651,0.50364,17,-0.0297,9,0,190.36669,71.38661,0.2976,0.2971,1,False,running
027eea92b7,formation_7_adaptive_split,161,32.2,1784494200,adaptive_clusters,finish_first,r07,r07,True,center,member,local,2,3,9.73674,0.75101,-0.15697,0.3116,-0.0,820,820,-139,179,0,0,0000,---,False,0.30777,-0.04871,0.3116,-0.0,10.19303,0.67879,path_to_final_target,w,"$1,0,0,0,0,0,0,0,0#",16000,16000,Set tank.c app_speed/duty level to the logged pwm before sending the move key/protocol command; e=stop.,10.3721,27.55567,0,0,0,0.12307,0.12674,1.79678,9.56511,0.26653,2.4494,9.7938,9.5651,0.50364,17,-0.0297,9,0,190.36669,71.38661,0.2976,0.2971,1,False,running
027eea92b7,formation_7_adaptive_split,162,32.4,1784494400,adaptive_clusters,finish_first,r01,r01,True,center,member,local,2,3,9.73766,-0.08174,-0.18367,0.3116,-2e-05,820,820,-159,155,0,0,0000,---,False,0.30636,-0.05691,0.3116,-2e-05,10.19191,-0.16613,cached_path_to_final_target,w,"$1,0,0,0,0,0,0,0,0#",16000,16000,Set tank.c app_speed/duty level to the logged pwm before sending the move key/protocol command; e=stop.,10.42784,27.7473,0,2,0,0.13509,0.05246,2.38387,9.62664,0.25683,2.3872,9.8561,9.6266,0.49733,17,-0.0297,9,0,191.53508,71.82523,0.3133,0.2971,1,False,running
027eea92b7,formation_7_adaptive_split,162,32.4,1784494400,adaptive_clusters,finish_first,r02,r02,True,center,member,local,2,3,9.50724,-0.33355,0.06372,0.25598,-0.01795,677,670,-180,132,0,0,0000,---,False,0.31102,0.01896,0.25598,-0.01795,9.99357,-0.30404,cached_path_to_final_target,w,"$1,0,0,0,0,0,0,0,0#",14000,13000,Set tank.c app_speed/duty level to the logged pwm before sending the move key/protocol command; e=stop.,10.18602,27.12773,0,0,0,0.13905,0.06371,2.38863,9.62664,0.25683,2.3872,9.8561,9.6266,0.49733,17,-0.0297,9,0,191.53508,71.82523,0.3133,0.2971,1,False,running
027eea92b7,formation_7_adaptive_split,162,32.4,1784494400,adaptive_clusters,finish_first,r03,r03,True,center,member,local,2,3,10.40298,0.23309,-0.22171,0.3116,0.00011,820,820,-153,225,0,0,0000,---,False,0.30397,-0.06851,0.3116,0.00011,10.7867,0.1466,cached_path_to_final_target,w,"$1,0,0,0,0,0,0,0,0#",16000,16000,Set tank.c app_speed/duty level to the logged pwm before sending the move key/protocol command; e=stop.,10.69603,28.38706,0,2,0,0.15035,0.05246,1.91532,9.62664,0.25683,2.3872,9.8561,9.6266,0.49733,17,-0.0297,9,0,191.53508,71.82523,0.3133,0.2971,1,False,running
027eea92b7,formation_7_adaptive_split,162,32.4,1784494400,adaptive_clusters,finish_first,r04,r04,True,center,member,local,3,3,8.71265,0.41909,-0.319,0.37913,-0.18934,1000,958,-118,76,0,0,0000,---,False,0.35712,-0.12985,0.37913,-0.18934,9.15755,0.39635,cached_path_to_final_target,w,"$1,0,0,0,0,0,0,0,0#",20000,19000,Set tank.c app_speed/duty level to the logged pwm before sending the move key/protocol command; e=stop.,9.86549,26.4009,9,2,0,0.26511,-0.02968,3.00168,9.62664,0.25683,2.3872,9.8561,9.6266,0.49733,17,-0.0297,9,0,191.53508,71.82523,0.3133,0.2971,1,False,running
027eea92b7,formation_7_adaptive_split,162,32.4,1784494400,adaptive_clusters,finish_first,r05,r05,True,center,member,local,2,3,9.16601,0.43488,-0.10077,0.3116,0.00262,819,821,-141,114,0,0,0000,---,False,0.31003,-0.03122,0.3116,0.00262,9.62565,0.38861,cached_path_to_final_target,w,"$1,0,0,0,0,0,0,0,0#",16000,16000,Set tank.c app_speed/duty level to the logged pwm before sending the move key/protocol command; e=stop.,9.9696,26.66735,9,4,0,0.25181,-0.02968,2.93019,9.62664,0.25683,2.3872,9.8561,9.6266,0.49733,17,-0.0297,9,0,191.53508,71.82523,0.3133,0.2971,1,False,running
027eea92b7,formation_7_adaptive_split,162,32.4,1784494400,adaptive_clusters,finish_first,r06,r06,True,center,member,local,2,3,10.06163,0.38477,-0.10122,0.3116,-0.0,820,820,-154,195,0,0,0000,---,False,0.31001,-0.03149,0.3116,-0.0,10.52124,0.33809,cached_path_to_final_target,w,"$1,0,0,0,0,0,0,0,0#",16000,16000,Set tank.c app_speed/duty level to the logged pwm before sending the move key/protocol command; e=stop.,10.24583,27.48385,0,2,0,0.11988,0.04777,2.41214,9.62664,0.25683,2.3872,9.8561,9.6266,0.49733,17,-0.0297,9,0,191.53508,71.82523,0.3133,0.2971,1,False,running
027eea92b7,formation_7_adaptive_split,162,32.4,1784494400,adaptive_clusters,finish_first,r07,r07,True,center,member,local,2,3,9.7983,0.74127,-0.15697,0.3116,-0.0,820,820,-140,184,0,0,0000,---,False,0.30777,-0.04871,0.3116,-0.0,10.25459,0.66905,cached_path_to_final_target,w,"$1,0,0,0,0,0,0,0,0#",16000,16000,Set tank.c app_speed/duty level to the logged pwm before sending the move key/protocol command; e=stop.,10.43442,27.72091,0,0,0,0.12307,0.12674,1.73446,9.62664,0.25683,2.3872,9.8561,9.6266,0.49733,17,-0.0297,9,0,191.53508,71.82523,0.3133,0.2971,1,False,running
027eea92b7,formation_7_adaptive_split,163,32.6,1784494600,adaptive_clusters,finish_first,r01,r01,True,center,member,local,2,3,9.79893,-0.09312,-0.18368,0.3116,-1e-05,820,820,-159,161,0,0,0001,---,False,0.30636,-0.05691,0.3116,-1e-05,10.25314,-0.1775,cached_path_to_final_target,w,"$1,0,0,0,0,0,0,0,0#",16000,16000,Set tank.c app_speed/duty level to the logged pwm before sending the move key/protocol command; e=stop.,10.49016,27.91254,0,2,0,0.13509,0.05246,2.32155,9.6849,0.24657,2.3282,9.9153,9.6849,0.49194,17,-0.0297,9,0,192.6454,72.24187,0.2976,0.2971,1,False,running
027eea92b7,formation_7_adaptive_split,163,32.6,1784494600,adaptive_clusters,finish_first,r02,r02,True,center,member,local,2,3,9.53637,-0.33163,0.06574,0.14598,0.01012,382,386,-180,135,0,0,0000,---,False,0.14565,0.00982,0.14598,0.01012,10.03812,-0.30121,cached_path_to_final_target; completion_unstuck,w,"$1,0,0,0,0,0,0,0,0#",8000,8000,Set tank.c app_speed/duty level to the logged pwm before sending the move key/protocol command; e=stop.,10.21521,27.21419,0,0,0,0.13905,0.06371,2.35943,9.6849,0.24657,2.3282,9.9153,9.6849,0.49194,17,-0.0297,9,0,192.6454,72.24187,0.2976,0.2971,1,False,running
027eea92b7,formation_7_adaptive_split,163,32.6,1784494600,adaptive_clusters,finish_first,r03,r03,True,center,member,local,2,3,10.46378,0.21938,-0.2217,0.3116,5e-05,820,820,-153,231,0,0,0000,---,False,0.30397,-0.06851,0.3116,5e-05,10.86181,0.12967,cached_path_to_final_target,w,"$1,0,0,0,0,0,0,0,0#",16000,16000,Set tank.c app_speed/duty level to the logged pwm before sending the move key/protocol command; e=stop.,10.75835,28.5523,0,2,0,0.15035,0.05246,1.853,9.6849,0.24657,2.3282,9.9153,9.6849,0.49194,17,-0.0297,9,0,192.6454,72.24187,0.2976,0.2971,1,False,running
027eea92b7,formation_7_adaptive_split,163,32.6,1784494600,adaptive_clusters,finish_first,r04,r04,True,center,member,local,2,3,8.78376,0.39271,-0.35526,0.3792,-0.18133,1000,960,-119,80,0,0,0000,---,False,0.35236,-0.14227,0.3792,-0.18133,9.23017,0.37654,cached_path_to_final_target,w,"$1,0,0,0,0,0,0,0,0#",20000,19000,Set tank.c app_speed/duty level to the logged pwm before sending the move key/protocol command; e=stop.,9.94133,26.5985,9,2,0,0.26511,-0.02968,2.9285,9.6849,0.24657,2.3282,9.9153,9.6849,0.49194,17,-0.0297,9,0,192.6454,72.24187,0.2976,0.2971,1,False,running
027eea92b7,formation_7_adaptive_split,163,32.6,1784494600,adaptive_clusters,finish_first,r05,r05,True,center,member,local,2,3,9.22801,0.42862,-0.10057,0.3116,0.00101,820,820,-143,119,0,0,0000,---,False,0.31003,-0.03124,0.3116,0.00101,9.68765,0.38232,cached_path_to_final_target,w,"$1,0,0,0,0,0,0,0,0#",16000,16000,Set tank.c app_speed/duty level to the logged pwm before sending the move key/protocol command; e=stop.,10.03192,26.83261,9,4,0,0.25181,-0.02968,2.86787,9.6849,0.24657,2.3282,9.9153,9.6849,0.49194,17,-0.0297,9,0,192.6454,72.24187,0.2976,0.2971,1,False,running
027eea92b7,formation_7_adaptive_split,163,32.6,1784494600,adaptive_clusters,finish_first,r06,r06,True,center,member,local,2,3,10.12363,0.37847,-0.10122,0.3116,-0.0,820,820,-155,201,0,0,0000,---,False,0.31001,-0.03149,0.3116,-0.0,10.58324,0.33179,cached_path_to_final_target,w,"$1,0,0,0,0,0,0,0,0#",16000,16000,Set tank.c app_speed/duty level to the logged pwm before sending the move key/protocol command; e=stop.,10.30815,27.64909,0,2,0,0.11988,0.04777,2.34982,9.6849,0.24657,2.3282,9.9153,9.6849,0.49194,17,-0.0297,9,0,192.6454,72.24187,0.2976,0.2971,1,False,running
027eea92b7,formation_7_adaptive_split,163,32.6,1784494600,adaptive_clusters,finish_first,r07,r07,True,center,member,local,2,3,9.85985,0.73153,-0.15697,0.3116,-0.0,820,820,-141,189,0,0,0000,---,False,0.30777,-0.04871,0.3116,-0.0,10.31614,0.65931,cached_path_to_final_target,w,"$1,0,0,0,0,0,0,0,0#",16000,16000,Set tank.c app_speed/duty level to the logged pwm before sending the move key/protocol command; e=stop.,10.49674,27.88616,0,0,0,0.12307,0.12674,1.67214,9.6849,0.24657,2.3282,9.9153,9.6849,0.49194,17,-0.0297,9,0,192.6454,72.24187,0.2976,0.2971,1,False,running
027eea92b7,formation_7_adaptive_split,164,32.8,1784494800,adaptive_clusters,finish_first,r01,r01,True,center,member,local,2,3,9.8602,-0.1045,-0.18368,0.3116,-0.0,820,820,-160,168,0,0,0001,---,False,0.30636,-0.05691,0.3116,-0.0,10.31441,-0.18888,cached_path_to_final_target,w,"$1,0,0,0,0,0,0,0,0#",16000,16000,Set tank.c app_speed/duty level to the logged pwm before sending the move key/protocol command; e=stop.,10.55248,28.07779,0,2,0,0.13509,0.05246,2.25923,9.74617,0.23614,2.2662,9.9774,9.7462,0.48648,17,-0.0297,9,0,193.8143,72.68052,0.3133,0.2971,1,False,running
027eea92b7,formation_7_adaptive_split,164,32.8,1784494800,adaptive_clusters,finish_first,r02,r02,True,center,member,local,2,3,9.58747,-0.32841,0.06298,0.25598,-0.01384,677,671,-180,140,0,0,0000,---,False,0.31102,0.01893,0.25598,-0.01384,10.07188,-0.29903,cached_path_to_final_target,w,"$1,0,0,0,0,0,0,0,0#",14000,13000,Set tank.c app_speed/duty level to the logged pwm before sending the move key/protocol command; e=stop.,10.26641,27.35906,0,0,0,0.13905,0.06371,2.30823,9.74617,0.23614,2.2662,9.9774,9.7462,0.48648,17,-0.0297,9,0,193.8143,72.68052,0.3133,0.2971,1,False,running
027eea92b7,formation_7_adaptive_split,164,32.8,1784494800,adaptive_clusters,finish_first,r03,r03,True,center,member,local,2,3,10.52457,0.20568,-0.22169,0.3116,2e-05,820,820,-154,237,0,0,0000,---,False,0.30397,-0.06851,0.3116,2e-05,10.93693,0.11274,cached_path_to_final_target,w,"$1,0,0,0,0,0,0,0,0#",16000,16000,Set tank.c app_speed/duty level to the logged pwm before sending the move key/protocol command; e=stop.,10.82067,28.71755,0,2,0,0.15035,0.05246,1.79068,9.74617,0.23614,2.2662,9.9774,9.7462,0.48648,17,-0.0297,9,0,193.8143,72.68052,0.3133,0.2971,1,False,running
027eea92b7,formation_7_adaptive_split,164,32.8,1784494800,adaptive_clusters,finish_first,r04,r04,True,center,member,local,2,3,8.85392,0.36388,-0.38996,0.37927,-0.1735,1000,962,-120,84,0,0,0000,---,False,0.3474,-0.15399,0.37927,-0.1735,9.30195,0.35471,cached_path_to_final_target,w,"$1,0,0,0,0,0,0,0,0#",20000,19000,Set tank.c app_speed/duty level to the logged pwm before sending the move key/protocol command; e=stop.,10.01719,26.7963,9,2,0,0.26511,-0.02968,2.85622,9.74617,0.23614,2.2662,9.9774,9.7462,0.48648,17,-0.0297,9,0,193.8143,72.68052,0.3133,0.2971,1,False,running
027eea92b7,formation_7_adaptive_split,164,32.8,1784494800,adaptive_clusters,finish_first,r05,r05,True,center,member,local,2,3,9.29002,0.42237,-0.10049,0.3116,0.00039,820,820,-144,124,0,0,0000,---,False,0.31003,-0.03124,0.3116,0.00039,9.74966,0.37605,cached_path_to_final_target,w,"$1,0,0,0,0,0,0,0,0#",16000,16000,Set tank.c app_speed/duty level to the logged pwm before sending the move key/protocol command; e=stop.,10.09424,26.99786,9,4,0,0.25181,-0.02968,2.80555,9.74617,0.23614,2.2662,9.9774,9.7462,0.48648,17,-0.0297,9,0,193.8143,72.68052,0.3133,0.2971,1,False,running
027eea92b7,formation_7_adaptive_split,164,32.8,1784494800,adaptive_clusters,finish_first,r06,r06,True,center,member,local,2,3,10.18563,0.37218,-0.10122,0.3116,-0.0,820,820,-155,207,0,0,0000,---,False,0.31001,-0.03149,0.3116,-0.0,10.64524,0.3255,cached_path_to_final_target,w,"$1,0,0,0,0,0,0,0,0#",16000,16000,Set tank.c app_speed/duty level to the logged pwm before sending the move key/protocol command; e=stop.,10.37047,27.81434,0,2,0,0.11988,0.04777,2.2875,9.74617,0.23614,2.2662,9.9774,9.7462,0.48648,17,-0.0297,9,0,193.8143,72.68052,0.3133,0.2971,1,False,running
027eea92b7,formation_7_adaptive_split,164,32.8,1784494800,adaptive_clusters,finish_first,r07,r07,True,center,member,local,2,3,9.9214,0.72179,-0.15697,0.3116,-0.0,820,820,-142,194,0,0,0000,---,False,0.30777,-0.04871,0.3116,-0.0,10.37769,0.64957,cached_path_to_final_target,w,"$1,0,0,0,0,0,0,0,0#",16000,16000,Set tank.c app_speed/duty level to the logged pwm before sending the move key/protocol command; e=stop.,10.55906,28.05141,0,0,0,0.12307,0.12674,1.60982,9.74617,0.23614,2.2662,9.9774,9.7462,0.48648,17,-0.0297,9,0,193.8143,72.68052,0.3133,0.2971,1,False,running
027eea92b7,formation_7_adaptive_split,165,33.0,1784495000,adaptive_clusters,finish_first,r01,r01,True,center,member,local,2,3,9.92147,-0.11589,-0.18368,0.3116,-0.0,820,820,-161,174,0,0,0001,---,False,0.30636,-0.05691,0.3116,-0.0,10.37567,-0.20026,path_to_final_target,w,"$1,0,0,0,0,0,0,0,0#",16000,16000,Set tank.c app_speed/duty level to the logged pwm before sending the move key/protocol command; e=stop.,10.6148,28.24303,0,2,0,0.13509,0.05246,2.19691,9.80726,0.22819,2.2046,10.039,9.8073,0.48532,17,-0.0297,9,0,194.9844,73.11346,0.3092,0.2972,1,False,running
027eea92b7,formation_7_adaptive_split,165,33.0,1784495000,adaptive_clusters,finish_first,r02,r02,True,center,member,local,2,3,9.64967,-0.32457,0.06174,0.3116,-0.00618,821,819,-180,146,0,0,0000,---,False,0.31102,0.01892,0.3116,-0.00618,10.11778,-0.29615,path_to_final_target,w,"$1,0,0,0,0,0,0,0,0#",16000,16000,Set tank.c app_speed/duty level to the logged pwm before sending the move key/protocol command; e=stop.,10.32873,27.52883,0,0,0,0.13905,0.06371,2.24591,9.80726,0.22819,2.2046,10.039,9.8073,0.48532,17,-0.0297,9,0,194.9844,73.11346,0.3092,0.2972,1,False,running
027eea92b7,formation_7_adaptive_split,165,33.0,1784495000,adaptive_clusters,finish_first,r03,r03,True,center,member,local,2,3,10.58537,0.19198,-0.22169,0.3116,1e-05,820,820,-154,243,0,0,0000,---,False,0.30397,-0.06851,0.3116,1e-05,11.01204,0.09581,path_to_final_target,w,"$1,0,0,0,0,0,0,0,0#",16000,16000,Set tank.c app_speed/duty level to the logged pwm before sending the move key/protocol command; e=stop.,10.88299,28.8828,0,2,0,0.15035,0.05246,1.72836,9.80726,0.22819,2.2046,10.039,9.8073,0.48532,17,-0.0297,9,0,194.9844,73.11346,0.3092,0.2972,1,False,running
027eea92b7,formation_7_adaptive_split,165,33.0,1784495000,adaptive_clusters,finish_first,r04,r04,True,center,member,local,2,3,8.91168,0.35175,-0.20697,0.29511,0.91493,584,969,-132,88,0,0,0000,---,False,0.31098,-0.01968,0.29511,0.91493,9.37285,0.33104,path_to_final_target,a,"$3,0,0,0,0,0,0,0,0#",12000,19000,Set tank.c app_speed/duty level to the logged pwm before sending the move key/protocol command; e=stop.,10.07621,26.9704,9,2,0,0.26511,-0.02968,2.79769,9.80726,0.22819,2.2046,10.039,9.8073,0.48532,17,-0.0297,9,0,194.9844,73.11346,0.3092,0.2972,1,False,running
027eea92b7,formation_7_adaptive_split,165,33.0,1784495000,adaptive_clusters,finish_first,r05,r05,True,center,member,local,2,3,9.35202,0.41612,-0.10046,0.3116,0.00015,820,820,-145,130,0,0,0000,---,False,0.31003,-0.03124,0.3116,0.00015,9.81167,0.3698,path_to_final_target,w,"$1,0,0,0,0,0,0,0,0#",16000,16000,Set tank.c app_speed/duty level to the logged pwm before sending the move key/protocol command; e=stop.,10.15656,27.16311,9,4,0,0.25181,-0.02968,2.74323,9.80726,0.22819,2.2046,10.039,9.8073,0.48532,17,-0.0297,9,0,194.9844,73.11346,0.3092,0.2972,1,False,running
027eea92b7,formation_7_adaptive_split,165,33.0,1784495000,adaptive_clusters,finish_first,r06,r06,True,center,member,local,2,3,10.24763,0.36588,-0.10122,0.3116,-0.0,820,820,-156,213,0,0,0000,---,False,0.31001,-0.03149,0.3116,-0.0,10.70724,0.3192,path_to_final_target,w,"$1,0,0,0,0,0,0,0,0#",16000,16000,Set tank.c app_speed/duty level to the logged pwm before sending the move key/protocol command; e=stop.,10.43279,27.97958,0,2,0,0.11988,0.04777,2.22518,9.80726,0.22819,2.2046,10.039,9.8073,0.48532,17,-0.0297,9,0,194.9844,73.11346,0.3092,0.2972,1,False,running
027eea92b7,formation_7_adaptive_split,165,33.0,1784495000,adaptive_clusters,finish_first,r07,r07,True,center,member,local,2,3,9.98296,0.71204,-0.15697,0.3116,-0.0,820,820,-143,199,0,0,0000,---,False,0.30777,-0.04871,0.3116,-0.0,10.43925,0.63983,path_to_final_target,w,"$1,0,0,0,0,0,0,0,0#",16000,16000,Set tank.c app_speed/duty level to the logged pwm before sending the move key/protocol command; e=stop.,10.62138,28.21665,0,0,0,0.12307,0.12674,1.5475,9.80726,0.22819,2.2046,10.039,9.8073,0.48532,17,-0.0297,9,0,194.9844,73.11346,0.3092,0.2972,1,False,running
027eea92b7,formation_7_adaptive_split,166,33.2,1784495200,adaptive_clusters,finish_first,r01,r01,True,center,member,local,2,3,9.98274,-0.12727,-0.18368,0.3116,-0.0,820,820,-161,180,0,0,0001,---,False,0.30636,-0.05691,0.3116,-0.0,10.43694,-0.21165,cached_path_to_final_target,w,"$1,0,0,0,0,0,0,0,0#",16000,16000,Set tank.c app_speed/duty level to the logged pwm before sending the move key/protocol command; e=stop.,10.67712,28.40828,0,2,0,0.13509,0.05246,2.13459,9.86883,0.22083,2.1426,10.1011,9.8688,0.48337,17,-0.0297,9,0,196.14587,73.54909,0.3112,0.2973,1,False,running
027eea92b7,formation_7_adaptive_split,166,33.2,1784495200,adaptive_clusters,finish_first,r02,r02,True,center,member,local,2,3,9.71187,-0.32076,0.0612,0.3116,-0.00271,821,819,-180,153,0,0,0000,---,False,0.31102,0.01893,0.3116,-0.00271,10.17509,-0.2926,cached_path_to_final_target,w,"$1,0,0,0,0,0,0,0,0#",16000,16000,Set tank.c app_speed/duty level to the logged pwm before sending the move key/protocol command; e=stop.,10.39105,27.69411,0,0,0,0.13905,0.06371,2.18359,9.86883,0.22083,2.1426,10.1011,9.8688,0.48337,17,-0.0297,9,0,196.14587,73.54909,0.3112,0.2973,1,False,running
027eea92b7,formation_7_adaptive_split,166,33.2,1784495200,adaptive_clusters,finish_first,r03,r03,True,center,member,local,2,3,10.64616,0.17828,-0.22169,0.3116,0.0,820,820,-155,248,0,0,0000,---,False,0.30397,-0.06851,0.3116,0.0,11.08716,0.07888,cached_path_to_final_target,w,"$1,0,0,0,0,0,0,0,0#",16000,16000,Set tank.c app_speed/duty level to the logged pwm before sending the move key/protocol command; e=stop.,10.94531,29.04804,0,2,0,0.15035,0.05246,1.66604,9.86883,0.22083,2.1426,10.1011,9.8688,0.48337,17,-0.0297,9,0,196.14587,73.54909,0.3112,0.2973,1,False,running
027eea92b7,formation_7_adaptive_split,166,33.2,1784495200,adaptive_clusters,finish_first,r04,r04,True,center,member,local,2,3,8.97288,0.34382,-0.12877,0.30857,0.39101,730,894,-139,93,0,0,0000,---,False,0.31089,-0.02096,0.30857,0.39101,9.43464,0.31648,cached_path_to_final_target,a,"$3,0,0,0,0,0,0,0,0#",15000,18000,Set tank.c app_speed/duty level to the logged pwm before sending the move key/protocol command; e=stop.,10.13792,27.14035,9,2,0,0.26511,-0.02968,2.73607,9.86883,0.22083,2.1426,10.1011,9.8688,0.48337,17,-0.0297,9,0,196.14587,73.54909,0.3112,0.2973,1,False,running
027eea92b7,formation_7_adaptive_split,166,33.2,1784495200,adaptive_clusters,finish_first,r05,r05,True,center,member,local,2,3,9.41403,0.40987,-0.10045,0.3116,6e-05,820,820,-146,135,0,0,0000,---,False,0.31003,-0.03124,0.3116,6e-05,9.87367,0.36354,cached_path_to_final_target,w,"$1,0,0,0,0,0,0,0,0#",16000,16000,Set tank.c app_speed/duty level to the logged pwm before sending the move key/protocol command; e=stop.,10.21888,27.32836,9,4,0,0.25181,-0.02968,2.68091,9.86883,0.22083,2.1426,10.1011,9.8688,0.48337,17,-0.0297,9,0,196.14587,73.54909,0.3112,0.2973,1,False,running
027eea92b7,formation_7_adaptive_split,166,33.2,1784495200,adaptive_clusters,finish_first,r06,r06,True,center,member,local,2,3,10.30963,0.35958,-0.10122,0.3116,-0.0,820,820,-156,219,0,0,0000,---,False,0.31001,-0.03149,0.3116,-0.0,10.76924,0.3129,cached_path_to_final_target,w,"$1,0,0,0,0,0,0,0,0#",16000,16000,Set tank.c app_speed/duty level to the logged pwm before sending the move key/protocol command; e=stop.,10.49511,28.14483,0,2,0,0.11988,0.04777,2.16286,9.86883,0.22083,2.1426,10.1011,9.8688,0.48337,17,-0.0297,9,0,196.14587,73.54909,0.3112,0.2973,1,False,running
027eea92b7,formation_7_adaptive_split,166,33.2,1784495200,adaptive_clusters,finish_first,r07,r07,True,center,member,local,2,3,10.04451,0.7023,-0.15697,0.3116,-0.0,820,820,-144,205,0,0,0000,---,False,0.30777,-0.04871,0.3116,-0.0,10.5008,0.63008,cached_path_to_final_target,w,"$1,0,0,0,0,0,0,0,0#",16000,16000,Set tank.c app_speed/duty level to the logged pwm before sending the move key/protocol command; e=stop.,10.6837,28.3819,0,0,0,0.12307,0.12674,1.48518,9.86883,0.22083,2.1426,10.1011,9.8688,0.48337,17,-0.0297,9,0,196.14587,73.54909,0.3112,0.2973,1,False,running
027eea92b7,formation_7_adaptive_split,167,33.4,1784495400,adaptive_clusters,finish_first,r01,r01,True,center,member,local,2,3,10.04402,-0.13865,-0.18368,0.3116,-0.0,820,820,-162,186,0,0,0001,---,False,0.30636,-0.05691,0.3116,-0.0,10.49822,-0.22303,cached_path_to_final_target,w,"$1,0,0,0,0,0,0,0,0#",16000,16000,Set tank.c app_speed/duty level to the logged pwm before sending the move key/protocol command; e=stop.,10.73944,28.57353,0,2,0,0.13509,0.05246,2.07227,9.92737,0.21358,2.0836,10.16,9.9274,0.48204,17,-0.0297,9,0,197.25542,73.96322,0.2958,0.2972,1,False,running
027eea92b7,formation_7_adaptive_split,167,33.4,1784495400,adaptive_clusters,finish_first,r02,r02,True,center,member,local,2,3,9.75211,-0.31815,0.06459,0.2016,0.01696,527,534,-180,157,0,0,0000,---,False,0.14565,0.00981,0.2016,0.01696,10.23582,-0.28887,cached_path_to_final_target; completion_unstuck,w,"$1,0,0,0,0,0,0,0,0#",11000,11000,Set tank.c app_speed/duty level to the logged pwm before sending the move key/protocol command; e=stop.,10.43137,27.81001,0,0,0,0.13905,0.06371,2.14327,9.92737,0.21358,2.0836,10.16,9.9274,0.48204,17,-0.0297,9,0,197.25542,73.96322,0.2958,0.2972,1,False,running
027eea92b7,formation_7_adaptive_split,167,33.4,1784495400,adaptive_clusters,finish_first,r03,r03,True,center,member,local,2,3,10.70696,0.16457,-0.22169,0.3116,0.0,820,820,-155,254,0,0,0000,---,False,0.30397,-0.06851,0.3116,0.0,11.15472,0.06365,cached_path_to_final_target,w,"$1,0,0,0,0,0,0,0,0#",16000,16000,Set tank.c app_speed/duty level to the logged pwm before sending the move key/protocol command; e=stop.,11.00763,29.21329,0,2,0,0.15035,0.05246,1.60372,9.92737,0.21358,2.0836,10.16,9.9274,0.48204,17,-0.0297,9,0,197.25542,73.96322,0.2958,0.2972,1,False,running
027eea92b7,formation_7_adaptive_split,167,33.4,1784495400,adaptive_clusters,finish_first,r04,r04,True,center,member,local,2,3,9.03481,0.33786,-0.09597,0.31107,0.164,784,853,-142,98,0,0,0000,---,False,0.31083,-0.02186,0.31107,0.164,9.49605,0.30703,cached_path_to_final_target,w,"$1,0,0,0,0,0,0,0,0#",16000,17000,Set tank.c app_speed/duty level to the logged pwm before sending the move key/protocol command; e=stop.,10.20014,27.30776,9,2,0,0.26511,-0.02968,2.67387,9.92737,0.21358,2.0836,10.16,9.9274,0.48204,17,-0.0297,9,0,197.25542,73.96322,0.2958,0.2972,1,False,running
027eea92b7,formation_7_adaptive_split,167,33.4,1784495400,adaptive_clusters,finish_first,r05,r05,True,center,member,local,2,3,9.47603,0.40362,-0.10045,0.3116,2e-05,820,820,-147,140,0,0,0000,---,False,0.31003,-0.03125,0.3116,2e-05,9.93568,0.35729,cached_path_to_final_target,w,"$1,0,0,0,0,0,0,0,0#",16000,16000,Set tank.c app_speed/duty level to the logged pwm before sending the move key/protocol command; e=stop.,10.2812,27.4936,9,4,0,0.25181,-0.02968,2.61859,9.92737,0.21358,2.0836,10.16,9.9274,0.48204,17,-0.0297,9,0,197.25542,73.96322,0.2958,0.2972,1,False,running
027eea92b7,formation_7_adaptive_split,167,33.4,1784495400,adaptive_clusters,finish_first,r06,r06,True,center,member,local,2,3,10.37163,0.35329,-0.10122,0.3116,-0.0,820,820,-157,225,0,0,0000,---,False,0.31001,-0.03149,0.3116,-0.0,10.83124,0.30661,cached_path_to_final_target,w,"$1,0,0,0,0,0,0,0,0#",16000,16000,Set tank.c app_speed/duty level to the logged pwm before sending the move key/protocol command; e=stop.,10.55743,28.31008,0,2,0,0.11988,0.04777,2.10054,9.92737,0.21358,2.0836,10.16,9.9274,0.48204,17,-0.0297,9,0,197.25542,73.96322,0.2958,0.2972,1,False,running
027eea92b7,formation_7_adaptive_split,167,33.4,1784495400,adaptive_clusters,finish_first,r07,r07,True,center,member,local,2,3,10.10606,0.69256,-0.15697,0.3116,-0.0,820,820,-145,210,0,0,0000,---,False,0.30777,-0.04871,0.3116,-0.0,10.56236,0.62034,cached_path_to_final_target,w,"$1,0,0,0,0,0,0,0,0#",16000,16000,Set tank.c app_speed/duty level to the logged pwm before sending the move key/protocol command; e=stop.,10.74602,28.54714,0,0,0,0.12307,0.12674,1.42286,9.92737,0.21358,2.0836,10.16,9.9274,0.48204,17,-0.0297,9,0,197.25542,73.96322,0.2958,0.2972,1,False,running
027eea92b7,formation_7_adaptive_split,168,33.6,1784495600,adaptive_clusters,finish_first,r01,r01,True,center,member,local,2,3,10.10529,-0.15003,-0.18368,0.3116,-0.0,820,820,-162,192,0,0,0001,---,False,0.30636,-0.05691,0.3116,-0.0,10.55949,-0.23441,cached_path_to_final_target,w,"$1,0,0,0,0,0,0,0,0#",16000,16000,Set tank.c app_speed/duty level to the logged pwm before sending the move key/protocol command; e=stop.,10.80176,28.73877,0,2,0,0.13509,0.05246,2.00995,9.98908,0.20664,2.0215,10.2221,9.9891,0.48002,17,-0.0297,9,0,198.42222,74.39945,0.3116,0.2973,1,False,running
027eea92b7,formation_7_adaptive_split,168,33.6,1784495600,adaptive_clusters,finish_first,r02,r02,True,center,member,local,2,3,9.81431,-0.31427,0.06239,0.3116,-0.01099,822,818,-180,163,0,0,0000,---,False,0.31103,0.01889,0.3116,-0.01099,10.28221,-0.28595,cached_path_to_final_target,w,"$1,0,0,0,0,0,0,0,0#",16000,16000,Set tank.c app_speed/duty level to the logged pwm before sending the move key/protocol command; e=stop.,10.49369,27.98434,0,0,0,0.13905,0.06371,2.08095,9.98908,0.20664,2.0215,10.2221,9.9891,0.48002,17,-0.0297,9,0,198.42222,74.39945,0.3116,0.2973,1,False,running
027eea92b7,formation_7_adaptive_split,168,33.6,1784495600,adaptive_clusters,finish_first,r03,r03,True,center,member,local,1,3,10.76775,0.15087,-0.22169,0.3116,0.0,820,820,-156,260,0,0,1000,---,False,0.30397,-0.06851,0.3116,0.0,11.21755,0.04949,cached_path_to_final_target,w,"$1,0,0,0,0,0,0,0,0#",16000,16000,Set tank.c app_speed/duty level to the logged pwm before sending the move key/protocol command; e=stop.,11.06995,29.37854,0,2,0,0.15035,0.05246,1.5414,9.98908,0.20664,2.0215,10.2221,9.9891,0.48002,17,-0.0297,9,0,198.42222,74.39945,0.3116,0.2973,1,False,running
027eea92b7,formation_7_adaptive_split,168,33.6,1784495600,adaptive_clusters,finish_first,r04,r04,True,center,member,local,2,3,9.0969,0.33273,-0.08246,0.31151,0.06757,806,834,-144,103,0,0,0000,---,False,0.3108,-0.02237,0.31151,0.06757,9.55784,0.30022,cached_path_to_final_target,w,"$1,0,0,0,0,0,0,0,0#",16000,17000,Set tank.c app_speed/duty level to the logged pwm before sending the move key/protocol command; e=stop.,10.26244,27.47401,9,2,0,0.26511,-0.02968,2.61157,9.98908,0.20664,2.0215,10.2221,9.9891,0.48002,17,-0.0297,9,0,198.42222,74.39945,0.3116,0.2973,1,False,running
027eea92b7,formation_7_adaptive_split,168,33.6,1784495600,adaptive_clusters,finish_first,r05,r05,True,center,member,local,2,3,9.53804,0.39737,-0.10044,0.3116,1e-05,820,820,-148,146,0,0,0000,---,False,0.31003,-0.03125,0.3116,1e-05,9.99768,0.35104,cached_path_to_final_target,w,"$1,0,0,0,0,0,0,0,0#",16000,16000,Set tank.c app_speed/duty level to the logged pwm before sending the move key/protocol command; e=stop.,10.34352,27.65885,9,4,0,0.25181,-0.02968,2.55627,9.98908,0.20664,2.0215,10.2221,9.9891,0.48002,17,-0.0297,9,0,198.42222,74.39945,0.3116,0.2973,1,False,running
027eea92b7,formation_7_adaptive_split,168,33.6,1784495600,adaptive_clusters,finish_first,r06,r06,True,center,member,local,2,3,10.43364,0.34699,-0.10122,0.3116,-0.0,820,820,-157,230,0,0,0000,---,False,0.31001,-0.03149,0.3116,-0.0,10.89324,0.30031,cached_path_to_final_target,w,"$1,0,0,0,0,0,0,0,0#",16000,16000,Set tank.c app_speed/duty level to the logged pwm before sending the move key/protocol command; e=stop.,10.61975,28.47532,0,2,0,0.11988,0.04777,2.03822,9.98908,0.20664,2.0215,10.2221,9.9891,0.48002,17,-0.0297,9,0,198.42222,74.39945,0.3116,0.2973,1,False,running
027eea92b7,formation_7_adaptive_split,168,33.6,1784495600,adaptive_clusters,finish_first,r07,r07,True,center,member,local,2,3,10.16762,0.68282,-0.15697,0.3116,-0.0,820,820,-145,215,0,0,0000,---,False,0.30777,-0.04871,0.3116,-0.0,10.62391,0.6106,cached_path_to_final_target,w,"$1,0,0,0,0,0,0,0,0#",16000,16000,Set tank.c app_speed/duty level to the logged pwm before sending the move key/protocol command; e=stop.,10.80834,28.71239,0,0,0,0.12307,0.12674,1.36054,9.98908,0.20664,2.0215,10.2221,9.9891,0.48002,17,-0.0297,9,0,198.42222,74.39945,0.3116,0.2973,1,False,running
027eea92b7,formation_7_adaptive_split,169,33.8,1784495800,adaptive_clusters,finish_first,r01,r01,True,center,member,local,2,3,10.16656,-0.16142,-0.18368,0.3116,-0.0,820,820,-163,198,0,0,0000,---,False,0.30636,-0.05691,0.3116,-0.0,10.62076,-0.24579,path_to_final_target,w,"$1,0,0,0,0,0,0,0,0#",16000,16000,Set tank.c app_speed/duty level to the logged pwm before sending the move key/protocol command; e=stop.,10.86408,28.90402,0,2,0,0.13509,0.05246,1.94763,10.04765,0.19956,1.9625,10.2811,10.0476,0.47891,17,-0.0297,9,0,199.53006,74.81368,0.2959,0.2973,1,False,running
027eea92b7,formation_7_adaptive_split,169,33.8,1784495800,adaptive_clusters,finish_first,r02,r02,True,center,member,local,2,3,9.85454,-0.31165,0.06502,0.2016,0.01311,528,533,-180,167,0,0,0000,---,False,0.14565,0.00978,0.2016,0.01311,10.33967,-0.28238,path_to_final_target; completion_unstuck,w,"$1,0,0,0,0,0,0,0,0#",11000,11000,Set tank.c app_speed/duty level to the logged pwm before sending the move key/protocol command; e=stop.,10.53401,28.10029,0,0,0,0.13905,0.06371,2.04064,10.04765,0.19956,1.9625,10.2811,10.0476,0.47891,17,-0.0297,9,0,199.53006,74.81368,0.2959,0.2973,1,False,running
027eea92b7,formation_7_adaptive_split,169,33.8,1784495800,adaptive_clusters,finish_first,r03,r03,True,center,member,local,1,3,10.82855,0.13717,-0.22169,0.3116,0.0,820,820,-156,266,0,0,1000,---,False,0.30397,-0.06851,0.3116,0.0,11.27895,0.03565,path_to_final_target,w,"$1,0,0,0,0,0,0,0,0#",16000,16000,Set tank.c app_speed/duty level to the logged pwm before sending the move key/protocol command; e=stop.,11.13227,29.54378,0,2,0,0.15035,0.05246,1.47908,10.04765,0.19956,1.9625,10.2811,10.0476,0.47891,17,-0.0297,9,0,199.53006,74.81368,0.2959,0.2973,1,False,running
027eea92b7,formation_7_adaptive_split,169,33.8,1784495800,adaptive_clusters,finish_first,r04,r04,True,center,member,local,2,3,9.15903,0.32794,-0.07697,0.31159,0.02744,814,826,-146,108,0,0,0000,---,False,0.31078,-0.02262,0.31159,0.02744,9.61984,0.29467,path_to_final_target,w,"$1,0,0,0,0,0,0,0,0#",16000,17000,Set tank.c app_speed/duty level to the logged pwm before sending the move key/protocol command; e=stop.,10.32476,27.63966,9,2,0,0.26511,-0.02968,2.54926,10.04765,0.19956,1.9625,10.2811,10.0476,0.47891,17,-0.0297,9,0,199.53006,74.81368,0.2959,0.2973,1,False,running
027eea92b7,formation_7_adaptive_split,169,33.8,1784495800,adaptive_clusters,finish_first,r05,r05,True,center,member,local,2,3,9.60005,0.39112,-0.10044,0.3116,0.0,820,820,-149,152,0,0,0000,---,False,0.31003,-0.03125,0.3116,0.0,10.05969,0.34479,path_to_final_target,w,"$1,0,0,0,0,0,0,0,0#",16000,16000,Set tank.c app_speed/duty level to the logged pwm before sending the move key/protocol command; e=stop.,10.40584,27.8241,9,4,0,0.25181,-0.02968,2.49395,10.04765,0.19956,1.9625,10.2811,10.0476,0.47891,17,-0.0297,9,0,199.53006,74.81368,0.2959,0.2973,1,False,running
027eea92b7,formation_7_adaptive_split,169,33.8,1784495800,adaptive_clusters,finish_first,r06,r06,True,center,member,local,2,3,10.49564,0.34069,-0.10122,0.3116,-0.0,820,820,-158,236,0,0,0000,---,False,0.31001,-0.03149,0.3116,-0.0,10.95524,0.29401,path_to_final_target,w,"$1,0,0,0,0,0,0,0,0#",16000,16000,Set tank.c app_speed/duty level to the logged pwm before sending the move key/protocol command; e=stop.,10.68207,28.64057,0,2,0,0.11988,0.04777,1.9759,10.04765,0.19956,1.9625,10.2811,10.0476,0.47891,17,-0.0297,9,0,199.53006,74.81368,0.2959,0.2973,1,False,running
027eea92b7,formation_7_adaptive_split,169,33.8,1784495800,adaptive_clusters,finish_first,r07,r07,True,center,member,local,2,3,10.22917,0.67307,-0.15697,0.3116,-0.0,820,820,-146,220,0,0,0000,---,False,0.30777,-0.04871,0.3116,-0.0,10.68546,0.60086,path_to_final_target,w,"$1,0,0,0,0,0,0,0,0#",16000,16000,Set tank.c app_speed/duty level to the logged pwm before sending the move key/protocol command; e=stop.,10.87066,28.87764,0,0,0,0.12307,0.12674,1.29822,10.04765,0.19956,1.9625,10.2811,10.0476,0.47891,17,-0.0297,9,0,199.53006,74.81368,0.2959,0.2973,1,False,running
027eea92b7,formation_7_adaptive_split,170,34.0,1784496000,adaptive_clusters,finish_first,r01,r01,True,center,member,local,2,3,10.22783,-0.1728,-0.18368,0.3116,-0.0,820,820,-163,204,0,0,0000,---,False,0.30636,-0.05691,0.3116,-0.0,10.68203,-0.25717,cached_path_to_final_target,w,"$1,0,0,0,0,0,0,0,0#",16000,16000,Set tank.c app_speed/duty level to the logged pwm before sending the move key/protocol command; e=stop.,10.9264,29.06927,0,2,0,0.13509,0.05246,1.88531,10.10936,0.19268,1.9004,10.3432,10.1094,0.47701,17,-0.0297,9,0,200.696,75.24992,0.3116,0.2973,1,False,running
027eea92b7,formation_7_adaptive_split,170,34.0,1784496000,adaptive_clusters,finish_first,r02,r02,True,center,member,local,2,3,9.91674,-0.30776,0.06249,0.3116,-0.01262,823,817,-180,173,0,0,0000,---,False,0.31103,0.01884,0.3116,-0.01262,10.38507,-0.27951,cached_path_to_final_target,w,"$1,0,0,0,0,0,0,0,0#",16000,16000,Set tank.c app_speed/duty level to the logged pwm before sending the move key/protocol command; e=stop.,10.59633,28.27459,0,0,0,0.13905,0.06371,1.97832,10.10936,0.19268,1.9004,10.3432,10.1094,0.47701,17,-0.0297,9,0,200.696,75.24992,0.3116,0.2973,1,False,running
027eea92b7,formation_7_adaptive_split,170,34.0,1784496000,adaptive_clusters,finish_first,r03,r03,True,center,member,local,1,3,10.88934,0.12346,-0.22169,0.3116,0.0,820,820,-157,272,0,0,1000,---,False,0.30397,-0.06851,0.3116,0.0,11.33993,0.0219,cached_path_to_final_target,w,"$1,0,0,0,0,0,0,0,0#",16000,16000,Set tank.c app_speed/duty level to the logged pwm before sending the move key/protocol command; e=stop.,11.19459,29.70903,0,2,0,0.15035,0.05246,1.41676,10.10936,0.19268,1.9004,10.3432,10.1094,0.47701,17,-0.0297,9,0,200.696,75.24992,0.3116,0.2973,1,False,running
027eea92b7,formation_7_adaptive_split,170,34.0,1784496000,adaptive_clusters,finish_first,r04,r04,True,center,member,local,2,3,9.22118,0.32328,-0.07477,0.3116,0.01102,818,822,-147,114,0,0,0000,---,False,0.31077,-0.02274,0.3116,0.01102,9.68194,0.28968,cached_path_to_final_target,w,"$1,0,0,0,0,0,0,0,0#",16000,16000,Set tank.c app_speed/duty level to the logged pwm before sending the move key/protocol command; e=stop.,10.38707,27.80507,9,2,0,0.26511,-0.02968,2.48694,10.10936,0.19268,1.9004,10.3432,10.1094,0.47701,17,-0.0297,9,0,200.696,75.24992,0.3116,0.2973,1,False,running
027eea92b7,formation_7_adaptive_split,170,34.0,1784496000,adaptive_clusters,finish_first,r05,r05,True,center,member,local,2,3,9.66205,0.38487,-0.10044,0.3116,0.0,820,820,-150,157,0,0,0000,---,False,0.31003,-0.03125,0.3116,0.0,10.12169,0.33855,cached_path_to_final_target,w,"$1,0,0,0,0,0,0,0,0#",16000,16000,Set tank.c app_speed/duty level to the logged pwm before sending the move key/protocol command; e=stop.,10.46816,27.98934,9,4,0,0.25181,-0.02968,2.43163,10.10936,0.19268,1.9004,10.3432,10.1094,0.47701,17,-0.0297,9,0,200.696,75.24992,0.3116,0.2973,1,False,running
027eea92b7,formation_7_adaptive_split,170,34.0,1784496000,adaptive_clusters,finish_first,r06,r06,True,center,member,local,2,3,10.55764,0.33439,-0.10122,0.3116,-0.0,820,820,-158,242,0,0,0000,---,False,0.31001,-0.03149,0.3116,-0.0,11.01724,0.28772,cached_path_to_final_target,w,"$1,0,0,0,0,0,0,0,0#",16000,16000,Set tank.c app_speed/duty level to the logged pwm before sending the move key/protocol command; e=stop.,10.74439,28.80582,0,2,0,0.11988,0.04777,1.91358,10.10936,0.19268,1.9004,10.3432,10.1094,0.47701,17,-0.0297,9,0,200.696,75.24992,0.3116,0.2973,1,False,running
027eea92b7,formation_7_adaptive_split,170,34.0,1784496000,adaptive_clusters,finish_first,r07,r07,True,center,member,local,2,3,10.29073,0.66333,-0.15697,0.3116,-0.0,820,820,-147,226,0,0,0000,---,False,0.30777,-0.04871,0.3116,-0.0,10.74702,0.59111,cached_path_to_final_target,w,"$1,0,0,0,0,0,0,0,0#",16000,16000,Set tank.c app_speed/duty level to the logged pwm before sending the move key/protocol command; e=stop.,10.93298,29.04288,0,0,0,0.12307,0.12674,1.2359,10.10936,0.19268,1.9004,10.3432,10.1094,0.47701,17,-0.0297,9,0,200.696,75.24992,0.3116,0.2973,1,False,running
027eea92b7,formation_7_adaptive_split,171,34.2,1784496200,adaptive_clusters,finish_first,r01,r01,True,center,member,local,2,3,10.2891,-0.18418,-0.18368,0.3116,-0.0,820,820,-163,210,0,0,0000,---,False,0.30636,-0.05691,0.3116,-0.0,10.7433,-0.26856,cached_path_to_final_target,w,"$1,0,0,0,0,0,0,0,0#",16000,16000,Set tank.c app_speed/duty level to the logged pwm before sending the move key/protocol command; e=stop.,10.98872,29.23451,0,2,0,0.13509,0.05246,1.82299,10.16793,0.18563,1.8414,10.4022,10.1679,0.47615,17,-0.0297,9,0,201.8035,75.66416,0.2959,0.2973,1,False,running
027eea92b7,formation_7_adaptive_split,171,34.2,1784496200,adaptive_clusters,finish_first,r02,r02,True,center,member,local,2,3,9.95697,-0.30514,0.06496,0.2016,0.01235,528,533,-180,177,0,0,0000,---,False,0.14565,0.00976,0.2016,0.01235,10.44223,-0.27594,cached_path_to_final_target; completion_unstuck,w,"$1,0,0,0,0,0,0,0,0#",11000,11000,Set tank.c app_speed/duty level to the logged pwm before sending the move key/protocol command; e=stop.,10.63665,28.39055,0,0,0,0.13905,0.06371,1.938,10.16793,0.18563,1.8414,10.4022,10.1679,0.47615,17,-0.0297,9,0,201.8035,75.66416,0.2959,0.2973,1,False,running
027eea92b7,formation_7_adaptive_split,171,34.2,1784496200,adaptive_clusters,finish_first,r03,r03,True,center,member,local,1,3,10.95014,0.10976,-0.22169,0.3116,0.0,820,820,-157,278,0,0,1000,---,False,0.30397,-0.06851,0.3116,0.0,11.40078,0.00819,cached_path_to_final_target,w,"$1,0,0,0,0,0,0,0,0#",16000,16000,Set tank.c app_speed/duty level to the logged pwm before sending the move key/protocol command; e=stop.,11.25691,29.87427,0,2,0,0.15035,0.05246,1.35444,10.16793,0.18563,1.8414,10.4022,10.1679,0.47615,17,-0.0297,9,0,201.8035,75.66416,0.2959,0.2973,1,False,running
027eea92b7,formation_7_adaptive_split,171,34.2,1784496200,adaptive_clusters,finish_first,r04,r04,True,center,member,local,2,3,9.28333,0.31868,-0.07389,0.3116,0.00438,819,821,-148,119,0,0,0000,---,False,0.31077,-0.02279,0.3116,0.00438,9.74407,0.28494,cached_path_to_final_target,w,"$1,0,0,0,0,0,0,0,0#",16000,16000,Set tank.c app_speed/duty level to the logged pwm before sending the move key/protocol command; e=stop.,10.44939,27.97039,9,2,0,0.26511,-0.02968,2.42462,10.16793,0.18563,1.8414,10.4022,10.1679,0.47615,17,-0.0297,9,0,201.8035,75.66416,0.2959,0.2973,1,False,running
027eea92b7,formation_7_adaptive_split,171,34.2,1784496200,adaptive_clusters,finish_first,r05,r05,True,center,member,local,2,3,9.72406,0.37862,-0.10044,0.3116,0.0,820,820,-151,163,0,0,0000,---,False,0.31003,-0.03125,0.3116,0.0,10.1837,0.3323,cached_path_to_final_target,w,"$1,0,0,0,0,0,0,0,0#",16000,16000,Set tank.c app_speed/duty level to the logged pwm before sending the move key/protocol command; e=stop.,10.53048,28.15459,9,4,0,0.25181,-0.02968,2.36931,10.16793,0.18563,1.8414,10.4022,10.1679,0.47615,17,-0.0297,9,0,201.8035,75.66416,0.2959,0.2973,1,False,running
027eea92b7,formation_7_adaptive_split,171,34.2,1784496200,adaptive_clusters,finish_first,r06,r06,True,center,member,local,2,3,10.61964,0.3281,-0.10122,0.3116,-0.0,820,820,-159,248,0,0,0000,---,False,0.31001,-0.03149,0.3116,-0.0,11.07925,0.28142,cached_path_to_final_target,w,"$1,0,0,0,0,0,0,0,0#",16000,16000,Set tank.c app_speed/duty level to the logged pwm before sending the move key/protocol command; e=stop.,10.80671,28.97106,0,2,0,0.11988,0.04777,1.85126,10.16793,0.18563,1.8414,10.4022,10.1679,0.47615,17,-0.0297,9,0,201.8035,75.66416,0.2959,0.2973,1,False,running
027eea92b7,formation_7_adaptive_split,171,34.2,1784496200,adaptive_clusters,finish_first,r07,r07,True,center,member,local,2,3,10.35228,0.65359,-0.15697,0.3116,-0.0,820,820,-148,231,0,0,0000,---,False,0.30777,-0.04871,0.3116,-0.0,10.80857,0.58137,cached_path_to_final_target,w,"$1,0,0,0,0,0,0,0,0#",16000,16000,Set tank.c app_speed/duty level to the logged pwm before sending the move key/protocol command; e=stop.,10.9953,29.20813,0,0,0,0.12307,0.12674,1.17358,10.16793,0.18563,1.8414,10.4022,10.1679,0.47615,17,-0.0297,9,0,201.8035,75.66416,0.2959,0.2973,1,False,running
027eea92b7,formation_7_adaptive_split,172,34.4,1784496400,adaptive_clusters,finish_first,r01,r01,True,center,member,local,2,3,10.35037,-0.19556,-0.18368,0.3116,-0.0,820,820,-164,216,0,0,0000,---,False,0.30636,-0.05691,0.3116,-0.0,10.80457,-0.27994,cached_path_to_final_target,w,"$1,0,0,0,0,0,0,0,0#",16000,16000,Set tank.c app_speed/duty level to the logged pwm before sending the move key/protocol command; e=stop.,11.05104,29.39976,0,2,0,0.13509,0.05246,1.76067,10.22964,0.17877,1.7794,10.4643,10.2296,0.47437,17,-0.0297,9,0,202.96931,76.1004,0.3116,0.2974,1,False,running
027eea92b7,formation_7_adaptive_split,172,34.4,1784496400,adaptive_clusters,finish_first,r02,r02,True,center,member,local,2,3,10.01917,-0.30125,0.06238,0.3116,-0.0129,823,817,-180,183,0,0,0000,---,False,0.31103,0.0188,0.3116,-0.0129,10.48754,-0.27308,cached_path_to_final_target,w,"$1,0,0,0,0,0,0,0,0#",16000,16000,Set tank.c app_speed/duty level to the logged pwm before sending the move key/protocol command; e=stop.,10.69897,28.56485,0,0,0,0.13905,0.06371,1.87568,10.22964,0.17877,1.7794,10.4643,10.2296,0.47437,17,-0.0297,9,0,202.96931,76.1004,0.3116,0.2974,1,False,running
027eea92b7,formation_7_adaptive_split,172,34.4,1784496400,adaptive_clusters,finish_first,r03,r03,True,center,member,local,1,3,11.01093,0.09606,-0.22169,0.3116,0.0,820,820,-158,284,0,0,1000,---,False,0.30397,-0.06851,0.3116,0.0,11.46159,-0.00552,cached_path_to_final_target,w,"$1,0,0,0,0,0,0,0,0#",16000,16000,Set tank.c app_speed/duty level to the logged pwm before sending the move key/protocol command; e=stop.,11.31923,30.03952,0,2,0,0.15035,0.05246,1.29212,10.22964,0.17877,1.7794,10.4643,10.2296,0.47437,17,-0.0297,9,0,202.96931,76.1004,0.3116,0.2974,1,False,running
027eea92b7,formation_7_adaptive_split,172,34.4,1784496400,adaptive_clusters,finish_first,r04,r04,True,center,member,local,2,3,9.34548,0.3141,-0.07354,0.3116,0.00173,820,820,-149,125,0,0,0000,---,False,0.31076,-0.02281,0.3116,0.00173,9.80621,0.2803,cached_path_to_final_target,w,"$1,0,0,0,0,0,0,0,0#",16000,16000,Set tank.c app_speed/duty level to the logged pwm before sending the move key/protocol command; e=stop.,10.51171,28.13566,9,2,0,0.26511,-0.02968,2.3623,10.22964,0.17877,1.7794,10.4643,10.2296,0.47437,17,-0.0297,9,0,202.96931,76.1004,0.3116,0.2974,1,False,running
027eea92b7,formation_7_adaptive_split,172,34.4,1784496400,adaptive_clusters,finish_first,r05,r05,True,center,member,local,2,3,9.78606,0.37237,-0.10044,0.3116,0.0,820,820,-152,169,0,0,0000,---,False,0.31003,-0.03125,0.3116,0.0,10.24571,0.32605,cached_path_to_final_target,w,"$1,0,0,0,0,0,0,0,0#",16000,16000,Set tank.c app_speed/duty level to the logged pwm before sending the move key/protocol command; e=stop.,10.5928,28.31984,9,4,0,0.25181,-0.02968,2.30699,10.22964,0.17877,1.7794,10.4643,10.2296,0.47437,17,-0.0297,9,0,202.96931,76.1004,0.3116,0.2974,1,False,running
027eea92b7,formation_7_adaptive_split,172,34.4,1784496400,adaptive_clusters,finish_first,r06,r06,True,center,member,local,2,3,10.68164,0.3218,-0.10122,0.3116,-0.0,820,820,-159,254,0,0,0000,---,False,0.31001,-0.03149,0.3116,-0.0,11.14125,0.27512,cached_path_to_final_target,w,"$1,0,0,0,0,0,0,0,0#",16000,16000,Set tank.c app_speed/duty level to the logged pwm before sending the move key/protocol command; e=stop.,10.86903,29.13631,0,2,0,0.11988,0.04777,1.78894,10.22964,0.17877,1.7794,10.4643,10.2296,0.47437,17,-0.0297,9,0,202.96931,76.1004,0.3116,0.2974,1,False,running
027eea92b7,formation_7_adaptive_split,172,34.4,1784496400,adaptive_clusters,finish_first,r07,r07,True,center,member,local,2,3,10.41383,0.64385,-0.15697,0.3116,-0.0,820,820,-148,237,0,0,0000,---,False,0.30777,-0.04871,0.3116,-0.0,10.87013,0.57163,cached_path_to_final_target,w,"$1,0,0,0,0,0,0,0,0#",16000,16000,Set tank.c app_speed/duty level to the logged pwm before sending the move key/protocol command; e=stop.,11.05762,29.37338,0,0,0,0.12307,0.12674,1.11126,10.22964,0.17877,1.7794,10.4643,10.2296,0.47437,17,-0.0297,9,0,202.96931,76.1004,0.3116,0.2974,1,False,running
027eea92b7,formation_7_adaptive_split,173,34.6,1784496600,adaptive_clusters,finish_first,r01,r01,True,center,member,local,2,3,10.41165,-0.20695,-0.18368,0.3116,-0.0,820,820,-164,223,0,0,0000,---,False,0.30636,-0.05691,0.3116,-0.0,10.86585,-0.29132,path_to_final_target,w,"$1,0,0,0,0,0,0,0,0#",16000,16000,Set tank.c app_speed/duty level to the logged pwm before sending the move key/protocol command; e=stop.,11.11336,29.56501,0,2,0,0.13509,0.05246,1.69835,10.29135,0.17189,1.7173,10.5264,10.2914,0.47267,17,-0.0297,9,0,204.12611,76.53664,0.3116,0.2974,1,False,running
027eea92b7,formation_7_adaptive_split,173,34.6,1784496600,adaptive_clusters,finish_first,r02,r02,True,center,member,local,2,3,10.08137,-0.29744,0.06122,0.3116,-0.00581,821,819,-180,190,0,0,0000,---,False,0.31103,0.01878,0.3116,-0.00581,10.54468,-0.26952,path_to_final_target,w,"$1,0,0,0,0,0,0,0,0#",16000,16000,Set tank.c app_speed/duty level to the logged pwm before sending the move key/protocol command; e=stop.,10.76129,28.73016,0,0,0,0.13905,0.06371,1.81336,10.29135,0.17189,1.7173,10.5264,10.2914,0.47267,17,-0.0297,9,0,204.12611,76.53664,0.3116,0.2974,1,False,running
027eea92b7,formation_7_adaptive_split,173,34.6,1784496600,adaptive_clusters,finish_first,r03,r03,True,center,member,local,1,3,11.07173,0.08236,-0.22169,0.3116,0.0,820,820,-158,290,0,0,1000,---,False,0.30397,-0.06851,0.3116,0.0,11.52239,-0.01922,path_to_final_target,w,"$1,0,0,0,0,0,0,0,0#",16000,16000,Set tank.c app_speed/duty level to the logged pwm before sending the move key/protocol command; e=stop.,11.38155,30.20477,0,2,0,0.15035,0.05246,1.2298,10.29135,0.17189,1.7173,10.5264,10.2914,0.47267,17,-0.0297,9,0,204.12611,76.53664,0.3116,0.2974,1,False,running
027eea92b7,formation_7_adaptive_split,173,34.6,1784496600,adaptive_clusters,finish_first,r04,r04,True,center,member,local,2,3,9.40763,0.30953,-0.07341,0.3116,0.00068,820,820,-151,131,0,0,0000,---,False,0.31076,-0.02282,0.3116,0.00068,9.86836,0.2757,path_to_final_target,w,"$1,0,0,0,0,0,0,0,0#",16000,16000,Set tank.c app_speed/duty level to the logged pwm before sending the move key/protocol command; e=stop.,10.57403,28.30092,9,2,0,0.26511,-0.02968,2.29998,10.29135,0.17189,1.7173,10.5264,10.2914,0.47267,17,-0.0297,9,0,204.12611,76.53664,0.3116,0.2974,1,False,running
027eea92b7,formation_7_adaptive_split,173,34.6,1784496600,adaptive_clusters,finish_first,r05,r05,True,center,member,local,2,3,9.84807,0.36612,-0.10044,0.3116,0.0,820,820,-153,174,0,0,0000,---,False,0.31003,-0.03125,0.3116,0.0,10.30771,0.3198,path_to_final_target,w,"$1,0,0,0,0,0,0,0,0#",16000,16000,Set tank.c app_speed/duty level to the logged pwm before sending the move key/protocol command; e=stop.,10.65512,28.48508,9,4,0,0.25181,-0.02968,2.24467,10.29135,0.17189,1.7173,10.5264,10.2914,0.47267,17,-0.0297,9,0,204.12611,76.53664,0.3116,0.2974,1,False,running
027eea92b7,formation_7_adaptive_split,173,34.6,1784496600,adaptive_clusters,finish_first,r06,r06,True,center,member,local,2,3,10.74364,0.3155,-0.10122,0.3116,-0.0,820,820,-160,260,0,0,0000,---,False,0.31001,-0.03149,0.3116,-0.0,11.20325,0.26882,path_to_final_target,w,"$1,0,0,0,0,0,0,0,0#",16000,16000,Set tank.c app_speed/duty level to the logged pwm before sending the move key/protocol command; e=stop.,10.93135,29.30156,0,2,0,0.11988,0.04777,1.72662,10.29135,0.17189,1.7173,10.5264,10.2914,0.47267,17,-0.0297,9,0,204.12611,76.53664,0.3116,0.2974,1,False,running
027eea92b7,formation_7_adaptive_split,173,34.6,1784496600,adaptive_clusters,finish_first,r07,r07,True,center,member,local,2,3,10.47539,0.63411,-0.15697,0.3116,-0.0,820,820,-149,242,0,0,0000,---,False,0.30777,-0.04871,0.3116,-0.0,10.93168,0.56189,path_to_final_target,w,"$1,0,0,0,0,0,0,0,0#",16000,16000,Set tank.c app_speed/duty level to the logged pwm before sending the move key/protocol command; e=stop.,11.11994,29.53862,0,0,0,0.12307,0.12674,1.04894,10.29135,0.17189,1.7173,10.5264,10.2914,0.47267,17,-0.0297,9,0,204.12611,76.53664,0.3116,0.2974,1,False,running
027eea92b7,formation_7_adaptive_split,174,34.8,1784496800,adaptive_clusters,finish_first,r01,r01,True,center,member,local,2,3,10.47292,-0.21833,-0.18368,0.3116,-0.0,820,820,-165,229,0,0,0000,---,False,0.30636,-0.05691,0.3116,-0.0,10.92712,-0.3027,cached_path_to_final_target,w,"$1,0,0,0,0,0,0,0,0#",16000,16000,Set tank.c app_speed/duty level to the logged pwm before sending the move key/protocol command; e=stop.,11.17568,29.73025,0,2,0,0.13509,0.05246,1.63603,10.35307,0.16501,1.6552,10.5885,10.3531,0.47105,17,-0.0297,9,0,205.28288,76.97288,0.3116,0.2975,1,False,running
027eea92b7,formation_7_adaptive_split,174,34.8,1784496800,adaptive_clusters,finish_first,r02,r02,True,center,member,local,2,3,10.14358,-0.29366,0.06071,0.3116,-0.00254,821,819,-180,196,0,0,0000,---,False,0.31103,0.01878,0.3116,-0.00254,10.60536,-0.2658,cached_path_to_final_target,w,"$1,0,0,0,0,0,0,0,0#",16000,16000,Set tank.c app_speed/duty level to the logged pwm before sending the move key/protocol command; e=stop.,10.82361,28.89544,0,0,0,0.13905,0.06371,1.75104,10.35307,0.16501,1.6552,10.5885,10.3531,0.47105,17,-0.0297,9,0,205.28288,76.97288,0.3116,0.2975,1,False,running
027eea92b7,formation_7_adaptive_split,174,34.8,1784496800,adaptive_clusters,finish_first,r03,r03,True,center,member,local,1,3,11.13252,0.06865,-0.22169,0.3116,0.0,820,820,-158,296,0,0,0100,---,False,0.30397,-0.06851,0.3116,0.0,11.58319,-0.03292,cached_path_to_final_target,w,"$1,0,0,0,0,0,0,0,0#",16000,16000,Set tank.c app_speed/duty level to the logged pwm before sending the move key/protocol command; e=stop.,11.44387,30.37001,0,2,0,0.15035,0.05246,1.16748,10.35307,0.16501,1.6552,10.5885,10.3531,0.47105,17,-0.0297,9,0,205.28288,76.97288,0.3116,0.2975,1,False,running
027eea92b7,formation_7_adaptive_split,174,34.8,1784496800,adaptive_clusters,finish_first,r04,r04,True,center,member,local,2,3,9.46979,0.30496,-0.07336,0.3116,0.00026,820,820,-151,136,0,0,0000,---,False,0.31076,-0.02282,0.3116,0.00026,9.93052,0.27113,cached_path_to_final_target,w,"$1,0,0,0,0,0,0,0,0#",16000,16000,Set tank.c app_speed/duty level to the logged pwm before sending the move key/protocol command; e=stop.,10.63635,28.46617,9,2,0,0.26511,-0.02968,2.23766,10.35307,0.16501,1.6552,10.5885,10.3531,0.47105,17,-0.0297,9,0,205.28288,76.97288,0.3116,0.2975,1,False,running
027eea92b7,formation_7_adaptive_split,174,34.8,1784496800,adaptive_clusters,finish_first,r05,r05,True,center,member,local,2,3,9.91008,0.35987,-0.10044,0.3116,0.0,820,820,-153,180,0,0,0000,---,False,0.31003,-0.03125,0.3116,0.0,10.36972,0.31355,cached_path_to_final_target,w,"$1,0,0,0,0,0,0,0,0#",16000,16000,Set tank.c app_speed/duty level to the logged pwm before sending the move key/protocol command; e=stop.,10.71744,28.65033,9,4,0,0.25181,-0.02968,2.18235,10.35307,0.16501,1.6552,10.5885,10.3531,0.47105,17,-0.0297,9,0,205.28288,76.97288,0.3116,0.2975,1,False,running
027eea92b7,formation_7_adaptive_split,174,34.8,1784496800,adaptive_clusters,finish_first,r06,r06,True,center,member,local,1,3,10.80564,0.30921,-0.10122,0.3116,-0.0,820,820,-160,266,0,0,0000,---,False,0.31001,-0.03149,0.3116,-0.0,11.26525,0.26253,cached_path_to_final_target,w,"$1,0,0,0,0,0,0,0,0#",16000,16000,Set tank.c app_speed/duty level to the logged pwm before sending the move key/protocol command; e=stop.,10.99367,29.4668,0,2,0,0.11988,0.04777,1.6643,10.35307,0.16501,1.6552,10.5885,10.3531,0.47105,17,-0.0297,9,0,205.28288,76.97288,0.3116,0.2975,1,False,running
027eea92b7,formation_7_adaptive_split,174,34.8,1784496800,adaptive_clusters,finish_first,r07,r07,True,center,member,local,2,3,10.53694,0.62436,-0.15697,0.3116,-0.0,820,820,-150,248,0,0,0000,---,False,0.30777,-0.04871,0.3116,-0.0,10.99323,0.55214,cached_path_to_final_target,w,"$1,0,0,0,0,0,0,0,0#",16000,16000,Set tank.c app_speed/duty level to the logged pwm before sending the move key/protocol command; e=stop.,11.18226,29.70387,0,0,0,0.12307,0.12674,0.98662,10.35307,0.16501,1.6552,10.5885,10.3531,0.47105,17,-0.0297,9,0,205.28288,76.97288,0.3116,0.2975,1,False,running
027eea92b7,formation_7_adaptive_split,175,35.0,1784497000,adaptive_clusters,finish_first,r01,r01,True,center,member,local,2,3,10.53419,-0.22971,-0.18368,0.3116,-0.0,820,820,-165,235,0,0,0000,---,False,0.30636,-0.05691,0.3116,-0.0,10.98839,-0.31409,cached_path_to_final_target,w,"$1,0,0,0,0,0,0,0,0#",16000,16000,Set tank.c app_speed/duty level to the logged pwm before sending the move key/protocol command; e=stop.,11.238,29.8955,0,2,0,0.13509,0.05246,1.57371,10.41164,0.15796,1.5962,10.6475,10.4116,0.47054,17,-0.0297,9,0,206.39026,77.38712,0.2959,0.2975,1,False,running
027eea92b7,formation_7_adaptive_split,175,35.0,1784497000,adaptive_clusters,finish_first,r02,r02,True,center,member,local,2,3,10.18382,-0.29108,0.06409,0.2016,0.0169,527,534,-180,200,0,0,0000,---,False,0.14565,0.00974,0.2016,0.0169,10.66711,-0.26204,cached_path_to_final_target; completion_unstuck,w,"$1,0,0,0,0,0,0,0,0#",11000,11000,Set tank.c app_speed/duty level to the logged pwm before sending the move key/protocol command; e=stop.,10.86393,29.01134,0,0,0,0.13905,0.06371,1.71072,10.41164,0.15796,1.5962,10.6475,10.4116,0.47054,17,-0.0297,9,0,206.39026,77.38712,0.2959,0.2975,1,False,running
027eea92b7,formation_7_adaptive_split,175,35.0,1784497000,adaptive_clusters,finish_first,r03,r03,True,center,member,local,1,3,11.19332,0.05495,-0.22169,0.3116,0.0,820,820,-159,302,0,0,0100,---,False,0.30397,-0.06851,0.3116,0.0,11.64398,-0.04663,cached_path_to_final_target,w,"$1,0,0,0,0,0,0,0,0#",16000,16000,Set tank.c app_speed/duty level to the logged pwm before sending the move key/protocol command; e=stop.,11.50619,30.53526,0,2,0,0.15035,0.05246,1.10516,10.41164,0.15796,1.5962,10.6475,10.4116,0.47054,17,-0.0297,9,0,206.39026,77.38712,0.2959,0.2975,1,False,running
027eea92b7,formation_7_adaptive_split,175,35.0,1784497000,adaptive_clusters,finish_first,r04,r04,True,center,member,local,2,3,9.53194,0.3004,-0.07334,0.3116,0.0001,820,820,-152,142,0,0,0000,---,False,0.31076,-0.02283,0.3116,0.0001,9.99267,0.26656,cached_path_to_final_target,w,"$1,0,0,0,0,0,0,0,0#",16000,16000,Set tank.c app_speed/duty level to the logged pwm before sending the move key/protocol command; e=stop.,10.69867,28.63141,9,2,0,0.26511,-0.02968,2.17534,10.41164,0.15796,1.5962,10.6475,10.4116,0.47054,17,-0.0297,9,0,206.39026,77.38712,0.2959,0.2975,1,False,running
027eea92b7,formation_7_adaptive_split,175,35.0,1784497000,adaptive_clusters,finish_first,r05,r05,True,center,member,local,2,3,9.97208,0.35362,-0.10044,0.3116,0.0,820,820,-154,186,0,0,0000,---,False,0.31003,-0.03125,0.3116,0.0,10.43172,0.3073,cached_path_to_final_target,w,"$1,0,0,0,0,0,0,0,0#",16000,16000,Set tank.c app_speed/duty level to the logged pwm before sending the move key/protocol command; e=stop.,10.77976,28.81558,9,4,0,0.25181,-0.02968,2.12003,10.41164,0.15796,1.5962,10.6475,10.4116,0.47054,17,-0.0297,9,0,206.39026,77.38712,0.2959,0.2975,1,False,running
027eea92b7,formation_7_adaptive_split,175,35.0,1784497000,adaptive_clusters,finish_first,r06,r06,True,center,member,local,1,3,10.86764,0.30291,-0.10122,0.3116,-0.0,820,820,-160,272,0,0,0000,---,False,0.31001,-0.03149,0.3116,-0.0,11.32725,0.25623,cached_path_to_final_target,w,"$1,0,0,0,0,0,0,0,0#",16000,16000,Set tank.c app_speed/duty level to the logged pwm before sending the move key/protocol command; e=stop.,11.05599,29.63205,0,2,0,0.11988,0.04777,1.60198,10.41164,0.15796,1.5962,10.6475,10.4116,0.47054,17,-0.0297,9,0,206.39026,77.38712,0.2959,0.2975,1,False,running
027eea92b7,formation_7_adaptive_split,175,35.0,1784497000,adaptive_clusters,finish_first,r07,r07,True,center,member,local,2,3,10.59849,0.61462,-0.15697,0.3116,-0.0,820,820,-150,253,0,0,0000,---,False,0.30777,-0.04871,0.3116,-0.0,11.05479,0.5424,cached_path_to_final_target,w,"$1,0,0,0,0,0,0,0,0#",16000,16000,Set tank.c app_speed/duty level to the logged pwm before sending the move key/protocol command; e=stop.,11.24458,29.86912,0,0,0,0.12307,0.12674,0.9243,10.41164,0.15796,1.5962,10.6475,10.4116,0.47054,17,-0.0297,9,0,206.39026,77.38712,0.2959,0.2975,1,False,running
027eea92b7,formation_7_adaptive_split,176,35.2,1784497200,adaptive_clusters,finish_first,r01,r01,True,center,member,local,2,3,10.59546,-0.24109,-0.18368,0.3116,-0.0,820,820,-165,241,0,0,0000,---,False,0.30636,-0.05691,0.3116,-0.0,11.04966,-0.32547,cached_path_to_final_target,w,"$1,0,0,0,0,0,0,0,0#",16000,16000,Set tank.c app_speed/duty level to the logged pwm before sending the move key/protocol command; e=stop.,11.30032,30.06075,0,2,0,0.13509,0.05246,1.51139,10.47335,0.15109,1.5341,10.7096,10.4734,0.46903,17,-0.0297,9,0,207.55606,77.82336,0.3116,0.2975,1,False,running
027eea92b7,formation_7_adaptive_split,176,35.2,1784497200,adaptive_clusters,finish_first,r02,r02,True,center,member,local,2,3,10.24602,-0.28722,0.06191,0.3116,-0.01092,822,818,-180,206,0,0,0000,---,False,0.31104,0.01874,0.3116,-0.01092,10.7138,-0.25914,cached_path_to_final_target,w,"$1,0,0,0,0,0,0,0,0#",16000,16000,Set tank.c app_speed/duty level to the logged pwm before sending the move key/protocol command; e=stop.,10.92625,29.18567,0,0,0,0.13905,0.06371,1.6484,10.47335,0.15109,1.5341,10.7096,10.4734,0.46903,17,-0.0297,9,0,207.55606,77.82336,0.3116,0.2975,1,False,running
027eea92b7,formation_7_adaptive_split,176,35.2,1784497200,adaptive_clusters,finish_first,r03,r03,True,center,member,local,1,3,11.25411,0.04125,-0.22169,0.3116,0.0,820,820,-159,308,0,0,0100,---,False,0.30397,-0.06851,0.3116,0.0,11.70478,-0.06033,cached_path_to_final_target,w,"$1,0,0,0,0,0,0,0,0#",16000,16000,Set tank.c app_speed/duty level to the logged pwm before sending the move key/protocol command; e=stop.,11.56851,30.70051,0,2,0,0.15035,0.05246,1.04284,10.47335,0.15109,1.5341,10.7096,10.4734,0.46903,17,-0.0297,9,0,207.55606,77.82336,0.3116,0.2975,1,False,running
027eea92b7,formation_7_adaptive_split,176,35.2,1784497200,adaptive_clusters,finish_first,r04,r04,True,center,member,local,2,3,9.59409,0.29583,-0.07333,0.3116,4e-05,820,820,-153,148,0,0,0000,---,False,0.31076,-0.02283,0.3116,4e-05,10.05482,0.26199,cached_path_to_final_target,w,"$1,0,0,0,0,0,0,0,0#",16000,16000,Set tank.c app_speed/duty level to the logged pwm before sending the move key/protocol command; e=stop.,10.76099,28.79666,9,2,0,0.26511,-0.02968,2.11302,10.47335,0.15109,1.5341,10.7096,10.4734,0.46903,17,-0.0297,9,0,207.55606,77.82336,0.3116,0.2975,1,False,running
027eea92b7,formation_7_adaptive_split,176,35.2,1784497200,adaptive_clusters,finish_first,r05,r05,True,center,member,local,2,3,10.03409,0.34737,-0.10044,0.3116,0.0,820,820,-155,192,0,0,0000,---,False,0.31003,-0.03125,0.3116,0.0,10.49373,0.30105,cached_path_to_final_target,w,"$1,0,0,0,0,0,0,0,0#",16000,16000,Set tank.c app_speed/duty level to the logged pwm before sending the move key/protocol command; e=stop.,10.84208,28.98082,9,4,0,0.25181,-0.02968,2.05771,10.47335,0.15109,1.5341,10.7096,10.4734,0.46903,17,-0.0297,9,0,207.55606,77.82336,0.3116,0.2975,1,False,running
027eea92b7,formation_7_adaptive_split,176,35.2,1784497200,adaptive_clusters,finish_first,r06,r06,True,center,member,local,1,3,10.92964,0.29661,-0.10122,0.3116,-0.0,820,820,-161,278,0,0,0000,---,False,0.31001,-0.03149,0.3116,-0.0,11.38925,0.24993,cached_path_to_final_target,w,"$1,0,0,0,0,0,0,0,0#",16000,16000,Set tank.c app_speed/duty level to the logged pwm before sending the move key/protocol command; e=stop.,11.11831,29.7973,0,2,0,0.11988,0.04777,1.53966,10.47335,0.15109,1.5341,10.7096,10.4734,0.46903,17,-0.0297,9,0,207.55606,77.82336,0.3116,0.2975,1,False,running
027eea92b7,formation_7_adaptive_split,176,35.2,1784497200,adaptive_clusters,finish_first,r07,r07,True,center,member,local,2,3,10.66005,0.60488,-0.15697,0.3116,-0.0,820,820,-151,259,0,0,0000,---,False,0.30777,-0.04871,0.3116,-0.0,11.11634,0.53266,cached_path_to_final_target,w,"$1,0,0,0,0,0,0,0,0#",16000,16000,Set tank.c app_speed/duty level to the logged pwm before sending the move key/protocol command; e=stop.,11.3069,30.03436,0,0,0,0.12307,0.12674,0.86198,10.47335,0.15109,1.5341,10.7096,10.4734,0.46903,17,-0.0297,9,0,207.55606,77.82336,0.3116,0.2975,1,False,running
027eea92b7,formation_7_adaptive_split,177,35.4,1784497400,adaptive_clusters,finish_first,r01,r01,True,center,member,local,2,3,10.65673,-0.25248,-0.18368,0.3116,-0.0,820,820,-166,247,0,0,0000,---,False,0.30636,-0.05691,0.3116,-0.0,11.11093,-0.33685,path_to_final_target,w,"$1,0,0,0,0,0,0,0,0#",16000,16000,Set tank.c app_speed/duty level to the logged pwm before sending the move key/protocol command; e=stop.,11.36264,30.22599,0,2,0,0.13509,0.05246,1.44907,10.53506,0.14421,1.472,10.7717,10.5351,0.4676,17,-0.0297,9,0,208.71284,78.2596,0.3116,0.2976,1,False,running
027eea92b7,formation_7_adaptive_split,177,35.4,1784497400,adaptive_clusters,finish_first,r02,r02,True,center,member,local,2,3,10.30822,-0.28343,0.06092,0.3116,-0.00496,821,819,-180,212,0,0,0000,---,False,0.31104,0.01873,0.3116,-0.00496,10.77135,-0.25559,path_to_final_target,w,"$1,0,0,0,0,0,0,0,0#",16000,16000,Set tank.c app_speed/duty level to the logged pwm before sending the move key/protocol command; e=stop.,10.98857,29.35097,0,0,0,0.13905,0.06371,1.58608,10.53506,0.14421,1.472,10.7717,10.5351,0.4676,17,-0.0297,9,0,208.71284,78.2596,0.3116,0.2976,1,False,running
027eea92b7,formation_7_adaptive_split,177,35.4,1784497400,adaptive_clusters,finish_first,r03,r03,True,center,member,local,1,3,11.31491,0.02754,-0.22169,0.3116,0.0,820,820,-160,314,0,0,0100,---,False,0.30397,-0.06851,0.3116,0.0,11.76557,-0.07403,path_to_final_target,w,"$1,0,0,0,0,0,0,0,0#",16000,16000,Set tank.c app_speed/duty level to the logged pwm before sending the move key/protocol command; e=stop.,11.63083,30.86575,0,2,0,0.15035,0.05246,0.98052,10.53506,0.14421,1.472,10.7717,10.5351,0.4676,17,-0.0297,9,0,208.71284,78.2596,0.3116,0.2976,1,False,running
027eea92b7,formation_7_adaptive_split,177,35.4,1784497400,adaptive_clusters,finish_first,r04,r04,True,center,member,local,2,3,9.65624,0.29127,-0.07332,0.3116,2e-05,820,820,-154,154,0,0,0000,---,False,0.31076,-0.02283,0.3116,2e-05,10.11697,0.25742,path_to_final_target,w,"$1,0,0,0,0,0,0,0,0#",16000,16000,Set tank.c app_speed/duty level to the logged pwm before sending the move key/protocol command; e=stop.,10.82331,28.96191,9,2,0,0.26511,-0.02968,2.0507,10.53506,0.14421,1.472,10.7717,10.5351,0.4676,17,-0.0297,9,0,208.71284,78.2596,0.3116,0.2976,1,False,running
027eea92b7,formation_7_adaptive_split,177,35.4,1784497400,adaptive_clusters,finish_first,r05,r05,True,center,member,local,2,3,10.09609,0.34113,-0.10044,0.3116,0.0,820,820,-155,197,0,0,0000,---,False,0.31003,-0.03125,0.3116,0.0,10.55574,0.2948,path_to_final_target,w,"$1,0,0,0,0,0,0,0,0#",16000,16000,Set tank.c app_speed/duty level to the logged pwm before sending the move key/protocol command; e=stop.,10.9044,29.14607,9,4,0,0.25181,-0.02968,1.99539,10.53506,0.14421,1.472,10.7717,10.5351,0.4676,17,-0.0297,9,0,208.71284,78.2596,0.3116,0.2976,1,False,running
027eea92b7,formation_7_adaptive_split,177,35.4,1784497400,adaptive_clusters,finish_first,r06,r06,True,center,member,local,1,3,10.99165,0.29032,-0.10122,0.3116,-0.0,820,820,-161,284,0,0,0000,---,False,0.31001,-0.03149,0.3116,-0.0,11.45125,0.24364,path_to_final_target,w,"$1,0,0,0,0,0,0,0,0#",16000,16000,Set tank.c app_speed/duty level to the logged pwm before sending the move key/protocol command; e=stop.,11.18063,29.96254,0,2,0,0.11988,0.04777,1.47734,10.53506,0.14421,1.472,10.7717,10.5351,0.4676,17,-0.0297,9,0,208.71284,78.2596,0.3116,0.2976,1,False,running
027eea92b7,formation_7_adaptive_split,177,35.4,1784497400,adaptive_clusters,finish_first,r07,r07,True,center,member,local,2,3,10.7216,0.59514,-0.15697,0.3116,-0.0,820,820,-151,265,0,0,0000,---,False,0.30777,-0.04871,0.3116,-0.0,11.17789,0.52292,path_to_final_target,w,"$1,0,0,0,0,0,0,0,0#",16000,16000,Set tank.c app_speed/duty level to the logged pwm before sending the move key/protocol command; e=stop.,11.36922,30.19961,0,0,0,0.12307,0.12674,0.79966,10.53506,0.14421,1.472,10.7717,10.5351,0.4676,17,-0.0297,9,0,208.71284,78.2596,0.3116,0.2976,1,False,running
027eea92b7,formation_7_adaptive_split,178,35.6,1784497600,adaptive_clusters,finish_first,r01,r01,True,center,member,local,1,3,10.73145,-0.26636,-0.18368,0.38,-0.0,1000,1000,-166,255,0,0,0000,---,False,0.37361,-0.06941,0.38,-0.0,11.1722,-0.34823,cached_path_to_final_target,w,"$1,0,0,0,0,0,0,0,0#",20000,20000,Set tank.c app_speed/duty level to the logged pwm before sending the move key/protocol command; e=stop.,11.43864,30.43298,0,2,0,0.13509,0.05246,1.37307,10.61032,0.13582,1.3963,10.8474,10.6103,0.46595,17,-0.0297,9,0,210.16182,78.7916,0.38,0.298,1,False,running
027eea92b7,formation_7_adaptive_split,178,35.6,1784497600,adaptive_clusters,finish_first,r02,r02,True,center,member,local,2,3,10.38408,-0.27883,0.06049,0.38,-0.00214,1000,1000,-180,220,0,0,0000,---,False,0.37931,0.02284,0.38,-0.00214,10.83216,-0.25188,cached_path_to_final_target,w,"$1,0,0,0,0,0,0,0,0#",20000,20000,Set tank.c app_speed/duty level to the logged pwm before sending the move key/protocol command; e=stop.,11.06457,29.55799,0,0,0,0.13905,0.06371,1.51008,10.61032,0.13582,1.3963,10.8474,10.6103,0.46595,17,-0.0297,9,0,210.16182,78.7916,0.38,0.298,1,False,running
027eea92b7,formation_7_adaptive_split,178,35.6,1784497600,adaptive_clusters,finish_first,r03,r03,True,center,member,local,1,3,11.38905,0.01083,-0.22169,0.38,0.0,1000,1000,-160,321,0,0,0100,---,False,0.3707,-0.08355,0.38,0.0,11.82637,-0.08774,cached_path_to_final_target,w,"$1,0,0,0,0,0,0,0,0#",20000,20000,Set tank.c app_speed/duty level to the logged pwm before sending the move key/protocol command; e=stop.,11.70683,31.07274,0,2,0,0.15035,0.05246,0.90452,10.61032,0.13582,1.3963,10.8474,10.6103,0.46595,17,-0.0297,9,0,210.16182,78.7916,0.38,0.298,1,False,running
027eea92b7,formation_7_adaptive_split,178,35.6,1784497600,adaptive_clusters,finish_first,r04,r04,True,center,member,local,2,3,9.73204,0.2857,-0.07332,0.38,1e-05,1000,1000,-155,161,0,0,0000,---,False,0.37898,-0.02784,0.38,1e-05,10.17913,0.25286,cached_path_to_final_target,w,"$1,0,0,0,0,0,0,0,0#",20000,20000,Set tank.c app_speed/duty level to the logged pwm before sending the move key/protocol command; e=stop.,10.89931,29.1689,9,2,0,0.26511,-0.02968,1.9747,10.61032,0.13582,1.3963,10.8474,10.6103,0.46595,17,-0.0297,9,0,210.16182,78.7916,0.38,0.298,1,False,running
027eea92b7,formation_7_adaptive_split,178,35.6,1784497600,adaptive_clusters,finish_first,r05,r05,True,center,member,local,2,3,10.17171,0.3335,-0.10044,0.38,0.0,1000,1000,-156,205,0,0,0000,---,False,0.37808,-0.0381,0.38,0.0,10.61774,0.28855,cached_path_to_final_target,w,"$1,0,0,0,0,0,0,0,0#",20000,20000,Set tank.c app_speed/duty level to the logged pwm before sending the move key/protocol command; e=stop.,10.9804,29.35306,9,4,0,0.25181,-0.02968,1.91939,10.61032,0.13582,1.3963,10.8474,10.6103,0.46595,17,-0.0297,9,0,210.16182,78.7916,0.38,0.298,1,False,running
027eea92b7,formation_7_adaptive_split,178,35.6,1784497600,adaptive_clusters,finish_first,r06,r06,True,center,member,local,1,3,11.06726,0.28264,-0.10122,0.38,-0.0,1000,1000,-162,292,0,0,0000,---,False,0.37806,-0.0384,0.38,-0.0,11.51325,0.23734,cached_path_to_final_target,w,"$1,0,0,0,0,0,0,0,0#",20000,20000,Set tank.c app_speed/duty level to the logged pwm before sending the move key/protocol command; e=stop.,11.25663,30.16953,0,2,0,0.11988,0.04777,1.40134,10.61032,0.13582,1.3963,10.8474,10.6103,0.46595,17,-0.0297,9,0,210.16182,78.7916,0.38,0.298,1,False,running
027eea92b7,formation_7_adaptive_split,178,35.6,1784497600,adaptive_clusters,finish_first,r07,r07,True,center,member,local,1,3,10.79667,0.58326,-0.15697,0.38,-0.0,1000,1000,-152,271,0,0,0000,---,False,0.37533,-0.0594,0.38,-0.0,11.23945,0.51318,cached_path_to_final_target,w,"$1,0,0,0,0,0,0,0,0#",20000,20000,Set tank.c app_speed/duty level to the logged pwm before sending the move key/protocol command; e=stop.,11.44522,30.4066,0,0,0,0.12307,0.12674,0.72366,10.61032,0.13582,1.3963,10.8474,10.6103,0.46595,17,-0.0297,9,0,210.16182,78.7916,0.38,0.298,1,False,running
027eea92b7,formation_7_adaptive_split,179,35.8,1784497800,adaptive_clusters,finish_first,r01,r01,True,center,member,local,1,3,10.80618,-0.28024,-0.18368,0.38,-0.0,1000,1000,-166,262,0,0,0000,---,False,0.37361,-0.06941,0.38,-0.0,11.24289,-0.36137,cached_path_to_final_target,w,"$1,0,0,0,0,0,0,0,0#",20000,20000,Set tank.c app_speed/duty level to the logged pwm before sending the move key/protocol command; e=stop.,11.51464,30.6345,0,2,0,0.13509,0.05246,1.29707,10.68558,0.12743,1.3206,10.9231,10.6856,0.46442,17,-0.0297,9,0,211.57247,79.3236,0.38,0.2985,1,False,running
027eea92b7,formation_7_adaptive_split,179,35.8,1784497800,adaptive_clusters,finish_first,r02,r02,True,center,member,local,2,3,10.45994,-0.27425,0.06029,0.38,-0.00096,1000,1000,-180,227,0,0,0000,---,False,0.37931,0.02284,0.38,-0.00096,10.90351,-0.24756,cached_path_to_final_target,w,"$1,0,0,0,0,0,0,0,0#",20000,20000,Set tank.c app_speed/duty level to the logged pwm before sending the move key/protocol command; e=stop.,11.14057,29.75953,0,0,0,0.13905,0.06371,1.43408,10.68558,0.12743,1.3206,10.9231,10.6856,0.46442,17,-0.0297,9,0,211.57247,79.3236,0.38,0.2985,1,False,running
027eea92b7,formation_7_adaptive_split,179,35.8,1784497800,adaptive_clusters,finish_first,r03,r03,True,center,member,local,1,3,11.46319,-0.00588,-0.22169,0.38,0.0,1000,1000,-160,328,0,0,0010,---,False,0.3707,-0.08355,0.38,0.0,11.8965,-0.10354,cached_path_to_final_target,w,"$1,0,0,0,0,0,0,0,0#",20000,20000,Set tank.c app_speed/duty level to the logged pwm before sending the move key/protocol command; e=stop.,11.78283,31.27426,0,2,0,0.15035,0.05246,0.82852,10.68558,0.12743,1.3206,10.9231,10.6856,0.46442,17,-0.0297,9,0,211.57247,79.3236,0.38,0.2985,1,False,running
027eea92b7,formation_7_adaptive_split,179,35.8,1784497800,adaptive_clusters,finish_first,r04,r04,True,center,member,local,2,3,9.80783,0.28013,-0.07332,0.38,0.0,1000,1000,-156,168,0,0,0000,---,False,0.37898,-0.02784,0.38,0.0,10.25083,0.24759,cached_path_to_final_target,w,"$1,0,0,0,0,0,0,0,0#",20000,20000,Set tank.c app_speed/duty level to the logged pwm before sending the move key/protocol command; e=stop.,10.97531,29.37042,9,2,0,0.26511,-0.02968,1.8987,10.68558,0.12743,1.3206,10.9231,10.6856,0.46442,17,-0.0297,9,0,211.57247,79.3236,0.38,0.2985,1,False,running
027eea92b7,formation_7_adaptive_split,179,35.8,1784497800,adaptive_clusters,finish_first,r05,r05,True,center,member,local,2,3,10.24733,0.32588,-0.10044,0.38,0.0,1000,1000,-157,212,0,0,0000,---,False,0.37808,-0.0381,0.38,0.0,10.68928,0.28134,cached_path_to_final_target,w,"$1,0,0,0,0,0,0,0,0#",20000,20000,Set tank.c app_speed/duty level to the logged pwm before sending the move key/protocol command; e=stop.,11.0564,29.55458,9,4,0,0.25181,-0.02968,1.84339,10.68558,0.12743,1.3206,10.9231,10.6856,0.46442,17,-0.0297,9,0,211.57247,79.3236,0.38,0.2985,1,False,running
027eea92b7,formation_7_adaptive_split,179,35.8,1784497800,adaptive_clusters,finish_first,r06,r06,True,center,member,local,1,3,11.14287,0.27496,-0.10122,0.38,-0.0,1000,1000,-162,299,0,0,0000,---,False,0.37806,-0.0384,0.38,-0.0,11.58478,0.23007,cached_path_to_final_target,w,"$1,0,0,0,0,0,0,0,0#",20000,20000,Set tank.c app_speed/duty level to the logged pwm before sending the move key/protocol command; e=stop.,11.33263,30.37105,0,2,0,0.11988,0.04777,1.32534,10.68558,0.12743,1.3206,10.9231,10.6856,0.46442,17,-0.0297,9,0,211.57247,79.3236,0.38,0.2985,1,False,running
027eea92b7,formation_7_adaptive_split,179,35.8,1784497800,adaptive_clusters,finish_first,r07,r07,True,center,member,local,1,3,10.87173,0.57137,-0.15697,0.38,-0.0,1000,1000,-153,278,0,0,0000,---,False,0.37533,-0.0594,0.38,-0.0,11.31046,0.50194,cached_path_to_final_target,w,"$1,0,0,0,0,0,0,0,0#",20000,20000,Set tank.c app_speed/duty level to the logged pwm before sending the move key/protocol command; e=stop.,11.52122,30.60812,0,0,0,0.12307,0.12674,0.64766,10.68558,0.12743,1.3206,10.9231,10.6856,0.46442,17,-0.0297,9,0,211.57247,79.3236,0.38,0.2985,1,False,running
027eea92b7,formation_7_adaptive_split,180,36.0,1784498000,adaptive_clusters,finish_first,r01,r01,True,center,member,local,1,3,10.8809,-0.29412,-0.18368,0.38,-0.0,1000,1000,-167,269,0,0,0000,---,False,0.37361,-0.06941,0.38,-0.0,11.3164,-0.37502,cached_path_to_final_target,w,"$1,0,0,0,0,0,0,0,0#",20000,20000,Set tank.c app_speed/duty level to the logged pwm before sending the move key/protocol command; e=stop.,11.59064,30.83602,0,2,0,0.13509,0.05246,1.22107,10.76084,0.11903,1.2449,10.9989,10.7608,0.463,17,-0.0297,9,0,212.98311,79.8556,0.38,0.2989,1,False,running
027eea92b7,formation_7_adaptive_split,180,36.0,1784498000,adaptive_clusters,finish_first,r02,r02,True,center,member,local,2,3,10.5358,-0.26968,0.06021,0.38,-0.00043,1000,1000,-180,235,0,0,0000,---,False,0.37931,0.02284,0.38,-0.00043,10.97801,-0.24306,cached_path_to_final_target,w,"$1,0,0,0,0,0,0,0,0#",20000,20000,Set tank.c app_speed/duty level to the logged pwm before sending the move key/protocol command; e=stop.,11.21657,29.96105,0,0,0,0.13905,0.06371,1.35808,10.76084,0.11903,1.2449,10.9989,10.7608,0.463,17,-0.0297,9,0,212.98311,79.8556,0.38,0.2989,1,False,running
027eea92b7,formation_7_adaptive_split,180,36.0,1784498000,adaptive_clusters,finish_first,r03,r03,True,center,member,local,1,3,11.53733,-0.02259,-0.22169,0.38,0.0,1000,1000,-161,335,0,0,0010,---,False,0.3707,-0.08355,0.38,0.0,11.96944,-0.11998,cached_path_to_final_target,w,"$1,0,0,0,0,0,0,0,0#",20000,20000,Set tank.c app_speed/duty level to the logged pwm before sending the move key/protocol command; e=stop.,11.85883,31.47578,0,2,0,0.15035,0.05246,0.75252,10.76084,0.11903,1.2449,10.9989,10.7608,0.463,17,-0.0297,9,0,212.98311,79.8556,0.38,0.2989,1,False,running
027eea92b7,formation_7_adaptive_split,180,36.0,1784498000,adaptive_clusters,finish_first,r04,r04,True,center,member,local,2,3,9.88363,0.27456,-0.07332,0.38,0.0,1000,1000,-157,175,0,0,0000,---,False,0.37898,-0.02784,0.38,0.0,10.3254,0.24211,cached_path_to_final_target,w,"$1,0,0,0,0,0,0,0,0#",20000,20000,Set tank.c app_speed/duty level to the logged pwm before sending the move key/protocol command; e=stop.,11.05131,29.57194,9,2,0,0.26511,-0.02968,1.8227,10.76084,0.11903,1.2449,10.9989,10.7608,0.463,17,-0.0297,9,0,212.98311,79.8556,0.38,0.2989,1,False,running
027eea92b7,formation_7_adaptive_split,180,36.0,1784498000,adaptive_clusters,finish_first,r05,r05,True,center,member,local,2,3,10.32294,0.31826,-0.10044,0.38,0.0,1000,1000,-157,219,0,0,0000,---,False,0.37808,-0.0381,0.38,0.0,10.76367,0.27385,cached_path_to_final_target,w,"$1,0,0,0,0,0,0,0,0#",20000,20000,Set tank.c app_speed/duty level to the logged pwm before sending the move key/protocol command; e=stop.,11.1324,29.7561,9,4,0,0.25181,-0.02968,1.76739,10.76084,0.11903,1.2449,10.9989,10.7608,0.463,17,-0.0297,9,0,212.98311,79.8556,0.38,0.2989,1,False,running
027eea92b7,formation_7_adaptive_split,180,36.0,1784498000,adaptive_clusters,finish_first,r06,r06,True,center,member,local,1,3,11.21848,0.26728,-0.10122,0.38,-0.0,1000,1000,-162,306,0,0,0000,---,False,0.37806,-0.0384,0.38,-0.0,11.65917,0.22252,cached_path_to_final_target,w,"$1,0,0,0,0,0,0,0,0#",20000,20000,Set tank.c app_speed/duty level to the logged pwm before sending the move key/protocol command; e=stop.,11.40863,30.57257,0,2,0,0.11988,0.04777,1.24934,10.76084,0.11903,1.2449,10.9989,10.7608,0.463,17,-0.0297,9,0,212.98311,79.8556,0.38,0.2989,1,False,running
027eea92b7,formation_7_adaptive_split,180,36.0,1784498000,adaptive_clusters,finish_first,r07,r07,True,center,member,local,1,3,10.9468,0.55949,-0.15697,0.38,-0.0,1000,1000,-153,285,0,0,0000,---,False,0.37533,-0.0594,0.38,-0.0,11.38431,0.49025,cached_path_to_final_target,w,"$1,0,0,0,0,0,0,0,0#",20000,20000,Set tank.c app_speed/duty level to the logged pwm before sending the move key/protocol command; e=stop.,11.59722,30.80964,0,0,0,0.12307,0.12674,0.57166,10.76084,0.11903,1.2449,10.9989,10.7608,0.463,17,-0.0297,9,0,212.98311,79.8556,0.38,0.2989,1,False,running
027eea92b7,formation_7_adaptive_split,181,36.2,1784498200,adaptive_clusters,finish_first,r01,r01,True,center,member,local,1,3,10.95562,-0.308,-0.18368,0.38,-0.0,1000,1000,-167,277,0,0,0000,---,False,0.37361,-0.06941,0.38,-0.0,11.39076,-0.38884,path_to_final_target,w,"$1,0,0,0,0,0,0,0,0#",20000,20000,Set tank.c app_speed/duty level to the logged pwm before sending the move key/protocol command; e=stop.,11.66664,31.03754,0,2,0,0.13509,0.05246,1.14507,10.8361,0.11063,1.1691,11.0746,10.8361,0.46168,17,-0.0297,9,0,214.39376,80.3876,0.38,0.2993,1,False,running
027eea92b7,formation_7_adaptive_split,181,36.2,1784498200,adaptive_clusters,finish_first,r02,r02,True,center,member,local,2,3,10.61167,-0.26511,0.06017,0.38,-0.00019,1000,1000,-180,243,0,0,0000,---,False,0.37931,0.02284,0.38,-0.00019,11.05347,-0.23851,path_to_final_target,w,"$1,0,0,0,0,0,0,0,0#",20000,20000,Set tank.c app_speed/duty level to the logged pwm before sending the move key/protocol command; e=stop.,11.29257,30.16257,0,0,0,0.13905,0.06371,1.28208,10.8361,0.11063,1.1691,11.0746,10.8361,0.46168,17,-0.0297,9,0,214.39376,80.3876,0.38,0.2993,1,False,running
027eea92b7,formation_7_adaptive_split,181,36.2,1784498200,adaptive_clusters,finish_first,r03,r03,True,center,member,local,1,3,11.61147,-0.0393,-0.22169,0.38,0.0,1000,1000,-161,343,0,0,0010,---,False,0.3707,-0.08355,0.38,0.0,12.04322,-0.13661,path_to_final_target,w,"$1,0,0,0,0,0,0,0,0#",20000,20000,Set tank.c app_speed/duty level to the logged pwm before sending the move key/protocol command; e=stop.,11.93483,31.6773,0,2,0,0.15035,0.05246,0.67652,10.8361,0.11063,1.1691,11.0746,10.8361,0.46168,17,-0.0297,9,0,214.39376,80.3876,0.38,0.2993,1,False,running
027eea92b7,formation_7_adaptive_split,181,36.2,1784498200,adaptive_clusters,finish_first,r04,r04,True,center,member,local,2,3,9.95943,0.269,-0.07332,0.38,0.0,1000,1000,-157,183,0,0,0000,---,False,0.37898,-0.02784,0.38,0.0,10.40082,0.23657,path_to_final_target,w,"$1,0,0,0,0,0,0,0,0#",20000,20000,Set tank.c app_speed/duty level to the logged pwm before sending the move key/protocol command; e=stop.,11.12731,29.77346,9,2,0,0.26511,-0.02968,1.7467,10.8361,0.11063,1.1691,11.0746,10.8361,0.46168,17,-0.0297,9,0,214.39376,80.3876,0.38,0.2993,1,False,running
027eea92b7,formation_7_adaptive_split,181,36.2,1784498200,adaptive_clusters,finish_first,r05,r05,True,center,member,local,2,3,10.39856,0.31064,-0.10044,0.38,0.0,1000,1000,-158,226,0,0,0000,---,False,0.37808,-0.0381,0.38,0.0,10.83892,0.26626,path_to_final_target,w,"$1,0,0,0,0,0,0,0,0#",20000,20000,Set tank.c app_speed/duty level to the logged pwm before sending the move key/protocol command; e=stop.,11.2084,29.95762,9,4,0,0.25181,-0.02968,1.69139,10.8361,0.11063,1.1691,11.0746,10.8361,0.46168,17,-0.0297,9,0,214.39376,80.3876,0.38,0.2993,1,False,running
027eea92b7,formation_7_adaptive_split,181,36.2,1784498200,adaptive_clusters,finish_first,r06,r06,True,center,member,local,1,3,11.29409,0.2596,-0.10122,0.38,-0.0,1000,1000,-163,314,0,0,0000,---,False,0.37806,-0.0384,0.38,-0.0,11.73441,0.21488,path_to_final_target,w,"$1,0,0,0,0,0,0,0,0#",20000,20000,Set tank.c app_speed/duty level to the logged pwm before sending the move key/protocol command; e=stop.,11.48463,30.77409,0,2,0,0.11988,0.04777,1.17334,10.8361,0.11063,1.1691,11.0746,10.8361,0.46168,17,-0.0297,9,0,214.39376,80.3876,0.38,0.2993,1,False,running
027eea92b7,formation_7_adaptive_split,181,36.2,1784498200,adaptive_clusters,finish_first,r07,r07,True,center,member,local,1,3,11.02186,0.54761,-0.15697,0.38,-0.0,1000,1000,-154,292,0,0,0000,---,False,0.37533,-0.0594,0.38,-0.0,11.45901,0.47842,path_to_final_target,w,"$1,0,0,0,0,0,0,0,0#",20000,20000,Set tank.c app_speed/duty level to the logged pwm before sending the move key/protocol command; e=stop.,11.67322,31.01116,0,0,0,0.12307,0.12674,0.49566,10.8361,0.11063,1.1691,11.0746,10.8361,0.46168,17,-0.0297,9,0,214.39376,80.3876,0.38,0.2993,1,False,running
027eea92b7,formation_7_adaptive_split,182,36.4,1784498400,adaptive_clusters,finish_first,r01,r01,True,center,member,local,1,3,11.03034,-0.32188,-0.18368,0.38,-0.0,1000,1000,-167,284,0,0,0000,---,False,0.37361,-0.06941,0.38,-0.0,11.46537,-0.4027,cached_path_to_final_target,w,"$1,0,0,0,0,0,0,0,0#",20000,20000,Set tank.c app_speed/duty level to the logged pwm before sending the move key/protocol command; e=stop.,11.74264,31.23906,0,2,0,0.13509,0.05246,1.06907,10.91136,0.10224,1.0934,11.1503,10.9114,0.46047,17,-0.0297,9,0,215.8044,80.9196,0.38,0.2998,1,False,running
027eea92b7,formation_7_adaptive_split,182,36.4,1784498400,adaptive_clusters,finish_first,r02,r02,True,center,member,local,2,3,10.68753,-0.26054,0.06015,0.38,-8e-05,1000,1000,-180,250,0,0,0000,---,False,0.37931,0.02284,0.38,-8e-05,11.12921,-0.23395,cached_path_to_final_target,w,"$1,0,0,0,0,0,0,0,0#",20000,20000,Set tank.c app_speed/duty level to the logged pwm before sending the move key/protocol command; e=stop.,11.36857,30.36409,0,0,0,0.13905,0.06371,1.20608,10.91136,0.10224,1.0934,11.1503,10.9114,0.46047,17,-0.0297,9,0,215.8044,80.9196,0.38,0.2998,1,False,running
027eea92b7,formation_7_adaptive_split,182,36.4,1784498400,adaptive_clusters,finish_first,r03,r03,True,center,member,local,1,3,11.68561,-0.05601,-0.22169,0.38,0.0,1000,1000,-162,350,0,0,0010,---,False,0.3707,-0.08355,0.38,0.0,12.11725,-0.1533,cached_path_to_final_target,w,"$1,0,0,0,0,0,0,0,0#",20000,20000,Set tank.c app_speed/duty level to the logged pwm before sending the move key/protocol command; e=stop.,12.01083,31.87882,0,2,0,0.15035,0.05246,0.60052,10.91136,0.10224,1.0934,11.1503,10.9114,0.46047,17,-0.0297,9,0,215.8044,80.9196,0.38,0.2998,1,False,running
027eea92b7,formation_7_adaptive_split,182,36.4,1784498400,adaptive_clusters,finish_first,r04,r04,True,center,member,local,2,3,10.03522,0.26343,-0.07332,0.38,0.0,1000,1000,-158,190,0,0,0000,---,False,0.37898,-0.02784,0.38,0.0,10.47651,0.23101,cached_path_to_final_target,w,"$1,0,0,0,0,0,0,0,0#",20000,20000,Set tank.c app_speed/duty level to the logged pwm before sending the move key/protocol command; e=stop.,11.20331,29.97498,9,2,0,0.26511,-0.02968,1.6707,10.91136,0.10224,1.0934,11.1503,10.9114,0.46047,17,-0.0297,9,0,215.8044,80.9196,0.38,0.2998,1,False,running
027eea92b7,formation_7_adaptive_split,182,36.4,1784498400,adaptive_clusters,finish_first,r05,r05,True,center,member,local,2,3,10.47418,0.30302,-0.10044,0.38,0.0,1000,1000,-159,234,0,0,0000,---,False,0.37808,-0.0381,0.38,0.0,10.91442,0.25865,cached_path_to_final_target,w,"$1,0,0,0,0,0,0,0,0#",20000,20000,Set tank.c app_speed/duty level to the logged pwm before sending the move key/protocol command; e=stop.,11.2844,30.15914,9,4,0,0.25181,-0.02968,1.61539,10.91136,0.10224,1.0934,11.1503,10.9114,0.46047,17,-0.0297,9,0,215.8044,80.9196,0.38,0.2998,1,False,running
027eea92b7,formation_7_adaptive_split,182,36.4,1784498400,adaptive_clusters,finish_first,r06,r06,True,center,member,local,1,3,11.3697,0.25192,-0.10122,0.38,-0.0,1000,1000,-163,321,0,0,0000,---,False,0.37806,-0.0384,0.38,-0.0,11.80991,0.20721,cached_path_to_final_target,w,"$1,0,0,0,0,0,0,0,0#",20000,20000,Set tank.c app_speed/duty level to the logged pwm before sending the move key/protocol command; e=stop.,11.56063,30.97561,0,2,0,0.11988,0.04777,1.09734,10.91136,0.10224,1.0934,11.1503,10.9114,0.46047,17,-0.0297,9,0,215.8044,80.9196,0.38,0.2998,1,False,running
027eea92b7,formation_7_adaptive_split,182,36.4,1784498400,adaptive_clusters,finish_first,r07,r07,True,center,member,local,1,3,11.09693,0.53573,-0.15697,0.38,-0.0,1000,1000,-154,299,0,0,0000,---,False,0.37533,-0.0594,0.38,-0.0,11.4957,0.47262,cached_path_to_final_target,w,"$1,0,0,0,0,0,0,0,0#",20000,20000,Set tank.c app_speed/duty level to the logged pwm before sending the move key/protocol command; e=stop.,11.74922,31.21268,0,0,0,0.12307,0.12674,0.41966,10.91136,0.10224,1.0934,11.1503,10.9114,0.46047,17,-0.0297,9,0,215.8044,80.9196,0.38,0.2998,1,False,running
027eea92b7,formation_7_adaptive_split,183,36.6,1784498600,adaptive_clusters,finish_first,r01,r01,True,center,member,local,1,3,11.10506,-0.33576,-0.18368,0.38,-0.0,1000,1000,-167,292,0,0,0000,---,False,0.37361,-0.06941,0.38,-0.0,11.54006,-0.41657,cached_path_to_final_target,w,"$1,0,0,0,0,0,0,0,0#",20000,20000,Set tank.c app_speed/duty level to the logged pwm before sending the move key/protocol command; e=stop.,11.81864,31.44058,0,2,0,0.13509,0.05246,0.99307,10.98662,0.09384,1.0177,11.226,10.9866,0.45938,17,-0.0297,9,0,217.21504,81.4516,0.38,0.3002,1,False,running
027eea92b7,formation_7_adaptive_split,183,36.6,1784498600,adaptive_clusters,finish_first,r02,r02,True,center,member,local,1,3,10.76339,-0.25597,0.06015,0.38,-4e-05,1000,1000,-180,258,0,0,0000,---,False,0.37931,0.02284,0.38,-4e-05,11.20504,-0.22938,cached_path_to_final_target,w,"$1,0,0,0,0,0,0,0,0#",20000,20000,Set tank.c app_speed/duty level to the logged pwm before sending the move key/protocol command; e=stop.,11.44457,30.56561,0,0,0,0.13905,0.06371,1.13008,10.98662,0.09384,1.0177,11.226,10.9866,0.45938,17,-0.0297,9,0,217.21504,81.4516,0.38,0.3002,1,False,running
027eea92b7,formation_7_adaptive_split,183,36.6,1784498600,adaptive_clusters,finish_first,r03,r03,True,center,member,local,1,3,11.75975,-0.07272,-0.22169,0.38,0.0,1000,1000,-162,358,0,0,0010,---,False,0.3707,-0.08355,0.38,0.0,12.19136,-0.17,cached_path_to_final_target,w,"$1,0,0,0,0,0,0,0,0#",20000,20000,Set tank.c app_speed/duty level to the logged pwm before sending the move key/protocol command; e=stop.,12.08683,32.08034,0,2,0,0.15035,0.05246,0.52452,10.98662,0.09384,1.0177,11.226,10.9866,0.45938,17,-0.0297,9,0,217.21504,81.4516,0.38,0.3002,1,False,running
027eea92b7,formation_7_adaptive_split,183,36.6,1784498600,adaptive_clusters,finish_first,r04,r04,True,center,member,local,2,3,10.11102,0.25786,-0.07332,0.38,0.0,1000,1000,-159,197,0,0,0000,---,False,0.37898,-0.02784,0.38,0.0,10.55227,0.22545,cached_path_to_final_target,w,"$1,0,0,0,0,0,0,0,0#",20000,20000,Set tank.c app_speed/duty level to the logged pwm before sending the move key/protocol command; e=stop.,11.27931,30.1765,9,2,0,0.26511,-0.02968,1.5947,10.98662,0.09384,1.0177,11.226,10.9866,0.45938,17,-0.0297,9,0,217.21504,81.4516,0.38,0.3002,1,False,running
027eea92b7,formation_7_adaptive_split,183,36.6,1784498600,adaptive_clusters,finish_first,r05,r05,True,center,member,local,2,3,10.54979,0.2954,-0.10044,0.38,0.0,1000,1000,-159,241,0,0,0000,---,False,0.37808,-0.0381,0.38,0.0,10.99001,0.25103,cached_path_to_final_target,w,"$1,0,0,0,0,0,0,0,0#",20000,20000,Set tank.c app_speed/duty level to the logged pwm before sending the move key/protocol command; e=stop.,11.3604,30.36066,9,4,0,0.25181,-0.02968,1.53939,10.98662,0.09384,1.0177,11.226,10.9866,0.45938,17,-0.0297,9,0,217.21504,81.4516,0.38,0.3002,1,False,running
027eea92b7,formation_7_adaptive_split,183,36.6,1784498600,adaptive_clusters,finish_first,r06,r06,True,center,member,local,1,3,11.44531,0.24424,-0.10122,0.38,-0.0,1000,1000,-163,329,0,0,0000,---,False,0.37806,-0.0384,0.38,-0.0,11.88549,0.19953,cached_path_to_final_target,w,"$1,0,0,0,0,0,0,0,0#",20000,20000,Set tank.c app_speed/duty level to the logged pwm before sending the move key/protocol command; e=stop.,11.63663,31.17713,0,2,0,0.11988,0.04777,1.02134,10.98662,0.09384,1.0177,11.226,10.9866,0.45938,17,-0.0297,9,0,217.21504,81.4516,0.38,0.3002,1,False,running
027eea92b7,formation_7_adaptive_split,183,36.6,1784498600,adaptive_clusters,finish_first,r07,r07,True,center,member,local,1,3,11.172,0.52385,-0.15697,0.38,-0.0,1000,1000,-155,306,0,0,0000,---,False,0.37533,-0.0594,0.38,-0.0,11.50671,0.47087,cached_path_to_final_target,w,"$1,0,0,0,0,0,0,0,0#",20000,20000,Set tank.c app_speed/duty level to the logged pwm before sending the move key/protocol command; e=stop.,11.82522,31.4142,0,0,0,0.12307,0.12674,0.34366,10.98662,0.09384,1.0177,11.226,10.9866,0.45938,17,-0.0297,9,0,217.21504,81.4516,0.38,0.3002,1,False,running
027eea92b7,formation_7_adaptive_split,184,36.8,1784498800,adaptive_clusters,finish_first,r01,r01,True,center,member,local,1,3,11.17978,-0.34964,-0.18368,0.38,-0.0,1000,1000,-168,299,0,0,0000,---,False,0.37361,-0.06941,0.38,-0.0,11.61477,-0.43045,cached_path_to_final_target,w,"$1,0,0,0,0,0,0,0,0#",20000,20000,Set tank.c app_speed/duty level to the logged pwm before sending the move key/protocol command; e=stop.,11.89464,31.6421,0,2,0,0.13509,0.05246,0.91707,11.06188,0.08545,0.942,11.3018,11.0619,0.45839,16,-0.0297,9,0,218.62568,81.9836,0.38,0.3006,1,False,running
027eea92b7,formation_7_adaptive_split,184,36.8,1784498800,adaptive_clusters,finish_first,r02,r02,True,center,member,local,1,3,10.83925,-0.25141,0.06014,0.38,-2e-05,1000,1000,-180,265,0,0,0000,---,False,0.37931,0.02284,0.38,-2e-05,11.28089,-0.22481,cached_path_to_final_target,w,"$1,0,0,0,0,0,0,0,0#",20000,20000,Set tank.c app_speed/duty level to the logged pwm before sending the move key/protocol command; e=stop.,11.52057,30.76714,0,0,0,0.13905,0.06371,1.05408,11.06188,0.08545,0.942,11.3018,11.0619,0.45839,16,-0.0297,9,0,218.62568,81.9836,0.38,0.3006,1,False,running
027eea92b7,formation_7_adaptive_split,184,36.8,1784498800,adaptive_clusters,finish_first,r03,r03,True,center,member,local,1,3,11.83389,-0.08943,-0.22169,0.38,0.0,1000,1000,-162,365,0,0,0001,---,False,0.3707,-0.08355,0.38,0.0,12.24741,-0.18264,cached_path_to_final_target,w,"$1,0,0,0,0,0,0,0,0#",20000,20000,Set tank.c app_speed/duty level to the logged pwm before sending the move key/protocol command; e=stop.,12.16283,32.28186,0,2,0,0.15035,0.05246,0.44852,11.06188,0.08545,0.942,11.3018,11.0619,0.45839,16,-0.0297,9,0,218.62568,81.9836,0.38,0.3006,1,False,running
027eea92b7,formation_7_adaptive_split,184,36.8,1784498800,adaptive_clusters,finish_first,r04,r04,True,center,member,local,2,3,10.18681,0.25229,-0.07332,0.38,0.0,1000,1000,-159,204,0,0,0000,---,False,0.37898,-0.02784,0.38,0.0,10.62806,0.21988,cached_path_to_final_target,w,"$1,0,0,0,0,0,0,0,0#",20000,20000,Set tank.c app_speed/duty level to the logged pwm before sending the move key/protocol command; e=stop.,11.35531,30.37802,9,2,0,0.26511,-0.02968,1.5187,11.06188,0.08545,0.942,11.3018,11.0619,0.45839,16,-0.0297,9,0,218.62568,81.9836,0.38,0.3006,1,False,running
027eea92b7,formation_7_adaptive_split,184,36.8,1784498800,adaptive_clusters,finish_first,r05,r05,True,center,member,local,2,3,10.62541,0.28778,-0.10044,0.38,0.0,1000,1000,-160,248,0,0,0000,---,False,0.37808,-0.0381,0.38,0.0,11.06561,0.24341,cached_path_to_final_target,w,"$1,0,0,0,0,0,0,0,0#",20000,20000,Set tank.c app_speed/duty level to the logged pwm before sending the move key/protocol command; e=stop.,11.4364,30.56218,9,4,0,0.25181,-0.02968,1.46339,11.06188,0.08545,0.942,11.3018,11.0619,0.45839,16,-0.0297,9,0,218.62568,81.9836,0.38,0.3006,1,False,running
027eea92b7,formation_7_adaptive_split,184,36.8,1784498800,adaptive_clusters,finish_first,r06,r06,True,center,member,local,1,3,11.52092,0.23656,-0.10122,0.38,-0.0,1000,1000,-164,336,0,0,0000,---,False,0.37806,-0.0384,0.38,-0.0,11.96109,0.19185,cached_path_to_final_target,w,"$1,0,0,0,0,0,0,0,0#",20000,20000,Set tank.c app_speed/duty level to the logged pwm before sending the move key/protocol command; e=stop.,11.71263,31.37865,0,2,0,0.11988,0.04777,0.94534,11.06188,0.08545,0.942,11.3018,11.0619,0.45839,16,-0.0297,9,0,218.62568,81.9836,0.38,0.3006,1,False,running
027eea92b7,formation_7_adaptive_split,184,36.8,1784498800,adaptive_clusters,finish_first,r07,r07,True,center,member,local,1,3,11.24706,0.51197,-0.15697,0.38,-0.0,1000,1000,-155,313,0,0,0000,---,False,0.37533,-0.0594,0.38,-0.0,11.51001,0.47035,cached_path_to_final_target,w,"$1,0,0,0,0,0,0,0,0#",20000,20000,Set tank.c app_speed/duty level to the logged pwm before sending the move key/protocol command; e=stop.,11.90122,31.61572,0,0,0,0.12307,0.12674,0.26766,11.06188,0.08545,0.942,11.3018,11.0619,0.45839,16,-0.0297,9,0,218.62568,81.9836,0.38,0.3006,1,False,running
027eea92b7,formation_7_adaptive_split,185,37.0,1784499000,adaptive_clusters,finish_first,r01,r01,True,center,member,local,1,3,11.25451,-0.36352,-0.18368,0.38,-0.0,1000,1000,-168,307,0,0,0000,---,False,0.37361,-0.06941,0.38,-0.0,11.68949,-0.44433,path_to_final_target,w,"$1,0,0,0,0,0,0,0,0#",20000,20000,Set tank.c app_speed/duty level to the logged pwm before sending the move key/protocol command; e=stop.,11.97064,31.84362,0,2,0,0.13509,0.05246,0.84107,11.13714,0.07705,0.8663,11.3775,11.1371,0.45752,16,-0.0297,9,0,220.03632,82.5156,0.38,0.301,1,False,running
027eea92b7,formation_7_adaptive_split,185,37.0,1784499000,adaptive_clusters,finish_first,r02,r02,True,center,member,local,1,3,10.91512,-0.24684,0.06014,0.38,-1e-05,1000,1000,-180,273,0,0,0000,---,False,0.37931,0.02284,0.38,-1e-05,11.35675,-0.22025,path_to_final_target,w,"$1,0,0,0,0,0,0,0,0#",20000,20000,Set tank.c app_speed/duty level to the logged pwm before sending the move key/protocol command; e=stop.,11.59657,30.96866,0,0,0,0.13905,0.06371,0.97808,11.13714,0.07705,0.8663,11.3775,11.1371,0.45752,16,-0.0297,9,0,220.03632,82.5156,0.38,0.301,1,False,running
027eea92b7,formation_7_adaptive_split,185,37.0,1784499000,adaptive_clusters,finish_first,r03,r03,True,center,member,local,1,3,11.90803,-0.10614,-0.22169,0.38,0.0,1000,1000,-163,372,0,0,0001,---,False,0.3707,-0.08355,0.38,0.0,12.26422,-0.18643,path_to_final_target,w,"$1,0,0,0,0,0,0,0,0#",20000,20000,Set tank.c app_speed/duty level to the logged pwm before sending the move key/protocol command; e=stop.,12.23883,32.48338,0,2,0,0.15035,0.05246,0.37252,11.13714,0.07705,0.8663,11.3775,11.1371,0.45752,16,-0.0297,9,0,220.03632,82.5156,0.38,0.301,1,False,running
027eea92b7,formation_7_adaptive_split,185,37.0,1784499000,adaptive_clusters,finish_first,r04,r04,True,center,member,local,2,3,10.26261,0.24673,-0.07332,0.38,0.0,1000,1000,-160,212,0,0,0000,---,False,0.37898,-0.02784,0.38,0.0,10.70385,0.21431,path_to_final_target,w,"$1,0,0,0,0,0,0,0,0#",20000,20000,Set tank.c app_speed/duty level to the logged pwm before sending the move key/protocol command; e=stop.,11.43131,30.57954,9,2,0,0.26511,-0.02968,1.4427,11.13714,0.07705,0.8663,11.3775,11.1371,0.45752,16,-0.0297,9,0,220.03632,82.5156,0.38,0.301,1,False,running
027eea92b7,formation_7_adaptive_split,185,37.0,1784499000,adaptive_clusters,finish_first,r05,r05,True,center,member,local,2,3,10.70103,0.28016,-0.10044,0.38,0.0,1000,1000,-160,255,0,0,0000,---,False,0.37808,-0.0381,0.38,0.0,11.14123,0.23579,path_to_final_target,w,"$1,0,0,0,0,0,0,0,0#",20000,20000,Set tank.c app_speed/duty level to the logged pwm before sending the move key/protocol command; e=stop.,11.5124,30.7637,9,4,0,0.25181,-0.02968,1.38739,11.13714,0.07705,0.8663,11.3775,11.1371,0.45752,16,-0.0297,9,0,220.03632,82.5156,0.38,0.301,1,False,running
027eea92b7,formation_7_adaptive_split,185,37.0,1784499000,adaptive_clusters,finish_first,r06,r06,True,center,member,local,1,3,11.59653,0.22888,-0.10122,0.38,-0.0,1000,1000,-164,343,0,0,0000,---,False,0.37806,-0.0384,0.38,-0.0,12.0367,0.18418,path_to_final_target,w,"$1,0,0,0,0,0,0,0,0#",20000,20000,Set tank.c app_speed/duty level to the logged pwm before sending the move key/protocol command; e=stop.,11.78863,31.58017,0,2,0,0.11988,0.04777,0.86934,11.13714,0.07705,0.8663,11.3775,11.1371,0.45752,16,-0.0297,9,0,220.03632,82.5156,0.38,0.301,1,False,running
027eea92b7,formation_7_adaptive_split,185,37.0,1784499000,adaptive_clusters,finish_first,r07,r07,True,center,member,local,1,3,11.32213,0.50009,-0.15697,0.38,-0.0,1000,1000,-156,321,0,0,0000,---,False,0.37533,-0.0594,0.38,-0.0,11.511,0.4702,path_to_final_target,w,"$1,0,0,0,0,0,0,0,0#",20000,20000,Set tank.c app_speed/duty level to the logged pwm before sending the move key/protocol command; e=stop.,11.97722,31.81724,0,0,0,0.12307,0.12674,0.19166,11.13714,0.07705,0.8663,11.3775,11.1371,0.45752,16,-0.0297,9,0,220.03632,82.5156,0.38,0.301,1,False,running
027eea92b7,formation_7_adaptive_split,186,37.2,1784499200,adaptive_clusters,finish_first,r01,r01,True,center,member,local,1,3,11.32923,-0.3774,-0.18368,0.38,-0.0,1000,1000,-168,314,0,0,0000,---,False,0.37361,-0.06941,0.38,-0.0,11.76421,-0.45821,cached_path_to_final_target,w,"$1,0,0,0,0,0,0,0,0#",20000,20000,Set tank.c app_speed/duty level to the logged pwm before sending the move key/protocol command; e=stop.,12.04664,32.04514,0,2,0,0.13509,0.05246,0.76507,11.21144,0.0688,0.7916,11.4522,11.2114,0.45582,15,-0.0297,9,0,221.43172,83.04085,0.3752,0.3014,1,False,running
027eea92b7,formation_7_adaptive_split,186,37.2,1784499200,adaptive_clusters,finish_first,r02,r02,True,center,member,local,1,3,10.99098,-0.24227,0.06014,0.38,-0.0,1000,1000,-180,280,0,0,0000,---,False,0.37931,0.02284,0.38,-0.0,11.43261,-0.21568,cached_path_to_final_target,w,"$1,0,0,0,0,0,0,0,0#",20000,20000,Set tank.c app_speed/duty level to the logged pwm before sending the move key/protocol command; e=stop.,11.67257,31.17018,0,0,0,0.13905,0.06371,0.90208,11.21144,0.0688,0.7916,11.4522,11.2114,0.45582,15,-0.0297,9,0,221.43172,83.04085,0.3752,0.3014,1,False,running
027eea92b7,formation_7_adaptive_split,186,37.2,1784499200,adaptive_clusters,finish_first,r03,r03,True,center,member,local,1,3,11.98217,-0.12285,-0.22169,0.38,0.0,1000,1000,-163,380,0,0,0001,---,False,0.3707,-0.08355,0.38,0.0,12.26927,-0.18756,cached_path_to_final_target,w,"$1,0,0,0,0,0,0,0,0#",20000,20000,Set tank.c app_speed/duty level to the logged pwm before sending the move key/protocol command; e=stop.,12.31483,32.6849,0,2,0,0.15035,0.05246,0.29652,11.21144,0.0688,0.7916,11.4522,11.2114,0.45582,15,-0.0297,9,0,221.43172,83.04085,0.3752,0.3014,1,False,running
027eea92b7,formation_7_adaptive_split,186,37.2,1784499200,adaptive_clusters,finish_first,r04,r04,True,center,member,local,2,3,10.3384,0.24116,-0.07332,0.38,0.0,1000,1000,-161,219,0,0,0000,---,False,0.37898,-0.02784,0.38,0.0,10.77965,0.20875,cached_path_to_final_target,w,"$1,0,0,0,0,0,0,0,0#",20000,20000,Set tank.c app_speed/duty level to the logged pwm before sending the move key/protocol command; e=stop.,11.50731,30.78106,9,2,0,0.26511,-0.02968,1.3667,11.21144,0.0688,0.7916,11.4522,11.2114,0.45582,15,-0.0297,9,0,221.43172,83.04085,0.3752,0.3014,1,False,running
027eea92b7,formation_7_adaptive_split,186,37.2,1784499200,adaptive_clusters,finish_first,r05,r05,True,center,member,local,1,3,10.77665,0.27254,-0.10044,0.38,0.0,1000,1000,-161,263,0,0,0000,---,False,0.37808,-0.0381,0.38,0.0,11.21684,0.22817,cached_path_to_final_target,w,"$1,0,0,0,0,0,0,0,0#",20000,20000,Set tank.c app_speed/duty level to the logged pwm before sending the move key/protocol command; e=stop.,11.5884,30.96522,9,4,0,0.25181,-0.02968,1.31139,11.21144,0.0688,0.7916,11.4522,11.2114,0.45582,15,-0.0297,9,0,221.43172,83.04085,0.3752,0.3014,1,False,running
027eea92b7,formation_7_adaptive_split,186,37.2,1784499200,adaptive_clusters,finish_first,r06,r06,True,center,member,local,1,3,11.67214,0.2212,-0.10122,0.38,-0.0,1000,1000,-164,351,0,0,0000,---,False,0.37806,-0.0384,0.38,-0.0,12.11231,0.1765,cached_path_to_final_target,w,"$1,0,0,0,0,0,0,0,0#",20000,20000,Set tank.c app_speed/duty level to the logged pwm before sending the move key/protocol command; e=stop.,11.86463,31.78169,0,2,0,0.11988,0.04777,0.79334,11.21144,0.0688,0.7916,11.4522,11.2114,0.45582,15,-0.0297,9,0,221.43172,83.04085,0.3752,0.3014,1,False,running
027eea92b7,formation_7_adaptive_split,186,37.2,1784499200,adaptive_clusters,finish_first,r07,r07,True,center,member,local,1,3,11.39053,0.48926,-0.15697,0.34625,-0.0,911,911,-156,327,0,0,0000,---,False,0.34199,-0.05413,0.34625,-0.0,11.5113,0.47015,cached_path_to_final_target,w,"$1,0,0,0,0,0,0,0,0#",18000,18000,Set tank.c app_speed/duty level to the logged pwm before sending the move key/protocol command; e=stop.,12.04647,32.00353,0,0,0,0.12307,0.12674,0.12241,11.21144,0.0688,0.7916,11.4522,11.2114,0.45582,15,-0.0297,9,0,221.43172,83.04085,0.3752,0.3014,1,False,running
027eea92b7,formation_7_adaptive_split,187,37.4,1784499400,adaptive_clusters,finish_first,r01,r01,True,center,member,local,1,3,11.40395,-0.39129,-0.18368,0.38,-0.0,1000,1000,-169,322,0,0,0000,---,False,0.37361,-0.06941,0.38,-0.0,11.83894,-0.47209,cached_path_to_final_target,w,"$1,0,0,0,0,0,0,0,0#",20000,20000,Set tank.c app_speed/duty level to the logged pwm before sending the move key/protocol command; e=stop.,12.12264,32.24666,0,2,0,0.13509,0.05246,0.68907,11.28487,0.0607,0.7177,11.5261,11.2849,0.45341,16,-0.0297,9,0,222.8104,83.55987,0.3707,0.3017,1,False,running
027eea92b7,formation_7_adaptive_split,187,37.4,1784499400,adaptive_clusters,finish_first,r02,r02,True,center,member,local,1,3,11.06684,-0.2377,0.06014,0.38,-0.0,1000,1000,-180,288,0,0,0000,---,False,0.37931,0.02284,0.38,-0.0,11.50847,-0.21111,cached_path_to_final_target,w,"$1,0,0,0,0,0,0,0,0#",20000,20000,Set tank.c app_speed/duty level to the logged pwm before sending the move key/protocol command; e=stop.,11.74857,31.3717,0,0,0,0.13905,0.06371,0.82608,11.28487,0.0607,0.7177,11.5261,11.2849,0.45341,16,-0.0297,9,0,222.8104,83.55987,0.3707,0.3017,1,False,running
027eea92b7,formation_7_adaptive_split,187,37.4,1784499400,adaptive_clusters,finish_first,r03,r03,True,center,member,local,1,3,12.05631,-0.13956,-0.22169,0.38,0.0,1000,1000,-163,387,0,0,0001,---,False,0.3707,-0.08355,0.38,0.0,12.27078,-0.18791,cached_path_to_final_target,w,"$1,0,0,0,0,0,0,0,0#",20000,20000,Set tank.c app_speed/duty level to the logged pwm before sending the move key/protocol command; e=stop.,12.39083,32.88642,0,2,0,0.15035,0.05246,0.22052,11.28487,0.0607,0.7177,11.5261,11.2849,0.45341,16,-0.0297,9,0,222.8104,83.55987,0.3707,0.3017,1,False,running
027eea92b7,formation_7_adaptive_split,187,37.4,1784499400,adaptive_clusters,finish_first,r04,r04,True,center,member,local,2,3,10.4142,0.23559,-0.07332,0.38,0.0,1000,1000,-161,226,0,0,0000,---,False,0.37898,-0.02784,0.38,0.0,10.85544,0.20318,cached_path_to_final_target,w,"$1,0,0,0,0,0,0,0,0#",20000,20000,Set tank.c app_speed/duty level to the logged pwm before sending the move key/protocol command; e=stop.,11.58331,30.98258,9,2,0,0.26511,-0.02968,1.2907,11.28487,0.0607,0.7177,11.5261,11.2849,0.45341,16,-0.0297,9,0,222.8104,83.55987,0.3707,0.3017,1,False,running
027eea92b7,formation_7_adaptive_split,187,37.4,1784499400,adaptive_clusters,finish_first,r05,r05,True,center,member,local,1,3,10.85226,0.26492,-0.10044,0.38,0.0,1000,1000,-161,270,0,0,0000,---,False,0.37808,-0.0381,0.38,0.0,11.29246,0.22055,cached_path_to_final_target,w,"$1,0,0,0,0,0,0,0,0#",20000,20000,Set tank.c app_speed/duty level to the logged pwm before sending the move key/protocol command; e=stop.,11.6644,31.16674,9,4,0,0.25181,-0.02968,1.23539,11.28487,0.0607,0.7177,11.5261,11.2849,0.45341,16,-0.0297,9,0,222.8104,83.55987,0.3707,0.3017,1,False,running
027eea92b7,formation_7_adaptive_split,187,37.4,1784499400,adaptive_clusters,finish_first,r06,r06,True,center,member,local,1,3,11.74776,0.21352,-0.10122,0.38,-0.0,1000,1000,-165,358,0,0,0000,---,False,0.37806,-0.0384,0.38,-0.0,12.18792,0.16882,cached_path_to_final_target,w,"$1,0,0,0,0,0,0,0,0#",20000,20000,Set tank.c app_speed/duty level to the logged pwm before sending the move key/protocol command; e=stop.,11.94063,31.98321,0,2,0,0.11988,0.04777,0.71734,11.28487,0.0607,0.7177,11.5261,11.2849,0.45341,16,-0.0297,9,0,222.8104,83.55987,0.3707,0.3017,1,False,running
027eea92b7,formation_7_adaptive_split,187,37.4,1784499400,adaptive_clusters,finish_first,r07,r07,True,center,member,local,1,3,11.45277,0.47941,-0.15697,0.31508,-0.0,829,829,-157,333,0,0,0000,---,False,0.31121,-0.04926,0.31508,-0.0,11.51139,0.47013,cached_path_to_final_target,w,"$1,0,0,0,0,0,0,0,0#",17000,17000,Set tank.c app_speed/duty level to the logged pwm before sending the move key/protocol command; e=stop.,12.10949,32.17308,0,0,0,0.12307,0.12674,0.05939,11.28487,0.0607,0.7177,11.5261,11.2849,0.45341,16,-0.0297,9,0,222.8104,83.55987,0.3707,0.3017,1,False,running
027eea92b7,formation_7_adaptive_split,188,37.6,1784499600,adaptive_clusters,finish_first,r01,r01,True,center,member,local,1,3,11.47867,-0.40517,-0.18368,0.38,-0.0,1000,1000,-169,329,0,0,0000,---,False,0.37361,-0.06941,0.38,-0.0,11.91366,-0.48597,cached_path_to_final_target,w,"$1,0,0,0,0,0,0,0,0#",20000,20000,Set tank.c app_speed/duty level to the logged pwm before sending the move key/protocol command; e=stop.,12.19864,32.44818,0,2,0,0.13509,0.05246,0.61307,11.35519,0.05308,0.647,11.5969,11.3552,0.44831,16,-0.0297,9,0,224.13714,84.05688,0.355,0.302,1,False,running
027eea92b7,formation_7_adaptive_split,188,37.6,1784499600,adaptive_clusters,finish_first,r02,r02,True,center,member,local,1,3,11.14271,-0.23313,0.06014,0.38,-0.0,1000,1000,-180,296,0,0,0000,---,False,0.37931,0.02284,0.38,-0.0,11.58433,-0.20654,cached_path_to_final_target,w,"$1,0,0,0,0,0,0,0,0#",20000,20000,Set tank.c app_speed/duty level to the logged pwm before sending the move key/protocol command; e=stop.,11.82457,31.57322,0,0,0,0.13905,0.06371,0.75008,11.35519,0.05308,0.647,11.5969,11.3552,0.44831,16,-0.0297,9,0,224.13714,84.05688,0.355,0.302,1,False,running
027eea92b7,formation_7_adaptive_split,188,37.6,1784499600,adaptive_clusters,finish_first,r03,r03,True,center,member,local,1,3,12.13045,-0.15627,-0.22169,0.38,0.0,1000,1000,-163,394,0,0,0000,---,False,0.3707,-0.08355,0.38,0.0,12.27123,-0.18801,cached_path_to_final_target,w,"$1,0,0,0,0,0,0,0,0#",20000,20000,Set tank.c app_speed/duty level to the logged pwm before sending the move key/protocol command; e=stop.,12.46683,33.08794,0,2,0,0.15035,0.05246,0.14452,11.35519,0.05308,0.647,11.5969,11.3552,0.44831,16,-0.0297,9,0,224.13714,84.05688,0.355,0.302,1,False,running
027eea92b7,formation_7_adaptive_split,188,37.6,1784499600,adaptive_clusters,finish_first,r04,r04,True,center,member,local,2,3,10.49,0.23002,-0.07332,0.38,0.0,1000,1000,-162,234,0,0,0000,---,False,0.37898,-0.02784,0.38,0.0,10.93124,0.19761,cached_path_to_final_target,w,"$1,0,0,0,0,0,0,0,0#",20000,20000,Set tank.c app_speed/duty level to the logged pwm before sending the move key/protocol command; e=stop.,11.65931,31.1841,9,2,0,0.26511,-0.02968,1.2147,11.35519,0.05308,0.647,11.5969,11.3552,0.44831,16,-0.0297,9,0,224.13714,84.05688,0.355,0.302,1,False,running
027eea92b7,formation_7_adaptive_split,188,37.6,1784499600,adaptive_clusters,finish_first,r05,r05,True,center,member,local,1,3,10.92788,0.2573,-0.10044,0.38,0.0,1000,1000,-162,277,0,0,0000,---,False,0.37808,-0.0381,0.38,0.0,11.36808,0.21293,cached_path_to_final_target,w,"$1,0,0,0,0,0,0,0,0#",20000,20000,Set tank.c app_speed/duty level to the logged pwm before sending the move key/protocol command; e=stop.,11.7404,31.36826,9,4,0,0.25181,-0.02968,1.15939,11.35519,0.05308,0.647,11.5969,11.3552,0.44831,16,-0.0297,9,0,224.13714,84.05688,0.355,0.302,1,False,running
027eea92b7,formation_7_adaptive_split,188,37.6,1784499600,adaptive_clusters,finish_first,r06,r06,True,center,member,local,1,3,11.82337,0.20584,-0.10122,0.38,0.0,1000,1000,-165,366,0,0,0000,---,False,0.37806,-0.0384,0.38,0.0,12.26353,0.16114,cached_path_to_final_target,w,"$1,0,0,0,0,0,0,0,0#",20000,20000,Set tank.c app_speed/duty level to the logged pwm before sending the move key/protocol command; e=stop.,12.01663,32.18473,0,2,0,0.11988,0.04777,0.64134,11.35519,0.05308,0.647,11.5969,11.3552,0.44831,16,-0.0297,9,0,224.13714,84.05688,0.355,0.302,1,False,running
027eea92b7,formation_7_adaptive_split,188,37.6,1784499600,adaptive_clusters,finish_first,r07,r07,True,center,arrived,local,1,3,11.49328,0.473,-0.15697,0.20508,0.0,540,540,-157,337,0,0,0000,-G-,False,0.0,0.0,0.20508,0.0,11.51142,0.47013,target_reached,w,"$1,0,0,0,0,0,0,0,0#",11000,11000,Set tank.c app_speed/duty level to the logged pwm before sending the move key/protocol command; e=stop.,12.1505,32.2907,0,0,0,0.12307,0.12674,0.01837,11.35519,0.05308,0.647,11.5969,11.3552,0.44831,16,-0.0297,9,0,224.13714,84.05688,0.355,0.302,1,False,running
027eea92b7,formation_7_adaptive_split,189,37.8,1784499800,adaptive_clusters,finish_first,r01,r01,True,center,member,local,1,3,11.55339,-0.41905,-0.18368,0.38,-0.0,1000,1000,-169,337,0,0,0000,---,False,0.37361,-0.06941,0.38,-0.0,11.98838,-0.49985,path_to_final_target,w,"$1,0,0,0,0,0,0,0,0#",20000,20000,Set tank.c app_speed/duty level to the logged pwm before sending the move key/protocol command; e=stop.,12.27464,32.6497,0,2,0,0.13509,0.05246,0.53707,11.42088,0.04631,0.581,11.6629,11.4209,0.43783,16,-0.0297,9,0,225.38061,84.52091,0.3314,0.3021,2,False,running
027eea92b7,formation_7_adaptive_split,189,37.8,1784499800,adaptive_clusters,finish_first,r02,r02,True,center,member,local,1,3,11.21857,-0.22857,0.06014,0.38,-0.0,1000,1000,-180,303,0,0,0000,---,False,0.37931,0.02284,0.38,-0.0,11.6602,-0.20197,path_to_final_target,w,"$1,0,0,0,0,0,0,0,0#",20000,20000,Set tank.c app_speed/duty level to the logged pwm before sending the move key/protocol command; e=stop.,11.90057,31.77474,0,0,0,0.13905,0.06371,0.67408,11.42088,0.04631,0.581,11.6629,11.4209,0.43783,16,-0.0297,9,0,225.38061,84.52091,0.3314,0.3021,2,False,running
027eea92b7,formation_7_adaptive_split,189,37.8,1784499800,adaptive_clusters,finish_first,r03,r03,True,center,member,local,1,3,12.19386,-0.17057,-0.22169,0.32503,0.0,855,855,-164,401,0,0,0000,---,False,0.31708,-0.07147,0.32503,0.0,12.27137,-0.18804,path_to_final_target,w,"$1,0,0,0,0,0,0,0,0#",17000,17000,Set tank.c app_speed/duty level to the logged pwm before sending the move key/protocol command; e=stop.,12.53184,33.26464,0,2,0,0.15035,0.05246,0.07951,11.42088,0.04631,0.581,11.6629,11.4209,0.43783,16,-0.0297,9,0,225.38061,84.52091,0.3314,0.3021,2,False,running
027eea92b7,formation_7_adaptive_split,189,37.8,1784499800,adaptive_clusters,finish_first,r04,r04,True,center,member,local,2,3,10.56579,0.22446,-0.07332,0.38,0.0,1000,1000,-162,241,0,0,0000,---,False,0.37898,-0.02784,0.38,0.0,11.00703,0.19204,path_to_final_target,w,"$1,0,0,0,0,0,0,0,0#",20000,20000,Set tank.c app_speed/duty level to the logged pwm before sending the move key/protocol command; e=stop.,11.73531,31.38562,9,2,0,0.26511,-0.02968,1.1387,11.42088,0.04631,0.581,11.6629,11.4209,0.43783,16,-0.0297,9,0,225.38061,84.52091,0.3314,0.3021,2,False,running
027eea92b7,formation_7_adaptive_split,189,37.8,1784499800,adaptive_clusters,finish_first,r05,r05,True,center,member,local,1,3,11.0035,0.24968,-0.10044,0.38,0.0,1000,1000,-162,285,0,0,0000,---,False,0.37808,-0.0381,0.38,0.0,11.4437,0.20531,path_to_final_target,w,"$1,0,0,0,0,0,0,0,0#",20000,20000,Set tank.c app_speed/duty level to the logged pwm before sending the move key/protocol command; e=stop.,11.8164,31.56978,9,4,0,0.25181,-0.02968,1.08339,11.42088,0.04631,0.581,11.6629,11.4209,0.43783,16,-0.0297,9,0,225.38061,84.52091,0.3314,0.3021,2,False,running
027eea92b7,formation_7_adaptive_split,189,37.8,1784499800,adaptive_clusters,finish_first,r06,r06,True,center,member,local,1,3,11.89898,0.19816,-0.10122,0.38,-0.0,1000,1000,-165,373,0,0,0000,---,False,0.37806,-0.0384,0.38,-0.0,12.33914,0.15346,path_to_final_target,w,"$1,0,0,0,0,0,0,0,0#",20000,20000,Set tank.c app_speed/duty level to the logged pwm before sending the move key/protocol command; e=stop.,12.09263,32.38625,0,2,0,0.11988,0.04777,0.56534,11.42088,0.04631,0.581,11.6629,11.4209,0.43783,16,-0.0297,9,0,225.38061,84.52091,0.3314,0.3021,2,False,running
027eea92b7,formation_7_adaptive_split,189,37.8,1784499800,adaptive_clusters,finish_first,r07,r07,True,rejoined,arrived,local,1,3,11.51206,0.47003,-0.15697,0.09508,0.0,250,250,-157,339,0,0,0000,-G-,False,0.0,0.0,0.09508,0.0,11.51143,0.47013,target_reached,w,"$1,0,0,0,0,0,0,0,0#",5000,5000,Set tank.c app_speed/duty level to the logged pwm before sending the move key/protocol command; e=stop.,12.16952,32.34988,0,0,0,0.12307,0.12674,0.00064,11.42088,0.04631,0.581,11.6629,11.4209,0.43783,16,-0.0297,9,0,225.38061,84.52091,0.3314,0.3021,2,False,running
027eea92b7,formation_7_adaptive_split,190,38.0,1784500000,adaptive_clusters,finish_first,r01,r01,True,center,member,local,1,3,11.62811,-0.43293,-0.18368,0.38,-0.0,1000,1000,-169,344,0,0,0000,---,False,0.37361,-0.06941,0.38,-0.0,12.05351,-0.51196,cached_path_to_final_target,w,"$1,0,0,0,0,0,0,0,0#",20000,20000,Set tank.c app_speed/duty level to the logged pwm before sending the move key/protocol command; e=stop.,12.35064,32.85122,0,2,0,0.13509,0.05246,0.46107,11.48082,0.04064,0.5208,11.7231,11.4808,0.41974,15,-0.0297,9,0,226.51868,84.94391,0.3021,0.3021,2,False,running
027eea92b7,formation_7_adaptive_split,190,38.0,1784500000,adaptive_clusters,finish_first,r02,r02,True,center,member,local,1,3,11.29443,-0.224,0.06014,0.38,-0.0,1000,1000,-180,311,0,0,0000,---,False,0.37931,0.02284,0.38,-0.0,11.73606,-0.19741,cached_path_to_final_target,w,"$1,0,0,0,0,0,0,0,0#",20000,20000,Set tank.c app_speed/duty level to the logged pwm before sending the move key/protocol command; e=stop.,11.97657,31.97626,0,0,0,0.13905,0.06371,0.59808,11.48082,0.04064,0.5208,11.7231,11.4808,0.41974,15,-0.0297,9,0,226.51868,84.94391,0.3021,0.3021,2,False,running
027eea92b7,formation_7_adaptive_split,190,38.0,1784500000,adaptive_clusters,finish_first,r03,r03,True,center,arrived,local,1,3,12.23582,-0.18002,-0.22169,0.21503,0.0,566,566,-164,405,0,0,0000,-G-,False,0.0,0.0,0.21503,0.0,12.27141,-0.18805,target_reached,w,"$1,0,0,0,0,0,0,0,0#",11000,11000,Set tank.c app_speed/duty level to the logged pwm before sending the move key/protocol command; e=stop.,12.57485,33.3875,0,2,0,0.15035,0.05246,0.03651,11.48082,0.04064,0.5208,11.7231,11.4808,0.41974,15,-0.0297,9,0,226.51868,84.94391,0.3021,0.3021,2,False,running
027eea92b7,formation_7_adaptive_split,190,38.0,1784500000,adaptive_clusters,finish_first,r04,r04,True,center,member,local,2,3,10.64159,0.21889,-0.07332,0.38,0.0,1000,1000,-163,249,0,0,0000,---,False,0.37898,-0.02784,0.38,0.0,11.08283,0.18648,cached_path_to_final_target,w,"$1,0,0,0,0,0,0,0,0#",20000,20000,Set tank.c app_speed/duty level to the logged pwm before sending the move key/protocol command; e=stop.,11.81131,31.58714,9,2,0,0.26511,-0.02968,1.0627,11.48082,0.04064,0.5208,11.7231,11.4808,0.41974,15,-0.0297,9,0,226.51868,84.94391,0.3021,0.3021,2,False,running
027eea92b7,formation_7_adaptive_split,190,38.0,1784500000,adaptive_clusters,finish_first,r05,r05,True,center,member,local,1,3,11.07911,0.24205,-0.10044,0.38,0.0,1000,1000,-162,292,0,0,0000,---,False,0.37808,-0.0381,0.38,0.0,11.51931,0.19769,cached_path_to_final_target,w,"$1,0,0,0,0,0,0,0,0#",20000,20000,Set tank.c app_speed/duty level to the logged pwm before sending the move key/protocol command; e=stop.,11.8924,31.7713,9,4,0,0.25181,-0.02968,1.00739,11.48082,0.04064,0.5208,11.7231,11.4808,0.41974,15,-0.0297,9,0,226.51868,84.94391,0.3021,0.3021,2,False,running
027eea92b7,formation_7_adaptive_split,190,38.0,1784500000,adaptive_clusters,finish_first,r06,r06,True,center,member,local,1,3,11.97459,0.19048,-0.10122,0.38,-0.0,1000,1000,-165,381,0,0,0000,---,False,0.37806,-0.0384,0.38,-0.0,12.41475,0.14578,cached_path_to_final_target,w,"$1,0,0,0,0,0,0,0,0#",20000,20000,Set tank.c app_speed/duty level to the logged pwm before sending the move key/protocol command; e=stop.,12.16863,32.58777,0,2,0,0.11988,0.04777,0.48934,11.48082,0.04064,0.5208,11.7231,11.4808,0.41974,15,-0.0297,9,0,226.51868,84.94391,0.3021,0.3021,2,False,running
027eea92b7,formation_7_adaptive_split,190,38.0,1784500000,adaptive_clusters,finish_first,r07,r07,True,rejoined,arrived,local,1,3,11.51206,0.47003,-0.15697,0.0,0.0,0,0,-157,339,0,0,0000,-G-,False,0.0,0.0,0.0,0.0,11.51143,0.47013,target_reached,e,"$0,0,0,0,0,0,0,0,0#",0,0,Set tank.c app_speed/duty level to the logged pwm before sending the move key/protocol command; e=stop.,12.16952,32.35749,0,0,0,0.12307,0.12674,0.00064,11.48082,0.04064,0.5208,11.7231,11.4808,0.41974,15,-0.0297,9,0,226.51868,84.94391,0.3021,0.3021,2,False,running
027eea92b7,formation_7_adaptive_split,191,38.2,1784500200,adaptive_clusters,finish_first,r01,r01,True,center,member,local,1,3,11.70283,-0.44681,-0.18368,0.38,-0.0,1000,1000,-169,352,0,0,0000,---,False,0.37361,-0.06941,0.38,-0.0,12.07305,-0.51559,cached_path_to_final_target,w,"$1,0,0,0,0,0,0,0,0#",20000,20000,Set tank.c app_speed/duty level to the logged pwm before sending the move key/protocol command; e=stop.,12.42664,33.05274,0,2,0,0.13509,0.05246,0.38507,11.53769,0.03567,0.4637,11.7802,11.5377,0.39663,15,-0.0297,9,0,227.5907,85.34492,0.2864,0.302,2,False,running
027eea92b7,formation_7_adaptive_split,191,38.2,1784500200,adaptive_clusters,finish_first,r02,r02,True,center,member,local,1,3,11.37029,-0.21943,0.06014,0.38,-0.0,1000,1000,-180,318,0,0,0000,---,False,0.37931,0.02284,0.38,-0.0,11.81192,-0.19284,cached_path_to_final_target,w,"$1,0,0,0,0,0,0,0,0#",20000,20000,Set tank.c app_speed/duty level to the logged pwm before sending the move key/protocol command; e=stop.,12.05257,32.17778,0,0,0,0.13905,0.06371,0.52208,11.53769,0.03567,0.4637,11.7802,11.5377,0.39663,15,-0.0297,9,0,227.5907,85.34492,0.2864,0.302,2,False,running
027eea92b7,formation_7_adaptive_split,191,38.2,1784500200,adaptive_clusters,finish_first,r03,r03,True,rejoined,arrived,local,1,3,12.25631,-0.18464,-0.22169,0.10503,0.0,276,276,-164,407,0,0,0000,-G-,False,0.0,0.0,0.10503,0.0,12.27142,-0.18805,target_reached,w,"$1,0,0,0,0,0,0,0,0#",6000,6000,Set tank.c app_speed/duty level to the logged pwm before sending the move key/protocol command; e=stop.,12.59585,33.45192,0,2,0,0.15035,0.05246,0.0155,11.53769,0.03567,0.4637,11.7802,11.5377,0.39663,15,-0.0297,9,0,227.5907,85.34492,0.2864,0.302,2,False,running
027eea92b7,formation_7_adaptive_split,191,38.2,1784500200,adaptive_clusters,finish_first,r04,r04,True,center,member,local,2,3,10.71738,0.21332,-0.07332,0.38,0.0,1000,1000,-163,256,0,0,0000,---,False,0.37898,-0.02784,0.38,0.0,11.15862,0.18091,cached_path_to_final_target,w,"$1,0,0,0,0,0,0,0,0#",20000,20000,Set tank.c app_speed/duty level to the logged pwm before sending the move key/protocol command; e=stop.,11.88731,31.78866,9,2,0,0.26511,-0.02968,0.9867,11.53769,0.03567,0.4637,11.7802,11.5377,0.39663,15,-0.0297,9,0,227.5907,85.34492,0.2864,0.302,2,False,running
027eea92b7,formation_7_adaptive_split,191,38.2,1784500200,adaptive_clusters,finish_first,r05,r05,True,center,member,local,1,3,11.15473,0.23443,-0.10044,0.38,0.0,1000,1000,-163,300,0,0,0000,---,False,0.37808,-0.0381,0.38,0.0,11.59493,0.19007,cached_path_to_final_target,w,"$1,0,0,0,0,0,0,0,0#",20000,20000,Set tank.c app_speed/duty level to the logged pwm before sending the move key/protocol command; e=stop.,11.9684,31.97282,9,4,0,0.25181,-0.02968,0.93139,11.53769,0.03567,0.4637,11.7802,11.5377,0.39663,15,-0.0297,9,0,227.5907,85.34492,0.2864,0.302,2,False,running
027eea92b7,formation_7_adaptive_split,191,38.2,1784500200,adaptive_clusters,finish_first,r06,r06,True,center,member,local,1,3,12.0502,0.1828,-0.10122,0.38,-0.0,1000,1000,-166,388,0,0,0000,---,False,0.37806,-0.0384,0.38,-0.0,12.44743,0.14246,cached_path_to_final_target,w,"$1,0,0,0,0,0,0,0,0#",20000,20000,Set tank.c app_speed/duty level to the logged pwm before sending the move key/protocol command; e=stop.,12.24463,32.78929,0,2,0,0.11988,0.04777,0.41334,11.53769,0.03567,0.4637,11.7802,11.5377,0.39663,15,-0.0297,9,0,227.5907,85.34492,0.2864,0.302,2,False,running
027eea92b7,formation_7_adaptive_split,191,38.2,1784500200,adaptive_clusters,finish_first,r07,r07,True,rejoined,arrived,local,1,3,11.51206,0.47003,-0.15697,0.0,0.0,0,0,-157,339,0,0,0000,-G-,False,0.0,0.0,0.0,0.0,11.51143,0.47013,target_reached,e,"$0,0,0,0,0,0,0,0,0#",0,0,Set tank.c app_speed/duty level to the logged pwm before sending the move key/protocol command; e=stop.,12.16952,32.35749,0,0,0,0.12307,0.12674,0.00064,11.53769,0.03567,0.4637,11.7802,11.5377,0.39663,15,-0.0297,9,0,227.5907,85.34492,0.2864,0.302,2,False,running
027eea92b7,formation_7_adaptive_split,192,38.4,1784500400,adaptive_clusters,finish_first,r01,r01,True,center,member,local,1,3,11.77756,-0.46069,-0.18368,0.38,-0.0,1000,1000,-170,359,0,0,0000,---,False,0.37361,-0.06941,0.38,-0.0,12.07892,-0.51667,cached_path_to_final_target,w,"$1,0,0,0,0,0,0,0,0#",20000,20000,Set tank.c app_speed/duty level to the logged pwm before sending the move key/protocol command; e=stop.,12.50264,33.25426,0,2,0,0.13509,0.05246,0.30907,11.59163,0.03136,0.4096,11.8343,11.5916,0.36949,15,-0.0297,9,0,228.6067,85.72492,0.2714,0.3019,2,False,running
027eea92b7,formation_7_adaptive_split,192,38.4,1784500400,adaptive_clusters,finish_first,r02,r02,True,center,member,local,1,3,11.44616,-0.21486,0.06014,0.38,-0.0,1000,1000,-180,326,0,0,0000,---,False,0.37931,0.02284,0.38,-0.0,11.86758,-0.18949,cached_path_to_final_target,w,"$1,0,0,0,0,0,0,0,0#",20000,20000,Set tank.c app_speed/duty level to the logged pwm before sending the move key/protocol command; e=stop.,12.12857,32.3793,0,0,0,0.13905,0.06371,0.44608,11.59163,0.03136,0.4096,11.8343,11.5916,0.36949,15,-0.0297,9,0,228.6067,85.72492,0.2714,0.3019,2,False,running
027eea92b7,formation_7_adaptive_split,192,38.4,1784500400,adaptive_clusters,finish_first,r03,r03,True,rejoined,arrived,local,1,3,12.25631,-0.18464,-0.22169,0.0,0.0,0,0,-164,407,0,0,0000,-G-,False,0.0,0.0,0.0,0.0,12.27143,-0.18805,target_reached,e,"$0,0,0,0,0,0,0,0,0#",0,0,Set tank.c app_speed/duty level to the logged pwm before sending the move key/protocol command; e=stop.,12.59585,33.46033,0,2,0,0.15035,0.05246,0.0155,11.59163,0.03136,0.4096,11.8343,11.5916,0.36949,15,-0.0297,9,0,228.6067,85.72492,0.2714,0.3019,2,False,running
027eea92b7,formation_7_adaptive_split,192,38.4,1784500400,adaptive_clusters,finish_first,r04,r04,True,center,member,local,1,3,10.79318,0.20775,-0.07332,0.38,0.0,1000,1000,-163,263,0,0,0000,---,False,0.37898,-0.02784,0.38,0.0,11.23442,0.17534,cached_path_to_final_target,w,"$1,0,0,0,0,0,0,0,0#",20000,20000,Set tank.c app_speed/duty level to the logged pwm before sending the move key/protocol command; e=stop.,11.96331,31.99018,9,2,0,0.26511,-0.02968,0.9107,11.59163,0.03136,0.4096,11.8343,11.5916,0.36949,15,-0.0297,9,0,228.6067,85.72492,0.2714,0.3019,2,False,running
027eea92b7,formation_7_adaptive_split,192,38.4,1784500400,adaptive_clusters,finish_first,r05,r05,True,center,member,local,1,3,11.23035,0.22681,-0.10044,0.38,0.0,1000,1000,-163,307,0,0,0000,---,False,0.37808,-0.0381,0.38,0.0,11.67055,0.18245,cached_path_to_final_target,w,"$1,0,0,0,0,0,0,0,0#",20000,20000,Set tank.c app_speed/duty level to the logged pwm before sending the move key/protocol command; e=stop.,12.0444,32.17434,9,4,0,0.25181,-0.02968,0.85539,11.59163,0.03136,0.4096,11.8343,11.5916,0.36949,15,-0.0297,9,0,228.6067,85.72492,0.2714,0.3019,2,False,running
027eea92b7,formation_7_adaptive_split,192,38.4,1784500400,adaptive_clusters,finish_first,r06,r06,True,center,member,local,1,3,12.12581,0.17513,-0.10122,0.38,-0.0,1000,1000,-166,395,0,0,0000,---,False,0.37806,-0.0384,0.38,-0.0,12.45723,0.14147,cached_path_to_final_target,w,"$1,0,0,0,0,0,0,0,0#",20000,20000,Set tank.c app_speed/duty level to the logged pwm before sending the move key/protocol command; e=stop.,12.32063,32.99081,0,2,0,0.11988,0.04777,0.33734,11.59163,0.03136,0.4096,11.8343,11.5916,0.36949,15,-0.0297,9,0,228.6067,85.72492,0.2714,0.3019,2,False,running
027eea92b7,formation_7_adaptive_split,192,38.4,1784500400,adaptive_clusters,finish_first,r07,r07,True,rejoined,arrived,local,1,3,11.51206,0.47003,-0.15697,0.0,0.0,0,0,-157,339,0,0,0000,-G-,False,0.0,0.0,0.0,0.0,11.51143,0.47013,target_reached,e,"$0,0,0,0,0,0,0,0,0#",0,0,Set tank.c app_speed/duty level to the logged pwm before sending the move key/protocol command; e=stop.,12.16952,32.35749,0,0,0,0.12307,0.12674,0.00064,11.59163,0.03136,0.4096,11.8343,11.5916,0.36949,15,-0.0297,9,0,228.6067,85.72492,0.2714,0.3019,2,False,running
027eea92b7,formation_7_adaptive_split,193,38.6,1784500600,adaptive_clusters,finish_first,r01,r01,True,center,member,local,1,3,11.85228,-0.47457,-0.18368,0.38,-0.0,1000,1000,-170,367,0,0,0000,---,False,0.37361,-0.06941,0.38,-0.0,12.08067,-0.517,path_to_final_target,w,"$1,0,0,0,0,0,0,0,0#",20000,20000,Set tank.c app_speed/duty level to the logged pwm before sending the move key/protocol command; e=stop.,12.57864,33.45578,0,2,0,0.13509,0.05246,0.23307,11.64558,0.02705,0.3555,11.8884,11.6456,0.34478,15,-0.0297,9,0,229.6143,86.10492,0.2714,0.3017,2,False,running
027eea92b7,formation_7_adaptive_split,193,38.6,1784500600,adaptive_clusters,finish_first,r02,r02,True,center,member,local,1,3,11.52202,-0.21029,0.06014,0.38,-0.0,1000,1000,-180,334,0,0,0000,---,False,0.37931,0.02284,0.38,-0.0,11.88427,-0.18848,path_to_final_target,w,"$1,0,0,0,0,0,0,0,0#",20000,20000,Set tank.c app_speed/duty level to the logged pwm before sending the move key/protocol command; e=stop.,12.20457,32.58082,0,0,0,0.13905,0.06371,0.37008,11.64558,0.02705,0.3555,11.8884,11.6456,0.34478,15,-0.0297,9,0,229.6143,86.10492,0.2714,0.3017,2,False,running
027eea92b7,formation_7_adaptive_split,193,38.6,1784500600,adaptive_clusters,finish_first,r03,r03,True,rejoined,arrived,local,1,3,12.25631,-0.18464,-0.22169,0.0,0.0,0,0,-164,407,0,0,0000,-G-,False,0.0,0.0,0.0,0.0,12.27143,-0.18805,target_reached,e,"$0,0,0,0,0,0,0,0,0#",0,0,Set tank.c app_speed/duty level to the logged pwm before sending the move key/protocol command; e=stop.,12.59585,33.46033,0,2,0,0.15035,0.05246,0.0155,11.64558,0.02705,0.3555,11.8884,11.6456,0.34478,15,-0.0297,9,0,229.6143,86.10492,0.2714,0.3017,2,False,running
027eea92b7,formation_7_adaptive_split,193,38.6,1784500600,adaptive_clusters,finish_first,r04,r04,True,center,member,local,1,3,10.86898,0.20219,-0.07332,0.38,0.0,1000,1000,-164,271,0,0,0000,---,False,0.37898,-0.02784,0.38,0.0,11.31022,0.16977,path_to_final_target,w,"$1,0,0,0,0,0,0,0,0#",20000,20000,Set tank.c app_speed/duty level to the logged pwm before sending the move key/protocol command; e=stop.,12.03931,32.1917,9,2,0,0.26511,-0.02968,0.8347,11.64558,0.02705,0.3555,11.8884,11.6456,0.34478,15,-0.0297,9,0,229.6143,86.10492,0.2714,0.3017,2,False,running
027eea92b7,formation_7_adaptive_split,193,38.6,1784500600,adaptive_clusters,finish_first,r05,r05,True,center,member,local,1,3,11.30596,0.21919,-0.10044,0.38,0.0,1000,1000,-163,314,0,0,0000,---,False,0.37808,-0.0381,0.38,0.0,11.74616,0.17483,path_to_final_target,w,"$1,0,0,0,0,0,0,0,0#",20000,20000,Set tank.c app_speed/duty level to the logged pwm before sending the move key/protocol command; e=stop.,12.1204,32.37586,9,4,0,0.25181,-0.02968,0.77939,11.64558,0.02705,0.3555,11.8884,11.6456,0.34478,15,-0.0297,9,0,229.6143,86.10492,0.2714,0.3017,2,False,running
027eea92b7,formation_7_adaptive_split,193,38.6,1784500600,adaptive_clusters,finish_first,r06,r06,True,center,member,local,1,3,12.20142,0.16745,-0.10122,0.38,0.0,1000,1000,-166,403,0,0,0000,---,False,0.37806,-0.0384,0.38,0.0,12.46017,0.14117,path_to_final_target,w,"$1,0,0,0,0,0,0,0,0#",20000,20000,Set tank.c app_speed/duty level to the logged pwm before sending the move key/protocol command; e=stop.,12.39663,33.19233,0,2,0,0.11988,0.04777,0.26134,11.64558,0.02705,0.3555,11.8884,11.6456,0.34478,15,-0.0297,9,0,229.6143,86.10492,0.2714,0.3017,2,False,running
027eea92b7,formation_7_adaptive_split,193,38.6,1784500600,adaptive_clusters,finish_first,r07,r07,True,rejoined,arrived,local,1,3,11.51206,0.47003,-0.15697,0.0,0.0,0,0,-157,339,0,0,0000,-G-,False,0.0,0.0,0.0,0.0,11.51143,0.47013,target_reached,e,"$0,0,0,0,0,0,0,0,0#",0,0,Set tank.c app_speed/duty level to the logged pwm before sending the move key/protocol command; e=stop.,12.16952,32.35749,0,0,0,0.12307,0.10261,0.00064,11.64558,0.02705,0.3555,11.8884,11.6456,0.34478,15,-0.0297,9,0,229.6143,86.10492,0.2714,0.3017,2,False,running
027eea92b7,formation_7_adaptive_split,194,38.8,1784500800,adaptive_clusters,finish_first,r01,r01,True,center,member,local,1,3,11.927,-0.48845,-0.18368,0.38,-0.0,1000,1000,-170,374,0,0,0000,---,False,0.37361,-0.06941,0.38,-0.0,12.0812,-0.5171,cached_path_to_final_target,w,"$1,0,0,0,0,0,0,0,0#",20000,20000,Set tank.c app_speed/duty level to the logged pwm before sending the move key/protocol command; e=stop.,12.65464,33.6573,0,2,0,0.13509,0.05246,0.15707,11.69952,0.02274,0.3013,11.9425,11.6995,0.32249,14,-0.0297,9,0,230.6219,86.48492,0.2714,0.3015,2,False,running
027eea92b7,formation_7_adaptive_split,194,38.8,1784500800,adaptive_clusters,finish_first,r02,r02,True,center,member,local,1,3,11.59788,-0.20573,0.06014,0.38,-0.0,1000,1000,-180,341,0,0,0000,---,False,0.37931,0.02284,0.38,-0.0,11.88928,-0.18818,cached_path_to_final_target,w,"$1,0,0,0,0,0,0,0,0#",20000,20000,Set tank.c app_speed/duty level to the logged pwm before sending the move key/protocol command; e=stop.,12.28057,32.78234,0,0,0,0.13905,0.06371,0.29408,11.69952,0.02274,0.3013,11.9425,11.6995,0.32249,14,-0.0297,9,0,230.6219,86.48492,0.2714,0.3015,2,False,running
027eea92b7,formation_7_adaptive_split,194,38.8,1784500800,adaptive_clusters,finish_first,r03,r03,True,rejoined,arrived,local,1,3,12.25631,-0.18464,-0.22169,0.0,0.0,0,0,-164,407,0,0,0000,-G-,False,0.0,0.0,0.0,0.0,12.27143,-0.18805,target_reached,e,"$0,0,0,0,0,0,0,0,0#",0,0,Set tank.c app_speed/duty level to the logged pwm before sending the move key/protocol command; e=stop.,12.59585,33.46033,0,2,0,0.15035,0.05246,0.0155,11.69952,0.02274,0.3013,11.9425,11.6995,0.32249,14,-0.0297,9,0,230.6219,86.48492,0.2714,0.3015,2,False,running
027eea92b7,formation_7_adaptive_split,194,38.8,1784500800,adaptive_clusters,finish_first,r04,r04,True,center,member,local,1,3,10.94477,0.19662,-0.07332,0.38,0.0,1000,1000,-164,278,0,0,0000,---,False,0.37898,-0.02784,0.38,0.0,11.38601,0.16421,cached_path_to_final_target,w,"$1,0,0,0,0,0,0,0,0#",20000,20000,Set tank.c app_speed/duty level to the logged pwm before sending the move key/protocol command; e=stop.,12.11531,32.39322,9,2,0,0.26511,-0.02968,0.7587,11.69952,0.02274,0.3013,11.9425,11.6995,0.32249,14,-0.0297,9,0,230.6219,86.48492,0.2714,0.3015,2,False,running
027eea92b7,formation_7_adaptive_split,194,38.8,1784500800,adaptive_clusters,finish_first,r05,r05,True,center,member,local,1,3,11.38158,0.21157,-0.10044,0.38,0.0,1000,1000,-164,322,0,0,0000,---,False,0.37808,-0.0381,0.38,0.0,11.82178,0.16721,cached_path_to_final_target,w,"$1,0,0,0,0,0,0,0,0#",20000,20000,Set tank.c app_speed/duty level to the logged pwm before sending the move key/protocol command; e=stop.,12.1964,32.57738,9,4,0,0.25181,-0.02968,0.70339,11.69952,0.02274,0.3013,11.9425,11.6995,0.32249,14,-0.0297,9,0,230.6219,86.48492,0.2714,0.3015,2,False,running
027eea92b7,formation_7_adaptive_split,194,38.8,1784500800,adaptive_clusters,finish_first,r06,r06,True,center,member,local,0,3,12.27703,0.15977,-0.10122,0.38,0.0,1000,1000,0,-1,0,0,0000,---,False,0.37806,-0.0384,0.38,0.0,12.46105,0.14108,cached_path_to_final_target,w,"$1,0,0,0,0,0,0,0,0#",20000,20000,Set tank.c app_speed/duty level to the logged pwm before sending the move key/protocol command; e=stop.,12.47263,33.39385,0,2,0,0.11988,0.04777,0.18534,11.69952,0.02274,0.3013,11.9425,11.6995,0.32249,14,-0.0297,9,0,230.6219,86.48492,0.2714,0.3015,2,False,running
027eea92b7,formation_7_adaptive_split,194,38.8,1784500800,adaptive_clusters,finish_first,r07,r07,True,rejoined,arrived,local,1,3,11.51206,0.47003,-0.15697,0.0,0.0,0,0,-157,339,0,0,0000,-G-,False,0.0,0.0,0.0,0.0,11.51143,0.47013,target_reached,e,"$0,0,0,0,0,0,0,0,0#",0,0,Set tank.c app_speed/duty level to the logged pwm before sending the move key/protocol command; e=stop.,12.16952,32.35749,0,0,0,0.12307,0.06749,0.00064,11.69952,0.02274,0.3013,11.9425,11.6995,0.32249,14,-0.0297,9,0,230.6219,86.48492,0.2714,0.3015,2,False,running
027eea92b7,formation_7_adaptive_split,195,39.0,1784501000,adaptive_clusters,finish_first,r01,r01,True,center,member,local,1,3,11.99202,-0.50053,-0.18368,0.33068,-0.0,870,870,-170,381,0,0,0000,---,False,0.32512,-0.0604,0.33068,-0.0,12.08136,-0.51713,cached_path_to_final_target,w,"$1,0,0,0,0,0,0,0,0#",17000,17000,Set tank.c app_speed/duty level to the logged pwm before sending the move key/protocol command; e=stop.,12.72078,33.83657,0,2,0,0.13509,0.05246,0.09093,11.7479,0.0186,0.2528,11.9911,11.7479,0.30049,12,-0.0297,9,0,231.54139,86.82574,0.2434,0.3012,2,False,running
027eea92b7,formation_7_adaptive_split,195,39.0,1784501000,adaptive_clusters,finish_first,r02,r02,True,center,member,local,1,3,11.65178,-0.20248,0.06014,0.27,-0.0,711,711,-180,347,0,0,0000,---,False,0.24655,0.01485,0.27,-0.0,11.89078,-0.18809,cached_path_to_final_target,w,"$1,0,0,0,0,0,0,0,0#",14000,14000,Set tank.c app_speed/duty level to the logged pwm before sending the move key/protocol command; e=stop.,12.33457,32.93442,0,0,0,0.13905,0.06371,0.24008,11.7479,0.0186,0.2528,11.9911,11.7479,0.30049,12,-0.0297,9,0,231.54139,86.82574,0.2434,0.3012,2,False,running
027eea92b7,formation_7_adaptive_split,195,39.0,1784501000,adaptive_clusters,finish_first,r03,r03,True,rejoined,arrived,local,1,3,12.25631,-0.18464,-0.22169,0.0,0.0,0,0,-164,407,0,0,0000,-G-,False,0.0,0.0,0.0,0.0,12.27143,-0.18805,target_reached,e,"$0,0,0,0,0,0,0,0,0#",0,0,Set tank.c app_speed/duty level to the logged pwm before sending the move key/protocol command; e=stop.,12.59585,33.46033,0,2,0,0.15035,0.05246,0.0155,11.7479,0.0186,0.2528,11.9911,11.7479,0.30049,12,-0.0297,9,0,231.54139,86.82574,0.2434,0.3012,2,False,running
027eea92b7,formation_7_adaptive_split,195,39.0,1784501000,adaptive_clusters,finish_first,r04,r04,True,center,member,local,1,3,11.02057,0.19105,-0.07332,0.38,0.0,1000,1000,-165,286,0,0,0000,---,False,0.37898,-0.02784,0.38,0.0,11.46181,0.15864,cached_path_to_final_target,w,"$1,0,0,0,0,0,0,0,0#",20000,20000,Set tank.c app_speed/duty level to the logged pwm before sending the move key/protocol command; e=stop.,12.19131,32.59474,9,2,0,0.26511,-0.02968,0.6827,11.7479,0.0186,0.2528,11.9911,11.7479,0.30049,12,-0.0297,9,0,231.54139,86.82574,0.2434,0.3012,2,False,running
027eea92b7,formation_7_adaptive_split,195,39.0,1784501000,adaptive_clusters,finish_first,r05,r05,True,center,member,local,1,3,11.4572,0.20395,-0.10044,0.38,0.0,1000,1000,-164,329,0,0,0000,---,False,0.37808,-0.0381,0.38,0.0,11.8974,0.15959,cached_path_to_final_target,w,"$1,0,0,0,0,0,0,0,0#",20000,20000,Set tank.c app_speed/duty level to the logged pwm before sending the move key/protocol command; e=stop.,12.2724,32.7789,9,5,0,0.25181,-0.02968,0.62739,11.7479,0.0186,0.2528,11.9911,11.7479,0.30049,12,-0.0297,9,0,231.54139,86.82574,0.2434,0.3012,2,False,running
027eea92b7,formation_7_adaptive_split,195,39.0,1784501000,adaptive_clusters,finish_first,r06,r06,True,center,member,local,0,3,12.34536,0.15283,-0.10122,0.34341,0.0,904,904,0,-1,0,0,1000,---,False,0.34165,-0.0347,0.34341,0.0,12.46132,0.14105,cached_path_to_final_target,w,"$1,0,0,0,0,0,0,0,0#",18000,18000,Set tank.c app_speed/duty level to the logged pwm before sending the move key/protocol command; e=stop.,12.54131,33.57895,0,2,0,0.11988,0.04777,0.11666,11.7479,0.0186,0.2528,11.9911,11.7479,0.30049,12,-0.0297,9,0,231.54139,86.82574,0.2434,0.3012,2,False,running
027eea92b7,formation_7_adaptive_split,195,39.0,1784501000,adaptive_clusters,finish_first,r07,r07,True,rejoined,arrived,local,1,3,11.51206,0.47003,-0.15697,0.0,0.0,0,0,-157,339,0,0,0000,-G-,False,0.0,0.0,0.0,0.0,11.51143,0.47013,target_reached,e,"$0,0,0,0,0,0,0,0,0#",0,0,Set tank.c app_speed/duty level to the logged pwm before sending the move key/protocol command; e=stop.,12.16952,32.35749,0,1,0,0.12307,0.04964,0.00064,11.7479,0.0186,0.2528,11.9911,11.7479,0.30049,12,-0.0297,9,0,231.54139,86.82574,0.2434,0.3012,2,False,running
027eea92b7,formation_7_adaptive_split,196,39.2,1784501200,adaptive_clusters,finish_first,r01,r01,True,center,member,local,1,3,12.0512,-0.51152,-0.18368,0.30092,-0.0,792,792,-170,387,0,0,0000,---,False,0.29586,-0.05496,0.30092,-0.0,12.08141,-0.51714,cached_path_to_final_target,w,"$1,0,0,0,0,0,0,0,0#",16000,16000,Set tank.c app_speed/duty level to the logged pwm before sending the move key/protocol command; e=stop.,12.78096,33.99856,0,2,0,0.13509,0.05246,0.03075,11.79391,0.01467,0.2066,12.0373,11.7939,0.27828,12,-0.0297,9,0,232.40737,87.14982,0.2315,0.3009,2,False,running
027eea92b7,formation_7_adaptive_split,196,39.2,1784501200,adaptive_clusters,finish_first,r02,r02,True,center,member,local,1,3,11.70109,-0.19951,0.06014,0.247,-0.0,650,650,-180,352,0,0,0000,---,False,0.24655,0.01485,0.247,-0.0,11.89124,-0.18806,cached_path_to_final_target,w,"$1,0,0,0,0,0,0,0,0#",13000,13000,Set tank.c app_speed/duty level to the logged pwm before sending the move key/protocol command; e=stop.,12.38397,33.06724,0,0,0,0.13905,0.06371,0.19068,11.79391,0.01467,0.2066,12.0373,11.7939,0.27828,12,-0.0297,9,0,232.40737,87.14982,0.2315,0.3009,2,False,running
027eea92b7,formation_7_adaptive_split,196,39.2,1784501200,adaptive_clusters,finish_first,r03,r03,True,rejoined,arrived,local,1,3,12.25631,-0.18464,-0.22169,0.0,0.0,0,0,-164,407,0,0,0000,-G-,False,0.0,0.0,0.0,0.0,12.27143,-0.18805,target_reached,e,"$0,0,0,0,0,0,0,0,0#",0,0,Set tank.c app_speed/duty level to the logged pwm before sending the move key/protocol command; e=stop.,12.59585,33.46033,0,2,0,0.15035,0.05246,0.0155,11.79391,0.01467,0.2066,12.0373,11.7939,0.27828,12,-0.0297,9,0,232.40737,87.14982,0.2315,0.3009,2,False,running
027eea92b7,formation_7_adaptive_split,196,39.2,1784501200,adaptive_clusters,finish_first,r04,r04,True,center,member,local,1,3,11.09636,0.18548,-0.07332,0.38,0.0,1000,1000,-165,293,0,0,0000,---,False,0.37898,-0.02784,0.38,0.0,11.5376,0.15307,cached_path_to_final_target,w,"$1,0,0,0,0,0,0,0,0#",20000,20000,Set tank.c app_speed/duty level to the logged pwm before sending the move key/protocol command; e=stop.,12.26731,32.79626,9,2,0,0.26511,-0.02968,0.6067,11.79391,0.01467,0.2066,12.0373,11.7939,0.27828,12,-0.0297,9,0,232.40737,87.14982,0.2315,0.3009,2,False,running
027eea92b7,formation_7_adaptive_split,196,39.2,1784501200,adaptive_clusters,finish_first,r05,r05,True,center,member,local,1,3,11.53282,0.19633,-0.10044,0.38,0.0,1000,1000,-164,337,0,0,0000,---,False,0.37808,-0.0381,0.38,0.0,11.97301,0.15196,cached_path_to_final_target,w,"$1,0,0,0,0,0,0,0,0#",20000,20000,Set tank.c app_speed/duty level to the logged pwm before sending the move key/protocol command; e=stop.,12.3484,32.98042,9,6,0,0.25181,-0.02968,0.55139,11.79391,0.01467,0.2066,12.0373,11.7939,0.27828,12,-0.0297,9,0,232.40737,87.14982,0.2315,0.3009,2,False,running
027eea92b7,formation_7_adaptive_split,196,39.2,1784501200,adaptive_clusters,finish_first,r06,r06,True,center,member,local,0,3,12.40754,0.14651,-0.10122,0.3125,0.0,822,822,0,-1,0,0,1000,---,False,0.3109,-0.03158,0.3125,0.0,12.46139,0.14104,cached_path_to_final_target,w,"$1,0,0,0,0,0,0,0,0#",16000,16000,Set tank.c app_speed/duty level to the logged pwm before sending the move key/protocol command; e=stop.,12.60381,33.74708,0,2,0,0.11988,0.04777,0.05416,11.79391,0.01467,0.2066,12.0373,11.7939,0.27828,12,-0.0297,9,0,232.40737,87.14982,0.2315,0.3009,2,False,running
027eea92b7,formation_7_adaptive_split,196,39.2,1784501200,adaptive_clusters,finish_first,r07,r07,True,rejoined,arrived,local,1,3,11.51206,0.47003,-0.15697,0.0,0.0,0,0,-157,339,0,0,0000,-G-,False,0.0,0.0,0.0,0.0,11.51143,0.47013,target_reached,e,"$0,0,0,0,0,0,0,0,0#",0,0,Set tank.c app_speed/duty level to the logged pwm before sending the move key/protocol command; e=stop.,12.16952,32.35749,0,2,0,0.12307,0.04964,0.00064,11.79391,0.01467,0.2066,12.0373,11.7939,0.27828,12,-0.0297,9,0,232.40737,87.14982,0.2315,0.3009,2,False,running
027eea92b7,formation_7_adaptive_split,197,39.4,1784501400,adaptive_clusters,finish_first,r01,r01,True,center,arrived,local,1,3,12.08874,-0.5185,-0.18368,0.19092,0.0,502,502,-170,390,0,0,0000,-G-,False,0.0,0.0,0.19092,0.0,12.08142,-0.51714,target_reached,w,"$1,0,0,0,0,0,0,0,0#",10000,10000,Set tank.c app_speed/duty level to the logged pwm before sending the move key/protocol command; e=stop.,12.81914,34.10852,0,2,0,0.13509,0.05246,0.00743,11.83307,0.01159,0.1673,12.0766,11.8331,0.25055,11,-0.0297,9,0,233.15766,87.42546,0.1969,0.3003,2,False,running
027eea92b7,formation_7_adaptive_split,197,39.4,1784501400,adaptive_clusters,finish_first,r02,r02,True,center,member,local,1,3,11.74597,-0.19681,0.06014,0.22477,-0.0,592,592,-180,356,0,0,0000,---,False,0.22437,0.01351,0.22477,-0.0,11.89137,-0.18805,path_to_final_target,w,"$1,0,0,0,0,0,0,0,0#",12000,12000,Set tank.c app_speed/duty level to the logged pwm before sending the move key/protocol command; e=stop.,12.42892,33.18832,0,0,0,0.13905,0.06371,0.14572,11.83307,0.01159,0.1673,12.0766,11.8331,0.25055,11,-0.0297,9,0,233.15766,87.42546,0.1969,0.3003,2,False,running
027eea92b7,formation_7_adaptive_split,197,39.4,1784501400,adaptive_clusters,finish_first,r03,r03,True,rejoined,arrived,local,1,3,12.25631,-0.18464,-0.22169,0.0,0.0,0,0,-164,407,0,0,0000,-G-,False,0.0,0.0,0.0,0.0,12.27143,-0.18805,target_reached,e,"$0,0,0,0,0,0,0,0,0#",0,0,Set tank.c app_speed/duty level to the logged pwm before sending the move key/protocol command; e=stop.,12.59585,33.46033,0,2,0,0.15035,0.05246,0.0155,11.83307,0.01159,0.1673,12.0766,11.8331,0.25055,11,-0.0297,9,0,233.15766,87.42546,0.1969,0.3003,2,False,running
027eea92b7,formation_7_adaptive_split,197,39.4,1784501400,adaptive_clusters,finish_first,r04,r04,True,center,member,local,1,3,11.17216,0.17992,-0.07332,0.38,0.0,1000,1000,-165,301,0,0,0000,---,False,0.37898,-0.02784,0.38,0.0,11.6134,0.1475,path_to_final_target,w,"$1,0,0,0,0,0,0,0,0#",20000,20000,Set tank.c app_speed/duty level to the logged pwm before sending the move key/protocol command; e=stop.,12.34331,32.99778,9,2,0,0.26511,-0.02968,0.5307,11.83307,0.01159,0.1673,12.0766,11.8331,0.25055,11,-0.0297,9,0,233.15766,87.42546,0.1969,0.3003,2,False,running
027eea92b7,formation_7_adaptive_split,197,39.4,1784501400,adaptive_clusters,finish_first,r05,r05,True,center,member,local,1,3,11.60843,0.18871,-0.10044,0.38,0.0,1000,1000,-165,344,0,0,0000,---,False,0.37808,-0.0381,0.38,0.0,12.04863,0.14434,path_to_final_target,w,"$1,0,0,0,0,0,0,0,0#",20000,20000,Set tank.c app_speed/duty level to the logged pwm before sending the move key/protocol command; e=stop.,12.4244,33.18194,9,6,0,0.25181,-0.02968,0.47539,11.83307,0.01159,0.1673,12.0766,11.8331,0.25055,11,-0.0297,9,0,233.15766,87.42546,0.1969,0.3003,2,False,running
027eea92b7,formation_7_adaptive_split,197,39.4,1784501400,adaptive_clusters,finish_first,r06,r06,True,center,arrived,local,0,3,12.44783,0.14242,-0.10122,0.2025,0.0,533,533,0,-1,0,0,1000,-G-,False,0.0,0.0,0.2025,0.0,12.46142,0.14104,target_reached,w,"$1,0,0,0,0,0,0,0,0#",11000,11000,Set tank.c app_speed/duty level to the logged pwm before sending the move key/protocol command; e=stop.,12.64431,33.86329,0,2,0,0.11988,0.04777,0.01366,11.83307,0.01159,0.1673,12.0766,11.8331,0.25055,11,-0.0297,9,0,233.15766,87.42546,0.1969,0.3003,2,False,running
027eea92b7,formation_7_adaptive_split,197,39.4,1784501400,adaptive_clusters,finish_first,r07,r07,True,rejoined,arrived,local,1,3,11.51206,0.47003,-0.15697,0.0,0.0,0,0,-157,339,0,0,0000,-G-,False,0.0,0.0,0.0,0.0,11.51143,0.47013,target_reached,e,"$0,0,0,0,0,0,0,0,0#",0,0,Set tank.c app_speed/duty level to the logged pwm before sending the move key/protocol command; e=stop.,12.16952,32.35749,0,2,0,0.12307,0.04964,0.00064,11.83307,0.01159,0.1673,12.0766,11.8331,0.25055,11,-0.0297,9,0,233.15766,87.42546,0.1969,0.3003,2,False,running
027eea92b7,formation_7_adaptive_split,198,39.6,1784501600,adaptive_clusters,finish_first,r01,r01,True,rejoined,arrived,local,1,3,12.10465,-0.52145,-0.18368,0.08092,0.0,213,213,-170,392,0,0,0000,-G-,False,0.0,0.0,0.08092,0.0,12.08143,-0.51714,target_reached,w,"$1,0,0,0,0,0,0,0,0#",4000,4000,Set tank.c app_speed/duty level to the logged pwm before sending the move key/protocol command; e=stop.,12.83533,34.16024,0,2,0,0.13509,0.05246,0.02362,11.86288,0.00921,0.1374,12.1065,11.8629,0.21668,11,-0.0297,9,0,233.73985,87.6351,0.1497,0.2996,2,False,running
027eea92b7,formation_7_adaptive_split,198,39.6,1784501600,adaptive_clusters,finish_first,r02,r02,True,center,member,local,1,3,11.76888,-0.19543,0.06014,0.11477,-0.0,302,302,-180,358,0,0,0000,---,False,0.11375,0.00685,0.11477,-0.0,11.89141,-0.18805,cached_path_to_final_target,w,"$1,0,0,0,0,0,0,0,0#",6000,6000,Set tank.c app_speed/duty level to the logged pwm before sending the move key/protocol command; e=stop.,12.45188,33.25798,0,0,0,0.13905,0.06371,0.12277,11.86288,0.00921,0.1374,12.1065,11.8629,0.21668,11,-0.0297,9,0,233.73985,87.6351,0.1497,0.2996,2,False,running
027eea92b7,formation_7_adaptive_split,198,39.6,1784501600,adaptive_clusters,finish_first,r03,r03,True,rejoined,arrived,local,1,3,12.25631,-0.18464,-0.22169,0.0,0.0,0,0,-164,407,0,0,0000,-G-,False,0.0,0.0,0.0,0.0,12.27143,-0.18805,target_reached,e,"$0,0,0,0,0,0,0,0,0#",0,0,Set tank.c app_speed/duty level to the logged pwm before sending the move key/protocol command; e=stop.,12.59585,33.46033,0,2,0,0.15035,0.05246,0.0155,11.86288,0.00921,0.1374,12.1065,11.8629,0.21668,11,-0.0297,9,0,233.73985,87.6351,0.1497,0.2996,2,False,running
027eea92b7,formation_7_adaptive_split,198,39.6,1784501600,adaptive_clusters,finish_first,r04,r04,True,center,member,local,1,3,11.24795,0.17435,-0.07332,0.38,0.0,1000,1000,-166,308,0,0,0000,---,False,0.37898,-0.02784,0.38,0.0,11.67502,0.14298,cached_path_to_final_target,w,"$1,0,0,0,0,0,0,0,0#",20000,20000,Set tank.c app_speed/duty level to the logged pwm before sending the move key/protocol command; e=stop.,12.41931,33.1993,9,2,0,0.26511,-0.02968,0.4547,11.86288,0.00921,0.1374,12.1065,11.8629,0.21668,11,-0.0297,9,0,233.73985,87.6351,0.1497,0.2996,2,False,running
027eea92b7,formation_7_adaptive_split,198,39.6,1784501600,adaptive_clusters,finish_first,r05,r05,True,center,member,local,1,3,11.68405,0.18109,-0.10044,0.38,0.0,1000,1000,-165,352,0,0,0000,---,False,0.37808,-0.0381,0.38,0.0,12.07159,0.14203,cached_path_to_final_target,w,"$1,0,0,0,0,0,0,0,0#",20000,20000,Set tank.c app_speed/duty level to the logged pwm before sending the move key/protocol command; e=stop.,12.5004,33.38346,9,6,0,0.25181,-0.02968,0.39939,11.86288,0.00921,0.1374,12.1065,11.8629,0.21668,11,-0.0297,9,0,233.73985,87.6351,0.1497,0.2996,2,False,running
027eea92b7,formation_7_adaptive_split,198,39.6,1784501600,adaptive_clusters,finish_first,r06,r06,True,rejoined,arrived,local,0,3,12.46624,0.14055,-0.10122,0.0925,0.0,243,243,0,-1,0,0,1000,-G-,False,0.0,0.0,0.0925,0.0,12.46143,0.14104,target_reached,w,"$1,0,0,0,0,0,0,0,0#",5000,5000,Set tank.c app_speed/duty level to the logged pwm before sending the move key/protocol command; e=stop.,12.66281,33.92106,0,2,0,0.11988,0.04777,0.00484,11.86288,0.00921,0.1374,12.1065,11.8629,0.21668,11,-0.0297,9,0,233.73985,87.6351,0.1497,0.2996,2,False,running
027eea92b7,formation_7_adaptive_split,198,39.6,1784501600,adaptive_clusters,finish_first,r07,r07,True,rejoined,arrived,local,1,3,11.51206,0.47003,-0.15697,0.0,0.0,0,0,-157,339,0,0,0000,-G-,False,0.0,0.0,0.0,0.0,11.51143,0.47013,target_reached,e,"$0,0,0,0,0,0,0,0,0#",0,0,Set tank.c app_speed/duty level to the logged pwm before sending the move key/protocol command; e=stop.,12.16952,32.35749,0,2,0,0.12307,0.04964,0.00064,11.86288,0.00921,0.1374,12.1065,11.8629,0.21668,11,-0.0297,9,0,233.73985,87.6351,0.1497,0.2996,2,False,running
027eea92b7,formation_7_adaptive_split,199,39.8,1784501800,adaptive_clusters,finish_first,r01,r01,True,rejoined,arrived,local,1,3,12.10465,-0.52145,-0.18368,0.0,0.0,0,0,-170,392,0,0,0000,-G-,False,0.0,0.0,0.0,0.0,12.08143,-0.51714,target_reached,e,"$0,0,0,0,0,0,0,0,0#",0,0,Set tank.c app_speed/duty level to the logged pwm before sending the move key/protocol command; e=stop.,12.83533,34.16672,0,2,0,0.13509,0.05246,0.02362,11.88765,0.00752,0.1126,12.1313,11.8877,0.17765,10,-0.0297,9,0,234.21556,87.80916,0.1243,0.2987,2,False,running
027eea92b7,formation_7_adaptive_split,199,39.8,1784501800,adaptive_clusters,finish_first,r02,r02,True,center,member,local,1,3,11.79091,-0.1941,0.06014,0.11034,-0.0,290,290,-180,360,0,0,0000,---,False,0.11014,0.00663,0.11034,-0.0,11.89142,-0.18805,cached_path_to_final_target,w,"$1,0,0,0,0,0,0,0,0#",6000,6000,Set tank.c app_speed/duty level to the logged pwm before sending the move key/protocol command; e=stop.,12.47394,33.31678,0,0,0,0.13905,0.06371,0.1007,11.88765,0.00752,0.1126,12.1313,11.8877,0.17765,10,-0.0297,9,0,234.21556,87.80916,0.1243,0.2987,2,False,running
027eea92b7,formation_7_adaptive_split,199,39.8,1784501800,adaptive_clusters,finish_first,r03,r03,True,rejoined,arrived,local,1,3,12.25631,-0.18464,-0.22169,0.0,0.0,0,0,-164,407,0,0,0000,-G-,False,0.0,0.0,0.0,0.0,12.27143,-0.18805,target_reached,e,"$0,0,0,0,0,0,0,0,0#",0,0,Set tank.c app_speed/duty level to the logged pwm before sending the move key/protocol command; e=stop.,12.59585,33.46033,0,2,0,0.15035,0.05246,0.0155,11.88765,0.00752,0.1126,12.1313,11.8877,0.17765,10,-0.0297,9,0,234.21556,87.80916,0.1243,0.2987,2,False,running
027eea92b7,formation_7_adaptive_split,199,39.8,1784501800,adaptive_clusters,finish_first,r04,r04,True,center,member,local,1,3,11.32375,0.16878,-0.07332,0.38,0.0,1000,1000,-166,316,0,0,0000,---,False,0.37898,-0.02784,0.38,0.0,11.69351,0.14162,cached_path_to_final_target,w,"$1,0,0,0,0,0,0,0,0#",20000,20000,Set tank.c app_speed/duty level to the logged pwm before sending the move key/protocol command; e=stop.,12.49531,33.40082,9,2,0,0.26511,-0.02968,0.3787,11.88765,0.00752,0.1126,12.1313,11.8877,0.17765,10,-0.0297,9,0,234.21556,87.80916,0.1243,0.2987,2,False,running
027eea92b7,formation_7_adaptive_split,199,39.8,1784501800,adaptive_clusters,finish_first,r05,r05,True,center,member,local,1,3,11.75967,0.17347,-0.10044,0.38,0.0,1000,1000,-165,359,0,0,0000,---,False,0.37808,-0.0381,0.38,0.0,12.07848,0.14134,cached_path_to_final_target,w,"$1,0,0,0,0,0,0,0,0#",20000,20000,Set tank.c app_speed/duty level to the logged pwm before sending the move key/protocol command; e=stop.,12.5764,33.58498,9,6,0,0.25181,-0.02968,0.32339,11.88765,0.00752,0.1126,12.1313,11.8877,0.17765,10,-0.0297,9,0,234.21556,87.80916,0.1243,0.2987,2,False,running
027eea92b7,formation_7_adaptive_split,199,39.8,1784501800,adaptive_clusters,finish_first,r06,r06,True,rejoined,arrived,local,0,3,12.46624,0.14055,-0.10122,0.0,0.0,0,0,0,-1,0,0,1000,-G-,False,0.0,0.0,0.0,0.0,12.46143,0.14104,target_reached,e,"$0,0,0,0,0,0,0,0,0#",0,0,Set tank.c app_speed/duty level to the logged pwm before sending the move key/protocol command; e=stop.,12.66281,33.92846,0,2,0,0.11988,0.04777,0.00484,11.88765,0.00752,0.1126,12.1313,11.8877,0.17765,10,-0.0297,9,0,234.21556,87.80916,0.1243,0.2987,2,False,running
027eea92b7,formation_7_adaptive_split,199,39.8,1784501800,adaptive_clusters,finish_first,r07,r07,True,rejoined,arrived,local,1,3,11.51206,0.47003,-0.15697,0.0,0.0,0,0,-157,339,0,0,0000,-G-,False,0.0,0.0,0.0,0.0,11.51143,0.47013,target_reached,e,"$0,0,0,0,0,0,0,0,0#",0,0,Set tank.c app_speed/duty level to the logged pwm before sending the move key/protocol command; e=stop.,12.16952,32.35749,0,2,0,0.12307,0.04964,0.00064,11.88765,0.00752,0.1126,12.1313,11.8877,0.17765,10,-0.0297,9,0,234.21556,87.80916,0.1243,0.2987,2,False,running
027eea92b7,formation_7_adaptive_split,200,40.0,1784502000,adaptive_clusters,finish_first,r01,r01,True,rejoined,arrived,local,1,3,12.10465,-0.52145,-0.18368,0.0,0.0,0,0,-170,392,0,0,0000,-G-,False,0.0,0.0,0.0,0.0,12.08143,-0.51714,target_reached,e,"$0,0,0,0,0,0,0,0,0#",0,0,Set tank.c app_speed/duty level to the logged pwm before sending the move key/protocol command; e=stop.,12.83533,34.16672,0,2,0,0.13509,0.05246,0.02362,11.90921,0.00613,0.091,12.1529,11.9092,0.14356,8,-0.0297,9,0,234.62607,87.96054,0.1081,0.2977,2,False,running
027eea92b7,formation_7_adaptive_split,200,40.0,1784502000,adaptive_clusters,finish_first,r02,r02,True,center,member,local,1,3,11.81224,-0.19282,0.06014,0.10686,-0.0,281,281,-180,363,0,0,0000,---,False,0.10667,0.00642,0.10686,-0.0,11.89143,-0.18805,cached_path_to_final_target,w,"$1,0,0,0,0,0,0,0,0#",6000,6000,Set tank.c app_speed/duty level to the logged pwm before sending the move key/protocol command; e=stop.,12.49532,33.37368,0,0,0,0.13905,0.06371,0.07933,11.90921,0.00613,0.091,12.1529,11.9092,0.14356,8,-0.0297,9,0,234.62607,87.96054,0.1081,0.2977,2,False,running
027eea92b7,formation_7_adaptive_split,200,40.0,1784502000,adaptive_clusters,finish_first,r03,r03,True,rejoined,arrived,local,1,3,12.25631,-0.18464,-0.22169,0.0,0.0,0,0,-164,407,0,0,0000,-G-,False,0.0,0.0,0.0,0.0,12.27143,-0.18805,target_reached,e,"$0,0,0,0,0,0,0,0,0#",0,0,Set tank.c app_speed/duty level to the logged pwm before sending the move key/protocol command; e=stop.,12.59585,33.46033,0,2,0,0.15035,0.05246,0.0155,11.90921,0.00613,0.091,12.1529,11.9092,0.14356,8,-0.0297,9,0,234.62607,87.96054,0.1081,0.2977,2,False,running
027eea92b7,formation_7_adaptive_split,200,40.0,1784502000,adaptive_clusters,finish_first,r04,r04,True,center,member,local,1,3,11.39955,0.16321,-0.07332,0.38,0.0,1000,1000,-166,323,0,0,0000,---,False,0.37898,-0.02784,0.38,0.0,11.69905,0.14121,cached_path_to_final_target,w,"$1,0,0,0,0,0,0,0,0#",20000,20000,Set tank.c app_speed/duty level to the logged pwm before sending the move key/protocol command; e=stop.,12.57131,33.60234,9,2,0,0.26511,-0.02968,0.3027,11.90921,0.00613,0.091,12.1529,11.9092,0.14356,8,-0.0297,9,0,234.62607,87.96054,0.1081,0.2977,2,False,running
027eea92b7,formation_7_adaptive_split,200,40.0,1784502000,adaptive_clusters,finish_first,r05,r05,True,center,member,local,1,3,11.81339,0.16805,-0.10044,0.27,0.0,711,711,-165,364,0,0,0000,---,False,0.24576,-0.02477,0.27,0.0,12.08054,0.14113,cached_path_to_final_target,w,"$1,0,0,0,0,0,0,0,0#",14000,14000,Set tank.c app_speed/duty level to the logged pwm before sending the move key/protocol command; e=stop.,12.6304,33.73706,9,6,0,0.25181,-0.02968,0.26939,11.90921,0.00613,0.091,12.1529,11.9092,0.14356,8,-0.0297,9,0,234.62607,87.96054,0.1081,0.2977,2,False,running
027eea92b7,formation_7_adaptive_split,200,40.0,1784502000,adaptive_clusters,finish_first,r06,r06,True,rejoined,arrived,local,0,3,12.46624,0.14055,-0.10122,0.0,0.0,0,0,0,-1,0,0,1000,-G-,False,0.0,0.0,0.0,0.0,12.46143,0.14104,target_reached,e,"$0,0,0,0,0,0,0,0,0#",0,0,Set tank.c app_speed/duty level to the logged pwm before sending the move key/protocol command; e=stop.,12.66281,33.92846,0,2,0,0.11988,0.04777,0.00484,11.90921,0.00613,0.091,12.1529,11.9092,0.14356,8,-0.0297,9,0,234.62607,87.96054,0.1081,0.2977,2,False,running
027eea92b7,formation_7_adaptive_split,200,40.0,1784502000,adaptive_clusters,finish_first,r07,r07,True,rejoined,arrived,local,1,3,11.51206,0.47003,-0.15697,0.0,0.0,0,0,-157,339,0,0,0000,-G-,False,0.0,0.0,0.0,0.0,11.51143,0.47013,target_reached,e,"$0,0,0,0,0,0,0,0,0#",0,0,Set tank.c app_speed/duty level to the logged pwm before sending the move key/protocol command; e=stop.,12.16952,32.35749,0,2,0,0.12307,0.04964,0.00064,11.90921,0.00613,0.091,12.1529,11.9092,0.14356,8,-0.0297,9,0,234.62607,87.96054,0.1081,0.2977,2,False,running
027eea92b7,formation_7_adaptive_split,201,40.2,1784502200,adaptive_clusters,finish_first,r01,r01,True,rejoined,arrived,local,1,3,12.10465,-0.52145,-0.18368,0.0,0.0,0,0,-170,392,0,0,0000,-G-,False,0.0,0.0,0.0,0.0,12.08143,-0.51714,target_reached,e,"$0,0,0,0,0,0,0,0,0#",0,0,Set tank.c app_speed/duty level to the logged pwm before sending the move key/protocol command; e=stop.,12.83533,34.16672,0,2,0,0.13509,0.05246,0.02362,11.92392,0.00486,0.0762,12.1677,11.9239,0.11792,7,-0.0297,9,0,234.91952,88.06394,0.0739,0.2966,2,False,running
027eea92b7,formation_7_adaptive_split,201,40.2,1784502200,adaptive_clusters,finish_first,r02,r02,True,center,arrived,local,1,3,11.81224,-0.19282,0.06014,0.0,0.0,0,0,-180,363,0,0,0000,-G-,False,0.0,0.0,0.0,0.0,11.89143,-0.18805,target_reached,e,"$0,0,0,0,0,0,0,0,0#",0,0,Set tank.c app_speed/duty level to the logged pwm before sending the move key/protocol command; e=stop.,12.49532,33.38223,0,0,0,0.13905,0.06371,0.07933,11.92392,0.00486,0.0762,12.1677,11.9239,0.11792,7,-0.0297,9,0,234.91952,88.06394,0.0739,0.2966,2,False,running
027eea92b7,formation_7_adaptive_split,201,40.2,1784502200,adaptive_clusters,finish_first,r03,r03,True,rejoined,arrived,local,1,3,12.25631,-0.18464,-0.22169,0.0,0.0,0,0,-164,407,0,0,0000,-G-,False,0.0,0.0,0.0,0.0,12.27143,-0.18805,target_reached,e,"$0,0,0,0,0,0,0,0,0#",0,0,Set tank.c app_speed/duty level to the logged pwm before sending the move key/protocol command; e=stop.,12.59585,33.46033,0,2,0,0.15035,0.05246,0.0155,11.92392,0.00486,0.0762,12.1677,11.9239,0.11792,7,-0.0297,9,0,234.91952,88.06394,0.0739,0.2966,2,False,running
027eea92b7,formation_7_adaptive_split,201,40.2,1784502200,adaptive_clusters,finish_first,r04,r04,True,center,member,local,1,3,11.4534,0.15926,-0.07332,0.27,0.0,711,711,-166,328,0,0,0000,---,False,0.24634,-0.01809,0.27,0.0,11.70072,0.14109,path_to_final_target,w,"$1,0,0,0,0,0,0,0,0#",14000,14000,Set tank.c app_speed/duty level to the logged pwm before sending the move key/protocol command; e=stop.,12.62531,33.75442,9,2,0,0.26511,-0.02968,0.2487,11.92392,0.00486,0.0762,12.1677,11.9239,0.11792,7,-0.0297,9,0,234.91952,88.06394,0.0739,0.2966,2,False,running
027eea92b7,formation_7_adaptive_split,201,40.2,1784502200,adaptive_clusters,finish_first,r05,r05,True,center,member,local,1,3,11.86254,0.1631,-0.10044,0.247,0.0,650,650,-166,369,0,0,0000,---,False,0.24576,-0.02477,0.247,0.0,12.08116,0.14107,path_to_final_target,w,"$1,0,0,0,0,0,0,0,0#",13000,13000,Set tank.c app_speed/duty level to the logged pwm before sending the move key/protocol command; e=stop.,12.6798,33.86989,9,6,0,0.25181,-0.02968,0.21999,11.92392,0.00486,0.0762,12.1677,11.9239,0.11792,7,-0.0297,9,0,234.91952,88.06394,0.0739,0.2966,2,False,running
027eea92b7,formation_7_adaptive_split,201,40.2,1784502200,adaptive_clusters,finish_first,r06,r06,True,rejoined,arrived,local,0,3,12.46624,0.14055,-0.10122,0.0,0.0,0,0,0,-1,0,0,1000,-G-,False,0.0,0.0,0.0,0.0,12.46143,0.14104,target_reached,e,"$0,0,0,0,0,0,0,0,0#",0,0,Set tank.c app_speed/duty level to the logged pwm before sending the move key/protocol command; e=stop.,12.66281,33.92846,0,2,0,0.11988,0.04777,0.00484,11.92392,0.00486,0.0762,12.1677,11.9239,0.11792,7,-0.0297,9,0,234.91952,88.06394,0.0739,0.2966,2,False,running
027eea92b7,formation_7_adaptive_split,201,40.2,1784502200,adaptive_clusters,finish_first,r07,r07,True,rejoined,arrived,local,1,3,11.51206,0.47003,-0.15697,0.0,0.0,0,0,-157,339,0,0,0000,-G-,False,0.0,0.0,0.0,0.0,11.51143,0.47013,target_reached,e,"$0,0,0,0,0,0,0,0,0#",0,0,Set tank.c app_speed/duty level to the logged pwm before sending the move key/protocol command; e=stop.,12.16952,32.35749,0,2,0,0.12307,0.04964,0.00064,11.92392,0.00486,0.0762,12.1677,11.9239,0.11792,7,-0.0297,9,0,234.91952,88.06394,0.0739,0.2966,2,False,running
027eea92b7,formation_7_adaptive_split,202,40.4,1784502400,adaptive_clusters,finish_first,r01,r01,True,rejoined,arrived,local,1,3,12.10465,-0.52145,-0.18368,0.0,0.0,0,0,-170,392,0,0,0000,-G-,False,0.0,0.0,0.0,0.0,12.08143,-0.51714,target_reached,e,"$0,0,0,0,0,0,0,0,0#",0,0,Set tank.c app_speed/duty level to the logged pwm before sending the move key/protocol command; e=stop.,12.83533,34.16672,0,2,0,0.13509,0.05246,0.02362,11.93798,0.00363,0.0621,12.1818,11.938,0.09417,7,-0.0297,9,0,235.18334,88.16274,0.0706,0.2955,2,False,running
027eea92b7,formation_7_adaptive_split,202,40.4,1784502400,adaptive_clusters,finish_first,r02,r02,True,rejoined,arrived,local,1,3,11.81224,-0.19282,0.06014,0.0,0.0,0,0,-180,363,0,0,0000,-G-,False,0.0,0.0,0.0,0.0,11.89143,-0.18805,target_reached,e,"$0,0,0,0,0,0,0,0,0#",0,0,Set tank.c app_speed/duty level to the logged pwm before sending the move key/protocol command; e=stop.,12.49532,33.38223,0,0,0,0.13905,0.06371,0.07933,11.93798,0.00363,0.0621,12.1818,11.938,0.09417,7,-0.0297,9,0,235.18334,88.16274,0.0706,0.2955,2,False,running
027eea92b7,formation_7_adaptive_split,202,40.4,1784502400,adaptive_clusters,finish_first,r03,r03,True,rejoined,arrived,local,1,3,12.25631,-0.18464,-0.22169,0.0,0.0,0,0,-164,407,0,0,0000,-G-,False,0.0,0.0,0.0,0.0,12.27143,-0.18805,target_reached,e,"$0,0,0,0,0,0,0,0,0#",0,0,Set tank.c app_speed/duty level to the logged pwm before sending the move key/protocol command; e=stop.,12.59585,33.46033,0,2,0,0.15035,0.05246,0.0155,11.93798,0.00363,0.0621,12.1818,11.938,0.09417,7,-0.0297,9,0,235.18334,88.16274,0.0706,0.2955,2,False,running
027eea92b7,formation_7_adaptive_split,202,40.4,1784502400,adaptive_clusters,finish_first,r04,r04,True,center,member,local,1,3,11.50267,0.15564,-0.07332,0.247,0.0,650,650,-167,333,0,0,0000,---,False,0.24634,-0.01809,0.247,0.0,11.70121,0.14105,cached_path_to_final_target,w,"$1,0,0,0,0,0,0,0,0#",13000,13000,Set tank.c app_speed/duty level to the logged pwm before sending the move key/protocol command; e=stop.,12.67471,33.88725,9,2,0,0.26511,-0.02968,0.1993,11.93798,0.00363,0.0621,12.1818,11.938,0.09417,7,-0.0297,9,0,235.18334,88.16274,0.0706,0.2955,2,False,running
027eea92b7,formation_7_adaptive_split,202,40.4,1784502400,adaptive_clusters,finish_first,r05,r05,True,center,member,local,1,3,11.9117,0.15814,-0.10044,0.247,0.0,650,650,-166,374,0,0,0000,---,False,0.24576,-0.02477,0.247,0.0,12.08135,0.14105,cached_path_to_final_target,w,"$1,0,0,0,0,0,0,0,0#",13000,13000,Set tank.c app_speed/duty level to the logged pwm before sending the move key/protocol command; e=stop.,12.7292,34.00088,9,6,0,0.25181,-0.02968,0.17059,11.93798,0.00363,0.0621,12.1818,11.938,0.09417,7,-0.0297,9,0,235.18334,88.16274,0.0706,0.2955,2,False,running
027eea92b7,formation_7_adaptive_split,202,40.4,1784502400,adaptive_clusters,finish_first,r06,r06,True,rejoined,arrived,local,0,3,12.46624,0.14055,-0.10122,0.0,0.0,0,0,0,-1,0,0,1000,-G-,False,0.0,0.0,0.0,0.0,12.46143,0.14104,target_reached,e,"$0,0,0,0,0,0,0,0,0#",0,0,Set tank.c app_speed/duty level to the logged pwm before sending the move key/protocol command; e=stop.,12.66281,33.92846,0,2,0,0.11988,0.04777,0.00484,11.93798,0.00363,0.0621,12.1818,11.938,0.09417,7,-0.0297,9,0,235.18334,88.16274,0.0706,0.2955,2,False,running
027eea92b7,formation_7_adaptive_split,202,40.4,1784502400,adaptive_clusters,finish_first,r07,r07,True,rejoined,arrived,local,1,3,11.51206,0.47003,-0.15697,0.0,0.0,0,0,-157,339,0,0,0000,-G-,False,0.0,0.0,0.0,0.0,11.51143,0.47013,target_reached,e,"$0,0,0,0,0,0,0,0,0#",0,0,Set tank.c app_speed/duty level to the logged pwm before sending the move key/protocol command; e=stop.,12.16952,32.35749,0,2,0,0.12307,0.04964,0.00064,11.93798,0.00363,0.0621,12.1818,11.938,0.09417,7,-0.0297,9,0,235.18334,88.16274,0.0706,0.2955,2,False,running
027eea92b7,formation_7_adaptive_split,203,40.6,1784502600,adaptive_clusters,finish_first,r01,r01,True,rejoined,arrived,local,1,3,12.10465,-0.52145,-0.18368,0.0,0.0,0,0,-170,392,0,0,0000,-G-,False,0.0,0.0,0.0,0.0,12.08143,-0.51714,target_reached,e,"$0,0,0,0,0,0,0,0,0#",0,0,Set tank.c app_speed/duty level to the logged pwm before sending the move key/protocol command; e=stop.,12.83533,34.16672,0,2,0,0.13509,0.05246,0.02362,11.95417,0.00228,0.0459,12.198,11.9542,0.06702,5,-0.0297,9,0,235.49528,88.27645,0.0812,0.2956,2,True,success
027eea92b7,formation_7_adaptive_split,203,40.6,1784502600,adaptive_clusters,finish_first,r02,r02,True,rejoined,arrived,local,1,3,11.81224,-0.19282,0.06014,0.0,0.0,0,0,-180,363,0,0,0000,-G-,False,0.0,0.0,0.0,0.0,11.89143,-0.18805,target_reached,e,"$0,0,0,0,0,0,0,0,0#",0,0,Set tank.c app_speed/duty level to the logged pwm before sending the move key/protocol command; e=stop.,12.49532,33.38223,0,0,0,0.13905,0.06371,0.07933,11.95417,0.00228,0.0459,12.198,11.9542,0.06702,5,-0.0297,9,0,235.49528,88.27645,0.0812,0.2956,2,True,success
027eea92b7,formation_7_adaptive_split,203,40.6,1784502600,adaptive_clusters,finish_first,r03,r03,True,rejoined,arrived,local,1,3,12.25631,-0.18464,-0.22169,0.0,0.0,0,0,-164,407,0,0,0000,-G-,False,0.0,0.0,0.0,0.0,12.27143,-0.18805,target_reached,e,"$0,0,0,0,0,0,0,0,0#",0,0,Set tank.c app_speed/duty level to the logged pwm before sending the move key/protocol command; e=stop.,12.59585,33.46033,0,2,0,0.15035,0.05246,0.0155,11.95417,0.00228,0.0459,12.198,11.9542,0.06702,5,-0.0297,9,0,235.49528,88.27645,0.0812,0.2956,2,True,success
027eea92b7,formation_7_adaptive_split,203,40.6,1784502600,adaptive_clusters,finish_first,r04,r04,True,center,member,local,1,3,11.57242,0.15051,-0.07332,0.34968,0.0,920,920,-167,340,0,0,1000,---,False,0.34874,-0.02562,0.34968,0.0,11.70136,0.14104,cached_path_to_final_target,w,"$1,0,0,0,0,0,0,0,0#",18000,18000,Set tank.c app_speed/duty level to the logged pwm before sending the move key/protocol command; e=stop.,12.74465,34.08086,9,2,0,0.26511,-0.02968,0.12936,11.95417,0.00228,0.0459,12.198,11.9542,0.06702,5,-0.0297,9,0,235.49528,88.27645,0.0812,0.2956,2,True,success
027eea92b7,formation_7_adaptive_split,203,40.6,1784502600,adaptive_clusters,finish_first,r05,r05,True,center,member,local,1,3,11.95525,0.15375,-0.10044,0.2189,-0.0,576,576,-166,378,0,0,1000,---,False,0.2178,-0.02195,0.2189,-0.0,12.0814,0.14104,cached_path_to_final_target,w,"$1,0,0,0,0,0,0,0,0#",12000,12000,Set tank.c app_speed/duty level to the logged pwm before sending the move key/protocol command; e=stop.,12.77298,34.1192,9,6,0,0.25181,-0.02968,0.12681,11.95417,0.00228,0.0459,12.198,11.9542,0.06702,5,-0.0297,9,0,235.49528,88.27645,0.0812,0.2956,2,True,success
027eea92b7,formation_7_adaptive_split,203,40.6,1784502600,adaptive_clusters,finish_first,r06,r06,True,rejoined,arrived,local,0,3,12.46624,0.14055,-0.10122,0.0,0.0,0,0,0,-1,0,0,1000,-G-,False,0.0,0.0,0.0,0.0,12.46143,0.14104,target_reached,e,"$0,0,0,0,0,0,0,0,0#",0,0,Set tank.c app_speed/duty level to the logged pwm before sending the move key/protocol command; e=stop.,12.66281,33.92846,0,2,0,0.11988,0.04777,0.00484,11.95417,0.00228,0.0459,12.198,11.9542,0.06702,5,-0.0297,9,0,235.49528,88.27645,0.0812,0.2956,2,True,success
027eea92b7,formation_7_adaptive_split,203,40.6,1784502600,adaptive_clusters,finish_first,r07,r07,True,rejoined,arrived,local,1,3,11.51206,0.47003,-0.15697,0.0,0.0,0,0,-157,339,0,0,0000,-G-,False,0.0,0.0,0.0,0.0,11.51143,0.47013,target_reached,e,"$0,0,0,0,0,0,0,0,0#",0,0,Set tank.c app_speed/duty level to the logged pwm before sending the move key/protocol command; e=stop.,12.16952,32.35749,0,2,0,0.12307,0.04964,0.00064,11.95417,0.00228,0.0459,12.198,11.9542,0.06702,5,-0.0297,9,0,235.49528,88.27645,0.0812,0.2956,2,True,success
